listing_type,id,name,author,author_alias,attribution_link,project_key,project_name,total_downloads,2026_03_11,2026_03_12,2026_03_13,2026_03_14,2026_03_15,2026_03_16,2026_03_17,2026_03_18,2026_03_19,2026_03_20,2026_03_21,2026_03_22,2026_03_23,2026_03_24,2026_03_25,2026_03_26,2026_03_27,2026_03_28,2026_03_29,2026_03_30,2026_03_31,2026_04_01,2026_04_02,2026_04_03,2026_04_04,2026_04_05,2026_04_06,2026_04_07,2026_04_08,2026_04_09,2026_04_10,2026_04_11,2026_04_12,2026_04_13,2026_04_14,2026_04_15,2026_04_16,2026_04_17,2026_04_18,2026_04_19,2026_04_20,2026_04_21,2026_04_22,2026_04_23,2026_04_24,2026_04_25,2026_04_26,2026_04_27,2026_04_28,2026_04_29,2026_04_30,2026_05_01,2026_05_02,2026_05_03,2026_05_04,2026_05_05,2026_05_06,2026_05_07,2026_05_08,2026_05_09,2026_05_10,2026_05_11,2026_05_12,2026_05_13,2026_05_14,2026_05_15,2026_05_16,2026_05_17,2026_05_18,2026_05_19,2026_05_20,2026_05_21,2026_05_22,2026_05_23,2026_05_24,2026_05_25,2026_05_26,2026_05_27,2026_05_28,2026_05_29,2026_05_30,2026_05_31,2026_06_01,2026_06_02,2026_06_03,2026_06_04,2026_06_05,2026_06_06,2026_06_07,2026_06_08,2026_06_09,2026_06_10,2026_06_11,2026_06_12,2026_06_13,2026_06_14,2026_06_15,2026_06_16,2026_06_17,2026_06_18,2026_06_19,2026_06_20,2026_06_21,2026_06_22,2026_06_23,2026_06_24,2026_06_25,2026_06_26,2026_06_27,2026_06_28,2026_06_29,2026_06_30,2026_07_01,2026_07_02,2026_07_03,2026_07_04,2026_07_05,2026_07_06,2026_07_07,2026_07_08,2026_07_09,2026_07_10,2026_07_11,2026_07_12,2026_07_13,2026_07_14,2026_07_15,2026_07_16,2026_07_17,2026_07_18,2026_07_19,2026_07_20,2026_07_21,2026_07_22,2026_07_23,2026_07_24,2026_07_25,2026_07_26,2026_07_27,2026_07_28,2026_07_29,2026_07_30,2026_07_31,2026_08_01,2026_08_02,2026_08_03,2026_08_04,2026_08_05,2026_08_06,2026_08_07,2026_08_08,2026_08_09,2026_08_10,2026_08_11,2026_08_12,2026_08_13,2026_08_14,2026_08_15,2026_08_16,2026_08_17,2026_08_18,2026_08_19,2026_08_20,2026_08_21,2026_08_22,2026_08_23,2026_08_24,2026_08_25,2026_08_26,2026_08_27,2026_08_28,2026_08_29,2026_08_30,2026_08_31,2026_09_01,2026_09_02,2026_09_03,2026_09_04,2026_09_05
mod,advanced-analytics,Advanced Analytics,stefanorigano,Steno,https://github.com/stefanorigano,stefanorigano/advanced_analytics,advanced_analytics,14278,233,42,63,55,34,41,66,34,32,47,43,40,44,33,47,39,61,65,97,142,157,164,91,84,91,135,249,147,170,166,186,202,162,116,74,74,66,178,127,184,212,116,105,58,64,173,196,172,102,103,74,75,66,78,76,63,42,43,64,50,62,66,61,44,54,45,48,43,28,36,31,30,35,39,34,31,25,22,41,38,26,37,53,34,37,30,31,28,32,43,41,38,45,49,38,39,44,26,18,14,33,39,34,48,35,52,46,41,43,45,47,59,97,44,45,30,39,42,27,29,32,28,24,32,29,37,37,27,29,213,351,210,202,184,158,318,222,207,173,155,120,156,115,114,106,163,208,233,213,207,206,135,101,114,88,73,76,70,64,81,43,50,61,51,358,0,0,0,0,0,0,0,0,0,0,0,0,0,0
mod,distance-circles,Station Catchment Viewer,crumpetime,muffintime,https://github.com/crumpetime,crumpetime/subway_builder_distance_circles,subway_builder_distance_circles,8004,0,0,0,6,34,20,27,16,12,25,30,30,30,15,24,20,19,23,39,55,39,36,22,24,35,38,39,27,33,27,26,30,61,29,17,22,26,22,28,28,42,22,24,18,18,30,61,62,33,38,21,25,24,39,23,18,16,23,17,24,26,31,26,31,28,17,16,22,14,15,16,17,14,15,15,22,17,13,18,13,22,17,33,15,17,11,16,15,19,29,18,23,22,25,16,25,22,19,10,19,19,30,122,123,53,83,76,58,59,57,58,74,79,62,51,40,33,44,43,33,39,39,22,34,35,35,26,31,30,85,119,86,178,176,132,257,210,170,171,119,151,210,129,154,123,93,68,86,105,107,114,78,85,62,49,46,52,49,35,54,33,31,29,32,27,32,18,30,35,35,37,13,36,32,28,30,41,32,21
mod,improved-schematics,Improved Schematics,martig7,martig7,https://github.com/martig7,martig7/improved-schematics,Improved-Schematics,5871,0,0,0,0,0,0,0,0,0,0,0,0,0,0,0,0,0,0,0,0,0,0,0,0,0,0,0,0,0,0,0,0,0,0,0,0,0,0,0,0,0,0,0,0,0,0,0,0,0,0,0,0,0,0,0,0,0,0,0,0,0,0,0,0,0,0,0,0,0,0,0,0,0,0,0,0,0,0,0,0,0,0,0,0,0,0,0,0,0,0,0,0,0,0,0,0,44,140,102,112,116,56,38,57,26,28,35,27,82,83,58,79,65,49,62,64,56,74,51,157,125,77,73,60,62,170,128,83,94,142,170,102,114,91,78,80,224,219,173,128,90,129,95,91,72,78,50,70,72,72,77,68,48,52,36,43,28,43,31,40,24,35,37,24,20,34,23,36,32,22,30,15,31,31,36,22,37,33,10
mod,transit-overlay,Transit Overlay,BarKuperman,BarKuperman,https://github.com/BarKuperman,barkuperman/transit-overlay-subway-builder-mod,transit-overlay-subway-builder-mod,5307,88,13,28,17,14,7,18,6,13,25,24,10,11,11,14,8,14,14,14,35,23,18,21,19,21,27,15,15,27,15,12,50,99,59,45,37,39,38,26,31,41,22,18,14,20,23,35,42,24,24,14,20,14,21,28,11,10,15,11,23,19,22,18,13,16,10,15,14,15,12,7,11,14,7,13,17,12,16,19,13,10,11,14,9,13,9,13,8,12,13,10,9,12,11,10,13,15,5,6,9,13,12,8,18,8,10,10,12,5,13,10,27,26,18,20,24,9,20,16,21,14,42,77,50,50,49,30,58,75,101,115,79,74,56,43,36,41,52,41,28,24,42,38,56,124,107,65,73,70,81,65,70,135,111,89,59,55,47,37,42,40,34,24,31,31,20,29,30,38,27,27,23,33,36,23,21,49,32,12
mod,subwaybuilder-regions,Regions,ahkimn,Yukina-,https://subwaybuildermodded.com/credits,ahkimn/subwaybuilder-regions,subwaybuilder-regions,5255,103,20,24,16,12,13,16,7,15,18,14,17,13,10,22,12,16,18,17,35,22,26,18,19,21,91,83,64,46,26,36,35,48,25,17,24,20,22,14,14,26,19,13,13,6,20,37,98,65,40,33,34,36,45,37,27,20,24,16,23,27,20,27,17,25,24,22,19,14,17,13,12,16,13,18,45,55,49,46,26,33,27,30,21,28,19,22,24,31,34,18,23,36,22,26,24,26,13,11,14,17,19,15,27,15,16,25,10,21,16,15,21,42,19,15,18,13,23,14,12,23,15,9,8,14,23,20,14,12,40,54,37,54,31,106,103,74,63,61,51,34,47,38,42,44,35,20,30,36,37,42,21,26,33,90,75,60,57,35,46,35,43,35,28,21,30,29,31,36,23,24,11,28,26,19,22,35,27,11
mod,induced-demand,Induced Demand,martig7,martig7,https://github.com/martig7,martig7/induced-demand,Induced-Demand,4011,0,0,0,0,0,0,0,0,0,0,0,0,0,0,0,0,0,0,0,0,0,0,0,0,0,0,0,0,0,0,0,0,0,0,0,0,0,0,0,0,0,0,0,0,0,0,0,0,0,0,0,0,0,0,0,0,0,0,0,0,0,0,0,0,0,0,0,0,0,0,0,0,0,0,0,0,0,0,0,0,0,0,0,0,0,0,0,0,0,0,0,0,0,0,0,0,0,0,0,0,0,0,0,0,0,0,0,0,0,0,0,0,0,56,67,49,66,64,35,39,106,51,54,47,110,87,56,44,43,175,164,90,98,76,60,170,104,92,87,67,59,72,57,51,41,39,29,36,39,30,50,54,143,121,94,78,68,74,48,48,43,41,35,38,39,29,31,32,27,32,38,14,33,29,26,23,54,37,22
map,greater-los-angeles,Greater Los Angeles,rslurry,slurry,https://github.com/rslurry,rslurry/subwaybuilder-maps,subwaybuilder-maps,3764,0,0,0,10,19,12,19,3,9,24,11,8,13,12,13,16,18,17,27,26,16,19,18,23,17,19,17,22,52,31,24,26,42,22,23,26,19,135,104,83,107,58,54,32,26,29,39,47,113,77,47,34,28,41,29,23,18,26,26,35,38,40,30,38,29,37,38,22,22,16,19,19,16,22,17,17,15,12,17,19,18,21,14,10,14,14,22,14,16,16,16,8,11,17,15,12,20,10,13,5,22,8,12,24,11,19,11,13,10,23,22,18,15,5,4,5,6,3,7,5,4,7,4,1,8,4,5,109,87,62,48,29,40,32,43,29,27,12,21,14,8,31,11,13,9,9,9,11,4,9,14,9,9,6,7,4,6,7,3,11,1,9,8,14,1,4,8,6,9,3,7,2,3,2,3,5,3,4,0
map,jelegend-tokyo,東京 (Tokyo),jelegend,jelegend,https://github.com/jelegend,jelegend/subwaybuilder,subwaybuilder,3754,0,0,0,0,0,0,0,0,0,0,0,0,0,0,0,0,0,0,0,0,0,0,0,0,0,0,0,0,0,0,59,51,43,38,26,61,51,131,116,71,104,65,36,31,38,32,32,40,31,18,13,33,18,29,18,18,21,22,13,18,21,17,18,12,14,11,10,8,17,13,6,16,6,10,13,5,8,15,8,12,11,10,15,11,8,5,9,11,15,18,18,8,12,14,7,13,13,3,10,7,12,14,5,14,11,10,10,11,14,24,43,56,35,23,10,14,34,115,77,57,55,46,38,28,37,33,32,25,20,60,91,56,80,48,43,31,33,43,33,25,24,39,29,22,29,20,6,20,26,27,18,19,16,29,11,11,7,8,13,9,13,15,11,14,8,10,13,8,13,9,9,2,12,14,15,5,8,6,5
mod,valdotoriums-trains,Valdotoriums S-Bahn and Trams,Valdotorium,Valdotorium,https://github.com/Valdotorium,valdotorium/valdotoriums_trains,Valdotoriums_Trains,3735,0,0,0,0,2,16,19,13,7,29,24,23,35,37,45,30,0,0,2,80,83,21,0,0,0,0,42,8,61,42,49,40,45,31,24,25,19,15,23,27,21,9,21,12,14,16,34,27,23,13,14,21,24,27,26,16,19,11,18,16,19,14,17,9,13,10,9,8,9,12,7,10,8,8,16,12,10,8,8,7,9,12,16,10,9,3,12,9,13,7,8,8,5,7,5,4,14,3,5,5,8,7,6,12,8,7,10,10,8,8,4,20,24,9,11,9,4,8,8,16,8,6,5,5,9,5,12,9,7,12,29,15,19,42,42,119,66,66,63,49,38,132,103,106,59,55,26,34,44,42,55,37,33,26,28,16,20,17,17,33,16,18,27,14,22,17,10,17,28,26,19,9,24,23,22,19,19,16,6
mod,simple-trains,Simple Trains,Bobby-047,Bobby-047,https://github.com/Bobby-047,bobby-047/some-new-trains,Some-new-Trains,3663,0,0,0,0,0,0,0,0,0,0,0,0,0,0,0,0,0,0,0,0,0,0,0,15,54,53,0,0,28,66,62,44,49,33,24,25,26,28,35,31,38,27,22,20,25,28,55,36,21,28,21,25,21,27,27,42,73,59,57,58,43,47,41,40,28,27,26,33,24,20,16,15,21,21,32,15,15,19,15,18,13,15,30,14,15,16,20,14,19,23,17,20,18,21,23,26,24,11,8,18,14,14,11,17,7,17,26,16,16,15,20,23,38,17,14,24,14,17,12,15,12,14,13,11,10,10,10,10,18,25,67,42,45,30,26,21,22,38,33,23,13,25,27,27,32,17,14,25,26,33,24,13,19,22,13,20,14,16,23,23,7,7,22,17,16,9,7,16,27,11,17,8,14,15,13,10,14,9,7
map,toronto,Toronto,subway-builder-modded-admin,Subway Builder Modded,https://subwaybuildermodded.com,devenperez/subway-builder-canadian-maps,subway-builder-canadian-maps,3249,297,10,19,0,31,4,11,22,14,21,25,15,20,13,16,14,19,18,16,32,30,20,16,14,21,24,16,22,42,40,39,36,41,26,25,28,20,19,14,16,20,22,14,11,14,21,20,22,19,12,10,13,9,11,15,10,12,13,16,19,17,12,9,13,14,12,17,7,8,7,7,10,7,22,8,10,17,10,17,9,11,10,8,2,7,11,7,7,11,10,9,6,8,12,7,8,17,3,7,8,11,16,4,12,4,15,7,9,11,13,10,13,19,9,4,3,8,9,5,4,4,6,2,5,5,3,2,6,4,12,12,3,6,4,64,122,72,70,53,44,30,53,38,24,30,31,28,25,21,27,29,25,22,22,15,13,15,11,9,12,13,21,21,12,14,9,19,8,12,17,7,3,10,12,19,11,18,26,1
mod,station-dots,Station Dots,nzh0172,naz,https://github.com/nzh0172,nzh0172/sb-station-dots,sb-station-dots,3164,0,0,0,0,0,0,0,0,0,0,0,0,0,0,0,0,0,0,0,0,0,0,8,12,10,22,26,24,28,23,22,25,29,18,18,12,10,6,4,9,16,10,7,7,6,18,23,23,14,11,10,8,12,10,10,4,15,9,6,13,15,38,48,33,36,18,17,25,13,13,19,17,14,9,14,11,20,7,15,11,15,15,21,4,12,6,8,7,8,16,9,10,10,15,10,18,6,1,4,4,14,9,6,9,6,7,17,9,15,7,8,11,21,8,7,7,8,13,20,78,75,63,49,40,41,41,36,37,22,68,106,60,60,49,46,42,40,58,38,17,18,36,33,39,36,23,18,29,38,31,41,26,23,15,18,21,10,19,17,14,9,14,11,18,12,11,9,14,26,13,21,8,15,21,14,8,20,10,7
map,mfn-hong-kong,Hong Kong,crumpetime,muffintime,https://github.com/crumpetime,crumpetime/sb-maps-hkg,sb-maps-hkg,3003,74,9,24,21,7,3,4,10,8,9,19,15,12,7,11,12,21,11,19,26,20,19,17,18,18,20,23,10,39,23,22,27,37,22,16,21,13,9,20,12,9,11,12,9,11,10,19,19,9,13,8,11,11,10,8,9,7,12,16,8,10,8,6,4,10,5,4,10,4,12,4,3,4,6,11,5,6,2,7,4,7,12,8,3,7,10,5,8,6,13,7,4,6,12,4,6,10,5,4,6,50,66,81,75,43,46,28,29,28,32,18,16,24,14,7,14,9,9,8,5,10,11,4,1,6,12,2,2,2,10,15,87,80,59,86,50,30,60,47,36,26,45,27,34,23,26,11,29,17,25,15,24,13,21,9,25,11,11,12,11,14,9,10,7,13,10,8,11,8,2,6,4,2,5,20,8,6,14,1
mod,network-status,Network Status,Valdotorium,Valdotorium,https://github.com/Valdotorium,valdotorium/network-status,network-status,2842,0,0,0,0,0,0,0,0,0,0,0,0,0,0,0,0,0,0,0,0,0,0,0,0,0,40,7,0,68,34,36,32,39,32,27,26,22,18,25,27,26,18,19,11,15,20,30,29,19,19,12,19,16,16,14,19,14,15,10,25,16,13,15,7,16,5,6,14,11,7,8,12,6,8,14,11,9,8,17,13,10,12,17,10,16,7,10,7,8,18,11,8,19,16,10,16,9,5,3,5,15,9,7,12,5,13,9,11,18,10,11,20,31,9,16,18,10,13,10,13,9,9,6,6,16,11,11,10,8,24,43,29,25,26,28,126,65,65,52,40,23,45,44,41,26,26,12,18,26,25,27,21,21,26,12,17,15,15,16,22,10,14,12,17,8,17,8,12,18,20,16,7,16,15,19,7,18,22,7
map,yukina-osaka,大阪 (Ōsaka),ahkimn,Yukina-,https://subwaybuildermodded.com/credits,ahkimn/subwaybuilder-jp-maps,subwaybuilder-jp-maps,2834,0,0,0,0,0,0,0,0,0,0,0,0,1,15,8,21,46,37,35,46,31,35,21,28,19,33,29,20,31,70,57,46,34,34,18,23,16,14,16,12,12,16,60,40,37,36,28,20,21,13,7,19,16,14,9,14,7,4,10,6,7,6,12,13,5,4,9,4,7,6,4,5,1,5,5,2,4,3,5,5,4,9,4,4,3,7,4,10,8,9,6,2,8,1,5,15,12,3,25,26,7,8,8,7,4,4,7,6,4,11,5,4,9,4,3,2,4,9,3,2,5,1,1,0,4,2,0,2,3,3,5,7,30,60,47,44,28,25,27,28,20,33,21,25,16,17,14,18,54,57,42,36,30,27,30,15,42,48,25,25,14,14,64,37,33,21,21,16,19,10,14,4,10,13,9,10,22,10,3
mod,citymapper,Citymapper,Gio1112,giorgiodabest,https://giorgio.is-a.dev/,gio1112/subway-builder-citymapper,subway-builder-citymapper,2759,0,0,0,0,0,10,18,16,8,21,31,27,24,34,19,33,45,2,0,2,0,0,0,0,0,0,0,0,3,10,79,79,60,45,26,25,16,20,22,16,25,16,13,6,9,16,54,62,39,34,25,26,30,31,26,23,13,16,19,17,16,17,14,15,10,14,8,12,10,10,8,12,8,8,20,8,7,12,11,10,7,13,11,6,9,8,12,4,13,10,11,5,11,14,8,6,3,2,6,2,9,13,55,48,27,35,22,13,23,18,13,36,41,23,17,15,18,26,19,27,19,16,6,10,6,16,9,15,11,29,35,25,23,15,20,12,11,23,10,15,5,19,23,11,7,13,7,7,15,7,17,8,14,18,7,7,9,9,3,12,2,11,4,3,2,6,6,8,9,7,10,4,15,8,10,7,11,8,4
mod,tod,Transit-Oriented Development[beta],hsullivan1201,hsullivan1201,https://github.com/hsullivan1201,hsullivan1201/sb-tod,sb-tod,2576,0,0,0,0,0,0,0,0,0,0,0,0,0,0,0,0,0,0,0,0,0,0,0,0,0,0,0,0,0,0,0,0,0,0,0,0,0,0,0,0,0,0,0,0,0,0,0,0,0,0,0,0,0,0,0,0,0,0,0,0,0,0,0,0,0,0,0,0,0,0,0,0,19,55,55,84,133,72,110,93,89,74,58,44,44,29,57,41,37,49,41,33,21,35,20,25,34,36,19,16,24,23,25,16,22,22,13,26,23,23,16,33,55,11,24,15,13,24,12,12,8,13,9,10,8,13,20,14,14,28,41,29,22,16,15,17,13,13,15,16,8,25,16,21,17,9,10,14,12,19,13,15,15,12,8,7,8,12,12,6,6,2,6,8,5,4,8,4,9,6,15,4,10,5,8,9,8,6,5
map,seoul-4,Seoul (40km×40km),kimth9,kimth9,https://github.com/kimth9,kimth9/sb_korean_map_pack,sb_korean_map_pack,2560,0,0,0,0,0,0,0,0,0,0,0,0,0,0,0,0,0,0,0,0,0,0,0,0,0,0,0,0,0,0,0,0,0,72,102,72,57,56,56,55,28,37,19,26,46,60,40,61,48,47,17,28,38,28,33,19,24,25,33,34,28,5,18,25,19,18,17,13,20,16,6,14,18,23,38,24,15,18,17,18,9,15,18,23,15,16,3,12,9,19,6,3,9,13,17,10,52,13,5,9,13,7,15,3,5,10,26,10,12,16,12,9,7,10,5,7,6,5,11,12,11,6,14,12,12,21,7,23,13,21,26,28,11,16,19,22,10,29,18,23,9,9,4,9,10,9,9,4,6,11,15,20,8,6,21,7,12,8,3,3,3,1,0,0,0,1,2,0,0,1,0,2,0,3,3,0,6,3,2
mod,track-visualizer,track height visualizer,seanyushoumori,seanyushoumori,https://github.com/seanyushoumori,seanyushoumori/track-visualizer,track-visualizer,2512,0,0,0,0,0,0,0,0,0,0,0,0,0,0,0,0,0,0,0,0,0,0,0,0,0,0,0,0,0,0,0,0,0,0,0,0,0,0,0,0,0,0,0,0,0,0,0,0,0,0,0,0,0,0,0,0,0,0,0,0,0,0,0,0,0,0,0,0,0,0,0,0,0,0,0,0,0,0,0,0,0,0,0,25,62,35,70,45,49,48,40,29,31,19,62,49,54,40,31,37,40,20,19,24,15,16,21,22,25,21,18,32,43,21,24,20,16,25,77,70,48,48,32,21,34,28,20,29,21,46,71,44,56,48,41,28,26,29,24,22,14,27,17,23,12,24,11,13,21,17,20,18,15,13,14,18,7,9,12,9,4,10,15,9,9,12,10,15,10,10,13,3,10,10,14,6,14,8,5
mod,game-speedup,Game SpeedUp,Valdotorium,Valdotorium,https://github.com/Valdotorium,valdotorium/speed-mod,speed-mod,2471,0,0,0,0,0,0,0,0,0,0,0,0,0,0,0,0,0,0,0,0,0,0,0,0,0,0,0,0,0,0,0,0,12,30,20,27,21,17,26,26,22,11,12,15,8,17,23,22,16,13,16,14,9,11,11,8,12,15,12,10,16,11,13,13,11,6,5,8,12,8,1,8,9,5,9,7,10,8,13,11,9,10,14,9,9,5,3,7,8,7,8,12,8,14,12,17,8,8,4,8,8,9,7,14,7,9,12,13,10,8,5,14,28,12,8,8,10,18,10,9,8,8,7,7,11,9,7,4,11,25,41,26,29,20,86,104,69,75,67,35,28,43,30,49,31,19,16,30,28,37,37,37,25,20,14,13,15,18,20,22,17,11,22,16,14,12,10,12,27,14,15,2,11,15,7,8,16,17,5
map,berlin-val,Berlin,Valdotorium,Valdotorium,https://github.com/Valdotorium,valdotorium/railyard-maps-2,Railyard-Maps-2,2454,0,0,0,0,0,0,8,14,11,9,10,4,8,3,6,13,14,16,17,35,24,25,12,15,24,17,18,24,39,24,27,23,38,23,17,20,14,18,18,16,23,10,14,8,9,23,22,24,17,11,10,10,14,12,16,17,8,8,8,9,8,8,11,13,11,8,10,13,6,14,12,10,3,10,7,7,11,5,7,10,6,12,6,8,4,8,13,7,6,10,12,10,7,5,8,6,12,4,6,7,4,9,6,11,4,7,7,8,10,18,5,5,12,4,3,4,1,9,8,2,4,5,2,3,5,3,2,0,1,13,7,6,5,8,10,6,96,83,73,60,21,46,41,39,28,28,25,26,17,37,37,13,20,13,16,6,11,17,12,19,15,11,17,19,10,15,8,12,12,7,14,4,14,21,18,10,10,14,4
map,yukina-cz-praha,Praha,ahkimn,Yukina-,https://subwaybuildermodded.com/credits,ahkimn/subwaybuilder-eu-maps,subwaybuilder-eu-maps,2441,0,0,0,0,0,0,0,0,0,0,0,0,0,0,0,0,0,0,0,0,0,0,0,0,0,0,0,0,0,0,0,0,0,0,0,0,0,0,0,0,0,0,0,0,0,0,51,56,42,15,26,32,20,52,36,28,27,12,15,14,11,9,12,10,8,10,20,15,9,56,21,18,14,17,16,8,12,8,4,11,11,8,4,8,11,7,11,10,3,13,8,8,7,10,5,7,7,5,11,29,43,22,22,25,12,21,6,8,14,10,12,6,10,6,5,9,4,6,4,3,7,38,34,20,21,18,15,15,22,30,39,29,24,27,18,21,13,54,55,54,16,30,15,16,28,15,20,21,14,10,14,10,6,13,7,11,7,7,7,11,6,12,3,5,5,6,89,59,48,35,39,14,20,25,23,21,18,25,10
mod,danield1909-dantrains,"danTrains (v1.* ""Phoenix"")",DanielD1909,DanielD1909,https://github.com/DanielD1909,danield1909/dantrains,danTrains,2433,0,0,0,9,27,23,29,35,31,30,24,28,25,18,22,31,56,31,38,50,47,38,19,34,14,34,39,17,29,55,58,45,47,79,36,36,24,27,27,29,31,25,17,14,14,13,36,26,22,26,14,17,16,16,22,17,16,9,5,7,8,18,13,11,7,8,9,14,13,8,6,4,7,6,9,7,10,6,6,8,10,6,22,7,7,6,8,4,5,7,6,11,7,3,2,8,6,6,3,4,4,6,5,6,5,5,12,4,4,5,9,13,11,3,7,11,4,8,10,8,2,4,6,5,7,9,6,10,12,14,24,11,14,12,8,8,8,11,10,8,6,7,8,8,7,7,4,4,133,0,0,0,0,0,0,0,0,0,0,0,0,0,0,0,0,0,0,0,0,0,0,0,0,0,0,0,0,0,0
mod,any-money,anyMoney,nzh0172,naz,https://github.com/nzh0172,nzh0172/sb-anymoney,sb-anymoney,2422,0,0,0,0,0,0,0,0,1,11,12,4,15,15,11,17,33,29,30,35,45,21,27,19,17,28,19,18,31,12,20,17,30,19,17,13,13,11,18,11,14,8,10,5,10,17,35,29,15,13,12,13,21,24,27,14,12,13,11,14,23,18,19,15,13,8,8,16,13,6,9,5,9,5,10,9,11,10,10,8,10,7,13,7,9,8,10,9,6,11,10,14,18,9,11,16,13,9,8,7,12,3,7,9,5,7,8,10,9,13,16,26,32,19,19,15,14,20,9,11,17,13,5,8,17,11,10,10,11,29,44,37,36,24,25,23,24,31,21,19,5,15,15,12,12,13,8,16,18,16,19,10,13,15,10,3,3,9,6,5,4,9,8,11,6,5,6,7,10,11,10,1,12,10,7,9,14,9,5
mod,orbital-surveyor,Orbital Surveyor,BarKuperman,BarKuperman,https://github.com/BarKuperman,barkuperman/orbital-surveyor,orbital-surveyor,2269,0,0,0,0,0,0,0,0,0,0,0,0,0,0,0,0,0,0,0,0,0,0,0,0,0,0,0,0,0,0,0,0,0,0,0,0,0,0,0,0,0,0,0,0,0,0,0,0,0,0,0,0,0,0,0,0,0,0,0,0,0,0,0,0,0,0,0,0,0,0,0,0,0,0,0,0,0,0,0,0,0,0,0,0,0,0,0,7,26,41,23,28,20,19,16,20,17,10,7,14,19,16,7,9,8,4,10,6,4,7,13,29,59,37,15,27,15,19,18,16,20,10,13,6,14,10,9,12,35,55,68,45,68,37,25,35,34,34,26,42,51,75,54,43,82,77,47,52,53,48,39,26,37,35,18,20,18,22,10,21,10,13,19,16,14,11,10,17,21,16,15,5,9,17,10,7,24,17,6
map,montreal,Montreal,subway-builder-modded-admin,Subway Builder Modded,https://subwaybuildermodded.com,devenperez/subway-builder-canadian-maps,subway-builder-canadian-maps,2263,227,9,15,0,24,4,8,13,9,11,14,7,10,14,15,9,6,9,8,25,21,16,13,10,8,15,15,21,32,34,23,20,28,21,10,13,10,9,7,12,14,13,5,14,6,14,10,10,9,17,4,7,9,12,12,8,8,6,8,13,7,7,5,8,14,3,17,9,7,7,7,10,10,9,6,9,8,6,7,4,5,6,9,2,5,5,5,8,6,9,11,5,4,10,7,8,9,7,2,3,8,4,2,5,4,8,7,7,9,6,6,3,11,5,1,4,1,7,5,4,6,3,3,2,1,3,5,3,2,4,9,2,7,3,71,101,66,53,37,31,32,38,19,16,11,19,18,15,13,21,12,14,15,12,8,11,8,5,6,8,11,12,11,9,13,4,13,9,8,8,6,0,18,13,7,7,14,16,4
map,zurich,Zurich,Kronifer,Kronifer,https://github.com/Kronifer,kronifer/sb-zurich-map,sb-zurich-map,2163,102,9,9,9,5,5,4,7,5,0,11,7,8,4,7,14,15,11,17,26,23,21,15,12,6,15,13,19,32,21,13,20,29,19,11,23,16,11,12,15,12,6,17,11,12,15,17,18,9,10,7,7,15,9,8,6,7,9,15,5,13,11,9,8,8,6,6,8,9,7,8,9,4,1,14,8,2,3,5,7,11,7,8,3,7,2,12,4,5,8,4,3,8,4,5,8,5,9,6,5,4,6,4,4,3,8,5,6,9,16,4,7,10,5,2,4,1,5,4,6,102,45,36,33,38,27,21,25,20,24,48,26,30,39,23,22,17,22,25,23,10,21,16,20,12,12,14,12,6,13,9,8,4,3,12,6,7,11,4,4,1,6,10,5,2,13,5,3,5,5,5,2,4,8,3,4,5,7,1
mod,neighborhood-station-names,Neighborhood Station Names,pendulating,pendulating,https://github.com/pendulating,pendulating/neighborhood-station-names,neighborhood-station-names,2121,0,0,0,0,0,0,0,0,0,0,0,0,0,0,0,0,0,0,0,0,0,0,0,0,0,0,0,0,0,0,0,0,0,0,0,0,0,0,0,0,0,0,0,0,0,0,0,0,0,0,0,0,0,0,0,0,0,0,0,0,0,0,0,0,0,0,0,0,0,0,0,0,0,0,0,0,0,0,0,0,0,0,0,0,0,0,0,0,0,0,0,0,0,0,0,0,0,0,0,0,0,0,0,0,0,0,0,0,0,0,0,0,0,0,0,0,0,0,0,0,0,0,0,0,0,0,0,0,0,0,0,0,0,0,0,164,140,116,89,71,36,55,44,51,56,148,74,81,99,99,84,62,54,36,25,28,32,26,24,34,25,33,25,18,14,18,21,23,21,20,27,8,25,26,21,15,24,20,9
map,yukina-tw-taipei,臺北 (Taipei),ahkimn,Yukina-,https://subwaybuildermodded.com/credits,ahkimn/subwaybuilder-tw-maps,subwaybuilder-tw-maps,2099,0,0,0,0,0,0,0,0,0,0,0,0,0,0,0,0,0,0,0,0,0,0,0,0,0,0,0,0,0,0,0,0,0,0,0,0,0,0,0,0,0,0,0,0,0,0,0,0,0,0,0,0,0,0,0,0,0,0,0,0,0,0,0,0,0,0,0,0,0,0,0,0,0,0,17,46,60,36,40,19,26,29,15,80,74,71,42,21,28,22,25,19,27,23,11,13,12,7,6,9,6,6,8,19,10,10,5,11,7,4,9,5,10,7,3,3,8,5,3,2,4,4,1,3,2,4,1,53,44,44,62,29,33,21,23,24,16,14,23,15,9,14,13,17,8,7,6,9,9,11,10,11,8,12,15,7,56,53,32,32,26,22,86,50,39,25,23,20,23,8,18,6,10,17,10,11,11,13,3
map,ciudad-de-mexico,Ciudad de México,rslurry,slurry,https://github.com/rslurry,rslurry/subwaybuilder-maps,subwaybuilder-maps,2094,0,0,0,0,0,0,0,0,0,0,0,0,0,0,0,0,0,0,0,0,0,0,0,0,0,0,0,67,55,30,101,87,60,29,31,31,18,13,13,16,16,15,8,9,11,10,16,9,14,8,9,12,8,11,80,40,26,27,29,16,21,16,16,10,7,15,14,10,10,13,6,11,5,13,5,8,7,4,5,10,6,7,9,4,6,8,8,11,10,12,8,5,8,4,6,9,9,3,5,4,6,10,2,9,5,12,2,10,17,8,10,5,7,4,0,6,3,4,7,2,3,2,5,2,23,60,35,36,22,34,29,25,19,15,31,12,7,25,22,19,7,19,13,9,10,13,11,11,7,6,9,7,9,7,7,4,5,7,6,7,9,4,10,4,2,6,7,6,2,4,2,3,5,7,4,4,3,9,1
map,vancouver,Vancouver,subway-builder-modded-admin,Subway Builder Modded,https://subwaybuildermodded.com,devenperez/subway-builder-canadian-maps,subway-builder-canadian-maps,1908,180,8,7,0,18,1,3,5,9,13,13,11,8,9,15,4,6,9,10,25,16,13,20,10,8,10,15,15,30,26,13,14,20,17,8,17,8,5,17,7,8,11,8,7,7,6,12,11,12,10,7,6,10,11,12,9,7,6,8,12,10,14,6,6,3,3,7,5,2,4,6,7,2,7,4,2,6,5,14,3,5,5,7,3,3,5,6,3,8,5,5,9,8,4,6,5,10,5,4,5,12,6,4,3,4,10,6,4,14,9,6,2,10,4,2,4,3,5,1,4,4,5,1,0,0,1,4,1,2,3,6,1,2,2,62,82,49,48,35,23,22,33,24,15,18,10,11,14,11,14,11,13,18,11,8,10,7,4,7,11,8,10,5,10,11,5,13,11,7,10,3,3,1,11,5,9,4,12,4
mod,mode-manager,Mode Manager,Mpfk,Mpfk,https://github.com/Mpfk,mpfk/subway-builder-mode-manager,subway-builder-mode-manager,1869,0,0,0,0,0,0,0,0,0,0,0,0,0,0,0,0,0,0,0,0,0,0,0,0,0,0,0,0,0,0,0,0,0,0,0,0,0,0,0,0,0,0,0,0,0,0,0,0,0,0,0,0,0,0,0,0,0,0,0,0,0,0,4,37,26,45,26,34,26,75,56,28,22,29,28,38,26,10,25,23,16,34,23,14,21,10,22,20,17,22,23,20,21,16,14,15,17,12,19,11,12,15,10,14,12,9,14,22,8,14,12,21,37,7,14,13,6,13,11,15,9,17,8,2,5,11,15,11,10,19,41,19,27,18,19,8,7,22,16,12,7,8,23,23,19,9,12,19,11,7,17,17,14,7,11,6,10,10,14,7,6,5,4,5,6,3,2,7,8,6,6,1,8,13,8,8,9,10,3
mod,missed-connections,Missed Connections,rslurry,slurry,https://github.com/rslurry,rslurry/subwaybuilder-missedconnections,subwaybuilder-missedConnections,1837,0,0,0,0,0,0,0,0,0,0,0,0,0,0,0,0,0,0,0,0,0,0,0,0,0,0,0,0,0,0,0,0,0,0,0,0,0,0,0,0,0,0,0,0,0,0,0,0,0,0,0,0,0,0,0,0,0,0,0,0,0,0,0,0,0,0,0,0,0,0,0,0,0,0,0,0,0,0,0,0,0,0,0,0,0,0,0,0,0,0,0,0,0,0,0,0,0,0,0,0,0,0,0,0,0,0,0,0,0,0,0,0,0,0,0,0,0,0,0,0,0,0,0,0,0,0,0,0,0,124,197,111,93,63,51,53,31,47,42,42,21,46,34,30,25,32,23,25,26,22,11,90,71,62,48,36,44,26,18,29,17,10,21,22,17,18,13,16,11,18,12,7,19,10,9,7,19,13,5
mod,track-anarchy,Track Anarchy,seanyushoumori,seanyushoumori,https://github.com/seanyushoumori,seanyushoumori/track-anarchy,track-anarchy,1812,0,0,0,0,0,0,0,0,0,0,0,0,0,0,0,0,0,0,0,0,0,0,0,0,0,0,0,0,0,0,0,0,0,0,0,0,0,0,0,0,0,0,0,0,0,0,0,0,0,0,0,0,0,0,0,0,0,0,0,0,0,0,0,0,0,0,0,0,0,0,0,0,0,0,0,0,0,0,0,0,0,0,0,0,0,0,0,0,6,16,25,17,26,22,11,37,26,14,17,16,11,8,15,14,19,9,5,3,10,8,9,21,19,19,23,9,7,17,39,37,34,27,23,11,13,21,12,21,18,80,58,83,85,54,36,47,27,34,30,21,9,23,21,18,16,15,13,21,24,24,17,17,13,12,16,12,4,8,19,9,7,10,17,19,13,14,16,15,10,10,12,10,12,7,10,10,19,14,6
map,barcelona,Barcelona,Maximilian284,max02,https://github.com/Maximilian284,maximilian284/subwaybuilder-es-maps,subwaybuilder-es-maps,1797,0,0,0,0,0,0,0,0,0,0,0,0,0,0,0,0,0,0,0,0,0,46,40,25,29,30,16,5,36,31,40,31,72,34,26,25,35,16,11,15,15,10,6,9,6,11,21,16,10,12,11,6,8,14,10,4,9,7,11,10,9,6,6,6,11,8,6,8,5,9,6,8,5,9,5,5,6,5,5,4,10,8,8,4,5,5,5,3,3,15,11,5,10,4,6,6,11,5,3,6,3,6,2,5,6,8,2,8,4,8,6,4,7,6,3,2,3,4,1,3,4,6,3,2,5,0,0,1,3,4,8,0,1,2,0,0,11,87,37,34,15,38,19,27,24,26,19,18,8,12,13,14,10,14,9,12,8,11,13,8,9,4,7,5,10,10,7,6,4,11,17,8,6,8,13,4,7,9,1
map,singapore-val,Singapore,Valdotorium,Valdotorium,https://github.com/Valdotorium,valdotorium/railyard-maps-2,Railyard-Maps-2,1772,0,0,0,0,0,0,7,8,9,10,11,8,6,10,8,7,18,14,14,24,16,23,11,11,12,20,13,11,37,17,20,27,19,18,7,19,7,15,8,9,9,7,4,4,9,13,13,14,10,8,4,4,8,16,8,7,7,5,6,5,5,10,6,6,13,6,5,5,4,7,6,4,2,4,5,4,2,9,6,6,5,6,4,7,6,3,4,4,5,2,6,2,2,7,1,6,8,2,10,5,6,7,5,3,3,5,3,2,3,10,5,2,12,3,1,1,2,3,1,1,5,1,4,0,3,5,3,0,0,3,4,3,5,2,2,3,3,9,9,10,21,117,81,73,35,31,20,32,18,34,22,36,25,23,8,11,10,17,11,15,6,7,7,8,7,17,7,7,8,5,7,1,8,10,11,3,2,12,2
map,shanghai,Shanghai,Kronifer,Kronifer,https://github.com/Kronifer,kronifer/sb-chinese-maps,sb-chinese-maps,1730,0,0,0,0,0,0,0,0,0,0,0,0,0,0,0,0,0,0,0,0,0,0,0,0,0,0,0,0,0,0,0,0,0,0,0,0,0,0,0,0,0,0,0,0,0,0,0,0,0,0,27,47,36,22,14,26,18,15,18,16,14,9,12,5,9,10,4,7,9,3,5,7,4,7,5,4,6,0,7,5,7,7,28,38,36,15,14,12,22,16,10,8,17,10,11,10,9,1,7,6,6,2,5,9,5,5,5,9,4,4,8,3,12,6,1,4,1,2,4,45,40,16,24,22,8,19,12,24,19,18,35,23,23,11,21,14,9,13,22,23,8,21,17,19,23,13,12,14,19,23,21,13,10,16,10,11,12,45,34,25,17,13,7,11,14,10,12,14,9,10,7,2,9,9,7,4,8,9,1
map,amsterdam,Amsterdam,ryandicicco,ryandicicco,https://github.com/ryandicicco,ryandicicco/subway-builder-maps,Subway-Builder-Maps,1703,63,8,14,14,16,3,4,7,5,13,10,1,11,5,8,7,10,6,12,40,21,26,14,12,14,15,17,10,37,18,17,17,25,15,7,18,11,12,7,10,9,5,9,5,10,8,14,11,11,10,9,4,7,9,9,4,9,8,3,10,5,6,6,4,5,5,11,9,5,6,4,1,2,2,7,8,3,2,5,6,9,2,9,4,0,5,5,4,3,6,3,2,5,3,8,1,3,0,4,2,4,4,2,1,3,8,4,4,1,11,4,3,6,4,4,5,1,3,4,1,3,2,1,2,4,3,0,1,44,62,62,28,34,25,38,18,24,12,21,13,9,18,18,16,11,13,11,14,8,11,6,4,3,4,5,3,9,6,8,7,2,6,4,45,4,5,7,5,8,5,4,3,2,7,6,1,2,4,1
mod,scrollable-dropdowns,Scrollable Dropdowns,seanyushoumori,seanyushoumori,https://github.com/seanyushoumori,seanyushoumori/scrollable-dropdowns,scrollable-dropdowns,1675,0,0,0,0,0,0,0,0,0,0,0,0,0,0,0,0,0,0,0,0,0,0,0,0,0,0,0,0,0,0,0,0,0,0,0,0,0,0,0,0,0,0,0,0,0,0,0,0,0,0,0,0,0,0,0,0,0,0,0,0,0,0,0,0,0,0,0,0,0,0,0,0,0,0,0,0,0,0,0,0,0,0,0,0,0,0,0,0,0,0,0,0,0,0,0,0,0,0,0,0,0,39,36,34,41,43,38,37,24,18,14,35,32,24,15,17,18,19,58,54,33,27,24,12,13,21,25,22,29,43,64,38,31,42,36,32,28,28,22,11,9,24,21,15,14,12,8,17,16,33,16,21,15,17,13,14,9,8,16,15,4,10,10,13,7,13,13,11,15,14,14,3,10,12,9,3,6,12,6
map,yukina-kyoto,京都 (Kyōto),ahkimn,Yukina-,https://subwaybuildermodded.com/credits,ahkimn/subwaybuilder-jp-maps,subwaybuilder-jp-maps,1670,73,10,7,11,14,14,5,6,5,12,11,8,9,6,9,11,9,6,13,35,15,23,19,13,12,18,20,12,29,16,10,11,18,9,5,13,5,9,5,60,31,17,13,11,16,7,5,8,12,10,0,9,7,4,5,6,3,5,5,2,5,4,1,5,6,0,7,7,5,3,5,3,2,1,3,1,1,0,3,1,2,3,3,3,1,2,6,2,3,7,1,2,3,0,3,2,8,1,0,7,1,2,3,5,1,2,1,2,1,5,3,3,9,2,0,1,1,4,2,2,2,1,1,0,3,1,1,1,0,0,2,0,0,2,0,1,0,2,23,30,17,28,15,12,12,7,6,5,23,46,43,31,24,26,17,14,33,38,14,16,13,14,52,29,14,9,17,15,10,4,14,3,5,5,9,1,3,9,3
map,yukina-pl-warszawa,Warszawa,ahkimn,Yukina-,https://subwaybuildermodded.com/credits,ahkimn/subwaybuilder-eu-maps,subwaybuilder-eu-maps,1596,0,0,0,0,0,0,0,0,0,0,0,0,0,0,0,0,0,0,0,0,0,0,0,0,0,0,0,0,0,0,0,0,0,0,0,0,0,0,0,0,0,0,0,0,0,0,0,0,0,0,0,0,0,0,0,0,0,0,0,0,0,0,0,13,21,22,6,10,13,21,30,18,12,10,11,10,7,1,6,3,8,8,6,25,27,16,9,19,12,11,10,6,6,7,11,7,7,5,5,4,6,6,2,7,7,6,8,3,6,12,4,2,4,6,3,5,5,7,2,2,9,34,33,13,21,14,10,13,11,25,36,23,29,22,21,25,11,18,17,12,7,18,7,5,10,7,9,15,6,6,4,5,5,8,5,4,7,8,57,45,45,21,79,48,28,16,29,28,19,15,19,12,11,6,10,7,13,19,10
map,madrid,Madrid,Maximilian284,max02,https://github.com/Maximilian284,maximilian284/subwaybuilder-es-maps,subwaybuilder-es-maps,1595,0,0,0,0,0,0,0,0,0,0,0,0,0,0,0,0,0,0,0,0,0,44,29,25,36,15,11,7,31,24,40,33,57,40,15,18,24,15,8,16,12,4,7,12,12,7,12,18,15,7,7,9,8,7,9,3,6,5,7,7,6,2,3,6,8,3,6,3,4,6,5,7,4,7,2,5,3,3,6,3,9,4,4,7,3,3,5,2,1,9,4,5,8,2,3,4,6,6,2,2,2,5,6,1,4,3,20,9,4,11,8,4,8,6,2,3,2,4,1,1,6,4,1,1,4,1,1,5,0,5,5,3,3,4,1,0,9,68,46,36,16,27,20,16,14,14,29,22,25,13,21,12,7,18,3,13,11,9,8,10,1,5,5,11,6,4,8,6,8,8,8,8,4,10,9,13,8,11,4
map,paris-ile-de-france,Paris - Ile de France,pierreggt,pierreggt,https://github.com/pierreggt,pierreggt/subwaybuilder-maps-france,subwaybuilder-maps-france,1495,0,0,0,0,0,0,0,0,0,0,0,0,0,0,0,0,0,0,0,0,0,0,0,0,0,0,0,0,0,0,0,0,0,0,0,0,0,0,0,0,0,0,0,0,0,0,0,0,0,0,0,0,0,0,0,0,0,0,0,0,0,0,0,0,0,0,0,0,0,0,0,0,0,0,0,0,0,0,0,0,0,0,0,0,0,0,0,0,0,0,0,0,0,0,0,0,0,0,0,0,0,0,0,0,0,0,0,0,0,0,0,0,0,0,0,0,0,0,0,0,0,0,0,0,0,0,0,0,0,0,0,186,100,68,70,40,32,39,33,34,14,40,27,25,22,34,29,23,15,30,45,78,70,50,37,33,20,12,9,12,9,8,6,16,8,7,10,7,62,24,22,11,10,16,13,9,17,11,2
map,los-angeles-county,Los Angeles County,rslurry,slurry,https://github.com/rslurry,rslurry/subwaybuilder-maps,subwaybuilder-maps,1433,0,0,0,0,20,4,11,6,8,9,7,7,8,3,5,6,9,8,11,26,11,15,13,6,9,9,6,14,28,13,18,13,25,17,13,9,12,6,66,38,64,29,17,7,11,15,11,27,50,27,24,25,17,21,18,10,13,10,8,11,12,12,9,13,7,7,11,9,1,9,6,5,2,6,4,4,3,1,9,5,2,7,4,7,4,1,5,4,5,1,2,6,5,1,6,2,5,3,6,6,5,3,3,6,4,5,2,2,3,5,5,8,3,1,1,3,0,2,2,2,2,4,1,0,1,0,0,32,36,24,19,5,13,7,8,12,5,2,5,7,4,4,4,6,2,2,5,4,1,1,4,0,4,0,3,1,1,0,1,1,1,4,1,4,1,0,2,0,0,0,0,0,0,2,0,1,0,0,0
map,guangzhou,Guangzhou,Kronifer,Kronifer,https://github.com/Kronifer,kronifer/sb-chinese-maps,sb-chinese-maps,1368,0,0,0,0,0,0,0,0,0,0,0,0,0,0,0,0,0,0,0,0,0,0,0,0,0,0,0,0,0,0,0,0,0,0,0,0,0,0,0,0,0,0,0,0,0,0,10,40,24,14,32,36,20,13,10,18,10,2,6,6,49,29,25,17,7,9,5,3,9,5,3,7,2,3,3,3,4,4,3,4,2,4,26,24,15,9,11,6,8,8,6,5,9,2,10,4,7,0,3,1,4,3,5,7,7,5,2,3,6,0,7,3,8,3,0,3,1,0,3,35,25,11,16,21,6,11,9,14,17,16,12,19,11,11,8,14,7,13,19,22,5,13,16,11,11,9,6,11,22,17,15,11,10,21,11,11,10,44,28,14,10,8,4,6,5,2,9,2,3,5,5,0,4,4,9,2,4,7,1
map,sydney,Sydney,WillBarouch,WillBarouch,https://github.com/WillBarouch,willbarouch/subwaybuilder-sydney,subwaybuilder-sydney,1334,0,0,0,0,0,0,0,0,0,0,0,5,21,11,10,20,21,20,17,30,15,18,21,13,8,18,13,11,39,18,20,28,29,16,13,19,7,10,12,20,15,13,9,6,8,7,13,13,5,13,4,3,16,10,11,7,11,6,13,8,5,8,12,9,4,5,6,5,13,9,3,4,1,17,3,3,2,5,8,9,13,5,6,4,7,5,6,7,3,6,5,2,5,8,4,5,6,3,8,3,9,7,11,10,5,9,6,6,7,8,5,3,11,4,1,7,3,6,2,2,2,1,1,0,2,1,0,1,1,3,1,2,7,1,5,1,1,4,10,8,2,8,6,9,6,6,4,6,6,6,7,6,6,7,5,6,7,7,6,7,6,7,6,6,7,8,6,6,7,5,4,1,6,7,4,4,4,5,2
mod,auto-lines,Auto Lines,roquerodrigo,roquerodrigo,https://github.com/roquerodrigo,roquerodrigo/subway-builder-auto-lines,subway-builder-auto-lines,1323,0,0,0,0,0,0,0,0,0,0,0,0,0,0,0,0,0,0,0,0,0,0,0,0,0,0,0,0,0,0,0,0,0,0,0,0,0,0,0,0,0,0,0,0,0,0,0,0,0,0,0,0,0,0,0,0,0,0,0,0,0,0,0,0,0,0,0,0,0,0,0,0,0,0,0,0,0,0,0,0,0,0,0,0,0,0,0,0,0,0,0,0,0,0,0,0,0,0,0,0,0,0,0,0,0,0,0,0,0,0,0,0,0,0,0,0,0,0,0,0,0,0,0,0,0,0,0,0,0,0,0,0,109,70,46,47,40,37,30,30,18,18,20,26,19,15,12,16,15,20,23,22,15,17,12,14,9,11,8,14,6,58,59,49,40,40,31,31,33,25,31,17,33,34,20,17,30,30,6
map,helsinki,Helsinki,rslurry,slurry,https://github.com/rslurry,rslurry/subwaybuilder-maps,subwaybuilder-maps,1309,0,0,0,0,0,0,0,0,0,0,0,0,0,0,0,0,0,0,0,0,0,0,0,0,0,0,0,0,0,0,0,0,0,0,0,0,0,0,0,0,1,50,41,61,26,30,22,61,32,28,16,16,22,19,13,11,6,7,6,7,10,11,7,5,7,4,7,6,2,6,6,5,6,7,7,4,2,4,1,5,2,7,7,10,7,3,2,3,2,8,3,5,4,3,4,1,5,3,2,3,3,6,3,2,2,3,2,1,2,5,7,1,5,3,5,2,0,6,1,2,2,2,4,0,3,47,61,43,22,37,26,22,22,23,16,8,13,9,11,16,9,5,9,3,12,7,12,9,4,6,5,4,4,13,3,5,6,2,4,7,3,6,3,12,2,1,7,2,2,1,3,2,4,2,5,1,1,4,0
map,seoul-3,Seoul (30km×30km),kimth9,kimth9,https://github.com/kimth9,kimth9/sb_korean_map_pack,sb_korean_map_pack,1293,0,0,0,0,0,0,0,0,0,0,0,0,0,0,0,0,0,0,0,0,0,0,0,0,0,0,0,0,0,0,0,0,0,40,27,28,43,24,14,19,13,19,11,15,14,24,15,31,23,16,6,13,15,22,23,9,9,11,27,28,16,7,18,13,14,16,16,7,13,18,5,9,12,8,20,5,3,7,8,8,4,16,8,11,13,4,0,8,9,9,3,2,9,1,9,3,3,6,7,7,7,4,9,3,4,4,21,6,5,6,2,3,5,4,4,4,6,10,7,7,5,12,10,0,7,4,4,7,4,9,9,14,10,1,10,3,3,11,10,11,2,1,1,2,0,3,1,0,3,0,7,4,1,2,17,1,7,23,4,6,4,16,4,7,6,0,0,2,0,0,1,2,0,1,2,1,2,1,0
mod,imb11-moveit,Move It!,IMB11,IMB11,https://github.com/IMB11,imb11/move-it,move-it,1255,0,0,0,0,0,0,0,0,0,0,0,0,0,0,0,0,0,0,0,0,0,0,0,0,0,0,0,0,0,0,0,0,0,0,0,0,0,0,0,0,0,0,0,0,0,0,0,0,0,0,0,0,0,0,0,0,0,0,0,0,0,0,0,0,0,0,0,0,0,0,0,0,0,0,0,0,0,0,0,0,0,0,0,0,0,0,0,0,0,0,0,0,0,0,0,0,0,0,0,0,0,0,0,0,0,0,0,0,0,0,0,0,0,0,0,0,0,0,0,0,0,0,0,0,0,0,0,0,0,0,93,122,106,69,55,63,29,45,50,143,64,90,55,65,53,49,43,37,24,0,0,0,0,0,0,0,0,0,0,0,0,0,0,0,0,0,0,0,0,0,0,0,0,0,0,0,0,0,0
map,yukina-keihanshin,京阪神 (Keihanshin),ahkimn,Yukina-,https://subwaybuildermodded.com/credits,ahkimn/subwaybuilder-jp-maps,subwaybuilder-jp-maps,1210,0,0,0,0,0,0,0,0,0,0,0,0,0,0,0,0,0,0,0,0,0,0,0,0,0,0,0,0,0,0,0,0,0,0,0,0,0,0,0,0,0,0,0,0,0,0,0,0,0,0,0,0,0,0,0,0,0,0,0,0,0,0,0,0,0,0,0,0,0,0,0,0,0,0,0,0,0,0,0,0,0,0,0,0,0,0,0,0,0,0,0,0,0,0,0,0,0,0,0,0,0,0,0,0,0,0,0,0,0,0,0,0,0,0,0,0,0,0,0,0,0,0,0,0,0,45,16,21,13,16,49,27,43,45,39,31,19,17,21,20,12,23,12,7,11,8,11,25,69,51,41,26,32,23,30,18,36,47,21,17,16,10,59,31,36,17,11,12,14,7,11,5,9,5,3,7,8,4,3
map,shenzhen,Shenzhen,Kronifer,Kronifer,https://github.com/Kronifer,kronifer/sb-chinese-maps,sb-chinese-maps,1202,0,0,0,0,0,0,0,0,0,0,0,0,0,0,0,0,0,0,0,0,0,0,0,0,0,0,0,0,0,0,0,0,0,0,0,0,0,0,0,0,0,0,0,0,0,0,0,0,0,0,0,0,0,0,0,0,0,0,0,0,0,0,10,21,20,19,7,9,11,13,4,9,5,8,11,4,5,2,4,4,6,6,24,22,17,10,9,7,11,6,13,3,8,5,8,6,8,2,2,1,7,6,1,3,4,6,4,10,4,8,7,2,13,4,1,3,1,0,6,33,31,13,27,10,7,19,12,17,16,14,19,19,18,9,14,20,5,10,14,25,3,11,15,14,13,8,7,12,18,18,17,18,9,8,11,11,23,43,32,17,15,10,6,6,6,3,10,6,6,8,8,1,9,5,2,3,2,4,2
map,yukina-nagoya,名古屋 (Nagoya),ahkimn,Yukina-,https://subwaybuildermodded.com/credits,ahkimn/subwaybuilder-jp-maps,subwaybuilder-jp-maps,1166,0,0,0,0,0,0,0,0,0,0,0,0,0,0,0,0,0,22,10,19,14,17,7,11,10,8,5,8,14,41,17,24,19,18,17,21,3,4,8,6,5,5,0,2,4,1,4,2,11,2,1,1,4,4,4,0,4,4,3,1,0,3,3,2,0,1,1,4,1,1,4,2,2,1,0,1,1,0,1,0,0,1,2,0,1,1,5,4,1,1,0,1,1,1,3,2,6,0,3,1,6,2,3,3,0,3,2,2,9,5,2,1,5,2,0,1,1,1,0,2,2,1,2,0,2,0,0,2,1,1,2,1,0,0,0,5,0,2,0,0,0,0,0,46,30,18,12,27,55,39,29,30,24,32,12,18,27,27,15,14,10,10,50,24,16,6,10,6,7,3,13,3,2,8,5,4,7,7,2
map,yukina-sapporo-chitose,札幌 (Sapporo),ahkimn,Yukina-,https://subwaybuildermodded.com/credits,ahkimn/subwaybuilder-jp-maps,subwaybuilder-jp-maps,1154,40,8,7,6,11,12,3,4,3,0,3,2,4,6,5,3,6,3,5,17,7,7,7,5,6,8,6,5,15,5,7,6,13,8,2,7,2,6,1,34,12,7,8,3,5,1,5,7,12,4,0,4,4,3,6,5,2,2,5,1,0,4,4,3,1,0,4,1,2,2,0,1,0,0,0,3,1,3,1,0,0,1,0,0,0,1,1,3,5,4,2,3,1,0,3,2,2,1,1,2,0,3,1,2,0,1,0,2,1,4,3,2,3,1,0,0,0,3,2,2,3,1,0,0,2,2,0,2,0,0,1,0,9,21,13,15,9,17,24,17,14,17,10,7,6,1,8,4,20,38,32,22,23,19,19,15,31,27,13,16,6,14,43,35,14,7,9,5,5,7,8,2,3,3,8,4,4,4,2
mod,map-markers,Map Markers,roquerodrigo,roquerodrigo,https://github.com/roquerodrigo,roquerodrigo/subway-builder-map-markers,subway-builder-map-markers,1138,0,0,0,0,0,0,0,0,0,0,0,0,0,0,0,0,0,0,0,0,0,0,0,0,0,0,0,0,0,0,0,0,0,0,0,0,0,0,0,0,0,0,0,0,0,0,0,0,0,0,0,0,0,0,0,0,0,0,0,0,0,0,0,0,0,0,0,0,0,0,0,0,0,0,0,0,0,0,0,0,0,0,0,0,0,0,0,0,0,0,0,0,0,0,0,0,0,0,0,0,0,0,0,0,0,0,0,0,0,0,0,0,0,0,0,0,0,0,0,0,0,0,0,0,0,0,0,3,28,24,69,72,66,37,21,26,17,23,76,54,40,71,48,54,30,25,22,15,29,26,27,24,17,7,12,11,7,11,9,10,7,8,8,8,3,3,3,10,9,12,8,1,14,9,4,3,7,5,5
map,yukina-fukuoka,福岡 (Fukuoka),ahkimn,Yukina-,https://subwaybuildermodded.com/credits,ahkimn/subwaybuilder-jp-maps,subwaybuilder-jp-maps,1126,43,6,4,3,11,9,2,5,3,5,7,1,4,8,7,4,4,4,6,29,8,14,5,7,8,10,7,3,14,8,6,12,16,9,3,6,8,37,16,11,9,6,31,17,7,5,9,10,9,4,1,4,5,5,4,6,4,4,3,1,2,4,2,1,4,1,4,8,1,3,1,2,1,0,2,2,2,1,0,1,1,5,1,2,0,3,4,0,1,1,0,1,0,0,4,2,2,0,1,2,0,3,0,1,0,0,1,5,1,4,1,0,6,1,1,3,1,1,0,3,2,1,2,0,2,1,0,0,0,0,0,0,8,19,12,12,7,14,5,8,5,12,4,4,4,1,2,4,13,35,36,19,23,21,16,13,21,21,15,11,5,10,39,20,7,12,7,4,4,1,2,3,2,4,3,0,3,5,1
mod,subway-builder-performance,Subway Builder Performance,rexmhall09,rexmhall09,https://github.com/rexmhall09,rexmhall09/subway-builder-performance-mod,Subway-Builder-Performance-Mod,1122,0,0,0,0,0,0,0,0,0,0,0,0,0,0,0,0,0,0,0,0,0,0,0,0,0,0,0,0,0,0,0,0,0,0,0,0,0,0,0,0,0,0,0,0,0,0,0,0,0,0,0,0,0,0,0,0,0,0,0,0,0,0,0,0,0,0,0,0,0,0,0,0,0,0,0,0,0,0,0,0,0,0,0,0,0,0,0,0,0,0,0,0,0,0,0,0,0,0,0,0,0,0,0,0,0,0,0,0,0,0,0,0,0,0,0,0,0,0,0,0,0,0,0,0,0,0,0,0,0,0,0,0,0,0,0,0,0,79,114,69,14,6,10,4,3,3,3,3,2,1,40,67,38,40,32,27,15,23,15,14,15,11,15,16,8,12,8,37,64,36,55,17,37,38,32,25,34,23,17
mod,lrt-trains,LRT Trains,kaicardenas0618,kaicardenas0618,https://github.com/kaicardenas0618,kaicardenas0618/lrt-trains,lrt-trains,1113,0,0,0,0,0,0,0,0,0,0,0,0,0,0,0,0,0,0,0,0,0,0,0,0,0,0,0,0,0,0,0,0,0,0,0,0,0,0,0,0,0,0,0,0,0,0,0,0,0,0,0,0,0,0,0,0,0,0,0,0,0,0,0,0,0,0,0,0,0,0,0,0,0,0,0,0,0,0,0,0,0,0,0,0,20,23,28,11,12,15,14,15,9,11,11,9,13,8,3,6,10,26,20,16,13,19,18,9,14,9,11,16,15,10,9,12,11,11,8,10,13,5,3,5,8,29,36,22,23,32,42,30,22,17,15,12,18,10,12,3,4,19,17,8,10,12,3,11,9,17,7,7,6,6,7,11,2,1,10,10,2,5,7,7,4,11,5,7,9,6,9,4,3,6,5,2,6,5,1
map,busan-4,Busan (40km×40km),kimth9,kimth9,https://github.com/kimth9,kimth9/sb_korean_map_pack,sb_korean_map_pack,1091,0,0,0,0,0,0,0,0,0,0,0,0,0,0,0,0,0,0,0,0,0,0,0,0,0,0,0,0,0,0,0,0,0,47,55,37,19,17,24,17,17,16,7,9,18,30,19,13,16,16,3,8,17,13,5,11,8,13,14,9,8,11,5,15,7,6,6,5,4,12,7,6,20,16,20,17,6,11,17,6,7,8,9,6,3,4,3,1,5,10,5,1,8,7,8,6,14,6,2,2,3,2,4,0,2,5,2,4,4,6,8,2,4,8,4,6,1,1,5,3,5,1,7,14,6,11,2,6,4,5,10,8,2,6,2,8,4,16,5,4,2,3,2,7,1,3,1,0,2,6,12,3,3,4,4,2,3,1,2,1,8,2,0,0,0,0,3,0,4,0,0,0,0,5,0,0,1,6,2
map,rome,Rome,Maximilian284,max02,https://github.com/Maximilian284,maximilian284/subwaybuilder-it-maps,subwaybuilder-it-maps,1069,27,6,4,8,7,2,0,3,3,5,6,2,6,3,4,12,6,3,7,14,14,18,4,10,6,6,5,6,17,11,8,11,16,10,4,9,9,4,3,4,4,3,3,2,3,3,4,6,8,3,5,8,8,6,9,1,5,3,4,3,7,5,1,7,10,0,3,1,5,6,4,4,5,3,4,3,2,7,1,2,2,5,5,3,4,4,3,1,3,3,5,3,5,0,4,3,4,1,2,2,2,6,2,4,3,4,1,4,1,8,1,3,5,4,2,3,3,3,0,1,0,4,1,1,2,0,1,1,1,3,16,46,40,31,27,18,16,17,24,12,9,14,10,11,15,7,5,12,4,8,12,3,5,10,5,4,4,2,5,4,5,2,1,5,2,5,5,4,5,3,3,2,4,3,2,3,4,4,1
map,beijing,Beijing,Kronifer,Kronifer,https://github.com/Kronifer,kronifer/sb-chinese-maps,sb-chinese-maps,1054,0,0,0,0,0,0,0,0,0,0,0,0,0,0,0,0,0,0,0,0,0,0,0,0,0,0,0,0,0,0,0,0,0,0,0,0,0,0,0,0,0,0,0,0,0,0,0,0,0,0,0,0,0,0,0,0,0,0,0,0,0,0,0,0,0,0,0,0,0,0,0,0,0,0,0,0,0,0,0,9,31,32,17,10,7,8,9,4,5,22,8,5,5,2,4,4,8,2,1,3,3,2,4,4,3,7,0,4,4,4,5,1,9,6,0,1,1,4,4,37,34,15,22,14,10,15,15,12,20,16,14,18,22,7,10,19,7,12,16,25,6,16,19,9,13,9,5,15,9,19,13,7,11,10,12,10,11,49,28,17,15,11,6,5,7,11,10,7,3,9,6,1,8,8,15,3,8,10,1
map,milan,Milan,Maximilian284,max02,https://github.com/Maximilian284,maximilian284/subwaybuilder-it-maps,subwaybuilder-it-maps,1048,0,0,0,0,0,0,0,70,3,2,2,0,6,3,4,10,9,6,4,13,19,17,5,5,9,7,7,8,15,12,18,8,18,7,5,11,5,7,7,5,3,2,6,5,1,4,6,10,7,5,7,2,6,2,10,4,4,5,4,2,9,8,5,3,6,3,8,2,3,7,1,2,3,4,1,5,2,2,6,1,3,2,5,1,3,3,2,2,2,3,4,1,3,2,5,1,5,3,1,2,1,4,1,6,3,5,4,4,2,3,6,3,4,4,3,1,3,4,0,2,1,2,0,0,1,0,0,0,0,0,75,0,34,33,31,13,8,12,15,13,7,14,13,4,9,9,8,4,3,8,6,8,6,5,3,3,5,4,3,7,2,5,3,3,3,3,2,6,2,4,5,0,3,4,5,4,2,4,2
map,glasgow-edinburgh,Glasgow-Edinburgh,Kronifer,Kronifer,https://github.com/Kronifer,kronifer/sb-glasgow-edinburgh-map,sb-glasgow-edinburgh-map,1035,0,0,0,0,0,0,0,0,0,0,0,0,0,0,0,1,63,38,38,21,29,20,8,21,14,17,12,11,32,20,15,15,29,19,23,19,13,5,10,9,8,7,5,8,7,12,9,20,4,5,7,8,11,10,9,6,6,11,6,10,12,3,5,7,9,3,9,4,13,1,6,9,2,10,1,6,4,3,3,8,2,4,6,6,7,6,4,6,2,4,4,5,5,8,4,3,8,4,8,2,6,8,5,3,2,10,2,3,4,9,5,2,5,1,0,4,3,4,2,4,3,2,0,0,4,1,0,2,1,1,2,1,0,1,0,0,0,1,1,3,0,0,0,1,1,0,0,0,6,4,0,0,0,0,4,1,0,0,0,2,2,2,3,2,0,6,0,0,0,0,2,0,1,3,1,1,0,1,0
map,tampa-bay,Tampa Bay,rslurry,slurry,https://github.com/rslurry,rslurry/subwaybuilder-maps,subwaybuilder-maps,1020,14,3,2,5,3,3,5,3,4,3,6,1,5,3,2,0,2,0,2,8,5,8,5,5,6,5,2,5,11,5,8,4,6,6,6,2,3,2,1,3,1,3,4,1,1,2,3,2,4,1,2,1,7,5,7,1,3,4,4,3,2,5,2,2,2,3,1,3,3,2,2,0,0,0,1,1,1,2,1,0,0,0,1,1,0,2,1,2,32,21,18,9,14,11,9,7,11,3,3,9,2,1,6,2,3,12,16,13,8,10,10,13,14,1,3,5,6,6,3,5,5,33,42,38,33,46,31,19,11,14,16,6,9,13,8,9,4,6,6,4,7,5,3,4,4,6,2,6,1,7,8,3,5,5,3,3,4,1,1,5,2,3,0,1,0,2,2,0,3,6,1,2,0,1,0,0,0,4,0
map,baltimore-dc-corridor,Baltimore-DC Corridor,rslurry,slurry,https://github.com/rslurry,rslurry/subwaybuilder-maps,subwaybuilder-maps,1017,0,0,0,0,0,0,0,0,0,0,6,2,11,4,2,10,9,4,2,13,6,14,13,11,8,11,8,7,13,13,3,7,20,6,7,3,4,9,4,8,2,5,4,4,2,4,10,5,2,7,6,2,5,5,6,2,3,4,6,10,3,3,3,3,4,2,2,1,4,3,0,4,3,3,3,4,8,0,2,3,2,2,4,6,0,2,4,2,4,2,1,1,2,3,2,3,4,3,6,4,2,0,2,4,1,3,6,4,2,4,3,0,2,3,2,2,1,2,1,2,5,1,1,2,1,0,0,1,1,63,34,24,51,35,16,26,11,14,15,14,8,18,6,9,6,13,7,9,5,2,19,5,3,8,5,2,2,3,6,5,3,1,2,5,2,2,3,1,9,10,1,2,2,3,3,7,3,8,1
map,yukina-pl-krakow,Kraków,ahkimn,Yukina-,https://subwaybuildermodded.com/credits,ahkimn/subwaybuilder-eu-maps,subwaybuilder-eu-maps,1010,0,0,0,0,0,0,0,0,0,0,0,0,0,0,0,0,0,0,0,0,0,0,0,0,0,0,0,0,0,0,0,0,0,0,0,0,0,0,0,0,0,0,0,0,0,0,0,0,0,0,0,0,0,0,0,0,9,13,18,12,12,12,8,8,17,25,5,9,10,10,28,15,8,7,10,9,2,1,5,2,5,3,2,24,18,11,7,11,8,11,4,3,6,2,6,4,5,3,4,7,2,4,3,3,3,4,0,3,4,4,5,2,5,4,3,3,1,4,1,0,4,19,20,14,7,13,3,5,5,13,15,12,13,6,5,9,6,6,9,11,2,9,6,2,3,4,5,2,7,6,3,4,1,3,5,1,4,2,34,20,17,22,48,31,19,13,12,12,14,6,6,4,7,4,4,2,4,7,3
mod,japanese-trains,Japanese Trains,kaicardenas0618,kaicardenas0618,https://github.com/kaicardenas0618,kaicardenas0618/japanese-trains,japanese-trains,985,0,0,0,0,0,0,0,0,0,0,0,0,0,0,0,0,0,0,0,0,0,0,0,0,0,0,0,0,0,0,0,0,0,0,0,0,0,0,0,0,0,0,0,0,0,0,0,0,0,0,0,0,0,0,0,0,0,0,0,0,0,0,0,0,0,0,0,0,0,0,0,0,0,0,0,0,0,0,0,0,0,0,0,0,0,0,0,0,0,10,17,3,4,10,8,19,12,7,6,7,7,15,10,8,5,14,15,25,9,9,7,11,18,13,8,10,15,13,11,12,7,10,14,2,1,9,9,6,12,39,37,17,16,18,4,9,10,6,10,11,3,16,8,9,9,4,8,8,8,41,43,26,26,17,18,12,9,7,13,17,5,7,4,3,8,5,4,2,4,4,6,3,6,5,6,2,14,7,3
map,greater-chicagoland,Greater Chicagoland,NerdieSanders,NerdieSanders,https://github.com/NerdieSanders,nerdiesanders/subway-builder-gchi,subway-builder-gchi,976,0,0,0,0,0,0,0,0,0,0,0,0,0,0,0,0,0,0,0,0,0,0,0,0,0,0,0,0,0,0,0,0,0,0,0,0,0,0,0,0,0,0,0,0,0,0,0,0,0,0,0,0,0,0,0,0,0,0,0,0,0,0,0,0,0,0,0,0,0,0,0,0,0,0,0,0,0,0,0,0,0,0,0,0,0,0,0,0,0,0,0,0,0,0,0,0,0,0,0,0,0,0,0,0,0,0,0,2,24,23,20,7,42,47,41,26,13,18,57,45,34,20,17,12,7,16,8,13,9,4,12,9,10,13,10,10,12,4,12,15,6,8,8,12,11,9,6,12,8,14,13,9,11,46,41,26,14,8,9,14,6,8,9,6,3,1,5,5,4,2,3,1,2,5,6,3,3,2,5
map,yukina-hiroshima-kure,広島 (Hiroshima),ahkimn,Yukina-,https://subwaybuildermodded.com/credits,ahkimn/subwaybuilder-jp-maps,subwaybuilder-jp-maps,940,31,6,4,5,10,5,3,5,3,2,3,2,4,6,8,5,6,3,3,16,9,8,3,3,4,19,20,22,13,7,8,11,5,10,3,9,4,6,0,1,4,0,4,0,2,1,0,1,4,3,0,2,2,1,4,2,1,1,2,1,0,2,1,1,1,1,0,4,0,5,1,0,1,2,0,1,0,1,0,1,0,1,0,1,1,0,1,0,1,2,0,1,0,0,3,0,3,0,0,0,2,3,0,0,0,1,0,2,0,1,1,0,3,1,1,0,0,1,0,2,0,0,1,0,1,2,0,0,0,0,0,1,7,12,12,10,7,10,19,19,11,15,12,8,7,0,5,7,17,35,32,23,22,22,13,16,21,24,9,13,7,9,41,22,6,6,6,7,7,3,6,2,5,3,2,0,2,5,4
map,chongqing,Chongqing,Kronifer,Kronifer,https://github.com/Kronifer,kronifer/sb-chinese-maps,sb-chinese-maps,897,0,0,0,0,0,0,0,0,0,0,0,0,0,0,0,0,0,0,0,0,0,0,0,0,0,0,0,0,0,0,0,0,0,0,0,0,0,0,0,0,0,0,0,0,0,0,0,0,0,0,0,0,0,0,0,0,0,0,0,0,0,0,0,0,0,0,0,0,0,0,0,0,0,0,0,0,0,0,0,0,0,0,0,0,0,0,0,0,0,0,0,0,0,0,0,0,0,0,0,0,0,0,0,0,0,0,0,0,0,0,0,0,0,7,58,53,26,38,38,42,36,17,24,17,12,17,12,11,4,13,13,10,10,9,11,18,9,5,17,18,4,11,10,12,12,9,3,19,11,12,11,10,8,7,12,10,10,44,28,17,6,10,6,7,4,1,8,4,3,4,7,0,6,5,5,6,3,7,0
mod,satellite-overlay,Satellite Overlay,TransitCore,TransitCore,https://github.com/TransitCore,transitcore/satellite-overview,Satellite-Overview,880,0,0,0,0,0,0,0,0,0,0,0,0,0,0,0,0,0,0,0,0,0,0,0,0,0,0,0,0,0,0,0,0,0,0,0,0,0,0,0,0,0,0,0,0,0,0,0,0,0,0,0,0,0,0,0,0,0,0,0,0,0,17,20,21,19,24,16,11,19,22,11,14,14,11,12,13,11,11,17,11,7,8,8,8,11,10,10,8,10,13,7,8,10,8,6,9,12,7,2,6,5,3,2,5,4,4,3,2,6,4,5,5,10,5,1,7,2,3,3,2,4,2,1,3,2,3,2,5,2,13,24,16,13,7,12,6,6,10,7,11,4,8,10,13,9,4,5,8,5,8,3,4,5,5,5,3,4,6,4,7,0,1,6,4,3,3,4,5,5,0,8,1,2,6,5,3,8,3,1
map,opo-pt-metropolitan,"Porto, Portugal",bquelhas,bquelhas,https://github.com/bquelhas,bquelhas/subwaybuilder-map-opo,subwaybuilder-map-opo,871,0,0,0,0,0,0,0,0,0,0,0,0,0,0,0,0,0,0,0,0,0,0,0,0,0,0,0,0,0,0,0,0,0,0,0,0,0,0,0,0,0,0,0,0,0,0,0,0,0,0,0,0,0,0,0,0,0,0,0,0,0,0,0,0,0,0,0,0,0,0,0,0,0,0,0,0,0,0,0,0,0,48,37,17,10,8,8,6,4,6,7,4,7,6,2,1,3,2,3,2,1,8,6,7,1,3,4,5,7,7,4,3,3,3,1,1,0,3,13,35,63,81,41,28,24,16,18,19,11,20,14,26,11,11,8,7,6,14,17,7,4,9,5,5,4,3,5,3,2,9,1,4,4,5,0,6,2,0,0,2,0,9,4,3,3,1,10,2,0,1,3,0,8,6,1,2,2,4,1
map,yukina-okinawa,沖縄 (Okinawa),ahkimn,Yukina-,https://subwaybuildermodded.com/credits,ahkimn/subwaybuilder-jp-maps,subwaybuilder-jp-maps,871,36,5,7,3,10,1,2,3,2,0,1,3,3,5,4,3,2,4,11,15,5,14,7,2,6,8,1,6,11,7,8,3,12,6,10,1,1,2,1,28,20,6,4,4,3,3,3,5,6,3,0,4,1,4,3,3,4,3,1,1,3,2,1,1,2,1,4,3,0,1,2,2,1,2,0,2,0,0,2,1,0,2,1,1,0,0,1,3,2,3,5,0,1,0,3,1,2,0,1,2,3,2,0,1,2,2,2,0,1,1,3,0,3,1,1,0,0,1,0,1,0,0,0,0,3,1,0,0,0,1,1,0,0,0,0,1,0,2,13,17,9,19,7,2,6,4,2,4,12,32,28,27,16,19,14,14,27,18,9,12,3,7,42,20,8,5,6,4,5,3,3,2,7,0,4,2,4,4,0
map,ottawa,Ottawa,subway-builder-modded-admin,Subway Builder Modded,https://subwaybuildermodded.com,devenperez/subway-builder-canadian-maps,subway-builder-canadian-maps,856,122,8,3,0,16,0,3,2,5,1,6,2,6,3,5,2,2,4,3,8,8,14,6,5,2,8,5,15,6,8,10,9,12,4,3,5,1,1,3,1,2,5,1,1,0,2,3,4,3,1,2,2,2,3,3,2,1,0,5,10,1,1,0,1,4,4,2,2,1,1,3,3,1,4,1,3,1,1,1,0,4,3,4,1,1,2,0,2,3,2,3,4,2,2,3,0,7,3,1,2,2,2,3,4,1,2,0,4,7,5,2,2,6,3,1,3,0,2,1,3,1,3,1,0,0,1,1,0,2,0,3,1,2,0,16,43,30,17,18,15,9,20,14,4,3,8,7,11,3,5,4,5,4,6,3,1,2,5,1,4,3,5,16,11,2,3,5,3,3,1,1,3,2,2,0,1,1,4,1
map,yukina-kobe-akashi,神戸・姫路 (Kōbe & Himeji),ahkimn,Yukina-,https://subwaybuildermodded.com/credits,ahkimn/subwaybuilder-jp-maps,subwaybuilder-jp-maps,835,32,3,4,4,10,4,3,5,2,2,4,0,2,2,4,2,3,5,7,11,6,7,8,4,7,6,4,3,14,3,5,2,12,7,3,5,0,0,0,1,2,1,0,0,1,2,0,1,3,2,0,1,3,0,2,0,2,1,1,0,0,2,1,1,1,0,0,3,1,0,1,0,0,0,0,1,0,0,2,2,0,1,0,1,0,0,1,0,0,5,0,1,0,0,2,0,4,0,0,0,0,2,1,0,0,0,1,0,0,1,1,0,1,1,0,0,0,0,0,1,1,0,1,0,3,22,9,6,5,9,21,6,17,19,25,13,7,13,6,5,3,5,6,4,1,1,5,2,16,31,26,18,20,35,12,12,22,19,9,12,3,9,37,21,6,6,9,5,4,3,6,1,1,1,2,1,2,4,0
map,rotterdam-the-hague,Rotterdam-The Hague,ryandicicco,ryandicicco,https://github.com/ryandicicco,ryandicicco/subway-builder-maps,Subway-Builder-Maps,834,0,0,9,11,8,3,2,0,2,0,1,0,5,0,3,4,4,3,1,14,6,11,4,4,3,4,4,2,16,5,6,34,26,16,6,15,8,6,6,5,6,10,6,2,2,7,7,7,4,3,6,3,2,5,8,5,0,3,4,7,2,6,2,1,1,3,1,1,3,3,1,2,0,1,2,3,3,2,4,4,2,5,4,2,2,2,2,2,1,3,2,3,0,3,3,2,2,0,1,4,4,5,1,0,3,3,2,1,0,6,4,2,6,2,0,0,1,1,2,0,2,3,0,0,2,2,0,0,18,30,24,9,21,6,9,8,11,17,9,5,3,10,4,6,6,6,5,6,5,4,4,8,1,7,5,3,3,7,1,8,3,8,4,20,2,1,5,4,2,4,1,1,0,3,5,1,1,3,1
map,yukina-lv-riga,Rīga,ahkimn,Yukina-,https://subwaybuildermodded.com/credits,ahkimn/subwaybuilder-eu-maps,subwaybuilder-eu-maps,828,0,0,0,0,0,0,0,0,0,0,0,0,0,0,0,0,0,0,0,0,0,0,0,0,0,0,0,0,0,0,0,0,0,0,0,0,0,0,0,0,0,0,0,0,0,0,0,0,0,0,0,0,0,0,0,0,0,0,0,0,0,0,0,0,0,0,0,0,0,0,0,0,0,0,0,0,0,0,0,0,0,0,0,0,0,0,0,0,0,0,0,0,0,0,0,0,0,0,0,0,0,0,0,0,0,0,0,0,0,0,0,0,0,0,0,6,45,24,26,23,40,18,21,7,14,11,8,3,4,15,13,8,38,26,20,20,12,13,11,18,4,6,6,3,4,4,2,3,3,6,2,2,3,3,2,5,1,5,29,30,28,14,59,35,20,15,16,14,12,3,7,5,3,7,3,5,3,11,1
map,yukina-pl-gdansk,Gdańsk,ahkimn,Yukina-,https://subwaybuildermodded.com/credits,ahkimn/subwaybuilder-eu-maps,subwaybuilder-eu-maps,823,0,0,0,0,0,0,0,0,0,0,0,0,0,0,0,0,0,0,0,0,0,0,0,0,0,0,0,0,0,0,0,0,0,0,0,0,0,0,0,0,0,0,0,0,0,0,0,0,0,0,0,0,0,0,0,0,8,11,16,8,8,6,3,12,17,16,8,8,5,6,16,14,13,4,5,6,3,0,0,4,3,3,3,14,15,8,2,5,3,6,7,3,3,5,3,3,4,1,2,3,6,3,2,4,2,2,0,2,3,2,3,2,3,2,0,3,1,2,0,1,4,16,15,11,11,6,4,7,5,15,14,7,13,3,7,7,1,6,5,7,2,7,3,3,2,2,7,2,1,5,4,2,4,5,1,1,6,4,30,25,13,14,46,25,14,6,13,15,14,5,10,6,6,4,3,1,6,5,1
map,oslo-no,Oslo,rslurry,slurry,https://github.com/rslurry,rslurry/subwaybuilder-maps,subwaybuilder-maps,814,0,0,0,0,0,0,0,0,0,0,0,0,0,0,0,0,0,0,0,0,0,0,0,0,0,0,0,0,0,0,0,0,0,0,0,0,0,0,0,0,0,0,0,0,0,0,0,0,0,0,0,0,0,0,0,0,0,0,0,0,0,0,0,0,0,0,0,0,0,0,0,0,0,2,35,31,20,17,19,14,19,10,16,9,3,9,4,5,6,4,3,5,7,4,5,2,5,6,4,4,4,4,4,1,9,7,2,3,5,9,4,2,8,3,4,3,3,3,1,1,1,5,2,0,7,52,21,20,10,24,28,14,17,15,10,12,14,14,11,6,4,6,7,12,13,10,8,7,3,7,10,1,2,3,2,2,4,5,6,10,3,6,2,7,0,6,8,2,1,3,4,2,5,3,3,1,2,2,1
map,monterrey,Monterrey,rslurry,slurry,https://github.com/rslurry,rslurry/subwaybuilder-maps,subwaybuilder-maps,810,0,0,0,0,0,0,0,0,0,0,0,0,0,0,0,0,0,0,0,0,0,0,0,0,13,52,32,18,14,5,37,40,21,13,3,8,4,4,1,3,3,4,26,14,11,7,7,6,5,3,3,0,4,27,17,11,7,5,3,7,2,4,5,5,2,5,3,6,3,5,2,1,2,3,0,4,4,0,1,2,0,2,2,3,1,3,0,2,3,1,1,2,3,2,4,1,3,1,4,3,2,3,1,3,1,0,0,1,0,5,3,4,3,2,1,1,3,3,2,2,4,3,3,2,2,1,0,32,8,16,16,8,10,4,9,7,3,8,7,11,5,5,3,4,1,4,6,7,3,2,2,1,3,1,2,0,2,0,0,4,0,3,2,7,1,0,1,0,1,1,1,1,0,1,1,0,0,2,1
map,incheon-4,Incheon (40km×40km),kimth9,kimth9,https://github.com/kimth9,kimth9/sb_korean_map_pack,sb_korean_map_pack,781,0,0,0,0,0,0,0,0,0,0,0,0,0,0,0,0,0,0,0,0,0,0,0,0,0,0,0,0,0,0,0,0,0,32,24,20,21,14,16,12,17,12,7,10,9,17,9,8,13,18,3,7,10,6,11,2,8,14,9,11,11,4,6,13,6,10,8,3,8,5,3,7,14,15,13,11,6,9,14,6,2,7,6,4,3,5,1,2,1,2,1,2,3,8,5,1,4,5,1,1,4,1,0,0,1,2,0,0,4,5,6,1,2,1,2,3,1,0,4,1,4,1,3,7,5,10,2,5,1,5,10,8,1,5,3,9,5,9,3,2,2,4,11,3,1,2,5,1,1,4,1,2,2,4,4,2,3,1,2,1,5,1,0,0,0,0,2,0,0,0,0,0,0,3,0,0,2,0,0
map,yukina-tokyo,東京 (Tōkyō),ahkimn,Yukina-,https://subwaybuildermodded.com/credits,ahkimn/subwaybuilder-jp-maps,subwaybuilder-jp-maps,781,0,0,0,0,0,0,0,0,0,0,0,0,0,0,0,0,0,0,0,0,0,0,0,0,0,0,0,0,0,0,0,0,0,0,0,0,0,0,0,0,0,0,0,0,0,0,0,0,0,0,0,0,0,0,0,0,0,0,0,0,0,0,0,0,0,0,0,0,0,0,0,0,0,0,0,0,0,0,0,0,0,0,0,0,0,0,0,0,0,0,0,0,0,0,0,0,0,0,0,0,0,0,0,0,0,0,0,0,0,0,0,0,0,0,0,0,0,0,0,0,0,0,0,0,0,0,0,0,0,0,0,0,0,0,0,0,0,0,0,0,0,0,0,0,0,0,0,14,87,34,30,26,16,11,15,14,35,41,34,30,30,10,66,44,38,23,30,16,14,11,25,6,13,30,7,12,8,8,3
map,calgary,Calgary,subway-builder-modded-admin,Subway Builder Modded,https://subwaybuildermodded.com,devenperez/subway-builder-canadian-maps,subway-builder-canadian-maps,770,128,6,2,0,16,0,0,3,2,0,2,3,6,3,7,2,2,2,3,11,6,8,5,3,6,3,5,8,11,8,7,10,7,4,6,2,3,1,0,2,0,7,2,4,2,2,3,4,3,1,2,0,3,2,6,0,0,0,2,3,1,3,0,1,0,4,0,1,0,1,4,1,0,3,1,2,1,1,3,1,1,3,3,2,1,3,2,2,2,3,1,2,1,4,5,2,5,2,1,0,5,4,1,2,0,3,0,0,2,2,4,3,4,2,1,2,1,0,0,5,1,3,0,0,0,1,0,0,3,2,3,1,1,4,28,38,28,11,19,10,8,20,8,4,4,6,4,7,5,5,4,3,6,8,2,2,1,4,3,4,3,5,3,2,1,2,2,3,3,1,2,2,2,2,3,1,5,4,0
map,puerto-rico,Puerto Rico,rslurry,slurry,https://github.com/rslurry,rslurry/subwaybuilder-maps,subwaybuilder-maps,758,0,0,0,0,0,0,0,0,0,0,10,1,10,2,8,10,5,4,4,16,8,19,7,5,5,11,10,6,17,8,12,10,10,12,6,6,5,4,2,9,5,2,4,2,0,6,2,7,4,4,3,5,2,4,3,2,0,3,3,5,3,4,4,1,0,3,4,2,2,4,1,4,1,2,2,5,1,1,2,2,0,3,1,2,0,1,2,3,3,2,2,0,0,3,4,2,0,1,0,1,3,5,1,2,0,0,0,1,1,5,3,3,4,1,0,1,1,2,1,0,4,1,0,1,2,1,0,0,32,25,34,14,9,7,20,10,10,8,17,11,4,8,8,2,2,7,5,6,4,9,3,3,2,5,5,1,5,3,2,1,2,14,3,3,1,2,2,3,3,5,1,0,2,4,0,1,0,0,1
map,yukina-cz-brno,Brno,ahkimn,Yukina-,https://subwaybuildermodded.com/credits,ahkimn/subwaybuilder-eu-maps,subwaybuilder-eu-maps,757,0,0,0,0,0,0,0,0,0,0,0,0,0,0,0,0,0,0,0,0,0,0,0,0,0,0,0,0,0,0,0,0,0,0,0,0,0,0,0,0,0,0,0,0,0,0,16,17,4,12,8,6,3,16,9,11,5,4,3,3,1,1,1,1,1,5,2,5,3,15,8,4,4,5,3,2,3,0,2,2,2,1,2,2,0,2,1,8,1,4,4,1,1,0,3,2,1,1,5,7,11,4,7,8,6,2,2,4,6,8,9,4,2,2,1,6,3,4,0,2,0,11,9,7,8,5,3,4,4,9,9,7,8,6,5,2,2,16,10,16,7,6,8,5,4,4,4,3,6,6,2,0,3,4,3,3,3,2,2,4,1,2,2,2,3,1,42,24,24,12,19,5,12,15,10,11,11,12,5
map,yukina-ee-tallinn,Tallinn,ahkimn,Yukina-,https://subwaybuildermodded.com/credits,ahkimn/subwaybuilder-eu-maps,subwaybuilder-eu-maps,753,0,0,0,0,0,0,0,0,0,0,0,0,0,0,0,0,0,0,0,0,0,0,0,0,0,0,0,0,0,0,0,0,0,0,0,0,0,0,0,0,0,0,0,0,0,0,0,0,0,0,0,0,0,0,0,0,0,0,0,0,0,0,0,0,0,0,0,0,0,0,0,0,0,0,0,0,0,0,0,0,0,0,0,0,0,0,0,0,0,0,0,0,0,12,21,13,16,5,3,10,5,2,4,3,4,2,1,1,2,4,7,2,2,2,0,3,1,2,11,25,23,8,5,7,11,7,7,7,5,7,13,12,32,26,20,15,9,11,7,14,3,5,3,6,9,3,3,4,2,3,0,1,1,3,5,2,2,4,32,24,20,16,54,30,11,10,14,14,11,8,6,6,5,5,2,2,6,7,2
map,yukina-northern-kyushu,福北 (Fukuoka & Kitakyūshū),ahkimn,Yukina-,https://subwaybuildermodded.com/credits,ahkimn/subwaybuilder-jp-maps,subwaybuilder-jp-maps,743,0,0,0,0,0,0,0,0,0,0,0,0,0,0,0,0,0,0,0,0,0,0,0,0,0,0,0,0,0,0,0,0,0,0,0,0,3,6,6,5,4,5,12,11,5,7,5,4,7,1,4,1,4,3,4,2,3,3,2,2,1,4,3,1,2,1,1,3,1,0,3,6,0,2,1,2,0,4,1,2,0,0,3,1,2,3,0,3,1,2,0,1,1,1,2,4,2,0,0,0,1,3,1,4,0,0,0,3,3,4,2,0,4,1,2,2,4,0,0,3,1,1,0,2,3,0,0,1,0,1,1,0,15,12,19,14,5,15,3,9,6,11,5,4,3,2,5,11,35,28,23,28,19,15,14,12,20,18,11,15,10,7,39,15,8,6,7,7,9,3,4,5,5,1,4,2,5,8,1
map,tel-aviv,Tel Aviv,BarKuperman,BarKuperman,https://github.com/BarKuperman,barkuperman/tlv-mod,TLV-mod,738,43,3,6,7,1,0,2,3,4,0,5,2,6,0,6,5,3,1,2,13,3,8,4,2,4,5,5,1,8,6,3,6,16,3,2,4,1,1,2,3,4,2,1,4,1,1,2,2,1,4,1,2,3,3,1,1,2,2,2,4,3,2,4,3,3,1,2,6,1,5,1,1,1,4,1,4,1,1,2,2,2,1,2,0,3,3,1,3,0,2,7,1,1,2,2,0,3,3,0,0,3,1,0,3,1,2,0,3,0,3,3,13,46,22,16,21,15,14,14,6,8,3,3,4,6,4,6,4,6,4,19,4,12,6,8,6,2,9,4,5,2,4,7,3,3,2,2,6,3,4,8,3,2,3,1,3,2,3,4,3,1,1,1,4,4,1,1,1,1,4,1,1,1,1,1,2,0,5,4
map,guadalajara,Guadalajara,rslurry,slurry,https://github.com/rslurry,rslurry/subwaybuilder-maps,subwaybuilder-maps,716,0,0,0,0,0,0,0,0,0,0,0,0,0,0,0,0,0,0,0,0,0,0,0,0,0,0,28,29,18,34,46,39,20,10,7,5,2,6,1,3,2,4,18,16,12,8,7,4,3,0,2,0,5,27,17,9,3,5,6,3,2,8,5,8,1,5,1,3,2,1,1,3,1,3,1,2,6,0,0,1,0,2,4,1,1,1,0,2,2,2,0,2,3,0,3,2,3,0,2,1,0,4,1,0,2,2,0,1,0,3,1,1,2,3,1,1,3,0,1,2,2,1,2,1,2,0,0,22,11,13,10,7,6,7,8,6,5,9,4,11,3,4,4,4,2,6,5,8,2,3,7,1,1,1,4,0,1,0,0,2,0,4,1,5,1,0,1,0,0,0,1,0,0,2,0,0,0,4,0
mod,dantrains-abridged,Dan Trains Abridged,DanielD1909,DanielD1909,https://github.com/DanielD1909,danield1909/dantrains-abridged,dantrains-abridged,715,0,0,0,0,0,0,0,0,0,0,0,0,0,0,0,0,0,0,0,0,0,0,0,0,0,0,0,0,0,0,0,0,0,0,0,0,0,0,0,0,0,0,0,0,0,0,0,0,0,0,0,0,0,0,0,0,0,0,0,0,0,0,0,0,0,0,0,0,0,0,0,0,0,0,0,0,0,0,0,0,0,0,0,0,0,0,0,0,0,0,0,0,0,0,0,0,0,0,0,0,0,0,0,0,0,0,0,0,0,0,0,0,0,0,0,0,0,0,0,0,0,0,0,0,0,0,0,0,0,0,0,31,40,43,22,28,12,13,12,8,4,4,8,12,6,10,6,9,12,13,13,7,10,15,8,10,13,6,7,6,2,5,3,6,7,24,44,22,35,26,23,7,22,24,12,11,25,18,11
map,mfn-lasvegas,Las Vegas,crumpetime,muffintime,https://github.com/crumpetime,crumpetime/sb-maps-las,sb-maps-las,703,0,0,0,0,0,0,0,0,0,0,0,0,0,7,8,15,7,5,3,7,7,16,6,5,3,6,3,6,15,7,12,10,16,4,11,9,5,4,8,1,4,4,5,3,7,7,3,6,4,4,5,3,5,8,5,2,4,3,2,3,2,2,3,0,4,3,4,3,1,5,6,3,0,4,5,1,0,1,2,3,6,5,0,3,2,3,1,7,2,9,2,4,0,4,0,2,3,4,0,1,4,2,2,5,0,4,3,2,2,3,5,0,4,2,0,0,1,2,0,1,1,3,0,0,0,0,0,2,1,1,1,1,1,1,0,0,0,5,6,7,3,9,8,7,6,8,5,7,8,5,6,6,6,6,7,5,7,7,6,7,6,6,6,6,6,6,6,11,8,5,3,1,4,7,3,4,4,5,2
map,yukina-sendai,仙台 (Sendai),ahkimn,Yukina-,https://subwaybuildermodded.com/credits,ahkimn/subwaybuilder-jp-maps,subwaybuilder-jp-maps,689,27,6,4,3,15,2,0,2,1,0,3,0,2,1,3,4,3,1,5,11,4,4,4,6,2,10,3,3,5,3,5,2,6,6,2,2,1,0,0,1,1,0,1,0,0,1,1,0,3,3,0,4,2,2,1,1,1,0,1,0,0,1,1,2,0,0,0,0,0,1,1,0,0,0,0,1,0,0,0,0,0,0,1,0,0,0,2,0,0,4,0,2,1,0,2,1,1,0,0,0,1,2,0,0,0,0,0,0,0,0,0,0,0,1,0,0,1,0,0,2,0,0,0,0,1,15,7,3,5,8,11,7,12,14,10,10,5,8,4,8,3,7,5,4,3,1,3,2,13,29,29,20,21,16,13,11,20,21,6,13,2,9,31,21,1,4,7,2,5,2,5,3,7,2,3,0,2,3,0
map,quebec-city,Quebec City,subway-builder-modded-admin,Subway Builder Modded,https://subwaybuildermodded.com,devenperez/subway-builder-canadian-maps,subway-builder-canadian-maps,669,106,4,5,0,13,0,1,3,2,0,0,0,3,5,5,3,0,5,2,7,5,10,5,2,3,4,6,7,8,9,6,6,12,2,4,2,0,0,3,3,1,4,2,2,1,2,2,2,2,1,3,2,2,3,3,0,3,1,3,6,2,2,1,0,0,2,2,3,1,1,3,1,0,2,1,3,2,2,1,2,2,2,1,1,3,2,2,1,3,3,1,2,1,1,4,0,2,0,2,0,1,3,0,1,0,2,0,1,2,0,2,1,2,2,1,2,0,2,2,1,1,1,0,0,0,0,1,1,1,3,4,1,2,1,25,31,22,11,15,8,9,20,14,5,5,6,5,5,4,2,7,3,3,7,2,0,2,3,0,3,3,7,2,3,2,2,2,2,3,2,1,0,1,1,0,3,1,5,1
map,warsaw-val,Warsaw,Valdotorium,Valdotorium,https://github.com/Valdotorium,valdotorium/railyard-maps-2,Railyard-Maps-2,661,0,0,0,0,0,0,5,4,7,2,3,2,3,2,3,5,5,4,6,17,10,14,7,3,2,10,3,1,19,2,7,12,16,9,5,8,4,3,2,7,7,3,5,5,1,5,5,4,8,7,6,3,7,3,1,6,6,5,6,3,8,4,3,2,2,0,6,3,1,6,3,0,1,2,2,1,0,6,0,1,1,2,1,0,0,1,4,1,2,2,2,1,1,1,4,2,2,3,0,2,0,2,0,0,0,2,0,1,0,4,2,1,3,1,1,2,0,3,0,0,1,2,2,0,2,1,0,1,1,1,0,1,2,1,0,4,0,4,6,7,2,6,6,6,7,6,6,6,6,5,7,6,6,6,5,6,8,7,6,6,6,6,6,6,6,6,8,8,6,5,3,1,4,4,3,4,4,5,2
map,edmonton,Edmonton,subway-builder-modded-admin,Subway Builder Modded,https://subwaybuildermodded.com,devenperez/subway-builder-canadian-maps,subway-builder-canadian-maps,629,112,5,3,0,13,2,0,3,2,0,0,2,5,4,5,2,2,2,1,10,2,10,5,5,2,2,6,10,10,10,6,6,8,2,7,6,2,3,0,2,1,7,0,1,3,3,2,5,2,1,1,0,2,3,4,0,0,0,3,2,2,1,0,0,1,2,0,0,1,1,3,1,1,3,1,1,0,1,2,1,1,2,2,1,1,2,0,2,1,2,0,2,0,3,4,0,3,1,0,0,5,1,0,1,0,2,2,4,2,2,1,3,1,2,1,1,0,0,0,6,1,2,0,0,0,0,0,0,2,0,3,0,1,0,19,32,19,9,17,10,6,17,10,4,5,4,2,7,4,5,2,3,2,2,1,0,1,4,2,2,4,5,2,2,1,0,1,2,2,1,1,0,2,0,0,3,3,2,0
map,yukina-tw-kaohsiung,高雄 (Kaohsiung),ahkimn,Yukina-,https://subwaybuildermodded.com/credits,ahkimn/subwaybuilder-tw-maps,subwaybuilder-tw-maps,629,0,0,0,0,0,0,0,0,0,0,0,0,0,0,0,0,0,0,0,0,0,0,0,0,0,0,0,0,0,0,0,0,0,0,0,0,0,0,0,0,0,0,0,0,0,0,0,0,0,0,0,0,0,0,0,0,0,0,0,0,0,0,0,0,0,0,0,0,0,0,0,0,0,0,9,10,12,6,15,3,2,5,2,19,18,20,11,10,9,4,4,5,2,9,9,1,5,1,4,3,3,1,1,6,5,4,1,2,2,1,1,1,2,3,2,0,1,0,0,0,0,2,1,2,2,1,0,23,11,8,18,7,9,5,4,7,8,4,11,4,5,2,8,2,2,3,2,6,6,6,6,2,1,4,13,2,26,15,7,11,4,7,46,20,11,6,6,3,7,2,3,2,3,6,2,2,2,4,3
mod,cinematic-camera,Cinematic Camera,TransitCore,TransitCore,https://github.com/TransitCore,transitcore/cinematic-camera,cinematic-camera,615,0,0,0,0,0,0,0,0,2,6,4,1,11,15,27,9,21,15,14,28,27,31,34,20,0,1,0,0,7,3,0,0,3,9,11,9,5,5,2,4,2,2,4,3,2,3,6,6,7,6,3,2,6,7,5,1,1,3,2,3,4,4,3,3,3,0,3,0,2,0,2,1,1,0,3,3,1,2,3,3,0,1,2,1,2,2,2,2,2,1,1,5,2,0,2,1,2,2,2,0,1,3,2,2,1,1,6,1,4,0,2,0,1,2,1,4,1,1,3,3,2,1,0,0,2,0,2,2,2,6,4,1,4,3,6,4,2,3,4,4,3,3,4,4,1,0,1,2,1,3,3,2,1,2,0,0,0,2,0,1,0,2,1,2,1,0,1,1,3,1,0,0,0,4,1,0,0,2,1
map,dublin,Dublin,Kronifer,Kronifer,https://github.com/Kronifer,kronifer/sb-dublin-map,sb-dublin-map,610,91,8,14,15,6,2,2,3,7,3,8,6,10,4,7,10,11,11,10,11,20,19,11,9,6,0,0,0,0,0,0,0,0,0,0,0,0,0,0,0,0,0,0,0,0,0,0,0,8,11,3,5,7,7,5,5,9,4,6,10,7,2,3,7,4,1,1,4,5,3,3,3,1,3,1,1,4,0,0,5,2,3,2,1,2,3,4,2,3,4,3,3,3,0,1,2,6,4,3,2,5,6,0,5,1,2,1,5,3,6,4,2,3,0,0,5,0,2,1,0,3,2,1,0,2,0,0,0,1,0,0,0,1,0,0,2,0,2,2,3,0,0,1,1,3,0,0,2,4,8,2,5,2,2,3,3,6,1,0,2,0,0,0,0,0,0,0,0,0,0,0,0,0,0,0,0,0,0,0
map,yukina-tw-taichung,臺中 (Taichung),ahkimn,Yukina-,https://subwaybuildermodded.com/credits,ahkimn/subwaybuilder-tw-maps,subwaybuilder-tw-maps,593,0,0,0,0,0,0,0,0,0,0,0,0,0,0,0,0,0,0,0,0,0,0,0,0,0,0,0,0,0,0,0,0,0,0,0,0,0,0,0,0,0,0,0,0,0,0,0,0,0,0,0,0,0,0,0,0,0,0,0,0,0,0,0,0,0,0,0,0,0,0,0,0,0,0,9,10,13,6,13,2,3,12,4,17,20,24,8,12,5,6,5,6,5,4,5,5,4,2,3,3,1,1,4,0,3,1,1,0,4,1,0,0,3,2,0,0,2,1,0,1,1,1,0,2,1,2,1,23,8,8,12,9,13,3,6,7,8,4,10,8,3,7,7,2,3,1,1,3,4,5,4,0,1,2,4,2,28,18,6,12,4,5,39,17,12,6,8,3,3,2,6,2,2,1,1,3,2,5,1
map,yukina-pl-katowice-gzm,Katowice - GZM,ahkimn,Yukina-,https://subwaybuildermodded.com/credits,ahkimn/subwaybuilder-eu-maps,subwaybuilder-eu-maps,582,0,0,0,0,0,0,0,0,0,0,0,0,0,0,0,0,0,0,0,0,0,0,0,0,0,0,0,0,0,0,0,0,0,0,0,0,0,0,0,0,0,0,0,0,0,0,0,0,0,0,0,0,0,0,0,0,0,0,0,0,0,0,0,7,8,12,2,3,4,6,14,5,6,7,3,5,3,0,0,2,2,2,2,11,5,12,3,7,6,8,2,2,4,3,3,0,3,1,2,0,1,2,1,0,0,5,0,2,3,3,3,0,2,2,0,1,1,1,1,1,2,14,10,5,9,5,1,4,4,5,5,6,11,6,1,5,3,8,9,5,2,3,2,2,1,3,3,4,3,4,6,1,2,3,1,1,5,4,20,22,14,13,46,23,12,7,7,9,8,8,3,4,3,5,5,0,3,4,4
map,dubai,Dubai,ryandicicco,ryandicicco,https://github.com/ryandicicco,ryandicicco/subway-builder-maps,Subway-Builder-Maps,566,0,0,0,0,0,0,0,0,0,0,0,0,0,0,0,0,0,0,0,0,0,0,0,0,0,0,0,0,0,0,0,0,0,0,0,0,0,0,0,0,0,0,0,27,20,9,14,11,4,9,6,8,5,7,4,8,1,3,2,3,7,1,0,4,0,5,3,5,2,3,4,4,1,2,2,1,1,1,3,2,4,2,3,2,1,2,4,3,1,2,2,4,3,1,2,3,4,1,2,2,1,2,0,3,1,4,1,3,0,2,6,0,6,1,1,0,2,3,1,2,1,0,1,0,1,1,0,4,21,29,22,14,19,9,15,10,6,12,7,6,5,8,7,5,7,3,2,3,1,9,2,1,2,1,2,3,3,3,2,4,1,1,2,5,1,1,3,2,0,2,0,0,1,3,2,3,3,5,1
map,yukina-kitakyushu-shimonoseki,北九州・下関 (Kitakyūshū & Shimonoseki),ahkimn,Yukina-,https://subwaybuildermodded.com/credits,ahkimn/subwaybuilder-jp-maps,subwaybuilder-jp-maps,561,27,5,4,3,10,7,1,3,1,0,3,1,2,1,2,3,1,4,3,7,4,11,1,2,4,2,5,3,9,2,5,3,7,5,2,1,1,11,4,3,6,3,7,6,4,0,4,2,7,4,2,1,1,0,2,2,2,0,1,1,0,2,1,1,0,0,3,2,0,1,0,3,1,0,0,2,0,0,0,1,1,0,0,0,0,0,0,1,3,2,0,0,1,0,2,0,2,0,0,0,0,0,0,0,0,0,0,0,0,0,0,0,2,0,1,0,0,1,0,1,1,0,1,0,1,0,0,0,0,0,1,0,4,8,5,9,3,3,3,4,2,4,3,2,3,0,1,2,10,23,20,16,13,17,13,11,18,15,4,5,1,4,26,14,3,3,3,5,3,0,2,0,2,0,2,0,3,2,1
map,greater-kuala-lumpur,Greater Kuala Lumpur,nzh0172,naz,https://github.com/nzh0172,nzh0172/sb-malaysia-map-pack,sb-malaysia-map-pack,556,0,0,0,0,0,0,0,0,7,6,5,6,9,1,8,3,6,5,5,5,2,10,5,4,3,8,3,1,15,6,6,6,0,17,3,3,1,6,6,7,4,2,2,2,3,6,3,0,0,3,0,6,3,1,6,3,1,3,4,3,5,1,1,1,2,1,4,0,3,2,2,1,0,3,0,0,0,1,1,1,0,1,0,2,1,1,1,2,0,1,1,1,1,1,0,1,2,2,2,1,3,3,0,2,0,1,0,1,4,4,1,1,9,0,0,1,0,0,1,1,2,1,0,2,1,1,0,1,0,1,6,0,2,4,4,1,2,8,6,0,1,3,0,1,0,1,1,0,1,38,16,18,9,21,8,20,10,7,2,2,0,5,1,3,3,4,2,1,1,1,2,1,1,4,3,1,1,5,1
map,orlando,Orlando,rslurry,slurry,https://github.com/rslurry,rslurry/subwaybuilder-maps,subwaybuilder-maps,538,0,0,0,0,0,0,0,0,0,0,0,2,6,1,2,4,3,0,1,6,4,10,5,2,5,8,6,1,13,4,4,7,4,4,4,3,2,5,3,2,3,5,2,4,0,2,2,2,3,0,1,2,3,4,6,4,2,4,0,5,0,0,4,1,0,1,0,2,2,2,1,3,2,1,1,2,2,1,0,3,1,2,1,2,0,1,3,3,1,3,2,5,0,2,1,2,3,0,0,0,3,1,1,4,0,0,6,2,0,2,5,1,2,3,0,2,0,0,1,0,4,1,2,1,1,0,18,23,14,14,16,5,9,8,8,8,7,8,8,6,6,5,4,6,5,5,6,14,2,4,6,1,3,2,6,1,1,2,0,3,1,1,1,5,3,1,1,2,4,1,0,1,1,1,1,0,0,2,1
map,yukina-hakodate,函館 (Hakodate),ahkimn,Yukina-,https://subwaybuildermodded.com/credits,ahkimn/subwaybuilder-jp-maps,subwaybuilder-jp-maps,513,0,0,0,0,5,7,2,2,2,1,2,1,2,3,1,4,3,2,6,9,2,5,3,1,1,1,13,4,6,0,3,3,3,4,1,2,2,13,1,3,5,2,0,1,2,1,0,2,4,4,0,0,0,1,1,0,0,1,0,0,1,2,1,0,0,0,0,0,1,0,0,3,1,0,0,1,0,0,0,1,0,0,0,0,0,0,0,0,2,2,0,0,0,0,2,0,3,0,0,0,0,1,0,0,1,0,0,0,1,0,1,0,1,0,0,1,0,0,0,1,0,0,1,0,2,1,0,0,0,0,0,0,4,10,6,7,2,4,13,12,5,12,8,3,7,0,2,2,9,22,21,17,17,17,12,13,15,12,5,8,1,4,28,13,2,1,2,3,2,1,2,1,6,0,0,0,3,1,0
mod,chinese-trains,Chinese Trains,kaicardenas0618,kaicardenas0618,https://github.com/kaicardenas0618,kaicardenas0618/chinese-trains,chinese-trains,508,0,0,0,0,0,0,0,0,0,0,0,0,0,0,0,0,0,0,0,0,0,0,0,0,0,0,0,0,0,0,0,0,0,0,0,0,0,0,0,0,0,0,0,0,0,0,0,0,0,0,0,0,0,0,0,0,0,0,0,0,0,0,6,15,12,10,13,18,9,7,11,8,10,3,5,4,9,5,7,3,7,11,8,8,5,7,2,3,4,4,6,1,4,5,4,4,6,1,2,0,1,9,6,11,6,5,5,3,6,3,4,5,5,3,1,4,3,3,3,2,6,3,0,4,1,3,5,1,2,6,14,13,5,8,10,10,6,5,6,3,1,3,2,3,5,1,0,3,3,5,3,2,1,3,0,2,0,2,3,3,1,2,1,1,0,1,1,1,2,1,0,0,0,1,3,0,0,0,2
map,valencia,Valencia,Maximilian284,max02,https://github.com/Maximilian284,maximilian284/subwaybuilder-es-maps,subwaybuilder-es-maps,499,0,0,0,0,0,0,0,0,0,0,0,0,0,0,0,0,0,0,0,0,0,26,9,5,5,6,2,1,16,10,15,14,20,18,6,7,7,8,1,7,1,3,2,0,0,0,6,4,5,0,1,4,1,4,0,1,1,1,6,3,2,2,0,6,1,1,0,1,3,1,2,2,2,2,1,2,0,0,1,2,1,1,4,1,1,2,0,0,0,1,4,3,3,3,2,0,3,0,1,1,3,2,1,2,0,1,1,1,3,3,3,0,1,2,0,4,1,1,0,2,1,1,0,0,0,1,0,2,1,0,0,0,1,0,0,0,4,32,8,16,4,14,9,3,3,3,5,5,4,6,3,3,3,1,3,1,1,1,1,1,0,1,1,1,1,1,2,5,3,3,1,0,3,6,2,5,1,2,1
map,yukina-pl-wroclaw,Wrocław,ahkimn,Yukina-,https://subwaybuildermodded.com/credits,ahkimn/subwaybuilder-eu-maps,subwaybuilder-eu-maps,499,0,0,0,0,0,0,0,0,0,0,0,0,0,0,0,0,0,0,0,0,0,0,0,0,0,0,0,0,0,0,0,0,0,0,0,0,0,0,0,0,0,0,0,0,0,0,0,0,0,0,0,0,0,0,0,0,5,7,11,3,11,5,5,9,14,9,4,9,1,4,7,8,8,6,3,4,1,1,0,0,2,0,3,9,6,3,8,3,6,3,2,0,2,3,4,2,2,2,2,1,2,0,2,4,0,1,0,1,1,1,1,1,0,1,0,3,2,1,0,0,1,11,11,4,7,5,1,3,3,6,10,4,6,6,1,3,1,2,6,4,1,4,2,4,0,2,6,2,2,2,1,0,0,3,2,1,2,3,18,14,10,7,36,17,6,5,5,5,3,2,4,2,2,3,1,1,4,3,0
map,winnipeg,Winnipeg,subway-builder-modded-admin,Subway Builder Modded,https://subwaybuildermodded.com,devenperez/subway-builder-canadian-maps,subway-builder-canadian-maps,498,106,4,2,0,8,0,0,3,3,0,2,3,5,2,2,5,2,0,1,5,3,7,4,3,2,3,2,9,6,9,4,5,6,3,3,2,2,0,2,1,0,3,1,1,3,1,1,2,2,1,0,0,2,2,2,0,0,0,1,2,0,2,1,0,0,2,0,0,1,1,2,1,0,2,1,0,0,1,2,2,0,3,1,1,2,2,0,0,1,1,0,3,0,2,2,0,3,1,0,1,2,1,0,2,1,2,0,2,2,1,1,4,1,2,1,1,1,0,0,1,1,1,0,0,0,0,0,0,1,0,3,0,1,0,17,24,15,9,9,6,4,15,6,2,4,4,3,8,2,4,4,0,3,1,0,0,0,3,1,3,1,5,2,1,1,3,1,1,2,1,1,0,1,0,0,1,1,2,1
map,bilbao,Bilbao,Maximilian284,max02,https://github.com/Maximilian284,maximilian284/subwaybuilder-es-maps,subwaybuilder-es-maps,495,0,0,0,0,0,0,0,0,0,0,0,0,0,0,0,0,0,0,0,0,0,21,12,9,6,6,4,1,12,9,14,14,21,13,7,8,8,6,2,5,2,1,3,3,0,3,6,5,3,3,1,2,3,4,3,0,2,3,5,3,2,3,0,0,4,1,4,1,2,2,2,0,1,2,1,3,0,0,0,0,2,2,3,0,0,1,3,0,2,1,2,3,2,3,3,0,3,0,0,2,4,2,0,1,0,1,1,0,3,5,5,3,2,0,1,2,1,1,0,0,2,0,0,0,0,0,0,1,0,0,2,0,0,0,0,0,5,28,14,15,6,5,6,7,4,8,3,3,5,2,3,2,4,5,1,2,0,2,2,2,0,4,0,1,0,1,4,2,1,2,2,0,1,3,4,1,1,4,0
map,yukina-niigata,新潟 (Niigata),ahkimn,Yukina-,https://subwaybuildermodded.com/credits,ahkimn/subwaybuilder-jp-maps,subwaybuilder-jp-maps,492,29,5,3,3,9,1,0,0,0,0,0,0,0,0,0,2,3,2,2,4,3,5,2,1,4,1,4,2,5,1,3,2,3,4,1,0,1,0,0,1,1,0,0,0,2,0,1,0,3,2,0,1,0,0,1,0,1,1,0,0,0,2,1,0,0,0,0,0,1,0,2,0,1,0,0,0,0,0,0,0,0,0,0,0,0,0,0,0,1,2,1,0,0,0,2,0,1,0,0,0,0,1,0,0,0,0,0,0,0,0,1,0,1,0,0,0,0,0,0,1,1,0,0,0,2,11,4,2,3,4,12,4,9,10,5,5,5,4,4,3,2,4,7,2,3,0,1,1,12,21,23,15,16,15,13,11,16,12,10,4,1,7,26,17,3,5,3,2,2,1,3,1,3,1,0,0,0,4,0
map,greatertwincities,Greater Twin Cities,DanielD1909,DanielD1909,https://github.com/DanielD1909,danield1909/improvedtwincities,improvedTwinCities,488,0,0,0,0,10,8,8,5,5,5,8,7,7,5,4,5,4,2,2,7,4,7,2,1,1,1,3,1,12,6,7,2,7,3,1,2,2,3,1,3,2,1,4,0,0,2,0,3,0,2,1,0,1,4,1,1,2,1,3,1,2,5,1,0,0,2,2,0,1,1,1,0,0,0,0,2,0,5,1,0,0,1,1,0,0,1,1,0,0,2,2,0,1,1,0,2,1,0,0,1,0,0,2,2,0,0,2,0,2,1,2,0,2,1,2,1,0,0,0,0,1,0,0,0,1,1,0,1,0,2,0,0,0,1,1,0,0,3,6,7,2,6,8,7,6,6,1,29,25,12,20,16,12,15,14,13,10,4,1,0,1,1,0,2,1,0,0,1,0,4,0,0,0,0,0,1,0,1,1
map,busan-3,Busan (30km×30km),kimth9,kimth9,https://github.com/kimth9,kimth9/sb_korean_map_pack,sb_korean_map_pack,485,0,0,0,0,0,0,0,0,0,0,0,0,0,0,0,0,0,0,0,0,0,0,0,0,0,0,0,0,0,0,0,0,0,2,23,12,15,4,6,3,18,22,6,8,4,13,11,7,6,1,0,7,11,10,4,4,4,5,7,5,1,1,16,2,8,3,2,0,0,4,1,1,2,2,8,1,1,0,4,6,3,17,4,3,3,2,3,11,5,8,1,3,6,0,8,2,1,4,3,5,2,0,6,1,1,8,0,8,1,2,2,1,0,1,3,3,1,7,1,2,1,0,3,3,3,1,0,1,0,2,1,0,0,1,6,0,3,3,0,0,0,0,0,0,0,0,0,0,0,0,0,0,0,0,0,0,0,0,0,0,0,15,5,7,2,0,0,2,0,0,1,0,0,0,0,1,0,1,0
map,yukina-lt-vilnius,Vilnius,ahkimn,Yukina-,https://subwaybuildermodded.com/credits,ahkimn/subwaybuilder-eu-maps,subwaybuilder-eu-maps,480,0,0,0,0,0,0,0,0,0,0,0,0,0,0,0,0,0,0,0,0,0,0,0,0,0,0,0,0,0,0,0,0,0,0,0,0,0,0,0,0,0,0,0,0,0,0,0,0,0,0,0,0,0,0,0,0,0,0,0,0,0,0,0,0,0,0,0,0,0,0,0,0,0,0,0,0,0,0,0,0,0,0,0,0,0,0,0,0,0,0,0,0,0,0,0,0,0,0,0,0,0,0,0,0,0,0,0,0,0,0,0,0,0,0,0,0,0,0,0,0,0,0,0,0,0,0,0,16,6,5,16,6,23,10,9,8,10,4,3,11,3,2,3,5,2,3,1,5,2,3,0,0,2,9,1,2,0,5,19,21,12,5,40,22,8,5,6,6,8,28,33,8,12,18,9,15,11,14,5
map,au-melbourne,Melbourne,subway-builder-modded-admin,Subway Builder Modded,https://subwaybuildermodded.com,barkuperman/subwaybuilder-au-nz-maps,subwaybuilder-au-nz-maps,475,0,0,0,0,0,0,0,0,0,0,0,0,0,0,0,0,0,0,0,0,0,0,0,0,0,0,0,0,0,0,0,0,0,0,0,0,0,0,0,0,0,0,0,0,0,0,0,0,0,0,0,0,0,0,0,0,0,0,0,0,0,0,0,0,0,0,0,0,0,0,0,0,0,0,0,0,0,0,0,0,0,0,0,0,0,0,0,0,0,0,0,0,0,0,0,0,0,0,0,0,0,0,0,0,0,0,0,0,0,0,0,0,0,0,0,0,0,0,0,0,0,0,0,0,0,0,0,0,0,0,0,0,0,0,0,0,0,0,0,0,0,0,0,2,86,74,27,18,18,26,15,17,12,8,8,5,7,14,7,6,2,10,8,10,9,10,6,7,8,5,9,2,3,5,5,8,7,6,5
map,istanbul,Istanbul,pierreggt,pierreggt,https://github.com/pierreggt,pierreggt/subway-builder-istanbul,subway-builder-istanbul,474,0,0,0,0,0,0,0,0,0,0,0,0,0,0,0,0,0,0,0,0,0,0,0,0,0,0,0,0,0,0,0,0,0,0,0,0,0,0,0,0,0,0,0,0,0,0,0,0,0,0,0,0,0,0,0,0,0,0,0,0,0,0,0,0,0,0,0,0,0,0,0,0,0,0,0,0,0,0,0,0,0,0,0,0,0,0,0,0,0,0,0,0,0,0,0,0,0,0,0,0,0,0,0,0,0,0,0,0,0,0,0,0,0,0,0,0,0,0,0,0,0,0,0,0,0,0,0,0,0,0,0,0,55,23,16,19,11,17,18,17,11,19,18,11,16,6,5,8,8,22,9,6,9,3,7,5,7,3,4,7,13,5,4,7,5,5,4,6,4,7,6,1,5,10,6,3,11,11,1
map,cairo,Cairo,ryandicicco,ryandicicco,https://github.com/ryandicicco,ryandicicco/subway-builder-maps,Subway-Builder-Maps,470,0,0,0,0,0,0,0,0,0,0,0,0,0,0,20,5,8,5,4,10,5,12,3,1,4,5,1,3,12,7,24,26,19,5,5,1,2,3,4,4,1,1,2,2,3,3,1,3,1,2,2,2,3,1,2,3,5,2,0,1,5,0,1,1,2,6,0,2,0,3,2,0,0,0,2,1,0,1,0,1,5,1,0,0,0,1,1,2,1,4,1,0,0,0,2,1,1,2,3,1,2,0,0,1,1,1,1,0,1,3,1,0,1,0,0,0,0,2,1,0,1,1,1,0,0,1,0,0,9,14,10,6,8,5,13,2,6,8,4,4,4,4,3,2,2,1,2,4,2,6,2,0,1,13,0,2,1,2,1,1,0,3,2,1,2,0,0,3,0,2,0,0,1,0,1,1,1,1,0
map,yukina-cz-ostrava,Ostrava,ahkimn,Yukina-,https://subwaybuildermodded.com/credits,ahkimn/subwaybuilder-eu-maps,subwaybuilder-eu-maps,461,0,0,0,0,0,0,0,0,0,0,0,0,0,0,0,0,0,0,0,0,0,0,0,0,0,0,0,0,0,0,0,0,0,0,0,0,0,0,0,0,0,0,0,0,0,0,13,13,3,4,3,5,4,12,12,5,3,3,2,1,0,1,1,0,0,3,1,2,2,13,6,3,3,2,2,4,0,0,1,1,1,0,0,2,1,0,0,1,1,3,1,2,0,2,3,0,1,3,3,5,7,2,2,4,2,3,1,1,3,2,4,0,0,0,0,3,0,0,0,0,0,8,7,0,6,2,0,3,3,4,7,4,3,3,0,1,1,8,9,10,4,1,2,2,4,2,1,4,3,2,0,2,0,2,2,0,2,2,1,2,0,1,1,1,0,0,24,21,17,11,13,5,11,10,8,8,8,9,5
map,rhode-island,Rhode Island,rslurry,slurry,https://github.com/rslurry,rslurry/subwaybuilder-maps,subwaybuilder-maps,460,0,0,0,0,0,0,0,0,0,0,0,0,0,0,0,0,0,0,0,0,0,0,0,0,0,0,0,0,0,0,0,0,0,0,0,0,0,0,0,0,0,0,0,0,0,0,0,0,0,0,0,0,0,0,0,0,0,0,0,0,0,0,0,0,19,27,14,15,10,13,2,5,4,4,2,7,6,1,5,0,6,2,5,1,1,3,1,3,4,4,3,5,0,1,2,1,0,2,0,1,2,1,1,3,1,1,4,1,2,4,6,2,3,0,0,0,0,3,1,0,1,2,1,0,1,26,25,13,8,18,7,7,11,6,3,6,5,3,8,7,4,5,7,6,1,2,5,4,3,0,1,4,1,0,5,1,2,3,5,1,4,2,1,3,2,0,3,2,3,0,2,2,0,0,2,0,1,1,0
map,yukina-nagasaki,長崎 (Nagasaki),ahkimn,Yukina-,https://subwaybuildermodded.com/credits,ahkimn/subwaybuilder-jp-maps,subwaybuilder-jp-maps,460,0,0,0,0,5,8,1,1,2,0,3,1,1,3,1,3,0,1,6,5,2,6,3,1,3,2,9,4,2,1,4,2,2,3,1,0,0,0,2,0,2,0,2,0,0,1,1,0,2,3,0,0,2,2,1,0,0,1,0,1,0,0,1,0,0,0,0,0,1,1,3,0,0,1,0,1,0,0,0,1,0,0,0,0,1,1,0,0,1,0,0,0,0,1,3,0,1,0,0,0,0,1,0,0,0,0,0,0,0,0,0,0,1,0,0,0,0,0,0,1,0,0,0,0,2,0,0,0,0,1,1,0,3,9,10,5,1,6,13,5,8,7,6,5,4,1,3,3,12,23,22,14,16,17,12,11,16,8,8,6,1,7,30,11,3,2,3,6,3,1,1,1,2,1,1,1,1,1,0
map,south-florida,South Florida,kaicardenas0618,kaicardenas0618,https://github.com/kaicardenas0618,kaicardenas0618/subway-builder-sfl,subway-builder-sfl,440,0,0,0,0,0,0,0,0,0,0,0,0,0,0,0,0,0,0,0,0,0,0,0,0,0,12,11,6,7,4,8,6,4,4,0,0,2,0,1,3,1,6,12,19,8,6,12,6,2,3,2,2,3,4,4,5,2,3,2,4,7,3,7,1,0,3,2,3,3,2,0,0,3,2,2,1,1,4,2,0,0,1,3,3,1,1,0,1,0,3,1,2,0,1,1,0,2,0,1,0,0,0,2,3,0,3,0,2,3,2,2,1,2,0,0,1,0,0,0,0,1,1,0,0,1,0,15,21,16,10,14,10,2,9,7,4,8,1,1,2,1,7,2,5,3,2,1,1,1,2,4,1,0,1,0,1,2,2,3,3,0,0,0,0,1,0,4,1,1,0,0,0,0,4,1,0,1,0,0
map,vienna,Vienna,Rmerr1,Rmerr1,https://github.com/Rmerr1,rmerr1/sb-vienna-map,sb-vienna-map,439,0,0,0,0,0,0,0,0,0,0,0,0,0,0,0,0,0,0,0,0,0,0,0,0,0,0,0,0,0,0,0,0,0,0,0,0,0,0,0,0,0,0,0,0,0,0,0,0,0,0,0,0,0,0,0,0,0,0,0,0,0,0,0,0,0,0,0,0,0,0,0,0,0,0,0,0,0,0,0,0,0,0,0,0,0,0,0,0,0,0,0,0,0,0,0,0,0,0,0,0,0,0,0,0,0,0,0,0,0,0,0,0,0,0,0,0,0,0,0,0,0,0,0,0,0,0,0,0,0,0,0,0,0,0,0,0,0,0,0,0,0,0,0,0,0,0,0,0,0,0,0,0,0,0,0,0,0,0,0,0,4,52,25,26,14,11,9,13,12,5,7,2,52,59,48,28,32,30,10
map,naples,Naples,Maximilian284,max02,https://github.com/Maximilian284,maximilian284/subwaybuilder-it-maps,subwaybuilder-it-maps,435,0,0,0,0,0,0,0,23,3,0,1,2,2,2,2,7,3,1,3,6,2,8,1,2,2,2,3,2,6,4,8,4,4,3,8,7,0,0,1,3,2,1,3,3,1,1,3,1,5,0,1,3,4,2,1,3,4,2,4,1,2,1,0,1,1,1,1,1,0,2,2,1,1,1,0,2,3,2,0,1,0,1,0,1,0,2,2,2,1,3,1,0,0,1,3,1,3,0,2,0,0,3,3,2,2,2,0,0,1,1,5,1,4,0,0,0,0,3,0,1,1,1,0,1,1,0,0,1,0,0,29,3,23,8,11,4,4,11,7,7,4,10,6,2,1,2,3,5,0,6,1,4,2,2,3,0,2,3,0,4,1,3,0,0,0,0,2,2,1,2,1,0,0,2,1,0,0,3,1
map,tijuana-san-diego,Tijuana-San Diego,rslurry,slurry,https://github.com/rslurry,rslurry/subwaybuilder-maps,subwaybuilder-maps,434,0,0,0,0,0,0,0,0,0,0,0,0,0,0,0,0,0,0,0,0,0,0,0,0,0,0,0,0,0,0,0,0,0,0,0,0,0,0,0,0,0,0,0,0,0,0,0,0,0,0,0,0,0,0,0,0,0,0,11,16,15,12,6,8,8,6,4,7,10,7,4,4,1,5,2,1,1,3,1,0,2,4,17,23,8,8,4,1,3,7,4,1,4,3,4,1,3,0,1,5,2,1,0,7,3,0,1,2,0,3,3,1,2,3,1,2,2,1,0,2,1,0,1,0,1,0,0,20,14,6,13,5,2,7,3,4,1,4,6,8,4,1,5,2,7,1,6,7,1,2,3,1,0,1,2,1,0,0,0,4,0,2,1,6,1,2,2,0,0,1,1,0,1,0,0,0,0,2,0
map,yukina-matsuyama,松山 (Matsuyama),ahkimn,Yukina-,https://subwaybuildermodded.com/credits,ahkimn/subwaybuilder-jp-maps,subwaybuilder-jp-maps,432,20,4,3,5,9,1,0,0,5,0,0,2,20,1,4,1,1,1,3,5,3,6,1,0,2,7,0,4,2,2,0,1,3,4,0,0,0,1,1,7,4,1,2,1,0,0,0,1,3,3,0,1,0,1,0,0,1,0,0,0,0,1,2,0,0,0,3,1,0,1,0,1,0,0,0,1,3,0,0,0,0,0,0,0,0,0,2,0,1,2,0,0,1,0,2,0,0,0,0,0,0,1,0,0,0,0,0,0,0,0,0,0,1,0,0,0,0,0,0,1,0,0,0,0,1,0,0,0,0,0,1,0,3,3,2,5,1,6,11,6,5,6,5,1,2,0,1,3,10,17,20,13,14,15,12,12,13,10,3,2,0,5,25,12,2,1,2,2,2,0,1,0,1,1,0,1,0,3,0
mod,kr-ktp,Korean Transit Pack,kimth9,kimth9,https://github.com/kimth9,kimth9/sb_korean_transit_pack_v2,sb_korean_transit_pack_v2,427,0,0,0,0,0,0,0,0,0,0,0,0,0,0,0,0,0,0,0,0,0,0,0,0,0,0,0,0,0,0,0,0,0,0,0,0,0,0,0,0,0,4,8,12,21,18,8,14,12,6,5,10,8,6,9,5,4,3,7,6,6,7,3,3,3,4,1,2,5,1,3,0,2,3,2,4,2,1,3,1,2,1,5,2,1,2,1,2,3,4,4,1,2,4,3,2,7,4,3,0,3,1,0,7,1,2,4,3,3,2,3,3,2,1,1,1,2,0,0,1,2,1,1,1,1,1,2,3,1,3,10,6,3,4,4,3,5,4,3,4,0,4,3,3,2,1,0,2,1,4,2,1,1,1,2,4,2,1,1,2,1,0,0,1,1,1,1,1,0,0,2,0,1,0,2,0,0,1,1
map,au-syd2,Sydney,subway-builder-modded-admin,Subway Builder Modded,https://subwaybuildermodded.com,barkuperman/subwaybuilder-au-nz-maps,subwaybuilder-au-nz-maps,418,0,0,0,0,0,0,0,0,0,0,0,0,0,0,0,0,0,0,0,0,0,0,0,0,0,0,0,0,0,0,0,0,0,0,0,0,0,0,0,0,0,0,0,0,0,0,0,0,0,0,0,0,0,0,0,0,0,0,0,0,0,0,0,0,0,0,0,0,0,0,0,0,0,0,0,0,0,0,0,0,0,0,0,0,0,0,0,0,0,0,0,0,0,0,0,0,0,0,0,0,0,0,0,0,0,0,0,0,0,0,0,0,0,0,0,0,0,0,0,0,0,0,0,0,0,0,0,0,0,0,0,0,0,0,0,0,0,0,0,0,0,0,0,2,66,49,25,28,19,27,17,9,17,5,11,6,6,11,5,11,1,5,4,11,3,6,9,7,2,4,10,3,8,8,8,3,3,4,5
map,yukina-pl-lodz,Łódź,ahkimn,Yukina-,https://subwaybuildermodded.com/credits,ahkimn/subwaybuilder-eu-maps,subwaybuilder-eu-maps,407,0,0,0,0,0,0,0,0,0,0,0,0,0,0,0,0,0,0,0,0,0,0,0,0,0,0,0,0,0,0,0,0,0,0,0,0,0,0,0,0,0,0,0,0,0,0,0,0,0,0,0,0,0,0,0,0,6,4,8,3,2,8,1,6,8,9,3,4,0,2,11,4,7,4,3,2,3,0,0,0,2,0,0,8,5,3,1,3,2,2,1,0,8,1,3,1,0,0,2,0,1,3,0,4,0,2,0,0,1,4,1,0,0,0,0,3,0,0,0,0,2,9,8,4,3,3,2,3,2,2,5,4,6,3,0,4,1,4,7,3,1,0,1,2,0,2,1,2,3,3,0,1,2,2,2,1,1,3,15,16,8,8,36,16,8,6,8,6,5,0,2,1,0,1,4,1,1,2,2
map,yukina-kagoshima-kirishima,鹿児島 (Kagoshima),ahkimn,Yukina-,https://subwaybuildermodded.com/credits,ahkimn/subwaybuilder-jp-maps,subwaybuilder-jp-maps,404,21,5,3,3,9,4,1,3,1,0,1,0,2,1,1,2,2,1,3,5,4,5,3,1,3,3,2,5,3,0,3,2,4,0,1,3,0,0,0,0,1,0,1,0,0,0,1,0,5,2,0,2,0,0,0,0,1,1,0,0,0,0,1,0,0,0,1,0,0,0,3,0,0,0,0,1,0,0,0,0,0,0,0,1,0,0,0,0,0,3,0,0,0,0,2,0,2,0,1,0,0,0,0,0,0,0,0,0,0,1,0,0,1,0,0,0,0,0,0,1,0,0,0,0,2,0,0,0,0,1,1,0,0,0,0,0,0,2,7,8,3,10,4,1,2,4,1,2,9,21,17,15,16,16,11,14,12,9,4,6,1,4,26,9,3,2,1,3,2,2,4,0,3,0,1,0,1,2,0
map,yukina-kochi,高知 (Kōchi),ahkimn,Yukina-,https://subwaybuildermodded.com/credits,ahkimn/subwaybuilder-jp-maps,subwaybuilder-jp-maps,401,19,3,4,3,10,2,0,0,5,0,0,0,2,2,2,1,3,1,5,3,2,5,1,1,3,1,1,3,7,0,3,1,4,0,1,0,0,2,0,8,5,3,2,1,1,0,0,2,3,3,0,2,0,1,1,0,1,0,2,0,0,1,1,0,0,0,2,1,1,1,4,0,0,0,1,0,0,0,0,0,0,0,1,0,0,0,1,0,1,2,0,0,0,0,3,0,2,1,0,0,1,1,0,0,0,0,0,0,0,0,0,0,1,0,0,0,0,0,0,1,0,0,0,0,1,1,0,0,0,0,0,0,3,3,1,5,1,4,11,7,3,5,4,0,2,0,1,2,9,17,16,13,13,16,11,10,13,7,2,3,1,5,24,9,4,1,3,2,2,0,1,0,1,0,1,0,0,1,0
map,yukina-toyama,富山 (Toyama),ahkimn,Yukina-,https://subwaybuildermodded.com/credits,ahkimn/subwaybuilder-jp-maps,subwaybuilder-jp-maps,394,0,0,0,0,5,5,2,3,2,1,2,0,1,1,2,1,1,1,3,4,1,4,2,0,1,1,0,3,3,0,0,1,3,0,0,0,0,0,0,0,1,2,0,0,1,0,0,0,2,3,1,0,1,0,1,0,0,0,0,0,0,1,1,1,0,0,1,1,0,1,1,0,0,0,0,1,0,0,0,0,0,0,0,0,0,0,1,0,0,0,0,0,1,0,2,0,1,0,0,0,0,1,1,0,0,0,0,0,0,0,0,0,1,0,0,0,0,0,0,1,0,0,0,0,1,12,4,2,2,3,6,4,4,6,3,10,3,7,2,4,2,5,4,1,2,1,1,1,10,18,20,14,18,15,13,10,15,10,5,7,2,6,30,12,3,2,3,1,2,0,1,1,1,0,0,0,1,2,0
map,yukina-yamagata,山形 (Yamagata),ahkimn,Yukina-,https://subwaybuildermodded.com/credits,ahkimn/subwaybuilder-jp-maps,subwaybuilder-jp-maps,391,21,6,4,3,11,1,0,0,2,0,0,0,1,0,2,1,2,1,5,4,2,4,1,1,4,2,2,3,3,3,2,1,4,0,0,0,0,0,2,0,1,0,0,0,1,0,0,0,2,2,1,2,0,0,1,0,1,0,0,0,0,0,1,0,0,0,0,0,0,0,4,1,0,0,0,1,0,1,0,0,0,0,0,0,0,0,0,0,1,2,0,1,0,0,2,0,1,0,0,0,0,1,0,0,0,0,0,0,0,0,0,0,1,0,0,0,0,0,0,1,0,0,0,0,1,10,2,2,3,2,4,0,3,4,4,7,1,6,3,9,1,3,2,1,1,0,1,1,9,19,17,13,15,14,12,10,13,12,2,4,0,4,22,13,2,2,2,2,2,0,1,1,1,0,0,0,0,1,0
map,yukina-pl-poznan,Poznań,ahkimn,Yukina-,https://subwaybuildermodded.com/credits,ahkimn/subwaybuilder-eu-maps,subwaybuilder-eu-maps,386,0,0,0,0,0,0,0,0,0,0,0,0,0,0,0,0,0,0,0,0,0,0,0,0,0,0,0,0,0,0,0,0,0,0,0,0,0,0,0,0,0,0,0,0,0,0,0,0,0,0,0,0,0,0,0,0,0,0,0,0,0,0,0,7,4,9,2,2,2,4,11,5,3,7,2,2,1,0,0,0,2,0,1,8,2,1,5,3,5,1,1,2,1,2,4,0,1,1,1,1,0,0,1,1,0,0,3,0,1,1,2,0,0,0,0,1,0,0,0,0,2,9,6,3,6,7,0,5,3,7,3,4,6,5,1,2,0,4,7,3,2,2,3,2,0,3,2,1,2,2,0,0,3,2,1,1,3,4,17,15,9,9,36,17,11,3,7,4,3,1,5,4,1,3,2,2,2,3,3
map,lima,Lima,kaicardenas0618,kaicardenas0618,https://github.com/kaicardenas0618,kaicardenas0618/subway-builder-peru,subway-builder-peru,384,0,0,0,0,0,0,0,0,0,0,0,0,0,0,0,0,0,0,0,0,0,0,0,0,0,0,0,0,0,0,0,0,0,0,0,0,0,0,0,0,0,0,0,0,0,0,0,0,0,0,0,0,0,0,0,0,0,0,0,0,0,0,0,0,0,0,0,0,0,0,0,0,0,0,0,0,0,0,0,0,0,0,34,20,27,17,12,7,9,15,9,6,12,6,6,6,6,11,5,2,3,9,2,6,2,5,5,6,3,8,5,4,4,3,2,1,6,1,1,2,2,2,1,1,2,2,3,2,0,1,1,3,2,1,0,1,0,4,3,3,2,3,3,3,3,3,3,3,3,3,3,3,3,3,3,3,3,3,3,3,3,0,0,0,0,0,0,0,0,0,0,0,0,0,0,0,0,0,0
map,bangkok,Bangkok,nzh0172,naz,https://github.com/nzh0172,nzh0172/sb-bangkok,sb-bangkok,381,0,0,0,0,0,0,0,0,0,0,0,0,0,0,0,0,0,0,0,0,0,0,0,0,0,20,25,14,8,10,7,15,10,7,6,11,6,6,2,5,2,2,1,2,5,3,1,2,5,3,1,3,5,3,4,4,1,4,5,4,5,2,2,0,3,1,1,1,2,4,3,2,2,3,3,1,2,2,1,1,4,2,3,1,1,3,1,3,3,4,1,1,2,0,2,0,4,1,0,0,2,5,3,1,0,3,1,0,3,9,2,2,6,0,1,2,1,3,1,0,1,2,3,1,0,1,0,0,3,1,2,1,1,3,0,0,2,6,0,2,0,0,0,1,2,0,0,0,0,0,1,0,0,0,2,3,1,0,1,0,0,0,0,0,0,2,2,0,0,0,1,0,0,0,2,0,0,0,0
map,greater-newyork,Greater NYC,chasemanning040911-afk,lechicken,https://github.com/chasemanning040911-afk,lechicken-nyc/greater-new-york,greater-new-york,379,0,0,0,0,0,0,0,0,0,0,0,0,0,0,0,0,0,0,0,0,0,0,0,0,0,0,0,0,0,0,0,0,0,0,0,0,0,0,0,0,0,0,0,0,0,0,0,0,0,0,0,0,11,45,28,17,17,20,14,9,12,7,6,4,5,5,8,7,1,5,3,1,1,3,2,4,1,9,4,2,0,3,2,2,1,2,6,1,4,3,3,3,8,7,2,6,4,3,3,2,4,2,4,4,2,2,4,2,1,1,3,0,1,2,0,2,3,2,1,0,1,1,2,1,1,1,0,0,0,1,1,0,0,2,3,0,0,0,0,0,0,0,0,0,1,0,0,0,1,0,0,0,0,0,0,1,0,0,3,0,0,0,0,0,0,1,1,1,0,0,0,0,0,0,0,0,0,0,0
map,yukina-shizuoka-hamamatsu,静岡・浜松 (Shizuoka/Hamamatsu),ahkimn,Yukina-,https://subwaybuildermodded.com/credits,ahkimn/subwaybuilder-jp-maps,subwaybuilder-jp-maps,377,0,0,0,0,0,0,0,0,0,0,0,0,0,0,0,0,0,0,0,0,0,0,0,0,0,8,8,5,1,3,1,2,3,3,3,0,0,2,0,1,0,0,0,0,2,0,0,1,4,1,0,0,2,1,2,0,1,0,0,0,0,1,2,0,0,0,0,0,0,2,3,2,0,0,0,1,0,0,0,0,0,0,0,1,0,0,0,0,0,1,0,1,0,0,2,0,0,0,0,0,0,1,0,0,0,0,0,0,0,1,1,0,2,0,0,0,0,0,0,1,1,0,0,0,1,1,0,0,0,0,0,0,0,0,0,0,0,2,10,10,6,12,6,2,3,1,2,2,13,21,20,18,15,14,12,10,16,13,8,7,2,6,33,12,2,2,2,3,3,0,1,1,3,0,2,0,1,2,0
map,yukina-tw-tainan,臺南 (Tainan),ahkimn,Yukina-,https://subwaybuildermodded.com/credits,ahkimn/subwaybuilder-tw-maps,subwaybuilder-tw-maps,376,0,0,0,0,0,0,0,0,0,0,0,0,0,0,0,0,0,0,0,0,0,0,0,0,0,0,0,0,0,0,0,0,0,0,0,0,0,0,0,0,0,0,0,0,0,0,0,0,0,0,0,0,0,0,0,0,0,0,0,0,0,0,0,0,0,0,0,0,0,0,0,0,0,0,7,7,8,4,7,0,1,3,1,15,10,11,4,1,5,2,5,1,3,4,3,1,6,2,2,0,4,0,1,4,4,0,0,4,2,0,1,1,2,1,0,0,1,0,0,0,0,0,0,1,2,1,0,11,5,8,8,3,6,5,3,6,5,2,5,3,4,2,6,1,2,1,1,3,3,3,2,1,0,4,0,3,20,10,2,7,2,5,32,13,4,6,3,2,4,2,4,1,3,0,2,1,2,3,0
map,yukina-ua-kyiv,Київ / Kyiv,ahkimn,Yukina-,https://subwaybuildermodded.com/credits,ahkimn/subwaybuilder-eu-maps,subwaybuilder-eu-maps,375,0,0,0,0,0,0,0,0,0,0,0,0,0,0,0,0,0,0,0,0,0,0,0,0,0,0,0,0,0,0,0,0,0,0,0,0,0,0,0,0,0,0,0,0,0,0,0,0,0,0,0,0,0,0,0,0,0,0,0,0,0,0,0,0,0,0,0,0,0,0,0,0,0,0,0,0,0,0,0,0,0,0,0,0,0,0,0,0,0,0,0,0,0,0,0,0,0,0,0,0,0,0,0,0,0,0,0,0,0,0,0,0,0,0,0,0,0,0,0,2,37,21,14,6,7,9,4,5,5,10,29,10,9,12,11,13,10,6,4,8,5,6,11,4,3,1,3,5,2,6,3,2,5,6,3,3,4,5,1,6,4,3,3,4,3,1,1,5,2,1,2,3,3,12,2,1,4,5,0
map,mfn-madisonwi,Madison,crumpetime,muffintime,https://github.com/crumpetime,crumpetime/sb-maps-msn,sb-maps-msn,373,0,0,0,3,11,9,8,6,7,3,11,10,5,1,7,4,5,5,3,6,5,3,8,3,1,3,3,2,9,2,6,5,6,8,2,4,6,2,4,3,2,1,5,3,3,1,2,3,1,1,1,1,3,4,4,1,0,1,2,2,1,5,4,0,2,1,1,2,0,2,2,0,1,1,3,0,3,1,2,3,0,1,3,0,0,0,0,2,0,3,6,0,1,0,1,1,2,1,1,0,2,2,4,2,0,1,1,0,2,1,1,0,2,0,0,1,0,0,0,1,1,2,0,0,0,0,0,0,2,2,1,0,0,0,1,0,0,5,1,1,1,1,1,1,1,1,1,1,1,1,1,1,1,1,1,1,1,1,1,1,1,1,1,1,1,1,1,1,1,1,1,1,1,1,3,4,4,4,2
mod,train-anarchy,Train Anarchy,seanyushoumori,seanyushoumori,https://github.com/seanyushoumori,seanyushoumori/train-anarchy,train-anarchy,371,0,0,0,0,0,0,0,0,0,0,0,0,0,0,0,0,0,0,0,0,0,0,0,0,0,0,0,0,0,0,0,0,0,0,0,0,0,0,0,0,0,0,0,0,0,0,0,0,0,0,0,0,0,0,0,0,0,0,0,0,0,0,0,0,0,0,0,0,0,0,0,0,0,0,0,0,0,0,0,0,0,0,0,0,0,0,0,0,0,0,0,0,0,0,0,0,0,0,0,0,0,0,0,0,0,0,0,0,0,0,0,0,0,0,0,0,0,0,0,0,0,0,0,0,0,0,0,0,0,0,0,40,36,23,6,17,10,7,10,12,4,6,7,10,7,8,6,4,8,15,5,9,3,7,5,7,5,4,7,5,3,1,5,7,1,5,3,5,2,4,9,3,7,2,4,7,4,3,3
map,daytonatti,Daytonatti,soccerjonj,soccerjonj,https://github.com/soccerjonj,soccerjonj/daytonnati,Daytonnati,367,0,0,0,0,0,0,0,0,0,0,0,0,0,0,0,0,0,0,0,0,0,0,0,7,5,7,7,4,3,3,5,1,7,12,6,4,2,3,3,2,1,8,6,5,5,1,1,24,3,6,1,0,1,0,0,2,3,5,6,3,3,11,4,4,6,4,1,4,3,4,8,0,2,2,0,5,12,4,1,1,2,1,9,2,3,6,2,3,1,8,3,3,2,0,1,2,0,0,0,2,0,0,2,2,1,0,1,0,1,1,2,0,2,0,0,1,0,5,0,1,1,0,0,0,0,0,0,0,0,0,0,0,0,0,0,0,0,3,1,1,1,1,1,1,1,1,1,1,1,1,1,1,1,1,1,1,1,1,1,1,1,1,1,1,1,1,1,1,1,1,1,1,1,1,3,4,4,4,2
map,cape-town,Cape Town,worstboyinaustral1a,worstboyinaustral1a,https://github.com/worstboyinaustral1a,worstboyinaustral1a/subway-builder-za,subway-builder-za,360,0,0,0,0,0,0,0,0,0,0,0,0,0,0,0,0,0,0,0,0,0,0,0,0,0,0,0,0,0,0,0,0,0,0,0,0,0,0,0,0,0,0,0,0,0,0,0,0,0,0,0,0,0,0,0,0,0,0,0,0,0,0,0,0,0,0,0,0,0,0,0,0,0,0,0,0,0,0,0,0,0,0,0,0,0,0,0,0,0,0,0,0,0,0,0,0,0,0,0,0,0,0,0,0,0,0,0,0,0,0,0,0,0,0,0,0,0,0,0,0,0,28,40,38,15,10,8,9,5,11,11,9,8,4,11,5,19,11,6,5,2,6,8,4,5,2,4,5,4,7,3,4,6,9,0,3,2,2,2,2,1,1,5,1,2,1,2,1,3,2,1,0,1,2,2,0,0,2,0
map,lyon,Lyon - Vallée du Rhône & Alpes,pierreggt,pierreggt,https://github.com/pierreggt,pierreggt/subwaybuilder-maps-france,subwaybuilder-maps-france,357,0,0,0,0,0,0,0,0,0,0,0,0,0,0,0,0,0,0,0,0,0,0,0,0,0,0,0,0,0,0,0,0,0,0,0,0,0,0,0,0,0,0,0,0,0,0,0,0,0,0,0,0,0,0,0,0,0,0,0,0,0,0,0,0,0,0,0,0,0,0,0,0,0,0,0,0,0,0,0,0,0,0,0,0,0,0,0,0,0,0,0,0,0,0,0,0,0,0,0,0,0,0,0,0,0,0,0,0,0,0,0,0,0,0,0,0,0,0,0,0,0,0,0,0,0,0,0,0,0,0,0,3,34,15,14,10,12,7,7,10,4,16,8,6,4,4,3,3,2,7,6,12,11,9,10,9,8,5,2,1,1,1,0,1,1,27,13,14,9,7,12,2,1,5,7,2,5,6,1
map,yukina-cz-plzen,Plzeň,ahkimn,Yukina-,https://subwaybuildermodded.com/credits,ahkimn/subwaybuilder-eu-maps,subwaybuilder-eu-maps,355,0,0,0,0,0,0,0,0,0,0,0,0,0,0,0,0,0,0,0,0,0,0,0,0,0,0,0,0,0,0,0,0,0,0,0,0,0,0,0,0,0,0,0,0,0,0,11,11,2,2,2,3,3,5,7,5,3,2,0,3,1,0,2,3,0,3,0,1,2,9,4,3,3,1,1,3,0,0,0,1,1,0,0,0,0,1,0,1,0,2,1,0,0,0,3,0,0,0,5,5,5,1,2,0,0,1,0,0,1,2,2,2,0,1,0,3,0,0,0,0,0,5,7,1,2,4,0,1,3,2,2,5,4,0,2,1,2,6,3,5,4,2,2,1,4,2,2,2,3,1,0,0,0,3,0,1,1,1,0,1,0,0,1,1,0,0,17,19,17,11,7,3,12,9,7,8,8,10,5
map,oklahoma-city,Oklahoma City,ryandicicco,ryandicicco,https://github.com/ryandicicco,ryandicicco/subway-builder-maps,Subway-Builder-Maps,348,0,0,0,0,0,0,0,0,0,0,0,0,0,0,0,0,0,0,0,0,0,8,8,2,5,2,3,4,2,3,0,13,13,8,4,7,1,3,1,2,1,3,1,0,0,2,1,3,0,0,1,0,0,4,3,1,0,2,1,1,0,0,1,0,0,3,1,2,1,2,3,1,1,1,1,1,0,0,1,0,2,2,1,0,0,1,2,0,0,0,1,1,2,0,2,1,1,2,0,0,0,1,3,1,1,1,0,0,0,0,3,1,0,0,0,1,0,0,2,0,1,0,2,0,0,2,0,0,7,13,31,8,8,3,5,7,4,6,5,2,6,8,5,4,4,7,3,4,4,3,2,3,3,2,2,1,1,1,1,1,0,1,3,1,0,0,0,1,1,0,0,0,3,0,1,0,2,1,1
map,seoul,Seoul,cromstar,cromstar,https://github.com/cromstar,cromstar/subwaybuilder-seoul-map,subwaybuilder-seoul-map,348,0,0,0,0,0,0,0,0,0,0,0,0,0,0,0,0,0,0,0,0,0,0,0,0,0,0,0,0,0,0,0,0,0,0,0,0,0,0,0,0,0,0,0,0,0,0,0,0,0,0,0,0,0,0,0,0,0,0,0,0,0,0,0,0,0,0,0,0,0,0,0,0,0,0,0,0,0,0,0,0,0,0,0,0,0,0,0,0,0,0,0,0,0,0,0,0,0,0,0,0,0,0,0,0,0,0,0,0,0,0,0,0,0,0,0,0,0,0,0,0,0,0,0,0,0,0,0,0,0,0,0,0,0,0,0,0,0,0,0,0,0,0,0,0,0,0,0,0,0,0,0,0,0,34,63,36,24,20,17,18,11,8,6,7,11,9,9,6,0,7,7,4,9,7,10,6,9,8,2
map,yukina-bydgoszcz-torun,Bydgoszcz - Toruń,ahkimn,Yukina-,https://subwaybuildermodded.com/credits,ahkimn/subwaybuilder-eu-maps,subwaybuilder-eu-maps,341,0,0,0,0,0,0,0,0,0,0,0,0,0,0,0,0,0,0,0,0,0,0,0,0,0,0,0,0,0,0,0,0,0,0,0,0,0,0,0,0,0,0,0,0,0,0,0,0,0,0,0,0,0,0,0,0,4,4,8,3,3,5,3,6,7,5,7,2,1,6,7,5,4,4,4,2,0,0,0,0,1,0,1,3,6,3,2,2,5,3,0,0,1,0,4,0,0,2,2,1,0,1,0,1,1,0,0,0,2,2,3,0,2,0,0,3,1,0,0,0,2,8,5,4,4,1,2,1,2,5,2,4,6,3,1,1,3,3,4,2,1,1,2,0,1,2,1,1,1,1,0,0,1,2,0,0,2,3,14,11,8,2,32,13,10,6,2,2,6,1,2,2,0,0,1,0,1,3,1
map,yukina-cz-ustecko-chomutov,Ústí nad Labem - Chomutov,ahkimn,Yukina-,https://subwaybuildermodded.com/credits,ahkimn/subwaybuilder-eu-maps,subwaybuilder-eu-maps,337,0,0,0,0,0,0,0,0,0,0,0,0,0,0,0,0,0,0,0,0,0,0,0,0,0,0,0,0,0,0,0,0,0,0,0,0,0,0,0,0,0,0,0,0,0,0,0,6,4,4,2,2,3,6,7,5,0,1,2,1,1,0,2,0,0,4,0,1,2,12,5,1,3,1,1,1,0,0,0,1,0,0,0,0,0,0,0,1,1,1,1,1,0,0,3,0,1,0,2,5,6,1,1,1,0,2,1,0,1,0,2,1,0,0,0,1,0,0,0,1,0,6,6,1,2,2,0,2,3,4,3,3,1,0,1,2,1,5,4,7,4,1,7,3,2,4,1,2,2,2,2,0,0,2,0,1,1,0,0,1,0,0,1,0,0,0,19,19,18,11,8,3,11,8,7,8,10,9,5
map,nz-auckland,Auckland,subway-builder-modded-admin,Subway Builder Modded,https://subwaybuildermodded.com,barkuperman/subwaybuilder-au-nz-maps,subwaybuilder-au-nz-maps,324,0,0,0,0,0,0,0,0,0,0,0,0,0,0,0,0,0,0,0,0,0,0,0,0,0,0,0,0,0,0,0,0,0,0,0,0,0,0,0,0,0,0,0,0,0,0,0,0,0,0,0,0,0,0,0,0,0,0,0,0,0,0,0,0,0,0,0,0,0,0,0,0,0,0,0,0,0,0,0,0,0,0,0,0,0,0,0,0,0,0,0,0,0,0,0,0,0,0,0,0,0,0,0,0,0,0,0,0,0,0,0,0,0,0,0,0,0,0,0,0,0,0,0,0,0,0,0,0,0,0,0,0,0,0,0,0,0,0,0,0,0,0,0,2,58,48,21,18,16,15,10,12,12,4,4,6,4,7,5,7,3,5,3,5,3,2,7,7,3,4,5,0,4,2,3,7,5,5,2
map,yukina-asahikawa,旭川 (Asahikawa),ahkimn,Yukina-,https://subwaybuildermodded.com/credits,ahkimn/subwaybuilder-jp-maps,subwaybuilder-jp-maps,321,0,0,0,0,0,0,0,0,0,0,0,0,0,0,0,0,0,0,0,0,0,0,0,0,0,5,5,8,0,2,3,2,1,1,1,0,1,9,0,0,2,1,0,0,4,0,0,1,3,0,0,0,0,2,1,1,0,0,0,0,0,1,1,0,0,2,0,1,1,0,2,2,0,0,0,1,0,0,0,0,0,0,0,0,0,0,0,0,2,0,0,0,1,0,2,0,0,0,0,0,0,1,0,0,0,0,0,0,0,0,0,0,1,1,1,0,0,0,0,2,0,0,0,0,2,0,0,0,0,0,1,0,0,0,0,2,0,2,9,9,4,7,4,2,4,1,2,2,9,19,16,15,15,15,11,13,11,8,3,4,1,5,25,10,2,2,1,3,2,0,2,0,1,0,0,0,0,2,0
map,san-antonio,San Antonio,rslurry,slurry,https://github.com/rslurry,rslurry/subwaybuilder-maps,subwaybuilder-maps,319,0,0,0,0,0,0,0,0,0,0,0,0,0,0,0,2,0,0,0,2,1,3,3,4,4,2,2,2,6,1,4,3,8,1,0,1,2,2,2,1,1,2,1,2,0,1,0,3,2,1,1,0,0,5,2,2,1,2,0,0,0,0,2,0,0,2,2,0,0,2,0,0,1,0,1,0,2,1,0,4,0,1,1,1,0,1,0,0,0,3,1,1,2,0,2,0,1,0,0,0,0,0,1,3,0,0,0,1,1,1,1,0,2,0,0,0,1,1,0,0,1,0,1,0,2,0,0,0,20,16,11,3,8,7,12,6,6,5,5,7,3,12,3,4,4,1,6,5,0,3,7,2,3,0,3,0,1,3,3,1,2,2,0,5,2,0,2,1,2,0,0,0,0,0,0,2,1,1,0
map,bucharest-medium,Bucharest,metatablestudios,metatablestudios,https://github.com/metatablestudios,metatablestudios/subwaybuilder-romania,subwaybuilder-romania,313,0,0,0,0,0,0,0,0,0,0,0,0,0,0,0,0,0,0,0,0,0,24,18,19,15,16,9,0,12,7,12,0,0,0,0,0,0,0,0,0,0,0,0,0,0,0,0,0,0,0,0,0,0,0,0,0,0,0,0,0,0,0,0,0,0,0,0,0,0,0,0,0,0,0,0,0,0,0,0,0,0,0,0,0,0,0,0,0,0,0,0,0,0,0,0,0,0,0,0,0,0,0,0,0,0,0,0,0,0,16,35,23,10,4,9,7,8,12,2,1,1,2,1,0,5,1,1,2,1,1,0,2,0,6,2,0,1,6,2,0,0,1,2,1,3,0,1,0,0,1,1,0,1,0,1,0,0,0,1,0,1,2,0,2,0,0,0,0,0,0,0,0,0,0,0,1,1,0,0
map,san-juan,San Juan,rslurry,slurry,https://github.com/rslurry,rslurry/subwaybuilder-maps,subwaybuilder-maps,313,0,0,0,0,0,0,0,0,0,0,7,4,4,4,1,2,3,1,5,5,2,3,4,2,2,4,2,5,13,6,8,4,4,4,6,5,0,0,1,3,0,2,1,0,0,1,3,2,1,1,2,1,1,4,1,3,0,0,0,1,0,3,0,0,0,0,1,2,0,0,0,1,1,0,0,3,2,2,1,0,1,1,1,0,1,1,0,1,3,1,0,0,1,1,3,0,1,1,0,0,0,0,0,1,1,1,0,0,1,1,1,0,0,0,0,0,0,1,0,0,0,0,0,0,1,1,0,0,15,9,6,2,5,4,10,5,2,4,5,7,4,0,4,0,5,2,3,4,1,6,1,3,0,1,3,0,0,0,1,0,0,4,2,5,1,1,2,0,3,0,0,0,1,0,0,0,0,2,0
map,mfn-hamptonroads,Norfolk,crumpetime,muffintime,https://github.com/crumpetime,crumpetime/sb-maps-orf,sb-maps-orf,312,0,0,2,11,9,4,4,6,3,2,9,6,7,3,4,4,5,0,0,6,5,3,3,4,5,2,3,3,0,0,0,0,0,0,0,0,0,0,0,0,0,0,0,0,0,0,0,0,0,0,0,0,0,0,0,0,0,0,0,0,0,0,0,0,0,0,0,0,0,0,0,0,0,0,0,0,0,0,0,0,0,0,0,1,0,0,0,0,0,1,2,0,1,0,0,0,2,3,0,2,0,3,2,1,0,0,1,2,0,1,2,1,3,0,0,1,0,0,0,0,1,1,0,0,1,0,0,0,0,0,3,1,4,28,20,8,12,14,2,3,1,6,3,5,3,6,0,5,1,5,2,2,1,0,1,2,1,1,3,3,5,1,0,1,1,0,1,2,2,1,0,0,3,1,0,2,0,1,0
map,marseille,Marseille - Provence,pierreggt,pierreggt,https://github.com/pierreggt,pierreggt/subwaybuilder-maps-france,subwaybuilder-maps-france,311,0,0,0,0,0,0,0,0,0,0,0,0,0,0,0,0,0,0,0,0,0,0,0,0,0,0,0,0,0,0,0,0,0,0,0,0,0,0,0,0,0,0,0,0,0,0,0,0,0,0,0,0,0,0,0,0,0,0,0,0,0,0,0,0,0,0,0,0,0,0,0,0,0,0,0,0,0,0,0,0,0,0,0,0,0,0,0,0,0,0,0,0,0,0,0,0,0,0,0,0,0,0,0,0,0,0,0,0,0,0,0,0,0,0,0,0,0,0,0,0,0,0,0,0,0,0,0,0,0,0,0,3,34,15,15,4,9,4,5,9,2,4,4,4,3,8,3,3,2,5,6,9,9,7,8,8,7,5,2,1,1,0,22,15,2,14,10,16,6,2,7,3,0,3,2,1,3,4,2
map,cdmx-core,CDMX Core,rslurry,slurry,https://github.com/rslurry,rslurry/subwaybuilder-maps,subwaybuilder-maps,308,0,0,0,0,0,0,0,0,0,0,0,0,0,0,0,0,0,0,0,0,0,0,0,0,0,0,0,0,0,0,0,0,0,0,0,0,0,0,0,0,0,0,0,0,0,0,0,0,0,0,0,0,0,0,0,0,0,0,0,13,13,14,7,5,5,7,3,3,1,4,2,1,0,1,2,1,0,6,0,2,1,4,1,1,0,2,1,1,4,1,2,3,4,2,3,0,2,1,0,1,0,1,2,1,1,0,1,1,2,4,1,2,3,0,0,2,0,0,1,0,1,1,1,0,0,25,14,5,5,10,8,4,5,7,4,2,3,4,8,6,3,0,3,6,1,3,6,3,2,2,3,1,0,0,3,0,0,1,0,1,1,1,0,3,0,0,1,0,0,1,0,0,0,0,1,1,0,2,0
map,yukina-tsugaru,津軽 (Tsugaru),ahkimn,Yukina-,https://subwaybuildermodded.com/credits,ahkimn/subwaybuilder-jp-maps,subwaybuilder-jp-maps,308,0,0,0,0,0,0,0,0,0,0,0,0,0,0,0,0,0,0,0,0,0,0,0,0,0,4,4,4,3,2,1,2,3,1,0,0,1,6,1,2,2,0,0,0,1,2,0,0,6,1,0,0,1,0,1,0,1,0,0,0,0,0,1,0,0,1,0,2,0,1,0,0,0,0,0,1,0,0,0,0,0,0,0,0,0,0,0,0,1,1,0,0,0,0,2,0,0,0,0,0,0,1,1,0,0,0,0,0,0,0,0,0,1,0,0,0,0,0,0,1,0,0,0,0,3,0,0,0,0,0,0,0,3,3,5,6,1,4,11,8,3,3,3,0,0,0,1,2,9,17,15,12,15,14,14,11,13,6,3,5,0,4,23,11,3,0,1,3,2,1,2,1,1,0,1,0,1,1,0
map,yukina-cz-hradec-pardubice,Hradec Králové - Pardubice,ahkimn,Yukina-,https://subwaybuildermodded.com/credits,ahkimn/subwaybuilder-eu-maps,subwaybuilder-eu-maps,306,0,0,0,0,0,0,0,0,0,0,0,0,0,0,0,0,0,0,0,0,0,0,0,0,0,0,0,0,0,0,0,0,0,0,0,0,0,0,0,0,0,0,0,0,0,0,0,5,3,0,3,1,3,6,4,4,1,1,0,1,0,1,2,0,0,3,0,2,3,10,2,0,2,1,1,1,0,0,0,1,0,0,0,0,0,0,0,1,0,2,1,0,1,1,3,0,0,0,2,3,5,4,1,0,1,2,0,1,1,0,2,1,0,1,0,5,0,0,0,0,0,5,5,1,2,2,0,1,3,1,4,3,2,0,1,1,2,6,3,4,4,1,3,2,3,2,0,2,2,1,0,0,0,2,0,0,1,0,0,0,0,0,2,1,0,0,19,20,18,11,7,2,12,9,7,8,8,9,5
map,yukina-nakaumi,中海 (Nakaumi),ahkimn,Yukina-,https://subwaybuildermodded.com/credits,ahkimn/subwaybuilder-jp-maps,subwaybuilder-jp-maps,305,0,0,0,0,5,5,2,2,2,0,2,0,1,1,1,1,0,1,3,2,2,9,2,1,1,3,0,2,2,0,1,2,2,0,1,0,2,8,0,1,2,1,0,0,2,0,0,0,3,2,0,0,0,0,2,1,0,0,0,0,0,0,1,0,0,1,0,0,0,1,0,0,0,0,2,0,1,0,1,0,0,0,0,0,0,0,0,0,0,0,0,0,0,0,2,0,2,0,0,0,0,1,0,0,0,0,0,0,0,0,0,0,1,0,0,0,0,0,0,1,0,0,0,0,1,0,0,0,0,0,0,0,3,1,3,4,1,2,1,3,2,3,3,0,2,0,1,1,10,17,19,12,13,13,12,10,11,7,4,2,1,4,22,10,1,1,2,1,3,0,1,1,1,0,0,0,1,1,0
map,yukina-tw-hsinchu,新竹 (Hsinchu),ahkimn,Yukina-,https://subwaybuildermodded.com/credits,ahkimn/subwaybuilder-tw-maps,subwaybuilder-tw-maps,305,0,0,0,0,0,0,0,0,0,0,0,0,0,0,0,0,0,0,0,0,0,0,0,0,0,0,0,0,0,0,0,0,0,0,0,0,0,0,0,0,0,0,0,0,0,0,0,0,0,0,0,0,0,0,0,0,0,0,0,0,0,0,0,0,0,0,0,0,0,0,0,0,0,0,10,8,5,3,5,0,1,2,0,8,6,6,4,2,5,2,2,0,2,3,4,0,4,0,0,1,1,0,0,1,2,0,0,1,1,2,0,0,1,1,0,0,2,0,0,0,0,0,0,0,1,1,0,8,9,12,10,3,15,6,4,16,7,7,16,2,0,0,0,0,0,0,0,0,0,0,0,0,0,0,0,0,16,6,2,8,0,4,27,12,2,1,2,2,2,1,1,1,2,0,1,1,1,1,0
map,yukina-cz-olomouc,Olomouc,ahkimn,Yukina-,https://subwaybuildermodded.com/credits,ahkimn/subwaybuilder-eu-maps,subwaybuilder-eu-maps,304,0,0,0,0,0,0,0,0,0,0,0,0,0,0,0,0,0,0,0,0,0,0,0,0,0,0,0,0,0,0,0,0,0,0,0,0,0,0,0,0,0,0,0,0,0,0,0,6,4,0,1,2,5,6,5,5,1,1,0,3,0,0,3,0,0,3,0,2,3,9,5,1,2,2,1,1,0,0,0,1,0,0,0,0,0,0,0,2,0,1,1,0,0,0,3,0,0,0,3,4,4,1,1,1,0,1,2,0,2,0,0,1,0,0,0,2,0,0,0,0,1,4,4,0,3,2,0,1,3,1,4,3,3,0,2,1,2,5,5,2,4,3,2,1,2,2,1,2,2,1,0,0,0,3,1,0,1,0,0,0,0,0,1,0,0,0,20,17,18,11,8,2,10,9,7,8,8,9,4
map,yukina-nakadoori,中通り (Nakadōri),ahkimn,Yukina-,https://subwaybuildermodded.com/credits,ahkimn/subwaybuilder-jp-maps,subwaybuilder-jp-maps,304,0,0,0,0,0,0,0,0,0,0,0,0,0,0,0,0,0,0,0,0,0,0,0,0,0,3,2,3,1,2,1,1,1,1,0,0,2,3,0,0,2,0,1,0,1,0,0,1,2,1,0,0,0,0,1,1,0,0,0,0,0,0,1,0,0,1,0,2,0,1,2,0,0,0,0,1,0,0,0,0,0,0,0,0,0,0,0,0,0,0,0,1,0,0,2,0,0,0,2,0,0,1,0,0,0,0,0,1,0,0,0,0,1,0,0,0,0,0,0,1,0,0,0,0,2,1,0,0,0,0,0,0,3,6,4,5,2,6,10,8,4,3,4,2,1,1,1,3,10,18,17,13,14,14,12,10,13,7,6,3,0,5,25,10,1,1,2,4,2,0,1,0,1,1,0,0,0,1,0
map,yukina-okayama,岡山 (Okayama),ahkimn,Yukina-,https://subwaybuildermodded.com/credits,ahkimn/subwaybuilder-jp-maps,subwaybuilder-jp-maps,301,0,0,0,0,0,0,0,0,0,0,0,0,1,2,2,5,1,1,2,2,0,2,2,0,2,2,0,0,3,0,2,2,1,2,2,0,2,1,0,0,1,0,0,0,0,0,0,0,2,0,0,0,1,0,0,2,0,1,0,0,0,1,1,0,0,0,0,1,0,1,2,0,0,0,0,2,0,0,0,0,1,0,0,0,0,0,1,0,0,1,0,0,0,0,2,1,1,0,0,0,0,2,0,0,0,0,0,0,0,0,0,0,1,0,0,0,0,0,0,1,0,0,0,0,1,0,0,0,0,1,1,0,0,0,0,0,0,1,6,6,4,6,5,2,1,1,1,1,11,17,20,12,15,15,12,10,13,8,2,3,1,5,24,11,2,2,3,2,2,0,1,1,3,1,1,0,0,2,0
map,turin,Turin,Maximilian284,max02,https://github.com/Maximilian284,maximilian284/subwaybuilder-it-maps,subwaybuilder-it-maps,298,6,3,1,2,2,1,0,1,2,0,2,0,1,1,1,5,3,2,1,6,4,5,0,2,2,1,2,2,5,5,3,2,5,4,2,3,1,0,0,2,0,1,0,1,1,1,3,4,1,1,1,3,3,1,4,0,0,0,2,0,4,0,0,2,1,0,1,1,1,1,1,1,0,1,1,0,0,0,0,1,0,0,2,1,0,1,1,1,1,1,2,0,1,1,2,1,1,3,1,0,2,2,2,0,1,1,0,0,1,1,1,0,1,0,0,0,2,3,0,1,1,1,0,0,1,0,0,0,0,0,2,17,11,6,5,7,3,5,12,5,2,4,4,0,2,1,0,1,0,5,0,2,0,1,1,1,1,2,2,2,0,2,1,0,0,1,2,1,0,1,5,0,1,1,1,0,0,3,1
map,yukina-takamatsu,高松 (Takamatsu),ahkimn,Yukina-,https://subwaybuildermodded.com/credits,ahkimn/subwaybuilder-jp-maps,subwaybuilder-jp-maps,294,0,0,0,0,5,2,0,0,2,0,0,0,0,0,4,2,0,1,2,2,1,3,1,0,3,2,3,4,2,0,0,1,2,4,0,0,0,1,0,0,1,1,0,0,0,0,0,0,3,2,0,0,0,1,0,0,0,0,0,0,0,0,1,0,0,0,0,1,0,1,2,0,0,0,0,1,0,0,0,0,0,0,0,0,0,0,1,0,0,0,0,0,0,0,3,0,2,0,0,0,0,1,0,0,0,0,0,0,0,0,0,0,1,0,0,0,0,0,0,1,0,0,0,0,1,0,0,0,0,0,1,0,0,0,0,0,0,2,8,5,3,4,10,2,1,2,2,1,9,17,15,13,14,13,12,11,13,8,2,2,0,6,25,11,1,1,2,1,2,0,2,0,1,0,0,0,0,1,0
map,richmond,Richmond,rslurry,slurry,https://github.com/rslurry,rslurry/subwaybuilder-maps,subwaybuilder-maps,291,17,1,3,4,4,2,2,3,1,0,4,2,2,1,2,0,1,0,2,5,2,4,1,2,1,2,4,3,5,4,5,0,6,1,1,2,2,2,2,5,2,1,0,1,0,1,1,2,0,0,1,0,0,2,3,1,0,1,2,1,0,0,0,0,0,1,1,0,1,1,0,0,1,0,1,1,0,0,1,0,1,1,1,0,0,1,0,1,1,1,0,0,0,1,3,0,0,0,0,1,0,0,1,2,0,1,0,0,1,1,1,0,1,0,0,0,0,0,0,1,1,0,0,0,1,0,0,0,12,11,16,8,6,7,1,3,4,3,7,6,2,2,2,2,1,2,3,4,0,3,3,0,1,2,2,0,1,1,0,3,3,1,0,6,0,0,1,0,0,2,0,0,0,0,0,0,0,0,0
mod,demand-clusters,Demand Clusters,m4d5hr1mp,m4d5hr1mp,https://github.com/m4d5hr1mp,m4d5hr1mp/sb-mods,SB-Mods,290,0,0,0,0,0,0,0,0,0,0,0,0,0,0,0,0,0,0,0,0,0,0,0,0,0,0,0,0,0,0,0,0,0,0,0,0,0,0,0,0,0,0,0,0,0,0,0,0,0,0,0,0,0,0,0,0,0,0,0,0,0,0,0,0,0,0,0,0,0,0,0,0,0,0,0,0,0,0,0,0,0,0,0,0,0,0,0,0,0,0,0,0,0,0,0,0,0,0,0,0,0,0,0,0,0,0,0,0,0,0,0,0,0,0,0,0,0,0,0,0,0,0,0,0,0,0,0,0,0,0,0,0,0,0,0,0,0,0,30,32,14,19,15,18,10,13,6,6,7,10,9,15,10,3,6,1,5,4,4,4,2,4,2,4,3,1,1,2,4,4,3,0,4,2,3,5,1,2,2
map,jerusalem,Jerusalem,BarKuperman,BarKuperman,https://github.com/BarKuperman,barkuperman/jerusalem-sb-map,jerusalem-sb-map,287,20,3,4,6,3,2,2,5,2,0,5,2,5,1,4,5,4,1,0,7,1,8,3,1,1,3,3,0,3,6,6,0,17,6,8,2,3,2,0,3,2,0,2,3,1,1,1,2,1,1,3,3,1,2,1,0,1,0,0,3,0,3,0,2,0,0,1,0,0,1,1,0,0,1,0,0,0,0,0,2,2,1,2,0,1,2,0,2,0,1,2,0,0,1,0,2,2,0,0,0,2,1,1,1,0,1,1,0,0,0,1,0,3,0,1,0,1,0,1,0,1,0,0,0,0,1,0,0,0,0,0,1,0,0,0,0,0,3,1,1,1,1,1,1,1,1,1,1,1,1,1,1,1,1,1,1,1,1,1,1,1,1,1,1,1,1,1,1,1,1,1,1,1,1,3,4,4,4,2
map,yukina-kumamoto,熊本 (Kumamoto),ahkimn,Yukina-,https://subwaybuildermodded.com/credits,ahkimn/subwaybuilder-jp-maps,subwaybuilder-jp-maps,287,0,0,0,0,0,0,0,0,0,0,0,0,0,0,0,0,0,0,0,0,0,0,0,0,0,0,0,0,0,0,0,0,0,0,0,0,1,1,0,1,4,0,1,0,1,0,0,1,3,0,0,0,1,0,1,0,1,0,0,0,0,3,1,0,0,1,0,0,0,0,3,1,0,0,0,2,0,0,0,0,0,0,0,0,0,0,0,0,0,1,0,0,0,0,3,0,0,0,0,1,0,1,0,0,2,0,0,1,0,0,0,0,1,0,0,0,0,1,1,1,0,0,0,0,1,0,0,0,0,0,1,0,0,0,0,0,0,1,7,6,4,7,5,2,2,1,1,1,10,22,16,15,15,16,14,10,14,8,3,5,1,5,24,13,3,2,2,3,3,0,2,0,1,0,0,0,0,1,0
map,florence,Florence,Maximilian284,max02,https://github.com/Maximilian284,maximilian284/subwaybuilder-it-maps,subwaybuilder-it-maps,286,8,4,0,6,4,0,0,0,2,0,5,0,1,1,2,5,2,0,3,4,2,5,1,2,1,4,2,4,9,3,5,3,5,2,3,4,3,1,1,2,0,0,0,1,1,0,1,2,2,0,1,1,2,1,0,0,0,1,2,2,0,1,1,1,3,0,0,0,0,1,1,0,0,1,2,1,0,0,0,0,1,0,2,1,0,2,0,2,0,4,1,1,0,0,2,0,1,0,0,1,0,2,0,0,0,1,0,0,0,0,2,1,2,0,1,1,0,3,0,0,1,1,0,1,1,0,0,0,0,0,6,12,6,7,4,3,5,10,8,5,1,6,5,0,1,1,2,1,0,4,1,0,1,2,1,0,2,0,0,1,1,0,1,3,0,0,2,1,4,1,2,0,0,0,0,0,0,3,0
map,greater-portland,Greater Portland,rslurry,slurry,https://github.com/rslurry,rslurry/subwaybuilder-maps,subwaybuilder-maps,283,0,0,0,0,0,0,0,0,0,0,0,0,0,0,0,0,0,0,0,0,0,0,0,0,0,0,0,0,0,0,0,0,0,0,0,0,0,0,0,0,0,0,0,0,0,0,0,0,0,0,0,0,0,0,0,0,0,0,0,0,0,0,0,0,0,0,14,13,11,14,9,1,4,3,3,5,6,0,3,1,3,1,1,0,1,0,4,0,4,4,1,1,1,1,3,2,2,3,0,1,0,1,0,4,0,0,1,1,2,2,0,0,2,3,0,1,0,0,1,0,0,1,0,1,2,17,13,10,6,8,4,6,5,3,1,5,2,1,7,8,2,3,3,2,1,3,5,4,1,0,0,0,0,1,2,0,0,1,0,4,0,1,0,3,0,0,1,0,2,1,0,0,2,0,2,0,0,1,0
map,bergen-stavanger-no,Bergen-Stavanger,rslurry,slurry,https://github.com/rslurry,rslurry/subwaybuilder-maps,subwaybuilder-maps,276,0,0,0,0,0,0,0,0,0,0,0,0,0,0,0,0,0,0,0,0,0,0,0,0,0,0,0,0,0,0,0,0,0,0,0,0,0,0,0,0,0,0,0,0,0,0,0,0,0,0,0,0,0,0,0,0,0,0,0,0,0,0,0,0,0,0,0,0,0,0,0,0,0,0,0,0,0,0,0,14,6,12,6,9,5,3,0,1,2,2,4,1,2,0,5,1,2,1,2,2,0,1,0,1,1,3,2,2,3,2,1,2,0,0,0,1,1,3,3,1,1,3,0,0,3,17,10,8,6,3,10,6,5,4,6,3,6,5,7,6,1,2,4,4,4,4,2,5,3,2,3,0,0,1,2,0,3,0,1,3,3,1,0,1,0,0,0,0,1,1,2,0,1,0,2,2,0,2,0
map,yukina-pl-szczecin,Szczecin,ahkimn,Yukina-,https://subwaybuildermodded.com/credits,ahkimn/subwaybuilder-eu-maps,subwaybuilder-eu-maps,275,0,0,0,0,0,0,0,0,0,0,0,0,0,0,0,0,0,0,0,0,0,0,0,0,0,0,0,0,0,0,0,0,0,0,0,0,0,0,0,0,0,0,0,0,0,0,0,0,0,0,0,0,0,0,0,0,0,0,0,0,0,0,0,5,1,4,3,3,1,4,5,4,2,2,2,3,1,0,1,0,2,0,2,2,1,2,4,1,2,1,1,2,2,0,4,2,0,2,0,1,0,2,1,0,0,0,0,1,1,0,1,1,0,0,0,1,0,0,0,0,0,6,4,3,4,4,0,3,2,1,3,2,5,4,0,2,2,4,3,3,1,1,1,3,1,1,0,1,5,1,0,1,1,2,3,0,1,2,13,11,6,4,32,16,4,2,5,2,2,1,4,1,1,1,5,0,1,1,3
map,jacksonville,Jacksonville,rslurry,slurry,https://github.com/rslurry,rslurry/subwaybuilder-maps,subwaybuilder-maps,272,18,3,0,5,3,1,1,2,3,0,2,0,2,1,1,0,3,0,0,3,1,2,4,2,1,1,1,4,2,4,5,5,2,2,3,1,0,1,0,3,1,1,0,0,1,2,0,1,1,1,1,1,1,3,1,3,1,1,1,0,0,1,2,0,0,3,1,1,0,1,1,2,2,2,1,2,0,0,0,2,1,0,1,0,0,1,0,0,0,0,1,1,0,0,2,3,1,0,0,0,0,0,0,1,0,0,0,2,1,0,1,1,1,0,0,0,0,0,0,0,1,2,0,1,1,0,4,8,7,6,2,4,4,6,2,8,5,2,4,6,1,2,2,1,1,7,3,3,0,3,4,0,1,1,2,0,0,1,0,3,0,3,0,2,0,0,1,1,2,0,0,0,1,0,0,0,0,2,0
map,yukina-lt-kaunas,Kaunas,ahkimn,Yukina-,https://subwaybuildermodded.com/credits,ahkimn/subwaybuilder-eu-maps,subwaybuilder-eu-maps,271,0,0,0,0,0,0,0,0,0,0,0,0,0,0,0,0,0,0,0,0,0,0,0,0,0,0,0,0,0,0,0,0,0,0,0,0,0,0,0,0,0,0,0,0,0,0,0,0,0,0,0,0,0,0,0,0,0,0,0,0,0,0,0,0,0,0,0,0,0,0,0,0,0,0,0,0,0,0,0,0,0,0,0,0,0,0,0,0,0,0,0,0,0,0,0,0,0,0,0,0,0,0,0,0,0,0,0,0,0,0,0,0,0,0,0,0,0,0,0,0,0,0,0,0,0,0,0,7,4,6,3,3,8,6,3,3,4,1,3,2,5,0,3,2,0,2,0,1,2,1,0,0,0,10,0,2,0,3,14,10,4,1,32,10,3,1,5,2,2,14,19,6,13,13,8,9,8,9,4
map,charleston-huntington-wv,Charleston-Huntington,PSWBSF,Potato Spaghetti Water Balloon Space Federation,https://youtu.be/dQw4w9WgXcQ?t=0,pswbsf/charleston-huntington-wv,charleston-huntington-wv,269,0,0,0,0,0,0,0,0,0,0,0,0,0,0,0,0,0,0,0,0,0,0,0,0,0,0,0,1,0,2,2,0,0,1,1,0,1,0,1,0,1,1,0,1,0,1,0,1,0,1,1,0,1,0,1,0,1,0,1,1,0,1,0,1,0,1,0,1,1,0,1,0,1,0,1,0,1,1,0,1,0,1,0,1,0,1,1,0,1,0,1,0,1,0,1,1,0,1,0,1,0,1,0,1,1,0,1,0,1,0,1,0,1,1,0,1,0,1,0,1,0,1,1,0,1,0,1,0,1,0,1,1,0,1,0,1,0,1,0,1,0,6,6,6,6,6,3,6,6,5,8,6,7,7,7,6,6,6,6,6,6,6,6,6,6,6,6,6,6,6,3,1,4,4,3,4,4,4,2
mod,danield1909-realism-pathfinding,Pathfinding Realism Mod,DanielD1909,DanielD1909,https://github.com/DanielD1909,danield1909/pathfinding-realism-mod,Pathfinding-Realism-Mod,268,0,0,0,0,0,0,0,0,0,0,0,0,0,0,0,0,0,0,0,0,0,0,0,0,0,0,0,0,0,0,0,0,0,0,0,0,0,0,0,0,0,0,0,0,0,0,0,0,0,0,0,0,0,0,0,0,0,0,0,0,0,0,0,0,0,0,0,0,0,0,0,0,0,0,0,0,0,0,0,0,0,0,0,0,0,0,0,0,0,0,0,0,0,0,0,0,0,0,0,0,0,0,0,0,0,0,0,0,0,0,0,0,0,0,0,0,0,0,0,0,0,0,0,0,0,0,0,0,0,0,0,0,0,0,0,0,0,0,0,0,0,0,0,12,28,28,7,13,19,11,17,13,9,6,4,4,7,6,5,6,3,2,5,4,3,6,6,4,5,6,6,4,7,3,1,0,3,4,1
map,puebla,Puebla,rslurry,slurry,https://github.com/rslurry,rslurry/subwaybuilder-maps,subwaybuilder-maps,262,0,0,0,0,0,0,0,0,0,0,0,0,0,0,0,0,0,0,0,0,0,0,0,0,0,0,0,0,0,0,0,16,8,1,3,2,0,2,1,3,4,9,13,10,1,2,3,2,1,1,2,1,2,10,9,6,2,4,0,0,1,1,2,1,0,2,1,1,0,2,0,0,1,1,0,1,0,1,0,0,1,2,0,0,1,0,1,0,2,0,1,2,1,0,2,0,1,2,1,0,0,3,0,0,0,0,0,0,0,0,0,0,0,0,0,0,0,0,0,10,1,0,0,0,1,0,0,11,6,6,3,1,1,5,1,4,1,3,5,6,2,3,3,1,1,3,6,2,2,1,3,1,0,0,2,0,0,0,0,2,0,1,1,3,1,1,1,0,0,1,1,0,0,0,0,0,0,2,0
map,genoa,Genoa,Maximilian284,max02,https://github.com/Maximilian284,maximilian284/subwaybuilder-it-maps,subwaybuilder-it-maps,259,0,0,0,0,0,0,0,24,2,0,0,0,0,0,2,2,1,1,2,4,2,6,1,2,1,2,1,3,6,2,3,1,3,6,5,3,1,1,2,2,1,1,1,0,1,1,2,2,2,1,4,3,3,1,1,2,0,0,2,3,2,1,0,1,2,0,0,1,0,0,1,0,0,2,1,1,0,1,0,0,0,0,2,0,0,1,0,0,2,1,1,0,0,0,2,1,0,0,1,0,0,3,0,0,1,1,0,0,3,2,2,1,1,0,0,0,0,3,0,1,1,1,0,0,0,0,0,1,0,0,30,0,0,0,0,3,2,5,7,3,2,3,1,2,1,1,0,3,2,2,1,0,0,4,3,2,1,2,0,2,0,1,0,3,0,0,1,0,0,0,1,0,0,0,1,0,0,3,0
map,au-brisbane,Brisbane,subway-builder-modded-admin,Subway Builder Modded,https://subwaybuildermodded.com,barkuperman/subwaybuilder-au-nz-maps,subwaybuilder-au-nz-maps,257,0,0,0,0,0,0,0,0,0,0,0,0,0,0,0,0,0,0,0,0,0,0,0,0,0,0,0,0,0,0,0,0,0,0,0,0,0,0,0,0,0,0,0,0,0,0,0,0,0,0,0,0,0,0,0,0,0,0,0,0,0,0,0,0,0,0,0,0,0,0,0,0,0,0,0,0,0,0,0,0,0,0,0,0,0,0,0,0,0,0,0,0,0,0,0,0,0,0,0,0,0,0,0,0,0,0,0,0,0,0,0,0,0,0,0,0,0,0,0,0,0,0,0,0,0,0,0,0,0,0,0,0,0,0,0,0,0,0,0,0,0,0,0,4,41,44,18,16,15,18,9,1,6,4,8,4,3,9,4,4,1,4,2,4,2,4,1,2,1,2,7,0,1,7,0,3,3,4,1
map,mfn-msy,New Orleans,crumpetime,muffintime,https://github.com/crumpetime,crumpetime/sb-maps-msy,sb-maps-msy,254,0,0,0,0,0,0,0,0,0,0,0,0,0,0,0,0,0,0,0,0,0,0,0,0,0,0,0,0,0,0,0,0,0,0,0,0,0,0,0,0,0,0,0,0,0,0,0,0,0,0,0,0,0,0,0,0,0,0,0,0,0,0,0,0,0,0,0,0,0,0,0,0,0,0,0,0,0,0,0,0,0,0,0,0,0,0,0,0,0,0,0,0,0,0,0,0,0,0,0,16,8,7,9,9,4,9,5,11,3,4,6,3,3,2,4,2,1,5,2,5,2,1,1,1,0,0,0,1,4,0,0,0,0,0,1,0,0,3,3,3,2,3,3,3,3,3,3,3,3,3,3,3,3,3,3,3,3,3,3,3,3,3,3,3,3,3,3,3,3,3,3,1,3,3,3,4,4,4,2
map,spokane,Spokane,ryandicicco,ryandicicco,https://github.com/ryandicicco,ryandicicco/subway-builder-maps,Subway-Builder-Maps,254,0,0,0,0,0,0,0,0,0,0,0,0,0,0,0,0,0,7,12,11,2,8,3,2,2,1,2,7,6,2,4,7,8,5,5,4,1,0,3,4,5,2,2,1,2,1,2,3,0,1,1,0,0,4,2,1,0,2,0,1,0,2,1,0,0,2,1,2,1,3,0,0,0,0,0,1,2,0,3,4,0,1,0,2,0,1,0,3,1,1,0,0,1,0,2,0,0,1,0,0,1,1,2,1,0,1,0,1,0,0,3,0,0,0,0,0,0,0,0,0,1,0,0,0,0,0,0,0,3,5,0,0,1,3,2,2,6,6,1,1,2,1,4,3,1,3,1,3,1,2,4,0,0,0,0,0,1,2,0,2,1,0,1,0,1,0,1,1,3,0,0,0,0,0,2,1,0,1,0
map,providence,Providence,soccerjonj,soccerjonj,https://github.com/soccerjonj,soccerjonj/providence,Providence,251,11,2,3,6,7,1,2,2,3,3,5,5,6,0,6,2,2,2,1,3,2,6,1,1,1,2,4,1,6,3,3,2,5,3,1,0,2,2,2,0,1,0,3,5,0,2,1,5,1,1,1,1,1,2,2,3,1,2,1,2,2,2,2,1,1,0,1,1,2,1,1,0,1,2,2,1,0,0,1,0,0,0,0,0,0,0,0,0,0,3,0,2,0,0,0,0,1,1,0,0,1,0,1,2,0,1,0,0,1,2,1,1,0,0,0,0,0,1,1,0,0,0,0,0,0,0,0,0,0,0,0,0,0,0,0,0,0,4,1,1,1,1,1,1,1,1,1,1,1,1,1,1,1,1,1,1,1,1,1,1,1,1,1,1,1,1,1,1,1,1,1,1,1,1,3,4,4,4,2
map,memphis,Memphis,rslurry,slurry,https://github.com/rslurry,rslurry/subwaybuilder-maps,subwaybuilder-maps,250,8,2,0,6,5,0,0,1,1,0,0,1,1,0,0,0,1,0,2,4,1,2,3,3,2,1,1,4,4,1,4,1,8,1,4,0,0,1,1,1,0,2,1,1,0,0,2,2,0,2,0,0,0,1,1,2,0,1,1,0,0,0,1,0,1,0,2,1,0,1,0,0,1,0,1,0,0,0,0,0,0,1,1,0,0,2,0,1,1,0,1,0,1,0,2,0,1,0,0,0,0,0,1,1,0,0,1,1,1,0,2,1,1,0,0,0,0,0,0,0,1,0,0,0,1,0,0,0,19,8,8,3,5,6,7,3,4,3,3,5,3,5,1,2,3,3,3,6,1,4,4,0,1,0,3,1,1,1,0,2,1,2,0,4,0,0,1,0,0,0,0,1,0,0,0,0,1,1,0
map,sacramento,Sacramento,soccerjonj,soccerjonj,https://github.com/soccerjonj,soccerjonj/sacramento,Sacramento,246,10,3,1,7,1,0,2,4,2,0,4,3,5,1,3,4,3,0,1,4,1,2,6,1,0,3,5,0,4,3,4,4,3,0,0,5,3,0,0,0,2,1,2,0,0,0,1,3,1,0,1,0,1,3,2,1,0,0,1,4,1,3,2,1,1,1,5,1,2,2,0,0,0,0,2,0,0,1,0,1,1,1,0,2,1,1,1,4,2,2,1,2,0,0,1,0,1,1,2,1,2,0,2,1,0,1,0,1,1,2,2,0,2,0,0,0,1,0,1,0,1,0,0,0,0,0,0,1,0,0,0,0,0,0,0,0,0,3,1,1,1,1,1,1,1,1,1,1,1,1,1,1,1,1,1,1,1,1,1,1,1,1,1,1,1,1,1,1,1,1,1,1,1,1,3,4,4,4,2
map,pianura-veneta,Pianura Veneta,Maximilian284,max02,https://github.com/Maximilian284,maximilian284/subwaybuilder-it-maps,subwaybuilder-it-maps,244,0,0,0,0,0,0,0,0,0,0,0,0,0,2,4,5,4,3,3,5,2,9,2,1,1,3,3,1,7,1,4,4,4,2,0,3,0,0,2,2,1,1,1,0,0,1,1,2,0,1,3,0,1,1,2,1,0,0,2,0,1,0,0,2,2,1,0,2,0,1,0,1,0,2,1,1,0,1,1,1,0,0,1,2,1,0,0,0,0,0,0,0,0,0,2,0,1,0,1,1,0,2,0,2,0,2,1,0,1,0,2,1,1,0,0,0,0,3,0,0,1,0,1,0,0,0,0,0,0,0,3,14,11,4,4,10,3,8,4,4,2,5,1,0,2,2,1,1,1,3,1,1,0,0,0,1,2,0,2,2,0,4,0,0,0,0,0,1,1,1,2,0,2,0,1,0,0,2,0
map,rochester,Rochester,rslurry,slurry,https://github.com/rslurry,rslurry/subwaybuilder-maps,subwaybuilder-maps,243,13,3,1,6,3,1,1,3,2,0,3,3,1,0,2,0,4,0,2,2,1,2,2,2,1,1,0,7,1,1,3,1,4,2,3,1,1,0,1,1,0,1,2,1,0,3,0,2,1,0,0,0,1,0,0,2,2,0,1,0,0,1,1,0,2,1,1,3,2,1,0,0,0,1,0,1,0,0,1,0,0,1,1,0,0,0,0,0,0,2,1,0,0,0,2,0,0,0,0,0,0,0,0,1,0,1,2,0,1,0,2,1,0,0,0,0,0,1,0,0,0,0,0,0,1,1,0,0,7,8,7,2,3,4,3,3,0,3,4,9,4,5,2,0,2,3,4,4,1,2,3,1,0,0,3,1,0,0,0,2,1,0,1,4,0,0,1,1,0,0,0,0,0,3,8,0,0,0,0
map,anchorage-ak,Anchorage,PSWBSF,Potato Spaghetti Water Balloon Space Federation,https://youtu.be/dQw4w9WgXcQ?t=0,pswbsf/anchorage-ak,anchorage-ak,241,0,0,0,0,0,0,0,0,0,0,0,0,0,0,0,0,0,0,0,0,0,0,0,0,7,14,8,1,6,7,11,0,0,0,0,0,0,2,2,7,2,1,3,3,1,1,1,4,2,2,0,0,4,3,3,2,1,3,0,2,0,1,3,0,2,2,1,1,0,3,5,1,1,2,1,1,1,0,2,2,3,0,2,0,0,0,0,3,2,2,1,0,1,1,1,2,1,2,2,2,0,0,3,3,1,2,1,0,3,1,2,2,1,1,0,0,0,2,0,1,0,0,0,0,0,0,0,0,2,1,0,1,0,0,0,0,0,4,1,1,1,1,1,1,1,1,1,1,1,1,1,1,1,1,1,1,1,1,1,1,1,1,1,1,1,1,1,1,1,1,1,1,1,1,3,4,4,4,2
map,santa-barbara,Santa Barbara,rslurry,slurry,https://github.com/rslurry,rslurry/subwaybuilder-maps,subwaybuilder-maps,241,0,0,5,6,4,0,0,0,1,1,2,0,2,0,1,2,1,0,2,5,3,2,2,3,3,2,2,0,3,0,4,4,8,0,1,2,1,1,0,2,1,1,2,2,0,1,1,5,1,1,1,0,1,0,2,0,0,0,1,0,0,1,1,1,0,0,0,2,0,3,0,0,0,0,1,1,0,0,0,2,1,0,1,0,0,0,1,0,0,0,1,1,2,1,2,0,3,2,1,2,0,0,0,1,1,0,1,0,0,0,3,0,1,0,0,0,0,1,0,1,0,0,0,0,1,0,0,1,14,8,7,3,3,9,0,3,5,3,0,8,3,1,1,2,1,1,3,3,1,0,0,2,0,0,2,0,2,1,1,1,0,0,0,4,0,2,1,2,0,2,2,0,2,0,0,0,0,2,0
map,albany,Albany,soccerjonj,soccerjonj,https://github.com/soccerjonj,soccerjonj/albany,Albany,240,0,0,0,0,0,0,0,6,10,2,10,4,7,2,3,3,4,0,0,2,4,5,2,1,4,3,4,2,3,8,6,5,6,6,0,0,1,3,1,0,2,1,7,1,0,2,0,3,4,1,0,0,1,2,0,1,1,0,2,2,0,1,0,0,0,0,1,3,0,2,1,0,1,1,1,2,0,0,1,0,0,0,1,0,0,0,0,0,1,1,1,0,0,0,2,0,0,1,0,0,1,0,1,1,1,1,1,1,2,1,0,2,1,0,0,1,0,1,0,0,0,0,1,0,0,0,0,0,0,0,0,0,0,0,0,0,0,3,1,1,1,1,1,1,1,1,1,1,1,1,1,1,1,1,1,1,1,1,1,1,1,1,1,1,1,1,1,1,1,1,1,1,1,1,3,4,4,4,2
map,ciudad-juarez-el-paso,Ciudad Juárez-El Paso,rslurry,slurry,https://github.com/rslurry,rslurry/subwaybuilder-maps,subwaybuilder-maps,240,0,0,0,0,0,0,0,0,0,0,0,0,0,0,0,0,0,0,0,0,0,0,0,0,0,0,0,0,0,0,0,0,0,0,0,0,0,0,0,0,0,0,0,0,0,0,0,21,9,8,8,3,4,3,2,1,0,1,1,11,11,9,3,1,4,4,0,3,0,2,2,1,0,0,1,2,0,1,1,1,1,2,1,0,1,0,0,0,0,1,1,0,0,0,2,0,1,0,1,0,0,2,0,1,0,0,1,0,0,0,1,1,2,0,0,0,0,1,0,1,0,0,2,0,1,0,0,14,4,8,5,1,5,2,2,5,0,2,1,5,1,2,4,2,2,2,5,4,2,3,1,0,0,1,3,0,0,0,2,2,0,1,0,3,0,0,1,0,0,0,0,0,2,0,0,0,0,1,0
mod,basedgoat-trains,BasedGoat Trains,arniber21,arniber21,https://github.com/arniber21,arniber21/dantrains-abridged,dantrains-abridged,238,0,0,0,0,0,0,0,0,0,0,0,0,0,0,0,0,0,0,0,0,0,0,0,0,0,0,0,0,0,0,0,0,0,0,0,0,0,0,0,0,0,0,0,0,0,0,0,0,0,0,0,0,0,0,0,0,0,0,0,0,0,0,0,0,0,0,0,0,0,0,0,0,0,0,0,0,0,0,0,0,0,0,0,0,0,0,0,0,0,0,0,0,0,0,0,0,0,0,0,0,0,0,0,0,0,0,0,0,0,0,0,0,0,0,0,0,0,0,0,0,0,0,0,0,0,0,0,0,0,0,0,0,0,0,0,0,0,0,0,0,0,0,0,0,0,0,0,0,0,12,9,6,14,14,4,1,4,5,4,3,8,18,11,12,9,9,11,9,12,7,7,4,6,7,6,6,7,8,5
map,nashville,Nashville,soccerjonj,soccerjonj,https://github.com/soccerjonj,soccerjonj/nashville,Nashville,237,8,1,0,0,0,0,5,5,2,0,5,2,6,0,3,4,2,2,2,3,2,4,3,1,0,1,3,0,6,4,6,3,6,1,3,4,4,1,2,1,1,2,2,0,0,0,0,4,0,3,3,0,1,3,1,0,0,1,1,2,3,1,2,1,0,1,1,1,0,3,0,1,1,2,0,0,1,0,1,2,1,2,1,0,0,1,0,1,0,2,1,0,0,0,1,0,0,1,0,1,0,1,0,2,0,0,0,1,1,1,2,0,1,0,0,1,0,0,0,0,1,1,1,0,1,2,1,0,0,0,0,0,0,0,0,2,0,3,1,1,1,1,1,1,1,1,1,1,1,1,1,1,1,1,1,1,1,1,1,1,1,1,1,1,1,1,1,1,1,1,1,1,1,1,3,4,4,4,2
mod,resizable-ui,Resizable UI,Tesarzh,Tesarzh,https://github.com/Tesarzh,tesarzh/railyard,railyard,236,0,0,0,0,0,0,0,0,0,0,0,0,0,0,0,0,0,0,0,0,0,0,0,0,0,0,0,0,0,0,0,0,0,0,0,0,0,0,0,0,0,0,0,0,0,0,0,0,0,0,0,0,0,0,0,0,0,0,0,0,0,0,0,0,0,0,0,0,0,0,0,0,0,0,0,0,0,0,0,0,0,0,0,0,0,0,0,0,0,0,0,0,0,0,0,0,0,0,0,0,0,0,0,0,0,0,0,0,0,0,0,0,0,0,0,0,0,0,0,0,0,0,0,0,0,0,0,0,0,0,0,0,0,0,0,0,0,0,0,0,0,0,12,40,22,15,2,8,10,12,9,10,6,5,11,5,2,8,4,5,4,4,3,1,2,2,3,6,5,1,4,1,6,2,2,0,1,1,2
map,yukina-morioka,盛岡 (Morioka),ahkimn,Yukina-,https://subwaybuildermodded.com/credits,ahkimn/subwaybuilder-jp-maps,subwaybuilder-jp-maps,236,0,0,0,0,0,0,0,0,0,0,0,0,0,0,0,0,0,0,0,0,0,0,0,0,0,0,0,0,0,0,0,0,0,0,0,0,1,1,0,0,2,0,1,0,1,0,0,1,4,0,0,0,0,1,1,0,0,0,0,0,0,0,1,0,0,1,0,0,0,0,1,1,0,0,0,1,0,0,0,0,0,0,0,0,0,0,0,0,1,0,0,0,0,0,3,0,0,0,0,0,0,1,0,1,0,0,0,0,0,0,0,0,1,0,0,0,0,0,0,1,0,0,0,0,2,1,0,0,0,0,0,0,0,0,0,0,0,1,6,5,2,4,5,0,2,1,1,1,10,18,15,14,13,15,11,10,12,5,3,3,0,4,23,9,2,1,2,2,2,1,2,1,1,0,0,0,0,0,0
map,yukina-tw-chiayi,嘉義 (Chiayi),ahkimn,Yukina-,https://subwaybuildermodded.com/credits,ahkimn/subwaybuilder-tw-maps,subwaybuilder-tw-maps,236,0,0,0,0,0,0,0,0,0,0,0,0,0,0,0,0,0,0,0,0,0,0,0,0,0,0,0,0,0,0,0,0,0,0,0,0,0,0,0,0,0,0,0,0,0,0,0,0,0,0,0,0,0,0,0,0,0,0,0,0,0,0,0,0,0,0,0,0,0,0,0,0,0,0,8,7,7,2,4,0,2,1,0,5,5,3,4,1,2,1,1,0,2,2,3,1,3,0,0,0,1,2,0,0,1,0,0,2,0,0,0,0,0,0,1,0,0,1,0,0,0,0,1,0,1,2,0,7,1,4,4,3,2,4,2,6,3,3,2,4,2,1,3,2,1,1,0,1,3,2,2,1,0,2,1,2,18,5,1,5,0,5,24,16,2,1,2,2,4,0,1,1,1,0,1,0,1,1,0
map,incheon-3,Incheon (30km×30km),kimth9,kimth9,https://github.com/kimth9,kimth9/sb_korean_map_pack,sb_korean_map_pack,233,0,0,0,0,0,0,0,0,0,0,0,0,0,0,0,0,0,0,0,0,0,0,0,0,0,0,0,0,0,0,0,0,0,10,9,13,5,4,5,2,7,7,0,4,3,1,3,7,1,3,0,5,6,3,2,6,4,1,2,2,1,0,0,3,4,3,0,0,1,1,1,0,1,1,1,3,3,4,7,1,1,2,2,1,0,0,0,1,1,4,1,0,0,0,6,0,0,0,0,0,0,0,1,0,0,1,1,1,1,2,0,0,0,0,2,0,0,1,1,1,0,0,2,0,0,1,2,1,2,1,0,2,0,0,6,1,2,1,0,0,0,0,0,0,0,0,0,0,0,0,0,0,0,0,0,0,0,12,4,7,4,0,0,0,3,0,0,0,0,0,0,0,0,1,0,0,0,0,0
map,strasbourg,Strasbourg,pierreggt,pierreggt,https://github.com/pierreggt,pierreggt/subwaybuilder-maps-france,subwaybuilder-maps-france,231,0,0,0,0,0,0,0,0,0,0,0,0,0,0,0,0,0,0,0,0,0,0,0,0,0,0,0,0,0,0,0,0,0,0,0,0,0,0,0,0,0,0,0,0,0,0,0,0,0,0,0,0,0,0,0,0,0,0,0,0,0,0,0,0,0,0,0,0,0,0,0,0,0,0,0,0,0,0,0,0,0,0,0,0,0,0,0,0,0,0,0,0,0,0,0,0,0,0,0,0,0,0,0,0,0,0,0,0,0,0,0,0,0,0,0,0,0,0,0,0,0,0,0,0,0,0,0,0,0,0,0,0,0,21,21,5,11,4,5,7,4,13,3,6,5,2,3,2,3,4,3,1,0,0,2,3,1,0,2,1,1,4,1,2,1,3,25,16,10,6,10,3,5,3,2,0,3,4,0
map,yukina-cz-ceske-budejovice,České Budějovice,ahkimn,Yukina-,https://subwaybuildermodded.com/credits,ahkimn/subwaybuilder-eu-maps,subwaybuilder-eu-maps,229,0,0,0,0,0,0,0,0,0,0,0,0,0,0,0,0,0,0,0,0,0,0,0,0,0,0,0,0,0,0,0,0,0,0,0,0,0,0,0,0,0,0,0,0,0,0,0,0,0,0,0,0,0,0,0,0,0,0,0,0,0,0,0,0,0,0,0,0,3,0,3,2,0,2,2,1,0,1,0,0,0,0,0,0,1,0,0,1,1,0,0,0,1,1,4,0,0,0,3,3,3,2,3,0,0,0,0,0,1,0,3,0,0,0,0,2,0,0,0,0,0,5,2,0,3,1,0,1,3,1,1,2,2,1,0,4,2,3,4,2,4,1,4,1,2,4,0,2,2,3,0,0,0,2,0,0,0,0,0,0,0,0,1,0,0,0,14,17,17,11,8,2,10,9,6,8,8,9,4
map,yukina-cz-liberec-jablonec,Liberec - Jablonec nad Nisou,ahkimn,Yukina-,https://subwaybuildermodded.com/credits,ahkimn/subwaybuilder-eu-maps,subwaybuilder-eu-maps,229,0,0,0,0,0,0,0,0,0,0,0,0,0,0,0,0,0,0,0,0,0,0,0,0,0,0,0,0,0,0,0,0,0,0,0,0,0,0,0,0,0,0,0,0,0,0,0,0,0,0,0,0,0,0,0,0,0,0,0,0,0,0,0,0,0,0,0,0,4,0,4,3,0,1,1,1,0,2,0,0,0,0,0,0,0,1,0,1,0,0,0,1,1,1,4,0,0,0,3,3,3,2,2,0,0,0,0,0,1,0,2,1,0,0,1,1,0,0,0,1,0,6,2,0,3,1,0,1,3,1,2,2,1,0,1,1,2,7,3,4,3,0,4,1,2,4,0,2,2,1,0,0,0,2,0,0,0,0,0,0,1,0,0,0,0,0,13,16,16,11,7,2,11,9,7,9,8,9,4
map,lille,Lille - Flandre & Hainaut,pierreggt,pierreggt,https://github.com/pierreggt,pierreggt/subwaybuilder-maps-france,subwaybuilder-maps-france,226,0,0,0,0,0,0,0,0,0,0,0,0,0,0,0,0,0,0,0,0,0,0,0,0,0,0,0,0,0,0,0,0,0,0,0,0,0,0,0,0,0,0,0,0,0,0,0,0,0,0,0,0,0,0,0,0,0,0,0,0,0,0,0,0,0,0,0,0,0,0,0,0,0,0,0,0,0,0,0,0,0,0,0,0,0,0,0,0,0,0,0,0,0,0,0,0,0,0,0,0,0,0,0,0,0,0,0,0,0,0,0,0,0,0,0,0,0,0,0,0,0,0,0,0,0,0,0,0,0,0,0,0,0,19,25,6,7,5,6,4,5,7,4,8,3,3,0,4,2,5,5,0,1,1,2,1,1,1,0,2,2,1,0,2,0,29,15,10,8,3,9,3,0,2,3,2,3,5,2
mod,pause-on-start,Pause On Start,rslurry,slurry,https://github.com/rslurry,rslurry/subwaybuilder-pauseonstart,subwaybuilder-pauseOnStart,224,0,0,0,0,0,0,0,0,0,0,0,0,0,0,0,0,0,0,0,0,0,0,0,0,0,0,0,0,0,0,0,0,0,0,0,0,0,0,0,0,0,0,0,0,0,0,0,0,0,0,0,0,0,0,0,0,0,0,0,0,0,0,0,0,0,0,0,0,0,0,0,0,0,0,0,0,0,0,0,0,0,0,0,0,0,0,0,0,0,0,0,0,0,0,0,0,0,0,0,0,0,0,0,0,0,0,0,0,0,0,0,0,0,0,0,0,0,0,0,0,0,11,12,7,9,10,9,6,3,12,22,11,25,19,9,6,3,9,6,8,2,5,0,3,1,0,0,0,1,4,0,0,2,1,2,1,0,0,0,1,1,1,0,0,0,0,0,1,0,0,0,0,0,0,1,0,0,0,0
map,bordeaux-arcachon-libourne,Bordeaux,pierreggt,pierreggt,https://github.com/pierreggt,pierreggt/subway-builder-bordeaux,subway-builder-bordeaux,222,0,0,0,0,0,0,0,0,0,0,0,0,0,0,0,0,0,0,0,0,0,0,0,0,0,0,0,0,0,0,0,0,0,0,0,0,0,0,0,0,0,0,0,0,0,0,0,0,0,0,0,0,0,0,0,0,0,0,0,0,0,0,0,0,0,0,0,0,0,0,0,0,0,0,0,0,0,0,0,0,0,0,0,0,0,0,0,0,0,0,0,0,0,0,0,0,0,0,0,0,0,0,0,0,0,0,0,0,0,0,0,0,0,0,0,0,0,0,0,0,0,0,0,0,0,0,4,26,21,9,27,20,9,10,3,2,5,3,4,8,3,21,4,3,1,4,1,3,3,2,1,0,1,0,0,1,0,1,3,1,0,1,0,2,1,3,3,3,0,0,2,0,0,1,0,0,0,2,0
map,greater-baltimore,Greater Baltimore,rslurry,slurry,https://github.com/rslurry,rslurry/subwaybuilder-maps,subwaybuilder-maps,222,9,2,0,7,4,0,4,0,2,2,2,1,3,0,2,0,1,1,2,3,0,5,2,1,1,2,1,0,5,5,1,0,5,2,0,0,2,0,0,3,2,0,2,1,0,0,1,2,0,0,1,0,1,3,0,1,1,0,0,2,1,1,0,1,0,1,1,1,0,1,0,0,0,0,0,1,0,0,0,0,1,1,0,0,0,0,0,0,1,0,0,0,0,2,2,0,0,0,0,0,1,0,1,2,0,0,0,0,2,0,2,0,0,0,0,0,0,0,0,1,0,0,0,0,1,0,0,0,21,8,6,6,3,4,3,1,1,2,5,6,2,1,1,1,3,0,5,2,1,1,0,1,0,0,2,1,0,0,0,1,0,3,0,3,0,0,1,0,0,1,1,0,0,0,0,1,1,1,0
map,orange-county,Orange County,rslurry,slurry,https://github.com/rslurry,rslurry/subwaybuilder-maps,subwaybuilder-maps,222,15,6,4,7,8,1,0,2,1,0,1,2,1,0,1,1,1,0,0,5,1,6,1,3,1,3,0,4,4,1,2,2,6,2,1,3,2,1,6,1,1,2,0,1,0,1,2,2,0,1,0,0,0,2,2,0,0,2,0,2,1,0,1,0,0,1,2,1,0,2,0,0,0,1,0,2,0,1,0,1,1,0,0,0,0,0,0,1,1,0,0,1,2,1,3,0,0,1,1,0,1,0,0,1,1,0,0,0,0,0,1,0,0,0,0,0,1,0,0,0,0,0,0,0,1,0,0,7,7,2,1,3,2,2,0,3,0,1,4,7,2,0,1,3,2,0,4,2,0,1,0,0,1,0,2,0,0,0,0,1,0,1,0,3,0,1,2,0,0,0,2,0,0,0,0,0,0,0,0
map,yukina-tottori,鳥取 (Tottori),ahkimn,Yukina-,https://subwaybuildermodded.com/credits,ahkimn/subwaybuilder-jp-maps,subwaybuilder-jp-maps,220,0,0,0,0,0,0,0,0,0,0,0,0,0,0,0,0,0,0,0,0,0,0,0,0,0,0,0,0,0,0,0,0,0,0,0,0,1,1,0,0,1,0,1,1,1,0,0,0,2,1,0,0,0,0,0,0,0,0,0,0,0,0,1,0,0,0,0,0,0,2,0,0,0,0,0,0,0,0,0,0,0,0,0,0,0,0,0,0,1,0,0,0,0,0,3,0,0,0,0,0,0,1,0,0,0,0,0,0,0,0,0,0,1,0,0,0,0,0,0,0,0,0,0,0,1,0,0,0,0,0,1,1,4,1,2,4,0,2,2,3,1,3,2,1,1,0,1,1,9,15,15,12,14,13,12,11,11,6,2,3,1,4,22,9,3,1,1,2,2,0,1,0,1,0,0,0,0,1,0
map,yukina-pl-lublin,Lublin,ahkimn,Yukina-,https://subwaybuildermodded.com/credits,ahkimn/subwaybuilder-eu-maps,subwaybuilder-eu-maps,218,0,0,0,0,0,0,0,0,0,0,0,0,0,0,0,0,0,0,0,0,0,0,0,0,0,0,0,0,0,0,0,0,0,0,0,0,0,0,0,0,0,0,0,0,0,0,0,0,0,0,0,0,0,0,0,0,0,0,0,0,0,0,0,5,1,4,0,1,3,1,7,2,1,4,3,1,0,1,0,0,0,0,0,2,1,1,0,1,2,1,0,2,2,0,3,0,1,1,1,0,1,0,0,1,0,0,0,0,1,0,3,0,0,1,0,1,0,0,0,0,0,8,2,4,4,1,1,1,2,1,2,2,1,1,1,5,1,2,5,2,1,3,1,0,1,2,0,3,2,1,0,0,0,1,2,1,2,2,13,7,1,4,26,12,5,3,1,3,4,1,0,1,1,3,2,0,1,1,1
map,bologna,Bologna,Maximilian284,max02,https://github.com/Maximilian284,maximilian284/subwaybuilder-it-maps,subwaybuilder-it-maps,213,11,3,1,5,4,0,0,0,0,0,1,0,0,0,1,4,3,0,1,7,2,9,0,2,1,2,3,4,4,3,2,3,4,1,5,3,0,0,0,1,0,1,0,1,0,1,1,1,0,1,1,0,1,0,0,1,0,0,1,0,0,0,1,0,0,0,0,1,0,3,0,0,0,0,0,1,1,0,0,0,0,1,0,1,0,0,0,0,1,1,1,0,0,0,2,0,0,0,0,1,1,1,0,0,0,1,2,0,0,1,2,1,1,0,1,0,0,2,0,0,0,1,0,0,0,1,0,0,0,0,1,14,7,3,7,3,3,3,3,1,1,3,3,1,2,1,2,3,0,5,0,0,2,1,0,0,1,2,2,1,1,1,0,0,0,0,2,0,1,0,1,0,0,0,0,0,0,2,0
map,tromso-no,Tromsø,rslurry,slurry,https://github.com/rslurry,rslurry/subwaybuilder-maps,subwaybuilder-maps,213,0,0,0,0,0,0,0,0,0,0,0,0,0,0,0,0,0,0,0,0,0,0,0,0,0,0,0,0,0,0,0,0,0,0,0,0,0,0,0,0,0,0,0,0,0,0,0,0,0,0,0,0,0,0,0,0,0,0,0,0,0,0,0,0,0,0,0,0,0,0,0,0,0,0,5,10,6,7,5,3,4,3,5,1,1,2,1,3,2,1,2,2,3,1,1,0,2,1,3,3,1,2,0,3,1,1,1,0,1,1,1,0,0,1,0,2,1,0,0,0,1,2,0,0,4,8,3,5,6,5,10,1,4,0,7,4,3,3,6,4,2,3,3,3,3,4,1,2,1,1,2,2,1,1,0,1,1,0,2,1,2,1,0,0,0,0,0,1,1,0,0,1,0,1,1,1,0,1,0
map,sejong-4,Sejong (40km×40km),kimth9,kimth9,https://github.com/kimth9,kimth9/sb_korean_map_pack,sb_korean_map_pack,212,0,0,0,0,0,0,0,0,0,0,0,0,0,0,0,0,0,0,0,0,0,0,0,0,0,0,0,0,0,0,0,0,0,25,14,18,5,5,11,4,12,9,0,9,2,3,4,6,1,1,0,3,6,2,1,4,0,3,3,2,0,0,0,1,3,4,0,0,0,0,1,2,1,0,6,0,0,0,1,2,1,1,3,1,0,1,0,0,1,3,1,1,0,0,4,0,0,0,0,0,0,0,1,1,2,1,0,1,1,1,0,0,1,0,1,0,0,2,0,1,1,0,0,0,0,0,0,1,0,1,0,1,0,0,0,0,0,1,0,1,0,0,0,0,0,0,0,0,1,0,0,0,0,0,0,0,0,0,0,0,0,1,0,0,0,0,0,0,0,0,0,0,0,0,0,0,0,0,0
mod,tathan-casino,TATHAN Casino,TathanDev,TathanDev,https://github.com/TathanDev,tathandev/tathancasino,TathanCasino,212,0,0,0,0,0,0,0,0,0,0,0,0,0,0,0,0,0,0,0,0,0,0,0,0,0,0,0,0,0,0,0,0,0,0,7,7,6,6,5,5,2,3,1,4,0,5,5,1,3,4,4,2,3,3,5,1,0,3,1,1,1,0,0,2,3,0,2,1,2,0,3,3,1,1,2,1,2,0,3,2,1,1,2,0,1,0,1,0,0,2,1,2,1,0,1,0,3,1,0,1,1,2,1,1,0,1,0,2,4,1,1,1,3,0,1,2,0,1,1,1,1,0,0,2,2,3,1,0,1,2,3,1,2,2,1,2,3,1,0,0,1,2,2,2,1,0,0,0,1,1,1,0,1,1,2,3,0,0,0,0,0,1,0,0,1,0,0,0,2,2,0,0,0,0,0,1,1,0,1
map,trondheim-val,Trondheim,Valdotorium,Valdotorium,https://github.com/Valdotorium,valdotorium/railyard-maps-2,Railyard-Maps-2,210,0,0,0,0,0,0,4,0,4,0,1,0,2,1,3,3,2,0,6,13,1,7,4,1,5,4,3,0,7,1,3,3,8,4,3,5,4,1,1,1,2,3,2,1,1,9,5,4,3,2,0,0,2,3,1,2,1,2,2,2,3,1,1,0,6,2,1,1,2,1,0,0,2,1,0,3,2,1,0,0,1,2,0,0,0,0,1,1,0,2,0,0,0,1,2,1,0,0,1,0,1,0,0,0,1,1,0,0,0,0,1,0,0,1,1,0,0,2,0,0,1,0,0,0,1,0,1,0,0,0,0,1,0,0,0,0,0,1,1,0,1,0,0,2,1,0,0,0,0,0,0,0,0,0,0,0,0,0,0,0,0,0,0,0,0,0,0,0,0,0,0,0,0,0,1,0,0,0,0
map,au-perth,Perth,subway-builder-modded-admin,Subway Builder Modded,https://subwaybuildermodded.com,barkuperman/subwaybuilder-au-nz-maps,subwaybuilder-au-nz-maps,202,0,0,0,0,0,0,0,0,0,0,0,0,0,0,0,0,0,0,0,0,0,0,0,0,0,0,0,0,0,0,0,0,0,0,0,0,0,0,0,0,0,0,0,0,0,0,0,0,0,0,0,0,0,0,0,0,0,0,0,0,0,0,0,0,0,0,0,0,0,0,0,0,0,0,0,0,0,0,0,0,0,0,0,0,0,0,0,0,0,0,0,0,0,0,0,0,0,0,0,0,0,0,0,0,0,0,0,0,0,0,0,0,0,0,0,0,0,0,0,0,0,0,0,0,0,0,0,0,0,0,0,0,0,0,0,0,0,0,0,0,0,0,0,1,37,34,16,12,9,13,10,7,4,3,3,2,2,6,3,7,1,3,3,5,0,0,2,3,2,1,2,0,1,2,1,1,3,3,0
map,daegu-3,Daegu (30km×30km),kimth9,kimth9,https://github.com/kimth9,kimth9/sb_korean_map_pack,sb_korean_map_pack,202,0,0,0,0,0,0,0,0,0,0,0,0,0,0,0,0,0,0,0,0,0,0,0,0,0,0,0,0,0,0,0,0,0,16,11,10,15,5,9,4,8,10,6,4,3,5,4,5,1,1,1,2,5,2,0,7,0,2,1,2,1,0,0,2,3,4,0,0,0,0,1,0,0,0,1,1,1,0,3,2,1,1,1,1,0,0,0,0,1,5,1,0,0,0,5,0,0,0,0,0,0,0,2,0,0,1,0,2,1,1,0,0,0,0,1,0,0,1,0,5,0,0,0,0,0,0,0,0,0,0,0,1,0,0,0,0,0,1,0,0,0,0,0,0,0,0,0,0,0,3,9,0,0,0,0,0,0,0,0,0,0,0,0,0,0,0,0,0,0,0,0,0,0,0,0,0,0,0,0
map,nice-cote-d-azur,Nice,pierreggt,pierreggt,https://github.com/pierreggt,pierreggt/subway-builder-nice,subway-builder-nice,202,0,0,0,0,0,0,0,0,0,0,0,0,0,0,0,0,0,0,0,0,0,0,0,0,0,0,0,0,0,0,0,0,0,0,0,0,0,0,0,0,0,0,0,0,0,0,0,0,0,0,0,0,0,0,0,0,0,0,0,0,0,0,0,0,0,0,0,0,0,0,0,0,0,0,0,0,0,0,0,0,0,0,0,0,0,0,0,0,0,0,0,0,0,0,0,0,0,0,0,0,0,0,0,0,0,0,0,0,0,0,0,0,0,0,0,0,0,0,0,0,0,0,0,0,0,0,0,0,0,0,34,38,8,9,12,4,11,6,5,5,1,12,4,1,3,4,2,3,3,2,1,2,1,0,0,1,1,1,1,2,1,2,0,4,0,0,2,2,1,6,1,1,2,1,0,0,0,2,0
mod,penguin-approved-rolling-stock,Penguin-Approved Rolling Stock,prodigious-penguin,prodigious-penguin,https://github.com/prodigious-penguin,prodigious-penguin/penguin-approved-rolling-stock,Penguin-Approved-Rolling-Stock,201,0,0,0,0,0,0,0,0,0,0,0,0,0,0,0,0,0,0,0,0,0,0,0,0,0,0,0,0,0,0,0,0,0,0,0,0,0,0,0,0,0,0,0,0,0,0,0,0,0,0,0,0,0,0,0,0,0,0,0,0,0,0,0,0,0,0,0,0,0,0,0,0,0,0,0,0,0,0,0,0,0,0,0,0,0,0,0,0,0,0,0,0,0,0,0,0,0,0,0,0,0,0,0,0,0,0,0,0,0,0,0,0,0,0,0,0,0,0,0,0,0,0,0,0,0,0,0,0,0,0,0,0,0,0,0,0,0,0,0,0,0,0,0,0,0,0,0,0,0,0,0,0,0,0,0,0,0,0,0,0,0,6,11,7,5,3,9,17,23,13,12,8,20,15,16,8,9,15,4
map,connecticut-usa,Connecticut,PSWBSF,Potato Spaghetti Water Balloon Space Federation,https://youtu.be/dQw4w9WgXcQ?t=0,pswbsf/connecticut-usa,connecticut-usa,200,0,0,0,0,0,0,0,0,0,0,0,0,0,0,0,0,0,0,0,0,0,0,0,0,0,0,0,0,0,0,0,0,0,0,0,0,0,0,0,0,0,0,0,0,0,0,0,0,0,0,0,0,0,0,0,0,0,0,0,0,0,0,0,0,0,0,0,0,0,0,0,2,10,12,5,7,11,7,5,5,3,5,2,1,5,1,4,0,3,4,4,2,4,2,1,1,3,2,0,2,1,0,2,1,0,0,1,1,5,1,2,1,2,0,1,1,0,1,0,1,1,0,0,0,0,0,0,3,2,2,0,0,1,1,0,0,0,3,1,1,1,1,1,1,1,1,1,1,1,1,1,1,1,1,1,1,1,1,1,1,1,1,1,1,1,1,1,1,1,1,1,1,1,1,3,4,4,4,2
map,buffalo-ny,Buffalo,PSWBSF,Potato Spaghetti Water Balloon Space Federation,https://youtu.be/dQw4w9WgXcQ?t=0,pswbsf/buffalo-ny,buffalo-ny,198,0,0,0,0,0,0,0,0,0,0,0,0,0,0,0,0,0,0,0,0,0,0,0,0,0,0,0,0,0,0,0,0,0,0,5,2,3,4,10,5,2,3,6,5,1,2,5,2,4,2,2,3,4,5,4,5,0,2,0,1,1,1,1,1,1,3,0,1,0,1,4,2,0,0,0,0,2,2,1,0,0,2,2,1,2,0,0,2,0,1,0,1,2,2,0,1,1,1,0,0,1,2,1,2,0,1,2,1,0,1,1,0,1,0,0,0,1,0,0,1,0,0,1,0,0,0,0,0,0,0,0,0,0,0,0,0,0,3,1,1,1,1,1,1,1,1,1,1,1,1,1,1,1,1,1,1,1,1,1,1,1,1,1,1,1,1,1,1,1,1,1,1,1,1,3,4,4,4,2
map,colorado-ski-country,Colorado Ski Country,soccerjonj,soccerjonj,https://github.com/soccerjonj,soccerjonj/colorado-ski-country,Colorado-Ski-Country,198,19,2,2,7,1,0,3,5,2,0,7,3,6,0,4,2,3,0,3,2,2,6,0,2,0,4,1,0,3,1,6,0,2,6,0,0,0,1,0,1,1,0,2,1,0,2,1,3,0,0,1,0,0,0,1,0,0,0,1,1,1,0,1,0,0,2,2,2,1,0,0,0,0,0,2,1,0,0,0,0,0,0,0,0,0,1,0,0,0,0,2,0,0,0,0,0,0,0,0,0,0,0,1,2,0,1,0,0,0,0,1,0,0,0,0,0,0,0,0,1,0,0,0,0,0,0,0,0,0,0,0,0,0,0,0,0,1,3,1,1,1,1,1,1,1,1,1,1,1,1,1,1,1,1,1,1,1,1,1,1,1,1,1,1,1,1,1,1,1,1,1,1,1,1,3,4,4,4,2
mod,copy-paste,Copy Paste,seanyushoumori,seanyushoumori,https://github.com/seanyushoumori,seanyushoumori/copy-paste,copy-paste,198,0,0,0,0,0,0,0,0,0,0,0,0,0,0,0,0,0,0,0,0,0,0,0,0,0,0,0,0,0,0,0,0,0,0,0,0,0,0,0,0,0,0,0,0,0,0,0,0,0,0,0,0,0,0,0,0,0,0,0,0,0,0,0,0,0,0,0,0,0,0,0,0,0,0,0,0,0,0,0,0,0,0,0,0,0,0,0,0,0,0,0,0,0,0,0,0,0,0,0,0,5,3,3,6,2,2,4,4,8,2,2,8,6,0,4,1,0,3,6,13,12,6,4,1,2,1,0,2,3,2,5,3,4,5,3,2,2,2,2,3,0,3,3,4,2,2,1,0,1,3,1,1,1,2,2,1,1,4,2,2,0,0,1,4,1,0,2,0,1,3,2,0,1,1,0,0,0,0,0
map,tri-cities,Tri-Cities,ryandicicco,ryandicicco,https://github.com/ryandicicco,ryandicicco/subway-builder-maps,Subway-Builder-Maps,197,0,0,0,0,0,0,0,0,0,0,0,0,0,0,0,0,0,0,0,0,0,0,0,0,0,0,0,0,0,0,0,0,0,0,0,0,0,0,0,0,0,0,0,0,0,0,0,0,0,0,0,0,0,0,0,0,0,0,0,0,0,0,0,0,0,3,9,3,3,5,1,2,4,4,0,1,1,0,2,0,0,0,1,0,0,0,1,0,4,0,2,0,1,0,0,0,2,1,0,0,0,0,0,1,1,2,0,0,0,0,1,1,0,0,0,0,0,0,1,0,1,0,0,0,0,0,1,2,1,0,0,0,4,2,5,9,6,2,3,5,3,17,14,16,7,5,5,4,0,1,5,1,1,1,1,4,0,0,0,4,0,1,0,0,0,1,1,0,3,0,0,0,2,0,2,0,0,0,0
map,yukina-cz-karlovy-vary,Karlovy Vary,ahkimn,Yukina-,https://subwaybuildermodded.com/credits,ahkimn/subwaybuilder-eu-maps,subwaybuilder-eu-maps,197,0,0,0,0,0,0,0,0,0,0,0,0,0,0,0,0,0,0,0,0,0,0,0,0,0,0,0,0,0,0,0,0,0,0,0,0,0,0,0,0,0,0,0,0,0,0,0,0,0,0,0,0,0,0,0,0,0,0,0,0,0,0,0,0,0,0,0,0,0,0,0,0,0,0,0,0,0,0,0,0,0,0,0,0,0,0,0,0,0,0,0,0,0,0,0,0,0,0,0,1,2,2,0,1,0,0,0,0,0,0,21,0,0,0,0,1,0,0,0,0,0,4,4,0,1,1,0,1,2,0,1,1,2,0,0,1,2,3,3,2,4,0,2,1,2,2,0,2,2,1,0,0,0,2,0,0,0,1,0,0,0,0,0,0,1,0,14,17,16,11,7,2,9,8,7,8,8,9,5
map,yukina-pl-bialystok,Białystok,ahkimn,Yukina-,https://subwaybuildermodded.com/credits,ahkimn/subwaybuilder-eu-maps,subwaybuilder-eu-maps,196,0,0,0,0,0,0,0,0,0,0,0,0,0,0,0,0,0,0,0,0,0,0,0,0,0,0,0,0,0,0,0,0,0,0,0,0,0,0,0,0,0,0,0,0,0,0,0,0,0,0,0,0,0,0,0,0,0,0,0,0,0,0,0,4,3,5,1,3,3,4,6,2,3,1,3,1,0,1,0,0,2,1,0,3,5,0,0,2,2,1,0,1,1,1,3,1,0,1,1,0,1,0,0,0,1,0,0,0,1,0,0,1,0,0,0,1,0,0,0,0,1,5,3,1,3,1,2,1,2,0,0,2,2,1,1,1,2,1,2,1,1,0,2,1,1,1,0,1,1,1,1,0,0,2,2,0,0,2,11,4,3,2,27,9,5,3,1,3,4,0,2,1,0,1,0,0,1,1,0
map,louisville,Louisville,soccerjonj,soccerjonj,https://github.com/soccerjonj,soccerjonj/louisville,Louisville,193,16,1,2,5,1,0,2,3,2,3,4,2,6,1,3,2,2,1,2,1,2,3,2,1,1,2,2,0,1,2,5,1,3,0,3,0,0,1,0,2,2,0,2,0,0,0,1,4,0,0,2,0,0,3,2,1,0,0,1,1,0,0,0,0,0,1,1,1,1,1,0,0,1,0,0,0,0,0,0,0,0,0,1,0,0,1,0,2,0,0,1,1,1,0,0,1,1,1,1,0,0,0,0,1,0,0,3,1,0,1,1,1,1,0,0,0,0,0,0,0,1,1,0,0,0,0,0,0,0,0,0,0,0,0,0,0,0,3,1,1,1,1,1,1,1,1,1,1,1,1,1,1,1,1,1,1,1,1,1,1,1,1,1,1,1,1,1,1,1,1,1,1,1,1,3,4,4,4,2
map,yukina-ee-parnu,Pärnu,ahkimn,Yukina-,https://subwaybuildermodded.com/credits,ahkimn/subwaybuilder-eu-maps,subwaybuilder-eu-maps,193,0,0,0,0,0,0,0,0,0,0,0,0,0,0,0,0,0,0,0,0,0,0,0,0,0,0,0,0,0,0,0,0,0,0,0,0,0,0,0,0,0,0,0,0,0,0,0,0,0,0,0,0,0,0,0,0,0,0,0,0,0,0,0,0,0,0,0,0,0,0,0,0,0,0,0,0,0,0,0,0,0,0,0,0,0,0,0,0,0,0,0,0,0,3,5,2,2,1,0,1,0,0,0,1,1,1,0,1,1,3,1,1,0,0,3,1,0,0,5,5,2,1,1,0,5,1,1,1,2,0,1,0,9,7,2,4,2,3,3,3,1,0,4,1,1,4,1,4,1,3,2,0,2,2,0,1,2,2,9,4,5,1,27,12,0,4,0,1,6,3,0,1,1,1,0,0,0,1,0
map,jeju-3,Jeju (30km×30km),kimth9,kimth9,https://github.com/kimth9,kimth9/sb_korean_map_pack,sb_korean_map_pack,192,0,0,0,0,0,0,0,0,0,0,0,0,0,0,0,0,0,0,0,0,0,0,0,0,0,0,0,0,0,0,0,0,0,38,11,9,5,3,6,2,8,8,0,3,3,1,3,4,1,1,4,3,6,2,1,4,4,3,1,3,0,0,0,2,4,3,0,0,0,0,1,1,0,0,1,1,1,0,3,1,1,1,2,1,0,0,0,0,1,5,1,0,0,0,5,0,0,0,0,0,0,0,1,1,0,1,0,1,1,1,0,0,0,0,1,0,0,1,0,0,0,0,0,0,0,1,0,0,0,0,0,0,0,0,7,0,2,1,0,0,0,0,0,0,0,0,0,0,0,0,1,0,0,0,0,0,0,0,0,0,0,0,0,0,0,0,0,0,0,0,0,0,0,0,0,0,0,0,0
map,ulsan-4,Ulsan (40km×40km),kimth9,kimth9,https://github.com/kimth9,kimth9/sb_korean_map_pack,sb_korean_map_pack,190,0,0,0,0,0,0,0,0,0,0,0,0,0,0,0,0,0,0,0,0,0,0,0,0,0,0,0,0,0,0,0,0,0,18,11,14,4,3,11,3,14,10,0,8,2,3,4,6,1,0,0,2,6,3,1,3,1,1,2,2,0,1,0,1,3,3,0,0,0,0,1,1,1,0,5,0,0,0,1,2,1,3,4,1,1,0,0,0,1,3,0,1,0,0,5,0,0,0,0,0,0,0,4,0,1,1,0,1,1,1,0,0,1,0,1,0,0,1,0,0,0,0,0,0,0,0,0,0,0,1,1,1,0,0,0,0,0,1,0,1,0,0,0,0,0,0,0,0,0,0,0,0,0,0,0,1,0,0,0,0,0,0,0,0,0,0,0,0,0,0,0,0,0,0,0,0,0,0,0
map,au-adelaide,Adelaide,subway-builder-modded-admin,Subway Builder Modded,https://subwaybuildermodded.com,barkuperman/subwaybuilder-au-nz-maps,subwaybuilder-au-nz-maps,188,0,0,0,0,0,0,0,0,0,0,0,0,0,0,0,0,0,0,0,0,0,0,0,0,0,0,0,0,0,0,0,0,0,0,0,0,0,0,0,0,0,0,0,0,0,0,0,0,0,0,0,0,0,0,0,0,0,0,0,0,0,0,0,0,0,0,0,0,0,0,0,0,0,0,0,0,0,0,0,0,0,0,0,0,0,0,0,0,0,0,0,0,0,0,0,0,0,0,0,0,0,0,0,0,0,0,0,0,0,0,0,0,0,0,0,0,0,0,0,0,0,0,0,0,0,0,0,0,0,0,0,0,0,0,0,0,0,0,0,0,0,0,0,3,40,28,9,13,9,15,3,3,8,4,4,1,3,3,1,2,1,3,1,3,1,1,4,5,0,1,3,1,2,2,2,2,1,4,2
map,toulouse,Toulouse,pierreggt,pierreggt,https://github.com/pierreggt,pierreggt/subwaybuilder-maps-france,subwaybuilder-maps-france,188,0,0,0,0,0,0,0,0,0,0,0,0,0,0,0,0,0,0,0,0,0,0,0,0,0,0,0,0,0,0,0,0,0,0,0,0,0,0,0,0,0,0,0,0,0,0,0,0,0,0,0,0,0,0,0,0,0,0,0,0,0,0,0,0,0,0,0,0,0,0,0,0,0,0,0,0,0,0,0,0,0,0,0,0,0,0,0,0,0,0,0,0,0,0,0,0,0,0,0,0,0,0,0,0,0,0,0,0,0,0,0,0,0,0,0,0,0,0,0,0,0,0,0,0,0,0,0,0,0,0,0,3,27,9,11,3,3,5,4,5,2,5,5,0,1,3,0,2,2,4,0,1,1,0,2,1,1,2,1,2,1,1,1,2,0,0,26,15,5,5,7,4,0,2,1,4,3,5,1
map,waterloo,Region of Waterloo,Kronifer,Kronifer,https://github.com/Kronifer,kronifer/sb-waterloo-map,sb-waterloo-map,188,33,3,10,6,5,1,3,3,6,2,9,2,9,1,6,7,3,3,2,8,4,11,2,1,6,0,0,0,0,0,0,0,0,0,0,0,0,0,0,0,0,0,0,0,0,0,0,0,0,0,0,0,0,0,0,0,0,0,0,0,0,0,0,0,0,0,0,0,0,0,0,0,0,0,0,0,0,0,0,0,0,0,0,0,0,0,0,0,0,0,0,0,0,0,0,0,0,0,0,0,0,0,0,0,0,0,0,2,2,1,2,1,4,1,0,1,0,0,0,0,0,0,0,0,1,0,0,0,0,0,1,0,0,0,0,0,0,3,1,1,1,1,1,1,1,1,1,1,1,1,1,1,1,1,1,1,1,1,1,1,1,0,0,0,0,0,0,0,0,0,0,0,0,0,0,0,0,0,0
map,bari,Bari,Maximilian284,max02,https://github.com/Maximilian284,maximilian284/subwaybuilder-it-maps,subwaybuilder-it-maps,187,0,0,0,0,0,0,0,37,2,0,0,0,0,0,0,1,1,1,3,4,3,7,1,2,1,1,1,1,3,2,3,0,3,1,2,2,0,1,0,1,0,0,1,1,0,1,2,1,0,1,0,1,2,1,0,0,0,0,2,0,0,1,0,1,2,0,0,0,3,1,0,0,1,0,0,2,0,0,0,0,0,0,1,0,0,1,0,0,0,1,0,0,0,0,2,1,0,0,1,0,0,1,0,0,0,0,0,0,0,0,2,0,1,1,0,0,1,0,0,0,2,1,0,0,0,0,0,0,0,0,43,0,0,0,0,0,0,0,0,0,0,0,1,2,1,1,1,2,0,1,0,1,1,0,2,0,0,0,0,1,0,1,0,0,0,1,0,0,0,0,1,0,1,0,0,0,0,2,0
map,trondheim-no,Trondheim,rslurry,slurry,https://github.com/rslurry,rslurry/subwaybuilder-maps,subwaybuilder-maps,183,0,0,0,0,0,0,0,0,0,0,0,0,0,0,0,0,0,0,0,0,0,0,0,0,0,0,0,0,0,0,0,0,0,0,0,0,0,0,0,0,0,0,0,0,0,0,0,0,0,0,0,0,0,0,0,0,0,0,0,0,0,0,0,0,0,0,0,0,0,0,0,5,11,6,5,9,5,2,5,0,2,4,4,1,0,1,0,0,1,0,0,2,0,1,1,1,1,0,2,2,1,0,0,0,1,1,0,0,1,1,2,0,0,1,1,0,0,1,0,0,0,2,0,0,4,11,7,4,5,3,7,3,3,0,6,3,1,3,4,3,2,2,2,2,4,3,1,2,1,1,1,0,0,0,0,0,1,0,1,2,0,0,0,1,0,0,0,0,1,1,0,0,0,1,2,1,0,1,0
map,garda-lake,Garda Lake,Maximilian284,max02,https://github.com/Maximilian284,maximilian284/subwaybuilder-it-maps,subwaybuilder-it-maps,181,0,0,0,0,0,0,0,8,5,0,1,0,0,0,2,3,1,0,2,4,2,5,1,1,2,2,3,0,5,1,3,2,3,0,4,2,3,0,3,2,0,0,2,0,0,0,2,2,1,1,0,0,1,0,1,0,0,0,0,0,3,0,0,2,0,0,0,1,2,1,1,0,0,1,1,1,1,0,0,0,0,1,2,0,0,0,0,1,1,0,0,0,0,0,2,0,0,2,1,0,1,0,0,0,0,0,0,0,0,0,2,0,1,1,0,0,0,0,0,0,0,1,0,0,0,1,0,0,0,0,4,8,9,1,2,5,3,6,3,2,1,3,5,1,1,3,0,1,2,2,0,1,0,0,0,0,0,0,1,1,0,0,0,0,0,0,0,0,0,0,0,0,0,0,1,0,0,3,1
mod,intercity-hsr-trains,"Intercity, HSR & Express Metro Trains",danielloong714,danielloong714,https://github.com/danielloong714,danielloong714/intercity-hsr-trains,intercity-hsr-trains,176,0,0,0,0,0,0,0,0,0,0,0,0,0,0,0,0,0,0,0,0,0,0,0,0,0,0,0,0,0,0,0,0,0,0,0,0,0,0,0,0,0,0,0,0,0,0,0,0,0,0,0,0,0,0,0,0,0,0,0,0,0,0,0,0,0,0,0,0,0,0,0,0,0,0,0,0,0,0,0,0,0,0,0,0,0,0,0,0,0,0,0,0,0,0,0,0,0,0,0,0,0,0,0,0,0,0,0,0,0,0,0,0,0,0,0,0,0,0,0,0,0,0,0,0,0,0,0,0,0,0,0,0,0,0,0,0,0,0,0,0,0,0,0,0,0,0,0,0,0,0,0,0,0,0,0,0,0,0,0,0,0,0,7,23,16,11,12,9,18,15,15,4,11,11,6,2,7,5,4
map,yukina-cz-jihlava,Jihlava,ahkimn,Yukina-,https://subwaybuildermodded.com/credits,ahkimn/subwaybuilder-eu-maps,subwaybuilder-eu-maps,176,0,0,0,0,0,0,0,0,0,0,0,0,0,0,0,0,0,0,0,0,0,0,0,0,0,0,0,0,0,0,0,0,0,0,0,0,0,0,0,0,0,0,0,0,0,0,0,0,0,0,0,0,0,0,0,0,0,0,0,0,0,0,0,0,0,0,0,0,0,0,0,0,0,0,0,0,0,0,0,0,0,0,0,0,0,0,0,0,0,0,0,0,0,0,0,0,0,0,0,1,2,1,1,2,0,0,0,0,0,0,1,0,0,0,0,1,0,0,0,0,0,4,2,0,2,1,0,1,3,0,1,1,2,1,0,1,2,3,2,1,3,0,4,1,2,2,0,2,2,1,0,0,0,2,0,0,0,0,0,0,0,0,1,0,0,0,12,17,16,11,7,3,10,8,7,8,8,9,4
map,yukina-lt-klaipeda,Klaipėda,ahkimn,Yukina-,https://subwaybuildermodded.com/credits,ahkimn/subwaybuilder-eu-maps,subwaybuilder-eu-maps,176,0,0,0,0,0,0,0,0,0,0,0,0,0,0,0,0,0,0,0,0,0,0,0,0,0,0,0,0,0,0,0,0,0,0,0,0,0,0,0,0,0,0,0,0,0,0,0,0,0,0,0,0,0,0,0,0,0,0,0,0,0,0,0,0,0,0,0,0,0,0,0,0,0,0,0,0,0,0,0,0,0,0,0,0,0,0,0,0,0,0,0,0,0,0,0,0,0,0,0,0,0,0,0,0,0,0,0,0,0,0,0,0,0,0,0,0,0,0,0,0,0,0,0,0,0,0,0,4,3,0,1,3,4,1,0,3,1,1,1,1,2,0,1,0,1,2,0,1,1,1,0,0,1,1,0,0,0,2,6,6,3,1,25,6,1,0,4,1,3,11,12,2,10,9,8,9,8,11,4
map,yukina-cz-zlin,Zlín,ahkimn,Yukina-,https://subwaybuildermodded.com/credits,ahkimn/subwaybuilder-eu-maps,subwaybuilder-eu-maps,174,0,0,0,0,0,0,0,0,0,0,0,0,0,0,0,0,0,0,0,0,0,0,0,0,0,0,0,0,0,0,0,0,0,0,0,0,0,0,0,0,0,0,0,0,0,0,0,0,0,0,0,0,0,0,0,0,0,0,0,0,0,0,0,0,0,0,0,0,0,0,0,0,0,0,0,0,0,0,0,0,0,0,0,0,0,0,0,0,0,0,0,0,0,0,0,0,0,0,0,2,2,1,0,1,0,0,0,0,0,0,0,1,0,0,0,1,0,0,0,0,0,3,2,0,1,0,0,1,2,0,2,1,3,0,1,1,2,4,3,1,3,1,1,1,2,2,0,2,2,1,0,0,0,2,0,0,0,0,0,0,0,0,1,0,0,0,13,16,16,11,7,3,9,8,6,9,10,9,4
map,catania,Catania,Maximilian284,max02,https://github.com/Maximilian284,maximilian284/subwaybuilder-it-maps,subwaybuilder-it-maps,173,0,0,0,0,0,0,0,24,3,0,0,0,0,0,0,1,0,0,1,4,2,8,1,2,1,3,1,0,2,1,2,0,2,3,2,2,0,0,1,1,0,1,1,0,0,0,1,1,0,1,1,0,1,3,1,1,0,0,1,0,0,0,0,1,1,0,0,0,0,1,0,0,0,1,0,1,1,0,0,0,0,0,1,0,0,2,0,0,1,1,0,1,0,0,2,0,0,0,0,0,0,1,0,0,0,0,0,0,1,1,2,0,1,0,0,0,1,1,0,0,0,1,0,1,1,0,0,0,0,1,30,0,0,0,0,0,0,1,5,1,1,2,1,1,0,2,0,2,0,3,0,0,1,0,2,0,1,0,0,5,2,2,0,0,0,0,0,1,1,0,1,0,1,0,0,0,0,1,0
map,rennes,Rennes,pierreggt,pierreggt,https://github.com/pierreggt,pierreggt/subwaybuilder-maps-france,subwaybuilder-maps-france,170,0,0,0,0,0,0,0,0,0,0,0,0,0,0,0,0,0,0,0,0,0,0,0,0,0,0,0,0,0,0,0,0,0,0,0,0,0,0,0,0,0,0,0,0,0,0,0,0,0,0,0,0,0,0,0,0,0,0,0,0,0,0,0,0,0,0,0,0,0,0,0,0,0,0,0,0,0,0,0,0,0,0,0,0,0,0,0,0,0,0,0,0,0,0,0,0,0,0,0,0,0,0,0,0,0,0,0,0,0,0,0,0,0,0,0,0,0,0,0,0,0,0,0,0,0,0,0,0,0,0,0,0,0,23,18,3,5,1,8,4,2,8,3,5,2,4,0,1,2,3,4,0,1,0,5,1,2,1,1,1,0,1,2,1,0,4,19,10,4,1,7,3,1,3,0,0,1,5,0
map,jeju-f,Jeju (Full Island),kimth9,kimth9,https://github.com/kimth9,kimth9/sb_korean_map_pack,sb_korean_map_pack,169,0,0,0,0,0,0,0,0,0,0,0,0,0,0,0,0,0,0,0,0,0,0,0,0,0,0,0,0,0,0,0,0,0,19,13,16,5,2,4,3,2,1,1,1,7,7,2,5,0,5,2,2,3,4,1,2,0,3,2,2,1,1,3,0,0,3,0,0,0,1,2,1,0,0,1,1,0,0,0,2,1,1,0,0,0,0,0,1,0,1,1,0,0,0,2,0,0,0,1,0,1,2,4,1,1,2,1,1,0,0,2,0,2,1,0,0,1,1,0,1,1,0,0,0,0,0,0,0,0,0,0,1,0,0,0,0,0,3,0,1,0,0,0,0,1,0,0,0,0,0,1,1,0,0,0,0,0,0,0,0,0,1,0,0,0,0,0,0,0,0,0,0,0,0,0,0,0,0,0
map,mfn-northwestar,Northwest Arkansas,crumpetime,muffintime,https://github.com/crumpetime,crumpetime/sb-maps-xna,sb-maps-xna,168,3,4,4,9,3,4,2,2,2,0,2,4,4,1,4,2,2,0,0,3,0,5,3,2,1,1,2,1,2,1,2,1,2,1,1,1,0,0,1,1,2,1,0,1,0,1,0,1,0,0,0,1,0,1,0,0,1,1,1,2,0,2,0,0,0,1,2,0,0,1,1,0,1,0,0,0,0,0,0,1,0,0,0,0,0,0,0,0,1,0,2,0,0,0,0,0,0,0,0,0,0,0,0,1,0,0,0,0,0,0,1,0,0,0,0,0,0,0,0,0,1,0,0,0,0,0,0,0,0,0,0,0,0,0,0,0,1,3,1,1,1,1,1,1,1,1,1,1,1,1,1,1,1,1,1,1,1,1,1,1,1,1,1,1,1,1,1,1,1,1,1,1,1,1,3,4,4,4,2
map,palermo,Palermo,Maximilian284,max02,https://github.com/Maximilian284,maximilian284/subwaybuilder-it-maps,subwaybuilder-it-maps,168,5,2,1,4,3,0,0,0,2,0,0,0,0,0,0,1,3,1,0,4,3,4,0,2,2,1,3,1,5,2,2,0,3,1,1,1,1,0,0,2,0,1,0,1,0,1,2,0,3,0,0,0,2,3,0,0,0,0,2,0,0,0,0,0,1,0,0,0,0,1,0,0,0,1,0,1,0,0,0,1,0,0,1,0,0,2,0,0,1,2,1,1,0,0,2,0,0,1,0,0,1,1,0,0,0,1,0,0,0,0,2,0,1,0,0,1,0,0,1,0,1,1,0,1,0,0,0,0,0,1,1,13,3,1,0,4,3,5,6,2,1,1,1,1,1,1,0,2,0,3,1,0,0,1,2,0,1,0,0,1,1,3,0,0,0,0,0,0,2,0,1,0,0,0,1,0,0,2,0
map,sofia-bulgaria,Sofia,giannons46,giannons46,https://github.com/giannons46,giannons46/sofia-subway-builder-map,sofia-subway-builder-map,165,0,0,0,0,0,0,0,0,0,0,0,0,0,0,0,0,0,0,0,0,0,0,0,0,0,0,0,0,0,0,0,0,0,0,0,0,0,0,0,0,0,0,0,0,0,0,0,0,0,0,0,0,0,0,0,0,0,0,0,0,0,0,0,0,0,0,0,0,0,0,0,0,0,0,0,0,0,0,0,0,0,0,0,0,0,0,0,0,0,0,0,0,0,0,0,0,0,0,0,0,0,0,0,0,0,0,0,0,0,0,0,0,0,0,0,0,0,0,0,0,0,0,0,0,0,0,0,0,0,0,0,0,0,0,28,25,9,13,4,7,5,2,6,2,1,4,3,6,1,3,1,1,0,0,3,0,2,0,3,3,0,3,0,2,2,3,0,2,2,1,1,0,1,10,3,0,0,3,0
map,willamette-valley,"Willamette Valley, OR",Phineapoo,Phineapoo,https://github.com/Phineapoo,phineapoo/willamette-valley-or,Willamette-Valley-OR,165,0,0,0,0,0,0,0,0,0,0,0,0,0,0,0,0,0,0,0,0,0,0,0,0,0,0,0,0,0,0,0,0,0,3,11,5,4,5,5,0,0,1,2,1,3,0,9,2,0,1,2,0,4,3,3,2,0,2,0,0,0,1,3,2,2,1,2,0,0,2,1,1,1,0,1,0,0,0,0,2,0,3,0,0,0,1,0,0,3,1,0,0,0,1,0,0,1,3,0,0,0,0,1,0,1,0,0,1,0,1,0,0,1,0,0,1,0,1,0,0,1,0,0,0,0,1,0,0,0,0,0,0,0,0,0,0,0,3,1,1,1,1,1,1,1,1,1,1,1,1,1,1,1,1,1,1,1,1,1,1,1,1,1,1,1,1,1,1,1,1,1,1,1,1,3,4,4,4,2
map,nz-wellington,Wellington,subway-builder-modded-admin,Subway Builder Modded,https://subwaybuildermodded.com,barkuperman/subwaybuilder-au-nz-maps,subwaybuilder-au-nz-maps,163,0,0,0,0,0,0,0,0,0,0,0,0,0,0,0,0,0,0,0,0,0,0,0,0,0,0,0,0,0,0,0,0,0,0,0,0,0,0,0,0,0,0,0,0,0,0,0,0,0,0,0,0,0,0,0,0,0,0,0,0,0,0,0,0,0,0,0,0,0,0,0,0,0,0,0,0,0,0,0,0,0,0,0,0,0,0,0,0,0,0,0,0,0,0,0,0,0,0,0,0,0,0,0,0,0,0,0,0,0,0,0,0,0,0,0,0,0,0,0,0,0,0,0,0,0,0,0,0,0,0,0,0,0,0,0,0,0,0,0,0,0,0,0,2,27,23,10,11,7,15,10,3,7,3,2,3,2,3,2,2,3,3,2,2,0,2,2,2,1,2,2,0,6,1,0,0,0,3,0
map,saltillo,Saltillo,rslurry,slurry,https://github.com/rslurry,rslurry/subwaybuilder-maps,subwaybuilder-maps,163,0,0,0,0,0,0,0,0,0,0,0,0,0,0,0,0,0,0,0,0,0,0,0,0,0,0,0,0,0,0,0,0,0,0,0,0,4,0,0,0,3,23,8,5,3,0,3,2,0,2,0,0,1,10,4,5,1,1,0,0,0,1,0,0,0,2,0,1,1,2,0,0,0,1,0,1,0,0,0,0,0,0,1,0,0,0,0,0,0,1,0,2,0,0,2,0,0,0,0,0,0,0,1,0,0,0,0,0,0,0,0,0,0,0,0,0,0,0,0,2,0,1,0,0,1,0,0,6,4,1,1,1,2,3,0,4,0,2,7,4,2,0,3,0,0,2,3,3,3,1,1,0,0,0,2,0,0,0,0,3,0,0,0,3,1,0,1,0,1,1,0,0,2,0,0,0,1,0,0
map,nantes,Nantes,pierreggt,pierreggt,https://github.com/pierreggt,pierreggt/subwaybuilder-maps-france,subwaybuilder-maps-france,161,0,0,0,0,0,0,0,0,0,0,0,0,0,0,0,0,0,0,0,0,0,0,0,0,0,0,0,0,0,0,0,0,0,0,0,0,0,0,0,0,0,0,0,0,0,0,0,0,0,0,0,0,0,0,0,0,0,0,0,0,0,0,0,0,0,0,0,0,0,0,0,0,0,0,0,0,0,0,0,0,0,0,0,0,0,0,0,0,0,0,0,0,0,0,0,0,0,0,0,0,0,0,0,0,0,0,0,0,0,0,0,0,0,0,0,0,0,0,0,0,0,0,0,0,0,0,0,0,0,0,0,0,0,14,16,4,2,2,5,4,3,9,2,1,2,5,2,3,1,3,4,1,0,1,1,1,1,2,0,1,0,1,1,1,0,5,16,12,7,0,7,0,1,2,1,3,5,9,0
map,piedmont-triad,Piedmont Triad,PSWBSF,Potato Spaghetti Water Balloon Space Federation,https://youtu.be/dQw4w9WgXcQ?t=0,pswbsf/piedmont-triad,piedmont-triad,161,0,0,0,0,0,0,0,0,0,0,0,0,0,0,0,0,0,9,5,11,1,9,7,1,0,0,2,0,0,1,3,10,0,0,4,0,1,2,1,2,1,0,0,0,0,0,1,0,1,0,1,0,0,0,0,1,0,2,0,1,0,1,1,0,0,0,1,0,0,3,0,0,0,2,0,0,1,0,1,1,0,0,2,0,1,1,0,0,0,0,0,0,0,1,0,0,0,0,0,0,1,1,0,1,0,0,1,0,0,0,1,1,1,0,0,0,0,1,0,0,1,0,0,0,1,0,0,0,0,0,0,0,0,0,0,2,0,3,1,1,1,1,1,1,1,1,1,1,1,1,1,1,1,1,1,1,1,1,1,1,1,1,1,1,1,1,1,1,1,1,1,1,1,1,3,4,4,4,2
map,charleston-sc,"Charleston, SC",PSWBSF,Potato Spaghetti Water Balloon Space Federation,https://youtu.be/dQw4w9WgXcQ?t=0,pswbsf/charleston-sc,charleston-sc,160,0,0,0,0,0,0,0,0,0,0,0,0,0,0,0,0,0,0,0,0,0,0,0,0,0,0,0,0,0,10,27,0,0,15,0,0,0,0,0,0,0,0,0,0,0,0,0,0,0,0,0,0,0,0,0,2,0,1,0,1,0,4,0,0,2,2,0,0,1,2,1,1,4,1,0,1,0,1,1,0,1,0,2,1,0,0,0,0,0,0,1,1,0,1,0,1,1,0,0,0,0,1,0,1,1,1,2,1,1,0,3,0,1,0,0,0,0,1,0,1,0,0,0,0,1,0,0,1,0,0,0,1,0,0,0,0,1,3,1,1,1,1,1,1,1,1,1,1,1,1,1,1,1,1,1,1,1,1,1,1,1,1,1,1,1,1,1,1,1,1,1,1,1,1,3,4,4,4,2
map,yukina-lv-daugavpils,Daugavpils,ahkimn,Yukina-,https://subwaybuildermodded.com/credits,ahkimn/subwaybuilder-eu-maps,subwaybuilder-eu-maps,159,0,0,0,0,0,0,0,0,0,0,0,0,0,0,0,0,0,0,0,0,0,0,0,0,0,0,0,0,0,0,0,0,0,0,0,0,0,0,0,0,0,0,0,0,0,0,0,0,0,0,0,0,0,0,0,0,0,0,0,0,0,0,0,0,0,0,0,0,0,0,0,0,0,0,0,0,0,0,0,0,0,0,0,0,0,0,0,0,0,0,0,0,0,0,0,0,0,0,0,0,0,0,0,0,0,0,0,0,0,0,0,0,0,0,0,5,11,6,2,1,6,4,1,0,3,0,1,1,1,0,1,1,6,5,1,4,2,2,2,4,2,0,2,0,1,1,0,1,3,1,0,0,0,1,0,2,0,2,8,5,5,1,26,10,1,4,2,2,3,1,1,2,0,1,0,0,0,1,0
map,yukina-pl-rzeszow,Rzeszów,ahkimn,Yukina-,https://subwaybuildermodded.com/credits,ahkimn/subwaybuilder-eu-maps,subwaybuilder-eu-maps,159,0,0,0,0,0,0,0,0,0,0,0,0,0,0,0,0,0,0,0,0,0,0,0,0,0,0,0,0,0,0,0,0,0,0,0,0,0,0,0,0,0,0,0,0,0,0,0,0,0,0,0,0,0,0,0,0,0,0,0,0,0,0,0,3,1,3,0,1,1,2,4,2,1,1,1,1,0,1,0,0,1,1,3,1,0,3,0,2,2,1,0,1,1,1,4,0,0,0,0,0,0,0,0,0,0,0,0,0,1,0,0,1,0,0,0,1,0,0,0,0,0,2,2,1,4,1,1,1,2,0,0,1,1,0,2,1,2,1,3,4,1,0,1,0,1,1,0,1,1,1,0,0,0,1,1,1,1,2,10,5,1,2,24,11,6,3,1,2,4,0,0,0,0,0,0,0,1,1,0
map,pyongyang-nk,Pyongyang,PSWBSF,Potato Spaghetti Water Balloon Space Federation,https://youtu.be/dQw4w9WgXcQ?t=0,pswbsf/pyongyang-nk,pyongyang-nk,156,0,0,0,0,0,0,0,0,0,0,0,0,0,0,0,0,0,0,0,0,0,0,0,0,0,5,8,2,4,3,9,0,0,0,1,12,2,3,1,2,3,2,2,2,1,2,3,5,1,0,2,3,1,1,1,3,2,1,0,2,2,1,0,0,0,0,3,1,1,1,4,0,0,0,3,1,1,3,1,2,0,3,0,0,1,1,2,0,1,3,1,1,0,0,0,0,0,0,4,0,0,3,0,1,0,0,0,3,0,1,1,2,1,0,0,0,0,1,1,0,0,0,0,0,0,2,1,0,0,0,1,0,0,0,0,0,0,2,0,0,0,0,1,0,0,1,0,0,0,0,0,0,0,0,0,0,1,0,0,1,1,1,0,0,0,0,0,0,0,0,0,0,0,0,0,0,0,0,0
map,au-canberra,Canberra,subway-builder-modded-admin,Subway Builder Modded,https://subwaybuildermodded.com,barkuperman/subwaybuilder-au-nz-maps,subwaybuilder-au-nz-maps,155,0,0,0,0,0,0,0,0,0,0,0,0,0,0,0,0,0,0,0,0,0,0,0,0,0,0,0,0,0,0,0,0,0,0,0,0,0,0,0,0,0,0,0,0,0,0,0,0,0,0,0,0,0,0,0,0,0,0,0,0,0,0,0,0,0,0,0,0,0,0,0,0,0,0,0,0,0,0,0,0,0,0,0,0,0,0,0,0,0,0,0,0,0,0,0,0,0,0,0,0,0,0,0,0,0,0,0,0,0,0,0,0,0,0,0,0,0,0,0,0,0,0,0,0,0,0,0,0,0,0,0,0,0,0,0,0,0,0,0,0,0,0,0,1,29,17,8,11,15,11,3,3,5,1,3,1,1,2,1,3,0,4,3,5,0,0,4,4,2,1,5,0,1,3,2,2,2,2,0
map,yukina-ee-tartu,Tartu,ahkimn,Yukina-,https://subwaybuildermodded.com/credits,ahkimn/subwaybuilder-eu-maps,subwaybuilder-eu-maps,155,0,0,0,0,0,0,0,0,0,0,0,0,0,0,0,0,0,0,0,0,0,0,0,0,0,0,0,0,0,0,0,0,0,0,0,0,0,0,0,0,0,0,0,0,0,0,0,0,0,0,0,0,0,0,0,0,0,0,0,0,0,0,0,0,0,0,0,0,0,0,0,0,0,0,0,0,0,0,0,0,0,0,0,0,0,0,0,0,0,0,0,0,0,4,6,1,0,0,0,0,0,0,1,1,1,0,0,0,0,0,1,1,0,0,0,1,0,0,6,5,3,2,2,0,3,0,1,1,2,0,0,1,6,4,1,5,1,3,3,3,1,0,2,1,2,1,0,2,1,1,1,0,0,1,0,1,0,2,9,5,3,1,27,7,2,3,2,2,2,1,1,2,0,0,1,0,0,2,0
map,mfn-rdu,Raleigh,crumpetime,muffintime,https://github.com/crumpetime,crumpetime/sb-maps-rdu,sb-maps-rdu,151,0,0,0,0,0,0,0,0,0,0,0,0,0,0,0,0,0,0,0,0,0,0,0,0,0,0,0,0,0,0,0,0,0,0,0,0,0,2,4,6,1,1,2,0,2,1,0,2,3,3,1,1,2,1,1,5,2,2,1,0,1,2,0,2,1,3,2,1,1,0,1,0,0,1,0,0,1,1,2,0,2,1,4,0,1,1,0,1,1,1,3,0,0,2,1,1,0,0,1,1,0,2,1,2,0,0,0,0,0,2,1,0,1,0,0,0,0,0,0,0,1,0,0,0,1,0,0,1,0,0,0,0,0,0,0,0,0,3,1,1,1,1,1,1,1,1,1,1,1,1,1,1,1,1,1,1,1,1,1,1,1,1,1,1,1,1,1,1,1,1,1,1,1,1,3,4,4,4,2
map,yukina-lt-panevezys,Panevėžys,ahkimn,Yukina-,https://subwaybuildermodded.com/credits,ahkimn/subwaybuilder-eu-maps,subwaybuilder-eu-maps,149,0,0,0,0,0,0,0,0,0,0,0,0,0,0,0,0,0,0,0,0,0,0,0,0,0,0,0,0,0,0,0,0,0,0,0,0,0,0,0,0,0,0,0,0,0,0,0,0,0,0,0,0,0,0,0,0,0,0,0,0,0,0,0,0,0,0,0,0,0,0,0,0,0,0,0,0,0,0,0,0,0,0,0,0,0,0,0,0,0,0,0,0,0,0,0,0,0,0,0,0,0,0,0,0,0,0,0,0,0,0,0,0,0,0,0,0,0,0,0,0,0,0,0,0,0,0,0,4,2,0,0,0,3,0,0,1,2,1,1,1,1,0,1,1,0,2,0,1,1,1,0,0,0,1,0,0,0,2,6,2,2,1,24,6,0,0,2,1,3,9,11,3,9,9,6,8,8,9,4
map,yukina-pl-kielce,Kielce,ahkimn,Yukina-,https://subwaybuildermodded.com/credits,ahkimn/subwaybuilder-eu-maps,subwaybuilder-eu-maps,149,0,0,0,0,0,0,0,0,0,0,0,0,0,0,0,0,0,0,0,0,0,0,0,0,0,0,0,0,0,0,0,0,0,0,0,0,0,0,0,0,0,0,0,0,0,0,0,0,0,0,0,0,0,0,0,0,0,0,0,0,0,0,0,0,0,0,0,0,0,0,0,0,0,0,0,0,0,0,0,0,0,0,0,0,0,0,0,0,0,0,0,0,0,0,0,7,2,2,1,0,1,0,0,0,4,0,0,0,0,1,0,2,0,0,0,1,0,0,0,0,0,6,4,1,2,1,0,2,2,0,1,0,4,0,0,1,1,1,4,2,1,0,1,0,1,2,1,1,1,1,0,0,0,1,0,1,0,2,12,6,4,2,28,10,7,3,0,2,5,2,0,0,0,0,0,0,1,1,0
map,yukina-lt-siauliai,Šiauliai,ahkimn,Yukina-,https://subwaybuildermodded.com/credits,ahkimn/subwaybuilder-eu-maps,subwaybuilder-eu-maps,148,0,0,0,0,0,0,0,0,0,0,0,0,0,0,0,0,0,0,0,0,0,0,0,0,0,0,0,0,0,0,0,0,0,0,0,0,0,0,0,0,0,0,0,0,0,0,0,0,0,0,0,0,0,0,0,0,0,0,0,0,0,0,0,0,0,0,0,0,0,0,0,0,0,0,0,0,0,0,0,0,0,0,0,0,0,0,0,0,0,0,0,0,0,0,0,0,0,0,0,0,0,0,0,0,0,0,0,0,0,0,0,0,0,0,0,0,0,0,0,0,0,0,0,0,0,0,0,4,2,0,0,0,3,0,0,1,1,1,1,1,1,0,1,0,0,2,0,1,1,2,0,0,0,1,0,0,0,2,6,3,1,1,24,6,0,0,2,1,3,9,11,3,9,9,6,8,8,9,4
mod,madrid-transit-pack,Madrid Transit Pack,xoaninc,xoaninc,https://github.com/xoaninc,xoaninc/madrid-transit-pack,madrid-transit-pack,147,0,0,0,0,0,0,0,0,0,0,0,0,0,0,0,0,0,0,0,0,0,0,0,0,0,0,0,0,0,0,0,0,0,0,0,0,0,0,0,0,0,0,0,0,0,0,0,0,0,0,0,0,0,0,0,0,0,0,0,0,0,0,0,0,0,0,0,0,0,0,0,0,0,0,0,0,0,0,0,0,0,0,0,0,0,0,0,0,0,0,0,0,0,0,0,0,0,0,0,0,0,0,0,0,0,0,0,0,0,0,0,0,0,0,0,0,0,0,0,0,0,0,0,0,0,0,0,0,0,0,0,0,0,0,0,0,0,0,0,0,0,0,0,0,0,0,0,3,17,11,6,8,3,2,2,3,1,1,2,0,1,0,1,3,2,1,3,0,0,0,4,0,1,6,15,10,18,17,6
map,sejong-3,Sejong (30km×30km),kimth9,kimth9,https://github.com/kimth9,kimth9/sb_korean_map_pack,sb_korean_map_pack,147,0,0,0,0,0,0,0,0,0,0,0,0,0,0,0,0,0,0,0,0,0,0,0,0,0,0,0,0,0,0,0,0,0,14,9,8,4,3,7,2,8,9,0,4,2,1,4,4,1,0,0,2,5,3,3,5,1,2,1,3,0,0,0,1,3,4,0,0,0,0,1,0,0,0,1,1,1,0,3,1,1,1,2,1,0,0,0,0,1,3,1,0,0,0,5,0,1,0,0,0,0,0,1,0,0,1,0,1,1,1,0,0,0,0,1,0,0,1,0,1,0,0,0,0,0,0,0,0,1,0,0,0,0,0,0,0,0,1,0,0,0,0,0,0,0,0,0,0,0,0,0,0,0,0,0,0,0,0,0,0,0,0,0,0,0,0,0,0,0,0,0,0,0,0,0,0,0,0,0
map,wilmington-nc,"Wilmington, NC",PSWBSF,Potato Spaghetti Water Balloon Space Federation,https://youtu.be/dQw4w9WgXcQ?t=0,pswbsf/wilmington-nc,wilmington-nc,147,0,0,0,0,0,0,0,0,0,0,0,0,0,0,0,0,0,0,0,2,8,8,6,5,1,0,3,0,1,0,2,5,4,2,4,3,0,2,0,3,0,1,0,0,1,0,1,2,0,1,0,0,0,2,0,1,0,2,0,0,2,0,0,0,0,0,2,0,0,1,2,0,0,0,0,0,1,1,1,0,0,0,0,0,0,0,1,0,0,0,0,0,0,1,0,1,1,0,0,0,1,0,0,1,0,1,0,0,0,1,1,0,0,0,0,0,0,1,0,0,0,0,0,0,0,0,0,0,0,0,0,0,0,0,0,1,0,3,1,1,1,1,1,1,1,1,1,1,1,1,1,1,1,1,1,1,1,1,1,1,1,1,1,1,1,1,1,1,1,1,1,1,1,1,3,4,4,4,2
map,mississippi,Mississippi,JayToTheAy,JayToTheAy,https://github.com/JayToTheAy,jaytotheay/subwaybuilder-map,subwaybuilder-map,143,0,0,0,0,0,0,0,0,0,0,0,0,0,0,0,0,0,0,0,0,0,0,0,0,0,0,0,0,0,0,0,0,0,0,0,0,0,0,0,0,0,0,0,0,0,0,0,0,0,0,0,0,0,0,0,0,0,0,0,0,0,0,0,0,0,0,0,0,0,0,0,0,0,0,0,0,0,0,0,0,0,0,0,0,0,0,0,0,0,0,0,0,0,0,0,0,0,0,0,0,0,0,0,0,0,0,0,0,0,0,0,0,0,0,0,0,0,0,0,0,0,0,0,0,0,0,0,0,0,0,0,0,0,0,0,0,0,0,0,0,0,0,0,0,2,36,13,11,20,3,5,4,0,8,0,3,4,5,3,5,2,1,0,0,2,1,0,1,1,0,3,0,5,2,0,1,0,2,0
map,palma-de-mallorca,Palma de Mallorca,Maximilian284,max02,https://github.com/Maximilian284,maximilian284/subwaybuilder-es-maps,subwaybuilder-es-maps,142,0,0,0,0,0,0,0,0,0,0,0,0,0,0,0,0,0,0,0,0,0,0,0,0,0,0,0,0,0,0,0,0,0,0,0,0,0,0,0,0,0,0,0,0,0,0,0,0,0,0,0,0,0,0,0,0,0,0,0,0,0,0,0,0,0,0,0,0,0,0,0,0,0,0,0,0,0,0,0,0,0,0,0,0,0,0,0,0,0,0,0,0,0,0,0,0,0,0,0,0,0,0,0,0,0,0,0,0,0,0,0,0,0,0,0,0,0,0,0,0,0,0,0,0,0,0,0,0,0,0,0,0,0,0,0,0,5,26,12,12,5,1,6,3,3,4,1,8,5,4,1,4,4,2,2,2,2,5,1,2,1,0,0,1,3,1,0,3,3,0,1,0,3,2,1,1,0,1,1
map,yukina-sk-bratislava,Bratislava,ahkimn,Yukina-,https://subwaybuildermodded.com/credits,ahkimn/subwaybuilder-eu-maps,subwaybuilder-eu-maps,141,0,0,0,0,0,0,0,0,0,0,0,0,0,0,0,0,0,0,0,0,0,0,0,0,0,0,0,0,0,0,0,0,0,0,0,0,0,0,0,0,0,0,0,0,0,0,0,0,0,0,0,0,0,0,0,0,0,0,0,0,0,0,0,0,0,0,0,0,0,0,0,0,0,0,0,0,0,0,0,0,0,0,0,0,0,0,0,0,0,0,0,0,0,0,0,0,0,0,0,0,0,0,0,0,0,0,0,0,0,0,0,0,0,0,0,0,0,0,0,0,0,0,0,0,0,0,0,0,0,0,0,0,0,0,0,0,0,0,0,0,0,0,0,0,0,0,0,0,0,0,0,0,0,0,0,0,0,0,0,0,0,0,0,0,0,0,0,20,26,20,26,8,10,11,9,4,3,3,1
map,amba,Buenos Aires,hernang87,hernang87,https://github.com/hernang87,hernang87/amba-buenos-aires-metropolitan-area-for-subway-builder,AMBA-Buenos-Aires-Metropolitan-Area-for-Subway-Builder,140,0,0,0,0,0,0,0,0,0,0,0,0,0,0,0,0,0,0,0,0,0,0,0,0,0,0,0,0,0,0,0,0,0,0,0,0,0,0,0,0,0,0,0,0,0,0,0,0,0,0,0,0,0,0,0,0,0,0,0,0,0,0,0,0,0,0,0,0,0,0,0,0,0,0,0,0,0,0,0,0,0,0,0,0,0,0,0,0,0,0,0,0,0,0,0,0,0,0,0,0,0,0,0,0,0,0,0,0,0,0,0,0,0,0,0,0,0,0,0,0,0,0,0,0,0,0,0,0,0,0,0,0,0,0,0,0,0,39,25,5,3,2,1,7,0,3,2,4,0,0,1,0,5,2,4,1,0,5,2,1,4,0,1,0,0,2,0,2,1,6,1,0,1,4,1,1,4,0,0
map,knoxville,Knoxville,rslurry,slurry,https://github.com/rslurry,rslurry/subwaybuilder-maps,subwaybuilder-maps,136,9,2,0,5,4,0,0,0,0,0,0,0,0,0,1,0,1,0,0,2,0,10,7,1,5,7,2,4,0,0,0,0,0,0,0,0,0,0,0,0,0,0,0,0,0,0,0,0,0,0,0,0,0,0,0,0,0,0,0,0,0,0,0,0,0,0,0,0,0,0,0,0,0,0,0,0,0,0,0,0,0,0,0,0,0,0,0,0,0,0,0,0,0,0,0,0,0,0,0,0,0,0,0,0,0,0,0,0,0,0,0,0,0,0,0,0,0,0,0,0,0,0,0,0,0,0,0,3,2,5,2,2,5,4,2,2,0,4,4,6,2,2,2,0,0,2,5,2,0,2,0,1,0,0,2,0,1,0,1,0,7,0,0,3,1,0,1,0,1,0,0,0,0,0,0,0,0,0,0
map,ankara,Ankara,pierreggt,pierreggt,https://github.com/pierreggt,pierreggt/subway-builder-ankara,subway-builder-ankara,135,0,0,0,0,0,0,0,0,0,0,0,0,0,0,0,0,0,0,0,0,0,0,0,0,0,0,0,0,0,0,0,0,0,0,0,0,0,0,0,0,0,0,0,0,0,0,0,0,0,0,0,0,0,0,0,0,0,0,0,0,0,0,0,0,0,0,0,0,0,0,0,0,0,0,0,0,0,0,0,0,0,0,0,0,0,0,0,0,0,0,0,0,0,0,0,0,0,0,0,0,0,0,0,0,0,0,0,0,0,0,0,0,0,0,0,0,0,0,0,0,0,0,0,0,0,0,0,0,0,0,0,0,0,0,0,0,9,15,11,7,3,2,6,7,4,2,4,5,2,3,3,1,1,1,4,1,1,5,2,3,1,1,3,4,2,3,1,1,0,3,1,1,3,1,4,1,1,1,1
map,yukina-ee-ida-viru,Ida-Viru,ahkimn,Yukina-,https://subwaybuildermodded.com/credits,ahkimn/subwaybuilder-eu-maps,subwaybuilder-eu-maps,135,0,0,0,0,0,0,0,0,0,0,0,0,0,0,0,0,0,0,0,0,0,0,0,0,0,0,0,0,0,0,0,0,0,0,0,0,0,0,0,0,0,0,0,0,0,0,0,0,0,0,0,0,0,0,0,0,0,0,0,0,0,0,0,0,0,0,0,0,0,0,0,0,0,0,0,0,0,0,0,0,0,0,0,0,0,0,0,0,0,0,0,0,0,1,5,1,0,0,0,1,0,1,0,1,0,0,0,0,0,0,1,1,0,0,0,1,0,0,6,7,1,1,2,2,2,0,0,1,1,0,2,0,6,5,0,3,2,1,1,2,1,0,6,0,0,1,0,1,1,1,0,1,0,1,0,1,1,2,10,4,1,1,26,8,0,2,1,1,2,1,0,1,0,1,0,0,0,1,0
map,sevilla,Sevilla,Maximilian284,max02,https://github.com/Maximilian284,maximilian284/subwaybuilder-es-maps,subwaybuilder-es-maps,133,0,0,0,0,0,0,0,0,0,0,0,0,0,0,0,0,0,0,0,0,0,0,0,0,0,0,0,0,0,0,0,0,0,0,0,0,0,0,0,0,0,0,0,0,0,0,0,0,0,0,0,0,0,0,0,0,0,0,0,0,0,0,0,0,0,0,0,0,0,0,0,0,0,0,0,0,0,0,0,0,0,0,0,0,0,0,0,0,0,0,0,0,0,0,0,0,0,0,0,0,0,0,0,0,0,0,0,0,0,0,0,0,0,0,0,0,0,0,0,0,0,0,0,0,0,0,0,0,0,0,0,0,0,0,0,0,0,0,24,16,3,4,4,2,4,1,9,9,2,4,4,2,6,2,2,1,2,0,6,3,1,2,0,2,0,0,1,3,0,0,3,0,2,2,2,1,1,3,0
mod,hide-and-seek,Hide+Seek: The Mod [beta],nzh0172,naz,https://github.com/nzh0172,nzh0172/sb-hideandseek,sb-hideandseek,132,0,0,0,0,0,0,0,0,0,0,0,0,0,0,0,0,0,0,0,0,0,0,0,0,0,0,0,0,0,0,0,0,0,0,0,0,0,0,0,0,0,0,0,0,0,0,0,0,0,0,0,0,0,0,0,0,0,0,0,0,0,0,0,0,0,0,0,0,0,0,0,0,0,0,0,0,0,0,0,0,0,0,0,0,0,0,0,0,0,0,0,0,0,0,0,0,0,0,0,0,0,0,0,0,0,0,0,0,0,0,0,0,0,0,0,0,0,0,0,0,0,0,0,0,2,11,6,7,2,6,15,3,6,7,5,6,4,2,1,6,1,0,1,3,3,1,1,1,2,2,0,1,2,1,1,1,0,1,1,2,0,1,2,1,1,1,1,0,3,1,2,0,2,0,2,0,0,1,0
map,yukina-lv-liepaja,Liepāja,ahkimn,Yukina-,https://subwaybuildermodded.com/credits,ahkimn/subwaybuilder-eu-maps,subwaybuilder-eu-maps,129,0,0,0,0,0,0,0,0,0,0,0,0,0,0,0,0,0,0,0,0,0,0,0,0,0,0,0,0,0,0,0,0,0,0,0,0,0,0,0,0,0,0,0,0,0,0,0,0,0,0,0,0,0,0,0,0,0,0,0,0,0,0,0,0,0,0,0,0,0,0,0,0,0,0,0,0,0,0,0,0,0,0,0,0,0,0,0,0,0,0,0,0,0,0,0,0,0,0,0,0,0,0,0,0,0,0,0,0,0,0,0,0,0,0,0,4,7,3,4,1,5,3,2,0,3,0,0,1,1,0,0,2,6,2,0,4,2,2,1,2,2,0,2,0,0,2,0,1,1,1,0,0,0,1,0,2,0,2,7,5,2,1,26,10,0,2,3,1,2,0,0,0,0,1,0,0,0,0,0
map,dayton-oh,Dayton,PSWBSF,Potato Spaghetti Water Balloon Space Federation,https://youtu.be/dQw4w9WgXcQ?t=0,pswbsf/dayton-oh,dayton-oh,128,0,0,0,0,0,0,0,0,0,0,0,0,0,0,0,0,0,0,0,0,4,8,4,3,3,3,4,2,1,0,1,0,2,1,0,0,0,2,0,0,0,0,1,0,0,0,0,1,0,0,0,0,0,0,0,2,0,0,0,0,0,0,0,0,0,0,0,1,0,1,1,9,0,4,0,1,1,0,0,1,0,1,0,0,0,0,0,4,0,0,0,0,2,0,1,0,0,0,0,0,0,0,0,0,0,0,0,0,0,0,0,0,1,0,0,0,0,1,1,0,0,0,0,0,0,0,0,0,0,0,0,0,0,0,0,0,0,3,1,1,1,1,1,1,1,1,1,1,1,1,1,1,1,1,1,1,1,1,1,1,1,1,1,1,1,1,1,1,1,1,1,1,1,1,3,4,4,4,2
map,pulau-pinang,Pulau Pinang,nzh0172,naz,https://github.com/nzh0172,nzh0172/sb-malaysia-map-pack-2,sb-malaysia-map-pack-2,125,0,0,0,0,0,0,0,0,0,0,0,0,0,0,0,0,0,0,0,0,0,0,0,0,0,0,0,0,0,0,0,0,8,4,0,3,1,3,2,3,3,0,2,0,0,0,2,1,2,0,1,0,1,0,1,1,1,0,0,0,1,0,0,1,0,1,0,0,0,0,1,0,1,0,0,2,0,2,0,1,0,0,0,0,0,0,0,0,0,0,0,1,0,0,2,0,1,0,0,0,2,0,1,0,0,0,1,0,1,0,2,0,2,0,0,0,0,1,0,0,0,0,0,0,0,0,1,0,0,0,0,0,2,1,1,0,0,4,1,1,1,1,1,1,1,1,1,1,1,1,1,1,1,1,1,1,1,1,1,1,1,1,1,1,1,1,1,1,1,1,1,1,1,1,3,4,4,4,2
map,daegu-4,Daegu (40km×40km),kimth9,kimth9,https://github.com/kimth9,kimth9/sb_korean_map_pack,sb_korean_map_pack,124,0,0,0,0,0,0,0,0,0,0,0,0,0,0,0,0,0,0,0,0,0,0,0,0,0,0,0,0,0,0,0,0,0,19,13,12,0,2,5,3,4,4,5,5,1,5,1,3,0,0,0,0,1,0,0,0,1,3,0,2,0,0,0,0,1,3,0,0,0,0,0,3,1,0,3,0,0,0,0,0,0,0,0,0,0,0,0,0,0,0,0,0,0,0,2,0,0,0,0,0,0,0,0,1,1,0,0,0,0,0,1,0,1,0,0,0,0,0,0,1,1,1,0,0,0,0,0,0,0,0,0,0,0,0,0,0,0,1,0,1,0,0,0,0,0,0,0,0,1,2,10,0,0,0,0,0,0,0,0,0,0,0,0,0,0,0,0,0,0,0,0,0,0,0,0,0,0,0,0
map,nz-christchurch,Christchurch,subway-builder-modded-admin,Subway Builder Modded,https://subwaybuildermodded.com,barkuperman/subwaybuilder-au-nz-maps,subwaybuilder-au-nz-maps,124,0,0,0,0,0,0,0,0,0,0,0,0,0,0,0,0,0,0,0,0,0,0,0,0,0,0,0,0,0,0,0,0,0,0,0,0,0,0,0,0,0,0,0,0,0,0,0,0,0,0,0,0,0,0,0,0,0,0,0,0,0,0,0,0,0,0,0,0,0,0,0,0,0,0,0,0,0,0,0,0,0,0,0,0,0,0,0,0,0,0,0,0,0,0,0,0,0,0,0,0,0,0,0,0,0,0,0,0,0,0,0,0,0,0,0,0,0,0,0,0,0,0,0,0,0,0,0,0,0,0,0,0,0,0,0,0,0,0,0,0,0,0,0,2,22,16,11,9,5,11,8,1,2,0,1,3,2,1,1,2,1,5,3,2,0,0,2,3,1,2,0,0,2,1,1,1,0,3,0
map,yukina-tw-southern-taiwan,南臺灣 (Southern Taiwan),ahkimn,Yukina-,https://subwaybuildermodded.com/credits,ahkimn/subwaybuilder-tw-maps,subwaybuilder-tw-maps,123,0,0,0,0,0,0,0,0,0,0,0,0,0,0,0,0,0,0,0,0,0,0,0,0,0,0,0,0,0,0,0,0,0,0,0,0,0,0,0,0,0,0,0,0,0,0,0,0,0,0,0,0,0,0,0,0,0,0,0,0,0,0,0,0,0,0,0,0,0,0,0,0,0,0,0,0,0,0,0,0,0,0,0,0,0,0,0,0,0,0,0,0,0,0,0,0,0,0,0,0,0,0,0,0,0,0,0,0,0,0,0,0,0,0,0,0,0,0,0,0,0,0,0,0,0,0,0,0,0,0,0,0,0,0,0,0,0,0,0,0,0,0,0,0,0,0,0,0,0,0,0,0,0,0,0,0,15,7,4,4,2,6,33,14,7,5,4,3,6,1,4,1,0,3,1,1,1,0,1
map,yukina-pl-olsztyn,Olsztyn,ahkimn,Yukina-,https://subwaybuildermodded.com/credits,ahkimn/subwaybuilder-eu-maps,subwaybuilder-eu-maps,121,0,0,0,0,0,0,0,0,0,0,0,0,0,0,0,0,0,0,0,0,0,0,0,0,0,0,0,0,0,0,0,0,0,0,0,0,0,0,0,0,0,0,0,0,0,0,0,0,0,0,0,0,0,0,0,0,0,0,0,0,0,0,0,0,0,0,0,0,0,0,0,0,0,0,0,0,0,0,0,0,0,0,0,0,0,0,0,0,0,0,0,0,0,0,0,1,2,2,1,0,1,0,0,0,6,0,0,0,0,0,0,2,0,0,0,1,0,0,0,0,0,3,1,1,2,0,1,1,2,0,1,3,4,0,1,1,0,2,3,1,1,0,1,0,1,1,0,1,1,1,1,0,0,1,0,0,0,2,7,5,3,1,25,10,2,4,1,2,4,0,1,0,0,0,0,0,1,1,0
map,yukina-ua-odesa,Одеса / Odesa,ahkimn,Yukina-,https://subwaybuildermodded.com/credits,ahkimn/subwaybuilder-eu-maps,subwaybuilder-eu-maps,120,0,0,0,0,0,0,0,0,0,0,0,0,0,0,0,0,0,0,0,0,0,0,0,0,0,0,0,0,0,0,0,0,0,0,0,0,0,0,0,0,0,0,0,0,0,0,0,0,0,0,0,0,0,0,0,0,0,0,0,0,0,0,0,0,0,0,0,0,0,0,0,0,0,0,0,0,0,0,0,0,0,0,0,0,0,0,0,0,0,0,0,0,0,0,0,0,0,0,0,0,0,0,0,0,0,0,0,0,0,0,0,0,0,0,0,0,0,0,0,1,7,8,4,0,3,2,5,2,2,4,6,3,4,4,4,3,1,3,2,1,2,1,1,2,0,0,1,3,2,4,1,2,1,3,1,0,2,2,1,2,0,1,1,1,1,0,0,3,3,2,0,0,1,1,1,1,2,2,0
map,brussels,Brussels,lexenygma,lexenygma,https://github.com/lexenygma,lexenygma/sb-brussels,sb-brussels,116,0,0,0,0,0,0,0,0,0,0,0,0,0,0,0,0,0,0,0,0,0,0,0,0,0,0,0,0,0,0,0,0,0,0,0,0,0,0,0,0,0,0,0,0,0,0,0,0,0,0,0,0,0,0,0,0,0,0,0,0,0,0,0,0,0,0,0,0,0,0,0,0,0,0,0,0,0,0,0,0,0,0,0,0,0,0,0,0,0,0,0,0,0,0,0,0,0,0,0,0,0,0,0,0,0,0,0,0,0,0,0,0,0,0,0,0,0,0,0,0,0,0,0,0,0,0,0,0,0,0,0,0,0,0,0,0,0,0,0,0,0,0,3,3,3,12,2,8,2,8,3,1,6,4,1,1,2,5,3,3,2,2,2,3,2,3,4,9,2,1,3,2,4,1,2,0,0,2,2
map,yukina-ua-kharkiv,Харків / Kharkiv,ahkimn,Yukina-,https://subwaybuildermodded.com/credits,ahkimn/subwaybuilder-eu-maps,subwaybuilder-eu-maps,116,0,0,0,0,0,0,0,0,0,0,0,0,0,0,0,0,0,0,0,0,0,0,0,0,0,0,0,0,0,0,0,0,0,0,0,0,0,0,0,0,0,0,0,0,0,0,0,0,0,0,0,0,0,0,0,0,0,0,0,0,0,0,0,0,0,0,0,0,0,0,0,0,0,0,0,0,0,0,0,0,0,0,0,0,0,0,0,0,0,0,0,0,0,0,0,0,0,0,0,0,0,0,0,0,0,0,0,0,0,0,0,0,0,0,0,0,0,0,0,1,10,10,3,3,2,2,3,2,2,1,7,7,3,3,2,6,2,2,2,2,2,1,4,1,1,0,0,3,0,4,0,1,0,2,1,0,1,1,0,2,1,2,1,1,2,0,0,2,2,0,0,0,2,1,1,0,2,0,0
map,yukina-ua-lviv,Львів / Lviv,ahkimn,Yukina-,https://subwaybuildermodded.com/credits,ahkimn/subwaybuilder-eu-maps,subwaybuilder-eu-maps,116,0,0,0,0,0,0,0,0,0,0,0,0,0,0,0,0,0,0,0,0,0,0,0,0,0,0,0,0,0,0,0,0,0,0,0,0,0,0,0,0,0,0,0,0,0,0,0,0,0,0,0,0,0,0,0,0,0,0,0,0,0,0,0,0,0,0,0,0,0,0,0,0,0,0,0,0,0,0,0,0,0,0,0,0,0,0,0,0,0,0,0,0,0,0,0,0,0,0,0,0,0,0,0,0,0,0,0,0,0,0,0,0,0,0,0,0,0,0,0,3,11,9,6,2,2,0,3,1,2,5,5,4,3,0,2,5,1,2,2,2,1,2,1,1,1,0,1,2,0,2,3,0,1,3,0,0,1,1,0,5,1,1,0,2,1,1,0,3,2,1,0,1,1,0,2,0,2,3,0
map,syracuse-ny,"Syracuse, NY",PSWBSF,Potato Spaghetti Water Balloon Space Federation,https://youtu.be/dQw4w9WgXcQ?t=0,pswbsf/syracuse-ny,syracuse-ny,114,0,0,0,0,0,0,0,0,0,0,0,0,0,0,0,0,0,0,0,0,0,0,0,0,0,0,0,0,0,0,0,0,0,0,0,0,0,0,0,0,0,0,0,0,0,0,0,0,0,0,4,3,4,2,3,2,0,1,1,0,0,1,1,0,1,2,1,3,0,2,0,2,1,1,1,2,1,0,1,0,0,0,1,0,0,0,0,0,0,0,1,0,0,1,0,0,0,0,0,0,0,0,1,1,2,2,1,0,0,2,0,1,0,0,0,0,1,0,0,0,1,0,0,0,0,0,0,0,0,0,2,0,0,0,0,0,0,3,1,1,1,1,1,1,1,1,1,1,1,1,1,1,1,1,1,1,1,1,1,1,1,1,1,1,1,1,1,1,1,1,1,1,1,1,4,4,4,4,2
map,rhein-main-neckar,Frankfurt (Rhein-Main-Neckar),pierreggt,pierreggt,https://github.com/pierreggt,pierreggt/subwaybuilder-maps-deutschland,subwaybuilder-maps-deutschland,113,0,0,0,0,0,0,0,0,0,0,0,0,0,0,0,0,0,0,0,0,0,0,0,0,0,0,0,0,0,0,0,0,0,0,0,0,0,0,0,0,0,0,0,0,0,0,0,0,0,0,0,0,0,0,0,0,0,0,0,0,0,0,0,0,0,0,0,0,0,0,0,0,0,0,0,0,0,0,0,0,0,0,0,0,0,0,0,0,0,0,0,0,0,0,0,0,0,0,0,0,0,0,0,0,0,0,0,0,0,0,0,0,0,0,0,0,0,0,0,0,0,0,0,0,0,0,0,0,0,0,0,0,0,0,0,0,0,0,0,0,0,0,0,0,0,0,0,0,0,0,0,0,0,0,0,0,0,0,0,0,0,0,0,0,0,0,0,0,0,0,0,0,0,0,29,39,25,15,5
mod,anysave,AnySave,BarKuperman,BarKuperman,https://github.com/BarKuperman,barkuperman/anysave,AnySave,112,0,0,0,0,0,0,0,0,0,0,0,0,0,0,0,0,0,0,0,0,0,0,0,0,0,0,0,0,0,0,0,0,0,0,0,0,0,0,0,0,0,0,0,0,0,0,0,0,0,0,0,0,0,0,0,0,0,0,0,0,0,0,0,0,0,0,0,0,0,0,0,0,0,0,0,0,0,0,0,0,0,0,0,0,0,0,0,0,0,0,0,0,0,0,0,0,0,0,0,0,0,0,0,0,0,0,0,0,0,0,0,0,0,0,0,0,0,0,0,0,0,0,0,0,0,0,0,0,0,0,0,0,0,0,0,0,0,0,0,0,0,0,0,8,13,12,3,3,4,6,7,3,3,5,3,3,2,0,1,1,3,3,2,3,1,1,1,2,2,5,1,0,1,4,1,1,1,1,2
map,yukina-pl-zielona-gora,Zielona Góra,ahkimn,Yukina-,https://subwaybuildermodded.com/credits,ahkimn/subwaybuilder-eu-maps,subwaybuilder-eu-maps,112,0,0,0,0,0,0,0,0,0,0,0,0,0,0,0,0,0,0,0,0,0,0,0,0,0,0,0,0,0,0,0,0,0,0,0,0,0,0,0,0,0,0,0,0,0,0,0,0,0,0,0,0,0,0,0,0,0,0,0,0,0,0,0,0,0,0,0,0,0,0,0,0,0,0,0,0,0,0,0,0,0,0,0,0,0,0,0,0,0,0,0,0,0,0,0,5,3,2,0,0,0,0,0,0,5,0,0,0,0,1,0,2,0,0,0,1,0,0,0,0,0,2,1,0,3,2,0,2,2,1,0,0,1,0,1,2,1,1,3,1,1,0,1,0,0,1,0,1,1,1,0,0,0,1,0,0,1,3,8,3,1,2,24,9,1,1,2,2,2,0,1,0,0,0,0,0,2,1,0
map,montpellier-mediterranee,Montpellier,pierreggt,pierreggt,https://github.com/pierreggt,pierreggt/subway-builder-montpellier,subway-builder-montpellier,111,0,0,0,0,0,0,0,0,0,0,0,0,0,0,0,0,0,0,0,0,0,0,0,0,0,0,0,0,0,0,0,0,0,0,0,0,0,0,0,0,0,0,0,0,0,0,0,0,0,0,0,0,0,0,0,0,0,0,0,0,0,0,0,0,0,0,0,0,0,0,0,0,0,0,0,0,0,0,0,0,0,0,0,0,0,0,0,0,0,0,0,0,0,0,0,0,0,0,0,0,0,0,0,0,0,0,0,0,0,0,0,0,0,0,0,0,0,0,0,0,0,0,0,0,0,0,0,0,0,0,22,23,9,5,6,3,2,3,6,3,2,3,2,1,2,1,2,2,1,2,1,0,1,0,0,0,1,0,2,2,2,1,0,1,0,0,0,0,0,0,0,0,0,0,0,0,0,0,0
map,pianura-emiliana,Pianura Emiliana,Maximilian284,max02,https://github.com/Maximilian284,maximilian284/subwaybuilder-it-maps,subwaybuilder-it-maps,111,0,0,0,0,0,0,0,0,0,0,0,0,0,2,3,6,1,0,2,3,0,3,1,0,2,1,1,1,5,1,1,0,1,1,0,1,0,0,0,1,1,1,1,1,0,0,1,0,1,1,2,0,1,0,0,0,0,0,0,0,0,0,0,2,2,0,0,0,1,2,1,0,0,1,2,0,0,0,0,1,1,0,0,0,0,0,0,0,0,0,0,0,0,0,2,0,0,1,0,0,0,0,0,0,0,2,0,0,0,0,1,0,1,0,0,0,0,0,0,0,0,0,0,0,0,0,0,0,0,0,1,6,4,1,4,3,2,6,2,0,1,1,1,0,1,1,1,1,0,1,1,0,0,0,0,0,0,0,1,1,0,1,0,0,0,0,0,0,0,0,0,0,0,0,0,0,0,3,0
map,mexicali,Mexicali-Imperial Valley-Yuma,rslurry,slurry,https://github.com/rslurry,rslurry/subwaybuilder-maps,subwaybuilder-maps,108,0,0,0,0,0,0,0,0,0,0,0,0,0,0,0,0,0,0,0,0,0,0,0,0,0,0,0,0,0,0,0,0,0,0,0,0,0,0,0,0,0,0,0,0,0,0,0,0,0,0,0,0,0,0,0,0,0,0,0,0,0,0,0,0,0,0,0,0,7,4,0,1,1,2,1,2,4,1,1,0,0,1,1,0,1,0,0,1,0,1,0,0,0,1,3,0,2,1,0,0,0,2,0,1,1,1,0,0,0,0,0,0,3,0,0,0,0,0,0,0,0,0,0,0,1,0,0,9,3,2,2,1,1,1,2,2,1,2,2,4,2,1,1,2,2,1,3,3,1,1,1,0,0,0,2,0,0,0,0,4,0,0,0,4,1,0,1,0,0,0,0,0,1,0,0,0,0,0,0
map,yukina-pl-opole,Opole,ahkimn,Yukina-,https://subwaybuildermodded.com/credits,ahkimn/subwaybuilder-eu-maps,subwaybuilder-eu-maps,106,0,0,0,0,0,0,0,0,0,0,0,0,0,0,0,0,0,0,0,0,0,0,0,0,0,0,0,0,0,0,0,0,0,0,0,0,0,0,0,0,0,0,0,0,0,0,0,0,0,0,0,0,0,0,0,0,0,0,0,0,0,0,0,0,0,0,0,0,0,0,0,0,0,0,0,0,0,0,0,0,0,0,0,0,0,0,0,0,0,0,0,0,0,0,0,1,1,1,1,1,0,0,0,0,0,0,0,0,0,0,0,1,0,0,0,1,0,0,0,0,0,3,2,1,2,0,0,1,2,1,2,0,5,0,0,1,0,2,2,1,1,0,6,1,0,1,2,1,1,1,0,0,0,1,0,0,0,2,7,3,1,1,25,8,0,3,1,1,3,0,0,1,2,0,0,0,0,1,0
map,yukina-pl-radom,Radom,ahkimn,Yukina-,https://subwaybuildermodded.com/credits,ahkimn/subwaybuilder-eu-maps,subwaybuilder-eu-maps,106,0,0,0,0,0,0,0,0,0,0,0,0,0,0,0,0,0,0,0,0,0,0,0,0,0,0,0,0,0,0,0,0,0,0,0,0,0,0,0,0,0,0,0,0,0,0,0,0,0,0,0,0,0,0,0,0,0,0,0,0,0,0,0,0,0,0,0,0,0,0,0,0,0,0,0,0,0,0,0,0,0,0,0,0,0,0,0,0,0,0,0,0,0,0,0,2,2,4,0,0,0,1,0,0,0,1,0,0,0,1,0,1,0,0,0,1,0,0,0,0,1,2,2,2,3,0,1,1,2,0,3,0,2,0,0,2,0,2,2,1,1,0,1,0,0,1,0,1,1,1,0,0,0,1,0,0,0,3,7,3,1,2,23,9,2,1,1,2,3,0,0,0,0,1,1,0,0,1,0
map,yukina-pl-czestochowa,Częstochowa,ahkimn,Yukina-,https://subwaybuildermodded.com/credits,ahkimn/subwaybuilder-eu-maps,subwaybuilder-eu-maps,105,0,0,0,0,0,0,0,0,0,0,0,0,0,0,0,0,0,0,0,0,0,0,0,0,0,0,0,0,0,0,0,0,0,0,0,0,0,0,0,0,0,0,0,0,0,0,0,0,0,0,0,0,0,0,0,0,0,0,0,0,0,0,0,0,0,0,0,0,0,0,0,0,0,0,0,0,0,0,0,0,0,0,0,0,0,0,0,0,0,0,0,0,0,0,0,5,1,2,0,0,0,1,0,0,0,0,0,0,0,0,0,1,0,0,0,1,0,0,0,0,0,4,2,0,2,2,0,2,2,1,0,0,3,1,0,2,0,2,2,1,1,0,1,0,0,1,0,1,1,1,1,0,0,1,0,0,0,2,7,2,2,2,25,7,3,2,2,1,3,0,1,0,0,0,0,0,0,1,0
map,hamburg,Hamburg,pierreggt,pierreggt,https://github.com/pierreggt,pierreggt/subwaybuilder-maps-deutschland,subwaybuilder-maps-deutschland,104,0,0,0,0,0,0,0,0,0,0,0,0,0,0,0,0,0,0,0,0,0,0,0,0,0,0,0,0,0,0,0,0,0,0,0,0,0,0,0,0,0,0,0,0,0,0,0,0,0,0,0,0,0,0,0,0,0,0,0,0,0,0,0,0,0,0,0,0,0,0,0,0,0,0,0,0,0,0,0,0,0,0,0,0,0,0,0,0,0,0,0,0,0,0,0,0,0,0,0,0,0,0,0,0,0,0,0,0,0,0,0,0,0,0,0,0,0,0,0,0,0,0,0,0,0,0,0,0,0,0,0,0,0,0,0,0,0,0,0,0,0,0,0,0,0,0,0,0,0,0,0,0,0,0,0,0,0,0,0,0,0,0,0,0,0,0,0,0,0,0,0,0,0,0,19,39,25,14,7
map,muenchen,München,pierreggt,pierreggt,https://github.com/pierreggt,pierreggt/subwaybuilder-maps-deutschland,subwaybuilder-maps-deutschland,104,0,0,0,0,0,0,0,0,0,0,0,0,0,0,0,0,0,0,0,0,0,0,0,0,0,0,0,0,0,0,0,0,0,0,0,0,0,0,0,0,0,0,0,0,0,0,0,0,0,0,0,0,0,0,0,0,0,0,0,0,0,0,0,0,0,0,0,0,0,0,0,0,0,0,0,0,0,0,0,0,0,0,0,0,0,0,0,0,0,0,0,0,0,0,0,0,0,0,0,0,0,0,0,0,0,0,0,0,0,0,0,0,0,0,0,0,0,0,0,0,0,0,0,0,0,0,0,0,0,0,0,0,0,0,0,0,0,0,0,0,0,0,0,0,0,0,0,0,0,0,0,0,0,0,0,0,0,0,0,0,0,0,0,0,0,0,0,0,0,0,0,0,0,0,24,34,28,13,5
map,yukina-pl-central-pomerania,Pomorze Środkowe,ahkimn,Yukina-,https://subwaybuildermodded.com/credits,ahkimn/subwaybuilder-eu-maps,subwaybuilder-eu-maps,104,0,0,0,0,0,0,0,0,0,0,0,0,0,0,0,0,0,0,0,0,0,0,0,0,0,0,0,0,0,0,0,0,0,0,0,0,0,0,0,0,0,0,0,0,0,0,0,0,0,0,0,0,0,0,0,0,0,0,0,0,0,0,0,0,0,0,0,0,0,0,0,0,0,0,0,0,0,0,0,0,0,0,0,0,0,0,0,0,0,0,0,0,0,0,0,0,0,0,0,0,0,0,0,0,0,0,0,0,0,0,0,0,0,0,0,0,0,0,0,0,1,3,0,0,2,1,2,2,2,0,0,0,3,1,0,2,0,3,2,0,1,0,1,0,0,1,0,1,1,1,1,0,0,1,1,0,1,2,7,4,4,3,24,8,4,2,1,2,4,0,1,1,1,0,1,0,0,1,0
map,yukina-fuji-numazu,富士・沼津 (Fuji & Numazu),ahkimn,Yukina-,https://subwaybuildermodded.com/credits,ahkimn/subwaybuilder-jp-maps,subwaybuilder-jp-maps,103,0,0,0,0,0,0,0,0,0,0,0,0,0,0,0,0,0,0,0,0,0,0,0,0,0,0,0,0,0,0,0,0,0,0,0,0,0,0,0,0,0,0,0,0,0,0,0,0,0,0,0,0,0,0,0,0,0,0,0,0,0,0,0,0,0,0,0,0,0,0,0,0,0,0,0,0,0,0,0,0,0,0,0,0,0,0,0,0,0,0,0,0,0,0,0,0,0,0,0,0,0,0,0,0,0,0,0,0,0,0,0,0,0,0,0,0,0,0,0,0,0,0,0,0,0,0,0,0,0,0,0,0,0,0,0,0,0,0,0,0,0,0,0,0,0,0,0,0,0,0,0,0,0,17,3,2,7,11,4,4,1,4,24,11,1,1,1,3,2,0,3,0,2,1,0,0,0,1,0
map,yukina-ua-dnipro,Дніпро / Dnipro,ahkimn,Yukina-,https://subwaybuildermodded.com/credits,ahkimn/subwaybuilder-eu-maps,subwaybuilder-eu-maps,101,0,0,0,0,0,0,0,0,0,0,0,0,0,0,0,0,0,0,0,0,0,0,0,0,0,0,0,0,0,0,0,0,0,0,0,0,0,0,0,0,0,0,0,0,0,0,0,0,0,0,0,0,0,0,0,0,0,0,0,0,0,0,0,0,0,0,0,0,0,0,0,0,0,0,0,0,0,0,0,0,0,0,0,0,0,0,0,0,0,0,0,0,0,0,0,0,0,0,0,0,0,0,0,0,0,0,0,0,0,0,0,0,0,0,0,0,0,0,0,1,9,5,2,4,1,1,2,1,2,2,6,3,4,3,2,4,2,2,4,2,1,2,3,2,2,0,0,4,1,2,1,1,1,2,0,1,0,1,0,1,0,0,1,2,1,0,0,2,3,0,1,0,1,0,2,0,1,0,0
map,riviera-romagnola,Riviera Romagnola,Maximilian284,max02,https://github.com/Maximilian284,maximilian284/subwaybuilder-it-maps,subwaybuilder-it-maps,100,0,0,0,0,0,0,0,5,2,0,0,0,0,0,0,1,0,1,0,5,1,5,1,1,2,3,1,0,2,0,0,0,2,0,3,1,1,0,1,2,1,0,1,1,0,0,0,1,0,0,0,0,0,1,0,0,0,0,1,0,0,0,1,0,1,0,0,0,0,1,0,0,0,1,0,1,1,0,0,0,0,0,0,0,0,0,0,0,0,0,0,0,0,0,2,0,0,0,0,0,0,0,0,0,0,0,1,0,1,0,2,0,1,0,0,0,1,0,0,0,0,0,0,0,0,0,0,0,0,0,0,7,4,1,1,5,1,4,4,1,1,0,1,0,0,1,0,1,0,1,0,0,0,0,0,0,1,0,0,1,2,0,0,0,0,0,0,1,0,0,0,0,1,0,0,0,0,1,0
map,toledo-oh,Toledo,bean1322,bean1322,https://github.com/bean1322,bean1322/toledo-oh-map.git,toledo-oh-map.git,100,0,0,0,0,0,0,0,0,0,0,0,0,0,0,0,0,0,0,0,0,0,0,0,0,0,0,0,0,0,0,0,0,0,0,0,5,4,2,0,0,1,1,2,1,1,0,0,2,1,0,3,0,1,0,0,2,2,2,0,0,0,1,0,0,0,0,1,1,0,1,0,0,0,0,0,0,0,0,0,0,0,0,2,0,0,0,1,0,1,0,0,1,0,0,1,0,0,0,0,0,0,1,0,1,0,0,0,0,0,0,1,0,1,0,0,0,0,0,0,0,0,0,0,0,0,0,0,0,0,0,0,0,0,0,0,0,0,3,1,1,1,1,1,1,1,1,1,1,1,1,1,1,1,1,1,1,1,1,1,1,1,1,1,1,1,1,1,1,1,1,1,1,1,1,3,4,4,4,2
map,akron-oh,"Akron, OH",bean1322,bean1322,https://github.com/bean1322,bean1322/akron-oh-map,akron-oh-map,99,0,0,0,0,0,0,0,0,0,0,0,0,0,0,0,0,0,0,0,0,0,0,0,0,0,0,0,0,0,0,5,2,1,3,1,2,0,1,1,0,1,0,2,0,0,1,0,2,0,0,0,0,0,0,0,1,1,1,0,0,0,1,0,0,0,1,0,0,0,0,1,0,0,0,0,1,0,0,0,0,0,0,1,0,0,0,0,0,0,1,1,0,0,0,1,0,1,0,1,0,0,0,1,1,1,0,0,0,1,0,1,0,0,2,0,0,0,0,0,0,1,0,0,0,0,0,0,0,0,0,0,0,0,0,0,0,0,3,1,1,1,1,1,1,1,1,1,1,1,1,1,1,1,1,1,1,1,1,1,1,1,1,1,1,1,1,1,1,1,1,1,1,1,1,3,4,4,4,2
map,johor-bahru,Johor Bahru,nzh0172,naz,https://github.com/nzh0172,nzh0172/sb-malaysia-map-pack-2,sb-malaysia-map-pack-2,93,0,0,0,0,0,0,0,0,0,0,0,0,0,0,0,0,0,0,0,0,0,0,0,0,0,0,0,0,0,0,0,0,6,3,0,3,1,1,0,2,0,0,0,0,2,0,0,0,0,0,0,0,0,0,2,1,1,0,0,0,0,0,1,1,0,2,0,0,0,0,0,0,0,0,1,0,0,0,0,0,0,0,0,0,0,0,0,0,0,0,0,0,0,0,2,0,0,1,0,0,0,0,0,0,0,0,0,0,0,0,0,0,0,0,0,0,0,1,0,0,0,0,0,0,0,0,2,0,0,0,0,0,0,1,0,0,0,5,1,1,1,1,1,1,1,1,1,1,1,1,1,1,1,1,1,1,1,1,1,1,1,1,1,1,1,1,1,1,1,1,1,1,1,1,4,4,4,4,2
map,ile-de-france,Paris (IDF),JcPires,JcPires,https://github.com/JcPires,jcpires/subway-builder-idf,subway-builder-idf,91,0,0,0,0,0,0,0,0,0,0,0,0,0,0,0,0,0,0,0,0,0,0,0,0,0,0,0,0,0,0,0,0,0,0,0,0,0,0,0,0,0,0,0,0,0,0,0,0,0,0,0,0,0,0,0,0,0,0,0,0,0,0,0,0,0,0,0,0,0,0,0,0,0,0,0,0,0,0,0,0,0,0,0,0,0,0,0,0,0,0,0,0,0,0,0,0,0,0,0,0,0,0,0,0,0,0,0,0,0,0,0,0,0,0,0,0,0,0,0,0,0,0,0,0,0,0,0,0,0,0,0,0,0,0,0,0,0,0,0,0,0,0,0,0,0,0,0,0,0,5,6,2,2,2,0,2,8,7,4,8,1,7,4,3,1,2,6,3,2,3,2,2,1,2,2,0,2,1,1
map,baghdad,Baghdad,pierreggt,pierreggt,https://github.com/pierreggt,pierreggt/subwaybuilder-maps,subwaybuilder-maps,90,0,0,0,0,0,0,0,0,0,0,0,0,0,0,0,0,0,0,0,0,0,0,0,0,0,0,0,0,0,0,0,0,0,0,0,0,0,0,0,0,0,0,0,0,0,0,0,0,0,0,0,0,0,0,0,0,0,0,0,0,0,0,0,0,0,0,0,0,0,0,0,0,0,0,0,0,0,0,0,0,0,0,0,0,0,0,0,0,0,0,0,0,0,0,0,0,0,0,0,0,0,0,0,0,0,0,0,0,0,0,0,0,0,0,0,0,0,0,0,0,0,0,0,0,0,0,0,0,0,0,0,0,0,0,0,0,0,0,0,0,0,0,0,0,0,0,0,0,0,0,0,0,0,0,0,0,0,0,0,0,7,11,6,16,4,4,7,4,0,2,5,0,3,6,2,1,2,7,3
map,ruhrgebiet,Ruhrgebiet,pierreggt,pierreggt,https://github.com/pierreggt,pierreggt/subwaybuilder-maps-deutschland,subwaybuilder-maps-deutschland,90,0,0,0,0,0,0,0,0,0,0,0,0,0,0,0,0,0,0,0,0,0,0,0,0,0,0,0,0,0,0,0,0,0,0,0,0,0,0,0,0,0,0,0,0,0,0,0,0,0,0,0,0,0,0,0,0,0,0,0,0,0,0,0,0,0,0,0,0,0,0,0,0,0,0,0,0,0,0,0,0,0,0,0,0,0,0,0,0,0,0,0,0,0,0,0,0,0,0,0,0,0,0,0,0,0,0,0,0,0,0,0,0,0,0,0,0,0,0,0,0,0,0,0,0,0,0,0,0,0,0,0,0,0,0,0,0,0,0,0,0,0,0,0,0,0,0,0,0,0,0,0,0,0,0,0,0,0,0,0,0,0,0,0,0,0,0,0,0,0,0,0,0,0,0,23,27,24,13,3
map,yukina-kanazawa,金沢 (Kanazawa),ahkimn,Yukina-,https://subwaybuildermodded.com/credits,ahkimn/subwaybuilder-jp-maps,subwaybuilder-jp-maps,89,0,0,0,0,0,0,0,0,0,0,0,0,0,0,0,0,0,0,0,0,0,0,0,0,0,0,0,0,0,0,0,0,0,0,0,0,0,0,0,0,0,0,0,0,0,0,0,0,0,0,0,0,0,0,0,0,0,0,0,0,0,0,0,0,0,0,0,0,0,0,0,0,0,0,0,0,0,0,0,0,0,0,0,0,0,0,0,0,0,0,0,0,0,0,0,0,0,0,0,0,0,0,0,0,0,0,0,0,0,0,0,0,0,0,0,0,0,0,0,0,0,0,0,0,0,0,0,0,0,0,0,0,0,0,0,0,0,0,0,0,0,0,0,0,0,0,0,0,0,0,0,0,0,14,1,1,5,10,4,3,0,3,25,10,1,1,0,1,3,0,3,0,0,2,0,0,0,2,0
map,yukina-pl-legnica,Legnica - LGOM,ahkimn,Yukina-,https://subwaybuildermodded.com/credits,ahkimn/subwaybuilder-eu-maps,subwaybuilder-eu-maps,89,0,0,0,0,0,0,0,0,0,0,0,0,0,0,0,0,0,0,0,0,0,0,0,0,0,0,0,0,0,0,0,0,0,0,0,0,0,0,0,0,0,0,0,0,0,0,0,0,0,0,0,0,0,0,0,0,0,0,0,0,0,0,0,0,0,0,0,0,0,0,0,0,0,0,0,0,0,0,0,0,0,0,0,0,0,0,0,0,0,0,0,0,0,0,0,1,2,1,0,0,0,0,0,0,0,0,0,0,0,0,0,1,0,0,0,1,0,0,0,0,0,3,1,0,2,0,0,1,1,0,1,0,3,0,0,2,0,2,1,1,1,0,1,1,0,1,0,1,1,1,1,0,0,1,1,0,0,2,6,3,2,1,24,8,1,3,1,1,2,0,0,0,0,0,0,0,0,1,0
map,alicante,Alicante,Maximilian284,max02,https://github.com/Maximilian284,maximilian284/subwaybuilder-es-maps,subwaybuilder-es-maps,88,0,0,0,0,0,0,0,0,0,0,0,0,0,0,0,0,0,0,0,0,0,0,0,0,0,0,0,0,0,0,0,0,0,0,0,0,0,0,0,0,0,0,0,0,0,0,0,0,0,0,0,0,0,0,0,0,0,0,0,0,0,0,0,0,0,0,0,0,0,0,0,0,0,0,0,0,0,0,0,0,0,0,0,0,0,0,0,0,0,0,0,0,0,0,0,0,0,0,0,0,0,0,0,0,0,0,0,0,0,0,0,0,0,0,0,0,0,0,0,0,0,0,0,0,0,0,0,0,0,0,0,0,0,0,0,0,0,0,22,9,2,2,5,2,2,2,0,2,5,5,1,1,2,1,3,1,3,2,3,1,1,1,0,0,0,0,0,2,0,1,0,0,2,0,1,2,1,1,0
map,antalya,Antalya,pierreggt,pierreggt,https://github.com/pierreggt,pierreggt/subway-builder-antalya,subway-builder-antalya,88,0,0,0,0,0,0,0,0,0,0,0,0,0,0,0,0,0,0,0,0,0,0,0,0,0,0,0,0,0,0,0,0,0,0,0,0,0,0,0,0,0,0,0,0,0,0,0,0,0,0,0,0,0,0,0,0,0,0,0,0,0,0,0,0,0,0,0,0,0,0,0,0,0,0,0,0,0,0,0,0,0,0,0,0,0,0,0,0,0,0,0,0,0,0,0,0,0,0,0,0,0,0,0,0,0,0,0,0,0,0,0,0,0,0,0,0,0,0,0,0,0,0,0,0,0,0,0,0,0,0,0,0,0,0,0,0,7,11,5,6,2,0,2,2,1,1,4,3,1,4,3,0,1,3,3,0,0,1,1,1,0,2,2,3,1,1,1,0,0,3,0,0,2,4,3,2,1,0,1
map,bonn-koeln,Bonn-Köln,pierreggt,pierreggt,https://github.com/pierreggt,pierreggt/subwaybuilder-maps-deutschland,subwaybuilder-maps-deutschland,88,0,0,0,0,0,0,0,0,0,0,0,0,0,0,0,0,0,0,0,0,0,0,0,0,0,0,0,0,0,0,0,0,0,0,0,0,0,0,0,0,0,0,0,0,0,0,0,0,0,0,0,0,0,0,0,0,0,0,0,0,0,0,0,0,0,0,0,0,0,0,0,0,0,0,0,0,0,0,0,0,0,0,0,0,0,0,0,0,0,0,0,0,0,0,0,0,0,0,0,0,0,0,0,0,0,0,0,0,0,0,0,0,0,0,0,0,0,0,0,0,0,0,0,0,0,0,0,0,0,0,0,0,0,0,0,0,0,0,0,0,0,0,0,0,0,0,0,0,0,0,0,0,0,0,0,0,0,0,0,0,0,0,0,0,0,0,0,0,0,0,0,0,0,0,22,22,23,19,2
map,yukina-akita,秋田 (Akita),ahkimn,Yukina-,https://subwaybuildermodded.com/credits,ahkimn/subwaybuilder-jp-maps,subwaybuilder-jp-maps,86,0,0,0,0,0,0,0,0,0,0,0,0,0,0,0,0,0,0,0,0,0,0,0,0,0,0,0,0,0,0,0,0,0,0,0,0,0,0,0,0,0,0,0,0,0,0,0,0,0,0,0,0,0,0,0,0,0,0,0,0,0,0,0,0,0,0,0,0,0,0,0,0,0,0,0,0,0,0,0,0,0,0,0,0,0,0,0,0,0,0,0,0,0,0,0,0,0,0,0,0,0,0,0,0,0,0,0,0,0,0,0,0,0,0,0,0,0,0,0,0,0,0,0,0,0,0,0,0,0,0,0,0,0,0,0,0,0,0,0,0,0,0,0,0,0,0,0,0,0,0,0,0,0,14,2,1,7,8,4,4,0,3,22,8,2,2,1,1,2,0,3,0,0,0,1,0,0,1,0
map,yukina-pl-plock-wloclawek,Płock - Włocławek,ahkimn,Yukina-,https://subwaybuildermodded.com/credits,ahkimn/subwaybuilder-eu-maps,subwaybuilder-eu-maps,85,0,0,0,0,0,0,0,0,0,0,0,0,0,0,0,0,0,0,0,0,0,0,0,0,0,0,0,0,0,0,0,0,0,0,0,0,0,0,0,0,0,0,0,0,0,0,0,0,0,0,0,0,0,0,0,0,0,0,0,0,0,0,0,0,0,0,0,0,0,0,0,0,0,0,0,0,0,0,0,0,0,0,0,0,0,0,0,0,0,0,0,0,0,0,0,0,0,0,0,0,0,0,0,0,0,0,0,0,0,0,0,0,0,0,0,0,0,0,0,0,2,0,1,1,3,0,1,2,2,0,0,0,3,0,0,1,0,4,1,0,1,0,1,0,0,1,1,1,1,1,0,0,0,1,0,0,0,3,7,3,0,2,23,8,0,2,1,1,3,0,0,1,1,0,0,0,1,0,0
map,daejeon-3,Daejeon (30km×30km),kimth9,kimth9,https://github.com/kimth9,kimth9/sb_korean_map_pack,sb_korean_map_pack,84,0,0,0,0,0,0,0,0,0,0,0,0,0,0,0,0,0,0,0,0,0,0,0,0,0,0,0,0,0,0,0,0,0,3,2,6,1,0,1,0,0,0,0,0,0,0,0,0,0,0,0,0,0,0,0,1,0,0,0,1,0,0,0,0,0,3,0,0,0,1,0,0,0,0,6,0,0,0,0,5,0,4,0,1,0,2,1,1,1,2,1,3,3,0,2,0,1,4,0,0,0,0,1,0,0,3,0,4,0,1,2,0,0,1,0,3,0,0,1,2,2,0,3,3,0,0,0,0,0,0,0,0,0,0,0,0,1,0,0,0,0,0,0,0,0,0,0,0,0,0,0,0,0,0,0,0,0,0,0,0,0,0,0,0,0,0,0,0,0,0,0,1,0,0,0,0,0,0,0
map,damascus,Damascus,pierreggt,pierreggt,https://github.com/pierreggt,pierreggt/subwaybuilder-maps,subwaybuilder-maps,83,0,0,0,0,0,0,0,0,0,0,0,0,0,0,0,0,0,0,0,0,0,0,0,0,0,0,0,0,0,0,0,0,0,0,0,0,0,0,0,0,0,0,0,0,0,0,0,0,0,0,0,0,0,0,0,0,0,0,0,0,0,0,0,0,0,0,0,0,0,0,0,0,0,0,0,0,0,0,0,0,0,0,0,0,0,0,0,0,0,0,0,0,0,0,0,0,0,0,0,0,0,0,0,0,0,0,0,0,0,0,0,0,0,0,0,0,0,0,0,0,0,0,0,0,0,0,0,0,0,0,0,0,0,0,0,0,0,0,0,0,0,0,0,0,0,0,0,0,0,0,0,0,0,0,0,0,0,0,0,0,3,32,12,10,3,1,2,4,1,3,4,0,0,1,3,1,1,2,0
map,yukina-maebashi,前橋 (Maebashi),ahkimn,Yukina-,https://subwaybuildermodded.com/credits,ahkimn/subwaybuilder-jp-maps,subwaybuilder-jp-maps,83,0,0,0,0,0,0,0,0,0,0,0,0,0,0,0,0,0,0,0,0,0,0,0,0,0,0,0,0,0,0,0,0,0,0,0,0,0,0,0,0,0,0,0,0,0,0,0,0,0,0,0,0,0,0,0,0,0,0,0,0,0,0,0,0,0,0,0,0,0,0,0,0,0,0,0,0,0,0,0,0,0,0,0,0,0,0,0,0,0,0,0,0,0,0,0,0,0,0,0,0,0,0,0,0,0,0,0,0,0,0,0,0,0,0,0,0,0,0,0,0,0,0,0,0,0,0,0,0,0,0,0,0,0,0,0,0,0,0,0,0,0,0,0,0,0,0,0,0,0,0,0,0,0,11,3,2,4,6,5,3,0,4,26,9,1,1,0,1,3,0,2,0,0,0,0,0,0,2,0
map,ulsan-3,Ulsan (30km×30km),kimth9,kimth9,https://github.com/kimth9,kimth9/sb_korean_map_pack,sb_korean_map_pack,82,0,0,0,0,0,0,0,0,0,0,0,0,0,0,0,0,0,0,0,0,0,0,0,0,0,0,0,0,0,0,0,0,0,4,2,2,0,0,0,0,0,0,0,0,0,0,2,5,1,0,0,3,5,3,1,6,0,1,1,3,0,0,0,2,3,4,0,0,0,0,1,0,0,0,4,0,0,0,2,1,1,1,2,1,0,0,0,0,1,4,1,0,0,0,5,0,0,0,0,0,0,0,1,0,0,1,0,1,1,1,0,0,0,0,1,0,0,1,0,0,0,0,0,0,0,0,0,0,0,0,1,0,0,0,1,0,0,1,0,0,0,0,0,0,0,0,0,0,0,0,0,0,0,0,0,0,0,0,0,0,0,0,0,0,0,0,0,0,0,0,0,0,0,0,0,0,0,0,0
map,daejeon-4,Daejeon (40km×40km),kimth9,kimth9,https://github.com/kimth9,kimth9/sb_korean_map_pack,sb_korean_map_pack,81,0,0,0,0,0,0,0,0,0,0,0,0,0,0,0,0,0,0,0,0,0,0,0,0,0,0,0,0,0,0,0,0,0,15,6,9,0,0,5,2,4,1,0,5,2,3,0,2,0,0,0,0,0,0,0,0,0,0,0,0,0,2,0,0,0,2,0,0,1,0,0,3,1,0,3,0,0,0,0,0,0,0,0,0,0,0,0,0,0,0,0,0,0,0,2,0,0,0,0,0,0,0,0,0,1,0,0,0,1,2,1,0,2,0,0,0,0,0,1,1,0,0,0,0,0,0,0,0,0,0,0,0,0,0,0,0,0,1,0,1,0,0,0,0,0,0,0,0,1,0,1,0,0,0,0,0,0,0,0,0,0,0,0,0,0,0,0,0,0,0,0,0,0,0,0,0,0,0,0
map,kristiansand-no,Kristiansand,rslurry,slurry,https://github.com/rslurry,rslurry/subwaybuilder-maps,subwaybuilder-maps,80,0,0,0,0,0,0,0,0,0,0,0,0,0,0,0,0,0,0,0,0,0,0,0,0,0,0,0,0,0,0,0,0,0,0,0,0,0,0,0,0,0,0,0,0,0,0,0,0,0,0,0,0,0,0,0,0,0,0,0,0,0,0,0,0,0,0,0,0,0,0,0,0,0,0,0,10,1,1,0,1,1,2,2,2,0,0,0,0,0,0,0,1,1,1,1,1,1,0,1,0,0,0,0,0,0,1,0,0,0,1,1,0,0,0,0,1,0,1,1,0,0,1,0,0,2,5,2,3,2,3,3,0,1,1,1,2,1,1,1,2,1,0,1,1,1,1,0,2,1,0,1,2,0,0,0,0,0,1,0,1,1,0,0,0,0,0,0,0,0,0,0,1,0,0,1,0,0,0,0
map,yukina-utsunomiya,宇都宮 (Utsunomiya),ahkimn,Yukina-,https://subwaybuildermodded.com/credits,ahkimn/subwaybuilder-jp-maps,subwaybuilder-jp-maps,78,0,0,0,0,0,0,0,0,0,0,0,0,0,0,0,0,0,0,0,0,0,0,0,0,0,0,0,0,0,0,0,0,0,0,0,0,0,0,0,0,0,0,0,0,0,0,0,0,0,0,0,0,0,0,0,0,0,0,0,0,0,0,0,0,0,0,0,0,0,0,0,0,0,0,0,0,0,0,0,0,0,0,0,0,0,0,0,0,0,0,0,0,0,0,0,0,0,0,0,0,0,0,0,0,0,0,0,0,0,0,0,0,0,0,0,0,0,0,0,0,0,0,0,0,0,0,0,0,0,0,0,0,0,0,0,0,0,0,0,0,0,0,0,0,0,0,0,0,0,0,0,0,0,12,2,1,5,5,2,4,0,4,24,10,1,1,1,1,2,0,1,0,0,0,1,0,0,1,0
map,gwangju-4,Gwangju (40km×40km),kimth9,kimth9,https://github.com/kimth9,kimth9/sb_korean_map_pack,sb_korean_map_pack,77,0,0,0,0,0,0,0,0,0,0,0,0,0,0,0,0,0,0,0,0,0,0,0,0,0,0,0,0,0,0,0,0,0,16,6,6,0,0,4,1,5,2,0,5,1,3,0,2,0,0,0,0,2,0,0,0,0,0,1,0,0,2,0,0,0,2,0,0,0,1,0,1,1,0,3,0,0,0,0,0,0,0,0,0,0,0,0,0,0,0,0,0,0,1,2,0,0,0,0,0,0,0,0,0,1,0,0,0,0,0,1,0,1,0,0,0,1,0,0,0,0,0,0,0,0,0,1,0,0,0,0,1,0,0,0,0,0,1,0,1,0,0,0,0,0,0,0,0,1,0,1,0,0,0,0,0,0,0,0,0,0,0,0,0,0,0,0,0,0,0,0,0,0,0,0,0,0,0,0
map,yukina-nagano,長野 (Nagano),ahkimn,Yukina-,https://subwaybuildermodded.com/credits,ahkimn/subwaybuilder-jp-maps,subwaybuilder-jp-maps,77,0,0,0,0,0,0,0,0,0,0,0,0,0,0,0,0,0,0,0,0,0,0,0,0,0,0,0,0,0,0,0,0,0,0,0,0,0,0,0,0,0,0,0,0,0,0,0,0,0,0,0,0,0,0,0,0,0,0,0,0,0,0,0,0,0,0,0,0,0,0,0,0,0,0,0,0,0,0,0,0,0,0,0,0,0,0,0,0,0,0,0,0,0,0,0,0,0,0,0,0,0,0,0,0,0,0,0,0,0,0,0,0,0,0,0,0,0,0,0,0,0,0,0,0,0,0,0,0,0,0,0,0,0,0,0,0,0,0,0,0,0,0,0,0,0,0,0,0,0,0,0,0,0,12,2,1,4,6,3,4,1,3,23,10,1,1,0,1,2,0,1,0,1,0,0,0,0,1,0
map,grand-geneve,Grand Genève,pierreggt,pierreggt,https://github.com/pierreggt,pierreggt/subwaybuilder-maps-france,subwaybuilder-maps-france,74,0,0,0,0,0,0,0,0,0,0,0,0,0,0,0,0,0,0,0,0,0,0,0,0,0,0,0,0,0,0,0,0,0,0,0,0,0,0,0,0,0,0,0,0,0,0,0,0,0,0,0,0,0,0,0,0,0,0,0,0,0,0,0,0,0,0,0,0,0,0,0,0,0,0,0,0,0,0,0,0,0,0,0,0,0,0,0,0,0,0,0,0,0,0,0,0,0,0,0,0,0,0,0,0,0,0,0,0,0,0,0,0,0,0,0,0,0,0,0,0,0,0,0,0,0,0,0,0,0,0,0,0,0,0,0,0,0,0,0,0,0,0,0,0,0,0,0,0,0,0,0,0,0,0,0,0,0,0,0,0,0,0,0,0,0,3,20,12,8,5,5,4,2,1,2,2,4,4,2
map,mfn-rsw,Fort Myers,crumpetime,muffintime,https://github.com/crumpetime,crumpetime/sb-maps-rsw,sb-maps-rsw,72,0,0,0,0,0,0,0,0,0,0,0,0,0,0,0,0,0,0,0,0,0,0,0,0,0,0,0,0,0,0,0,0,0,0,0,0,0,0,0,0,0,0,0,0,0,0,0,0,0,0,0,0,0,0,0,0,0,0,0,0,0,0,0,0,0,0,0,0,0,0,0,0,0,0,0,0,0,0,0,0,0,0,0,0,0,0,0,0,0,0,0,0,0,0,0,0,0,0,0,0,0,0,0,0,0,0,0,0,0,0,0,0,0,0,0,0,0,0,0,0,0,0,0,0,0,0,0,0,0,0,0,0,0,16,11,3,4,3,0,0,2,1,2,2,0,3,1,4,1,2,0,2,2,1,0,1,0,0,0,3,1,0,0,1,0,0,0,0,1,0,0,0,1,1,0,0,0,3,0
map,yukina-fukui,福井 (Fukui),ahkimn,Yukina-,https://subwaybuildermodded.com/credits,ahkimn/subwaybuilder-jp-maps,subwaybuilder-jp-maps,72,0,0,0,0,0,0,0,0,0,0,0,0,0,0,0,0,0,0,0,0,0,0,0,0,0,0,0,0,0,0,0,0,0,0,0,0,0,0,0,0,0,0,0,0,0,0,0,0,0,0,0,0,0,0,0,0,0,0,0,0,0,0,0,0,0,0,0,0,0,0,0,0,0,0,0,0,0,0,0,0,0,0,0,0,0,0,0,0,0,0,0,0,0,0,0,0,0,0,0,0,0,0,0,0,0,0,0,0,0,0,0,0,0,0,0,0,0,0,0,0,0,0,0,0,0,0,0,0,0,0,0,0,0,0,0,0,0,0,0,0,0,0,0,0,0,0,0,0,0,0,0,0,0,11,1,1,4,6,3,3,0,3,21,10,1,1,0,1,2,0,2,0,0,1,0,0,0,1,0
map,yukina-matsumoto,松本 (Matsumoto),ahkimn,Yukina-,https://subwaybuildermodded.com/credits,ahkimn/subwaybuilder-jp-maps,subwaybuilder-jp-maps,70,0,0,0,0,0,0,0,0,0,0,0,0,0,0,0,0,0,0,0,0,0,0,0,0,0,0,0,0,0,0,0,0,0,0,0,0,0,0,0,0,0,0,0,0,0,0,0,0,0,0,0,0,0,0,0,0,0,0,0,0,0,0,0,0,0,0,0,0,0,0,0,0,0,0,0,0,0,0,0,0,0,0,0,0,0,0,0,0,0,0,0,0,0,0,0,0,0,0,0,0,0,0,0,0,0,0,0,0,0,0,0,0,0,0,0,0,0,0,0,0,0,0,0,0,0,0,0,0,0,0,0,0,0,0,0,0,0,0,0,0,0,0,0,0,0,0,0,0,0,0,0,0,0,10,2,1,5,5,3,2,0,3,22,8,1,1,0,1,2,1,1,0,1,0,0,0,0,1,0
map,yukina-tokushima,徳島 (Tokushima),ahkimn,Yukina-,https://subwaybuildermodded.com/credits,ahkimn/subwaybuilder-jp-maps,subwaybuilder-jp-maps,70,0,0,0,0,0,0,0,0,0,0,0,0,0,0,0,0,0,0,0,0,0,0,0,0,0,0,0,0,0,0,0,0,0,0,0,0,0,0,0,0,0,0,0,0,0,0,0,0,0,0,0,0,0,0,0,0,0,0,0,0,0,0,0,0,0,0,0,0,0,0,0,0,0,0,0,0,0,0,0,0,0,0,0,0,0,0,0,0,0,0,0,0,0,0,0,0,0,0,0,0,0,0,0,0,0,0,0,0,0,0,0,0,0,0,0,0,0,0,0,0,0,0,0,0,0,0,0,0,0,0,0,0,0,0,0,0,0,0,0,0,0,0,0,0,0,0,0,0,0,0,0,0,0,11,1,1,4,5,1,3,1,3,22,11,1,0,0,1,2,0,1,0,1,0,0,0,0,1,0
map,cusco,Cusco,kaicardenas0618,kaicardenas0618,https://github.com/kaicardenas0618,kaicardenas0618/subway-builder-peru,subway-builder-peru,68,0,0,0,0,0,0,0,0,0,0,0,0,0,0,0,0,0,0,0,0,0,0,0,0,0,0,0,0,0,0,0,0,0,0,0,0,0,0,0,0,0,0,0,0,0,0,0,0,0,0,0,0,0,0,0,0,0,0,0,0,0,0,0,0,0,0,0,0,0,0,0,0,0,0,0,0,0,0,0,0,0,0,0,3,3,5,3,1,5,1,2,1,1,2,1,1,5,0,1,1,1,0,0,0,1,1,0,0,0,0,0,0,0,0,0,0,1,0,0,0,1,0,0,0,1,0,0,0,0,0,0,0,0,0,0,0,0,3,1,1,1,1,1,1,1,1,1,1,1,1,1,1,1,1,1,1,1,1,1,1,1,0,0,0,0,0,0,0,0,0,0,0,0,0,0,0,0,0,0
map,xiamen,Xiamen,Kronifer,Kronifer,https://github.com/Kronifer,kronifer/sb-chinese-maps,sb-chinese-maps,68,0,0,0,0,0,0,0,0,0,0,0,0,0,0,0,0,0,0,0,0,0,0,0,0,0,0,0,0,0,0,0,0,0,0,0,0,0,0,0,0,0,0,0,0,0,0,0,0,0,0,0,0,0,0,0,0,0,0,0,0,0,0,0,0,0,0,0,0,0,0,0,0,0,0,0,0,0,0,0,0,0,0,0,0,0,0,0,0,0,0,0,0,0,0,0,0,0,0,0,0,0,0,0,0,0,0,0,0,0,0,0,0,0,0,0,0,0,0,0,0,0,0,0,0,0,0,0,0,0,0,0,0,0,0,0,0,0,0,0,0,0,0,0,0,0,0,0,0,0,0,0,0,0,0,0,0,0,14,11,9,2,3,0,1,3,3,1,5,3,1,0,1,3,2,4,0,0,2,0
map,yukina-fukuyama,福山 (Fukuyama),ahkimn,Yukina-,https://subwaybuildermodded.com/credits,ahkimn/subwaybuilder-jp-maps,subwaybuilder-jp-maps,68,0,0,0,0,0,0,0,0,0,0,0,0,0,0,0,0,0,0,0,0,0,0,0,0,0,0,0,0,0,0,0,0,0,0,0,0,0,0,0,0,0,0,0,0,0,0,0,0,0,0,0,0,0,0,0,0,0,0,0,0,0,0,0,0,0,0,0,0,0,0,0,0,0,0,0,0,0,0,0,0,0,0,0,0,0,0,0,0,0,0,0,0,0,0,0,0,0,0,0,0,0,0,0,0,0,0,0,0,0,0,0,0,0,0,0,0,0,0,0,0,0,0,0,0,0,0,0,0,0,0,0,0,0,0,0,0,0,0,0,0,0,0,0,0,0,0,0,0,0,0,0,0,0,10,1,1,4,6,3,2,0,3,22,8,1,1,0,1,2,0,1,1,0,0,0,0,0,1,0
map,yukina-mito-hitachi,水戸・日立 (Mito & Hitachi),ahkimn,Yukina-,https://subwaybuildermodded.com/credits,ahkimn/subwaybuilder-jp-maps,subwaybuilder-jp-maps,68,0,0,0,0,0,0,0,0,0,0,0,0,0,0,0,0,0,0,0,0,0,0,0,0,0,0,0,0,0,0,0,0,0,0,0,0,0,0,0,0,0,0,0,0,0,0,0,0,0,0,0,0,0,0,0,0,0,0,0,0,0,0,0,0,0,0,0,0,0,0,0,0,0,0,0,0,0,0,0,0,0,0,0,0,0,0,0,0,0,0,0,0,0,0,0,0,0,0,0,0,0,0,0,0,0,0,0,0,0,0,0,0,0,0,0,0,0,0,0,0,0,0,0,0,0,0,0,0,0,0,0,0,0,0,0,0,0,0,0,0,0,0,0,0,0,0,0,0,0,0,0,0,0,10,1,1,4,5,3,2,0,3,22,8,3,1,0,1,2,0,1,0,0,0,0,0,0,1,0
map,yukina-wakayama,和歌山 (Wakayama),ahkimn,Yukina-,https://subwaybuildermodded.com/credits,ahkimn/subwaybuilder-jp-maps,subwaybuilder-jp-maps,68,0,0,0,0,0,0,0,0,0,0,0,0,0,0,0,0,0,0,0,0,0,0,0,0,0,0,0,0,0,0,0,0,0,0,0,0,0,0,0,0,0,0,0,0,0,0,0,0,0,0,0,0,0,0,0,0,0,0,0,0,0,0,0,0,0,0,0,0,0,0,0,0,0,0,0,0,0,0,0,0,0,0,0,0,0,0,0,0,0,0,0,0,0,0,0,0,0,0,0,0,0,0,0,0,0,0,0,0,0,0,0,0,0,0,0,0,0,0,0,0,0,0,0,0,0,0,0,0,0,0,0,0,0,0,0,0,0,0,0,0,0,0,0,0,0,0,0,0,0,0,0,0,0,10,2,1,5,5,1,3,0,3,22,10,1,0,0,1,2,0,1,0,0,0,0,0,0,1,0
map,yukina-yamaguchi,山口 (Yamaguchi),ahkimn,Yukina-,https://subwaybuildermodded.com/credits,ahkimn/subwaybuilder-jp-maps,subwaybuilder-jp-maps,67,0,0,0,0,0,0,0,0,0,0,0,0,0,0,0,0,0,0,0,0,0,0,0,0,0,0,0,0,0,0,0,0,0,0,0,0,0,0,0,0,0,0,0,0,0,0,0,0,0,0,0,0,0,0,0,0,0,0,0,0,0,0,0,0,0,0,0,0,0,0,0,0,0,0,0,0,0,0,0,0,0,0,0,0,0,0,0,0,0,0,0,0,0,0,0,0,0,0,0,0,0,0,0,0,0,0,0,0,0,0,0,0,0,0,0,0,0,0,0,0,0,0,0,0,0,0,0,0,0,0,0,0,0,0,0,0,0,0,0,0,0,0,0,0,0,0,0,0,0,0,0,0,0,10,1,1,4,6,1,2,0,3,22,10,1,0,0,1,2,0,2,0,0,0,0,0,0,1,0
map,arequipa,Arequipa,kaicardenas0618,kaicardenas0618,https://github.com/kaicardenas0618,kaicardenas0618/subway-builder-peru,subway-builder-peru,66,0,0,0,0,0,0,0,0,0,0,0,0,0,0,0,0,0,0,0,0,0,0,0,0,0,0,0,0,0,0,0,0,0,0,0,0,0,0,0,0,0,0,0,0,0,0,0,0,0,0,0,0,0,0,0,0,0,0,0,0,0,0,0,0,0,0,0,0,0,0,0,0,0,0,0,0,0,0,0,0,0,0,0,3,5,5,0,2,4,1,0,1,3,0,4,0,1,0,1,1,0,0,0,0,0,0,0,1,0,0,1,0,0,0,0,0,1,0,0,0,2,0,1,0,2,0,0,0,0,0,0,0,1,0,0,0,0,3,1,1,1,1,1,1,1,1,1,1,1,1,1,1,1,1,1,1,1,1,1,1,1,0,0,0,0,0,0,0,0,0,0,0,0,0,0,0,0,0,0
map,yukina-hachinohe,八戸 (Hachinohe),ahkimn,Yukina-,https://subwaybuildermodded.com/credits,ahkimn/subwaybuilder-jp-maps,subwaybuilder-jp-maps,66,0,0,0,0,0,0,0,0,0,0,0,0,0,0,0,0,0,0,0,0,0,0,0,0,0,0,0,0,0,0,0,0,0,0,0,0,0,0,0,0,0,0,0,0,0,0,0,0,0,0,0,0,0,0,0,0,0,0,0,0,0,0,0,0,0,0,0,0,0,0,0,0,0,0,0,0,0,0,0,0,0,0,0,0,0,0,0,0,0,0,0,0,0,0,0,0,0,0,0,0,0,0,0,0,0,0,0,0,0,0,0,0,0,0,0,0,0,0,0,0,0,0,0,0,0,0,0,0,0,0,0,0,0,0,0,0,0,0,0,0,0,0,0,0,0,0,0,0,0,0,0,0,0,9,1,1,4,5,2,3,1,3,21,8,1,0,0,1,3,0,1,0,0,0,0,1,0,1,0
map,yukina-miyazaki,宮崎 (Miyazaki),ahkimn,Yukina-,https://subwaybuildermodded.com/credits,ahkimn/subwaybuilder-jp-maps,subwaybuilder-jp-maps,66,0,0,0,0,0,0,0,0,0,0,0,0,0,0,0,0,0,0,0,0,0,0,0,0,0,0,0,0,0,0,0,0,0,0,0,0,0,0,0,0,0,0,0,0,0,0,0,0,0,0,0,0,0,0,0,0,0,0,0,0,0,0,0,0,0,0,0,0,0,0,0,0,0,0,0,0,0,0,0,0,0,0,0,0,0,0,0,0,0,0,0,0,0,0,0,0,0,0,0,0,0,0,0,0,0,0,0,0,0,0,0,0,0,0,0,0,0,0,0,0,0,0,0,0,0,0,0,0,0,0,0,0,0,0,0,0,0,0,0,0,0,0,0,0,0,0,0,0,0,0,0,0,0,10,1,1,4,5,3,2,0,3,22,8,1,1,0,1,2,0,1,0,0,0,0,0,0,1,0
map,yukina-oita,大分 (Ōita),ahkimn,Yukina-,https://subwaybuildermodded.com/credits,ahkimn/subwaybuilder-jp-maps,subwaybuilder-jp-maps,66,0,0,0,0,0,0,0,0,0,0,0,0,0,0,0,0,0,0,0,0,0,0,0,0,0,0,0,0,0,0,0,0,0,0,0,0,0,0,0,0,0,0,0,0,0,0,0,0,0,0,0,0,0,0,0,0,0,0,0,0,0,0,0,0,0,0,0,0,0,0,0,0,0,0,0,0,0,0,0,0,0,0,0,0,0,0,0,0,0,0,0,0,0,0,0,0,0,0,0,0,0,0,0,0,0,0,0,0,0,0,0,0,0,0,0,0,0,0,0,0,0,0,0,0,0,0,0,0,0,0,0,0,0,0,0,0,0,0,0,0,0,0,0,0,0,0,0,0,0,0,0,0,0,9,1,2,4,5,2,2,0,3,22,8,1,0,0,1,2,0,1,0,1,0,0,0,0,2,0
map,eurodistrict-bale,Eurodistrict of Basel,pierreggt,pierreggt,https://github.com/pierreggt,pierreggt/subwaybuilder-maps-france,subwaybuilder-maps-france,65,0,0,0,0,0,0,0,0,0,0,0,0,0,0,0,0,0,0,0,0,0,0,0,0,0,0,0,0,0,0,0,0,0,0,0,0,0,0,0,0,0,0,0,0,0,0,0,0,0,0,0,0,0,0,0,0,0,0,0,0,0,0,0,0,0,0,0,0,0,0,0,0,0,0,0,0,0,0,0,0,0,0,0,0,0,0,0,0,0,0,0,0,0,0,0,0,0,0,0,0,0,0,0,0,0,0,0,0,0,0,0,0,0,0,0,0,0,0,0,0,0,0,0,0,0,0,0,0,0,0,0,0,0,0,0,0,0,0,0,0,0,0,0,0,0,0,0,0,0,0,0,0,0,0,0,0,0,0,0,0,0,0,0,0,0,3,14,14,8,5,5,2,1,2,0,2,3,4,2
map,yukina-kofu,甲府 (Kōfu),ahkimn,Yukina-,https://subwaybuildermodded.com/credits,ahkimn/subwaybuilder-jp-maps,subwaybuilder-jp-maps,65,0,0,0,0,0,0,0,0,0,0,0,0,0,0,0,0,0,0,0,0,0,0,0,0,0,0,0,0,0,0,0,0,0,0,0,0,0,0,0,0,0,0,0,0,0,0,0,0,0,0,0,0,0,0,0,0,0,0,0,0,0,0,0,0,0,0,0,0,0,0,0,0,0,0,0,0,0,0,0,0,0,0,0,0,0,0,0,0,0,0,0,0,0,0,0,0,0,0,0,0,0,0,0,0,0,0,0,0,0,0,0,0,0,0,0,0,0,0,0,0,0,0,0,0,0,0,0,0,0,0,0,0,0,0,0,0,0,0,0,0,0,0,0,0,0,0,0,0,0,0,0,0,0,9,1,1,4,5,1,4,0,3,22,9,1,0,0,1,2,0,1,0,0,0,0,0,0,1,0
map,tehran,Tehran,pierreggt,pierreggt,https://github.com/pierreggt,pierreggt/subwaybuilder-maps,subwaybuilder-maps,64,0,0,0,0,0,0,0,0,0,0,0,0,0,0,0,0,0,0,0,0,0,0,0,0,0,0,0,0,0,0,0,0,0,0,0,0,0,0,0,0,0,0,0,0,0,0,0,0,0,0,0,0,0,0,0,0,0,0,0,0,0,0,0,0,0,0,0,0,0,0,0,0,0,0,0,0,0,0,0,0,0,0,0,0,0,0,0,0,0,0,0,0,0,0,0,0,0,0,0,0,0,0,0,0,0,0,0,0,0,0,0,0,0,0,0,0,0,0,0,0,0,0,0,0,0,0,0,0,0,0,0,0,0,0,0,0,0,0,0,0,0,0,0,0,0,0,0,0,0,0,0,0,0,0,0,0,0,0,0,0,3,17,4,12,7,1,4,2,1,3,1,0,0,1,2,2,1,2,1
map,yukina-ua-kryvyi-rih,Кривий Ріг / Kryvyi Rih,ahkimn,Yukina-,https://subwaybuildermodded.com/credits,ahkimn/subwaybuilder-eu-maps,subwaybuilder-eu-maps,64,0,0,0,0,0,0,0,0,0,0,0,0,0,0,0,0,0,0,0,0,0,0,0,0,0,0,0,0,0,0,0,0,0,0,0,0,0,0,0,0,0,0,0,0,0,0,0,0,0,0,0,0,0,0,0,0,0,0,0,0,0,0,0,0,0,0,0,0,0,0,0,0,0,0,0,0,0,0,0,0,0,0,0,0,0,0,0,0,0,0,0,0,0,0,0,0,0,0,0,0,0,0,0,0,0,0,0,0,0,0,0,0,0,0,0,0,0,0,0,1,9,0,0,0,1,1,0,1,2,2,4,3,3,2,3,1,2,1,2,1,1,1,1,0,1,0,1,2,0,1,0,0,1,1,1,0,1,0,1,1,0,1,0,1,1,0,0,3,1,0,2,0,1,0,0,0,1,0,0
map,yukina-tw-hualien-taitung,花蓮・臺東 (Hualien & Taitung),ahkimn,Yukina-,https://subwaybuildermodded.com/credits,ahkimn/subwaybuilder-tw-maps,subwaybuilder-tw-maps,63,0,0,0,0,0,0,0,0,0,0,0,0,0,0,0,0,0,0,0,0,0,0,0,0,0,0,0,0,0,0,0,0,0,0,0,0,0,0,0,0,0,0,0,0,0,0,0,0,0,0,0,0,0,0,0,0,0,0,0,0,0,0,0,0,0,0,0,0,0,0,0,0,0,0,0,0,0,0,0,0,0,0,0,0,0,0,0,0,0,0,0,0,0,0,0,0,0,0,0,0,0,0,0,0,0,0,0,0,0,0,0,0,0,0,0,0,0,0,0,0,0,0,0,0,0,0,0,0,0,0,0,0,0,0,0,0,0,0,0,0,0,0,0,0,0,0,0,0,0,0,0,0,0,0,0,0,10,3,2,2,0,2,23,9,3,1,1,1,4,1,0,0,0,0,0,0,1,0,0
mod,noah-great-society,Great Society Metro Train,NoahGarrf,NoahGarrf,https://github.com/NoahGarrf,noahgarrf/great-society-subway-train,Great-Society-Subway-Train,60,0,0,0,0,0,0,0,0,0,0,0,0,0,0,0,0,0,0,0,0,0,0,0,0,0,0,0,0,0,0,0,0,0,0,0,0,0,0,0,0,0,0,0,0,0,0,0,0,0,0,0,0,0,0,0,0,0,0,0,0,0,0,0,0,0,0,0,0,0,0,0,0,0,0,0,0,0,0,0,0,0,0,0,0,0,0,0,0,0,0,0,0,0,0,0,0,0,0,0,0,0,0,0,0,0,0,0,0,0,0,0,0,0,0,0,0,0,0,0,0,0,0,0,0,0,0,0,0,0,0,0,0,0,0,0,0,0,0,0,0,0,0,0,0,0,0,0,0,0,0,0,0,0,0,0,0,0,0,0,0,0,0,0,0,0,0,0,0,0,0,0,0,0,0,10,13,24,13,0
map,gwangju-3,Gwangju (30km×30km),kimth9,kimth9,https://github.com/kimth9,kimth9/sb_korean_map_pack,sb_korean_map_pack,59,0,0,0,0,0,0,0,0,0,0,0,0,0,0,0,0,0,0,0,0,0,0,0,0,0,0,0,0,0,0,0,0,0,4,5,4,1,2,3,6,1,2,2,1,1,2,5,2,0,0,0,1,0,0,2,1,0,0,0,1,1,0,0,0,0,2,0,0,0,0,0,0,0,0,4,0,0,0,0,0,0,0,0,0,0,0,0,0,0,0,0,0,0,0,1,0,0,0,0,0,0,0,0,0,0,0,0,0,0,1,0,0,0,0,0,0,0,0,0,1,0,0,0,0,0,0,0,0,0,0,1,0,0,0,1,0,0,1,0,0,0,0,0,0,0,0,0,0,0,0,0,0,0,0,0,0,0,0,0,0,0,0,0,0,0,0,0,0,0,0,0,0,0,0,0,0,0,0,0
map,yukina-tw-yilan,宜蘭 (Yilan),ahkimn,Yukina-,https://subwaybuildermodded.com/credits,ahkimn/subwaybuilder-tw-maps,subwaybuilder-tw-maps,58,0,0,0,0,0,0,0,0,0,0,0,0,0,0,0,0,0,0,0,0,0,0,0,0,0,0,0,0,0,0,0,0,0,0,0,0,0,0,0,0,0,0,0,0,0,0,0,0,0,0,0,0,0,0,0,0,0,0,0,0,0,0,0,0,0,0,0,0,0,0,0,0,0,0,0,0,0,0,0,0,0,0,0,0,0,0,0,0,0,0,0,0,0,0,0,0,0,0,0,0,0,0,0,0,0,0,0,0,0,0,0,0,0,0,0,0,0,0,0,0,0,0,0,0,0,0,0,0,0,0,0,0,0,0,0,0,0,0,0,0,0,0,0,0,0,0,0,0,0,0,0,0,0,0,0,0,10,3,2,2,0,2,21,9,2,1,1,2,2,0,0,0,0,0,0,0,1,0,0
map,yukina-ua-zaporizhzhia,Запоріжжя / Zaporizhzhia,ahkimn,Yukina-,https://subwaybuildermodded.com/credits,ahkimn/subwaybuilder-eu-maps,subwaybuilder-eu-maps,57,0,0,0,0,0,0,0,0,0,0,0,0,0,0,0,0,0,0,0,0,0,0,0,0,0,0,0,0,0,0,0,0,0,0,0,0,0,0,0,0,0,0,0,0,0,0,0,0,0,0,0,0,0,0,0,0,0,0,0,0,0,0,0,0,0,0,0,0,0,0,0,0,0,0,0,0,0,0,0,0,0,0,0,0,0,0,0,0,0,0,0,0,0,0,0,0,0,0,0,0,0,0,0,0,0,0,0,0,0,0,0,0,0,0,0,0,0,0,0,2,6,2,0,1,1,0,1,1,2,1,2,1,3,0,2,2,2,1,1,3,1,1,1,0,0,0,1,2,0,1,0,0,0,1,1,0,1,0,2,0,0,0,0,1,1,0,0,3,3,0,0,0,1,0,0,0,2,0,0
map,abu-dhabi,Abu Dhabi,pierreggt,pierreggt,https://github.com/pierreggt,pierreggt/subwaybuilder-maps,subwaybuilder-maps,55,0,0,0,0,0,0,0,0,0,0,0,0,0,0,0,0,0,0,0,0,0,0,0,0,0,0,0,0,0,0,0,0,0,0,0,0,0,0,0,0,0,0,0,0,0,0,0,0,0,0,0,0,0,0,0,0,0,0,0,0,0,0,0,0,0,0,0,0,0,0,0,0,0,0,0,0,0,0,0,0,0,0,0,0,0,0,0,0,0,0,0,0,0,0,0,0,0,0,0,0,0,0,0,0,0,0,0,0,0,0,0,0,0,0,0,0,0,0,0,0,0,0,0,0,0,0,0,0,0,0,0,0,0,0,0,0,0,0,0,0,0,0,0,0,0,0,0,0,0,0,0,0,0,0,0,0,0,0,0,0,0,0,0,12,3,3,4,3,2,2,4,0,1,16,2,0,0,3,0
map,riyadh,Riyadh,pierreggt,pierreggt,https://github.com/pierreggt,pierreggt/subwaybuilder-maps,subwaybuilder-maps,49,0,0,0,0,0,0,0,0,0,0,0,0,0,0,0,0,0,0,0,0,0,0,0,0,0,0,0,0,0,0,0,0,0,0,0,0,0,0,0,0,0,0,0,0,0,0,0,0,0,0,0,0,0,0,0,0,0,0,0,0,0,0,0,0,0,0,0,0,0,0,0,0,0,0,0,0,0,0,0,0,0,0,0,0,0,0,0,0,0,0,0,0,0,0,0,0,0,0,0,0,0,0,0,0,0,0,0,0,0,0,0,0,0,0,0,0,0,0,0,0,0,0,0,0,0,0,0,0,0,0,0,0,0,0,0,0,0,0,0,0,0,0,0,0,0,0,0,0,0,0,0,0,0,0,0,0,0,0,0,0,3,11,6,6,3,2,2,5,0,2,0,0,1,2,2,1,0,2,1
map,chiclayo,Chiclayo,kaicardenas0618,kaicardenas0618,https://github.com/kaicardenas0618,kaicardenas0618/subway-builder-peru,subway-builder-peru,48,0,0,0,0,0,0,0,0,0,0,0,0,0,0,0,0,0,0,0,0,0,0,0,0,0,0,0,0,0,0,0,0,0,0,0,0,0,0,0,0,0,0,0,0,0,0,0,0,0,0,0,0,0,0,0,0,0,0,0,0,0,0,0,0,0,0,0,0,0,0,0,0,0,0,0,0,0,0,0,0,0,0,0,2,3,1,1,0,0,0,0,1,4,0,3,0,0,0,0,1,0,0,0,0,2,0,0,0,0,0,0,1,0,0,0,0,0,0,0,0,0,0,0,0,1,1,1,0,0,0,0,0,0,0,0,0,0,3,1,1,1,1,1,1,1,1,1,1,1,1,1,1,1,1,1,1,1,1,1,1,1,0,0,0,0,0,0,0,0,0,0,0,0,0,0,0,0,0,0
map,piura,Piura,kaicardenas0618,kaicardenas0618,https://github.com/kaicardenas0618,kaicardenas0618/subway-builder-peru,subway-builder-peru,48,0,0,0,0,0,0,0,0,0,0,0,0,0,0,0,0,0,0,0,0,0,0,0,0,0,0,0,0,0,0,0,0,0,0,0,0,0,0,0,0,0,0,0,0,0,0,0,0,0,0,0,0,0,0,0,0,0,0,0,0,0,0,0,0,0,0,0,0,0,0,0,0,0,0,0,0,0,0,0,0,0,0,0,1,4,1,0,1,0,0,0,0,2,1,1,0,2,0,0,0,1,0,0,0,2,0,0,0,0,0,0,1,0,0,0,0,1,0,0,0,1,0,0,0,2,0,0,0,0,0,0,1,0,0,0,0,0,3,1,1,1,1,1,1,1,1,1,1,1,1,1,1,1,1,1,1,1,1,1,1,1,0,0,0,0,0,0,0,0,0,0,0,0,0,0,0,0,0,0
map,trujillo,Trujillo,kaicardenas0618,kaicardenas0618,https://github.com/kaicardenas0618,kaicardenas0618/subway-builder-peru,subway-builder-peru,48,0,0,0,0,0,0,0,0,0,0,0,0,0,0,0,0,0,0,0,0,0,0,0,0,0,0,0,0,0,0,0,0,0,0,0,0,0,0,0,0,0,0,0,0,0,0,0,0,0,0,0,0,0,0,0,0,0,0,0,0,0,0,0,0,0,0,0,0,0,0,0,0,0,0,0,0,0,0,0,0,0,0,0,2,4,0,0,2,2,2,0,0,3,1,1,0,0,0,0,0,0,0,0,0,1,0,0,0,0,0,0,0,0,0,0,0,1,0,0,0,1,0,0,0,2,0,0,0,0,0,0,0,0,0,0,0,0,3,1,1,1,1,1,1,1,1,1,1,1,1,1,1,1,1,1,1,1,1,1,1,1,0,0,0,0,0,0,0,0,0,0,0,0,0,0,0,0,0,0
map,jeju-4,Jeju (40km×40km),kimth9,kimth9,https://github.com/kimth9,kimth9/sb_korean_map_pack,sb_korean_map_pack,46,0,0,0,0,0,0,0,0,0,0,0,0,0,0,0,0,0,0,0,0,0,0,0,0,0,0,0,0,0,0,0,0,0,7,2,2,0,0,0,1,0,0,0,0,1,2,0,1,0,0,0,0,0,0,0,0,0,0,0,1,0,0,0,1,1,2,0,0,0,0,0,1,1,0,0,1,0,0,0,2,0,0,0,0,0,0,0,0,0,0,0,0,0,0,2,0,0,0,0,0,0,0,0,0,0,0,0,0,0,0,0,0,0,0,0,0,0,0,0,2,0,0,0,0,0,0,0,0,0,0,1,0,0,1,0,0,0,1,0,1,0,0,0,0,0,0,0,0,0,3,9,0,0,0,0,0,0,0,0,0,0,0,0,0,0,0,0,0,0,0,0,0,0,0,0,0,0,0,0
map,springfield-il,"Springfield, IL",NerdieSanders,NerdieSanders,https://github.com/NerdieSanders,nerdiesanders/subway-builder-spi,subway-builder-spi,46,0,0,0,0,0,0,0,0,0,0,0,0,0,0,0,0,0,0,0,0,0,0,0,0,0,0,0,0,0,0,0,0,0,0,0,0,0,0,0,0,0,0,0,0,0,0,0,0,0,0,0,0,0,0,0,0,0,0,0,0,0,0,0,0,0,0,0,0,0,0,0,0,0,0,0,0,0,0,0,0,0,0,0,0,0,0,0,0,0,0,0,0,0,0,0,0,0,0,0,0,0,0,0,0,0,0,0,0,0,0,0,0,0,0,0,0,0,0,0,0,0,0,0,0,0,0,0,0,0,0,0,0,0,0,0,0,0,0,0,0,0,0,0,0,0,0,0,0,0,0,0,0,0,7,7,8,2,1,2,2,3,0,0,2,1,2,1,0,2,0,0,1,1,0,0,0,1,2,1
map,chimbote,Chimbote,kaicardenas0618,kaicardenas0618,https://github.com/kaicardenas0618,kaicardenas0618/subway-builder-peru,subway-builder-peru,45,0,0,0,0,0,0,0,0,0,0,0,0,0,0,0,0,0,0,0,0,0,0,0,0,0,0,0,0,0,0,0,0,0,0,0,0,0,0,0,0,0,0,0,0,0,0,0,0,0,0,0,0,0,0,0,0,0,0,0,0,0,0,0,0,0,0,0,0,0,0,0,0,0,0,0,0,0,0,0,0,0,0,0,1,3,1,0,1,0,0,1,0,1,0,3,0,0,0,0,0,0,0,0,0,5,0,0,0,0,1,0,1,0,0,0,0,0,0,0,0,0,0,0,0,1,0,0,0,0,0,0,0,0,0,0,0,0,3,1,1,1,1,1,1,1,1,1,1,1,1,1,1,1,1,1,1,1,1,1,1,1,0,0,0,0,0,0,0,0,0,0,0,0,0,0,0,0,0,0
map,iquitos,Iquitos,kaicardenas0618,kaicardenas0618,https://github.com/kaicardenas0618,kaicardenas0618/subway-builder-peru,subway-builder-peru,45,0,0,0,0,0,0,0,0,0,0,0,0,0,0,0,0,0,0,0,0,0,0,0,0,0,0,0,0,0,0,0,0,0,0,0,0,0,0,0,0,0,0,0,0,0,0,0,0,0,0,0,0,0,0,0,0,0,0,0,0,0,0,0,0,0,0,0,0,0,0,0,0,0,0,0,0,0,0,0,0,0,0,0,2,3,2,0,0,1,1,0,0,1,0,1,0,0,1,0,0,0,0,0,0,3,0,0,1,0,0,0,1,0,0,0,0,0,0,0,0,0,0,0,0,1,0,0,0,0,0,0,0,0,0,0,0,1,3,1,1,1,1,1,1,1,1,1,1,1,1,1,1,1,1,1,1,1,1,1,1,1,0,0,0,0,0,0,0,0,0,0,0,0,0,0,0,0,0,0
map,arc-mediterraneen,L'Arc Méditerranéen,pierreggt,pierreggt,https://github.com/pierreggt,pierreggt/subwaybuilder-maps-france,subwaybuilder-maps-france,44,0,0,0,0,0,0,0,0,0,0,0,0,0,0,0,0,0,0,0,0,0,0,0,0,0,0,0,0,0,0,0,0,0,0,0,0,0,0,0,0,0,0,0,0,0,0,0,0,0,0,0,0,0,0,0,0,0,0,0,0,0,0,0,0,0,0,0,0,0,0,0,0,0,0,0,0,0,0,0,0,0,0,0,0,0,0,0,0,0,0,0,0,0,0,0,0,0,0,0,0,0,0,0,0,0,0,0,0,0,0,0,0,0,0,0,0,0,0,0,0,0,0,0,0,0,0,0,0,0,0,0,0,0,0,0,0,0,0,0,0,0,0,0,0,0,0,0,0,0,0,0,0,0,0,0,0,0,0,0,0,0,0,0,0,0,3,12,8,4,1,6,1,1,0,1,2,1,2,2
map,stuttgart,Stuttgart,pierreggt,pierreggt,https://github.com/pierreggt,pierreggt/subwaybuilder-maps-deutschland,subwaybuilder-maps-deutschland,44,0,0,0,0,0,0,0,0,0,0,0,0,0,0,0,0,0,0,0,0,0,0,0,0,0,0,0,0,0,0,0,0,0,0,0,0,0,0,0,0,0,0,0,0,0,0,0,0,0,0,0,0,0,0,0,0,0,0,0,0,0,0,0,0,0,0,0,0,0,0,0,0,0,0,0,0,0,0,0,0,0,0,0,0,0,0,0,0,0,0,0,0,0,0,0,0,0,0,0,0,0,0,0,0,0,0,0,0,0,0,0,0,0,0,0,0,0,0,0,0,0,0,0,0,0,0,0,0,0,0,0,0,0,0,0,0,0,0,0,0,0,0,0,0,0,0,0,0,0,0,0,0,0,0,0,0,0,0,0,0,0,0,0,0,0,0,0,0,0,0,0,0,0,0,15,14,9,6,0
map,huancayo-jauja,Huancayo/Jauja,kaicardenas0618,kaicardenas0618,https://github.com/kaicardenas0618,kaicardenas0618/subway-builder-peru,subway-builder-peru,43,0,0,0,0,0,0,0,0,0,0,0,0,0,0,0,0,0,0,0,0,0,0,0,0,0,0,0,0,0,0,0,0,0,0,0,0,0,0,0,0,0,0,0,0,0,0,0,0,0,0,0,0,0,0,0,0,0,0,0,0,0,0,0,0,0,0,0,0,0,0,0,0,0,0,0,0,0,0,0,0,0,0,0,3,2,3,0,0,1,0,1,1,2,0,1,0,0,0,0,0,0,0,0,0,0,0,0,0,0,0,0,0,0,0,1,0,0,0,0,0,0,0,0,0,1,1,0,0,0,0,0,0,0,0,0,0,0,3,1,1,1,1,1,1,1,1,1,1,1,1,1,1,1,1,1,1,1,1,1,1,1,0,0,0,0,0,0,0,0,0,0,0,0,0,0,0,0,0,0
map,alexandria,Alexandria,pierreggt,pierreggt,https://github.com/pierreggt,pierreggt/subwaybuilder-maps,subwaybuilder-maps,41,0,0,0,0,0,0,0,0,0,0,0,0,0,0,0,0,0,0,0,0,0,0,0,0,0,0,0,0,0,0,0,0,0,0,0,0,0,0,0,0,0,0,0,0,0,0,0,0,0,0,0,0,0,0,0,0,0,0,0,0,0,0,0,0,0,0,0,0,0,0,0,0,0,0,0,0,0,0,0,0,0,0,0,0,0,0,0,0,0,0,0,0,0,0,0,0,0,0,0,0,0,0,0,0,0,0,0,0,0,0,0,0,0,0,0,0,0,0,0,0,0,0,0,0,0,0,0,0,0,0,0,0,0,0,0,0,0,0,0,0,0,0,0,0,0,0,0,0,0,0,0,0,0,0,0,0,0,0,0,0,0,0,0,12,2,10,3,4,2,1,0,0,1,1,0,0,2,3,0
map,reunion,La Réunion,pierreggt,pierreggt,https://github.com/pierreggt,pierreggt/subwaybuilder-maps-france,subwaybuilder-maps-france,41,0,0,0,0,0,0,0,0,0,0,0,0,0,0,0,0,0,0,0,0,0,0,0,0,0,0,0,0,0,0,0,0,0,0,0,0,0,0,0,0,0,0,0,0,0,0,0,0,0,0,0,0,0,0,0,0,0,0,0,0,0,0,0,0,0,0,0,0,0,0,0,0,0,0,0,0,0,0,0,0,0,0,0,0,0,0,0,0,0,0,0,0,0,0,0,0,0,0,0,0,0,0,0,0,0,0,0,0,0,0,0,0,0,0,0,0,0,0,0,0,0,0,0,0,0,0,0,0,0,0,0,0,0,0,0,0,0,0,0,0,0,0,0,0,0,0,0,0,0,0,0,0,0,0,0,0,0,0,0,0,0,0,0,12,9,3,5,3,1,2,2,0,0,1,0,0,2,1,0
map,beirut,Beirut,pierreggt,pierreggt,https://github.com/pierreggt,pierreggt/subwaybuilder-maps,subwaybuilder-maps,40,0,0,0,0,0,0,0,0,0,0,0,0,0,0,0,0,0,0,0,0,0,0,0,0,0,0,0,0,0,0,0,0,0,0,0,0,0,0,0,0,0,0,0,0,0,0,0,0,0,0,0,0,0,0,0,0,0,0,0,0,0,0,0,0,0,0,0,0,0,0,0,0,0,0,0,0,0,0,0,0,0,0,0,0,0,0,0,0,0,0,0,0,0,0,0,0,0,0,0,0,0,0,0,0,0,0,0,0,0,0,0,0,0,0,0,0,0,0,0,0,0,0,0,0,0,0,0,0,0,0,0,0,0,0,0,0,0,0,0,0,0,0,0,0,0,0,0,0,0,0,0,0,0,0,0,0,0,0,0,0,0,0,0,13,3,2,2,3,2,1,3,0,2,1,4,0,1,3,0
map,pays-basque,Euskal Herria,pierreggt,pierreggt,https://github.com/pierreggt,pierreggt/subwaybuilder-maps-france,subwaybuilder-maps-france,40,0,0,0,0,0,0,0,0,0,0,0,0,0,0,0,0,0,0,0,0,0,0,0,0,0,0,0,0,0,0,0,0,0,0,0,0,0,0,0,0,0,0,0,0,0,0,0,0,0,0,0,0,0,0,0,0,0,0,0,0,0,0,0,0,0,0,0,0,0,0,0,0,0,0,0,0,0,0,0,0,0,0,0,0,0,0,0,0,0,0,0,0,0,0,0,0,0,0,0,0,0,0,0,0,0,0,0,0,0,0,0,0,0,0,0,0,0,0,0,0,0,0,0,0,0,0,0,0,0,0,0,0,0,0,0,0,0,0,0,0,0,0,0,0,0,0,0,0,0,0,0,0,0,0,0,0,0,0,0,0,0,0,0,0,0,3,9,7,2,3,2,2,2,0,4,2,2,2,0
map,corse,Corse,pierreggt,pierreggt,https://github.com/pierreggt,pierreggt/subwaybuilder-maps-france,subwaybuilder-maps-france,39,0,0,0,0,0,0,0,0,0,0,0,0,0,0,0,0,0,0,0,0,0,0,0,0,0,0,0,0,0,0,0,0,0,0,0,0,0,0,0,0,0,0,0,0,0,0,0,0,0,0,0,0,0,0,0,0,0,0,0,0,0,0,0,0,0,0,0,0,0,0,0,0,0,0,0,0,0,0,0,0,0,0,0,0,0,0,0,0,0,0,0,0,0,0,0,0,0,0,0,0,0,0,0,0,0,0,0,0,0,0,0,0,0,0,0,0,0,0,0,0,0,0,0,0,0,0,0,0,0,0,0,0,0,0,0,0,0,0,0,0,0,0,0,0,0,0,0,0,0,0,0,0,0,0,0,0,0,0,0,0,0,0,0,0,0,3,8,9,1,4,3,1,1,1,0,1,2,5,0
map,jeddah-mecca,Jeddah & Mecca,pierreggt,pierreggt,https://github.com/pierreggt,pierreggt/subwaybuilder-maps,subwaybuilder-maps,37,0,0,0,0,0,0,0,0,0,0,0,0,0,0,0,0,0,0,0,0,0,0,0,0,0,0,0,0,0,0,0,0,0,0,0,0,0,0,0,0,0,0,0,0,0,0,0,0,0,0,0,0,0,0,0,0,0,0,0,0,0,0,0,0,0,0,0,0,0,0,0,0,0,0,0,0,0,0,0,0,0,0,0,0,0,0,0,0,0,0,0,0,0,0,0,0,0,0,0,0,0,0,0,0,0,0,0,0,0,0,0,0,0,0,0,0,0,0,0,0,0,0,0,0,0,0,0,0,0,0,0,0,0,0,0,0,0,0,0,0,0,0,0,0,0,0,0,0,0,0,0,0,0,0,0,0,0,0,0,0,0,0,0,12,6,1,5,2,2,2,2,0,1,1,1,0,0,2,0
map,nuernberg,Nürnberg,pierreggt,pierreggt,https://github.com/pierreggt,pierreggt/subwaybuilder-maps-deutschland,subwaybuilder-maps-deutschland,37,0,0,0,0,0,0,0,0,0,0,0,0,0,0,0,0,0,0,0,0,0,0,0,0,0,0,0,0,0,0,0,0,0,0,0,0,0,0,0,0,0,0,0,0,0,0,0,0,0,0,0,0,0,0,0,0,0,0,0,0,0,0,0,0,0,0,0,0,0,0,0,0,0,0,0,0,0,0,0,0,0,0,0,0,0,0,0,0,0,0,0,0,0,0,0,0,0,0,0,0,0,0,0,0,0,0,0,0,0,0,0,0,0,0,0,0,0,0,0,0,0,0,0,0,0,0,0,0,0,0,0,0,0,0,0,0,0,0,0,0,0,0,0,0,0,0,0,0,0,0,0,0,0,0,0,0,0,0,0,0,0,0,0,0,0,0,0,0,0,0,0,0,0,0,14,12,7,4,0
map,dresden,Dresden,pierreggt,pierreggt,https://github.com/pierreggt,pierreggt/subwaybuilder-maps-deutschland,subwaybuilder-maps-deutschland,36,0,0,0,0,0,0,0,0,0,0,0,0,0,0,0,0,0,0,0,0,0,0,0,0,0,0,0,0,0,0,0,0,0,0,0,0,0,0,0,0,0,0,0,0,0,0,0,0,0,0,0,0,0,0,0,0,0,0,0,0,0,0,0,0,0,0,0,0,0,0,0,0,0,0,0,0,0,0,0,0,0,0,0,0,0,0,0,0,0,0,0,0,0,0,0,0,0,0,0,0,0,0,0,0,0,0,0,0,0,0,0,0,0,0,0,0,0,0,0,0,0,0,0,0,0,0,0,0,0,0,0,0,0,0,0,0,0,0,0,0,0,0,0,0,0,0,0,0,0,0,0,0,0,0,0,0,0,0,0,0,0,0,0,0,0,0,0,0,0,0,0,0,0,0,15,11,7,3,0
map,yukina-sk-kosice-presov,Košice - Prešov,ahkimn,Yukina-,https://subwaybuildermodded.com/credits,ahkimn/subwaybuilder-eu-maps,subwaybuilder-eu-maps,36,0,0,0,0,0,0,0,0,0,0,0,0,0,0,0,0,0,0,0,0,0,0,0,0,0,0,0,0,0,0,0,0,0,0,0,0,0,0,0,0,0,0,0,0,0,0,0,0,0,0,0,0,0,0,0,0,0,0,0,0,0,0,0,0,0,0,0,0,0,0,0,0,0,0,0,0,0,0,0,0,0,0,0,0,0,0,0,0,0,0,0,0,0,0,0,0,0,0,0,0,0,0,0,0,0,0,0,0,0,0,0,0,0,0,0,0,0,0,0,0,0,0,0,0,0,0,0,0,0,0,0,0,0,0,0,0,0,0,0,0,0,0,0,0,0,0,0,0,0,0,0,0,0,0,0,0,0,0,0,0,0,0,0,0,0,0,0,6,9,5,5,3,3,2,1,1,1,0,0
map,aachen,Aachen,pierreggt,pierreggt,https://github.com/pierreggt,pierreggt/subwaybuilder-maps-deutschland,subwaybuilder-maps-deutschland,34,0,0,0,0,0,0,0,0,0,0,0,0,0,0,0,0,0,0,0,0,0,0,0,0,0,0,0,0,0,0,0,0,0,0,0,0,0,0,0,0,0,0,0,0,0,0,0,0,0,0,0,0,0,0,0,0,0,0,0,0,0,0,0,0,0,0,0,0,0,0,0,0,0,0,0,0,0,0,0,0,0,0,0,0,0,0,0,0,0,0,0,0,0,0,0,0,0,0,0,0,0,0,0,0,0,0,0,0,0,0,0,0,0,0,0,0,0,0,0,0,0,0,0,0,0,0,0,0,0,0,0,0,0,0,0,0,0,0,0,0,0,0,0,0,0,0,0,0,0,0,0,0,0,0,0,0,0,0,0,0,0,0,0,0,0,0,0,0,0,0,0,0,0,0,10,8,11,5,0
map,augsburg,Augsburg,pierreggt,pierreggt,https://github.com/pierreggt,pierreggt/subwaybuilder-maps-deutschland,subwaybuilder-maps-deutschland,34,0,0,0,0,0,0,0,0,0,0,0,0,0,0,0,0,0,0,0,0,0,0,0,0,0,0,0,0,0,0,0,0,0,0,0,0,0,0,0,0,0,0,0,0,0,0,0,0,0,0,0,0,0,0,0,0,0,0,0,0,0,0,0,0,0,0,0,0,0,0,0,0,0,0,0,0,0,0,0,0,0,0,0,0,0,0,0,0,0,0,0,0,0,0,0,0,0,0,0,0,0,0,0,0,0,0,0,0,0,0,0,0,0,0,0,0,0,0,0,0,0,0,0,0,0,0,0,0,0,0,0,0,0,0,0,0,0,0,0,0,0,0,0,0,0,0,0,0,0,0,0,0,0,0,0,0,0,0,0,0,0,0,0,0,0,0,0,0,0,0,0,0,0,0,10,11,8,5,0
map,bremen,Bremen,pierreggt,pierreggt,https://github.com/pierreggt,pierreggt/subwaybuilder-maps-deutschland,subwaybuilder-maps-deutschland,33,0,0,0,0,0,0,0,0,0,0,0,0,0,0,0,0,0,0,0,0,0,0,0,0,0,0,0,0,0,0,0,0,0,0,0,0,0,0,0,0,0,0,0,0,0,0,0,0,0,0,0,0,0,0,0,0,0,0,0,0,0,0,0,0,0,0,0,0,0,0,0,0,0,0,0,0,0,0,0,0,0,0,0,0,0,0,0,0,0,0,0,0,0,0,0,0,0,0,0,0,0,0,0,0,0,0,0,0,0,0,0,0,0,0,0,0,0,0,0,0,0,0,0,0,0,0,0,0,0,0,0,0,0,0,0,0,0,0,0,0,0,0,0,0,0,0,0,0,0,0,0,0,0,0,0,0,0,0,0,0,0,0,0,0,0,0,0,0,0,0,0,0,0,0,14,10,4,5,0
map,hannover-braunschweig,Hannover-Braunschweig,pierreggt,pierreggt,https://github.com/pierreggt,pierreggt/subwaybuilder-maps-deutschland,subwaybuilder-maps-deutschland,33,0,0,0,0,0,0,0,0,0,0,0,0,0,0,0,0,0,0,0,0,0,0,0,0,0,0,0,0,0,0,0,0,0,0,0,0,0,0,0,0,0,0,0,0,0,0,0,0,0,0,0,0,0,0,0,0,0,0,0,0,0,0,0,0,0,0,0,0,0,0,0,0,0,0,0,0,0,0,0,0,0,0,0,0,0,0,0,0,0,0,0,0,0,0,0,0,0,0,0,0,0,0,0,0,0,0,0,0,0,0,0,0,0,0,0,0,0,0,0,0,0,0,0,0,0,0,0,0,0,0,0,0,0,0,0,0,0,0,0,0,0,0,0,0,0,0,0,0,0,0,0,0,0,0,0,0,0,0,0,0,0,0,0,0,0,0,0,0,0,0,0,0,0,0,13,11,5,4,0
mod,imb11-subwaycine,SubwayCine,IMB11,IMB11,https://github.com/IMB11,imb11/subwaycine,SubwayCine,33,0,0,0,0,0,0,0,0,0,0,0,0,0,0,0,0,0,0,0,0,0,0,0,0,0,0,0,0,0,0,0,0,0,0,0,0,0,0,0,0,0,0,0,0,0,0,0,0,0,0,0,0,0,0,0,0,0,0,0,0,0,0,0,0,0,0,0,0,0,0,0,0,0,0,0,0,0,0,0,0,0,0,0,0,0,0,0,0,0,0,0,0,0,0,0,0,0,0,0,0,0,0,0,0,0,0,0,0,0,0,0,0,0,0,0,0,0,0,0,0,0,0,0,0,0,0,0,0,0,0,5,8,3,1,1,4,2,0,0,1,1,0,1,2,1,1,0,0,2,0,0,0,0,0,0,0,0,0,0,0,0,0,0,0,0,0,0,0,0,0,0,0,0,0,0,0,0,0,0
map,bielefeld,Bielefeld,pierreggt,pierreggt,https://github.com/pierreggt,pierreggt/subwaybuilder-maps-deutschland,subwaybuilder-maps-deutschland,32,0,0,0,0,0,0,0,0,0,0,0,0,0,0,0,0,0,0,0,0,0,0,0,0,0,0,0,0,0,0,0,0,0,0,0,0,0,0,0,0,0,0,0,0,0,0,0,0,0,0,0,0,0,0,0,0,0,0,0,0,0,0,0,0,0,0,0,0,0,0,0,0,0,0,0,0,0,0,0,0,0,0,0,0,0,0,0,0,0,0,0,0,0,0,0,0,0,0,0,0,0,0,0,0,0,0,0,0,0,0,0,0,0,0,0,0,0,0,0,0,0,0,0,0,0,0,0,0,0,0,0,0,0,0,0,0,0,0,0,0,0,0,0,0,0,0,0,0,0,0,0,0,0,0,0,0,0,0,0,0,0,0,0,0,0,0,0,0,0,0,0,0,0,0,12,10,5,5,0
map,yukina-sk-banska-bystrica,Banská Bystrica,ahkimn,Yukina-,https://subwaybuildermodded.com/credits,ahkimn/subwaybuilder-eu-maps,subwaybuilder-eu-maps,32,0,0,0,0,0,0,0,0,0,0,0,0,0,0,0,0,0,0,0,0,0,0,0,0,0,0,0,0,0,0,0,0,0,0,0,0,0,0,0,0,0,0,0,0,0,0,0,0,0,0,0,0,0,0,0,0,0,0,0,0,0,0,0,0,0,0,0,0,0,0,0,0,0,0,0,0,0,0,0,0,0,0,0,0,0,0,0,0,0,0,0,0,0,0,0,0,0,0,0,0,0,0,0,0,0,0,0,0,0,0,0,0,0,0,0,0,0,0,0,0,0,0,0,0,0,0,0,0,0,0,0,0,0,0,0,0,0,0,0,0,0,0,0,0,0,0,0,0,0,0,0,0,0,0,0,0,0,0,0,0,0,0,0,0,0,0,0,5,10,3,4,2,6,1,0,0,0,1,0
map,doha,Doha,pierreggt,pierreggt,https://github.com/pierreggt,pierreggt/subwaybuilder-maps,subwaybuilder-maps,31,0,0,0,0,0,0,0,0,0,0,0,0,0,0,0,0,0,0,0,0,0,0,0,0,0,0,0,0,0,0,0,0,0,0,0,0,0,0,0,0,0,0,0,0,0,0,0,0,0,0,0,0,0,0,0,0,0,0,0,0,0,0,0,0,0,0,0,0,0,0,0,0,0,0,0,0,0,0,0,0,0,0,0,0,0,0,0,0,0,0,0,0,0,0,0,0,0,0,0,0,0,0,0,0,0,0,0,0,0,0,0,0,0,0,0,0,0,0,0,0,0,0,0,0,0,0,0,0,0,0,0,0,0,0,0,0,0,0,0,0,0,0,0,0,0,0,0,0,0,0,0,0,0,0,0,0,0,0,0,0,0,0,0,0,0,0,0,0,0,0,0,0,9,5,5,3,0,7,2
map,kiel,Kiel,pierreggt,pierreggt,https://github.com/pierreggt,pierreggt/subwaybuilder-maps-deutschland,subwaybuilder-maps-deutschland,31,0,0,0,0,0,0,0,0,0,0,0,0,0,0,0,0,0,0,0,0,0,0,0,0,0,0,0,0,0,0,0,0,0,0,0,0,0,0,0,0,0,0,0,0,0,0,0,0,0,0,0,0,0,0,0,0,0,0,0,0,0,0,0,0,0,0,0,0,0,0,0,0,0,0,0,0,0,0,0,0,0,0,0,0,0,0,0,0,0,0,0,0,0,0,0,0,0,0,0,0,0,0,0,0,0,0,0,0,0,0,0,0,0,0,0,0,0,0,0,0,0,0,0,0,0,0,0,0,0,0,0,0,0,0,0,0,0,0,0,0,0,0,0,0,0,0,0,0,0,0,0,0,0,0,0,0,0,0,0,0,0,0,0,0,0,0,0,0,0,0,0,0,0,0,11,7,5,6,2
map,muscat,Muscat,pierreggt,pierreggt,https://github.com/pierreggt,pierreggt/subwaybuilder-maps,subwaybuilder-maps,30,0,0,0,0,0,0,0,0,0,0,0,0,0,0,0,0,0,0,0,0,0,0,0,0,0,0,0,0,0,0,0,0,0,0,0,0,0,0,0,0,0,0,0,0,0,0,0,0,0,0,0,0,0,0,0,0,0,0,0,0,0,0,0,0,0,0,0,0,0,0,0,0,0,0,0,0,0,0,0,0,0,0,0,0,0,0,0,0,0,0,0,0,0,0,0,0,0,0,0,0,0,0,0,0,0,0,0,0,0,0,0,0,0,0,0,0,0,0,0,0,0,0,0,0,0,0,0,0,0,0,0,0,0,0,0,0,0,0,0,0,0,0,0,0,0,0,0,0,0,0,0,0,0,0,0,0,0,0,0,0,0,0,0,8,1,2,2,3,3,1,2,0,1,1,1,1,0,4,0
map,erfurt,Erfurt,pierreggt,pierreggt,https://github.com/pierreggt,pierreggt/subwaybuilder-maps-deutschland,subwaybuilder-maps-deutschland,29,0,0,0,0,0,0,0,0,0,0,0,0,0,0,0,0,0,0,0,0,0,0,0,0,0,0,0,0,0,0,0,0,0,0,0,0,0,0,0,0,0,0,0,0,0,0,0,0,0,0,0,0,0,0,0,0,0,0,0,0,0,0,0,0,0,0,0,0,0,0,0,0,0,0,0,0,0,0,0,0,0,0,0,0,0,0,0,0,0,0,0,0,0,0,0,0,0,0,0,0,0,0,0,0,0,0,0,0,0,0,0,0,0,0,0,0,0,0,0,0,0,0,0,0,0,0,0,0,0,0,0,0,0,0,0,0,0,0,0,0,0,0,0,0,0,0,0,0,0,0,0,0,0,0,0,0,0,0,0,0,0,0,0,0,0,0,0,0,0,0,0,0,0,0,11,6,6,5,1
map,ipoh,Ipoh,nzh0172,naz,https://github.com/nzh0172,nzh0172/sb-malaysia-map-pack-2,sb-malaysia-map-pack-2,27,0,0,0,0,0,0,0,0,0,0,0,0,0,0,0,0,0,0,0,0,0,0,0,0,0,0,0,0,0,0,0,0,6,3,0,1,0,1,0,1,0,0,0,0,0,1,0,1,0,0,0,0,0,0,0,2,0,0,0,0,0,0,0,0,0,2,0,0,0,0,0,0,0,0,0,1,0,0,0,0,0,0,0,0,0,0,0,0,0,0,0,0,0,0,2,0,0,0,0,0,0,0,0,0,0,1,0,0,0,0,1,0,0,0,0,0,0,0,0,0,0,0,0,0,0,0,0,0,0,0,0,0,0,0,0,0,0,2,0,0,0,0,0,0,0,0,0,0,0,0,0,0,0,0,0,0,0,0,0,0,0,0,0,0,0,0,0,0,0,0,0,0,1,1,0,0,0,0,0
map,kuwait-city,Kuwait City,pierreggt,pierreggt,https://github.com/pierreggt,pierreggt/subwaybuilder-maps,subwaybuilder-maps,27,0,0,0,0,0,0,0,0,0,0,0,0,0,0,0,0,0,0,0,0,0,0,0,0,0,0,0,0,0,0,0,0,0,0,0,0,0,0,0,0,0,0,0,0,0,0,0,0,0,0,0,0,0,0,0,0,0,0,0,0,0,0,0,0,0,0,0,0,0,0,0,0,0,0,0,0,0,0,0,0,0,0,0,0,0,0,0,0,0,0,0,0,0,0,0,0,0,0,0,0,0,0,0,0,0,0,0,0,0,0,0,0,0,0,0,0,0,0,0,0,0,0,0,0,0,0,0,0,0,0,0,0,0,0,0,0,0,0,0,0,0,0,0,0,0,0,0,0,0,0,0,0,0,0,0,0,0,0,0,0,0,0,0,10,3,1,1,2,1,1,1,1,1,1,2,0,0,2,0
map,magdeburg,Magdeburg,pierreggt,pierreggt,https://github.com/pierreggt,pierreggt/subwaybuilder-maps-deutschland,subwaybuilder-maps-deutschland,25,0,0,0,0,0,0,0,0,0,0,0,0,0,0,0,0,0,0,0,0,0,0,0,0,0,0,0,0,0,0,0,0,0,0,0,0,0,0,0,0,0,0,0,0,0,0,0,0,0,0,0,0,0,0,0,0,0,0,0,0,0,0,0,0,0,0,0,0,0,0,0,0,0,0,0,0,0,0,0,0,0,0,0,0,0,0,0,0,0,0,0,0,0,0,0,0,0,0,0,0,0,0,0,0,0,0,0,0,0,0,0,0,0,0,0,0,0,0,0,0,0,0,0,0,0,0,0,0,0,0,0,0,0,0,0,0,0,0,0,0,0,0,0,0,0,0,0,0,0,0,0,0,0,0,0,0,0,0,0,0,0,0,0,0,0,0,0,0,0,0,0,0,0,0,10,7,4,3,1
map,yukina-sk-nitra,Nitra,ahkimn,Yukina-,https://subwaybuildermodded.com/credits,ahkimn/subwaybuilder-eu-maps,subwaybuilder-eu-maps,25,0,0,0,0,0,0,0,0,0,0,0,0,0,0,0,0,0,0,0,0,0,0,0,0,0,0,0,0,0,0,0,0,0,0,0,0,0,0,0,0,0,0,0,0,0,0,0,0,0,0,0,0,0,0,0,0,0,0,0,0,0,0,0,0,0,0,0,0,0,0,0,0,0,0,0,0,0,0,0,0,0,0,0,0,0,0,0,0,0,0,0,0,0,0,0,0,0,0,0,0,0,0,0,0,0,0,0,0,0,0,0,0,0,0,0,0,0,0,0,0,0,0,0,0,0,0,0,0,0,0,0,0,0,0,0,0,0,0,0,0,0,0,0,0,0,0,0,0,0,0,0,0,0,0,0,0,0,0,0,0,0,0,0,0,0,0,0,4,8,2,6,1,2,0,0,2,0,0,0
map,freiburg,Freiburg im Breisgau,pierreggt,pierreggt,https://github.com/pierreggt,pierreggt/subwaybuilder-maps-deutschland,subwaybuilder-maps-deutschland,24,0,0,0,0,0,0,0,0,0,0,0,0,0,0,0,0,0,0,0,0,0,0,0,0,0,0,0,0,0,0,0,0,0,0,0,0,0,0,0,0,0,0,0,0,0,0,0,0,0,0,0,0,0,0,0,0,0,0,0,0,0,0,0,0,0,0,0,0,0,0,0,0,0,0,0,0,0,0,0,0,0,0,0,0,0,0,0,0,0,0,0,0,0,0,0,0,0,0,0,0,0,0,0,0,0,0,0,0,0,0,0,0,0,0,0,0,0,0,0,0,0,0,0,0,0,0,0,0,0,0,0,0,0,0,0,0,0,0,0,0,0,0,0,0,0,0,0,0,0,0,0,0,0,0,0,0,0,0,0,0,0,0,0,0,0,0,0,0,0,0,0,0,0,0,10,7,3,3,1
map,martinique,Martinique,pierreggt,pierreggt,https://github.com/pierreggt,pierreggt/subwaybuilder-maps-france,subwaybuilder-maps-france,24,0,0,0,0,0,0,0,0,0,0,0,0,0,0,0,0,0,0,0,0,0,0,0,0,0,0,0,0,0,0,0,0,0,0,0,0,0,0,0,0,0,0,0,0,0,0,0,0,0,0,0,0,0,0,0,0,0,0,0,0,0,0,0,0,0,0,0,0,0,0,0,0,0,0,0,0,0,0,0,0,0,0,0,0,0,0,0,0,0,0,0,0,0,0,0,0,0,0,0,0,0,0,0,0,0,0,0,0,0,0,0,0,0,0,0,0,0,0,0,0,0,0,0,0,0,0,0,0,0,0,0,0,0,0,0,0,0,0,0,0,0,0,0,0,0,0,0,0,0,0,0,0,0,0,0,0,0,0,0,0,0,0,0,0,0,2,4,5,4,1,1,0,1,1,0,0,1,2,2
map,metz-nancy,Metz - Nancy,pierreggt,pierreggt,https://github.com/pierreggt,pierreggt/subwaybuilder-maps-france,subwaybuilder-maps-france,24,0,0,0,0,0,0,0,0,0,0,0,0,0,0,0,0,0,0,0,0,0,0,0,0,0,0,0,0,0,0,0,0,0,0,0,0,0,0,0,0,0,0,0,0,0,0,0,0,0,0,0,0,0,0,0,0,0,0,0,0,0,0,0,0,0,0,0,0,0,0,0,0,0,0,0,0,0,0,0,0,0,0,0,0,0,0,0,0,0,0,0,0,0,0,0,0,0,0,0,0,0,0,0,0,0,0,0,0,0,0,0,0,0,0,0,0,0,0,0,0,0,0,0,0,0,0,0,0,0,0,0,0,0,0,0,0,0,0,0,0,0,0,0,0,0,0,0,0,0,0,0,0,0,0,0,0,0,0,0,0,0,0,0,0,0,3,7,5,3,1,2,0,0,0,0,0,2,1,0
map,yukina-sk-poprad-spisska-nova-ves,Poprad - Spišská Nová Ves,ahkimn,Yukina-,https://subwaybuildermodded.com/credits,ahkimn/subwaybuilder-eu-maps,subwaybuilder-eu-maps,24,0,0,0,0,0,0,0,0,0,0,0,0,0,0,0,0,0,0,0,0,0,0,0,0,0,0,0,0,0,0,0,0,0,0,0,0,0,0,0,0,0,0,0,0,0,0,0,0,0,0,0,0,0,0,0,0,0,0,0,0,0,0,0,0,0,0,0,0,0,0,0,0,0,0,0,0,0,0,0,0,0,0,0,0,0,0,0,0,0,0,0,0,0,0,0,0,0,0,0,0,0,0,0,0,0,0,0,0,0,0,0,0,0,0,0,0,0,0,0,0,0,0,0,0,0,0,0,0,0,0,0,0,0,0,0,0,0,0,0,0,0,0,0,0,0,0,0,0,0,0,0,0,0,0,0,0,0,0,0,0,0,0,0,0,0,0,0,4,6,2,4,1,4,1,0,1,0,1,0
map,angers,Angers,pierreggt,pierreggt,https://github.com/pierreggt,pierreggt/subwaybuilder-maps-france,subwaybuilder-maps-france,23,0,0,0,0,0,0,0,0,0,0,0,0,0,0,0,0,0,0,0,0,0,0,0,0,0,0,0,0,0,0,0,0,0,0,0,0,0,0,0,0,0,0,0,0,0,0,0,0,0,0,0,0,0,0,0,0,0,0,0,0,0,0,0,0,0,0,0,0,0,0,0,0,0,0,0,0,0,0,0,0,0,0,0,0,0,0,0,0,0,0,0,0,0,0,0,0,0,0,0,0,0,0,0,0,0,0,0,0,0,0,0,0,0,0,0,0,0,0,0,0,0,0,0,0,0,0,0,0,0,0,0,0,0,0,0,0,0,0,0,0,0,0,0,0,0,0,0,0,0,0,0,0,0,0,0,0,0,0,0,0,0,0,0,0,0,3,7,3,1,6,0,0,0,0,1,0,2,0,0
map,brest,Brest,pierreggt,pierreggt,https://github.com/pierreggt,pierreggt/subwaybuilder-maps-france,subwaybuilder-maps-france,23,0,0,0,0,0,0,0,0,0,0,0,0,0,0,0,0,0,0,0,0,0,0,0,0,0,0,0,0,0,0,0,0,0,0,0,0,0,0,0,0,0,0,0,0,0,0,0,0,0,0,0,0,0,0,0,0,0,0,0,0,0,0,0,0,0,0,0,0,0,0,0,0,0,0,0,0,0,0,0,0,0,0,0,0,0,0,0,0,0,0,0,0,0,0,0,0,0,0,0,0,0,0,0,0,0,0,0,0,0,0,0,0,0,0,0,0,0,0,0,0,0,0,0,0,0,0,0,0,0,0,0,0,0,0,0,0,0,0,0,0,0,0,0,0,0,0,0,0,0,0,0,0,0,0,0,0,0,0,0,0,0,0,0,0,0,2,7,3,2,0,1,1,0,3,1,0,2,0,1
map,chemnitz,Chemnitz,pierreggt,pierreggt,https://github.com/pierreggt,pierreggt/subwaybuilder-maps-deutschland,subwaybuilder-maps-deutschland,23,0,0,0,0,0,0,0,0,0,0,0,0,0,0,0,0,0,0,0,0,0,0,0,0,0,0,0,0,0,0,0,0,0,0,0,0,0,0,0,0,0,0,0,0,0,0,0,0,0,0,0,0,0,0,0,0,0,0,0,0,0,0,0,0,0,0,0,0,0,0,0,0,0,0,0,0,0,0,0,0,0,0,0,0,0,0,0,0,0,0,0,0,0,0,0,0,0,0,0,0,0,0,0,0,0,0,0,0,0,0,0,0,0,0,0,0,0,0,0,0,0,0,0,0,0,0,0,0,0,0,0,0,0,0,0,0,0,0,0,0,0,0,0,0,0,0,0,0,0,0,0,0,0,0,0,0,0,0,0,0,0,0,0,0,0,0,0,0,0,0,0,0,0,0,10,6,4,3,0
map,guadeloupe,Guadeloupe,pierreggt,pierreggt,https://github.com/pierreggt,pierreggt/subwaybuilder-maps-france,subwaybuilder-maps-france,23,0,0,0,0,0,0,0,0,0,0,0,0,0,0,0,0,0,0,0,0,0,0,0,0,0,0,0,0,0,0,0,0,0,0,0,0,0,0,0,0,0,0,0,0,0,0,0,0,0,0,0,0,0,0,0,0,0,0,0,0,0,0,0,0,0,0,0,0,0,0,0,0,0,0,0,0,0,0,0,0,0,0,0,0,0,0,0,0,0,0,0,0,0,0,0,0,0,0,0,0,0,0,0,0,0,0,0,0,0,0,0,0,0,0,0,0,0,0,0,0,0,0,0,0,0,0,0,0,0,0,0,0,0,0,0,0,0,0,0,0,0,0,0,0,0,0,0,0,0,0,0,0,0,0,0,0,0,0,0,0,0,0,0,0,0,2,4,5,4,1,3,0,0,1,0,0,1,1,1
mod,prospector-ghebeek,Prospector,matematysek,matematysek,https://github.com/matematysek,matematysek/prospector,Prospector,23,0,0,0,0,0,0,0,0,0,0,0,0,0,0,0,0,0,0,0,0,0,0,0,0,0,0,0,0,0,0,0,0,0,0,0,0,0,0,0,0,0,0,0,0,0,0,0,0,0,0,0,0,0,0,0,0,0,0,0,0,0,0,0,0,0,0,0,0,0,0,0,0,0,0,0,0,0,0,0,0,0,0,0,0,0,0,0,0,0,0,0,0,0,0,0,0,0,0,0,0,0,0,0,0,0,0,0,0,0,0,0,0,0,0,0,0,0,0,0,0,0,0,0,0,0,0,0,0,0,0,0,0,0,0,0,0,0,0,0,0,0,0,0,0,0,21,0,0,0,2,0,0,0,0,0,0,0,0,0,0,0,0,0,0,0,0,0,0,0,0,0,0,0,0,0,0,0,0,0
map,aleppo,Aleppo,pierreggt,pierreggt,https://github.com/pierreggt,pierreggt/subwaybuilder-maps,subwaybuilder-maps,22,0,0,0,0,0,0,0,0,0,0,0,0,0,0,0,0,0,0,0,0,0,0,0,0,0,0,0,0,0,0,0,0,0,0,0,0,0,0,0,0,0,0,0,0,0,0,0,0,0,0,0,0,0,0,0,0,0,0,0,0,0,0,0,0,0,0,0,0,0,0,0,0,0,0,0,0,0,0,0,0,0,0,0,0,0,0,0,0,0,0,0,0,0,0,0,0,0,0,0,0,0,0,0,0,0,0,0,0,0,0,0,0,0,0,0,0,0,0,0,0,0,0,0,0,0,0,0,0,0,0,0,0,0,0,0,0,0,0,0,0,0,0,0,0,0,0,0,0,0,0,0,0,0,0,0,0,0,0,0,0,0,0,0,8,2,1,1,3,1,1,2,0,1,0,2,0,0,0,0
map,luebeck,Lübeck,pierreggt,pierreggt,https://github.com/pierreggt,pierreggt/subwaybuilder-maps-deutschland,subwaybuilder-maps-deutschland,22,0,0,0,0,0,0,0,0,0,0,0,0,0,0,0,0,0,0,0,0,0,0,0,0,0,0,0,0,0,0,0,0,0,0,0,0,0,0,0,0,0,0,0,0,0,0,0,0,0,0,0,0,0,0,0,0,0,0,0,0,0,0,0,0,0,0,0,0,0,0,0,0,0,0,0,0,0,0,0,0,0,0,0,0,0,0,0,0,0,0,0,0,0,0,0,0,0,0,0,0,0,0,0,0,0,0,0,0,0,0,0,0,0,0,0,0,0,0,0,0,0,0,0,0,0,0,0,0,0,0,0,0,0,0,0,0,0,0,0,0,0,0,0,0,0,0,0,0,0,0,0,0,0,0,0,0,0,0,0,0,0,0,0,0,0,0,0,0,0,0,0,0,0,0,8,6,3,5,0
map,yukina-sk-zilina,Žilina,ahkimn,Yukina-,https://subwaybuildermodded.com/credits,ahkimn/subwaybuilder-eu-maps,subwaybuilder-eu-maps,22,0,0,0,0,0,0,0,0,0,0,0,0,0,0,0,0,0,0,0,0,0,0,0,0,0,0,0,0,0,0,0,0,0,0,0,0,0,0,0,0,0,0,0,0,0,0,0,0,0,0,0,0,0,0,0,0,0,0,0,0,0,0,0,0,0,0,0,0,0,0,0,0,0,0,0,0,0,0,0,0,0,0,0,0,0,0,0,0,0,0,0,0,0,0,0,0,0,0,0,0,0,0,0,0,0,0,0,0,0,0,0,0,0,0,0,0,0,0,0,0,0,0,0,0,0,0,0,0,0,0,0,0,0,0,0,0,0,0,0,0,0,0,0,0,0,0,0,0,0,0,0,0,0,0,0,0,0,0,0,0,0,0,0,0,0,0,0,5,5,3,4,1,2,1,0,0,0,0,1
map,rouen,Rouen,pierreggt,pierreggt,https://github.com/pierreggt,pierreggt/subwaybuilder-maps-france,subwaybuilder-maps-france,21,0,0,0,0,0,0,0,0,0,0,0,0,0,0,0,0,0,0,0,0,0,0,0,0,0,0,0,0,0,0,0,0,0,0,0,0,0,0,0,0,0,0,0,0,0,0,0,0,0,0,0,0,0,0,0,0,0,0,0,0,0,0,0,0,0,0,0,0,0,0,0,0,0,0,0,0,0,0,0,0,0,0,0,0,0,0,0,0,0,0,0,0,0,0,0,0,0,0,0,0,0,0,0,0,0,0,0,0,0,0,0,0,0,0,0,0,0,0,0,0,0,0,0,0,0,0,0,0,0,0,0,0,0,0,0,0,0,0,0,0,0,0,0,0,0,0,0,0,0,0,0,0,0,0,0,0,0,0,0,0,0,0,0,0,0,3,8,4,1,0,1,0,0,0,0,0,3,1,0
map,erbil,Erbil,pierreggt,pierreggt,https://github.com/pierreggt,pierreggt/subwaybuilder-maps,subwaybuilder-maps,20,0,0,0,0,0,0,0,0,0,0,0,0,0,0,0,0,0,0,0,0,0,0,0,0,0,0,0,0,0,0,0,0,0,0,0,0,0,0,0,0,0,0,0,0,0,0,0,0,0,0,0,0,0,0,0,0,0,0,0,0,0,0,0,0,0,0,0,0,0,0,0,0,0,0,0,0,0,0,0,0,0,0,0,0,0,0,0,0,0,0,0,0,0,0,0,0,0,0,0,0,0,0,0,0,0,0,0,0,0,0,0,0,0,0,0,0,0,0,0,0,0,0,0,0,0,0,0,0,0,0,0,0,0,0,0,0,0,0,0,0,0,0,0,0,0,0,0,0,0,0,0,0,0,0,0,0,0,0,0,0,0,0,0,8,1,2,1,2,1,1,1,0,1,0,0,0,0,2,0
map,caen,Caen,pierreggt,pierreggt,https://github.com/pierreggt,pierreggt/subwaybuilder-maps-france,subwaybuilder-maps-france,19,0,0,0,0,0,0,0,0,0,0,0,0,0,0,0,0,0,0,0,0,0,0,0,0,0,0,0,0,0,0,0,0,0,0,0,0,0,0,0,0,0,0,0,0,0,0,0,0,0,0,0,0,0,0,0,0,0,0,0,0,0,0,0,0,0,0,0,0,0,0,0,0,0,0,0,0,0,0,0,0,0,0,0,0,0,0,0,0,0,0,0,0,0,0,0,0,0,0,0,0,0,0,0,0,0,0,0,0,0,0,0,0,0,0,0,0,0,0,0,0,0,0,0,0,0,0,0,0,0,0,0,0,0,0,0,0,0,0,0,0,0,0,0,0,0,0,0,0,0,0,0,0,0,0,0,0,0,0,0,0,0,0,0,0,0,3,7,3,2,0,1,0,0,2,0,0,1,0,0
map,moenchengladbach,Mönchengladbach,pierreggt,pierreggt,https://github.com/pierreggt,pierreggt/subwaybuilder-maps-deutschland,subwaybuilder-maps-deutschland,19,0,0,0,0,0,0,0,0,0,0,0,0,0,0,0,0,0,0,0,0,0,0,0,0,0,0,0,0,0,0,0,0,0,0,0,0,0,0,0,0,0,0,0,0,0,0,0,0,0,0,0,0,0,0,0,0,0,0,0,0,0,0,0,0,0,0,0,0,0,0,0,0,0,0,0,0,0,0,0,0,0,0,0,0,0,0,0,0,0,0,0,0,0,0,0,0,0,0,0,0,0,0,0,0,0,0,0,0,0,0,0,0,0,0,0,0,0,0,0,0,0,0,0,0,0,0,0,0,0,0,0,0,0,0,0,0,0,0,0,0,0,0,0,0,0,0,0,0,0,0,0,0,0,0,0,0,0,0,0,0,0,0,0,0,0,0,0,0,0,0,0,0,0,0,10,5,3,1,0
map,mosul,Mosul,pierreggt,pierreggt,https://github.com/pierreggt,pierreggt/subwaybuilder-maps,subwaybuilder-maps,19,0,0,0,0,0,0,0,0,0,0,0,0,0,0,0,0,0,0,0,0,0,0,0,0,0,0,0,0,0,0,0,0,0,0,0,0,0,0,0,0,0,0,0,0,0,0,0,0,0,0,0,0,0,0,0,0,0,0,0,0,0,0,0,0,0,0,0,0,0,0,0,0,0,0,0,0,0,0,0,0,0,0,0,0,0,0,0,0,0,0,0,0,0,0,0,0,0,0,0,0,0,0,0,0,0,0,0,0,0,0,0,0,0,0,0,0,0,0,0,0,0,0,0,0,0,0,0,0,0,0,0,0,0,0,0,0,0,0,0,0,0,0,0,0,0,0,0,0,0,0,0,0,0,0,0,0,0,0,0,0,0,0,0,7,1,1,1,3,1,1,1,0,1,0,0,0,0,2,0
map,orleans,Orléans,pierreggt,pierreggt,https://github.com/pierreggt,pierreggt/subwaybuilder-maps-france,subwaybuilder-maps-france,19,0,0,0,0,0,0,0,0,0,0,0,0,0,0,0,0,0,0,0,0,0,0,0,0,0,0,0,0,0,0,0,0,0,0,0,0,0,0,0,0,0,0,0,0,0,0,0,0,0,0,0,0,0,0,0,0,0,0,0,0,0,0,0,0,0,0,0,0,0,0,0,0,0,0,0,0,0,0,0,0,0,0,0,0,0,0,0,0,0,0,0,0,0,0,0,0,0,0,0,0,0,0,0,0,0,0,0,0,0,0,0,0,0,0,0,0,0,0,0,0,0,0,0,0,0,0,0,0,0,0,0,0,0,0,0,0,0,0,0,0,0,0,0,0,0,0,0,0,0,0,0,0,0,0,0,0,0,0,0,0,0,0,0,0,0,2,9,3,1,0,3,0,0,0,0,0,1,0,0
map,yukina-sk-trencin,Trenčín,ahkimn,Yukina-,https://subwaybuildermodded.com/credits,ahkimn/subwaybuilder-eu-maps,subwaybuilder-eu-maps,19,0,0,0,0,0,0,0,0,0,0,0,0,0,0,0,0,0,0,0,0,0,0,0,0,0,0,0,0,0,0,0,0,0,0,0,0,0,0,0,0,0,0,0,0,0,0,0,0,0,0,0,0,0,0,0,0,0,0,0,0,0,0,0,0,0,0,0,0,0,0,0,0,0,0,0,0,0,0,0,0,0,0,0,0,0,0,0,0,0,0,0,0,0,0,0,0,0,0,0,0,0,0,0,0,0,0,0,0,0,0,0,0,0,0,0,0,0,0,0,0,0,0,0,0,0,0,0,0,0,0,0,0,0,0,0,0,0,0,0,0,0,0,0,0,0,0,0,0,0,0,0,0,0,0,0,0,0,0,0,0,0,0,0,0,0,0,0,4,5,2,4,2,2,0,0,0,0,0,0
map,calais-dunkerque,Calais - Dunkerque,pierreggt,pierreggt,https://github.com/pierreggt,pierreggt/subwaybuilder-maps-france,subwaybuilder-maps-france,18,0,0,0,0,0,0,0,0,0,0,0,0,0,0,0,0,0,0,0,0,0,0,0,0,0,0,0,0,0,0,0,0,0,0,0,0,0,0,0,0,0,0,0,0,0,0,0,0,0,0,0,0,0,0,0,0,0,0,0,0,0,0,0,0,0,0,0,0,0,0,0,0,0,0,0,0,0,0,0,0,0,0,0,0,0,0,0,0,0,0,0,0,0,0,0,0,0,0,0,0,0,0,0,0,0,0,0,0,0,0,0,0,0,0,0,0,0,0,0,0,0,0,0,0,0,0,0,0,0,0,0,0,0,0,0,0,0,0,0,0,0,0,0,0,0,0,0,0,0,0,0,0,0,0,0,0,0,0,0,0,0,0,0,0,0,3,7,3,2,0,0,0,0,0,2,0,1,0,0
map,le-mans,Le Mans,pierreggt,pierreggt,https://github.com/pierreggt,pierreggt/subwaybuilder-maps-france,subwaybuilder-maps-france,18,0,0,0,0,0,0,0,0,0,0,0,0,0,0,0,0,0,0,0,0,0,0,0,0,0,0,0,0,0,0,0,0,0,0,0,0,0,0,0,0,0,0,0,0,0,0,0,0,0,0,0,0,0,0,0,0,0,0,0,0,0,0,0,0,0,0,0,0,0,0,0,0,0,0,0,0,0,0,0,0,0,0,0,0,0,0,0,0,0,0,0,0,0,0,0,0,0,0,0,0,0,0,0,0,0,0,0,0,0,0,0,0,0,0,0,0,0,0,0,0,0,0,0,0,0,0,0,0,0,0,0,0,0,0,0,0,0,0,0,0,0,0,0,0,0,0,0,0,0,0,0,0,0,0,0,0,0,0,0,0,0,0,0,0,0,2,7,3,1,0,0,0,0,0,2,0,3,0,0
map,pau,Pau,pierreggt,pierreggt,https://github.com/pierreggt,pierreggt/subwaybuilder-maps-france,subwaybuilder-maps-france,18,0,0,0,0,0,0,0,0,0,0,0,0,0,0,0,0,0,0,0,0,0,0,0,0,0,0,0,0,0,0,0,0,0,0,0,0,0,0,0,0,0,0,0,0,0,0,0,0,0,0,0,0,0,0,0,0,0,0,0,0,0,0,0,0,0,0,0,0,0,0,0,0,0,0,0,0,0,0,0,0,0,0,0,0,0,0,0,0,0,0,0,0,0,0,0,0,0,0,0,0,0,0,0,0,0,0,0,0,0,0,0,0,0,0,0,0,0,0,0,0,0,0,0,0,0,0,0,0,0,0,0,0,0,0,0,0,0,0,0,0,0,0,0,0,0,0,0,0,0,0,0,0,0,0,0,0,0,0,0,0,0,0,0,0,0,2,8,3,1,0,0,0,1,0,1,1,1,0,0
map,reims,Reims,pierreggt,pierreggt,https://github.com/pierreggt,pierreggt/subwaybuilder-maps-france,subwaybuilder-maps-france,18,0,0,0,0,0,0,0,0,0,0,0,0,0,0,0,0,0,0,0,0,0,0,0,0,0,0,0,0,0,0,0,0,0,0,0,0,0,0,0,0,0,0,0,0,0,0,0,0,0,0,0,0,0,0,0,0,0,0,0,0,0,0,0,0,0,0,0,0,0,0,0,0,0,0,0,0,0,0,0,0,0,0,0,0,0,0,0,0,0,0,0,0,0,0,0,0,0,0,0,0,0,0,0,0,0,0,0,0,0,0,0,0,0,0,0,0,0,0,0,0,0,0,0,0,0,0,0,0,0,0,0,0,0,0,0,0,0,0,0,0,0,0,0,0,0,0,0,0,0,0,0,0,0,0,0,0,0,0,0,0,0,0,0,0,0,2,8,3,1,0,1,0,0,0,1,0,1,1,0
map,tours,Tours,pierreggt,pierreggt,https://github.com/pierreggt,pierreggt/subwaybuilder-maps-france,subwaybuilder-maps-france,18,0,0,0,0,0,0,0,0,0,0,0,0,0,0,0,0,0,0,0,0,0,0,0,0,0,0,0,0,0,0,0,0,0,0,0,0,0,0,0,0,0,0,0,0,0,0,0,0,0,0,0,0,0,0,0,0,0,0,0,0,0,0,0,0,0,0,0,0,0,0,0,0,0,0,0,0,0,0,0,0,0,0,0,0,0,0,0,0,0,0,0,0,0,0,0,0,0,0,0,0,0,0,0,0,0,0,0,0,0,0,0,0,0,0,0,0,0,0,0,0,0,0,0,0,0,0,0,0,0,0,0,0,0,0,0,0,0,0,0,0,0,0,0,0,0,0,0,0,0,0,0,0,0,0,0,0,0,0,0,0,0,0,0,0,0,2,8,4,1,0,1,0,0,0,1,0,1,0,0
map,amiens,Amiens,pierreggt,pierreggt,https://github.com/pierreggt,pierreggt/subwaybuilder-maps-france,subwaybuilder-maps-france,17,0,0,0,0,0,0,0,0,0,0,0,0,0,0,0,0,0,0,0,0,0,0,0,0,0,0,0,0,0,0,0,0,0,0,0,0,0,0,0,0,0,0,0,0,0,0,0,0,0,0,0,0,0,0,0,0,0,0,0,0,0,0,0,0,0,0,0,0,0,0,0,0,0,0,0,0,0,0,0,0,0,0,0,0,0,0,0,0,0,0,0,0,0,0,0,0,0,0,0,0,0,0,0,0,0,0,0,0,0,0,0,0,0,0,0,0,0,0,0,0,0,0,0,0,0,0,0,0,0,0,0,0,0,0,0,0,0,0,0,0,0,0,0,0,0,0,0,0,0,0,0,0,0,0,0,0,0,0,0,0,0,0,0,0,0,3,7,3,1,0,0,0,0,1,1,0,1,0,0
map,besancon,Besançon,pierreggt,pierreggt,https://github.com/pierreggt,pierreggt/subwaybuilder-maps-france,subwaybuilder-maps-france,17,0,0,0,0,0,0,0,0,0,0,0,0,0,0,0,0,0,0,0,0,0,0,0,0,0,0,0,0,0,0,0,0,0,0,0,0,0,0,0,0,0,0,0,0,0,0,0,0,0,0,0,0,0,0,0,0,0,0,0,0,0,0,0,0,0,0,0,0,0,0,0,0,0,0,0,0,0,0,0,0,0,0,0,0,0,0,0,0,0,0,0,0,0,0,0,0,0,0,0,0,0,0,0,0,0,0,0,0,0,0,0,0,0,0,0,0,0,0,0,0,0,0,0,0,0,0,0,0,0,0,0,0,0,0,0,0,0,0,0,0,0,0,0,0,0,0,0,0,0,0,0,0,0,0,0,0,0,0,0,0,0,0,0,0,0,3,7,3,1,0,0,0,0,0,1,0,1,1,0
map,guyane,Guyane,pierreggt,pierreggt,https://github.com/pierreggt,pierreggt/subwaybuilder-maps-france,subwaybuilder-maps-france,17,0,0,0,0,0,0,0,0,0,0,0,0,0,0,0,0,0,0,0,0,0,0,0,0,0,0,0,0,0,0,0,0,0,0,0,0,0,0,0,0,0,0,0,0,0,0,0,0,0,0,0,0,0,0,0,0,0,0,0,0,0,0,0,0,0,0,0,0,0,0,0,0,0,0,0,0,0,0,0,0,0,0,0,0,0,0,0,0,0,0,0,0,0,0,0,0,0,0,0,0,0,0,0,0,0,0,0,0,0,0,0,0,0,0,0,0,0,0,0,0,0,0,0,0,0,0,0,0,0,0,0,0,0,0,0,0,0,0,0,0,0,0,0,0,0,0,0,0,0,0,0,0,0,0,0,0,0,0,0,0,0,0,0,0,0,2,3,5,3,0,0,0,1,1,0,0,1,1,0
map,la-rochelle,La Rochelle,pierreggt,pierreggt,https://github.com/pierreggt,pierreggt/subwaybuilder-maps-france,subwaybuilder-maps-france,17,0,0,0,0,0,0,0,0,0,0,0,0,0,0,0,0,0,0,0,0,0,0,0,0,0,0,0,0,0,0,0,0,0,0,0,0,0,0,0,0,0,0,0,0,0,0,0,0,0,0,0,0,0,0,0,0,0,0,0,0,0,0,0,0,0,0,0,0,0,0,0,0,0,0,0,0,0,0,0,0,0,0,0,0,0,0,0,0,0,0,0,0,0,0,0,0,0,0,0,0,0,0,0,0,0,0,0,0,0,0,0,0,0,0,0,0,0,0,0,0,0,0,0,0,0,0,0,0,0,0,0,0,0,0,0,0,0,0,0,0,0,0,0,0,0,0,0,0,0,0,0,0,0,0,0,0,0,0,0,0,0,0,0,0,0,3,6,3,1,0,2,0,1,0,0,0,1,0,0
map,le-havre,Le Havre,pierreggt,pierreggt,https://github.com/pierreggt,pierreggt/subwaybuilder-maps-france,subwaybuilder-maps-france,17,0,0,0,0,0,0,0,0,0,0,0,0,0,0,0,0,0,0,0,0,0,0,0,0,0,0,0,0,0,0,0,0,0,0,0,0,0,0,0,0,0,0,0,0,0,0,0,0,0,0,0,0,0,0,0,0,0,0,0,0,0,0,0,0,0,0,0,0,0,0,0,0,0,0,0,0,0,0,0,0,0,0,0,0,0,0,0,0,0,0,0,0,0,0,0,0,0,0,0,0,0,0,0,0,0,0,0,0,0,0,0,0,0,0,0,0,0,0,0,0,0,0,0,0,0,0,0,0,0,0,0,0,0,0,0,0,0,0,0,0,0,0,0,0,0,0,0,0,0,0,0,0,0,0,0,0,0,0,0,0,0,0,0,0,0,2,6,3,3,1,0,0,0,0,1,0,1,0,0
map,limoges,Limoges,pierreggt,pierreggt,https://github.com/pierreggt,pierreggt/subwaybuilder-maps-france,subwaybuilder-maps-france,17,0,0,0,0,0,0,0,0,0,0,0,0,0,0,0,0,0,0,0,0,0,0,0,0,0,0,0,0,0,0,0,0,0,0,0,0,0,0,0,0,0,0,0,0,0,0,0,0,0,0,0,0,0,0,0,0,0,0,0,0,0,0,0,0,0,0,0,0,0,0,0,0,0,0,0,0,0,0,0,0,0,0,0,0,0,0,0,0,0,0,0,0,0,0,0,0,0,0,0,0,0,0,0,0,0,0,0,0,0,0,0,0,0,0,0,0,0,0,0,0,0,0,0,0,0,0,0,0,0,0,0,0,0,0,0,0,0,0,0,0,0,0,0,0,0,0,0,0,0,0,0,0,0,0,0,0,0,0,0,0,0,0,0,0,0,2,7,3,2,0,0,0,1,0,1,0,1,0,0
map,mashhad,Mashhad,pierreggt,pierreggt,https://github.com/pierreggt,pierreggt/subwaybuilder-maps,subwaybuilder-maps,17,0,0,0,0,0,0,0,0,0,0,0,0,0,0,0,0,0,0,0,0,0,0,0,0,0,0,0,0,0,0,0,0,0,0,0,0,0,0,0,0,0,0,0,0,0,0,0,0,0,0,0,0,0,0,0,0,0,0,0,0,0,0,0,0,0,0,0,0,0,0,0,0,0,0,0,0,0,0,0,0,0,0,0,0,0,0,0,0,0,0,0,0,0,0,0,0,0,0,0,0,0,0,0,0,0,0,0,0,0,0,0,0,0,0,0,0,0,0,0,0,0,0,0,0,0,0,0,0,0,0,0,0,0,0,0,0,0,0,0,0,0,0,0,0,0,0,0,0,0,0,0,0,0,0,0,0,0,0,0,0,3,4,2,4,0,0,0,1,0,1,1,0,1,0,0,0,0,0,0
map,dijon,Dijon,pierreggt,pierreggt,https://github.com/pierreggt,pierreggt/subwaybuilder-maps-france,subwaybuilder-maps-france,16,0,0,0,0,0,0,0,0,0,0,0,0,0,0,0,0,0,0,0,0,0,0,0,0,0,0,0,0,0,0,0,0,0,0,0,0,0,0,0,0,0,0,0,0,0,0,0,0,0,0,0,0,0,0,0,0,0,0,0,0,0,0,0,0,0,0,0,0,0,0,0,0,0,0,0,0,0,0,0,0,0,0,0,0,0,0,0,0,0,0,0,0,0,0,0,0,0,0,0,0,0,0,0,0,0,0,0,0,0,0,0,0,0,0,0,0,0,0,0,0,0,0,0,0,0,0,0,0,0,0,0,0,0,0,0,0,0,0,0,0,0,0,0,0,0,0,0,0,0,0,0,0,0,0,0,0,0,0,0,0,0,0,0,0,0,2,7,3,2,0,1,0,0,0,0,0,1,0,0
mod,la-metro-trainpack,LA Metro Trainpack,NoahGarrf,NoahGarrf,https://github.com/NoahGarrf,noahgarrf/la-metro-trainpack,la-metro-trainpack,14,0,0,0,0,0,0,0,0,0,0,0,0,0,0,0,0,0,0,0,0,0,0,0,0,0,0,0,0,0,0,0,0,0,0,0,0,0,0,0,0,0,0,0,0,0,0,0,0,0,0,0,0,0,0,0,0,0,0,0,0,0,0,0,0,0,0,0,0,0,0,0,0,0,0,0,0,0,0,0,0,0,0,0,0,0,0,0,0,0,0,0,0,0,0,0,0,0,0,0,0,0,0,0,0,0,0,0,0,0,0,0,0,0,0,0,0,0,0,0,0,0,0,0,0,0,0,0,0,0,0,0,0,0,0,0,0,0,0,0,0,0,0,0,0,0,0,0,0,0,0,0,0,0,0,0,0,0,0,0,0,0,0,0,0,0,0,0,0,0,0,0,0,0,0,1,6,3,4,0
map,troyes,Troyes,pierreggt,pierreggt,https://github.com/pierreggt,pierreggt/subwaybuilder-maps-france,subwaybuilder-maps-france,14,0,0,0,0,0,0,0,0,0,0,0,0,0,0,0,0,0,0,0,0,0,0,0,0,0,0,0,0,0,0,0,0,0,0,0,0,0,0,0,0,0,0,0,0,0,0,0,0,0,0,0,0,0,0,0,0,0,0,0,0,0,0,0,0,0,0,0,0,0,0,0,0,0,0,0,0,0,0,0,0,0,0,0,0,0,0,0,0,0,0,0,0,0,0,0,0,0,0,0,0,0,0,0,0,0,0,0,0,0,0,0,0,0,0,0,0,0,0,0,0,0,0,0,0,0,0,0,0,0,0,0,0,0,0,0,0,0,0,0,0,0,0,0,0,0,0,0,0,0,0,0,0,0,0,0,0,0,0,0,0,0,0,0,0,0,2,5,3,1,0,0,0,0,0,1,1,1,0,0
map,shiraz,Shiraz,pierreggt,pierreggt,https://github.com/pierreggt,pierreggt/subwaybuilder-maps,subwaybuilder-maps,13,0,0,0,0,0,0,0,0,0,0,0,0,0,0,0,0,0,0,0,0,0,0,0,0,0,0,0,0,0,0,0,0,0,0,0,0,0,0,0,0,0,0,0,0,0,0,0,0,0,0,0,0,0,0,0,0,0,0,0,0,0,0,0,0,0,0,0,0,0,0,0,0,0,0,0,0,0,0,0,0,0,0,0,0,0,0,0,0,0,0,0,0,0,0,0,0,0,0,0,0,0,0,0,0,0,0,0,0,0,0,0,0,0,0,0,0,0,0,0,0,0,0,0,0,0,0,0,0,0,0,0,0,0,0,0,0,0,0,0,0,0,0,0,0,0,0,0,0,0,0,0,0,0,0,0,0,0,0,0,0,0,0,0,6,1,0,1,1,2,1,1,0,0,0,0,0,0,0,0
mod,zz-deletion-fixture,Deletion Fixture,subway-builder-modded-admin,Subway Builder Modded,https://subwaybuildermodded.com,subway-builder-modded/registry,registry,0,0,0,0,0,0,0,0,0,0,0,0,0,0,0,0,0,0,0,0,0,0,0,0,0,0,0,0,0,0,0,0,0,0,0,0,0,0,0,0,0,0,0,0,0,0,0,0,0,0,0,0,0,0,0,0,0,0,0,0,0,0,0,0,0,0,0,0,0,0,0,0,0,0,0,0,0,0,0,0,0,0,0,0,0,0,0,0,0,0,0,0,0,0,0,0,0,0,0,0,0,0,0,0,0,0,0,0,0,0,0,0,0,0,0,0,0,0,0,0,0,0,0,0,0,0,0,0,0,0,0,0,0,0,0,0,0,0,0,0,0,0,0,0,0,0,0,0,0,0,0,0,0,0,0,0,0,0,0,0,0,0,0,0,0,0,0,0,0,0,0,0,0,0,0,0,0,0,0,0
mod,zz-deprecation-fixture,Deprecation Fixture,subway-builder-modded-admin,Subway Builder Modded,https://subwaybuildermodded.com,subway-builder-modded/registry,registry,0,0,0,0,0,0,0,0,0,0,0,0,0,0,0,0,0,0,0,0,0,0,0,0,0,0,0,0,0,0,0,0,0,0,0,0,0,0,0,0,0,0,0,0,0,0,0,0,0,0,0,0,0,0,0,0,0,0,0,0,0,0,0,0,0,0,0,0,0,0,0,0,0,0,0,0,0,0,0,0,0,0,0,0,0,0,0,0,0,0,0,0,0,0,0,0,0,0,0,0,0,0,0,0,0,0,0,0,0,0,0,0,0,0,0,0,0,0,0,0,0,0,0,0,0,0,0,0,0,0,0,0,0,0,0,0,0,0,0,0,0,0,0,0,0,0,0,0,0,0,0,0,0,0,0,0,0,0,0,0,0,0,0,0,0,0,0,0,0,0,0,0,0,0,0,0,0,0,0,0
