{"type":"FeatureCollection","features":[{"type":"Feature","properties":{"jobs":0,"pop":326,"pointCount":2,"homeWorkCommuteMedian":50434,"workHomeCommuteMedian":-1},"geometry":{"type":"Polygon","coordinates":[[[138.44628689997575,-35.33404756185742],[138.44628689997575,-35.32505435822017],[138.45528010361298,-35.32505435822017],[138.45528010361298,-35.33404756185742],[138.44628689997575,-35.33404756185742]]]}},{"type":"Feature","properties":{"jobs":0,"pop":191,"pointCount":1,"homeWorkCommuteMedian":5447,"workHomeCommuteMedian":-1},"geometry":{"type":"Polygon","coordinates":[[[138.44628689997575,-35.316061154582925],[138.44628689997575,-35.30706795094568],[138.45528010361298,-35.30706795094568],[138.45528010361298,-35.316061154582925],[138.44628689997575,-35.316061154582925]]]}},{"type":"Feature","properties":{"jobs":0,"pop":116,"pointCount":1,"homeWorkCommuteMedian":22364,"workHomeCommuteMedian":-1},"geometry":{"type":"Polygon","coordinates":[[[138.44628689997575,-35.29807474730843],[138.44628689997575,-35.28908154367119],[138.45528010361298,-35.28908154367119],[138.45528010361298,-35.29807474730843],[138.44628689997575,-35.29807474730843]]]}},{"type":"Feature","properties":{"jobs":0,"pop":381,"pointCount":2,"homeWorkCommuteMedian":40608,"workHomeCommuteMedian":-1},"geometry":{"type":"Polygon","coordinates":[[[138.44628689997575,-35.28908154367119],[138.44628689997575,-35.28008834003394],[138.45528010361298,-35.28008834003394],[138.45528010361298,-35.28908154367119],[138.44628689997575,-35.28908154367119]]]}},{"type":"Feature","properties":{"jobs":372,"pop":768,"pointCount":4,"homeWorkCommuteMedian":22012,"workHomeCommuteMedian":11566},"geometry":{"type":"Polygon","coordinates":[[[138.44628689997575,-35.28008834003394],[138.44628689997575,-35.271095136396696],[138.45528010361298,-35.271095136396696],[138.45528010361298,-35.28008834003394],[138.44628689997575,-35.28008834003394]]]}},{"type":"Feature","properties":{"jobs":0,"pop":229,"pointCount":1,"homeWorkCommuteMedian":58709,"workHomeCommuteMedian":-1},"geometry":{"type":"Polygon","coordinates":[[[138.45528010361298,-35.33404756185742],[138.45528010361298,-35.32505435822017],[138.4642733072502,-35.32505435822017],[138.4642733072502,-35.33404756185742],[138.45528010361298,-35.33404756185742]]]}},{"type":"Feature","properties":{"jobs":0,"pop":267,"pointCount":1,"homeWorkCommuteMedian":51376,"workHomeCommuteMedian":-1},"geometry":{"type":"Polygon","coordinates":[[[138.45528010361298,-35.32505435822017],[138.45528010361298,-35.316061154582925],[138.4642733072502,-35.316061154582925],[138.4642733072502,-35.32505435822017],[138.45528010361298,-35.32505435822017]]]}},{"type":"Feature","properties":{"jobs":0,"pop":77,"pointCount":1,"homeWorkCommuteMedian":13313,"workHomeCommuteMedian":-1},"geometry":{"type":"Polygon","coordinates":[[[138.45528010361298,-35.30706795094568],[138.45528010361298,-35.29807474730843],[138.4642733072502,-35.29807474730843],[138.4642733072502,-35.30706795094568],[138.45528010361298,-35.30706795094568]]]}},{"type":"Feature","properties":{"jobs":0,"pop":864,"pointCount":4,"homeWorkCommuteMedian":13515,"workHomeCommuteMedian":-1},"geometry":{"type":"Polygon","coordinates":[[[138.45528010361298,-35.28908154367119],[138.45528010361298,-35.28008834003394],[138.4642733072502,-35.28008834003394],[138.4642733072502,-35.28908154367119],[138.45528010361298,-35.28908154367119]]]}},{"type":"Feature","properties":{"jobs":191,"pop":179,"pointCount":1,"homeWorkCommuteMedian":1576,"workHomeCommuteMedian":5447},"geometry":{"type":"Polygon","coordinates":[[[138.45528010361298,-35.28008834003394],[138.45528010361298,-35.271095136396696],[138.4642733072502,-35.271095136396696],[138.4642733072502,-35.28008834003394],[138.45528010361298,-35.28008834003394]]]}},{"type":"Feature","properties":{"jobs":349,"pop":432,"pointCount":4,"homeWorkCommuteMedian":46310,"workHomeCommuteMedian":20286},"geometry":{"type":"Polygon","coordinates":[[[138.45528010361298,-35.271095136396696],[138.45528010361298,-35.26210193275945],[138.4642733072502,-35.26210193275945],[138.4642733072502,-35.271095136396696],[138.45528010361298,-35.271095136396696]]]}},{"type":"Feature","properties":{"jobs":0,"pop":237,"pointCount":1,"homeWorkCommuteMedian":41716,"workHomeCommuteMedian":-1},"geometry":{"type":"Polygon","coordinates":[[[138.4642733072502,-35.28908154367119],[138.4642733072502,-35.28008834003394],[138.47326651088744,-35.28008834003394],[138.47326651088744,-35.28908154367119],[138.4642733072502,-35.28908154367119]]]}},{"type":"Feature","properties":{"jobs":126,"pop":314,"pointCount":2,"homeWorkCommuteMedian":10775,"workHomeCommuteMedian":2636},"geometry":{"type":"Polygon","coordinates":[[[138.4642733072502,-35.28008834003394],[138.4642733072502,-35.271095136396696],[138.47326651088744,-35.271095136396696],[138.47326651088744,-35.28008834003394],[138.4642733072502,-35.28008834003394]]]}},{"type":"Feature","properties":{"jobs":179,"pop":552,"pointCount":3,"homeWorkCommuteMedian":21289,"workHomeCommuteMedian":1576},"geometry":{"type":"Polygon","coordinates":[[[138.4642733072502,-35.271095136396696],[138.4642733072502,-35.26210193275945],[138.47326651088744,-35.26210193275945],[138.47326651088744,-35.271095136396696],[138.4642733072502,-35.271095136396696]]]}},{"type":"Feature","properties":{"jobs":91,"pop":97,"pointCount":2,"homeWorkCommuteMedian":22027,"workHomeCommuteMedian":25495},"geometry":{"type":"Polygon","coordinates":[[[138.4642733072502,-35.26210193275945],[138.4642733072502,-35.253108729122204],[138.47326651088744,-35.253108729122204],[138.47326651088744,-35.26210193275945],[138.4642733072502,-35.26210193275945]]]}},{"type":"Feature","properties":{"jobs":0,"pop":192,"pointCount":1,"homeWorkCommuteMedian":28106,"workHomeCommuteMedian":-1},"geometry":{"type":"Polygon","coordinates":[[[138.4642733072502,-35.21713591457322],[138.4642733072502,-35.208142710935974],[138.47326651088744,-35.208142710935974],[138.47326651088744,-35.21713591457322],[138.4642733072502,-35.21713591457322]]]}},{"type":"Feature","properties":{"jobs":118,"pop":398,"pointCount":2,"homeWorkCommuteMedian":34481,"workHomeCommuteMedian":15684},"geometry":{"type":"Polygon","coordinates":[[[138.4642733072502,-35.19914950729873],[138.4642733072502,-35.19015630366148],[138.47326651088744,-35.19015630366148],[138.47326651088744,-35.19914950729873],[138.4642733072502,-35.19914950729873]]]}},{"type":"Feature","properties":{"jobs":0,"pop":525,"pointCount":3,"homeWorkCommuteMedian":18835,"workHomeCommuteMedian":-1},"geometry":{"type":"Polygon","coordinates":[[[138.4642733072502,-35.19015630366148],[138.4642733072502,-35.181163100024236],[138.47326651088744,-35.181163100024236],[138.47326651088744,-35.19015630366148],[138.4642733072502,-35.19015630366148]]]}},{"type":"Feature","properties":{"jobs":172,"pop":400,"pointCount":2,"homeWorkCommuteMedian":29633,"workHomeCommuteMedian":858},"geometry":{"type":"Polygon","coordinates":[[[138.4642733072502,-35.181163100024236],[138.4642733072502,-35.17216989638699],[138.47326651088744,-35.17216989638699],[138.47326651088744,-35.181163100024236],[138.4642733072502,-35.181163100024236]]]}},{"type":"Feature","properties":{"jobs":0,"pop":662,"pointCount":3,"homeWorkCommuteMedian":33670,"workHomeCommuteMedian":-1},"geometry":{"type":"Polygon","coordinates":[[[138.4642733072502,-35.17216989638699],[138.4642733072502,-35.163176692749744],[138.47326651088744,-35.163176692749744],[138.47326651088744,-35.17216989638699],[138.4642733072502,-35.17216989638699]]]}},{"type":"Feature","properties":{"jobs":166,"pop":220,"pointCount":1,"homeWorkCommuteMedian":22146,"workHomeCommuteMedian":24391},"geometry":{"type":"Polygon","coordinates":[[[138.4642733072502,-35.1541834891125],[138.4642733072502,-35.14519028547525],[138.47326651088744,-35.14519028547525],[138.47326651088744,-35.1541834891125],[138.4642733072502,-35.1541834891125]]]}},{"type":"Feature","properties":{"jobs":518,"pop":570,"pointCount":3,"homeWorkCommuteMedian":20011,"workHomeCommuteMedian":19494},"geometry":{"type":"Polygon","coordinates":[[[138.4642733072502,-35.14519028547525],[138.4642733072502,-35.136197081838006],[138.47326651088744,-35.136197081838006],[138.47326651088744,-35.14519028547525],[138.4642733072502,-35.14519028547525]]]}},{"type":"Feature","properties":{"jobs":698,"pop":498,"pointCount":2,"homeWorkCommuteMedian":29215,"workHomeCommuteMedian":10433},"geometry":{"type":"Polygon","coordinates":[[[138.4642733072502,-35.136197081838006],[138.4642733072502,-35.12720387820076],[138.47326651088744,-35.12720387820076],[138.47326651088744,-35.136197081838006],[138.4642733072502,-35.136197081838006]]]}},{"type":"Feature","properties":{"jobs":126,"pop":116,"pointCount":2,"homeWorkCommuteMedian":21302,"workHomeCommuteMedian":3936},"geometry":{"type":"Polygon","coordinates":[[[138.4642733072502,-35.12720387820076],[138.4642733072502,-35.118210674563514],[138.47326651088744,-35.118210674563514],[138.47326651088744,-35.12720387820076],[138.4642733072502,-35.12720387820076]]]}},{"type":"Feature","properties":{"jobs":0,"pop":130,"pointCount":1,"homeWorkCommuteMedian":3222,"workHomeCommuteMedian":-1},"geometry":{"type":"Polygon","coordinates":[[[138.4642733072502,-35.118210674563514],[138.4642733072502,-35.10921747092627],[138.47326651088744,-35.10921747092627],[138.47326651088744,-35.118210674563514],[138.4642733072502,-35.118210674563514]]]}},{"type":"Feature","properties":{"jobs":477,"pop":0,"pointCount":1,"homeWorkCommuteMedian":-1,"workHomeCommuteMedian":15350},"geometry":{"type":"Polygon","coordinates":[[[138.47326651088744,-35.28008834003394],[138.47326651088744,-35.271095136396696],[138.48225971452467,-35.271095136396696],[138.48225971452467,-35.28008834003394],[138.47326651088744,-35.28008834003394]]]}},{"type":"Feature","properties":{"jobs":335,"pop":249,"pointCount":1,"homeWorkCommuteMedian":48847,"workHomeCommuteMedian":64169},"geometry":{"type":"Polygon","coordinates":[[[138.47326651088744,-35.24411552548496],[138.47326651088744,-35.23512232184771],[138.48225971452467,-35.23512232184771],[138.48225971452467,-35.24411552548496],[138.47326651088744,-35.24411552548496]]]}},{"type":"Feature","properties":{"jobs":0,"pop":281,"pointCount":1,"homeWorkCommuteMedian":44638,"workHomeCommuteMedian":-1},"geometry":{"type":"Polygon","coordinates":[[[138.47326651088744,-35.226129118210466],[138.47326651088744,-35.21713591457322],[138.48225971452467,-35.21713591457322],[138.48225971452467,-35.226129118210466],[138.47326651088744,-35.226129118210466]]]}},{"type":"Feature","properties":{"jobs":0,"pop":646,"pointCount":3,"homeWorkCommuteMedian":32115,"workHomeCommuteMedian":-1},"geometry":{"type":"Polygon","coordinates":[[[138.47326651088744,-35.21713591457322],[138.47326651088744,-35.208142710935974],[138.48225971452467,-35.208142710935974],[138.48225971452467,-35.21713591457322],[138.47326651088744,-35.21713591457322]]]}},{"type":"Feature","properties":{"jobs":184,"pop":643,"pointCount":3,"homeWorkCommuteMedian":12178,"workHomeCommuteMedian":15313},"geometry":{"type":"Polygon","coordinates":[[[138.47326651088744,-35.208142710935974],[138.47326651088744,-35.19914950729873],[138.48225971452467,-35.19914950729873],[138.48225971452467,-35.208142710935974],[138.47326651088744,-35.208142710935974]]]}},{"type":"Feature","properties":{"jobs":0,"pop":357,"pointCount":2,"homeWorkCommuteMedian":34964,"workHomeCommuteMedian":-1},"geometry":{"type":"Polygon","coordinates":[[[138.47326651088744,-35.19914950729873],[138.47326651088744,-35.19015630366148],[138.48225971452467,-35.19015630366148],[138.48225971452467,-35.19914950729873],[138.47326651088744,-35.19914950729873]]]}},{"type":"Feature","properties":{"jobs":696,"pop":265,"pointCount":2,"homeWorkCommuteMedian":27806,"workHomeCommuteMedian":15067},"geometry":{"type":"Polygon","coordinates":[[[138.47326651088744,-35.19015630366148],[138.47326651088744,-35.181163100024236],[138.48225971452467,-35.181163100024236],[138.48225971452467,-35.19015630366148],[138.47326651088744,-35.19015630366148]]]}},{"type":"Feature","properties":{"jobs":247,"pop":1121,"pointCount":4,"homeWorkCommuteMedian":27142,"workHomeCommuteMedian":24109},"geometry":{"type":"Polygon","coordinates":[[[138.47326651088744,-35.181163100024236],[138.47326651088744,-35.17216989638699],[138.48225971452467,-35.17216989638699],[138.48225971452467,-35.181163100024236],[138.47326651088744,-35.181163100024236]]]}},{"type":"Feature","properties":{"jobs":0,"pop":311,"pointCount":1,"homeWorkCommuteMedian":6567,"workHomeCommuteMedian":-1},"geometry":{"type":"Polygon","coordinates":[[[138.47326651088744,-35.17216989638699],[138.47326651088744,-35.163176692749744],[138.48225971452467,-35.163176692749744],[138.48225971452467,-35.17216989638699],[138.47326651088744,-35.17216989638699]]]}},{"type":"Feature","properties":{"jobs":297,"pop":588,"pointCount":2,"homeWorkCommuteMedian":15350,"workHomeCommuteMedian":38036},"geometry":{"type":"Polygon","coordinates":[[[138.47326651088744,-35.163176692749744],[138.47326651088744,-35.1541834891125],[138.48225971452467,-35.1541834891125],[138.48225971452467,-35.163176692749744],[138.47326651088744,-35.163176692749744]]]}},{"type":"Feature","properties":{"jobs":198,"pop":183,"pointCount":1,"homeWorkCommuteMedian":3418,"workHomeCommuteMedian":8667},"geometry":{"type":"Polygon","coordinates":[[[138.47326651088744,-35.1541834891125],[138.47326651088744,-35.14519028547525],[138.48225971452467,-35.14519028547525],[138.48225971452467,-35.1541834891125],[138.47326651088744,-35.1541834891125]]]}},{"type":"Feature","properties":{"jobs":736,"pop":1202,"pointCount":5,"homeWorkCommuteMedian":21555,"workHomeCommuteMedian":4637},"geometry":{"type":"Polygon","coordinates":[[[138.47326651088744,-35.14519028547525],[138.47326651088744,-35.136197081838006],[138.48225971452467,-35.136197081838006],[138.48225971452467,-35.14519028547525],[138.47326651088744,-35.14519028547525]]]}},{"type":"Feature","properties":{"jobs":257,"pop":687,"pointCount":3,"homeWorkCommuteMedian":19188,"workHomeCommuteMedian":26997},"geometry":{"type":"Polygon","coordinates":[[[138.47326651088744,-35.136197081838006],[138.47326651088744,-35.12720387820076],[138.48225971452467,-35.12720387820076],[138.48225971452467,-35.136197081838006],[138.47326651088744,-35.136197081838006]]]}},{"type":"Feature","properties":{"jobs":0,"pop":205,"pointCount":2,"homeWorkCommuteMedian":38093,"workHomeCommuteMedian":-1},"geometry":{"type":"Polygon","coordinates":[[[138.47326651088744,-35.12720387820076],[138.47326651088744,-35.118210674563514],[138.48225971452467,-35.118210674563514],[138.48225971452467,-35.12720387820076],[138.47326651088744,-35.12720387820076]]]}},{"type":"Feature","properties":{"jobs":0,"pop":146,"pointCount":1,"homeWorkCommuteMedian":5447,"workHomeCommuteMedian":-1},"geometry":{"type":"Polygon","coordinates":[[[138.47326651088744,-35.118210674563514],[138.47326651088744,-35.10921747092627],[138.48225971452467,-35.10921747092627],[138.48225971452467,-35.118210674563514],[138.47326651088744,-35.118210674563514]]]}},{"type":"Feature","properties":{"jobs":0,"pop":229,"pointCount":1,"homeWorkCommuteMedian":50888,"workHomeCommuteMedian":-1},"geometry":{"type":"Polygon","coordinates":[[[138.47326651088744,-34.87539417635787],[138.47326651088744,-34.866400972720626],[138.48225971452467,-34.866400972720626],[138.48225971452467,-34.87539417635787],[138.47326651088744,-34.87539417635787]]]}},{"type":"Feature","properties":{"jobs":96,"pop":615,"pointCount":3,"homeWorkCommuteMedian":12316,"workHomeCommuteMedian":33562},"geometry":{"type":"Polygon","coordinates":[[[138.47326651088744,-34.866400972720626],[138.47326651088744,-34.85740776908338],[138.48225971452467,-34.85740776908338],[138.48225971452467,-34.866400972720626],[138.47326651088744,-34.866400972720626]]]}},{"type":"Feature","properties":{"jobs":0,"pop":167,"pointCount":1,"homeWorkCommuteMedian":16734,"workHomeCommuteMedian":-1},"geometry":{"type":"Polygon","coordinates":[[[138.47326651088744,-34.85740776908338],[138.47326651088744,-34.848414565446134],[138.48225971452467,-34.848414565446134],[138.48225971452467,-34.85740776908338],[138.47326651088744,-34.85740776908338]]]}},{"type":"Feature","properties":{"jobs":0,"pop":664,"pointCount":3,"homeWorkCommuteMedian":15425,"workHomeCommuteMedian":-1},"geometry":{"type":"Polygon","coordinates":[[[138.47326651088744,-34.848414565446134],[138.47326651088744,-34.83942136180889],[138.48225971452467,-34.83942136180889],[138.48225971452467,-34.848414565446134],[138.47326651088744,-34.848414565446134]]]}},{"type":"Feature","properties":{"jobs":400,"pop":100,"pointCount":1,"homeWorkCommuteMedian":16571,"workHomeCommuteMedian":13488},"geometry":{"type":"Polygon","coordinates":[[[138.47326651088744,-34.83942136180889],[138.47326651088744,-34.83042815817164],[138.48225971452467,-34.83042815817164],[138.48225971452467,-34.83942136180889],[138.47326651088744,-34.83942136180889]]]}},{"type":"Feature","properties":{"jobs":0,"pop":143,"pointCount":1,"homeWorkCommuteMedian":26106,"workHomeCommuteMedian":-1},"geometry":{"type":"Polygon","coordinates":[[[138.47326651088744,-34.78546213998541],[138.47326651088744,-34.77646893634817],[138.48225971452467,-34.77646893634817],[138.48225971452467,-34.78546213998541],[138.47326651088744,-34.78546213998541]]]}},{"type":"Feature","properties":{"jobs":0,"pop":55,"pointCount":1,"homeWorkCommuteMedian":13862,"workHomeCommuteMedian":-1},"geometry":{"type":"Polygon","coordinates":[[[138.48225971452467,-35.29807474730843],[138.48225971452467,-35.28908154367119],[138.4912529181619,-35.28908154367119],[138.4912529181619,-35.29807474730843],[138.48225971452467,-35.29807474730843]]]}},{"type":"Feature","properties":{"jobs":493,"pop":186,"pointCount":1,"homeWorkCommuteMedian":44213,"workHomeCommuteMedian":9221},"geometry":{"type":"Polygon","coordinates":[[[138.48225971452467,-35.271095136396696],[138.48225971452467,-35.26210193275945],[138.4912529181619,-35.26210193275945],[138.4912529181619,-35.271095136396696],[138.48225971452467,-35.271095136396696]]]}},{"type":"Feature","properties":{"jobs":135,"pop":266,"pointCount":1,"homeWorkCommuteMedian":14443,"workHomeCommuteMedian":10180},"geometry":{"type":"Polygon","coordinates":[[[138.48225971452467,-35.23512232184771],[138.48225971452467,-35.226129118210466],[138.4912529181619,-35.226129118210466],[138.4912529181619,-35.23512232184771],[138.48225971452467,-35.23512232184771]]]}},{"type":"Feature","properties":{"jobs":0,"pop":445,"pointCount":2,"homeWorkCommuteMedian":38713,"workHomeCommuteMedian":-1},"geometry":{"type":"Polygon","coordinates":[[[138.48225971452467,-35.21713591457322],[138.48225971452467,-35.208142710935974],[138.4912529181619,-35.208142710935974],[138.4912529181619,-35.21713591457322],[138.48225971452467,-35.21713591457322]]]}},{"type":"Feature","properties":{"jobs":0,"pop":835,"pointCount":4,"homeWorkCommuteMedian":23833,"workHomeCommuteMedian":-1},"geometry":{"type":"Polygon","coordinates":[[[138.48225971452467,-35.208142710935974],[138.48225971452467,-35.19914950729873],[138.4912529181619,-35.19914950729873],[138.4912529181619,-35.208142710935974],[138.48225971452467,-35.208142710935974]]]}},{"type":"Feature","properties":{"jobs":0,"pop":633,"pointCount":4,"homeWorkCommuteMedian":40302,"workHomeCommuteMedian":-1},"geometry":{"type":"Polygon","coordinates":[[[138.48225971452467,-35.19914950729873],[138.48225971452467,-35.19015630366148],[138.4912529181619,-35.19015630366148],[138.4912529181619,-35.19914950729873],[138.48225971452467,-35.19914950729873]]]}},{"type":"Feature","properties":{"jobs":449,"pop":197,"pointCount":1,"homeWorkCommuteMedian":33901,"workHomeCommuteMedian":14142},"geometry":{"type":"Polygon","coordinates":[[[138.48225971452467,-35.19015630366148],[138.48225971452467,-35.181163100024236],[138.4912529181619,-35.181163100024236],[138.4912529181619,-35.19015630366148],[138.48225971452467,-35.19015630366148]]]}},{"type":"Feature","properties":{"jobs":0,"pop":715,"pointCount":3,"homeWorkCommuteMedian":8505,"workHomeCommuteMedian":-1},"geometry":{"type":"Polygon","coordinates":[[[138.48225971452467,-35.181163100024236],[138.48225971452467,-35.17216989638699],[138.4912529181619,-35.17216989638699],[138.4912529181619,-35.181163100024236],[138.48225971452467,-35.181163100024236]]]}},{"type":"Feature","properties":{"jobs":0,"pop":311,"pointCount":1,"homeWorkCommuteMedian":37584,"workHomeCommuteMedian":-1},"geometry":{"type":"Polygon","coordinates":[[[138.48225971452467,-35.17216989638699],[138.48225971452467,-35.163176692749744],[138.4912529181619,-35.163176692749744],[138.4912529181619,-35.17216989638699],[138.48225971452467,-35.17216989638699]]]}},{"type":"Feature","properties":{"jobs":0,"pop":249,"pointCount":1,"homeWorkCommuteMedian":6285,"workHomeCommuteMedian":-1},"geometry":{"type":"Polygon","coordinates":[[[138.48225971452467,-35.1541834891125],[138.48225971452467,-35.14519028547525],[138.4912529181619,-35.14519028547525],[138.4912529181619,-35.1541834891125],[138.48225971452467,-35.1541834891125]]]}},{"type":"Feature","properties":{"jobs":389,"pop":337,"pointCount":2,"homeWorkCommuteMedian":25472,"workHomeCommuteMedian":3622},"geometry":{"type":"Polygon","coordinates":[[[138.48225971452467,-35.14519028547525],[138.48225971452467,-35.136197081838006],[138.4912529181619,-35.136197081838006],[138.4912529181619,-35.14519028547525],[138.48225971452467,-35.14519028547525]]]}},{"type":"Feature","properties":{"jobs":703,"pop":630,"pointCount":4,"homeWorkCommuteMedian":28292,"workHomeCommuteMedian":7716},"geometry":{"type":"Polygon","coordinates":[[[138.48225971452467,-35.136197081838006],[138.48225971452467,-35.12720387820076],[138.4912529181619,-35.12720387820076],[138.4912529181619,-35.136197081838006],[138.48225971452467,-35.136197081838006]]]}},{"type":"Feature","properties":{"jobs":116,"pop":0,"pointCount":1,"homeWorkCommuteMedian":-1,"workHomeCommuteMedian":18296},"geometry":{"type":"Polygon","coordinates":[[[138.48225971452467,-35.10921747092627],[138.48225971452467,-35.10022426728902],[138.4912529181619,-35.10022426728902],[138.4912529181619,-35.10921747092627],[138.48225971452467,-35.10921747092627]]]}},{"type":"Feature","properties":{"jobs":186,"pop":255,"pointCount":1,"homeWorkCommuteMedian":7362,"workHomeCommuteMedian":6626},"geometry":{"type":"Polygon","coordinates":[[[138.48225971452467,-34.911366990906856],[138.48225971452467,-34.90237378726961],[138.4912529181619,-34.90237378726961],[138.4912529181619,-34.911366990906856],[138.48225971452467,-34.911366990906856]]]}},{"type":"Feature","properties":{"jobs":140,"pop":340,"pointCount":1,"homeWorkCommuteMedian":23784,"workHomeCommuteMedian":14688},"geometry":{"type":"Polygon","coordinates":[[[138.48225971452467,-34.893380583632364],[138.48225971452467,-34.88438737999512],[138.4912529181619,-34.88438737999512],[138.4912529181619,-34.893380583632364],[138.48225971452467,-34.893380583632364]]]}},{"type":"Feature","properties":{"jobs":714,"pop":465,"pointCount":2,"homeWorkCommuteMedian":12222,"workHomeCommuteMedian":14150},"geometry":{"type":"Polygon","coordinates":[[[138.48225971452467,-34.88438737999512],[138.48225971452467,-34.87539417635787],[138.4912529181619,-34.87539417635787],[138.4912529181619,-34.88438737999512],[138.48225971452467,-34.88438737999512]]]}},{"type":"Feature","properties":{"jobs":0,"pop":618,"pointCount":3,"homeWorkCommuteMedian":16010,"workHomeCommuteMedian":-1},"geometry":{"type":"Polygon","coordinates":[[[138.48225971452467,-34.87539417635787],[138.48225971452467,-34.866400972720626],[138.4912529181619,-34.866400972720626],[138.4912529181619,-34.87539417635787],[138.48225971452467,-34.87539417635787]]]}},{"type":"Feature","properties":{"jobs":445,"pop":942,"pointCount":5,"homeWorkCommuteMedian":7562,"workHomeCommuteMedian":7816},"geometry":{"type":"Polygon","coordinates":[[[138.48225971452467,-34.866400972720626],[138.48225971452467,-34.85740776908338],[138.4912529181619,-34.85740776908338],[138.4912529181619,-34.866400972720626],[138.48225971452467,-34.866400972720626]]]}},{"type":"Feature","properties":{"jobs":0,"pop":1131,"pointCount":6,"homeWorkCommuteMedian":14800,"workHomeCommuteMedian":-1},"geometry":{"type":"Polygon","coordinates":[[[138.48225971452467,-34.85740776908338],[138.48225971452467,-34.848414565446134],[138.4912529181619,-34.848414565446134],[138.4912529181619,-34.85740776908338],[138.48225971452467,-34.85740776908338]]]}},{"type":"Feature","properties":{"jobs":625,"pop":1790,"pointCount":6,"homeWorkCommuteMedian":10936,"workHomeCommuteMedian":2682},"geometry":{"type":"Polygon","coordinates":[[[138.48225971452467,-34.848414565446134],[138.48225971452467,-34.83942136180889],[138.4912529181619,-34.83942136180889],[138.4912529181619,-34.848414565446134],[138.48225971452467,-34.848414565446134]]]}},{"type":"Feature","properties":{"jobs":887,"pop":1145,"pointCount":5,"homeWorkCommuteMedian":6947,"workHomeCommuteMedian":12064},"geometry":{"type":"Polygon","coordinates":[[[138.48225971452467,-34.83942136180889],[138.48225971452467,-34.83042815817164],[138.4912529181619,-34.83042815817164],[138.4912529181619,-34.83942136180889],[138.48225971452467,-34.83942136180889]]]}},{"type":"Feature","properties":{"jobs":795,"pop":508,"pointCount":4,"homeWorkCommuteMedian":13618,"workHomeCommuteMedian":13158},"geometry":{"type":"Polygon","coordinates":[[[138.48225971452467,-34.83042815817164],[138.48225971452467,-34.821434954534396],[138.4912529181619,-34.821434954534396],[138.4912529181619,-34.83042815817164],[138.48225971452467,-34.83042815817164]]]}},{"type":"Feature","properties":{"jobs":384,"pop":418,"pointCount":3,"homeWorkCommuteMedian":18751,"workHomeCommuteMedian":31584},"geometry":{"type":"Polygon","coordinates":[[[138.48225971452467,-34.79445534362266],[138.48225971452467,-34.78546213998541],[138.4912529181619,-34.78546213998541],[138.4912529181619,-34.79445534362266],[138.48225971452467,-34.79445534362266]]]}},{"type":"Feature","properties":{"jobs":0,"pop":120,"pointCount":1,"homeWorkCommuteMedian":22385,"workHomeCommuteMedian":-1},"geometry":{"type":"Polygon","coordinates":[[[138.48225971452467,-34.78546213998541],[138.48225971452467,-34.77646893634817],[138.4912529181619,-34.77646893634817],[138.4912529181619,-34.78546213998541],[138.48225971452467,-34.78546213998541]]]}},{"type":"Feature","properties":{"jobs":0,"pop":135,"pointCount":1,"homeWorkCommuteMedian":10180,"workHomeCommuteMedian":-1},"geometry":{"type":"Polygon","coordinates":[[[138.4912529181619,-35.316061154582925],[138.4912529181619,-35.30706795094568],[138.50024612179914,-35.30706795094568],[138.50024612179914,-35.316061154582925],[138.4912529181619,-35.316061154582925]]]}},{"type":"Feature","properties":{"jobs":0,"pop":617,"pointCount":1,"homeWorkCommuteMedian":34221,"workHomeCommuteMedian":-1},"geometry":{"type":"Polygon","coordinates":[[[138.4912529181619,-35.19914950729873],[138.4912529181619,-35.19015630366148],[138.50024612179914,-35.19015630366148],[138.50024612179914,-35.19914950729873],[138.4912529181619,-35.19914950729873]]]}},{"type":"Feature","properties":{"jobs":456,"pop":399,"pointCount":2,"homeWorkCommuteMedian":30699,"workHomeCommuteMedian":13034},"geometry":{"type":"Polygon","coordinates":[[[138.4912529181619,-35.19015630366148],[138.4912529181619,-35.181163100024236],[138.50024612179914,-35.181163100024236],[138.50024612179914,-35.19015630366148],[138.4912529181619,-35.19015630366148]]]}},{"type":"Feature","properties":{"jobs":196,"pop":178,"pointCount":1,"homeWorkCommuteMedian":49036,"workHomeCommuteMedian":20754},"geometry":{"type":"Polygon","coordinates":[[[138.4912529181619,-35.17216989638699],[138.4912529181619,-35.163176692749744],[138.50024612179914,-35.163176692749744],[138.50024612179914,-35.17216989638699],[138.4912529181619,-35.17216989638699]]]}},{"type":"Feature","properties":{"jobs":153,"pop":439,"pointCount":2,"homeWorkCommuteMedian":17530,"workHomeCommuteMedian":4682},"geometry":{"type":"Polygon","coordinates":[[[138.4912529181619,-35.1541834891125],[138.4912529181619,-35.14519028547525],[138.50024612179914,-35.14519028547525],[138.50024612179914,-35.1541834891125],[138.4912529181619,-35.1541834891125]]]}},{"type":"Feature","properties":{"jobs":5709,"pop":87,"pointCount":1,"homeWorkCommuteMedian":2082,"workHomeCommuteMedian":9698},"geometry":{"type":"Polygon","coordinates":[[[138.4912529181619,-35.14519028547525],[138.4912529181619,-35.136197081838006],[138.50024612179914,-35.136197081838006],[138.50024612179914,-35.14519028547525],[138.4912529181619,-35.14519028547525]]]}},{"type":"Feature","properties":{"jobs":532,"pop":359,"pointCount":4,"homeWorkCommuteMedian":26540,"workHomeCommuteMedian":12212},"geometry":{"type":"Polygon","coordinates":[[[138.4912529181619,-35.136197081838006],[138.4912529181619,-35.12720387820076],[138.50024612179914,-35.12720387820076],[138.50024612179914,-35.136197081838006],[138.4912529181619,-35.136197081838006]]]}},{"type":"Feature","properties":{"jobs":484,"pop":214,"pointCount":3,"homeWorkCommuteMedian":20286,"workHomeCommuteMedian":12520},"geometry":{"type":"Polygon","coordinates":[[[138.4912529181619,-35.12720387820076],[138.4912529181619,-35.118210674563514],[138.50024612179914,-35.118210674563514],[138.50024612179914,-35.12720387820076],[138.4912529181619,-35.12720387820076]]]}},{"type":"Feature","properties":{"jobs":548,"pop":0,"pointCount":1,"homeWorkCommuteMedian":-1,"workHomeCommuteMedian":13546},"geometry":{"type":"Polygon","coordinates":[[[138.4912529181619,-35.10921747092627],[138.4912529181619,-35.10022426728902],[138.50024612179914,-35.10022426728902],[138.50024612179914,-35.10921747092627],[138.4912529181619,-35.10921747092627]]]}},{"type":"Feature","properties":{"jobs":144,"pop":606,"pointCount":3,"homeWorkCommuteMedian":20477,"workHomeCommuteMedian":24995},"geometry":{"type":"Polygon","coordinates":[[[138.4912529181619,-35.091231063651776],[138.4912529181619,-35.08223786001453],[138.50024612179914,-35.08223786001453],[138.50024612179914,-35.091231063651776],[138.4912529181619,-35.091231063651776]]]}},{"type":"Feature","properties":{"jobs":762,"pop":160,"pointCount":2,"homeWorkCommuteMedian":25673,"workHomeCommuteMedian":17251},"geometry":{"type":"Polygon","coordinates":[[[138.4912529181619,-35.08223786001453],[138.4912529181619,-35.073244656377284],[138.50024612179914,-35.073244656377284],[138.50024612179914,-35.08223786001453],[138.4912529181619,-35.08223786001453]]]}},{"type":"Feature","properties":{"jobs":168,"pop":263,"pointCount":1,"homeWorkCommuteMedian":11282,"workHomeCommuteMedian":16701},"geometry":{"type":"Polygon","coordinates":[[[138.4912529181619,-34.94733980545584],[138.4912529181619,-34.938346601818594],[138.50024612179914,-34.938346601818594],[138.50024612179914,-34.94733980545584],[138.4912529181619,-34.94733980545584]]]}},{"type":"Feature","properties":{"jobs":0,"pop":343,"pointCount":1,"homeWorkCommuteMedian":16193,"workHomeCommuteMedian":-1},"geometry":{"type":"Polygon","coordinates":[[[138.4912529181619,-34.938346601818594],[138.4912529181619,-34.92935339818135],[138.50024612179914,-34.92935339818135],[138.50024612179914,-34.938346601818594],[138.4912529181619,-34.938346601818594]]]}},{"type":"Feature","properties":{"jobs":0,"pop":1079,"pointCount":3,"homeWorkCommuteMedian":13425,"workHomeCommuteMedian":-1},"geometry":{"type":"Polygon","coordinates":[[[138.4912529181619,-34.92935339818135],[138.4912529181619,-34.9203601945441],[138.50024612179914,-34.9203601945441],[138.50024612179914,-34.92935339818135],[138.4912529181619,-34.92935339818135]]]}},{"type":"Feature","properties":{"jobs":275,"pop":978,"pointCount":5,"homeWorkCommuteMedian":10699,"workHomeCommuteMedian":6150},"geometry":{"type":"Polygon","coordinates":[[[138.4912529181619,-34.9203601945441],[138.4912529181619,-34.911366990906856],[138.50024612179914,-34.911366990906856],[138.50024612179914,-34.9203601945441],[138.4912529181619,-34.9203601945441]]]}},{"type":"Feature","properties":{"jobs":687,"pop":1250,"pointCount":6,"homeWorkCommuteMedian":11996,"workHomeCommuteMedian":12181},"geometry":{"type":"Polygon","coordinates":[[[138.4912529181619,-34.911366990906856],[138.4912529181619,-34.90237378726961],[138.50024612179914,-34.90237378726961],[138.50024612179914,-34.911366990906856],[138.4912529181619,-34.911366990906856]]]}},{"type":"Feature","properties":{"jobs":983,"pop":772,"pointCount":5,"homeWorkCommuteMedian":12301,"workHomeCommuteMedian":11029},"geometry":{"type":"Polygon","coordinates":[[[138.4912529181619,-34.90237378726961],[138.4912529181619,-34.893380583632364],[138.50024612179914,-34.893380583632364],[138.50024612179914,-34.90237378726961],[138.4912529181619,-34.90237378726961]]]}},{"type":"Feature","properties":{"jobs":553,"pop":587,"pointCount":2,"homeWorkCommuteMedian":12700,"workHomeCommuteMedian":9217},"geometry":{"type":"Polygon","coordinates":[[[138.4912529181619,-34.893380583632364],[138.4912529181619,-34.88438737999512],[138.50024612179914,-34.88438737999512],[138.50024612179914,-34.893380583632364],[138.4912529181619,-34.893380583632364]]]}},{"type":"Feature","properties":{"jobs":1674,"pop":333,"pointCount":2,"homeWorkCommuteMedian":20026,"workHomeCommuteMedian":6188},"geometry":{"type":"Polygon","coordinates":[[[138.4912529181619,-34.88438737999512],[138.4912529181619,-34.87539417635787],[138.50024612179914,-34.87539417635787],[138.50024612179914,-34.88438737999512],[138.4912529181619,-34.88438737999512]]]}},{"type":"Feature","properties":{"jobs":0,"pop":420,"pointCount":3,"homeWorkCommuteMedian":14468,"workHomeCommuteMedian":-1},"geometry":{"type":"Polygon","coordinates":[[[138.4912529181619,-34.87539417635787],[138.4912529181619,-34.866400972720626],[138.50024612179914,-34.866400972720626],[138.50024612179914,-34.87539417635787],[138.4912529181619,-34.87539417635787]]]}},{"type":"Feature","properties":{"jobs":0,"pop":652,"pointCount":3,"homeWorkCommuteMedian":15313,"workHomeCommuteMedian":-1},"geometry":{"type":"Polygon","coordinates":[[[138.4912529181619,-34.866400972720626],[138.4912529181619,-34.85740776908338],[138.50024612179914,-34.85740776908338],[138.50024612179914,-34.866400972720626],[138.4912529181619,-34.866400972720626]]]}},{"type":"Feature","properties":{"jobs":188,"pop":478,"pointCount":2,"homeWorkCommuteMedian":14280,"workHomeCommuteMedian":15343},"geometry":{"type":"Polygon","coordinates":[[[138.4912529181619,-34.85740776908338],[138.4912529181619,-34.848414565446134],[138.50024612179914,-34.848414565446134],[138.50024612179914,-34.85740776908338],[138.4912529181619,-34.85740776908338]]]}},{"type":"Feature","properties":{"jobs":0,"pop":505,"pointCount":3,"homeWorkCommuteMedian":9280,"workHomeCommuteMedian":-1},"geometry":{"type":"Polygon","coordinates":[[[138.4912529181619,-34.848414565446134],[138.4912529181619,-34.83942136180889],[138.50024612179914,-34.83942136180889],[138.50024612179914,-34.848414565446134],[138.4912529181619,-34.848414565446134]]]}},{"type":"Feature","properties":{"jobs":0,"pop":1262,"pointCount":5,"homeWorkCommuteMedian":15350,"workHomeCommuteMedian":-1},"geometry":{"type":"Polygon","coordinates":[[[138.4912529181619,-34.83942136180889],[138.4912529181619,-34.83042815817164],[138.50024612179914,-34.83042815817164],[138.50024612179914,-34.83942136180889],[138.4912529181619,-34.83942136180889]]]}},{"type":"Feature","properties":{"jobs":228,"pop":1339,"pointCount":4,"homeWorkCommuteMedian":16146,"workHomeCommuteMedian":20233},"geometry":{"type":"Polygon","coordinates":[[[138.4912529181619,-34.83042815817164],[138.4912529181619,-34.821434954534396],[138.50024612179914,-34.821434954534396],[138.50024612179914,-34.83042815817164],[138.4912529181619,-34.83042815817164]]]}},{"type":"Feature","properties":{"jobs":253,"pop":1342,"pointCount":6,"homeWorkCommuteMedian":11679,"workHomeCommuteMedian":21798},"geometry":{"type":"Polygon","coordinates":[[[138.4912529181619,-34.821434954534396],[138.4912529181619,-34.81244175089715],[138.50024612179914,-34.81244175089715],[138.50024612179914,-34.821434954534396],[138.4912529181619,-34.821434954534396]]]}},{"type":"Feature","properties":{"jobs":265,"pop":523,"pointCount":3,"homeWorkCommuteMedian":10366,"workHomeCommuteMedian":26343},"geometry":{"type":"Polygon","coordinates":[[[138.4912529181619,-34.81244175089715],[138.4912529181619,-34.803448547259904],[138.50024612179914,-34.803448547259904],[138.50024612179914,-34.81244175089715],[138.4912529181619,-34.81244175089715]]]}},{"type":"Feature","properties":{"jobs":154,"pop":749,"pointCount":4,"homeWorkCommuteMedian":19667,"workHomeCommuteMedian":1471},"geometry":{"type":"Polygon","coordinates":[[[138.4912529181619,-34.803448547259904],[138.4912529181619,-34.79445534362266],[138.50024612179914,-34.79445534362266],[138.50024612179914,-34.803448547259904],[138.4912529181619,-34.803448547259904]]]}},{"type":"Feature","properties":{"jobs":905,"pop":1631,"pointCount":7,"homeWorkCommuteMedian":19397,"workHomeCommuteMedian":16663},"geometry":{"type":"Polygon","coordinates":[[[138.4912529181619,-34.79445534362266],[138.4912529181619,-34.78546213998541],[138.50024612179914,-34.78546213998541],[138.50024612179914,-34.79445534362266],[138.4912529181619,-34.79445534362266]]]}},{"type":"Feature","properties":{"jobs":363,"pop":592,"pointCount":4,"homeWorkCommuteMedian":8962,"workHomeCommuteMedian":27762},"geometry":{"type":"Polygon","coordinates":[[[138.4912529181619,-34.78546213998541],[138.4912529181619,-34.77646893634817],[138.50024612179914,-34.77646893634817],[138.50024612179914,-34.78546213998541],[138.4912529181619,-34.78546213998541]]]}},{"type":"Feature","properties":{"jobs":0,"pop":56,"pointCount":1,"homeWorkCommuteMedian":12505,"workHomeCommuteMedian":-1},"geometry":{"type":"Polygon","coordinates":[[[138.50024612179914,-35.208142710935974],[138.50024612179914,-35.19914950729873],[138.50923932543637,-35.19914950729873],[138.50923932543637,-35.208142710935974],[138.50024612179914,-35.208142710935974]]]}},{"type":"Feature","properties":{"jobs":271,"pop":262,"pointCount":1,"homeWorkCommuteMedian":33412,"workHomeCommuteMedian":8934},"geometry":{"type":"Polygon","coordinates":[[[138.50024612179914,-35.181163100024236],[138.50024612179914,-35.17216989638699],[138.50923932543637,-35.17216989638699],[138.50923932543637,-35.181163100024236],[138.50024612179914,-35.181163100024236]]]}},{"type":"Feature","properties":{"jobs":275,"pop":240,"pointCount":1,"homeWorkCommuteMedian":33678,"workHomeCommuteMedian":33382},"geometry":{"type":"Polygon","coordinates":[[[138.50024612179914,-35.17216989638699],[138.50024612179914,-35.163176692749744],[138.50923932543637,-35.163176692749744],[138.50923932543637,-35.17216989638699],[138.50024612179914,-35.17216989638699]]]}},{"type":"Feature","properties":{"jobs":0,"pop":584,"pointCount":3,"homeWorkCommuteMedian":19293,"workHomeCommuteMedian":-1},"geometry":{"type":"Polygon","coordinates":[[[138.50024612179914,-35.163176692749744],[138.50024612179914,-35.1541834891125],[138.50923932543637,-35.1541834891125],[138.50923932543637,-35.163176692749744],[138.50024612179914,-35.163176692749744]]]}},{"type":"Feature","properties":{"jobs":0,"pop":334,"pointCount":3,"homeWorkCommuteMedian":17112,"workHomeCommuteMedian":-1},"geometry":{"type":"Polygon","coordinates":[[[138.50024612179914,-35.1541834891125],[138.50024612179914,-35.14519028547525],[138.50923932543637,-35.14519028547525],[138.50923932543637,-35.1541834891125],[138.50024612179914,-35.1541834891125]]]}},{"type":"Feature","properties":{"jobs":0,"pop":205,"pointCount":2,"homeWorkCommuteMedian":31133,"workHomeCommuteMedian":-1},"geometry":{"type":"Polygon","coordinates":[[[138.50024612179914,-35.14519028547525],[138.50024612179914,-35.136197081838006],[138.50923932543637,-35.136197081838006],[138.50923932543637,-35.14519028547525],[138.50024612179914,-35.14519028547525]]]}},{"type":"Feature","properties":{"jobs":266,"pop":641,"pointCount":4,"homeWorkCommuteMedian":26022,"workHomeCommuteMedian":9842},"geometry":{"type":"Polygon","coordinates":[[[138.50024612179914,-35.136197081838006],[138.50024612179914,-35.12720387820076],[138.50923932543637,-35.12720387820076],[138.50923932543637,-35.136197081838006],[138.50024612179914,-35.136197081838006]]]}},{"type":"Feature","properties":{"jobs":111,"pop":491,"pointCount":3,"homeWorkCommuteMedian":4637,"workHomeCommuteMedian":5750},"geometry":{"type":"Polygon","coordinates":[[[138.50024612179914,-35.12720387820076],[138.50024612179914,-35.118210674563514],[138.50923932543637,-35.118210674563514],[138.50923932543637,-35.12720387820076],[138.50024612179914,-35.12720387820076]]]}},{"type":"Feature","properties":{"jobs":5899,"pop":0,"pointCount":1,"homeWorkCommuteMedian":-1,"workHomeCommuteMedian":9116},"geometry":{"type":"Polygon","coordinates":[[[138.50024612179914,-35.10921747092627],[138.50024612179914,-35.10022426728902],[138.50923932543637,-35.10022426728902],[138.50923932543637,-35.10921747092627],[138.50024612179914,-35.10921747092627]]]}},{"type":"Feature","properties":{"jobs":0,"pop":883,"pointCount":3,"homeWorkCommuteMedian":25454,"workHomeCommuteMedian":-1},"geometry":{"type":"Polygon","coordinates":[[[138.50024612179914,-35.091231063651776],[138.50024612179914,-35.08223786001453],[138.50923932543637,-35.08223786001453],[138.50923932543637,-35.091231063651776],[138.50024612179914,-35.091231063651776]]]}},{"type":"Feature","properties":{"jobs":0,"pop":601,"pointCount":3,"homeWorkCommuteMedian":18428,"workHomeCommuteMedian":-1},"geometry":{"type":"Polygon","coordinates":[[[138.50024612179914,-35.08223786001453],[138.50024612179914,-35.073244656377284],[138.50923932543637,-35.073244656377284],[138.50923932543637,-35.08223786001453],[138.50024612179914,-35.08223786001453]]]}},{"type":"Feature","properties":{"jobs":0,"pop":642,"pointCount":3,"homeWorkCommuteMedian":22895,"workHomeCommuteMedian":-1},"geometry":{"type":"Polygon","coordinates":[[[138.50024612179914,-35.073244656377284],[138.50024612179914,-35.06425145274004],[138.50923932543637,-35.06425145274004],[138.50923932543637,-35.073244656377284],[138.50024612179914,-35.073244656377284]]]}},{"type":"Feature","properties":{"jobs":0,"pop":504,"pointCount":3,"homeWorkCommuteMedian":11992,"workHomeCommuteMedian":-1},"geometry":{"type":"Polygon","coordinates":[[[138.50024612179914,-35.06425145274004],[138.50024612179914,-35.05525824910279],[138.50923932543637,-35.05525824910279],[138.50923932543637,-35.06425145274004],[138.50024612179914,-35.06425145274004]]]}},{"type":"Feature","properties":{"jobs":0,"pop":109,"pointCount":1,"homeWorkCommuteMedian":12682,"workHomeCommuteMedian":-1},"geometry":{"type":"Polygon","coordinates":[[[138.50024612179914,-35.05525824910279],[138.50024612179914,-35.046265045465546],[138.50923932543637,-35.046265045465546],[138.50923932543637,-35.05525824910279],[138.50024612179914,-35.05525824910279]]]}},{"type":"Feature","properties":{"jobs":199,"pop":0,"pointCount":1,"homeWorkCommuteMedian":-1,"workHomeCommuteMedian":44129},"geometry":{"type":"Polygon","coordinates":[[[138.50024612179914,-34.956333009093086],[138.50024612179914,-34.94733980545584],[138.50923932543637,-34.94733980545584],[138.50923932543637,-34.956333009093086],[138.50024612179914,-34.956333009093086]]]}},{"type":"Feature","properties":{"jobs":278,"pop":1283,"pointCount":4,"homeWorkCommuteMedian":10354,"workHomeCommuteMedian":21005},"geometry":{"type":"Polygon","coordinates":[[[138.50024612179914,-34.94733980545584],[138.50024612179914,-34.938346601818594],[138.50923932543637,-34.938346601818594],[138.50923932543637,-34.94733980545584],[138.50024612179914,-34.94733980545584]]]}},{"type":"Feature","properties":{"jobs":289,"pop":585,"pointCount":2,"homeWorkCommuteMedian":13084,"workHomeCommuteMedian":7665},"geometry":{"type":"Polygon","coordinates":[[[138.50024612179914,-34.938346601818594],[138.50024612179914,-34.92935339818135],[138.50923932543637,-34.92935339818135],[138.50923932543637,-34.938346601818594],[138.50024612179914,-34.938346601818594]]]}},{"type":"Feature","properties":{"jobs":709,"pop":985,"pointCount":4,"homeWorkCommuteMedian":7816,"workHomeCommuteMedian":14265},"geometry":{"type":"Polygon","coordinates":[[[138.50024612179914,-34.92935339818135],[138.50024612179914,-34.9203601945441],[138.50923932543637,-34.9203601945441],[138.50923932543637,-34.92935339818135],[138.50024612179914,-34.92935339818135]]]}},{"type":"Feature","properties":{"jobs":831,"pop":940,"pointCount":5,"homeWorkCommuteMedian":10919,"workHomeCommuteMedian":2411},"geometry":{"type":"Polygon","coordinates":[[[138.50024612179914,-34.9203601945441],[138.50024612179914,-34.911366990906856],[138.50923932543637,-34.911366990906856],[138.50923932543637,-34.9203601945441],[138.50024612179914,-34.9203601945441]]]}},{"type":"Feature","properties":{"jobs":0,"pop":1277,"pointCount":6,"homeWorkCommuteMedian":10866,"workHomeCommuteMedian":-1},"geometry":{"type":"Polygon","coordinates":[[[138.50024612179914,-34.911366990906856],[138.50024612179914,-34.90237378726961],[138.50923932543637,-34.90237378726961],[138.50923932543637,-34.911366990906856],[138.50024612179914,-34.911366990906856]]]}},{"type":"Feature","properties":{"jobs":0,"pop":606,"pointCount":3,"homeWorkCommuteMedian":5384,"workHomeCommuteMedian":-1},"geometry":{"type":"Polygon","coordinates":[[[138.50024612179914,-34.90237378726961],[138.50024612179914,-34.893380583632364],[138.50923932543637,-34.893380583632364],[138.50923932543637,-34.90237378726961],[138.50024612179914,-34.90237378726961]]]}},{"type":"Feature","properties":{"jobs":0,"pop":704,"pointCount":3,"homeWorkCommuteMedian":11894,"workHomeCommuteMedian":-1},"geometry":{"type":"Polygon","coordinates":[[[138.50024612179914,-34.893380583632364],[138.50024612179914,-34.88438737999512],[138.50923932543637,-34.88438737999512],[138.50923932543637,-34.893380583632364],[138.50024612179914,-34.893380583632364]]]}},{"type":"Feature","properties":{"jobs":515,"pop":692,"pointCount":3,"homeWorkCommuteMedian":11076,"workHomeCommuteMedian":8490},"geometry":{"type":"Polygon","coordinates":[[[138.50024612179914,-34.88438737999512],[138.50024612179914,-34.87539417635787],[138.50923932543637,-34.87539417635787],[138.50923932543637,-34.88438737999512],[138.50024612179914,-34.88438737999512]]]}},{"type":"Feature","properties":{"jobs":133,"pop":454,"pointCount":2,"homeWorkCommuteMedian":13128,"workHomeCommuteMedian":2446},"geometry":{"type":"Polygon","coordinates":[[[138.50024612179914,-34.87539417635787],[138.50024612179914,-34.866400972720626],[138.50923932543637,-34.866400972720626],[138.50923932543637,-34.87539417635787],[138.50024612179914,-34.87539417635787]]]}},{"type":"Feature","properties":{"jobs":746,"pop":345,"pointCount":3,"homeWorkCommuteMedian":15574,"workHomeCommuteMedian":9776},"geometry":{"type":"Polygon","coordinates":[[[138.50024612179914,-34.866400972720626],[138.50024612179914,-34.85740776908338],[138.50923932543637,-34.85740776908338],[138.50923932543637,-34.866400972720626],[138.50024612179914,-34.866400972720626]]]}},{"type":"Feature","properties":{"jobs":1609,"pop":550,"pointCount":4,"homeWorkCommuteMedian":23096,"workHomeCommuteMedian":14967},"geometry":{"type":"Polygon","coordinates":[[[138.50024612179914,-34.85740776908338],[138.50024612179914,-34.848414565446134],[138.50923932543637,-34.848414565446134],[138.50923932543637,-34.85740776908338],[138.50024612179914,-34.85740776908338]]]}},{"type":"Feature","properties":{"jobs":2365,"pop":195,"pointCount":3,"homeWorkCommuteMedian":15229,"workHomeCommuteMedian":10048},"geometry":{"type":"Polygon","coordinates":[[[138.50024612179914,-34.848414565446134],[138.50024612179914,-34.83942136180889],[138.50923932543637,-34.83942136180889],[138.50923932543637,-34.848414565446134],[138.50024612179914,-34.848414565446134]]]}},{"type":"Feature","properties":{"jobs":294,"pop":231,"pointCount":1,"homeWorkCommuteMedian":19614,"workHomeCommuteMedian":31630},"geometry":{"type":"Polygon","coordinates":[[[138.50024612179914,-34.83942136180889],[138.50024612179914,-34.83042815817164],[138.50923932543637,-34.83042815817164],[138.50923932543637,-34.83942136180889],[138.50024612179914,-34.83942136180889]]]}},{"type":"Feature","properties":{"jobs":312,"pop":0,"pointCount":1,"homeWorkCommuteMedian":-1,"workHomeCommuteMedian":14297},"geometry":{"type":"Polygon","coordinates":[[[138.50024612179914,-34.83042815817164],[138.50024612179914,-34.821434954534396],[138.50923932543637,-34.821434954534396],[138.50923932543637,-34.83042815817164],[138.50024612179914,-34.83042815817164]]]}},{"type":"Feature","properties":{"jobs":179,"pop":654,"pointCount":2,"homeWorkCommuteMedian":19796,"workHomeCommuteMedian":20635},"geometry":{"type":"Polygon","coordinates":[[[138.50024612179914,-34.821434954534396],[138.50024612179914,-34.81244175089715],[138.50923932543637,-34.81244175089715],[138.50923932543637,-34.821434954534396],[138.50024612179914,-34.821434954534396]]]}},{"type":"Feature","properties":{"jobs":121,"pop":567,"pointCount":3,"homeWorkCommuteMedian":25472,"workHomeCommuteMedian":26119},"geometry":{"type":"Polygon","coordinates":[[[138.50024612179914,-34.81244175089715],[138.50024612179914,-34.803448547259904],[138.50923932543637,-34.803448547259904],[138.50923932543637,-34.81244175089715],[138.50024612179914,-34.81244175089715]]]}},{"type":"Feature","properties":{"jobs":0,"pop":560,"pointCount":3,"homeWorkCommuteMedian":18782,"workHomeCommuteMedian":-1},"geometry":{"type":"Polygon","coordinates":[[[138.50024612179914,-34.803448547259904],[138.50024612179914,-34.79445534362266],[138.50923932543637,-34.79445534362266],[138.50923932543637,-34.803448547259904],[138.50024612179914,-34.803448547259904]]]}},{"type":"Feature","properties":{"jobs":2812,"pop":0,"pointCount":1,"homeWorkCommuteMedian":-1,"workHomeCommuteMedian":21490},"geometry":{"type":"Polygon","coordinates":[[[138.50024612179914,-34.77646893634817],[138.50024612179914,-34.76747573271092],[138.50923932543637,-34.76747573271092],[138.50923932543637,-34.77646893634817],[138.50024612179914,-34.77646893634817]]]}},{"type":"Feature","properties":{"jobs":185,"pop":115,"pointCount":1,"homeWorkCommuteMedian":8991,"workHomeCommuteMedian":20248},"geometry":{"type":"Polygon","coordinates":[[[138.50024612179914,-34.68653689997571],[138.50024612179914,-34.67754369633846],[138.50923932543637,-34.67754369633846],[138.50923932543637,-34.68653689997571],[138.50024612179914,-34.68653689997571]]]}},{"type":"Feature","properties":{"jobs":0,"pop":96,"pointCount":1,"homeWorkCommuteMedian":19405,"workHomeCommuteMedian":-1},"geometry":{"type":"Polygon","coordinates":[[[138.50923932543637,-35.271095136396696],[138.50923932543637,-35.26210193275945],[138.5182325290736,-35.26210193275945],[138.5182325290736,-35.271095136396696],[138.50923932543637,-35.271095136396696]]]}},{"type":"Feature","properties":{"jobs":381,"pop":104,"pointCount":1,"homeWorkCommuteMedian":51339,"workHomeCommuteMedian":12521},"geometry":{"type":"Polygon","coordinates":[[[138.50923932543637,-35.24411552548496],[138.50923932543637,-35.23512232184771],[138.5182325290736,-35.23512232184771],[138.5182325290736,-35.24411552548496],[138.50923932543637,-35.24411552548496]]]}},{"type":"Feature","properties":{"jobs":0,"pop":723,"pointCount":4,"homeWorkCommuteMedian":28638,"workHomeCommuteMedian":-1},"geometry":{"type":"Polygon","coordinates":[[[138.50923932543637,-35.163176692749744],[138.50923932543637,-35.1541834891125],[138.5182325290736,-35.1541834891125],[138.5182325290736,-35.163176692749744],[138.50923932543637,-35.163176692749744]]]}},{"type":"Feature","properties":{"jobs":0,"pop":788,"pointCount":5,"homeWorkCommuteMedian":12521,"workHomeCommuteMedian":-1},"geometry":{"type":"Polygon","coordinates":[[[138.50923932543637,-35.1541834891125],[138.50923932543637,-35.14519028547525],[138.5182325290736,-35.14519028547525],[138.5182325290736,-35.1541834891125],[138.50923932543637,-35.1541834891125]]]}},{"type":"Feature","properties":{"jobs":0,"pop":166,"pointCount":2,"homeWorkCommuteMedian":6306,"workHomeCommuteMedian":-1},"geometry":{"type":"Polygon","coordinates":[[[138.50923932543637,-35.14519028547525],[138.50923932543637,-35.136197081838006],[138.5182325290736,-35.136197081838006],[138.5182325290736,-35.14519028547525],[138.50923932543637,-35.14519028547525]]]}},{"type":"Feature","properties":{"jobs":263,"pop":634,"pointCount":4,"homeWorkCommuteMedian":9898,"workHomeCommuteMedian":13069},"geometry":{"type":"Polygon","coordinates":[[[138.50923932543637,-35.136197081838006],[138.50923932543637,-35.12720387820076],[138.5182325290736,-35.12720387820076],[138.5182325290736,-35.136197081838006],[138.50923932543637,-35.136197081838006]]]}},{"type":"Feature","properties":{"jobs":666,"pop":773,"pointCount":3,"homeWorkCommuteMedian":26418,"workHomeCommuteMedian":16442},"geometry":{"type":"Polygon","coordinates":[[[138.50923932543637,-35.12720387820076],[138.50923932543637,-35.118210674563514],[138.5182325290736,-35.118210674563514],[138.5182325290736,-35.12720387820076],[138.50923932543637,-35.12720387820076]]]}},{"type":"Feature","properties":{"jobs":463,"pop":734,"pointCount":4,"homeWorkCommuteMedian":24539,"workHomeCommuteMedian":6834},"geometry":{"type":"Polygon","coordinates":[[[138.50923932543637,-35.118210674563514],[138.50923932543637,-35.10921747092627],[138.5182325290736,-35.10921747092627],[138.5182325290736,-35.118210674563514],[138.50923932543637,-35.118210674563514]]]}},{"type":"Feature","properties":{"jobs":428,"pop":472,"pointCount":2,"homeWorkCommuteMedian":5431,"workHomeCommuteMedian":20188},"geometry":{"type":"Polygon","coordinates":[[[138.50923932543637,-35.10921747092627],[138.50923932543637,-35.10022426728902],[138.5182325290736,-35.10022426728902],[138.5182325290736,-35.10921747092627],[138.50923932543637,-35.10921747092627]]]}},{"type":"Feature","properties":{"jobs":0,"pop":92,"pointCount":1,"homeWorkCommuteMedian":33830,"workHomeCommuteMedian":-1},"geometry":{"type":"Polygon","coordinates":[[[138.50923932543637,-35.10022426728902],[138.50923932543637,-35.091231063651776],[138.5182325290736,-35.091231063651776],[138.5182325290736,-35.10022426728902],[138.50923932543637,-35.10022426728902]]]}},{"type":"Feature","properties":{"jobs":407,"pop":347,"pointCount":1,"homeWorkCommuteMedian":23368,"workHomeCommuteMedian":8782},"geometry":{"type":"Polygon","coordinates":[[[138.50923932543637,-35.091231063651776],[138.50923932543637,-35.08223786001453],[138.5182325290736,-35.08223786001453],[138.5182325290736,-35.091231063651776],[138.50923932543637,-35.091231063651776]]]}},{"type":"Feature","properties":{"jobs":110,"pop":623,"pointCount":4,"homeWorkCommuteMedian":25334,"workHomeCommuteMedian":3299},"geometry":{"type":"Polygon","coordinates":[[[138.50923932543637,-35.08223786001453],[138.50923932543637,-35.073244656377284],[138.5182325290736,-35.073244656377284],[138.5182325290736,-35.08223786001453],[138.50923932543637,-35.08223786001453]]]}},{"type":"Feature","properties":{"jobs":0,"pop":939,"pointCount":4,"homeWorkCommuteMedian":20256,"workHomeCommuteMedian":-1},"geometry":{"type":"Polygon","coordinates":[[[138.50923932543637,-35.073244656377284],[138.50923932543637,-35.06425145274004],[138.5182325290736,-35.06425145274004],[138.5182325290736,-35.073244656377284],[138.50923932543637,-35.073244656377284]]]}},{"type":"Feature","properties":{"jobs":380,"pop":303,"pointCount":3,"homeWorkCommuteMedian":19981,"workHomeCommuteMedian":4134},"geometry":{"type":"Polygon","coordinates":[[[138.50923932543637,-35.05525824910279],[138.50923932543637,-35.046265045465546],[138.5182325290736,-35.046265045465546],[138.5182325290736,-35.05525824910279],[138.50923932543637,-35.05525824910279]]]}},{"type":"Feature","properties":{"jobs":186,"pop":496,"pointCount":2,"homeWorkCommuteMedian":14657,"workHomeCommuteMedian":1685},"geometry":{"type":"Polygon","coordinates":[[[138.50923932543637,-35.046265045465546],[138.50923932543637,-35.0372718418283],[138.5182325290736,-35.0372718418283],[138.5182325290736,-35.046265045465546],[138.50923932543637,-35.046265045465546]]]}},{"type":"Feature","properties":{"jobs":0,"pop":167,"pointCount":1,"homeWorkCommuteMedian":9718,"workHomeCommuteMedian":-1},"geometry":{"type":"Polygon","coordinates":[[[138.50923932543637,-35.028278638191054],[138.50923932543637,-35.01928543455381],[138.5182325290736,-35.01928543455381],[138.5182325290736,-35.028278638191054],[138.50923932543637,-35.028278638191054]]]}},{"type":"Feature","properties":{"jobs":1115,"pop":522,"pointCount":3,"homeWorkCommuteMedian":15072,"workHomeCommuteMedian":15479},"geometry":{"type":"Polygon","coordinates":[[[138.50923932543637,-35.01928543455381],[138.50923932543637,-35.01029223091656],[138.5182325290736,-35.01029223091656],[138.5182325290736,-35.01928543455381],[138.50923932543637,-35.01928543455381]]]}},{"type":"Feature","properties":{"jobs":638,"pop":496,"pointCount":3,"homeWorkCommuteMedian":18522,"workHomeCommuteMedian":13906},"geometry":{"type":"Polygon","coordinates":[[[138.50923932543637,-35.01029223091656],[138.50923932543637,-35.001299027279316],[138.5182325290736,-35.001299027279316],[138.5182325290736,-35.01029223091656],[138.50923932543637,-35.01029223091656]]]}},{"type":"Feature","properties":{"jobs":584,"pop":758,"pointCount":3,"homeWorkCommuteMedian":14950,"workHomeCommuteMedian":10250},"geometry":{"type":"Polygon","coordinates":[[[138.50923932543637,-35.001299027279316],[138.50923932543637,-34.99230582364207],[138.5182325290736,-34.99230582364207],[138.5182325290736,-35.001299027279316],[138.50923932543637,-35.001299027279316]]]}},{"type":"Feature","properties":{"jobs":1315,"pop":913,"pointCount":4,"homeWorkCommuteMedian":14688,"workHomeCommuteMedian":10395},"geometry":{"type":"Polygon","coordinates":[[[138.50923932543637,-34.99230582364207],[138.50923932543637,-34.983312620004824],[138.5182325290736,-34.983312620004824],[138.5182325290736,-34.99230582364207],[138.50923932543637,-34.99230582364207]]]}},{"type":"Feature","properties":{"jobs":1451,"pop":1449,"pointCount":7,"homeWorkCommuteMedian":13568,"workHomeCommuteMedian":13023},"geometry":{"type":"Polygon","coordinates":[[[138.50923932543637,-34.983312620004824],[138.50923932543637,-34.97431941636758],[138.5182325290736,-34.97431941636758],[138.5182325290736,-34.983312620004824],[138.50923932543637,-34.983312620004824]]]}},{"type":"Feature","properties":{"jobs":518,"pop":718,"pointCount":3,"homeWorkCommuteMedian":10260,"workHomeCommuteMedian":10319},"geometry":{"type":"Polygon","coordinates":[[[138.50923932543637,-34.97431941636758],[138.50923932543637,-34.96532621273033],[138.5182325290736,-34.96532621273033],[138.5182325290736,-34.97431941636758],[138.50923932543637,-34.97431941636758]]]}},{"type":"Feature","properties":{"jobs":0,"pop":213,"pointCount":1,"homeWorkCommuteMedian":11541,"workHomeCommuteMedian":-1},"geometry":{"type":"Polygon","coordinates":[[[138.50923932543637,-34.96532621273033],[138.50923932543637,-34.956333009093086],[138.5182325290736,-34.956333009093086],[138.5182325290736,-34.96532621273033],[138.50923932543637,-34.96532621273033]]]}},{"type":"Feature","properties":{"jobs":277,"pop":0,"pointCount":1,"homeWorkCommuteMedian":-1,"workHomeCommuteMedian":24314},"geometry":{"type":"Polygon","coordinates":[[[138.50923932543637,-34.956333009093086],[138.50923932543637,-34.94733980545584],[138.5182325290736,-34.94733980545584],[138.5182325290736,-34.956333009093086],[138.50923932543637,-34.956333009093086]]]}},{"type":"Feature","properties":{"jobs":0,"pop":571,"pointCount":4,"homeWorkCommuteMedian":14084,"workHomeCommuteMedian":-1},"geometry":{"type":"Polygon","coordinates":[[[138.50923932543637,-34.94733980545584],[138.50923932543637,-34.938346601818594],[138.5182325290736,-34.938346601818594],[138.5182325290736,-34.94733980545584],[138.50923932543637,-34.94733980545584]]]}},{"type":"Feature","properties":{"jobs":148,"pop":749,"pointCount":4,"homeWorkCommuteMedian":19076,"workHomeCommuteMedian":14280},"geometry":{"type":"Polygon","coordinates":[[[138.50923932543637,-34.938346601818594],[138.50923932543637,-34.92935339818135],[138.5182325290736,-34.92935339818135],[138.5182325290736,-34.938346601818594],[138.50923932543637,-34.938346601818594]]]}},{"type":"Feature","properties":{"jobs":910,"pop":1219,"pointCount":4,"homeWorkCommuteMedian":10048,"workHomeCommuteMedian":5055},"geometry":{"type":"Polygon","coordinates":[[[138.50923932543637,-34.92935339818135],[138.50923932543637,-34.9203601945441],[138.5182325290736,-34.9203601945441],[138.5182325290736,-34.92935339818135],[138.50923932543637,-34.92935339818135]]]}},{"type":"Feature","properties":{"jobs":347,"pop":1122,"pointCount":5,"homeWorkCommuteMedian":10276,"workHomeCommuteMedian":25218},"geometry":{"type":"Polygon","coordinates":[[[138.50923932543637,-34.9203601945441],[138.50923932543637,-34.911366990906856],[138.5182325290736,-34.911366990906856],[138.5182325290736,-34.9203601945441],[138.50923932543637,-34.9203601945441]]]}},{"type":"Feature","properties":{"jobs":289,"pop":1203,"pointCount":5,"homeWorkCommuteMedian":9920,"workHomeCommuteMedian":14478},"geometry":{"type":"Polygon","coordinates":[[[138.50923932543637,-34.911366990906856],[138.50923932543637,-34.90237378726961],[138.5182325290736,-34.90237378726961],[138.5182325290736,-34.911366990906856],[138.50923932543637,-34.911366990906856]]]}},{"type":"Feature","properties":{"jobs":158,"pop":1022,"pointCount":5,"homeWorkCommuteMedian":10555,"workHomeCommuteMedian":5000},"geometry":{"type":"Polygon","coordinates":[[[138.50923932543637,-34.90237378726961],[138.50923932543637,-34.893380583632364],[138.5182325290736,-34.893380583632364],[138.5182325290736,-34.90237378726961],[138.50923932543637,-34.90237378726961]]]}},{"type":"Feature","properties":{"jobs":489,"pop":886,"pointCount":3,"homeWorkCommuteMedian":8413,"workHomeCommuteMedian":12476},"geometry":{"type":"Polygon","coordinates":[[[138.50923932543637,-34.893380583632364],[138.50923932543637,-34.88438737999512],[138.5182325290736,-34.88438737999512],[138.5182325290736,-34.893380583632364],[138.50923932543637,-34.893380583632364]]]}},{"type":"Feature","properties":{"jobs":1238,"pop":947,"pointCount":6,"homeWorkCommuteMedian":8935,"workHomeCommuteMedian":6386},"geometry":{"type":"Polygon","coordinates":[[[138.50923932543637,-34.88438737999512],[138.50923932543637,-34.87539417635787],[138.5182325290736,-34.87539417635787],[138.5182325290736,-34.88438737999512],[138.50923932543637,-34.88438737999512]]]}},{"type":"Feature","properties":{"jobs":1061,"pop":1707,"pointCount":5,"homeWorkCommuteMedian":10375,"workHomeCommuteMedian":33653},"geometry":{"type":"Polygon","coordinates":[[[138.50923932543637,-34.87539417635787],[138.50923932543637,-34.866400972720626],[138.5182325290736,-34.866400972720626],[138.5182325290736,-34.87539417635787],[138.50923932543637,-34.87539417635787]]]}},{"type":"Feature","properties":{"jobs":450,"pop":768,"pointCount":4,"homeWorkCommuteMedian":8874,"workHomeCommuteMedian":5083},"geometry":{"type":"Polygon","coordinates":[[[138.50923932543637,-34.866400972720626],[138.50923932543637,-34.85740776908338],[138.5182325290736,-34.85740776908338],[138.5182325290736,-34.866400972720626],[138.50923932543637,-34.866400972720626]]]}},{"type":"Feature","properties":{"jobs":561,"pop":744,"pointCount":3,"homeWorkCommuteMedian":19235,"workHomeCommuteMedian":15350},"geometry":{"type":"Polygon","coordinates":[[[138.50923932543637,-34.85740776908338],[138.50923932543637,-34.848414565446134],[138.5182325290736,-34.848414565446134],[138.5182325290736,-34.85740776908338],[138.50923932543637,-34.85740776908338]]]}},{"type":"Feature","properties":{"jobs":1450,"pop":168,"pointCount":1,"homeWorkCommuteMedian":10412,"workHomeCommuteMedian":19718},"geometry":{"type":"Polygon","coordinates":[[[138.50923932543637,-34.848414565446134],[138.50923932543637,-34.83942136180889],[138.5182325290736,-34.83942136180889],[138.5182325290736,-34.848414565446134],[138.50923932543637,-34.848414565446134]]]}},{"type":"Feature","properties":{"jobs":711,"pop":0,"pointCount":1,"homeWorkCommuteMedian":-1,"workHomeCommuteMedian":13185},"geometry":{"type":"Polygon","coordinates":[[[138.50923932543637,-34.83042815817164],[138.50923932543637,-34.821434954534396],[138.5182325290736,-34.821434954534396],[138.5182325290736,-34.83042815817164],[138.50923932543637,-34.83042815817164]]]}},{"type":"Feature","properties":{"jobs":0,"pop":101,"pointCount":1,"homeWorkCommuteMedian":24294,"workHomeCommuteMedian":-1},"geometry":{"type":"Polygon","coordinates":[[[138.50923932543637,-34.60559806724049],[138.50923932543637,-34.59660486360325],[138.5182325290736,-34.59660486360325],[138.5182325290736,-34.60559806724049],[138.50923932543637,-34.60559806724049]]]}},{"type":"Feature","properties":{"jobs":0,"pop":190,"pointCount":1,"homeWorkCommuteMedian":34423,"workHomeCommuteMedian":-1},"geometry":{"type":"Polygon","coordinates":[[[138.50923932543637,-34.59660486360325],[138.50923932543637,-34.587611659966],[138.5182325290736,-34.587611659966],[138.5182325290736,-34.59660486360325],[138.50923932543637,-34.59660486360325]]]}},{"type":"Feature","properties":{"jobs":0,"pop":293,"pointCount":1,"homeWorkCommuteMedian":25558,"workHomeCommuteMedian":-1},"geometry":{"type":"Polygon","coordinates":[[[138.50923932543637,-34.587611659966],[138.50923932543637,-34.578618456328755],[138.5182325290736,-34.578618456328755],[138.5182325290736,-34.587611659966],[138.50923932543637,-34.587611659966]]]}},{"type":"Feature","properties":{"jobs":0,"pop":334,"pointCount":2,"homeWorkCommuteMedian":20281,"workHomeCommuteMedian":-1},"geometry":{"type":"Polygon","coordinates":[[[138.5182325290736,-35.1541834891125],[138.5182325290736,-35.14519028547525],[138.52722573271083,-35.14519028547525],[138.52722573271083,-35.1541834891125],[138.5182325290736,-35.1541834891125]]]}},{"type":"Feature","properties":{"jobs":0,"pop":644,"pointCount":5,"homeWorkCommuteMedian":19966,"workHomeCommuteMedian":-1},"geometry":{"type":"Polygon","coordinates":[[[138.5182325290736,-35.14519028547525],[138.5182325290736,-35.136197081838006],[138.52722573271083,-35.136197081838006],[138.52722573271083,-35.14519028547525],[138.5182325290736,-35.14519028547525]]]}},{"type":"Feature","properties":{"jobs":148,"pop":563,"pointCount":3,"homeWorkCommuteMedian":5275,"workHomeCommuteMedian":1743},"geometry":{"type":"Polygon","coordinates":[[[138.5182325290736,-35.136197081838006],[138.5182325290736,-35.12720387820076],[138.52722573271083,-35.12720387820076],[138.52722573271083,-35.136197081838006],[138.5182325290736,-35.136197081838006]]]}},{"type":"Feature","properties":{"jobs":68,"pop":401,"pointCount":3,"homeWorkCommuteMedian":19464,"workHomeCommuteMedian":14443},"geometry":{"type":"Polygon","coordinates":[[[138.5182325290736,-35.12720387820076],[138.5182325290736,-35.118210674563514],[138.52722573271083,-35.118210674563514],[138.52722573271083,-35.12720387820076],[138.5182325290736,-35.12720387820076]]]}},{"type":"Feature","properties":{"jobs":411,"pop":1033,"pointCount":6,"homeWorkCommuteMedian":17833,"workHomeCommuteMedian":4408},"geometry":{"type":"Polygon","coordinates":[[[138.5182325290736,-35.118210674563514],[138.5182325290736,-35.10921747092627],[138.52722573271083,-35.10921747092627],[138.52722573271083,-35.118210674563514],[138.5182325290736,-35.118210674563514]]]}},{"type":"Feature","properties":{"jobs":234,"pop":599,"pointCount":3,"homeWorkCommuteMedian":6739,"workHomeCommuteMedian":10419},"geometry":{"type":"Polygon","coordinates":[[[138.5182325290736,-35.10921747092627],[138.5182325290736,-35.10022426728902],[138.52722573271083,-35.10022426728902],[138.52722573271083,-35.10921747092627],[138.5182325290736,-35.10921747092627]]]}},{"type":"Feature","properties":{"jobs":86,"pop":875,"pointCount":3,"homeWorkCommuteMedian":11822,"workHomeCommuteMedian":15752},"geometry":{"type":"Polygon","coordinates":[[[138.5182325290736,-35.10022426728902],[138.5182325290736,-35.091231063651776],[138.52722573271083,-35.091231063651776],[138.52722573271083,-35.10022426728902],[138.5182325290736,-35.10022426728902]]]}},{"type":"Feature","properties":{"jobs":0,"pop":862,"pointCount":3,"homeWorkCommuteMedian":12219,"workHomeCommuteMedian":-1},"geometry":{"type":"Polygon","coordinates":[[[138.5182325290736,-35.091231063651776],[138.5182325290736,-35.08223786001453],[138.52722573271083,-35.08223786001453],[138.52722573271083,-35.091231063651776],[138.5182325290736,-35.091231063651776]]]}},{"type":"Feature","properties":{"jobs":0,"pop":635,"pointCount":3,"homeWorkCommuteMedian":21777,"workHomeCommuteMedian":-1},"geometry":{"type":"Polygon","coordinates":[[[138.5182325290736,-35.08223786001453],[138.5182325290736,-35.073244656377284],[138.52722573271083,-35.073244656377284],[138.52722573271083,-35.08223786001453],[138.5182325290736,-35.08223786001453]]]}},{"type":"Feature","properties":{"jobs":130,"pop":1081,"pointCount":5,"homeWorkCommuteMedian":21009,"workHomeCommuteMedian":40154},"geometry":{"type":"Polygon","coordinates":[[[138.5182325290736,-35.073244656377284],[138.5182325290736,-35.06425145274004],[138.52722573271083,-35.06425145274004],[138.52722573271083,-35.073244656377284],[138.5182325290736,-35.073244656377284]]]}},{"type":"Feature","properties":{"jobs":0,"pop":229,"pointCount":1,"homeWorkCommuteMedian":18595,"workHomeCommuteMedian":-1},"geometry":{"type":"Polygon","coordinates":[[[138.5182325290736,-35.06425145274004],[138.5182325290736,-35.05525824910279],[138.52722573271083,-35.05525824910279],[138.52722573271083,-35.06425145274004],[138.5182325290736,-35.06425145274004]]]}},{"type":"Feature","properties":{"jobs":0,"pop":159,"pointCount":1,"homeWorkCommuteMedian":17776,"workHomeCommuteMedian":-1},"geometry":{"type":"Polygon","coordinates":[[[138.5182325290736,-35.05525824910279],[138.5182325290736,-35.046265045465546],[138.52722573271083,-35.046265045465546],[138.52722573271083,-35.05525824910279],[138.5182325290736,-35.05525824910279]]]}},{"type":"Feature","properties":{"jobs":0,"pop":358,"pointCount":1,"homeWorkCommuteMedian":26012,"workHomeCommuteMedian":-1},"geometry":{"type":"Polygon","coordinates":[[[138.5182325290736,-35.046265045465546],[138.5182325290736,-35.0372718418283],[138.52722573271083,-35.0372718418283],[138.52722573271083,-35.046265045465546],[138.5182325290736,-35.046265045465546]]]}},{"type":"Feature","properties":{"jobs":547,"pop":1616,"pointCount":8,"homeWorkCommuteMedian":8782,"workHomeCommuteMedian":9445},"geometry":{"type":"Polygon","coordinates":[[[138.5182325290736,-35.0372718418283],[138.5182325290736,-35.028278638191054],[138.52722573271083,-35.028278638191054],[138.52722573271083,-35.0372718418283],[138.5182325290736,-35.0372718418283]]]}},{"type":"Feature","properties":{"jobs":159,"pop":527,"pointCount":3,"homeWorkCommuteMedian":35674,"workHomeCommuteMedian":24507},"geometry":{"type":"Polygon","coordinates":[[[138.5182325290736,-35.028278638191054],[138.5182325290736,-35.01928543455381],[138.52722573271083,-35.01928543455381],[138.52722573271083,-35.028278638191054],[138.5182325290736,-35.028278638191054]]]}},{"type":"Feature","properties":{"jobs":547,"pop":470,"pointCount":2,"homeWorkCommuteMedian":6863,"workHomeCommuteMedian":6166},"geometry":{"type":"Polygon","coordinates":[[[138.5182325290736,-35.01928543455381],[138.5182325290736,-35.01029223091656],[138.52722573271083,-35.01029223091656],[138.52722573271083,-35.01928543455381],[138.5182325290736,-35.01928543455381]]]}},{"type":"Feature","properties":{"jobs":889,"pop":1073,"pointCount":4,"homeWorkCommuteMedian":13404,"workHomeCommuteMedian":2524},"geometry":{"type":"Polygon","coordinates":[[[138.5182325290736,-35.01029223091656],[138.5182325290736,-35.001299027279316],[138.52722573271083,-35.001299027279316],[138.52722573271083,-35.01029223091656],[138.5182325290736,-35.01029223091656]]]}},{"type":"Feature","properties":{"jobs":249,"pop":1281,"pointCount":5,"homeWorkCommuteMedian":10237,"workHomeCommuteMedian":13265},"geometry":{"type":"Polygon","coordinates":[[[138.5182325290736,-35.001299027279316],[138.5182325290736,-34.99230582364207],[138.52722573271083,-34.99230582364207],[138.52722573271083,-35.001299027279316],[138.5182325290736,-35.001299027279316]]]}},{"type":"Feature","properties":{"jobs":721,"pop":1410,"pointCount":7,"homeWorkCommuteMedian":10280,"workHomeCommuteMedian":2449},"geometry":{"type":"Polygon","coordinates":[[[138.5182325290736,-34.99230582364207],[138.5182325290736,-34.983312620004824],[138.52722573271083,-34.983312620004824],[138.52722573271083,-34.99230582364207],[138.5182325290736,-34.99230582364207]]]}},{"type":"Feature","properties":{"jobs":1104,"pop":1557,"pointCount":7,"homeWorkCommuteMedian":8366,"workHomeCommuteMedian":7779},"geometry":{"type":"Polygon","coordinates":[[[138.5182325290736,-34.983312620004824],[138.5182325290736,-34.97431941636758],[138.52722573271083,-34.97431941636758],[138.52722573271083,-34.983312620004824],[138.5182325290736,-34.983312620004824]]]}},{"type":"Feature","properties":{"jobs":904,"pop":1683,"pointCount":8,"homeWorkCommuteMedian":12202,"workHomeCommuteMedian":6650},"geometry":{"type":"Polygon","coordinates":[[[138.5182325290736,-34.97431941636758],[138.5182325290736,-34.96532621273033],[138.52722573271083,-34.96532621273033],[138.52722573271083,-34.97431941636758],[138.5182325290736,-34.97431941636758]]]}},{"type":"Feature","properties":{"jobs":0,"pop":198,"pointCount":1,"homeWorkCommuteMedian":9721,"workHomeCommuteMedian":-1},"geometry":{"type":"Polygon","coordinates":[[[138.5182325290736,-34.96532621273033],[138.5182325290736,-34.956333009093086],[138.52722573271083,-34.956333009093086],[138.52722573271083,-34.96532621273033],[138.5182325290736,-34.96532621273033]]]}},{"type":"Feature","properties":{"jobs":143,"pop":220,"pointCount":1,"homeWorkCommuteMedian":14739,"workHomeCommuteMedian":21652},"geometry":{"type":"Polygon","coordinates":[[[138.5182325290736,-34.938346601818594],[138.5182325290736,-34.92935339818135],[138.52722573271083,-34.92935339818135],[138.52722573271083,-34.938346601818594],[138.5182325290736,-34.938346601818594]]]}},{"type":"Feature","properties":{"jobs":671,"pop":849,"pointCount":4,"homeWorkCommuteMedian":8347,"workHomeCommuteMedian":5757},"geometry":{"type":"Polygon","coordinates":[[[138.5182325290736,-34.92935339818135],[138.5182325290736,-34.9203601945441],[138.52722573271083,-34.9203601945441],[138.52722573271083,-34.92935339818135],[138.5182325290736,-34.92935339818135]]]}},{"type":"Feature","properties":{"jobs":547,"pop":587,"pointCount":3,"homeWorkCommuteMedian":9883,"workHomeCommuteMedian":13782},"geometry":{"type":"Polygon","coordinates":[[[138.5182325290736,-34.9203601945441],[138.5182325290736,-34.911366990906856],[138.52722573271083,-34.911366990906856],[138.52722573271083,-34.9203601945441],[138.5182325290736,-34.9203601945441]]]}},{"type":"Feature","properties":{"jobs":386,"pop":1299,"pointCount":4,"homeWorkCommuteMedian":8690,"workHomeCommuteMedian":12574},"geometry":{"type":"Polygon","coordinates":[[[138.5182325290736,-34.911366990906856],[138.5182325290736,-34.90237378726961],[138.52722573271083,-34.90237378726961],[138.52722573271083,-34.911366990906856],[138.5182325290736,-34.911366990906856]]]}},{"type":"Feature","properties":{"jobs":235,"pop":858,"pointCount":3,"homeWorkCommuteMedian":9544,"workHomeCommuteMedian":15471},"geometry":{"type":"Polygon","coordinates":[[[138.5182325290736,-34.90237378726961],[138.5182325290736,-34.893380583632364],[138.52722573271083,-34.893380583632364],[138.52722573271083,-34.90237378726961],[138.5182325290736,-34.90237378726961]]]}},{"type":"Feature","properties":{"jobs":295,"pop":1804,"pointCount":4,"homeWorkCommuteMedian":9719,"workHomeCommuteMedian":13856},"geometry":{"type":"Polygon","coordinates":[[[138.5182325290736,-34.893380583632364],[138.5182325290736,-34.88438737999512],[138.52722573271083,-34.88438737999512],[138.52722573271083,-34.893380583632364],[138.5182325290736,-34.893380583632364]]]}},{"type":"Feature","properties":{"jobs":105,"pop":751,"pointCount":4,"homeWorkCommuteMedian":12688,"workHomeCommuteMedian":2493},"geometry":{"type":"Polygon","coordinates":[[[138.5182325290736,-34.88438737999512],[138.5182325290736,-34.87539417635787],[138.52722573271083,-34.87539417635787],[138.52722573271083,-34.88438737999512],[138.5182325290736,-34.88438737999512]]]}},{"type":"Feature","properties":{"jobs":1161,"pop":935,"pointCount":5,"homeWorkCommuteMedian":12430,"workHomeCommuteMedian":10922},"geometry":{"type":"Polygon","coordinates":[[[138.5182325290736,-34.87539417635787],[138.5182325290736,-34.866400972720626],[138.52722573271083,-34.866400972720626],[138.52722573271083,-34.87539417635787],[138.5182325290736,-34.87539417635787]]]}},{"type":"Feature","properties":{"jobs":673,"pop":963,"pointCount":5,"homeWorkCommuteMedian":13361,"workHomeCommuteMedian":19974},"geometry":{"type":"Polygon","coordinates":[[[138.5182325290736,-34.866400972720626],[138.5182325290736,-34.85740776908338],[138.52722573271083,-34.85740776908338],[138.52722573271083,-34.866400972720626],[138.5182325290736,-34.866400972720626]]]}},{"type":"Feature","properties":{"jobs":674,"pop":1261,"pointCount":6,"homeWorkCommuteMedian":7231,"workHomeCommuteMedian":13949},"geometry":{"type":"Polygon","coordinates":[[[138.5182325290736,-34.85740776908338],[138.5182325290736,-34.848414565446134],[138.52722573271083,-34.848414565446134],[138.52722573271083,-34.85740776908338],[138.5182325290736,-34.85740776908338]]]}},{"type":"Feature","properties":{"jobs":261,"pop":210,"pointCount":1,"homeWorkCommuteMedian":12964,"workHomeCommuteMedian":33123},"geometry":{"type":"Polygon","coordinates":[[[138.5182325290736,-34.848414565446134],[138.5182325290736,-34.83942136180889],[138.52722573271083,-34.83942136180889],[138.52722573271083,-34.848414565446134],[138.5182325290736,-34.848414565446134]]]}},{"type":"Feature","properties":{"jobs":2476,"pop":0,"pointCount":1,"homeWorkCommuteMedian":-1,"workHomeCommuteMedian":11409},"geometry":{"type":"Polygon","coordinates":[[[138.5182325290736,-34.83942136180889],[138.5182325290736,-34.83042815817164],[138.52722573271083,-34.83042815817164],[138.52722573271083,-34.83942136180889],[138.5182325290736,-34.83942136180889]]]}},{"type":"Feature","properties":{"jobs":0,"pop":261,"pointCount":2,"homeWorkCommuteMedian":42474,"workHomeCommuteMedian":-1},"geometry":{"type":"Polygon","coordinates":[[[138.5182325290736,-34.59660486360325],[138.5182325290736,-34.587611659966],[138.52722573271083,-34.587611659966],[138.52722573271083,-34.59660486360325],[138.5182325290736,-34.59660486360325]]]}},{"type":"Feature","properties":{"jobs":116,"pop":234,"pointCount":2,"homeWorkCommuteMedian":15429,"workHomeCommuteMedian":14191},"geometry":{"type":"Polygon","coordinates":[[[138.52722573271083,-35.21713591457322],[138.52722573271083,-35.208142710935974],[138.53621893634806,-35.208142710935974],[138.53621893634806,-35.21713591457322],[138.52722573271083,-35.21713591457322]]]}},{"type":"Feature","properties":{"jobs":197,"pop":355,"pointCount":1,"homeWorkCommuteMedian":8538,"workHomeCommuteMedian":6617},"geometry":{"type":"Polygon","coordinates":[[[138.52722573271083,-35.163176692749744],[138.52722573271083,-35.1541834891125],[138.53621893634806,-35.1541834891125],[138.53621893634806,-35.163176692749744],[138.52722573271083,-35.163176692749744]]]}},{"type":"Feature","properties":{"jobs":0,"pop":634,"pointCount":3,"homeWorkCommuteMedian":18425,"workHomeCommuteMedian":-1},"geometry":{"type":"Polygon","coordinates":[[[138.52722573271083,-35.1541834891125],[138.52722573271083,-35.14519028547525],[138.53621893634806,-35.14519028547525],[138.53621893634806,-35.1541834891125],[138.52722573271083,-35.1541834891125]]]}},{"type":"Feature","properties":{"jobs":0,"pop":781,"pointCount":5,"homeWorkCommuteMedian":22526,"workHomeCommuteMedian":-1},"geometry":{"type":"Polygon","coordinates":[[[138.52722573271083,-35.14519028547525],[138.52722573271083,-35.136197081838006],[138.53621893634806,-35.136197081838006],[138.53621893634806,-35.14519028547525],[138.52722573271083,-35.14519028547525]]]}},{"type":"Feature","properties":{"jobs":1080,"pop":795,"pointCount":4,"homeWorkCommuteMedian":28815,"workHomeCommuteMedian":22946},"geometry":{"type":"Polygon","coordinates":[[[138.52722573271083,-35.136197081838006],[138.52722573271083,-35.12720387820076],[138.53621893634806,-35.12720387820076],[138.53621893634806,-35.136197081838006],[138.52722573271083,-35.136197081838006]]]}},{"type":"Feature","properties":{"jobs":201,"pop":457,"pointCount":3,"homeWorkCommuteMedian":6288,"workHomeCommuteMedian":10897},"geometry":{"type":"Polygon","coordinates":[[[138.52722573271083,-35.12720387820076],[138.52722573271083,-35.118210674563514],[138.53621893634806,-35.118210674563514],[138.53621893634806,-35.12720387820076],[138.52722573271083,-35.12720387820076]]]}},{"type":"Feature","properties":{"jobs":160,"pop":680,"pointCount":4,"homeWorkCommuteMedian":26221,"workHomeCommuteMedian":17404},"geometry":{"type":"Polygon","coordinates":[[[138.52722573271083,-35.118210674563514],[138.52722573271083,-35.10921747092627],[138.53621893634806,-35.10921747092627],[138.53621893634806,-35.118210674563514],[138.52722573271083,-35.118210674563514]]]}},{"type":"Feature","properties":{"jobs":108,"pop":467,"pointCount":3,"homeWorkCommuteMedian":12555,"workHomeCommuteMedian":14257},"geometry":{"type":"Polygon","coordinates":[[[138.52722573271083,-35.10921747092627],[138.52722573271083,-35.10022426728902],[138.53621893634806,-35.10022426728902],[138.53621893634806,-35.10921747092627],[138.52722573271083,-35.10921747092627]]]}},{"type":"Feature","properties":{"jobs":0,"pop":1066,"pointCount":4,"homeWorkCommuteMedian":15150,"workHomeCommuteMedian":-1},"geometry":{"type":"Polygon","coordinates":[[[138.52722573271083,-35.10022426728902],[138.52722573271083,-35.091231063651776],[138.53621893634806,-35.091231063651776],[138.53621893634806,-35.10022426728902],[138.52722573271083,-35.10022426728902]]]}},{"type":"Feature","properties":{"jobs":392,"pop":218,"pointCount":1,"homeWorkCommuteMedian":11780,"workHomeCommuteMedian":9820},"geometry":{"type":"Polygon","coordinates":[[[138.52722573271083,-35.091231063651776],[138.52722573271083,-35.08223786001453],[138.53621893634806,-35.08223786001453],[138.53621893634806,-35.091231063651776],[138.52722573271083,-35.091231063651776]]]}},{"type":"Feature","properties":{"jobs":0,"pop":905,"pointCount":4,"homeWorkCommuteMedian":19719,"workHomeCommuteMedian":-1},"geometry":{"type":"Polygon","coordinates":[[[138.52722573271083,-35.08223786001453],[138.52722573271083,-35.073244656377284],[138.53621893634806,-35.073244656377284],[138.53621893634806,-35.08223786001453],[138.52722573271083,-35.08223786001453]]]}},{"type":"Feature","properties":{"jobs":0,"pop":899,"pointCount":4,"homeWorkCommuteMedian":15126,"workHomeCommuteMedian":-1},"geometry":{"type":"Polygon","coordinates":[[[138.52722573271083,-35.073244656377284],[138.52722573271083,-35.06425145274004],[138.53621893634806,-35.06425145274004],[138.53621893634806,-35.073244656377284],[138.52722573271083,-35.073244656377284]]]}},{"type":"Feature","properties":{"jobs":0,"pop":106,"pointCount":1,"homeWorkCommuteMedian":10369,"workHomeCommuteMedian":-1},"geometry":{"type":"Polygon","coordinates":[[[138.52722573271083,-35.06425145274004],[138.52722573271083,-35.05525824910279],[138.53621893634806,-35.05525824910279],[138.53621893634806,-35.06425145274004],[138.52722573271083,-35.06425145274004]]]}},{"type":"Feature","properties":{"jobs":0,"pop":625,"pointCount":3,"homeWorkCommuteMedian":16316,"workHomeCommuteMedian":-1},"geometry":{"type":"Polygon","coordinates":[[[138.52722573271083,-35.046265045465546],[138.52722573271083,-35.0372718418283],[138.53621893634806,-35.0372718418283],[138.53621893634806,-35.046265045465546],[138.52722573271083,-35.046265045465546]]]}},{"type":"Feature","properties":{"jobs":0,"pop":746,"pointCount":3,"homeWorkCommuteMedian":7773,"workHomeCommuteMedian":-1},"geometry":{"type":"Polygon","coordinates":[[[138.52722573271083,-35.0372718418283],[138.52722573271083,-35.028278638191054],[138.53621893634806,-35.028278638191054],[138.53621893634806,-35.0372718418283],[138.52722573271083,-35.0372718418283]]]}},{"type":"Feature","properties":{"jobs":1117,"pop":1973,"pointCount":5,"homeWorkCommuteMedian":14166,"workHomeCommuteMedian":11295},"geometry":{"type":"Polygon","coordinates":[[[138.52722573271083,-35.028278638191054],[138.52722573271083,-35.01928543455381],[138.53621893634806,-35.01928543455381],[138.53621893634806,-35.028278638191054],[138.52722573271083,-35.028278638191054]]]}},{"type":"Feature","properties":{"jobs":407,"pop":1171,"pointCount":4,"homeWorkCommuteMedian":11701,"workHomeCommuteMedian":8309},"geometry":{"type":"Polygon","coordinates":[[[138.52722573271083,-35.01928543455381],[138.52722573271083,-35.01029223091656],[138.53621893634806,-35.01029223091656],[138.53621893634806,-35.01928543455381],[138.52722573271083,-35.01928543455381]]]}},{"type":"Feature","properties":{"jobs":145,"pop":1335,"pointCount":5,"homeWorkCommuteMedian":12798,"workHomeCommuteMedian":2730},"geometry":{"type":"Polygon","coordinates":[[[138.52722573271083,-35.01029223091656],[138.52722573271083,-35.001299027279316],[138.53621893634806,-35.001299027279316],[138.53621893634806,-35.01029223091656],[138.52722573271083,-35.01029223091656]]]}},{"type":"Feature","properties":{"jobs":430,"pop":1072,"pointCount":6,"homeWorkCommuteMedian":11979,"workHomeCommuteMedian":11462},"geometry":{"type":"Polygon","coordinates":[[[138.52722573271083,-35.001299027279316],[138.52722573271083,-34.99230582364207],[138.53621893634806,-34.99230582364207],[138.53621893634806,-35.001299027279316],[138.52722573271083,-35.001299027279316]]]}},{"type":"Feature","properties":{"jobs":501,"pop":1201,"pointCount":6,"homeWorkCommuteMedian":10377,"workHomeCommuteMedian":15083},"geometry":{"type":"Polygon","coordinates":[[[138.52722573271083,-34.99230582364207],[138.52722573271083,-34.983312620004824],[138.53621893634806,-34.983312620004824],[138.53621893634806,-34.99230582364207],[138.52722573271083,-34.99230582364207]]]}},{"type":"Feature","properties":{"jobs":98,"pop":937,"pointCount":3,"homeWorkCommuteMedian":9339,"workHomeCommuteMedian":3659},"geometry":{"type":"Polygon","coordinates":[[[138.52722573271083,-34.983312620004824],[138.52722573271083,-34.97431941636758],[138.53621893634806,-34.97431941636758],[138.53621893634806,-34.983312620004824],[138.52722573271083,-34.983312620004824]]]}},{"type":"Feature","properties":{"jobs":194,"pop":777,"pointCount":4,"homeWorkCommuteMedian":10315,"workHomeCommuteMedian":16661},"geometry":{"type":"Polygon","coordinates":[[[138.52722573271083,-34.97431941636758],[138.52722573271083,-34.96532621273033],[138.53621893634806,-34.96532621273033],[138.53621893634806,-34.97431941636758],[138.52722573271083,-34.97431941636758]]]}},{"type":"Feature","properties":{"jobs":183,"pop":338,"pointCount":3,"homeWorkCommuteMedian":18641,"workHomeCommuteMedian":41716},"geometry":{"type":"Polygon","coordinates":[[[138.52722573271083,-34.96532621273033],[138.52722573271083,-34.956333009093086],[138.53621893634806,-34.956333009093086],[138.53621893634806,-34.96532621273033],[138.52722573271083,-34.96532621273033]]]}},{"type":"Feature","properties":{"jobs":5220,"pop":0,"pointCount":1,"homeWorkCommuteMedian":-1,"workHomeCommuteMedian":12354},"geometry":{"type":"Polygon","coordinates":[[[138.52722573271083,-34.94733980545584],[138.52722573271083,-34.938346601818594],[138.53621893634806,-34.938346601818594],[138.53621893634806,-34.94733980545584],[138.52722573271083,-34.94733980545584]]]}},{"type":"Feature","properties":{"jobs":1018,"pop":502,"pointCount":2,"homeWorkCommuteMedian":8132,"workHomeCommuteMedian":4063},"geometry":{"type":"Polygon","coordinates":[[[138.52722573271083,-34.938346601818594],[138.52722573271083,-34.92935339818135],[138.53621893634806,-34.92935339818135],[138.53621893634806,-34.938346601818594],[138.52722573271083,-34.938346601818594]]]}},{"type":"Feature","properties":{"jobs":111,"pop":663,"pointCount":2,"homeWorkCommuteMedian":8526,"workHomeCommuteMedian":21321},"geometry":{"type":"Polygon","coordinates":[[[138.52722573271083,-34.92935339818135],[138.52722573271083,-34.9203601945441],[138.53621893634806,-34.9203601945441],[138.53621893634806,-34.92935339818135],[138.52722573271083,-34.92935339818135]]]}},{"type":"Feature","properties":{"jobs":813,"pop":771,"pointCount":4,"homeWorkCommuteMedian":13244,"workHomeCommuteMedian":12513},"geometry":{"type":"Polygon","coordinates":[[[138.52722573271083,-34.9203601945441],[138.52722573271083,-34.911366990906856],[138.53621893634806,-34.911366990906856],[138.53621893634806,-34.9203601945441],[138.52722573271083,-34.9203601945441]]]}},{"type":"Feature","properties":{"jobs":577,"pop":1288,"pointCount":5,"homeWorkCommuteMedian":10254,"workHomeCommuteMedian":4585},"geometry":{"type":"Polygon","coordinates":[[[138.52722573271083,-34.911366990906856],[138.52722573271083,-34.90237378726961],[138.53621893634806,-34.90237378726961],[138.53621893634806,-34.911366990906856],[138.52722573271083,-34.911366990906856]]]}},{"type":"Feature","properties":{"jobs":831,"pop":1282,"pointCount":5,"homeWorkCommuteMedian":7933,"workHomeCommuteMedian":4442},"geometry":{"type":"Polygon","coordinates":[[[138.52722573271083,-34.90237378726961],[138.52722573271083,-34.893380583632364],[138.53621893634806,-34.893380583632364],[138.53621893634806,-34.90237378726961],[138.52722573271083,-34.90237378726961]]]}},{"type":"Feature","properties":{"jobs":857,"pop":1564,"pointCount":6,"homeWorkCommuteMedian":9930,"workHomeCommuteMedian":9743},"geometry":{"type":"Polygon","coordinates":[[[138.52722573271083,-34.893380583632364],[138.52722573271083,-34.88438737999512],[138.53621893634806,-34.88438737999512],[138.53621893634806,-34.893380583632364],[138.52722573271083,-34.893380583632364]]]}},{"type":"Feature","properties":{"jobs":363,"pop":1022,"pointCount":4,"homeWorkCommuteMedian":10525,"workHomeCommuteMedian":10366},"geometry":{"type":"Polygon","coordinates":[[[138.52722573271083,-34.88438737999512],[138.52722573271083,-34.87539417635787],[138.53621893634806,-34.87539417635787],[138.53621893634806,-34.88438737999512],[138.52722573271083,-34.88438737999512]]]}},{"type":"Feature","properties":{"jobs":882,"pop":1641,"pointCount":2,"homeWorkCommuteMedian":8101,"workHomeCommuteMedian":7325},"geometry":{"type":"Polygon","coordinates":[[[138.52722573271083,-34.87539417635787],[138.52722573271083,-34.866400972720626],[138.53621893634806,-34.866400972720626],[138.53621893634806,-34.87539417635787],[138.52722573271083,-34.87539417635787]]]}},{"type":"Feature","properties":{"jobs":275,"pop":829,"pointCount":4,"homeWorkCommuteMedian":12354,"workHomeCommuteMedian":29774},"geometry":{"type":"Polygon","coordinates":[[[138.52722573271083,-34.866400972720626],[138.52722573271083,-34.85740776908338],[138.53621893634806,-34.85740776908338],[138.53621893634806,-34.866400972720626],[138.52722573271083,-34.866400972720626]]]}},{"type":"Feature","properties":{"jobs":683,"pop":800,"pointCount":5,"homeWorkCommuteMedian":12525,"workHomeCommuteMedian":28931},"geometry":{"type":"Polygon","coordinates":[[[138.52722573271083,-34.85740776908338],[138.52722573271083,-34.848414565446134],[138.53621893634806,-34.848414565446134],[138.53621893634806,-34.85740776908338],[138.52722573271083,-34.85740776908338]]]}},{"type":"Feature","properties":{"jobs":0,"pop":478,"pointCount":2,"homeWorkCommuteMedian":25931,"workHomeCommuteMedian":-1},"geometry":{"type":"Polygon","coordinates":[[[138.52722573271083,-34.848414565446134],[138.52722573271083,-34.83942136180889],[138.53621893634806,-34.83942136180889],[138.53621893634806,-34.848414565446134],[138.52722573271083,-34.848414565446134]]]}},{"type":"Feature","properties":{"jobs":248,"pop":188,"pointCount":1,"homeWorkCommuteMedian":35293,"workHomeCommuteMedian":24944},"geometry":{"type":"Polygon","coordinates":[[[138.52722573271083,-34.63257767815223],[138.52722573271083,-34.623584474514985],[138.53621893634806,-34.623584474514985],[138.53621893634806,-34.63257767815223],[138.52722573271083,-34.63257767815223]]]}},{"type":"Feature","properties":{"jobs":77,"pop":162,"pointCount":1,"homeWorkCommuteMedian":52544,"workHomeCommuteMedian":13313},"geometry":{"type":"Polygon","coordinates":[[[138.53621893634806,-35.29807474730843],[138.53621893634806,-35.28908154367119],[138.5452121399853,-35.28908154367119],[138.5452121399853,-35.29807474730843],[138.53621893634806,-35.29807474730843]]]}},{"type":"Feature","properties":{"jobs":0,"pop":173,"pointCount":1,"homeWorkCommuteMedian":19483,"workHomeCommuteMedian":-1},"geometry":{"type":"Polygon","coordinates":[[[138.53621893634806,-35.271095136396696],[138.53621893634806,-35.26210193275945],[138.5452121399853,-35.26210193275945],[138.5452121399853,-35.271095136396696],[138.53621893634806,-35.271095136396696]]]}},{"type":"Feature","properties":{"jobs":254,"pop":408,"pointCount":2,"homeWorkCommuteMedian":14337,"workHomeCommuteMedian":8661},"geometry":{"type":"Polygon","coordinates":[[[138.53621893634806,-35.226129118210466],[138.53621893634806,-35.21713591457322],[138.5452121399853,-35.21713591457322],[138.5452121399853,-35.226129118210466],[138.53621893634806,-35.226129118210466]]]}},{"type":"Feature","properties":{"jobs":117,"pop":163,"pointCount":1,"homeWorkCommuteMedian":9955,"workHomeCommuteMedian":9129},"geometry":{"type":"Polygon","coordinates":[[[138.53621893634806,-35.19015630366148],[138.53621893634806,-35.181163100024236],[138.5452121399853,-35.181163100024236],[138.5452121399853,-35.19015630366148],[138.53621893634806,-35.19015630366148]]]}},{"type":"Feature","properties":{"jobs":0,"pop":749,"pointCount":4,"homeWorkCommuteMedian":27579,"workHomeCommuteMedian":-1},"geometry":{"type":"Polygon","coordinates":[[[138.53621893634806,-35.14519028547525],[138.53621893634806,-35.136197081838006],[138.5452121399853,-35.136197081838006],[138.5452121399853,-35.14519028547525],[138.53621893634806,-35.14519028547525]]]}},{"type":"Feature","properties":{"jobs":237,"pop":643,"pointCount":4,"homeWorkCommuteMedian":27826,"workHomeCommuteMedian":18528},"geometry":{"type":"Polygon","coordinates":[[[138.53621893634806,-35.136197081838006],[138.53621893634806,-35.12720387820076],[138.5452121399853,-35.12720387820076],[138.5452121399853,-35.136197081838006],[138.53621893634806,-35.136197081838006]]]}},{"type":"Feature","properties":{"jobs":183,"pop":95,"pointCount":2,"homeWorkCommuteMedian":5686,"workHomeCommuteMedian":3506},"geometry":{"type":"Polygon","coordinates":[[[138.53621893634806,-35.12720387820076],[138.53621893634806,-35.118210674563514],[138.5452121399853,-35.118210674563514],[138.5452121399853,-35.12720387820076],[138.53621893634806,-35.12720387820076]]]}},{"type":"Feature","properties":{"jobs":0,"pop":714,"pointCount":4,"homeWorkCommuteMedian":22786,"workHomeCommuteMedian":-1},"geometry":{"type":"Polygon","coordinates":[[[138.53621893634806,-35.118210674563514],[138.53621893634806,-35.10921747092627],[138.5452121399853,-35.10921747092627],[138.5452121399853,-35.118210674563514],[138.53621893634806,-35.118210674563514]]]}},{"type":"Feature","properties":{"jobs":134,"pop":1002,"pointCount":4,"homeWorkCommuteMedian":13053,"workHomeCommuteMedian":3730},"geometry":{"type":"Polygon","coordinates":[[[138.53621893634806,-35.10921747092627],[138.53621893634806,-35.10022426728902],[138.5452121399853,-35.10022426728902],[138.5452121399853,-35.10921747092627],[138.53621893634806,-35.10921747092627]]]}},{"type":"Feature","properties":{"jobs":578,"pop":510,"pointCount":3,"homeWorkCommuteMedian":9573,"workHomeCommuteMedian":3772},"geometry":{"type":"Polygon","coordinates":[[[138.53621893634806,-35.10022426728902],[138.53621893634806,-35.091231063651776],[138.5452121399853,-35.091231063651776],[138.5452121399853,-35.10022426728902],[138.53621893634806,-35.10022426728902]]]}},{"type":"Feature","properties":{"jobs":204,"pop":579,"pointCount":2,"homeWorkCommuteMedian":21206,"workHomeCommuteMedian":26420},"geometry":{"type":"Polygon","coordinates":[[[138.53621893634806,-35.091231063651776],[138.53621893634806,-35.08223786001453],[138.5452121399853,-35.08223786001453],[138.5452121399853,-35.091231063651776],[138.53621893634806,-35.091231063651776]]]}},{"type":"Feature","properties":{"jobs":0,"pop":880,"pointCount":3,"homeWorkCommuteMedian":10792,"workHomeCommuteMedian":-1},"geometry":{"type":"Polygon","coordinates":[[[138.53621893634806,-35.08223786001453],[138.53621893634806,-35.073244656377284],[138.5452121399853,-35.073244656377284],[138.5452121399853,-35.08223786001453],[138.53621893634806,-35.08223786001453]]]}},{"type":"Feature","properties":{"jobs":0,"pop":478,"pointCount":3,"homeWorkCommuteMedian":21860,"workHomeCommuteMedian":-1},"geometry":{"type":"Polygon","coordinates":[[[138.53621893634806,-35.073244656377284],[138.53621893634806,-35.06425145274004],[138.5452121399853,-35.06425145274004],[138.5452121399853,-35.073244656377284],[138.53621893634806,-35.073244656377284]]]}},{"type":"Feature","properties":{"jobs":551,"pop":206,"pointCount":1,"homeWorkCommuteMedian":18382,"workHomeCommuteMedian":5421},"geometry":{"type":"Polygon","coordinates":[[[138.53621893634806,-35.06425145274004],[138.53621893634806,-35.05525824910279],[138.5452121399853,-35.05525824910279],[138.5452121399853,-35.06425145274004],[138.53621893634806,-35.06425145274004]]]}},{"type":"Feature","properties":{"jobs":0,"pop":408,"pointCount":2,"homeWorkCommuteMedian":6486,"workHomeCommuteMedian":-1},"geometry":{"type":"Polygon","coordinates":[[[138.53621893634806,-35.046265045465546],[138.53621893634806,-35.0372718418283],[138.5452121399853,-35.0372718418283],[138.5452121399853,-35.046265045465546],[138.53621893634806,-35.046265045465546]]]}},{"type":"Feature","properties":{"jobs":0,"pop":635,"pointCount":3,"homeWorkCommuteMedian":14276,"workHomeCommuteMedian":-1},"geometry":{"type":"Polygon","coordinates":[[[138.53621893634806,-35.0372718418283],[138.53621893634806,-35.028278638191054],[138.5452121399853,-35.028278638191054],[138.5452121399853,-35.0372718418283],[138.53621893634806,-35.0372718418283]]]}},{"type":"Feature","properties":{"jobs":276,"pop":1391,"pointCount":4,"homeWorkCommuteMedian":13737,"workHomeCommuteMedian":17375},"geometry":{"type":"Polygon","coordinates":[[[138.53621893634806,-35.028278638191054],[138.53621893634806,-35.01928543455381],[138.5452121399853,-35.01928543455381],[138.5452121399853,-35.028278638191054],[138.53621893634806,-35.028278638191054]]]}},{"type":"Feature","properties":{"jobs":4371,"pop":813,"pointCount":4,"homeWorkCommuteMedian":13767,"workHomeCommuteMedian":9324},"geometry":{"type":"Polygon","coordinates":[[[138.53621893634806,-35.01928543455381],[138.53621893634806,-35.01029223091656],[138.5452121399853,-35.01029223091656],[138.5452121399853,-35.01928543455381],[138.53621893634806,-35.01928543455381]]]}},{"type":"Feature","properties":{"jobs":684,"pop":975,"pointCount":6,"homeWorkCommuteMedian":5396,"workHomeCommuteMedian":13749},"geometry":{"type":"Polygon","coordinates":[[[138.53621893634806,-35.01029223091656],[138.53621893634806,-35.001299027279316],[138.5452121399853,-35.001299027279316],[138.5452121399853,-35.01029223091656],[138.53621893634806,-35.01029223091656]]]}},{"type":"Feature","properties":{"jobs":400,"pop":932,"pointCount":4,"homeWorkCommuteMedian":15799,"workHomeCommuteMedian":3868},"geometry":{"type":"Polygon","coordinates":[[[138.53621893634806,-35.001299027279316],[138.53621893634806,-34.99230582364207],[138.5452121399853,-34.99230582364207],[138.5452121399853,-35.001299027279316],[138.53621893634806,-35.001299027279316]]]}},{"type":"Feature","properties":{"jobs":413,"pop":1526,"pointCount":6,"homeWorkCommuteMedian":9291,"workHomeCommuteMedian":20021},"geometry":{"type":"Polygon","coordinates":[[[138.53621893634806,-34.99230582364207],[138.53621893634806,-34.983312620004824],[138.5452121399853,-34.983312620004824],[138.5452121399853,-34.99230582364207],[138.53621893634806,-34.99230582364207]]]}},{"type":"Feature","properties":{"jobs":317,"pop":524,"pointCount":3,"homeWorkCommuteMedian":13004,"workHomeCommuteMedian":17513},"geometry":{"type":"Polygon","coordinates":[[[138.53621893634806,-34.983312620004824],[138.53621893634806,-34.97431941636758],[138.5452121399853,-34.97431941636758],[138.5452121399853,-34.983312620004824],[138.53621893634806,-34.983312620004824]]]}},{"type":"Feature","properties":{"jobs":679,"pop":1595,"pointCount":6,"homeWorkCommuteMedian":10482,"workHomeCommuteMedian":14515},"geometry":{"type":"Polygon","coordinates":[[[138.53621893634806,-34.97431941636758],[138.53621893634806,-34.96532621273033],[138.5452121399853,-34.96532621273033],[138.5452121399853,-34.97431941636758],[138.53621893634806,-34.97431941636758]]]}},{"type":"Feature","properties":{"jobs":821,"pop":640,"pointCount":2,"homeWorkCommuteMedian":6895,"workHomeCommuteMedian":12819},"geometry":{"type":"Polygon","coordinates":[[[138.53621893634806,-34.96532621273033],[138.53621893634806,-34.956333009093086],[138.5452121399853,-34.956333009093086],[138.5452121399853,-34.96532621273033],[138.53621893634806,-34.96532621273033]]]}},{"type":"Feature","properties":{"jobs":12224,"pop":0,"pointCount":1,"homeWorkCommuteMedian":-1,"workHomeCommuteMedian":14937},"geometry":{"type":"Polygon","coordinates":[[[138.53621893634806,-34.94733980545584],[138.53621893634806,-34.938346601818594],[138.5452121399853,-34.938346601818594],[138.5452121399853,-34.94733980545584],[138.53621893634806,-34.94733980545584]]]}},{"type":"Feature","properties":{"jobs":0,"pop":537,"pointCount":2,"homeWorkCommuteMedian":5714,"workHomeCommuteMedian":-1},"geometry":{"type":"Polygon","coordinates":[[[138.53621893634806,-34.938346601818594],[138.53621893634806,-34.92935339818135],[138.5452121399853,-34.92935339818135],[138.5452121399853,-34.938346601818594],[138.53621893634806,-34.938346601818594]]]}},{"type":"Feature","properties":{"jobs":293,"pop":1270,"pointCount":5,"homeWorkCommuteMedian":8490,"workHomeCommuteMedian":8734},"geometry":{"type":"Polygon","coordinates":[[[138.53621893634806,-34.92935339818135],[138.53621893634806,-34.9203601945441],[138.5452121399853,-34.9203601945441],[138.5452121399853,-34.92935339818135],[138.53621893634806,-34.92935339818135]]]}},{"type":"Feature","properties":{"jobs":503,"pop":1198,"pointCount":4,"homeWorkCommuteMedian":13261,"workHomeCommuteMedian":5384},"geometry":{"type":"Polygon","coordinates":[[[138.53621893634806,-34.9203601945441],[138.53621893634806,-34.911366990906856],[138.5452121399853,-34.911366990906856],[138.5452121399853,-34.9203601945441],[138.53621893634806,-34.9203601945441]]]}},{"type":"Feature","properties":{"jobs":127,"pop":1224,"pointCount":4,"homeWorkCommuteMedian":7381,"workHomeCommuteMedian":48387},"geometry":{"type":"Polygon","coordinates":[[[138.53621893634806,-34.911366990906856],[138.53621893634806,-34.90237378726961],[138.5452121399853,-34.90237378726961],[138.5452121399853,-34.911366990906856],[138.53621893634806,-34.911366990906856]]]}},{"type":"Feature","properties":{"jobs":959,"pop":775,"pointCount":3,"homeWorkCommuteMedian":9320,"workHomeCommuteMedian":9359},"geometry":{"type":"Polygon","coordinates":[[[138.53621893634806,-34.90237378726961],[138.53621893634806,-34.893380583632364],[138.5452121399853,-34.893380583632364],[138.5452121399853,-34.90237378726961],[138.53621893634806,-34.90237378726961]]]}},{"type":"Feature","properties":{"jobs":565,"pop":405,"pointCount":1,"homeWorkCommuteMedian":9446,"workHomeCommuteMedian":24811},"geometry":{"type":"Polygon","coordinates":[[[138.53621893634806,-34.893380583632364],[138.53621893634806,-34.88438737999512],[138.5452121399853,-34.88438737999512],[138.5452121399853,-34.893380583632364],[138.53621893634806,-34.893380583632364]]]}},{"type":"Feature","properties":{"jobs":1139,"pop":972,"pointCount":4,"homeWorkCommuteMedian":14665,"workHomeCommuteMedian":12072},"geometry":{"type":"Polygon","coordinates":[[[138.53621893634806,-34.88438737999512],[138.53621893634806,-34.87539417635787],[138.5452121399853,-34.87539417635787],[138.5452121399853,-34.88438737999512],[138.53621893634806,-34.88438737999512]]]}},{"type":"Feature","properties":{"jobs":362,"pop":848,"pointCount":4,"homeWorkCommuteMedian":4955,"workHomeCommuteMedian":4558},"geometry":{"type":"Polygon","coordinates":[[[138.53621893634806,-34.87539417635787],[138.53621893634806,-34.866400972720626],[138.5452121399853,-34.866400972720626],[138.5452121399853,-34.87539417635787],[138.53621893634806,-34.87539417635787]]]}},{"type":"Feature","properties":{"jobs":1124,"pop":584,"pointCount":2,"homeWorkCommuteMedian":10457,"workHomeCommuteMedian":11860},"geometry":{"type":"Polygon","coordinates":[[[138.53621893634806,-34.866400972720626],[138.53621893634806,-34.85740776908338],[138.5452121399853,-34.85740776908338],[138.5452121399853,-34.866400972720626],[138.53621893634806,-34.866400972720626]]]}},{"type":"Feature","properties":{"jobs":1573,"pop":884,"pointCount":4,"homeWorkCommuteMedian":7124,"workHomeCommuteMedian":11992},"geometry":{"type":"Polygon","coordinates":[[[138.53621893634806,-34.85740776908338],[138.53621893634806,-34.848414565446134],[138.5452121399853,-34.848414565446134],[138.5452121399853,-34.85740776908338],[138.53621893634806,-34.85740776908338]]]}},{"type":"Feature","properties":{"jobs":531,"pop":370,"pointCount":1,"homeWorkCommuteMedian":12841,"workHomeCommuteMedian":19596},"geometry":{"type":"Polygon","coordinates":[[[138.53621893634806,-34.848414565446134],[138.53621893634806,-34.83942136180889],[138.5452121399853,-34.83942136180889],[138.5452121399853,-34.848414565446134],[138.53621893634806,-34.848414565446134]]]}},{"type":"Feature","properties":{"jobs":0,"pop":238,"pointCount":1,"homeWorkCommuteMedian":60268,"workHomeCommuteMedian":-1},"geometry":{"type":"Polygon","coordinates":[[[138.53621893634806,-34.61459127087774],[138.53621893634806,-34.60559806724049],[138.5452121399853,-34.60559806724049],[138.5452121399853,-34.61459127087774],[138.53621893634806,-34.61459127087774]]]}},{"type":"Feature","properties":{"jobs":89,"pop":208,"pointCount":1,"homeWorkCommuteMedian":47323,"workHomeCommuteMedian":18565},"geometry":{"type":"Polygon","coordinates":[[[138.5452121399853,-35.28008834003394],[138.5452121399853,-35.271095136396696],[138.55420534362253,-35.271095136396696],[138.55420534362253,-35.28008834003394],[138.5452121399853,-35.28008834003394]]]}},{"type":"Feature","properties":{"jobs":417,"pop":201,"pointCount":1,"homeWorkCommuteMedian":26420,"workHomeCommuteMedian":9955},"geometry":{"type":"Polygon","coordinates":[[[138.5452121399853,-35.271095136396696],[138.5452121399853,-35.26210193275945],[138.55420534362253,-35.26210193275945],[138.55420534362253,-35.271095136396696],[138.5452121399853,-35.271095136396696]]]}},{"type":"Feature","properties":{"jobs":420,"pop":103,"pointCount":1,"homeWorkCommuteMedian":18321,"workHomeCommuteMedian":13376},"geometry":{"type":"Polygon","coordinates":[[[138.5452121399853,-35.23512232184771],[138.5452121399853,-35.226129118210466],[138.55420534362253,-35.226129118210466],[138.55420534362253,-35.23512232184771],[138.5452121399853,-35.23512232184771]]]}},{"type":"Feature","properties":{"jobs":65,"pop":383,"pointCount":2,"homeWorkCommuteMedian":40934,"workHomeCommuteMedian":40826},"geometry":{"type":"Polygon","coordinates":[[[138.5452121399853,-35.226129118210466],[138.5452121399853,-35.21713591457322],[138.55420534362253,-35.21713591457322],[138.55420534362253,-35.226129118210466],[138.5452121399853,-35.226129118210466]]]}},{"type":"Feature","properties":{"jobs":55,"pop":118,"pointCount":1,"homeWorkCommuteMedian":21887,"workHomeCommuteMedian":13862},"geometry":{"type":"Polygon","coordinates":[[[138.5452121399853,-35.21713591457322],[138.5452121399853,-35.208142710935974],[138.55420534362253,-35.208142710935974],[138.55420534362253,-35.21713591457322],[138.5452121399853,-35.21713591457322]]]}},{"type":"Feature","properties":{"jobs":166,"pop":296,"pointCount":2,"homeWorkCommuteMedian":34820,"workHomeCommuteMedian":49230},"geometry":{"type":"Polygon","coordinates":[[[138.5452121399853,-35.136197081838006],[138.5452121399853,-35.12720387820076],[138.55420534362253,-35.12720387820076],[138.55420534362253,-35.136197081838006],[138.5452121399853,-35.136197081838006]]]}},{"type":"Feature","properties":{"jobs":180,"pop":448,"pointCount":2,"homeWorkCommuteMedian":23218,"workHomeCommuteMedian":4398},"geometry":{"type":"Polygon","coordinates":[[[138.5452121399853,-35.12720387820076],[138.5452121399853,-35.118210674563514],[138.55420534362253,-35.118210674563514],[138.55420534362253,-35.12720387820076],[138.5452121399853,-35.12720387820076]]]}},{"type":"Feature","properties":{"jobs":0,"pop":457,"pointCount":2,"homeWorkCommuteMedian":8660,"workHomeCommuteMedian":-1},"geometry":{"type":"Polygon","coordinates":[[[138.5452121399853,-35.118210674563514],[138.5452121399853,-35.10921747092627],[138.55420534362253,-35.10921747092627],[138.55420534362253,-35.118210674563514],[138.5452121399853,-35.118210674563514]]]}},{"type":"Feature","properties":{"jobs":228,"pop":878,"pointCount":3,"homeWorkCommuteMedian":13749,"workHomeCommuteMedian":18641},"geometry":{"type":"Polygon","coordinates":[[[138.5452121399853,-35.10921747092627],[138.5452121399853,-35.10022426728902],[138.55420534362253,-35.10022426728902],[138.55420534362253,-35.10921747092627],[138.5452121399853,-35.10921747092627]]]}},{"type":"Feature","properties":{"jobs":0,"pop":840,"pointCount":4,"homeWorkCommuteMedian":9698,"workHomeCommuteMedian":-1},"geometry":{"type":"Polygon","coordinates":[[[138.5452121399853,-35.10022426728902],[138.5452121399853,-35.091231063651776],[138.55420534362253,-35.091231063651776],[138.55420534362253,-35.10022426728902],[138.5452121399853,-35.10022426728902]]]}},{"type":"Feature","properties":{"jobs":0,"pop":224,"pointCount":1,"homeWorkCommuteMedian":28931,"workHomeCommuteMedian":-1},"geometry":{"type":"Polygon","coordinates":[[[138.5452121399853,-35.091231063651776],[138.5452121399853,-35.08223786001453],[138.55420534362253,-35.08223786001453],[138.55420534362253,-35.091231063651776],[138.5452121399853,-35.091231063651776]]]}},{"type":"Feature","properties":{"jobs":226,"pop":452,"pointCount":3,"homeWorkCommuteMedian":18580,"workHomeCommuteMedian":16940},"geometry":{"type":"Polygon","coordinates":[[[138.5452121399853,-35.08223786001453],[138.5452121399853,-35.073244656377284],[138.55420534362253,-35.073244656377284],[138.55420534362253,-35.08223786001453],[138.5452121399853,-35.08223786001453]]]}},{"type":"Feature","properties":{"jobs":252,"pop":0,"pointCount":1,"homeWorkCommuteMedian":-1,"workHomeCommuteMedian":7009},"geometry":{"type":"Polygon","coordinates":[[[138.5452121399853,-35.06425145274004],[138.5452121399853,-35.05525824910279],[138.55420534362253,-35.05525824910279],[138.55420534362253,-35.06425145274004],[138.5452121399853,-35.06425145274004]]]}},{"type":"Feature","properties":{"jobs":1020,"pop":0,"pointCount":1,"homeWorkCommuteMedian":-1,"workHomeCommuteMedian":19594},"geometry":{"type":"Polygon","coordinates":[[[138.5452121399853,-35.05525824910279],[138.5452121399853,-35.046265045465546],[138.55420534362253,-35.046265045465546],[138.55420534362253,-35.05525824910279],[138.5452121399853,-35.05525824910279]]]}},{"type":"Feature","properties":{"jobs":0,"pop":890,"pointCount":4,"homeWorkCommuteMedian":8291,"workHomeCommuteMedian":-1},"geometry":{"type":"Polygon","coordinates":[[[138.5452121399853,-35.0372718418283],[138.5452121399853,-35.028278638191054],[138.55420534362253,-35.028278638191054],[138.55420534362253,-35.0372718418283],[138.5452121399853,-35.0372718418283]]]}},{"type":"Feature","properties":{"jobs":599,"pop":1685,"pointCount":5,"homeWorkCommuteMedian":12844,"workHomeCommuteMedian":7600},"geometry":{"type":"Polygon","coordinates":[[[138.5452121399853,-35.028278638191054],[138.5452121399853,-35.01928543455381],[138.55420534362253,-35.01928543455381],[138.55420534362253,-35.028278638191054],[138.5452121399853,-35.028278638191054]]]}},{"type":"Feature","properties":{"jobs":1056,"pop":643,"pointCount":3,"homeWorkCommuteMedian":14840,"workHomeCommuteMedian":11506},"geometry":{"type":"Polygon","coordinates":[[[138.5452121399853,-35.01928543455381],[138.5452121399853,-35.01029223091656],[138.55420534362253,-35.01029223091656],[138.55420534362253,-35.01928543455381],[138.5452121399853,-35.01928543455381]]]}},{"type":"Feature","properties":{"jobs":423,"pop":690,"pointCount":4,"homeWorkCommuteMedian":7038,"workHomeCommuteMedian":11220},"geometry":{"type":"Polygon","coordinates":[[[138.5452121399853,-35.01029223091656],[138.5452121399853,-35.001299027279316],[138.55420534362253,-35.001299027279316],[138.55420534362253,-35.01029223091656],[138.5452121399853,-35.01029223091656]]]}},{"type":"Feature","properties":{"jobs":438,"pop":955,"pointCount":4,"homeWorkCommuteMedian":11152,"workHomeCommuteMedian":21555},"geometry":{"type":"Polygon","coordinates":[[[138.5452121399853,-35.001299027279316],[138.5452121399853,-34.99230582364207],[138.55420534362253,-34.99230582364207],[138.55420534362253,-35.001299027279316],[138.5452121399853,-35.001299027279316]]]}},{"type":"Feature","properties":{"jobs":623,"pop":1832,"pointCount":4,"homeWorkCommuteMedian":8387,"workHomeCommuteMedian":10587},"geometry":{"type":"Polygon","coordinates":[[[138.5452121399853,-34.99230582364207],[138.5452121399853,-34.983312620004824],[138.55420534362253,-34.983312620004824],[138.55420534362253,-34.99230582364207],[138.5452121399853,-34.99230582364207]]]}},{"type":"Feature","properties":{"jobs":622,"pop":1327,"pointCount":5,"homeWorkCommuteMedian":16719,"workHomeCommuteMedian":8526},"geometry":{"type":"Polygon","coordinates":[[[138.5452121399853,-34.983312620004824],[138.5452121399853,-34.97431941636758],[138.55420534362253,-34.97431941636758],[138.55420534362253,-34.983312620004824],[138.5452121399853,-34.983312620004824]]]}},{"type":"Feature","properties":{"jobs":91,"pop":1496,"pointCount":5,"homeWorkCommuteMedian":7988,"workHomeCommuteMedian":6628},"geometry":{"type":"Polygon","coordinates":[[[138.5452121399853,-34.97431941636758],[138.5452121399853,-34.96532621273033],[138.55420534362253,-34.96532621273033],[138.55420534362253,-34.97431941636758],[138.5452121399853,-34.97431941636758]]]}},{"type":"Feature","properties":{"jobs":238,"pop":1320,"pointCount":6,"homeWorkCommuteMedian":8018,"workHomeCommuteMedian":15436},"geometry":{"type":"Polygon","coordinates":[[[138.5452121399853,-34.96532621273033],[138.5452121399853,-34.956333009093086],[138.55420534362253,-34.956333009093086],[138.55420534362253,-34.96532621273033],[138.5452121399853,-34.96532621273033]]]}},{"type":"Feature","properties":{"jobs":1713,"pop":1122,"pointCount":6,"homeWorkCommuteMedian":7454,"workHomeCommuteMedian":16143},"geometry":{"type":"Polygon","coordinates":[[[138.5452121399853,-34.956333009093086],[138.5452121399853,-34.94733980545584],[138.55420534362253,-34.94733980545584],[138.55420534362253,-34.956333009093086],[138.5452121399853,-34.956333009093086]]]}},{"type":"Feature","properties":{"jobs":577,"pop":264,"pointCount":2,"homeWorkCommuteMedian":6812,"workHomeCommuteMedian":19974},"geometry":{"type":"Polygon","coordinates":[[[138.5452121399853,-34.94733980545584],[138.5452121399853,-34.938346601818594],[138.55420534362253,-34.938346601818594],[138.55420534362253,-34.94733980545584],[138.5452121399853,-34.94733980545584]]]}},{"type":"Feature","properties":{"jobs":880,"pop":1470,"pointCount":4,"homeWorkCommuteMedian":4987,"workHomeCommuteMedian":10308},"geometry":{"type":"Polygon","coordinates":[[[138.5452121399853,-34.938346601818594],[138.5452121399853,-34.92935339818135],[138.55420534362253,-34.92935339818135],[138.55420534362253,-34.938346601818594],[138.5452121399853,-34.938346601818594]]]}},{"type":"Feature","properties":{"jobs":968,"pop":1890,"pointCount":6,"homeWorkCommuteMedian":5674,"workHomeCommuteMedian":14641},"geometry":{"type":"Polygon","coordinates":[[[138.5452121399853,-34.92935339818135],[138.5452121399853,-34.9203601945441],[138.55420534362253,-34.9203601945441],[138.55420534362253,-34.92935339818135],[138.5452121399853,-34.92935339818135]]]}},{"type":"Feature","properties":{"jobs":341,"pop":979,"pointCount":4,"homeWorkCommuteMedian":3156,"workHomeCommuteMedian":4686},"geometry":{"type":"Polygon","coordinates":[[[138.5452121399853,-34.9203601945441],[138.5452121399853,-34.911366990906856],[138.55420534362253,-34.911366990906856],[138.55420534362253,-34.9203601945441],[138.5452121399853,-34.9203601945441]]]}},{"type":"Feature","properties":{"jobs":376,"pop":946,"pointCount":3,"homeWorkCommuteMedian":6594,"workHomeCommuteMedian":10089},"geometry":{"type":"Polygon","coordinates":[[[138.5452121399853,-34.911366990906856],[138.5452121399853,-34.90237378726961],[138.55420534362253,-34.90237378726961],[138.55420534362253,-34.911366990906856],[138.5452121399853,-34.911366990906856]]]}},{"type":"Feature","properties":{"jobs":882,"pop":664,"pointCount":3,"homeWorkCommuteMedian":9017,"workHomeCommuteMedian":11129},"geometry":{"type":"Polygon","coordinates":[[[138.5452121399853,-34.90237378726961],[138.5452121399853,-34.893380583632364],[138.55420534362253,-34.893380583632364],[138.55420534362253,-34.90237378726961],[138.5452121399853,-34.90237378726961]]]}},{"type":"Feature","properties":{"jobs":1059,"pop":660,"pointCount":3,"homeWorkCommuteMedian":10763,"workHomeCommuteMedian":11470},"geometry":{"type":"Polygon","coordinates":[[[138.5452121399853,-34.893380583632364],[138.5452121399853,-34.88438737999512],[138.55420534362253,-34.88438737999512],[138.55420534362253,-34.893380583632364],[138.5452121399853,-34.893380583632364]]]}},{"type":"Feature","properties":{"jobs":859,"pop":1085,"pointCount":4,"homeWorkCommuteMedian":8687,"workHomeCommuteMedian":14251},"geometry":{"type":"Polygon","coordinates":[[[138.5452121399853,-34.88438737999512],[138.5452121399853,-34.87539417635787],[138.55420534362253,-34.87539417635787],[138.55420534362253,-34.88438737999512],[138.5452121399853,-34.88438737999512]]]}},{"type":"Feature","properties":{"jobs":1384,"pop":803,"pointCount":5,"homeWorkCommuteMedian":8893,"workHomeCommuteMedian":15799},"geometry":{"type":"Polygon","coordinates":[[[138.5452121399853,-34.87539417635787],[138.5452121399853,-34.866400972720626],[138.55420534362253,-34.866400972720626],[138.55420534362253,-34.87539417635787],[138.5452121399853,-34.87539417635787]]]}},{"type":"Feature","properties":{"jobs":145,"pop":985,"pointCount":4,"homeWorkCommuteMedian":7378,"workHomeCommuteMedian":18370},"geometry":{"type":"Polygon","coordinates":[[[138.5452121399853,-34.866400972720626],[138.5452121399853,-34.85740776908338],[138.55420534362253,-34.85740776908338],[138.55420534362253,-34.866400972720626],[138.5452121399853,-34.866400972720626]]]}},{"type":"Feature","properties":{"jobs":80,"pop":1381,"pointCount":5,"homeWorkCommuteMedian":11487,"workHomeCommuteMedian":6463},"geometry":{"type":"Polygon","coordinates":[[[138.5452121399853,-34.85740776908338],[138.5452121399853,-34.848414565446134],[138.55420534362253,-34.848414565446134],[138.55420534362253,-34.85740776908338],[138.5452121399853,-34.85740776908338]]]}},{"type":"Feature","properties":{"jobs":1146,"pop":0,"pointCount":1,"homeWorkCommuteMedian":-1,"workHomeCommuteMedian":9264},"geometry":{"type":"Polygon","coordinates":[[[138.5452121399853,-34.848414565446134],[138.5452121399853,-34.83942136180889],[138.55420534362253,-34.83942136180889],[138.55420534362253,-34.848414565446134],[138.5452121399853,-34.848414565446134]]]}},{"type":"Feature","properties":{"jobs":2871,"pop":0,"pointCount":1,"homeWorkCommuteMedian":-1,"workHomeCommuteMedian":15932},"geometry":{"type":"Polygon","coordinates":[[[138.5452121399853,-34.83942136180889],[138.5452121399853,-34.83042815817164],[138.55420534362253,-34.83042815817164],[138.55420534362253,-34.83942136180889],[138.5452121399853,-34.83942136180889]]]}},{"type":"Feature","properties":{"jobs":0,"pop":200,"pointCount":1,"homeWorkCommuteMedian":14383,"workHomeCommuteMedian":-1},"geometry":{"type":"Polygon","coordinates":[[[138.5452121399853,-34.67754369633846],[138.5452121399853,-34.668550492701215],[138.55420534362253,-34.668550492701215],[138.55420534362253,-34.67754369633846],[138.5452121399853,-34.67754369633846]]]}},{"type":"Feature","properties":{"jobs":0,"pop":137,"pointCount":1,"homeWorkCommuteMedian":16461,"workHomeCommuteMedian":-1},"geometry":{"type":"Polygon","coordinates":[[[138.5452121399853,-34.623584474514985],[138.5452121399853,-34.61459127087774],[138.55420534362253,-34.61459127087774],[138.55420534362253,-34.623584474514985],[138.5452121399853,-34.623584474514985]]]}},{"type":"Feature","properties":{"jobs":381,"pop":202,"pointCount":2,"homeWorkCommuteMedian":37581,"workHomeCommuteMedian":10775},"geometry":{"type":"Polygon","coordinates":[[[138.55420534362253,-35.28008834003394],[138.55420534362253,-35.271095136396696],[138.56319854725976,-35.271095136396696],[138.56319854725976,-35.28008834003394],[138.55420534362253,-35.28008834003394]]]}},{"type":"Feature","properties":{"jobs":378,"pop":144,"pointCount":1,"homeWorkCommuteMedian":11566,"workHomeCommuteMedian":43287},"geometry":{"type":"Polygon","coordinates":[[[138.55420534362253,-35.271095136396696],[138.55420534362253,-35.26210193275945],[138.56319854725976,-35.26210193275945],[138.56319854725976,-35.271095136396696],[138.55420534362253,-35.271095136396696]]]}},{"type":"Feature","properties":{"jobs":126,"pop":0,"pointCount":1,"homeWorkCommuteMedian":-1,"workHomeCommuteMedian":1926},"geometry":{"type":"Polygon","coordinates":[[[138.55420534362253,-35.226129118210466],[138.55420534362253,-35.21713591457322],[138.56319854725976,-35.21713591457322],[138.56319854725976,-35.226129118210466],[138.55420534362253,-35.226129118210466]]]}},{"type":"Feature","properties":{"jobs":245,"pop":0,"pointCount":1,"homeWorkCommuteMedian":-1,"workHomeCommuteMedian":32072},"geometry":{"type":"Polygon","coordinates":[[[138.55420534362253,-35.163176692749744],[138.55420534362253,-35.1541834891125],[138.56319854725976,-35.1541834891125],[138.56319854725976,-35.163176692749744],[138.55420534362253,-35.163176692749744]]]}},{"type":"Feature","properties":{"jobs":0,"pop":930,"pointCount":4,"homeWorkCommuteMedian":20362,"workHomeCommuteMedian":-1},"geometry":{"type":"Polygon","coordinates":[[[138.55420534362253,-35.118210674563514],[138.55420534362253,-35.10921747092627],[138.56319854725976,-35.10921747092627],[138.56319854725976,-35.118210674563514],[138.55420534362253,-35.118210674563514]]]}},{"type":"Feature","properties":{"jobs":0,"pop":1214,"pointCount":4,"homeWorkCommuteMedian":24980,"workHomeCommuteMedian":-1},"geometry":{"type":"Polygon","coordinates":[[[138.55420534362253,-35.10921747092627],[138.55420534362253,-35.10022426728902],[138.56319854725976,-35.10022426728902],[138.56319854725976,-35.10921747092627],[138.55420534362253,-35.10921747092627]]]}},{"type":"Feature","properties":{"jobs":0,"pop":835,"pointCount":4,"homeWorkCommuteMedian":18039,"workHomeCommuteMedian":-1},"geometry":{"type":"Polygon","coordinates":[[[138.55420534362253,-35.10022426728902],[138.55420534362253,-35.091231063651776],[138.56319854725976,-35.091231063651776],[138.56319854725976,-35.10022426728902],[138.55420534362253,-35.10022426728902]]]}},{"type":"Feature","properties":{"jobs":529,"pop":792,"pointCount":4,"homeWorkCommuteMedian":22609,"workHomeCommuteMedian":6288},"geometry":{"type":"Polygon","coordinates":[[[138.55420534362253,-35.091231063651776],[138.55420534362253,-35.08223786001453],[138.56319854725976,-35.08223786001453],[138.56319854725976,-35.091231063651776],[138.55420534362253,-35.091231063651776]]]}},{"type":"Feature","properties":{"jobs":558,"pop":1209,"pointCount":5,"homeWorkCommuteMedian":20979,"workHomeCommuteMedian":11394},"geometry":{"type":"Polygon","coordinates":[[[138.55420534362253,-35.08223786001453],[138.55420534362253,-35.073244656377284],[138.56319854725976,-35.073244656377284],[138.56319854725976,-35.08223786001453],[138.55420534362253,-35.08223786001453]]]}},{"type":"Feature","properties":{"jobs":162,"pop":957,"pointCount":4,"homeWorkCommuteMedian":12212,"workHomeCommuteMedian":3505},"geometry":{"type":"Polygon","coordinates":[[[138.55420534362253,-35.073244656377284],[138.55420534362253,-35.06425145274004],[138.56319854725976,-35.06425145274004],[138.56319854725976,-35.073244656377284],[138.55420534362253,-35.073244656377284]]]}},{"type":"Feature","properties":{"jobs":0,"pop":138,"pointCount":1,"homeWorkCommuteMedian":7177,"workHomeCommuteMedian":-1},"geometry":{"type":"Polygon","coordinates":[[[138.55420534362253,-35.0372718418283],[138.55420534362253,-35.028278638191054],[138.56319854725976,-35.028278638191054],[138.56319854725976,-35.0372718418283],[138.55420534362253,-35.0372718418283]]]}},{"type":"Feature","properties":{"jobs":1183,"pop":782,"pointCount":4,"homeWorkCommuteMedian":7121,"workHomeCommuteMedian":12773},"geometry":{"type":"Polygon","coordinates":[[[138.55420534362253,-35.028278638191054],[138.55420534362253,-35.01928543455381],[138.56319854725976,-35.01928543455381],[138.56319854725976,-35.028278638191054],[138.55420534362253,-35.028278638191054]]]}},{"type":"Feature","properties":{"jobs":710,"pop":830,"pointCount":3,"homeWorkCommuteMedian":14278,"workHomeCommuteMedian":17621},"geometry":{"type":"Polygon","coordinates":[[[138.55420534362253,-35.01928543455381],[138.55420534362253,-35.01029223091656],[138.56319854725976,-35.01029223091656],[138.56319854725976,-35.01928543455381],[138.55420534362253,-35.01928543455381]]]}},{"type":"Feature","properties":{"jobs":0,"pop":1017,"pointCount":5,"homeWorkCommuteMedian":11868,"workHomeCommuteMedian":-1},"geometry":{"type":"Polygon","coordinates":[[[138.55420534362253,-35.01029223091656],[138.55420534362253,-35.001299027279316],[138.56319854725976,-35.001299027279316],[138.56319854725976,-35.01029223091656],[138.55420534362253,-35.01029223091656]]]}},{"type":"Feature","properties":{"jobs":280,"pop":882,"pointCount":3,"homeWorkCommuteMedian":10812,"workHomeCommuteMedian":20048},"geometry":{"type":"Polygon","coordinates":[[[138.55420534362253,-35.001299027279316],[138.55420534362253,-34.99230582364207],[138.56319854725976,-34.99230582364207],[138.56319854725976,-35.001299027279316],[138.55420534362253,-35.001299027279316]]]}},{"type":"Feature","properties":{"jobs":0,"pop":1350,"pointCount":4,"homeWorkCommuteMedian":9468,"workHomeCommuteMedian":-1},"geometry":{"type":"Polygon","coordinates":[[[138.55420534362253,-34.99230582364207],[138.55420534362253,-34.983312620004824],[138.56319854725976,-34.983312620004824],[138.56319854725976,-34.99230582364207],[138.55420534362253,-34.99230582364207]]]}},{"type":"Feature","properties":{"jobs":365,"pop":1459,"pointCount":5,"homeWorkCommuteMedian":8533,"workHomeCommuteMedian":15150},"geometry":{"type":"Polygon","coordinates":[[[138.55420534362253,-34.983312620004824],[138.55420534362253,-34.97431941636758],[138.56319854725976,-34.97431941636758],[138.56319854725976,-34.983312620004824],[138.55420534362253,-34.983312620004824]]]}},{"type":"Feature","properties":{"jobs":334,"pop":1306,"pointCount":5,"homeWorkCommuteMedian":6015,"workHomeCommuteMedian":22526},"geometry":{"type":"Polygon","coordinates":[[[138.55420534362253,-34.97431941636758],[138.55420534362253,-34.96532621273033],[138.56319854725976,-34.96532621273033],[138.56319854725976,-34.97431941636758],[138.55420534362253,-34.97431941636758]]]}},{"type":"Feature","properties":{"jobs":323,"pop":1775,"pointCount":4,"homeWorkCommuteMedian":5888,"workHomeCommuteMedian":17803},"geometry":{"type":"Polygon","coordinates":[[[138.55420534362253,-34.96532621273033],[138.55420534362253,-34.956333009093086],[138.56319854725976,-34.956333009093086],[138.56319854725976,-34.96532621273033],[138.55420534362253,-34.96532621273033]]]}},{"type":"Feature","properties":{"jobs":381,"pop":1648,"pointCount":5,"homeWorkCommuteMedian":10656,"workHomeCommuteMedian":25711},"geometry":{"type":"Polygon","coordinates":[[[138.55420534362253,-34.956333009093086],[138.55420534362253,-34.94733980545584],[138.56319854725976,-34.94733980545584],[138.56319854725976,-34.956333009093086],[138.55420534362253,-34.956333009093086]]]}},{"type":"Feature","properties":{"jobs":1810,"pop":901,"pointCount":4,"homeWorkCommuteMedian":6822,"workHomeCommuteMedian":9063},"geometry":{"type":"Polygon","coordinates":[[[138.55420534362253,-34.94733980545584],[138.55420534362253,-34.938346601818594],[138.56319854725976,-34.938346601818594],[138.56319854725976,-34.94733980545584],[138.55420534362253,-34.94733980545584]]]}},{"type":"Feature","properties":{"jobs":440,"pop":1118,"pointCount":5,"homeWorkCommuteMedian":10495,"workHomeCommuteMedian":18857},"geometry":{"type":"Polygon","coordinates":[[[138.55420534362253,-34.938346601818594],[138.55420534362253,-34.92935339818135],[138.56319854725976,-34.92935339818135],[138.56319854725976,-34.938346601818594],[138.55420534362253,-34.938346601818594]]]}},{"type":"Feature","properties":{"jobs":1425,"pop":1394,"pointCount":5,"homeWorkCommuteMedian":4801,"workHomeCommuteMedian":5905},"geometry":{"type":"Polygon","coordinates":[[[138.55420534362253,-34.92935339818135],[138.55420534362253,-34.9203601945441],[138.56319854725976,-34.9203601945441],[138.56319854725976,-34.92935339818135],[138.55420534362253,-34.92935339818135]]]}},{"type":"Feature","properties":{"jobs":478,"pop":448,"pointCount":2,"homeWorkCommuteMedian":8138,"workHomeCommuteMedian":27471},"geometry":{"type":"Polygon","coordinates":[[[138.55420534362253,-34.9203601945441],[138.55420534362253,-34.911366990906856],[138.56319854725976,-34.911366990906856],[138.56319854725976,-34.9203601945441],[138.55420534362253,-34.9203601945441]]]}},{"type":"Feature","properties":{"jobs":1285,"pop":1089,"pointCount":5,"homeWorkCommuteMedian":10599,"workHomeCommuteMedian":12911},"geometry":{"type":"Polygon","coordinates":[[[138.55420534362253,-34.911366990906856],[138.55420534362253,-34.90237378726961],[138.56319854725976,-34.90237378726961],[138.56319854725976,-34.911366990906856],[138.55420534362253,-34.911366990906856]]]}},{"type":"Feature","properties":{"jobs":1170,"pop":498,"pointCount":3,"homeWorkCommuteMedian":6386,"workHomeCommuteMedian":19861},"geometry":{"type":"Polygon","coordinates":[[[138.55420534362253,-34.90237378726961],[138.55420534362253,-34.893380583632364],[138.56319854725976,-34.893380583632364],[138.56319854725976,-34.90237378726961],[138.55420534362253,-34.90237378726961]]]}},{"type":"Feature","properties":{"jobs":968,"pop":1528,"pointCount":6,"homeWorkCommuteMedian":7707,"workHomeCommuteMedian":10518},"geometry":{"type":"Polygon","coordinates":[[[138.55420534362253,-34.893380583632364],[138.55420534362253,-34.88438737999512],[138.56319854725976,-34.88438737999512],[138.56319854725976,-34.893380583632364],[138.55420534362253,-34.893380583632364]]]}},{"type":"Feature","properties":{"jobs":413,"pop":1139,"pointCount":4,"homeWorkCommuteMedian":8232,"workHomeCommuteMedian":15523},"geometry":{"type":"Polygon","coordinates":[[[138.55420534362253,-34.88438737999512],[138.55420534362253,-34.87539417635787],[138.56319854725976,-34.87539417635787],[138.56319854725976,-34.88438737999512],[138.55420534362253,-34.88438737999512]]]}},{"type":"Feature","properties":{"jobs":270,"pop":978,"pointCount":4,"homeWorkCommuteMedian":7589,"workHomeCommuteMedian":27612},"geometry":{"type":"Polygon","coordinates":[[[138.55420534362253,-34.87539417635787],[138.55420534362253,-34.866400972720626],[138.56319854725976,-34.866400972720626],[138.56319854725976,-34.87539417635787],[138.55420534362253,-34.87539417635787]]]}},{"type":"Feature","properties":{"jobs":280,"pop":769,"pointCount":4,"homeWorkCommuteMedian":13684,"workHomeCommuteMedian":10620},"geometry":{"type":"Polygon","coordinates":[[[138.55420534362253,-34.866400972720626],[138.55420534362253,-34.85740776908338],[138.56319854725976,-34.85740776908338],[138.56319854725976,-34.866400972720626],[138.55420534362253,-34.866400972720626]]]}},{"type":"Feature","properties":{"jobs":752,"pop":125,"pointCount":2,"homeWorkCommuteMedian":12005,"workHomeCommuteMedian":12959},"geometry":{"type":"Polygon","coordinates":[[[138.55420534362253,-34.85740776908338],[138.55420534362253,-34.848414565446134],[138.56319854725976,-34.848414565446134],[138.56319854725976,-34.85740776908338],[138.55420534362253,-34.85740776908338]]]}},{"type":"Feature","properties":{"jobs":904,"pop":169,"pointCount":1,"homeWorkCommuteMedian":3149,"workHomeCommuteMedian":14355},"geometry":{"type":"Polygon","coordinates":[[[138.55420534362253,-34.848414565446134],[138.55420534362253,-34.83942136180889],[138.56319854725976,-34.83942136180889],[138.56319854725976,-34.848414565446134],[138.55420534362253,-34.848414565446134]]]}},{"type":"Feature","properties":{"jobs":0,"pop":119,"pointCount":1,"homeWorkCommuteMedian":29336,"workHomeCommuteMedian":-1},"geometry":{"type":"Polygon","coordinates":[[[138.55420534362253,-34.7045233072502],[138.55420534362253,-34.69553010361295],[138.56319854725976,-34.69553010361295],[138.56319854725976,-34.7045233072502],[138.55420534362253,-34.7045233072502]]]}},{"type":"Feature","properties":{"jobs":0,"pop":266,"pointCount":1,"homeWorkCommuteMedian":23377,"workHomeCommuteMedian":-1},"geometry":{"type":"Polygon","coordinates":[[[138.55420534362253,-34.68653689997571],[138.55420534362253,-34.67754369633846],[138.56319854725976,-34.67754369633846],[138.56319854725976,-34.68653689997571],[138.55420534362253,-34.68653689997571]]]}},{"type":"Feature","properties":{"jobs":0,"pop":270,"pointCount":1,"homeWorkCommuteMedian":23491,"workHomeCommuteMedian":-1},"geometry":{"type":"Polygon","coordinates":[[[138.55420534362253,-34.67754369633846],[138.55420534362253,-34.668550492701215],[138.56319854725976,-34.668550492701215],[138.56319854725976,-34.67754369633846],[138.55420534362253,-34.67754369633846]]]}},{"type":"Feature","properties":{"jobs":92,"pop":133,"pointCount":1,"homeWorkCommuteMedian":26539,"workHomeCommuteMedian":12984},"geometry":{"type":"Polygon","coordinates":[[[138.55420534362253,-34.668550492701215],[138.55420534362253,-34.65955728906397],[138.56319854725976,-34.65955728906397],[138.56319854725976,-34.668550492701215],[138.55420534362253,-34.668550492701215]]]}},{"type":"Feature","properties":{"jobs":689,"pop":105,"pointCount":1,"homeWorkCommuteMedian":24778,"workHomeCommuteMedian":19454},"geometry":{"type":"Polygon","coordinates":[[[138.55420534362253,-34.65056408542672],[138.55420534362253,-34.64157088178948],[138.56319854725976,-34.64157088178948],[138.56319854725976,-34.65056408542672],[138.55420534362253,-34.65056408542672]]]}},{"type":"Feature","properties":{"jobs":882,"pop":118,"pointCount":1,"homeWorkCommuteMedian":27371,"workHomeCommuteMedian":9423},"geometry":{"type":"Polygon","coordinates":[[[138.56319854725976,-35.14519028547525],[138.56319854725976,-35.136197081838006],[138.572191750897,-35.136197081838006],[138.572191750897,-35.14519028547525],[138.56319854725976,-35.14519028547525]]]}},{"type":"Feature","properties":{"jobs":0,"pop":501,"pointCount":2,"homeWorkCommuteMedian":24858,"workHomeCommuteMedian":-1},"geometry":{"type":"Polygon","coordinates":[[[138.56319854725976,-35.10921747092627],[138.56319854725976,-35.10022426728902],[138.572191750897,-35.10022426728902],[138.572191750897,-35.10921747092627],[138.56319854725976,-35.10921747092627]]]}},{"type":"Feature","properties":{"jobs":0,"pop":717,"pointCount":4,"homeWorkCommuteMedian":6834,"workHomeCommuteMedian":-1},"geometry":{"type":"Polygon","coordinates":[[[138.56319854725976,-35.10022426728902],[138.56319854725976,-35.091231063651776],[138.572191750897,-35.091231063651776],[138.572191750897,-35.10022426728902],[138.56319854725976,-35.10022426728902]]]}},{"type":"Feature","properties":{"jobs":278,"pop":727,"pointCount":3,"homeWorkCommuteMedian":10349,"workHomeCommuteMedian":17362},"geometry":{"type":"Polygon","coordinates":[[[138.56319854725976,-35.091231063651776],[138.56319854725976,-35.08223786001453],[138.572191750897,-35.08223786001453],[138.572191750897,-35.091231063651776],[138.56319854725976,-35.091231063651776]]]}},{"type":"Feature","properties":{"jobs":0,"pop":247,"pointCount":1,"homeWorkCommuteMedian":20214,"workHomeCommuteMedian":-1},"geometry":{"type":"Polygon","coordinates":[[[138.56319854725976,-35.08223786001453],[138.56319854725976,-35.073244656377284],[138.572191750897,-35.073244656377284],[138.572191750897,-35.08223786001453],[138.56319854725976,-35.08223786001453]]]}},{"type":"Feature","properties":{"jobs":0,"pop":312,"pointCount":1,"homeWorkCommuteMedian":13091,"workHomeCommuteMedian":-1},"geometry":{"type":"Polygon","coordinates":[[[138.56319854725976,-35.05525824910279],[138.56319854725976,-35.046265045465546],[138.572191750897,-35.046265045465546],[138.572191750897,-35.05525824910279],[138.56319854725976,-35.05525824910279]]]}},{"type":"Feature","properties":{"jobs":920,"pop":347,"pointCount":2,"homeWorkCommuteMedian":15005,"workHomeCommuteMedian":11458},"geometry":{"type":"Polygon","coordinates":[[[138.56319854725976,-35.046265045465546],[138.56319854725976,-35.0372718418283],[138.572191750897,-35.0372718418283],[138.572191750897,-35.046265045465546],[138.56319854725976,-35.046265045465546]]]}},{"type":"Feature","properties":{"jobs":144,"pop":97,"pointCount":1,"homeWorkCommuteMedian":9710,"workHomeCommuteMedian":11822},"geometry":{"type":"Polygon","coordinates":[[[138.56319854725976,-35.0372718418283],[138.56319854725976,-35.028278638191054],[138.572191750897,-35.028278638191054],[138.572191750897,-35.0372718418283],[138.56319854725976,-35.0372718418283]]]}},{"type":"Feature","properties":{"jobs":0,"pop":531,"pointCount":2,"homeWorkCommuteMedian":17994,"workHomeCommuteMedian":-1},"geometry":{"type":"Polygon","coordinates":[[[138.56319854725976,-35.028278638191054],[138.56319854725976,-35.01928543455381],[138.572191750897,-35.01928543455381],[138.572191750897,-35.028278638191054],[138.56319854725976,-35.028278638191054]]]}},{"type":"Feature","properties":{"jobs":333,"pop":575,"pointCount":3,"homeWorkCommuteMedian":12293,"workHomeCommuteMedian":13826},"geometry":{"type":"Polygon","coordinates":[[[138.56319854725976,-35.01928543455381],[138.56319854725976,-35.01029223091656],[138.572191750897,-35.01029223091656],[138.572191750897,-35.01928543455381],[138.56319854725976,-35.01928543455381]]]}},{"type":"Feature","properties":{"jobs":5109,"pop":1022,"pointCount":5,"homeWorkCommuteMedian":7237,"workHomeCommuteMedian":13538},"geometry":{"type":"Polygon","coordinates":[[[138.56319854725976,-35.01029223091656],[138.56319854725976,-35.001299027279316],[138.572191750897,-35.001299027279316],[138.572191750897,-35.01029223091656],[138.56319854725976,-35.01029223091656]]]}},{"type":"Feature","properties":{"jobs":761,"pop":548,"pointCount":3,"homeWorkCommuteMedian":9872,"workHomeCommuteMedian":19571},"geometry":{"type":"Polygon","coordinates":[[[138.56319854725976,-35.001299027279316],[138.56319854725976,-34.99230582364207],[138.572191750897,-34.99230582364207],[138.572191750897,-35.001299027279316],[138.56319854725976,-35.001299027279316]]]}},{"type":"Feature","properties":{"jobs":1064,"pop":782,"pointCount":3,"homeWorkCommuteMedian":19596,"workHomeCommuteMedian":12867},"geometry":{"type":"Polygon","coordinates":[[[138.56319854725976,-34.99230582364207],[138.56319854725976,-34.983312620004824],[138.572191750897,-34.983312620004824],[138.572191750897,-34.99230582364207],[138.56319854725976,-34.99230582364207]]]}},{"type":"Feature","properties":{"jobs":1024,"pop":1460,"pointCount":5,"homeWorkCommuteMedian":10074,"workHomeCommuteMedian":14412},"geometry":{"type":"Polygon","coordinates":[[[138.56319854725976,-34.983312620004824],[138.56319854725976,-34.97431941636758],[138.572191750897,-34.97431941636758],[138.572191750897,-34.983312620004824],[138.56319854725976,-34.983312620004824]]]}},{"type":"Feature","properties":{"jobs":269,"pop":864,"pointCount":3,"homeWorkCommuteMedian":7809,"workHomeCommuteMedian":21496},"geometry":{"type":"Polygon","coordinates":[[[138.56319854725976,-34.97431941636758],[138.56319854725976,-34.96532621273033],[138.572191750897,-34.96532621273033],[138.572191750897,-34.97431941636758],[138.56319854725976,-34.97431941636758]]]}},{"type":"Feature","properties":{"jobs":621,"pop":1341,"pointCount":5,"homeWorkCommuteMedian":6932,"workHomeCommuteMedian":7499},"geometry":{"type":"Polygon","coordinates":[[[138.56319854725976,-34.96532621273033],[138.56319854725976,-34.956333009093086],[138.572191750897,-34.956333009093086],[138.572191750897,-34.96532621273033],[138.56319854725976,-34.96532621273033]]]}},{"type":"Feature","properties":{"jobs":733,"pop":2193,"pointCount":4,"homeWorkCommuteMedian":8930,"workHomeCommuteMedian":8007},"geometry":{"type":"Polygon","coordinates":[[[138.56319854725976,-34.956333009093086],[138.56319854725976,-34.94733980545584],[138.572191750897,-34.94733980545584],[138.572191750897,-34.956333009093086],[138.56319854725976,-34.956333009093086]]]}},{"type":"Feature","properties":{"jobs":388,"pop":618,"pointCount":2,"homeWorkCommuteMedian":4605,"workHomeCommuteMedian":23807},"geometry":{"type":"Polygon","coordinates":[[[138.56319854725976,-34.94733980545584],[138.56319854725976,-34.938346601818594],[138.572191750897,-34.938346601818594],[138.572191750897,-34.94733980545584],[138.56319854725976,-34.94733980545584]]]}},{"type":"Feature","properties":{"jobs":551,"pop":1190,"pointCount":3,"homeWorkCommuteMedian":6216,"workHomeCommuteMedian":22756},"geometry":{"type":"Polygon","coordinates":[[[138.56319854725976,-34.938346601818594],[138.56319854725976,-34.92935339818135],[138.572191750897,-34.92935339818135],[138.572191750897,-34.938346601818594],[138.56319854725976,-34.938346601818594]]]}},{"type":"Feature","properties":{"jobs":1152,"pop":948,"pointCount":3,"homeWorkCommuteMedian":4507,"workHomeCommuteMedian":7755},"geometry":{"type":"Polygon","coordinates":[[[138.56319854725976,-34.92935339818135],[138.56319854725976,-34.9203601945441],[138.572191750897,-34.9203601945441],[138.572191750897,-34.92935339818135],[138.56319854725976,-34.92935339818135]]]}},{"type":"Feature","properties":{"jobs":2589,"pop":830,"pointCount":3,"homeWorkCommuteMedian":8678,"workHomeCommuteMedian":14250},"geometry":{"type":"Polygon","coordinates":[[[138.56319854725976,-34.9203601945441],[138.56319854725976,-34.911366990906856],[138.572191750897,-34.911366990906856],[138.572191750897,-34.9203601945441],[138.56319854725976,-34.9203601945441]]]}},{"type":"Feature","properties":{"jobs":3126,"pop":400,"pointCount":3,"homeWorkCommuteMedian":6591,"workHomeCommuteMedian":10763},"geometry":{"type":"Polygon","coordinates":[[[138.56319854725976,-34.911366990906856],[138.56319854725976,-34.90237378726961],[138.572191750897,-34.90237378726961],[138.572191750897,-34.911366990906856],[138.56319854725976,-34.911366990906856]]]}},{"type":"Feature","properties":{"jobs":1647,"pop":1483,"pointCount":5,"homeWorkCommuteMedian":8558,"workHomeCommuteMedian":11487},"geometry":{"type":"Polygon","coordinates":[[[138.56319854725976,-34.90237378726961],[138.56319854725976,-34.893380583632364],[138.572191750897,-34.893380583632364],[138.572191750897,-34.90237378726961],[138.56319854725976,-34.90237378726961]]]}},{"type":"Feature","properties":{"jobs":284,"pop":1093,"pointCount":5,"homeWorkCommuteMedian":6551,"workHomeCommuteMedian":16606},"geometry":{"type":"Polygon","coordinates":[[[138.56319854725976,-34.893380583632364],[138.56319854725976,-34.88438737999512],[138.572191750897,-34.88438737999512],[138.572191750897,-34.893380583632364],[138.56319854725976,-34.893380583632364]]]}},{"type":"Feature","properties":{"jobs":425,"pop":665,"pointCount":3,"homeWorkCommuteMedian":10490,"workHomeCommuteMedian":4391},"geometry":{"type":"Polygon","coordinates":[[[138.56319854725976,-34.88438737999512],[138.56319854725976,-34.87539417635787],[138.572191750897,-34.87539417635787],[138.572191750897,-34.88438737999512],[138.56319854725976,-34.88438737999512]]]}},{"type":"Feature","properties":{"jobs":1248,"pop":732,"pointCount":4,"homeWorkCommuteMedian":8697,"workHomeCommuteMedian":13084},"geometry":{"type":"Polygon","coordinates":[[[138.56319854725976,-34.87539417635787],[138.56319854725976,-34.866400972720626],[138.572191750897,-34.866400972720626],[138.572191750897,-34.87539417635787],[138.56319854725976,-34.87539417635787]]]}},{"type":"Feature","properties":{"jobs":0,"pop":114,"pointCount":1,"homeWorkCommuteMedian":9548,"workHomeCommuteMedian":-1},"geometry":{"type":"Polygon","coordinates":[[[138.56319854725976,-34.866400972720626],[138.56319854725976,-34.85740776908338],[138.572191750897,-34.85740776908338],[138.572191750897,-34.866400972720626],[138.56319854725976,-34.866400972720626]]]}},{"type":"Feature","properties":{"jobs":651,"pop":0,"pointCount":1,"homeWorkCommuteMedian":-1,"workHomeCommuteMedian":19263},"geometry":{"type":"Polygon","coordinates":[[[138.56319854725976,-34.78546213998541],[138.56319854725976,-34.77646893634817],[138.572191750897,-34.77646893634817],[138.572191750897,-34.78546213998541],[138.56319854725976,-34.78546213998541]]]}},{"type":"Feature","properties":{"jobs":745,"pop":111,"pointCount":1,"homeWorkCommuteMedian":33378,"workHomeCommuteMedian":16115},"geometry":{"type":"Polygon","coordinates":[[[138.572191750897,-35.118210674563514],[138.572191750897,-35.10921747092627],[138.58118495453422,-35.10921747092627],[138.58118495453422,-35.118210674563514],[138.572191750897,-35.118210674563514]]]}},{"type":"Feature","properties":{"jobs":524,"pop":0,"pointCount":1,"homeWorkCommuteMedian":-1,"workHomeCommuteMedian":14618},"geometry":{"type":"Polygon","coordinates":[[[138.572191750897,-35.10022426728902],[138.572191750897,-35.091231063651776],[138.58118495453422,-35.091231063651776],[138.58118495453422,-35.10022426728902],[138.572191750897,-35.10022426728902]]]}},{"type":"Feature","properties":{"jobs":97,"pop":454,"pointCount":3,"homeWorkCommuteMedian":14297,"workHomeCommuteMedian":9710},"geometry":{"type":"Polygon","coordinates":[[[138.572191750897,-35.091231063651776],[138.572191750897,-35.08223786001453],[138.58118495453422,-35.08223786001453],[138.58118495453422,-35.091231063651776],[138.572191750897,-35.091231063651776]]]}},{"type":"Feature","properties":{"jobs":0,"pop":249,"pointCount":1,"homeWorkCommuteMedian":15111,"workHomeCommuteMedian":-1},"geometry":{"type":"Polygon","coordinates":[[[138.572191750897,-35.05525824910279],[138.572191750897,-35.046265045465546],[138.58118495453422,-35.046265045465546],[138.58118495453422,-35.05525824910279],[138.572191750897,-35.05525824910279]]]}},{"type":"Feature","properties":{"jobs":249,"pop":0,"pointCount":1,"homeWorkCommuteMedian":-1,"workHomeCommuteMedian":30174},"geometry":{"type":"Polygon","coordinates":[[[138.572191750897,-35.046265045465546],[138.572191750897,-35.0372718418283],[138.58118495453422,-35.0372718418283],[138.58118495453422,-35.046265045465546],[138.572191750897,-35.046265045465546]]]}},{"type":"Feature","properties":{"jobs":89,"pop":102,"pointCount":1,"homeWorkCommuteMedian":16373,"workHomeCommuteMedian":11070},"geometry":{"type":"Polygon","coordinates":[[[138.572191750897,-35.0372718418283],[138.572191750897,-35.028278638191054],[138.58118495453422,-35.028278638191054],[138.58118495453422,-35.0372718418283],[138.572191750897,-35.0372718418283]]]}},{"type":"Feature","properties":{"jobs":17713,"pop":510,"pointCount":3,"homeWorkCommuteMedian":14074,"workHomeCommuteMedian":11780},"geometry":{"type":"Polygon","coordinates":[[[138.572191750897,-35.028278638191054],[138.572191750897,-35.01928543455381],[138.58118495453422,-35.01928543455381],[138.58118495453422,-35.028278638191054],[138.572191750897,-35.028278638191054]]]}},{"type":"Feature","properties":{"jobs":707,"pop":695,"pointCount":3,"homeWorkCommuteMedian":15719,"workHomeCommuteMedian":6486},"geometry":{"type":"Polygon","coordinates":[[[138.572191750897,-35.01928543455381],[138.572191750897,-35.01029223091656],[138.58118495453422,-35.01029223091656],[138.58118495453422,-35.01928543455381],[138.572191750897,-35.01928543455381]]]}},{"type":"Feature","properties":{"jobs":632,"pop":853,"pointCount":3,"homeWorkCommuteMedian":8940,"workHomeCommuteMedian":9799},"geometry":{"type":"Polygon","coordinates":[[[138.572191750897,-35.01029223091656],[138.572191750897,-35.001299027279316],[138.58118495453422,-35.001299027279316],[138.58118495453422,-35.01029223091656],[138.572191750897,-35.01029223091656]]]}},{"type":"Feature","properties":{"jobs":608,"pop":923,"pointCount":4,"homeWorkCommuteMedian":10430,"workHomeCommuteMedian":6750},"geometry":{"type":"Polygon","coordinates":[[[138.572191750897,-35.001299027279316],[138.572191750897,-34.99230582364207],[138.58118495453422,-34.99230582364207],[138.58118495453422,-35.001299027279316],[138.572191750897,-35.001299027279316]]]}},{"type":"Feature","properties":{"jobs":2189,"pop":673,"pointCount":5,"homeWorkCommuteMedian":8992,"workHomeCommuteMedian":6616},"geometry":{"type":"Polygon","coordinates":[[[138.572191750897,-34.99230582364207],[138.572191750897,-34.983312620004824],[138.58118495453422,-34.983312620004824],[138.58118495453422,-34.99230582364207],[138.572191750897,-34.99230582364207]]]}},{"type":"Feature","properties":{"jobs":1984,"pop":936,"pointCount":5,"homeWorkCommuteMedian":7679,"workHomeCommuteMedian":6275},"geometry":{"type":"Polygon","coordinates":[[[138.572191750897,-34.983312620004824],[138.572191750897,-34.97431941636758],[138.58118495453422,-34.97431941636758],[138.58118495453422,-34.983312620004824],[138.572191750897,-34.983312620004824]]]}},{"type":"Feature","properties":{"jobs":1040,"pop":1290,"pointCount":7,"homeWorkCommuteMedian":7968,"workHomeCommuteMedian":12650},"geometry":{"type":"Polygon","coordinates":[[[138.572191750897,-34.97431941636758],[138.572191750897,-34.96532621273033],[138.58118495453422,-34.96532621273033],[138.58118495453422,-34.97431941636758],[138.572191750897,-34.97431941636758]]]}},{"type":"Feature","properties":{"jobs":312,"pop":1277,"pointCount":5,"homeWorkCommuteMedian":6025,"workHomeCommuteMedian":35686},"geometry":{"type":"Polygon","coordinates":[[[138.572191750897,-34.96532621273033],[138.572191750897,-34.956333009093086],[138.58118495453422,-34.956333009093086],[138.58118495453422,-34.96532621273033],[138.572191750897,-34.96532621273033]]]}},{"type":"Feature","properties":{"jobs":927,"pop":1428,"pointCount":5,"homeWorkCommuteMedian":4996,"workHomeCommuteMedian":5513},"geometry":{"type":"Polygon","coordinates":[[[138.572191750897,-34.956333009093086],[138.572191750897,-34.94733980545584],[138.58118495453422,-34.94733980545584],[138.58118495453422,-34.956333009093086],[138.572191750897,-34.956333009093086]]]}},{"type":"Feature","properties":{"jobs":1382,"pop":609,"pointCount":1,"homeWorkCommuteMedian":9356,"workHomeCommuteMedian":13056},"geometry":{"type":"Polygon","coordinates":[[[138.572191750897,-34.94733980545584],[138.572191750897,-34.938346601818594],[138.58118495453422,-34.938346601818594],[138.58118495453422,-34.94733980545584],[138.572191750897,-34.94733980545584]]]}},{"type":"Feature","properties":{"jobs":2070,"pop":265,"pointCount":2,"homeWorkCommuteMedian":11460,"workHomeCommuteMedian":10262},"geometry":{"type":"Polygon","coordinates":[[[138.572191750897,-34.938346601818594],[138.572191750897,-34.92935339818135],[138.58118495453422,-34.92935339818135],[138.58118495453422,-34.938346601818594],[138.572191750897,-34.938346601818594]]]}},{"type":"Feature","properties":{"jobs":2018,"pop":1417,"pointCount":6,"homeWorkCommuteMedian":10762,"workHomeCommuteMedian":17614},"geometry":{"type":"Polygon","coordinates":[[[138.572191750897,-34.92935339818135],[138.572191750897,-34.9203601945441],[138.58118495453422,-34.9203601945441],[138.58118495453422,-34.92935339818135],[138.572191750897,-34.92935339818135]]]}},{"type":"Feature","properties":{"jobs":969,"pop":226,"pointCount":1,"homeWorkCommuteMedian":26135,"workHomeCommuteMedian":15568},"geometry":{"type":"Polygon","coordinates":[[[138.572191750897,-34.9203601945441],[138.572191750897,-34.911366990906856],[138.58118495453422,-34.911366990906856],[138.58118495453422,-34.9203601945441],[138.572191750897,-34.9203601945441]]]}},{"type":"Feature","properties":{"jobs":1383,"pop":968,"pointCount":3,"homeWorkCommuteMedian":6359,"workHomeCommuteMedian":13455},"geometry":{"type":"Polygon","coordinates":[[[138.572191750897,-34.911366990906856],[138.572191750897,-34.90237378726961],[138.58118495453422,-34.90237378726961],[138.58118495453422,-34.911366990906856],[138.572191750897,-34.911366990906856]]]}},{"type":"Feature","properties":{"jobs":1382,"pop":1375,"pointCount":4,"homeWorkCommuteMedian":8309,"workHomeCommuteMedian":12399},"geometry":{"type":"Polygon","coordinates":[[[138.572191750897,-34.90237378726961],[138.572191750897,-34.893380583632364],[138.58118495453422,-34.893380583632364],[138.58118495453422,-34.90237378726961],[138.572191750897,-34.90237378726961]]]}},{"type":"Feature","properties":{"jobs":183,"pop":1371,"pointCount":5,"homeWorkCommuteMedian":6896,"workHomeCommuteMedian":4289},"geometry":{"type":"Polygon","coordinates":[[[138.572191750897,-34.893380583632364],[138.572191750897,-34.88438737999512],[138.58118495453422,-34.88438737999512],[138.58118495453422,-34.893380583632364],[138.572191750897,-34.893380583632364]]]}},{"type":"Feature","properties":{"jobs":2244,"pop":805,"pointCount":6,"homeWorkCommuteMedian":7236,"workHomeCommuteMedian":15104},"geometry":{"type":"Polygon","coordinates":[[[138.572191750897,-34.88438737999512],[138.572191750897,-34.87539417635787],[138.58118495453422,-34.87539417635787],[138.58118495453422,-34.88438737999512],[138.572191750897,-34.88438737999512]]]}},{"type":"Feature","properties":{"jobs":3918,"pop":336,"pointCount":2,"homeWorkCommuteMedian":12063,"workHomeCommuteMedian":10830},"geometry":{"type":"Polygon","coordinates":[[[138.572191750897,-34.866400972720626],[138.572191750897,-34.85740776908338],[138.58118495453422,-34.85740776908338],[138.58118495453422,-34.866400972720626],[138.572191750897,-34.866400972720626]]]}},{"type":"Feature","properties":{"jobs":2770,"pop":0,"pointCount":1,"homeWorkCommuteMedian":-1,"workHomeCommuteMedian":12219},"geometry":{"type":"Polygon","coordinates":[[[138.572191750897,-34.848414565446134],[138.572191750897,-34.83942136180889],[138.58118495453422,-34.83942136180889],[138.58118495453422,-34.848414565446134],[138.572191750897,-34.848414565446134]]]}},{"type":"Feature","properties":{"jobs":342,"pop":51,"pointCount":1,"homeWorkCommuteMedian":17115,"workHomeCommuteMedian":12051},"geometry":{"type":"Polygon","coordinates":[[[138.572191750897,-34.74049612179918],[138.572191750897,-34.73150291816194],[138.58118495453422,-34.73150291816194],[138.58118495453422,-34.74049612179918],[138.572191750897,-34.74049612179918]]]}},{"type":"Feature","properties":{"jobs":592,"pop":222,"pointCount":1,"homeWorkCommuteMedian":27292,"workHomeCommuteMedian":26044},"geometry":{"type":"Polygon","coordinates":[[[138.572191750897,-34.68653689997571],[138.572191750897,-34.67754369633846],[138.58118495453422,-34.67754369633846],[138.58118495453422,-34.68653689997571],[138.572191750897,-34.68653689997571]]]}},{"type":"Feature","properties":{"jobs":0,"pop":147,"pointCount":1,"homeWorkCommuteMedian":47801,"workHomeCommuteMedian":-1},"geometry":{"type":"Polygon","coordinates":[[[138.572191750897,-34.61459127087774],[138.572191750897,-34.60559806724049],[138.58118495453422,-34.60559806724049],[138.58118495453422,-34.61459127087774],[138.572191750897,-34.61459127087774]]]}},{"type":"Feature","properties":{"jobs":389,"pop":170,"pointCount":1,"homeWorkCommuteMedian":5290,"workHomeCommuteMedian":24539},"geometry":{"type":"Polygon","coordinates":[[[138.58118495453422,-35.26210193275945],[138.58118495453422,-35.253108729122204],[138.59017815817145,-35.253108729122204],[138.59017815817145,-35.26210193275945],[138.58118495453422,-35.26210193275945]]]}},{"type":"Feature","properties":{"jobs":0,"pop":146,"pointCount":1,"homeWorkCommuteMedian":35836,"workHomeCommuteMedian":-1},"geometry":{"type":"Polygon","coordinates":[[[138.58118495453422,-35.226129118210466],[138.58118495453422,-35.21713591457322],[138.59017815817145,-35.21713591457322],[138.59017815817145,-35.226129118210466],[138.58118495453422,-35.226129118210466]]]}},{"type":"Feature","properties":{"jobs":0,"pop":277,"pointCount":1,"homeWorkCommuteMedian":11758,"workHomeCommuteMedian":-1},"geometry":{"type":"Polygon","coordinates":[[[138.58118495453422,-35.21713591457322],[138.58118495453422,-35.208142710935974],[138.59017815817145,-35.208142710935974],[138.59017815817145,-35.21713591457322],[138.58118495453422,-35.21713591457322]]]}},{"type":"Feature","properties":{"jobs":0,"pop":255,"pointCount":1,"homeWorkCommuteMedian":59420,"workHomeCommuteMedian":-1},"geometry":{"type":"Polygon","coordinates":[[[138.58118495453422,-35.208142710935974],[138.58118495453422,-35.19914950729873],[138.59017815817145,-35.19914950729873],[138.59017815817145,-35.208142710935974],[138.58118495453422,-35.208142710935974]]]}},{"type":"Feature","properties":{"jobs":0,"pop":249,"pointCount":1,"homeWorkCommuteMedian":22918,"workHomeCommuteMedian":-1},"geometry":{"type":"Polygon","coordinates":[[[138.58118495453422,-35.10022426728902],[138.58118495453422,-35.091231063651776],[138.59017815817145,-35.091231063651776],[138.59017815817145,-35.10022426728902],[138.58118495453422,-35.10022426728902]]]}},{"type":"Feature","properties":{"jobs":0,"pop":690,"pointCount":4,"homeWorkCommuteMedian":11220,"workHomeCommuteMedian":-1},"geometry":{"type":"Polygon","coordinates":[[[138.58118495453422,-35.091231063651776],[138.58118495453422,-35.08223786001453],[138.59017815817145,-35.08223786001453],[138.59017815817145,-35.091231063651776],[138.58118495453422,-35.091231063651776]]]}},{"type":"Feature","properties":{"jobs":0,"pop":456,"pointCount":3,"homeWorkCommuteMedian":20820,"workHomeCommuteMedian":-1},"geometry":{"type":"Polygon","coordinates":[[[138.58118495453422,-35.08223786001453],[138.58118495453422,-35.073244656377284],[138.59017815817145,-35.073244656377284],[138.59017815817145,-35.08223786001453],[138.58118495453422,-35.08223786001453]]]}},{"type":"Feature","properties":{"jobs":0,"pop":274,"pointCount":2,"homeWorkCommuteMedian":25517,"workHomeCommuteMedian":-1},"geometry":{"type":"Polygon","coordinates":[[[138.58118495453422,-35.073244656377284],[138.58118495453422,-35.06425145274004],[138.59017815817145,-35.06425145274004],[138.59017815817145,-35.073244656377284],[138.58118495453422,-35.073244656377284]]]}},{"type":"Feature","properties":{"jobs":208,"pop":368,"pointCount":3,"homeWorkCommuteMedian":11557,"workHomeCommuteMedian":15212},"geometry":{"type":"Polygon","coordinates":[[[138.58118495453422,-35.06425145274004],[138.58118495453422,-35.05525824910279],[138.59017815817145,-35.05525824910279],[138.59017815817145,-35.06425145274004],[138.58118495453422,-35.06425145274004]]]}},{"type":"Feature","properties":{"jobs":0,"pop":1107,"pointCount":3,"homeWorkCommuteMedian":18157,"workHomeCommuteMedian":-1},"geometry":{"type":"Polygon","coordinates":[[[138.58118495453422,-35.05525824910279],[138.58118495453422,-35.046265045465546],[138.59017815817145,-35.046265045465546],[138.59017815817145,-35.05525824910279],[138.58118495453422,-35.05525824910279]]]}},{"type":"Feature","properties":{"jobs":0,"pop":872,"pointCount":2,"homeWorkCommuteMedian":19199,"workHomeCommuteMedian":-1},"geometry":{"type":"Polygon","coordinates":[[[138.58118495453422,-35.046265045465546],[138.58118495453422,-35.0372718418283],[138.59017815817145,-35.0372718418283],[138.59017815817145,-35.046265045465546],[138.58118495453422,-35.046265045465546]]]}},{"type":"Feature","properties":{"jobs":0,"pop":271,"pointCount":2,"homeWorkCommuteMedian":13517,"workHomeCommuteMedian":-1},"geometry":{"type":"Polygon","coordinates":[[[138.58118495453422,-35.0372718418283],[138.58118495453422,-35.028278638191054],[138.59017815817145,-35.028278638191054],[138.59017815817145,-35.0372718418283],[138.58118495453422,-35.0372718418283]]]}},{"type":"Feature","properties":{"jobs":0,"pop":524,"pointCount":2,"homeWorkCommuteMedian":14375,"workHomeCommuteMedian":-1},"geometry":{"type":"Polygon","coordinates":[[[138.58118495453422,-35.028278638191054],[138.58118495453422,-35.01928543455381],[138.59017815817145,-35.01928543455381],[138.59017815817145,-35.028278638191054],[138.58118495453422,-35.028278638191054]]]}},{"type":"Feature","properties":{"jobs":244,"pop":180,"pointCount":1,"homeWorkCommuteMedian":13008,"workHomeCommuteMedian":7394},"geometry":{"type":"Polygon","coordinates":[[[138.58118495453422,-35.01928543455381],[138.58118495453422,-35.01029223091656],[138.59017815817145,-35.01029223091656],[138.59017815817145,-35.01928543455381],[138.58118495453422,-35.01928543455381]]]}},{"type":"Feature","properties":{"jobs":261,"pop":800,"pointCount":3,"homeWorkCommuteMedian":10262,"workHomeCommuteMedian":17772},"geometry":{"type":"Polygon","coordinates":[[[138.58118495453422,-35.01029223091656],[138.58118495453422,-35.001299027279316],[138.59017815817145,-35.001299027279316],[138.59017815817145,-35.01029223091656],[138.58118495453422,-35.01029223091656]]]}},{"type":"Feature","properties":{"jobs":704,"pop":409,"pointCount":2,"homeWorkCommuteMedian":7501,"workHomeCommuteMedian":16905},"geometry":{"type":"Polygon","coordinates":[[[138.58118495453422,-35.001299027279316],[138.58118495453422,-34.99230582364207],[138.59017815817145,-34.99230582364207],[138.59017815817145,-35.001299027279316],[138.58118495453422,-35.001299027279316]]]}},{"type":"Feature","properties":{"jobs":361,"pop":1178,"pointCount":4,"homeWorkCommuteMedian":9646,"workHomeCommuteMedian":6595},"geometry":{"type":"Polygon","coordinates":[[[138.58118495453422,-34.99230582364207],[138.58118495453422,-34.983312620004824],[138.59017815817145,-34.983312620004824],[138.59017815817145,-34.99230582364207],[138.58118495453422,-34.99230582364207]]]}},{"type":"Feature","properties":{"jobs":693,"pop":1516,"pointCount":3,"homeWorkCommuteMedian":7950,"workHomeCommuteMedian":10883},"geometry":{"type":"Polygon","coordinates":[[[138.58118495453422,-34.983312620004824],[138.58118495453422,-34.97431941636758],[138.59017815817145,-34.97431941636758],[138.59017815817145,-34.983312620004824],[138.58118495453422,-34.983312620004824]]]}},{"type":"Feature","properties":{"jobs":410,"pop":761,"pointCount":3,"homeWorkCommuteMedian":6434,"workHomeCommuteMedian":12381},"geometry":{"type":"Polygon","coordinates":[[[138.58118495453422,-34.97431941636758],[138.58118495453422,-34.96532621273033],[138.59017815817145,-34.96532621273033],[138.59017815817145,-34.97431941636758],[138.58118495453422,-34.97431941636758]]]}},{"type":"Feature","properties":{"jobs":205,"pop":1550,"pointCount":6,"homeWorkCommuteMedian":6088,"workHomeCommuteMedian":24867},"geometry":{"type":"Polygon","coordinates":[[[138.58118495453422,-34.96532621273033],[138.58118495453422,-34.956333009093086],[138.59017815817145,-34.956333009093086],[138.59017815817145,-34.96532621273033],[138.58118495453422,-34.96532621273033]]]}},{"type":"Feature","properties":{"jobs":344,"pop":1326,"pointCount":4,"homeWorkCommuteMedian":7781,"workHomeCommuteMedian":10006},"geometry":{"type":"Polygon","coordinates":[[[138.58118495453422,-34.956333009093086],[138.58118495453422,-34.94733980545584],[138.59017815817145,-34.94733980545584],[138.59017815817145,-34.956333009093086],[138.58118495453422,-34.956333009093086]]]}},{"type":"Feature","properties":{"jobs":1826,"pop":515,"pointCount":2,"homeWorkCommuteMedian":13664,"workHomeCommuteMedian":5539},"geometry":{"type":"Polygon","coordinates":[[[138.58118495453422,-34.94733980545584],[138.58118495453422,-34.938346601818594],[138.59017815817145,-34.938346601818594],[138.59017815817145,-34.94733980545584],[138.58118495453422,-34.94733980545584]]]}},{"type":"Feature","properties":{"jobs":1509,"pop":0,"pointCount":2,"homeWorkCommuteMedian":-1,"workHomeCommuteMedian":9920},"geometry":{"type":"Polygon","coordinates":[[[138.58118495453422,-34.938346601818594],[138.58118495453422,-34.92935339818135],[138.59017815817145,-34.92935339818135],[138.59017815817145,-34.938346601818594],[138.58118495453422,-34.938346601818594]]]}},{"type":"Feature","properties":{"jobs":3755,"pop":520,"pointCount":3,"homeWorkCommuteMedian":2683,"workHomeCommuteMedian":7627},"geometry":{"type":"Polygon","coordinates":[[[138.58118495453422,-34.92935339818135],[138.58118495453422,-34.9203601945441],[138.59017815817145,-34.9203601945441],[138.59017815817145,-34.92935339818135],[138.58118495453422,-34.92935339818135]]]}},{"type":"Feature","properties":{"jobs":7431,"pop":0,"pointCount":1,"homeWorkCommuteMedian":-1,"workHomeCommuteMedian":10430},"geometry":{"type":"Polygon","coordinates":[[[138.58118495453422,-34.9203601945441],[138.58118495453422,-34.911366990906856],[138.59017815817145,-34.911366990906856],[138.59017815817145,-34.9203601945441],[138.58118495453422,-34.9203601945441]]]}},{"type":"Feature","properties":{"jobs":1166,"pop":470,"pointCount":2,"homeWorkCommuteMedian":3301,"workHomeCommuteMedian":14678},"geometry":{"type":"Polygon","coordinates":[[[138.58118495453422,-34.911366990906856],[138.58118495453422,-34.90237378726961],[138.59017815817145,-34.90237378726961],[138.59017815817145,-34.911366990906856],[138.58118495453422,-34.911366990906856]]]}},{"type":"Feature","properties":{"jobs":1274,"pop":910,"pointCount":5,"homeWorkCommuteMedian":4628,"workHomeCommuteMedian":9220},"geometry":{"type":"Polygon","coordinates":[[[138.58118495453422,-34.90237378726961],[138.58118495453422,-34.893380583632364],[138.59017815817145,-34.893380583632364],[138.59017815817145,-34.90237378726961],[138.58118495453422,-34.90237378726961]]]}},{"type":"Feature","properties":{"jobs":394,"pop":1583,"pointCount":4,"homeWorkCommuteMedian":5743,"workHomeCommuteMedian":16919},"geometry":{"type":"Polygon","coordinates":[[[138.58118495453422,-34.893380583632364],[138.58118495453422,-34.88438737999512],[138.59017815817145,-34.88438737999512],[138.59017815817145,-34.893380583632364],[138.58118495453422,-34.893380583632364]]]}},{"type":"Feature","properties":{"jobs":1139,"pop":1466,"pointCount":3,"homeWorkCommuteMedian":8639,"workHomeCommuteMedian":10303},"geometry":{"type":"Polygon","coordinates":[[[138.58118495453422,-34.88438737999512],[138.58118495453422,-34.87539417635787],[138.59017815817145,-34.87539417635787],[138.59017815817145,-34.88438737999512],[138.58118495453422,-34.88438737999512]]]}},{"type":"Feature","properties":{"jobs":762,"pop":818,"pointCount":3,"homeWorkCommuteMedian":6130,"workHomeCommuteMedian":11066},"geometry":{"type":"Polygon","coordinates":[[[138.58118495453422,-34.87539417635787],[138.58118495453422,-34.866400972720626],[138.59017815817145,-34.866400972720626],[138.59017815817145,-34.87539417635787],[138.58118495453422,-34.87539417635787]]]}},{"type":"Feature","properties":{"jobs":1660,"pop":1086,"pointCount":5,"homeWorkCommuteMedian":13349,"workHomeCommuteMedian":12029},"geometry":{"type":"Polygon","coordinates":[[[138.58118495453422,-34.866400972720626],[138.58118495453422,-34.85740776908338],[138.59017815817145,-34.85740776908338],[138.59017815817145,-34.866400972720626],[138.58118495453422,-34.866400972720626]]]}},{"type":"Feature","properties":{"jobs":319,"pop":120,"pointCount":2,"homeWorkCommuteMedian":10589,"workHomeCommuteMedian":18081},"geometry":{"type":"Polygon","coordinates":[[[138.58118495453422,-34.85740776908338],[138.58118495453422,-34.848414565446134],[138.59017815817145,-34.848414565446134],[138.59017815817145,-34.85740776908338],[138.58118495453422,-34.85740776908338]]]}},{"type":"Feature","properties":{"jobs":3397,"pop":96,"pointCount":1,"homeWorkCommuteMedian":12128,"workHomeCommuteMedian":15510},"geometry":{"type":"Polygon","coordinates":[[[138.58118495453422,-34.83942136180889],[138.58118495453422,-34.83042815817164],[138.59017815817145,-34.83042815817164],[138.59017815817145,-34.83942136180889],[138.58118495453422,-34.83942136180889]]]}},{"type":"Feature","properties":{"jobs":0,"pop":141,"pointCount":1,"homeWorkCommuteMedian":19527,"workHomeCommuteMedian":-1},"geometry":{"type":"Polygon","coordinates":[[[138.58118495453422,-34.79445534362266],[138.58118495453422,-34.78546213998541],[138.59017815817145,-34.78546213998541],[138.59017815817145,-34.79445534362266],[138.58118495453422,-34.79445534362266]]]}},{"type":"Feature","properties":{"jobs":639,"pop":68,"pointCount":1,"homeWorkCommuteMedian":29582,"workHomeCommuteMedian":12121},"geometry":{"type":"Polygon","coordinates":[[[138.58118495453422,-34.76747573271092],[138.58118495453422,-34.758482529073675],[138.59017815817145,-34.758482529073675],[138.59017815817145,-34.76747573271092],[138.58118495453422,-34.76747573271092]]]}},{"type":"Feature","properties":{"jobs":614,"pop":0,"pointCount":1,"homeWorkCommuteMedian":-1,"workHomeCommuteMedian":19356},"geometry":{"type":"Polygon","coordinates":[[[138.58118495453422,-34.74049612179918],[138.58118495453422,-34.73150291816194],[138.59017815817145,-34.73150291816194],[138.59017815817145,-34.74049612179918],[138.58118495453422,-34.74049612179918]]]}},{"type":"Feature","properties":{"jobs":423,"pop":57,"pointCount":1,"homeWorkCommuteMedian":12054,"workHomeCommuteMedian":10755},"geometry":{"type":"Polygon","coordinates":[[[138.58118495453422,-34.713516510887445],[138.58118495453422,-34.7045233072502],[138.59017815817145,-34.7045233072502],[138.59017815817145,-34.713516510887445],[138.58118495453422,-34.713516510887445]]]}},{"type":"Feature","properties":{"jobs":579,"pop":71,"pointCount":1,"homeWorkCommuteMedian":22752,"workHomeCommuteMedian":25931},"geometry":{"type":"Polygon","coordinates":[[[138.58118495453422,-34.65955728906397],[138.58118495453422,-34.65056408542672],[138.59017815817145,-34.65056408542672],[138.59017815817145,-34.65955728906397],[138.58118495453422,-34.65955728906397]]]}},{"type":"Feature","properties":{"jobs":183,"pop":302,"pointCount":1,"homeWorkCommuteMedian":44746,"workHomeCommuteMedian":22931},"geometry":{"type":"Polygon","coordinates":[[[138.58118495453422,-34.63257767815223],[138.58118495453422,-34.623584474514985],[138.59017815817145,-34.623584474514985],[138.59017815817145,-34.63257767815223],[138.58118495453422,-34.63257767815223]]]}},{"type":"Feature","properties":{"jobs":0,"pop":166,"pointCount":1,"homeWorkCommuteMedian":25261,"workHomeCommuteMedian":-1},"geometry":{"type":"Polygon","coordinates":[[[138.58118495453422,-34.623584474514985],[138.58118495453422,-34.61459127087774],[138.59017815817145,-34.61459127087774],[138.59017815817145,-34.623584474514985],[138.58118495453422,-34.623584474514985]]]}},{"type":"Feature","properties":{"jobs":201,"pop":284,"pointCount":2,"homeWorkCommuteMedian":69374,"workHomeCommuteMedian":26660},"geometry":{"type":"Polygon","coordinates":[[[138.58118495453422,-34.59660486360325],[138.58118495453422,-34.587611659966],[138.59017815817145,-34.587611659966],[138.59017815817145,-34.59660486360325],[138.58118495453422,-34.59660486360325]]]}},{"type":"Feature","properties":{"jobs":152,"pop":167,"pointCount":1,"homeWorkCommuteMedian":25860,"workHomeCommuteMedian":19405},"geometry":{"type":"Polygon","coordinates":[[[138.59017815817145,-35.17216989638699],[138.59017815817145,-35.163176692749744],[138.5991713618087,-35.163176692749744],[138.5991713618087,-35.17216989638699],[138.59017815817145,-35.17216989638699]]]}},{"type":"Feature","properties":{"jobs":0,"pop":135,"pointCount":1,"homeWorkCommuteMedian":15083,"workHomeCommuteMedian":-1},"geometry":{"type":"Polygon","coordinates":[[[138.59017815817145,-35.10022426728902],[138.59017815817145,-35.091231063651776],[138.5991713618087,-35.091231063651776],[138.5991713618087,-35.10022426728902],[138.59017815817145,-35.10022426728902]]]}},{"type":"Feature","properties":{"jobs":0,"pop":463,"pointCount":3,"homeWorkCommuteMedian":24811,"workHomeCommuteMedian":-1},"geometry":{"type":"Polygon","coordinates":[[[138.59017815817145,-35.091231063651776],[138.59017815817145,-35.08223786001453],[138.5991713618087,-35.08223786001453],[138.5991713618087,-35.091231063651776],[138.59017815817145,-35.091231063651776]]]}},{"type":"Feature","properties":{"jobs":0,"pop":285,"pointCount":2,"homeWorkCommuteMedian":11176,"workHomeCommuteMedian":-1},"geometry":{"type":"Polygon","coordinates":[[[138.59017815817145,-35.08223786001453],[138.59017815817145,-35.073244656377284],[138.5991713618087,-35.073244656377284],[138.5991713618087,-35.08223786001453],[138.59017815817145,-35.08223786001453]]]}},{"type":"Feature","properties":{"jobs":0,"pop":423,"pointCount":3,"homeWorkCommuteMedian":11515,"workHomeCommuteMedian":-1},"geometry":{"type":"Polygon","coordinates":[[[138.59017815817145,-35.073244656377284],[138.59017815817145,-35.06425145274004],[138.5991713618087,-35.06425145274004],[138.5991713618087,-35.073244656377284],[138.59017815817145,-35.073244656377284]]]}},{"type":"Feature","properties":{"jobs":0,"pop":1472,"pointCount":6,"homeWorkCommuteMedian":19101,"workHomeCommuteMedian":-1},"geometry":{"type":"Polygon","coordinates":[[[138.59017815817145,-35.06425145274004],[138.59017815817145,-35.05525824910279],[138.5991713618087,-35.05525824910279],[138.5991713618087,-35.06425145274004],[138.59017815817145,-35.06425145274004]]]}},{"type":"Feature","properties":{"jobs":0,"pop":142,"pointCount":1,"homeWorkCommuteMedian":8308,"workHomeCommuteMedian":-1},"geometry":{"type":"Polygon","coordinates":[[[138.59017815817145,-35.05525824910279],[138.59017815817145,-35.046265045465546],[138.5991713618087,-35.046265045465546],[138.5991713618087,-35.05525824910279],[138.59017815817145,-35.05525824910279]]]}},{"type":"Feature","properties":{"jobs":0,"pop":191,"pointCount":1,"homeWorkCommuteMedian":20439,"workHomeCommuteMedian":-1},"geometry":{"type":"Polygon","coordinates":[[[138.59017815817145,-35.0372718418283],[138.59017815817145,-35.028278638191054],[138.5991713618087,-35.028278638191054],[138.5991713618087,-35.0372718418283],[138.59017815817145,-35.0372718418283]]]}},{"type":"Feature","properties":{"jobs":239,"pop":478,"pointCount":3,"homeWorkCommuteMedian":11394,"workHomeCommuteMedian":17594},"geometry":{"type":"Polygon","coordinates":[[[138.59017815817145,-35.028278638191054],[138.59017815817145,-35.01928543455381],[138.5991713618087,-35.01928543455381],[138.5991713618087,-35.028278638191054],[138.59017815817145,-35.028278638191054]]]}},{"type":"Feature","properties":{"jobs":0,"pop":74,"pointCount":1,"homeWorkCommuteMedian":3476,"workHomeCommuteMedian":-1},"geometry":{"type":"Polygon","coordinates":[[[138.59017815817145,-35.01928543455381],[138.59017815817145,-35.01029223091656],[138.5991713618087,-35.01029223091656],[138.5991713618087,-35.01928543455381],[138.59017815817145,-35.01928543455381]]]}},{"type":"Feature","properties":{"jobs":472,"pop":632,"pointCount":3,"homeWorkCommuteMedian":10361,"workHomeCommuteMedian":6352},"geometry":{"type":"Polygon","coordinates":[[[138.59017815817145,-35.01029223091656],[138.59017815817145,-35.001299027279316],[138.5991713618087,-35.001299027279316],[138.5991713618087,-35.01029223091656],[138.59017815817145,-35.01029223091656]]]}},{"type":"Feature","properties":{"jobs":0,"pop":412,"pointCount":2,"homeWorkCommuteMedian":9918,"workHomeCommuteMedian":-1},"geometry":{"type":"Polygon","coordinates":[[[138.59017815817145,-35.001299027279316],[138.59017815817145,-34.99230582364207],[138.5991713618087,-34.99230582364207],[138.5991713618087,-35.001299027279316],[138.59017815817145,-35.001299027279316]]]}},{"type":"Feature","properties":{"jobs":563,"pop":717,"pointCount":2,"homeWorkCommuteMedian":7390,"workHomeCommuteMedian":23446},"geometry":{"type":"Polygon","coordinates":[[[138.59017815817145,-34.99230582364207],[138.59017815817145,-34.983312620004824],[138.5991713618087,-34.983312620004824],[138.5991713618087,-34.99230582364207],[138.59017815817145,-34.99230582364207]]]}},{"type":"Feature","properties":{"jobs":997,"pop":1185,"pointCount":4,"homeWorkCommuteMedian":8688,"workHomeCommuteMedian":15126},"geometry":{"type":"Polygon","coordinates":[[[138.59017815817145,-34.983312620004824],[138.59017815817145,-34.97431941636758],[138.5991713618087,-34.97431941636758],[138.5991713618087,-34.983312620004824],[138.59017815817145,-34.983312620004824]]]}},{"type":"Feature","properties":{"jobs":207,"pop":908,"pointCount":4,"homeWorkCommuteMedian":8984,"workHomeCommuteMedian":28796},"geometry":{"type":"Polygon","coordinates":[[[138.59017815817145,-34.97431941636758],[138.59017815817145,-34.96532621273033],[138.5991713618087,-34.96532621273033],[138.5991713618087,-34.97431941636758],[138.59017815817145,-34.97431941636758]]]}},{"type":"Feature","properties":{"jobs":874,"pop":1045,"pointCount":5,"homeWorkCommuteMedian":5349,"workHomeCommuteMedian":9487},"geometry":{"type":"Polygon","coordinates":[[[138.59017815817145,-34.96532621273033],[138.59017815817145,-34.956333009093086],[138.5991713618087,-34.956333009093086],[138.5991713618087,-34.96532621273033],[138.59017815817145,-34.96532621273033]]]}},{"type":"Feature","properties":{"jobs":707,"pop":1215,"pointCount":4,"homeWorkCommuteMedian":5344,"workHomeCommuteMedian":17164},"geometry":{"type":"Polygon","coordinates":[[[138.59017815817145,-34.956333009093086],[138.59017815817145,-34.94733980545584],[138.5991713618087,-34.94733980545584],[138.5991713618087,-34.956333009093086],[138.59017815817145,-34.956333009093086]]]}},{"type":"Feature","properties":{"jobs":2652,"pop":723,"pointCount":6,"homeWorkCommuteMedian":3022,"workHomeCommuteMedian":7707},"geometry":{"type":"Polygon","coordinates":[[[138.59017815817145,-34.94733980545584],[138.59017815817145,-34.938346601818594],[138.5991713618087,-34.938346601818594],[138.5991713618087,-34.94733980545584],[138.59017815817145,-34.94733980545584]]]}},{"type":"Feature","properties":{"jobs":4427,"pop":2608,"pointCount":5,"homeWorkCommuteMedian":5070,"workHomeCommuteMedian":6386},"geometry":{"type":"Polygon","coordinates":[[[138.59017815817145,-34.938346601818594],[138.59017815817145,-34.92935339818135],[138.5991713618087,-34.92935339818135],[138.5991713618087,-34.938346601818594],[138.59017815817145,-34.938346601818594]]]}},{"type":"Feature","properties":{"jobs":22016,"pop":1206,"pointCount":5,"homeWorkCommuteMedian":1704,"workHomeCommuteMedian":8970},"geometry":{"type":"Polygon","coordinates":[[[138.59017815817145,-34.92935339818135],[138.59017815817145,-34.9203601945441],[138.5991713618087,-34.9203601945441],[138.5991713618087,-34.92935339818135],[138.59017815817145,-34.92935339818135]]]}},{"type":"Feature","properties":{"jobs":6230,"pop":0,"pointCount":2,"homeWorkCommuteMedian":-1,"workHomeCommuteMedian":10385},"geometry":{"type":"Polygon","coordinates":[[[138.59017815817145,-34.9203601945441],[138.59017815817145,-34.911366990906856],[138.5991713618087,-34.911366990906856],[138.5991713618087,-34.9203601945441],[138.59017815817145,-34.9203601945441]]]}},{"type":"Feature","properties":{"jobs":1822,"pop":1880,"pointCount":6,"homeWorkCommuteMedian":3334,"workHomeCommuteMedian":8466},"geometry":{"type":"Polygon","coordinates":[[[138.59017815817145,-34.911366990906856],[138.59017815817145,-34.90237378726961],[138.5991713618087,-34.90237378726961],[138.5991713618087,-34.911366990906856],[138.59017815817145,-34.911366990906856]]]}},{"type":"Feature","properties":{"jobs":143,"pop":671,"pointCount":3,"homeWorkCommuteMedian":8946,"workHomeCommuteMedian":2606},"geometry":{"type":"Polygon","coordinates":[[[138.59017815817145,-34.90237378726961],[138.59017815817145,-34.893380583632364],[138.5991713618087,-34.893380583632364],[138.5991713618087,-34.90237378726961],[138.59017815817145,-34.90237378726961]]]}},{"type":"Feature","properties":{"jobs":649,"pop":1638,"pointCount":6,"homeWorkCommuteMedian":5798,"workHomeCommuteMedian":9276},"geometry":{"type":"Polygon","coordinates":[[[138.59017815817145,-34.893380583632364],[138.59017815817145,-34.88438737999512],[138.5991713618087,-34.88438737999512],[138.5991713618087,-34.893380583632364],[138.59017815817145,-34.893380583632364]]]}},{"type":"Feature","properties":{"jobs":440,"pop":1662,"pointCount":5,"homeWorkCommuteMedian":6146,"workHomeCommuteMedian":12031},"geometry":{"type":"Polygon","coordinates":[[[138.59017815817145,-34.88438737999512],[138.59017815817145,-34.87539417635787],[138.5991713618087,-34.87539417635787],[138.5991713618087,-34.88438737999512],[138.59017815817145,-34.88438737999512]]]}},{"type":"Feature","properties":{"jobs":817,"pop":1077,"pointCount":3,"homeWorkCommuteMedian":7345,"workHomeCommuteMedian":7124},"geometry":{"type":"Polygon","coordinates":[[[138.59017815817145,-34.87539417635787],[138.59017815817145,-34.866400972720626],[138.5991713618087,-34.866400972720626],[138.5991713618087,-34.87539417635787],[138.59017815817145,-34.87539417635787]]]}},{"type":"Feature","properties":{"jobs":502,"pop":655,"pointCount":2,"homeWorkCommuteMedian":11494,"workHomeCommuteMedian":24740},"geometry":{"type":"Polygon","coordinates":[[[138.59017815817145,-34.866400972720626],[138.59017815817145,-34.85740776908338],[138.5991713618087,-34.85740776908338],[138.5991713618087,-34.866400972720626],[138.59017815817145,-34.866400972720626]]]}},{"type":"Feature","properties":{"jobs":624,"pop":1282,"pointCount":5,"homeWorkCommuteMedian":9463,"workHomeCommuteMedian":9627},"geometry":{"type":"Polygon","coordinates":[[[138.59017815817145,-34.85740776908338],[138.59017815817145,-34.848414565446134],[138.5991713618087,-34.848414565446134],[138.5991713618087,-34.85740776908338],[138.59017815817145,-34.85740776908338]]]}},{"type":"Feature","properties":{"jobs":1723,"pop":0,"pointCount":1,"homeWorkCommuteMedian":-1,"workHomeCommuteMedian":9876},"geometry":{"type":"Polygon","coordinates":[[[138.59017815817145,-34.848414565446134],[138.59017815817145,-34.83942136180889],[138.5991713618087,-34.83942136180889],[138.5991713618087,-34.848414565446134],[138.59017815817145,-34.848414565446134]]]}},{"type":"Feature","properties":{"jobs":0,"pop":173,"pointCount":1,"homeWorkCommuteMedian":722,"workHomeCommuteMedian":-1},"geometry":{"type":"Polygon","coordinates":[[[138.59017815817145,-34.803448547259904],[138.59017815817145,-34.79445534362266],[138.5991713618087,-34.79445534362266],[138.5991713618087,-34.803448547259904],[138.59017815817145,-34.803448547259904]]]}},{"type":"Feature","properties":{"jobs":0,"pop":221,"pointCount":1,"homeWorkCommuteMedian":30172,"workHomeCommuteMedian":-1},"geometry":{"type":"Polygon","coordinates":[[[138.59017815817145,-34.79445534362266],[138.59017815817145,-34.78546213998541],[138.5991713618087,-34.78546213998541],[138.5991713618087,-34.79445534362266],[138.59017815817145,-34.79445534362266]]]}},{"type":"Feature","properties":{"jobs":197,"pop":398,"pointCount":1,"homeWorkCommuteMedian":13687,"workHomeCommuteMedian":29899},"geometry":{"type":"Polygon","coordinates":[[[138.59017815817145,-34.78546213998541],[138.59017815817145,-34.77646893634817],[138.5991713618087,-34.77646893634817],[138.5991713618087,-34.78546213998541],[138.59017815817145,-34.78546213998541]]]}},{"type":"Feature","properties":{"jobs":0,"pop":229,"pointCount":1,"homeWorkCommuteMedian":14590,"workHomeCommuteMedian":-1},"geometry":{"type":"Polygon","coordinates":[[[138.59017815817145,-34.77646893634817],[138.59017815817145,-34.76747573271092],[138.5991713618087,-34.76747573271092],[138.5991713618087,-34.77646893634817],[138.59017815817145,-34.77646893634817]]]}},{"type":"Feature","properties":{"jobs":0,"pop":550,"pointCount":2,"homeWorkCommuteMedian":16919,"workHomeCommuteMedian":-1},"geometry":{"type":"Polygon","coordinates":[[[138.59017815817145,-34.76747573271092],[138.59017815817145,-34.758482529073675],[138.5991713618087,-34.758482529073675],[138.5991713618087,-34.76747573271092],[138.59017815817145,-34.76747573271092]]]}},{"type":"Feature","properties":{"jobs":0,"pop":904,"pointCount":5,"homeWorkCommuteMedian":14192,"workHomeCommuteMedian":-1},"geometry":{"type":"Polygon","coordinates":[[[138.59017815817145,-34.758482529073675],[138.59017815817145,-34.74948932543643],[138.5991713618087,-34.74948932543643],[138.5991713618087,-34.758482529073675],[138.59017815817145,-34.758482529073675]]]}},{"type":"Feature","properties":{"jobs":104,"pop":1031,"pointCount":6,"homeWorkCommuteMedian":12814,"workHomeCommuteMedian":13460},"geometry":{"type":"Polygon","coordinates":[[[138.59017815817145,-34.74948932543643],[138.59017815817145,-34.74049612179918],[138.5991713618087,-34.74049612179918],[138.5991713618087,-34.74948932543643],[138.59017815817145,-34.74948932543643]]]}},{"type":"Feature","properties":{"jobs":116,"pop":405,"pointCount":2,"homeWorkCommuteMedian":26660,"workHomeCommuteMedian":29572},"geometry":{"type":"Polygon","coordinates":[[[138.59017815817145,-34.74049612179918],[138.59017815817145,-34.73150291816194],[138.5991713618087,-34.73150291816194],[138.5991713618087,-34.74049612179918],[138.59017815817145,-34.74049612179918]]]}},{"type":"Feature","properties":{"jobs":127,"pop":58,"pointCount":1,"homeWorkCommuteMedian":29372,"workHomeCommuteMedian":8952},"geometry":{"type":"Polygon","coordinates":[[[138.5991713618087,-35.10022426728902],[138.5991713618087,-35.091231063651776],[138.60816456544592,-35.091231063651776],[138.60816456544592,-35.10022426728902],[138.5991713618087,-35.10022426728902]]]}},{"type":"Feature","properties":{"jobs":0,"pop":557,"pointCount":2,"homeWorkCommuteMedian":14933,"workHomeCommuteMedian":-1},"geometry":{"type":"Polygon","coordinates":[[[138.5991713618087,-35.091231063651776],[138.5991713618087,-35.08223786001453],[138.60816456544592,-35.08223786001453],[138.60816456544592,-35.091231063651776],[138.5991713618087,-35.091231063651776]]]}},{"type":"Feature","properties":{"jobs":0,"pop":1034,"pointCount":5,"homeWorkCommuteMedian":19126,"workHomeCommuteMedian":-1},"geometry":{"type":"Polygon","coordinates":[[[138.5991713618087,-35.08223786001453],[138.5991713618087,-35.073244656377284],[138.60816456544592,-35.073244656377284],[138.60816456544592,-35.08223786001453],[138.5991713618087,-35.08223786001453]]]}},{"type":"Feature","properties":{"jobs":0,"pop":1208,"pointCount":5,"homeWorkCommuteMedian":21468,"workHomeCommuteMedian":-1},"geometry":{"type":"Polygon","coordinates":[[[138.5991713618087,-35.073244656377284],[138.5991713618087,-35.06425145274004],[138.60816456544592,-35.06425145274004],[138.60816456544592,-35.073244656377284],[138.5991713618087,-35.073244656377284]]]}},{"type":"Feature","properties":{"jobs":0,"pop":827,"pointCount":4,"homeWorkCommuteMedian":17242,"workHomeCommuteMedian":-1},"geometry":{"type":"Polygon","coordinates":[[[138.5991713618087,-35.06425145274004],[138.5991713618087,-35.05525824910279],[138.60816456544592,-35.05525824910279],[138.60816456544592,-35.06425145274004],[138.5991713618087,-35.06425145274004]]]}},{"type":"Feature","properties":{"jobs":0,"pop":514,"pointCount":2,"homeWorkCommuteMedian":10982,"workHomeCommuteMedian":-1},"geometry":{"type":"Polygon","coordinates":[[[138.5991713618087,-35.05525824910279],[138.5991713618087,-35.046265045465546],[138.60816456544592,-35.046265045465546],[138.60816456544592,-35.05525824910279],[138.5991713618087,-35.05525824910279]]]}},{"type":"Feature","properties":{"jobs":315,"pop":0,"pointCount":1,"homeWorkCommuteMedian":-1,"workHomeCommuteMedian":28459},"geometry":{"type":"Polygon","coordinates":[[[138.5991713618087,-35.046265045465546],[138.5991713618087,-35.0372718418283],[138.60816456544592,-35.0372718418283],[138.60816456544592,-35.046265045465546],[138.5991713618087,-35.046265045465546]]]}},{"type":"Feature","properties":{"jobs":281,"pop":821,"pointCount":2,"homeWorkCommuteMedian":17164,"workHomeCommuteMedian":4908},"geometry":{"type":"Polygon","coordinates":[[[138.5991713618087,-35.0372718418283],[138.5991713618087,-35.028278638191054],[138.60816456544592,-35.028278638191054],[138.60816456544592,-35.0372718418283],[138.5991713618087,-35.0372718418283]]]}},{"type":"Feature","properties":{"jobs":349,"pop":172,"pointCount":1,"homeWorkCommuteMedian":5167,"workHomeCommuteMedian":21058},"geometry":{"type":"Polygon","coordinates":[[[138.5991713618087,-35.028278638191054],[138.5991713618087,-35.01928543455381],[138.60816456544592,-35.01928543455381],[138.60816456544592,-35.028278638191054],[138.5991713618087,-35.028278638191054]]]}},{"type":"Feature","properties":{"jobs":220,"pop":693,"pointCount":4,"homeWorkCommuteMedian":12565,"workHomeCommuteMedian":8377},"geometry":{"type":"Polygon","coordinates":[[[138.5991713618087,-35.01928543455381],[138.5991713618087,-35.01029223091656],[138.60816456544592,-35.01029223091656],[138.60816456544592,-35.01928543455381],[138.5991713618087,-35.01928543455381]]]}},{"type":"Feature","properties":{"jobs":145,"pop":358,"pointCount":1,"homeWorkCommuteMedian":8604,"workHomeCommuteMedian":15837},"geometry":{"type":"Polygon","coordinates":[[[138.5991713618087,-35.01029223091656],[138.5991713618087,-35.001299027279316],[138.60816456544592,-35.001299027279316],[138.60816456544592,-35.01029223091656],[138.5991713618087,-35.01029223091656]]]}},{"type":"Feature","properties":{"jobs":502,"pop":961,"pointCount":4,"homeWorkCommuteMedian":13668,"workHomeCommuteMedian":19004},"geometry":{"type":"Polygon","coordinates":[[[138.5991713618087,-35.001299027279316],[138.5991713618087,-34.99230582364207],[138.60816456544592,-34.99230582364207],[138.60816456544592,-35.001299027279316],[138.5991713618087,-35.001299027279316]]]}},{"type":"Feature","properties":{"jobs":0,"pop":906,"pointCount":2,"homeWorkCommuteMedian":12849,"workHomeCommuteMedian":-1},"geometry":{"type":"Polygon","coordinates":[[[138.5991713618087,-34.99230582364207],[138.5991713618087,-34.983312620004824],[138.60816456544592,-34.983312620004824],[138.60816456544592,-34.99230582364207],[138.5991713618087,-34.99230582364207]]]}},{"type":"Feature","properties":{"jobs":288,"pop":1058,"pointCount":4,"homeWorkCommuteMedian":7157,"workHomeCommuteMedian":6381},"geometry":{"type":"Polygon","coordinates":[[[138.5991713618087,-34.983312620004824],[138.5991713618087,-34.97431941636758],[138.60816456544592,-34.97431941636758],[138.60816456544592,-34.983312620004824],[138.5991713618087,-34.983312620004824]]]}},{"type":"Feature","properties":{"jobs":663,"pop":942,"pointCount":5,"homeWorkCommuteMedian":8148,"workHomeCommuteMedian":10135},"geometry":{"type":"Polygon","coordinates":[[[138.5991713618087,-34.97431941636758],[138.5991713618087,-34.96532621273033],[138.60816456544592,-34.96532621273033],[138.60816456544592,-34.97431941636758],[138.5991713618087,-34.97431941636758]]]}},{"type":"Feature","properties":{"jobs":516,"pop":762,"pointCount":3,"homeWorkCommuteMedian":4749,"workHomeCommuteMedian":7019},"geometry":{"type":"Polygon","coordinates":[[[138.5991713618087,-34.96532621273033],[138.5991713618087,-34.956333009093086],[138.60816456544592,-34.956333009093086],[138.60816456544592,-34.96532621273033],[138.5991713618087,-34.96532621273033]]]}},{"type":"Feature","properties":{"jobs":1918,"pop":938,"pointCount":3,"homeWorkCommuteMedian":5225,"workHomeCommuteMedian":11266},"geometry":{"type":"Polygon","coordinates":[[[138.5991713618087,-34.956333009093086],[138.5991713618087,-34.94733980545584],[138.60816456544592,-34.94733980545584],[138.60816456544592,-34.956333009093086],[138.5991713618087,-34.956333009093086]]]}},{"type":"Feature","properties":{"jobs":2837,"pop":1083,"pointCount":3,"homeWorkCommuteMedian":5633,"workHomeCommuteMedian":11296},"geometry":{"type":"Polygon","coordinates":[[[138.5991713618087,-34.94733980545584],[138.5991713618087,-34.938346601818594],[138.60816456544592,-34.938346601818594],[138.60816456544592,-34.94733980545584],[138.5991713618087,-34.94733980545584]]]}},{"type":"Feature","properties":{"jobs":13601,"pop":1257,"pointCount":2,"homeWorkCommuteMedian":2624,"workHomeCommuteMedian":10620},"geometry":{"type":"Polygon","coordinates":[[[138.5991713618087,-34.938346601818594],[138.5991713618087,-34.92935339818135],[138.60816456544592,-34.92935339818135],[138.60816456544592,-34.938346601818594],[138.5991713618087,-34.938346601818594]]]}},{"type":"Feature","properties":{"jobs":50431,"pop":1065,"pointCount":4,"homeWorkCommuteMedian":6086,"workHomeCommuteMedian":10430},"geometry":{"type":"Polygon","coordinates":[[[138.5991713618087,-34.92935339818135],[138.5991713618087,-34.9203601945441],[138.60816456544592,-34.9203601945441],[138.60816456544592,-34.92935339818135],[138.5991713618087,-34.92935339818135]]]}},{"type":"Feature","properties":{"jobs":18595,"pop":0,"pointCount":3,"homeWorkCommuteMedian":-1,"workHomeCommuteMedian":10085},"geometry":{"type":"Polygon","coordinates":[[[138.5991713618087,-34.9203601945441],[138.5991713618087,-34.911366990906856],[138.60816456544592,-34.911366990906856],[138.60816456544592,-34.9203601945441],[138.5991713618087,-34.9203601945441]]]}},{"type":"Feature","properties":{"jobs":1544,"pop":679,"pointCount":2,"homeWorkCommuteMedian":8698,"workHomeCommuteMedian":7806},"geometry":{"type":"Polygon","coordinates":[[[138.5991713618087,-34.911366990906856],[138.5991713618087,-34.90237378726961],[138.60816456544592,-34.90237378726961],[138.60816456544592,-34.911366990906856],[138.5991713618087,-34.911366990906856]]]}},{"type":"Feature","properties":{"jobs":994,"pop":548,"pointCount":4,"homeWorkCommuteMedian":7898,"workHomeCommuteMedian":10798},"geometry":{"type":"Polygon","coordinates":[[[138.5991713618087,-34.90237378726961],[138.5991713618087,-34.893380583632364],[138.60816456544592,-34.893380583632364],[138.60816456544592,-34.90237378726961],[138.5991713618087,-34.90237378726961]]]}},{"type":"Feature","properties":{"jobs":825,"pop":1249,"pointCount":5,"homeWorkCommuteMedian":5772,"workHomeCommuteMedian":8320},"geometry":{"type":"Polygon","coordinates":[[[138.5991713618087,-34.893380583632364],[138.5991713618087,-34.88438737999512],[138.60816456544592,-34.88438737999512],[138.60816456544592,-34.893380583632364],[138.5991713618087,-34.893380583632364]]]}},{"type":"Feature","properties":{"jobs":766,"pop":1580,"pointCount":5,"homeWorkCommuteMedian":6403,"workHomeCommuteMedian":5741},"geometry":{"type":"Polygon","coordinates":[[[138.5991713618087,-34.88438737999512],[138.5991713618087,-34.87539417635787],[138.60816456544592,-34.87539417635787],[138.60816456544592,-34.88438737999512],[138.5991713618087,-34.88438737999512]]]}},{"type":"Feature","properties":{"jobs":1101,"pop":1333,"pointCount":5,"homeWorkCommuteMedian":7048,"workHomeCommuteMedian":8951},"geometry":{"type":"Polygon","coordinates":[[[138.5991713618087,-34.87539417635787],[138.5991713618087,-34.866400972720626],[138.60816456544592,-34.866400972720626],[138.60816456544592,-34.87539417635787],[138.5991713618087,-34.87539417635787]]]}},{"type":"Feature","properties":{"jobs":312,"pop":760,"pointCount":4,"homeWorkCommuteMedian":8536,"workHomeCommuteMedian":12843},"geometry":{"type":"Polygon","coordinates":[[[138.5991713618087,-34.866400972720626],[138.5991713618087,-34.85740776908338],[138.60816456544592,-34.85740776908338],[138.60816456544592,-34.866400972720626],[138.5991713618087,-34.866400972720626]]]}},{"type":"Feature","properties":{"jobs":673,"pop":1058,"pointCount":3,"homeWorkCommuteMedian":9962,"workHomeCommuteMedian":24740},"geometry":{"type":"Polygon","coordinates":[[[138.5991713618087,-34.85740776908338],[138.5991713618087,-34.848414565446134],[138.60816456544592,-34.848414565446134],[138.60816456544592,-34.85740776908338],[138.5991713618087,-34.85740776908338]]]}},{"type":"Feature","properties":{"jobs":312,"pop":256,"pointCount":1,"homeWorkCommuteMedian":10307,"workHomeCommuteMedian":10855},"geometry":{"type":"Polygon","coordinates":[[[138.5991713618087,-34.848414565446134],[138.5991713618087,-34.83942136180889],[138.60816456544592,-34.83942136180889],[138.60816456544592,-34.848414565446134],[138.5991713618087,-34.848414565446134]]]}},{"type":"Feature","properties":{"jobs":3019,"pop":361,"pointCount":1,"homeWorkCommuteMedian":12032,"workHomeCommuteMedian":11842},"geometry":{"type":"Polygon","coordinates":[[[138.5991713618087,-34.83042815817164],[138.5991713618087,-34.821434954534396],[138.60816456544592,-34.821434954534396],[138.60816456544592,-34.83042815817164],[138.5991713618087,-34.83042815817164]]]}},{"type":"Feature","properties":{"jobs":366,"pop":730,"pointCount":3,"homeWorkCommuteMedian":10456,"workHomeCommuteMedian":25188},"geometry":{"type":"Polygon","coordinates":[[[138.5991713618087,-34.821434954534396],[138.5991713618087,-34.81244175089715],[138.60816456544592,-34.81244175089715],[138.60816456544592,-34.821434954534396],[138.5991713618087,-34.821434954534396]]]}},{"type":"Feature","properties":{"jobs":127,"pop":848,"pointCount":4,"homeWorkCommuteMedian":14907,"workHomeCommuteMedian":18134},"geometry":{"type":"Polygon","coordinates":[[[138.5991713618087,-34.81244175089715],[138.5991713618087,-34.803448547259904],[138.60816456544592,-34.803448547259904],[138.60816456544592,-34.81244175089715],[138.5991713618087,-34.81244175089715]]]}},{"type":"Feature","properties":{"jobs":1694,"pop":519,"pointCount":2,"homeWorkCommuteMedian":15427,"workHomeCommuteMedian":13220},"geometry":{"type":"Polygon","coordinates":[[[138.5991713618087,-34.803448547259904],[138.5991713618087,-34.79445534362266],[138.60816456544592,-34.79445534362266],[138.60816456544592,-34.803448547259904],[138.5991713618087,-34.803448547259904]]]}},{"type":"Feature","properties":{"jobs":176,"pop":891,"pointCount":3,"homeWorkCommuteMedian":16581,"workHomeCommuteMedian":20454},"geometry":{"type":"Polygon","coordinates":[[[138.5991713618087,-34.79445534362266],[138.5991713618087,-34.78546213998541],[138.60816456544592,-34.78546213998541],[138.60816456544592,-34.79445534362266],[138.5991713618087,-34.79445534362266]]]}},{"type":"Feature","properties":{"jobs":0,"pop":514,"pointCount":2,"homeWorkCommuteMedian":15602,"workHomeCommuteMedian":-1},"geometry":{"type":"Polygon","coordinates":[[[138.5991713618087,-34.78546213998541],[138.5991713618087,-34.77646893634817],[138.60816456544592,-34.77646893634817],[138.60816456544592,-34.78546213998541],[138.5991713618087,-34.78546213998541]]]}},{"type":"Feature","properties":{"jobs":561,"pop":1057,"pointCount":5,"homeWorkCommuteMedian":18058,"workHomeCommuteMedian":24447},"geometry":{"type":"Polygon","coordinates":[[[138.5991713618087,-34.77646893634817],[138.5991713618087,-34.76747573271092],[138.60816456544592,-34.76747573271092],[138.60816456544592,-34.77646893634817],[138.5991713618087,-34.77646893634817]]]}},{"type":"Feature","properties":{"jobs":349,"pop":1615,"pointCount":5,"homeWorkCommuteMedian":14401,"workHomeCommuteMedian":15689},"geometry":{"type":"Polygon","coordinates":[[[138.5991713618087,-34.76747573271092],[138.5991713618087,-34.758482529073675],[138.60816456544592,-34.758482529073675],[138.60816456544592,-34.76747573271092],[138.5991713618087,-34.76747573271092]]]}},{"type":"Feature","properties":{"jobs":563,"pop":1164,"pointCount":5,"homeWorkCommuteMedian":19080,"workHomeCommuteMedian":28478},"geometry":{"type":"Polygon","coordinates":[[[138.5991713618087,-34.758482529073675],[138.5991713618087,-34.74948932543643],[138.60816456544592,-34.74948932543643],[138.60816456544592,-34.758482529073675],[138.5991713618087,-34.758482529073675]]]}},{"type":"Feature","properties":{"jobs":0,"pop":1110,"pointCount":5,"homeWorkCommuteMedian":15140,"workHomeCommuteMedian":-1},"geometry":{"type":"Polygon","coordinates":[[[138.5991713618087,-34.74948932543643],[138.5991713618087,-34.74049612179918],[138.60816456544592,-34.74049612179918],[138.60816456544592,-34.74948932543643],[138.5991713618087,-34.74948932543643]]]}},{"type":"Feature","properties":{"jobs":1963,"pop":0,"pointCount":1,"homeWorkCommuteMedian":-1,"workHomeCommuteMedian":12029},"geometry":{"type":"Polygon","coordinates":[[[138.5991713618087,-34.73150291816194],[138.5991713618087,-34.72250971452469],[138.60816456544592,-34.72250971452469],[138.60816456544592,-34.73150291816194],[138.5991713618087,-34.73150291816194]]]}},{"type":"Feature","properties":{"jobs":777,"pop":66,"pointCount":1,"homeWorkCommuteMedian":25883,"workHomeCommuteMedian":29235},"geometry":{"type":"Polygon","coordinates":[[[138.5991713618087,-34.68653689997571],[138.5991713618087,-34.67754369633846],[138.60816456544592,-34.67754369633846],[138.60816456544592,-34.68653689997571],[138.5991713618087,-34.68653689997571]]]}},{"type":"Feature","properties":{"jobs":0,"pop":271,"pointCount":1,"homeWorkCommuteMedian":44340,"workHomeCommuteMedian":-1},"geometry":{"type":"Polygon","coordinates":[[[138.5991713618087,-34.59660486360325],[138.5991713618087,-34.587611659966],[138.60816456544592,-34.587611659966],[138.60816456544592,-34.59660486360325],[138.5991713618087,-34.59660486360325]]]}},{"type":"Feature","properties":{"jobs":0,"pop":211,"pointCount":1,"homeWorkCommuteMedian":10897,"workHomeCommuteMedian":-1},"geometry":{"type":"Polygon","coordinates":[[[138.60816456544592,-35.091231063651776],[138.60816456544592,-35.08223786001453],[138.61715776908315,-35.08223786001453],[138.61715776908315,-35.091231063651776],[138.60816456544592,-35.091231063651776]]]}},{"type":"Feature","properties":{"jobs":0,"pop":610,"pointCount":2,"homeWorkCommuteMedian":22638,"workHomeCommuteMedian":-1},"geometry":{"type":"Polygon","coordinates":[[[138.60816456544592,-35.073244656377284],[138.60816456544592,-35.06425145274004],[138.61715776908315,-35.06425145274004],[138.61715776908315,-35.073244656377284],[138.60816456544592,-35.073244656377284]]]}},{"type":"Feature","properties":{"jobs":0,"pop":869,"pointCount":3,"homeWorkCommuteMedian":18296,"workHomeCommuteMedian":-1},"geometry":{"type":"Polygon","coordinates":[[[138.60816456544592,-35.06425145274004],[138.60816456544592,-35.05525824910279],[138.61715776908315,-35.05525824910279],[138.61715776908315,-35.06425145274004],[138.60816456544592,-35.06425145274004]]]}},{"type":"Feature","properties":{"jobs":0,"pop":366,"pointCount":2,"homeWorkCommuteMedian":12724,"workHomeCommuteMedian":-1},"geometry":{"type":"Polygon","coordinates":[[[138.60816456544592,-35.05525824910279],[138.60816456544592,-35.046265045465546],[138.61715776908315,-35.046265045465546],[138.61715776908315,-35.05525824910279],[138.60816456544592,-35.05525824910279]]]}},{"type":"Feature","properties":{"jobs":73,"pop":901,"pointCount":1,"homeWorkCommuteMedian":20075,"workHomeCommuteMedian":30699},"geometry":{"type":"Polygon","coordinates":[[[138.60816456544592,-35.046265045465546],[138.60816456544592,-35.0372718418283],[138.61715776908315,-35.0372718418283],[138.61715776908315,-35.046265045465546],[138.60816456544592,-35.046265045465546]]]}},{"type":"Feature","properties":{"jobs":0,"pop":737,"pointCount":3,"homeWorkCommuteMedian":15180,"workHomeCommuteMedian":-1},"geometry":{"type":"Polygon","coordinates":[[[138.60816456544592,-35.0372718418283],[138.60816456544592,-35.028278638191054],[138.61715776908315,-35.028278638191054],[138.61715776908315,-35.0372718418283],[138.60816456544592,-35.0372718418283]]]}},{"type":"Feature","properties":{"jobs":0,"pop":119,"pointCount":1,"homeWorkCommuteMedian":6161,"workHomeCommuteMedian":-1},"geometry":{"type":"Polygon","coordinates":[[[138.60816456544592,-35.028278638191054],[138.60816456544592,-35.01928543455381],[138.61715776908315,-35.01928543455381],[138.61715776908315,-35.028278638191054],[138.60816456544592,-35.028278638191054]]]}},{"type":"Feature","properties":{"jobs":819,"pop":585,"pointCount":3,"homeWorkCommuteMedian":14839,"workHomeCommuteMedian":16326},"geometry":{"type":"Polygon","coordinates":[[[138.60816456544592,-35.01928543455381],[138.60816456544592,-35.01029223091656],[138.61715776908315,-35.01029223091656],[138.61715776908315,-35.01928543455381],[138.60816456544592,-35.01928543455381]]]}},{"type":"Feature","properties":{"jobs":218,"pop":353,"pointCount":1,"homeWorkCommuteMedian":18353,"workHomeCommuteMedian":25472},"geometry":{"type":"Polygon","coordinates":[[[138.60816456544592,-35.01029223091656],[138.60816456544592,-35.001299027279316],[138.61715776908315,-35.001299027279316],[138.61715776908315,-35.01029223091656],[138.60816456544592,-35.01029223091656]]]}},{"type":"Feature","properties":{"jobs":461,"pop":775,"pointCount":2,"homeWorkCommuteMedian":8713,"workHomeCommuteMedian":18919},"geometry":{"type":"Polygon","coordinates":[[[138.60816456544592,-35.001299027279316],[138.60816456544592,-34.99230582364207],[138.61715776908315,-34.99230582364207],[138.61715776908315,-35.001299027279316],[138.60816456544592,-35.001299027279316]]]}},{"type":"Feature","properties":{"jobs":0,"pop":828,"pointCount":4,"homeWorkCommuteMedian":7993,"workHomeCommuteMedian":-1},"geometry":{"type":"Polygon","coordinates":[[[138.60816456544592,-34.99230582364207],[138.60816456544592,-34.983312620004824],[138.61715776908315,-34.983312620004824],[138.61715776908315,-34.99230582364207],[138.60816456544592,-34.99230582364207]]]}},{"type":"Feature","properties":{"jobs":1521,"pop":720,"pointCount":4,"homeWorkCommuteMedian":7473,"workHomeCommuteMedian":14656},"geometry":{"type":"Polygon","coordinates":[[[138.60816456544592,-34.983312620004824],[138.60816456544592,-34.97431941636758],[138.61715776908315,-34.97431941636758],[138.61715776908315,-34.983312620004824],[138.60816456544592,-34.983312620004824]]]}},{"type":"Feature","properties":{"jobs":620,"pop":843,"pointCount":4,"homeWorkCommuteMedian":6009,"workHomeCommuteMedian":11584},"geometry":{"type":"Polygon","coordinates":[[[138.60816456544592,-34.97431941636758],[138.60816456544592,-34.96532621273033],[138.61715776908315,-34.96532621273033],[138.61715776908315,-34.97431941636758],[138.60816456544592,-34.97431941636758]]]}},{"type":"Feature","properties":{"jobs":945,"pop":871,"pointCount":4,"homeWorkCommuteMedian":6970,"workHomeCommuteMedian":10783},"geometry":{"type":"Polygon","coordinates":[[[138.60816456544592,-34.96532621273033],[138.60816456544592,-34.956333009093086],[138.61715776908315,-34.956333009093086],[138.61715776908315,-34.96532621273033],[138.60816456544592,-34.96532621273033]]]}},{"type":"Feature","properties":{"jobs":2099,"pop":1161,"pointCount":5,"homeWorkCommuteMedian":3537,"workHomeCommuteMedian":8760},"geometry":{"type":"Polygon","coordinates":[[[138.60816456544592,-34.956333009093086],[138.60816456544592,-34.94733980545584],[138.61715776908315,-34.94733980545584],[138.61715776908315,-34.956333009093086],[138.60816456544592,-34.956333009093086]]]}},{"type":"Feature","properties":{"jobs":2413,"pop":1725,"pointCount":6,"homeWorkCommuteMedian":12867,"workHomeCommuteMedian":9032},"geometry":{"type":"Polygon","coordinates":[[[138.60816456544592,-34.94733980545584],[138.60816456544592,-34.938346601818594],[138.61715776908315,-34.938346601818594],[138.61715776908315,-34.94733980545584],[138.60816456544592,-34.94733980545584]]]}},{"type":"Feature","properties":{"jobs":4489,"pop":2015,"pointCount":3,"homeWorkCommuteMedian":5584,"workHomeCommuteMedian":10361},"geometry":{"type":"Polygon","coordinates":[[[138.60816456544592,-34.938346601818594],[138.60816456544592,-34.92935339818135],[138.61715776908315,-34.92935339818135],[138.61715776908315,-34.938346601818594],[138.60816456544592,-34.938346601818594]]]}},{"type":"Feature","properties":{"jobs":7037,"pop":930,"pointCount":4,"homeWorkCommuteMedian":2196,"workHomeCommuteMedian":10589},"geometry":{"type":"Polygon","coordinates":[[[138.60816456544592,-34.92935339818135],[138.60816456544592,-34.9203601945441],[138.61715776908315,-34.9203601945441],[138.61715776908315,-34.92935339818135],[138.60816456544592,-34.92935339818135]]]}},{"type":"Feature","properties":{"jobs":7975,"pop":390,"pointCount":3,"homeWorkCommuteMedian":4091,"workHomeCommuteMedian":9463},"geometry":{"type":"Polygon","coordinates":[[[138.60816456544592,-34.9203601945441],[138.60816456544592,-34.911366990906856],[138.61715776908315,-34.911366990906856],[138.61715776908315,-34.9203601945441],[138.60816456544592,-34.9203601945441]]]}},{"type":"Feature","properties":{"jobs":387,"pop":1279,"pointCount":3,"homeWorkCommuteMedian":5730,"workHomeCommuteMedian":8109},"geometry":{"type":"Polygon","coordinates":[[[138.60816456544592,-34.911366990906856],[138.60816456544592,-34.90237378726961],[138.61715776908315,-34.90237378726961],[138.61715776908315,-34.911366990906856],[138.60816456544592,-34.911366990906856]]]}},{"type":"Feature","properties":{"jobs":99,"pop":953,"pointCount":3,"homeWorkCommuteMedian":9761,"workHomeCommuteMedian":15602},"geometry":{"type":"Polygon","coordinates":[[[138.60816456544592,-34.90237378726961],[138.60816456544592,-34.893380583632364],[138.61715776908315,-34.893380583632364],[138.61715776908315,-34.90237378726961],[138.60816456544592,-34.90237378726961]]]}},{"type":"Feature","properties":{"jobs":559,"pop":1046,"pointCount":5,"homeWorkCommuteMedian":5014,"workHomeCommuteMedian":5965},"geometry":{"type":"Polygon","coordinates":[[[138.60816456544592,-34.893380583632364],[138.60816456544592,-34.88438737999512],[138.61715776908315,-34.88438737999512],[138.61715776908315,-34.893380583632364],[138.60816456544592,-34.893380583632364]]]}},{"type":"Feature","properties":{"jobs":399,"pop":689,"pointCount":3,"homeWorkCommuteMedian":14412,"workHomeCommuteMedian":13004},"geometry":{"type":"Polygon","coordinates":[[[138.60816456544592,-34.88438737999512],[138.60816456544592,-34.87539417635787],[138.61715776908315,-34.87539417635787],[138.61715776908315,-34.88438737999512],[138.60816456544592,-34.88438737999512]]]}},{"type":"Feature","properties":{"jobs":1092,"pop":2065,"pointCount":6,"homeWorkCommuteMedian":13426,"workHomeCommuteMedian":9933},"geometry":{"type":"Polygon","coordinates":[[[138.60816456544592,-34.87539417635787],[138.60816456544592,-34.866400972720626],[138.61715776908315,-34.866400972720626],[138.61715776908315,-34.87539417635787],[138.60816456544592,-34.87539417635787]]]}},{"type":"Feature","properties":{"jobs":286,"pop":1049,"pointCount":5,"homeWorkCommuteMedian":9261,"workHomeCommuteMedian":14333},"geometry":{"type":"Polygon","coordinates":[[[138.60816456544592,-34.866400972720626],[138.60816456544592,-34.85740776908338],[138.61715776908315,-34.85740776908338],[138.61715776908315,-34.866400972720626],[138.60816456544592,-34.866400972720626]]]}},{"type":"Feature","properties":{"jobs":217,"pop":977,"pointCount":3,"homeWorkCommuteMedian":10079,"workHomeCommuteMedian":19079},"geometry":{"type":"Polygon","coordinates":[[[138.60816456544592,-34.85740776908338],[138.60816456544592,-34.848414565446134],[138.61715776908315,-34.848414565446134],[138.61715776908315,-34.85740776908338],[138.60816456544592,-34.85740776908338]]]}},{"type":"Feature","properties":{"jobs":3751,"pop":0,"pointCount":1,"homeWorkCommuteMedian":-1,"workHomeCommuteMedian":12372},"geometry":{"type":"Polygon","coordinates":[[[138.60816456544592,-34.848414565446134],[138.60816456544592,-34.83942136180889],[138.61715776908315,-34.83942136180889],[138.61715776908315,-34.848414565446134],[138.60816456544592,-34.848414565446134]]]}},{"type":"Feature","properties":{"jobs":335,"pop":441,"pointCount":2,"homeWorkCommuteMedian":12769,"workHomeCommuteMedian":21132},"geometry":{"type":"Polygon","coordinates":[[[138.60816456544592,-34.83942136180889],[138.60816456544592,-34.83042815817164],[138.61715776908315,-34.83042815817164],[138.61715776908315,-34.83942136180889],[138.60816456544592,-34.83942136180889]]]}},{"type":"Feature","properties":{"jobs":2224,"pop":86,"pointCount":1,"homeWorkCommuteMedian":10327,"workHomeCommuteMedian":13782},"geometry":{"type":"Polygon","coordinates":[[[138.60816456544592,-34.83042815817164],[138.60816456544592,-34.821434954534396],[138.61715776908315,-34.821434954534396],[138.61715776908315,-34.83042815817164],[138.60816456544592,-34.83042815817164]]]}},{"type":"Feature","properties":{"jobs":0,"pop":1188,"pointCount":5,"homeWorkCommuteMedian":15045,"workHomeCommuteMedian":-1},"geometry":{"type":"Polygon","coordinates":[[[138.60816456544592,-34.821434954534396],[138.60816456544592,-34.81244175089715],[138.61715776908315,-34.81244175089715],[138.61715776908315,-34.821434954534396],[138.60816456544592,-34.821434954534396]]]}},{"type":"Feature","properties":{"jobs":1647,"pop":1252,"pointCount":5,"homeWorkCommuteMedian":10586,"workHomeCommuteMedian":13242},"geometry":{"type":"Polygon","coordinates":[[[138.60816456544592,-34.81244175089715],[138.60816456544592,-34.803448547259904],[138.61715776908315,-34.803448547259904],[138.61715776908315,-34.81244175089715],[138.60816456544592,-34.81244175089715]]]}},{"type":"Feature","properties":{"jobs":899,"pop":2021,"pointCount":6,"homeWorkCommuteMedian":9949,"workHomeCommuteMedian":21678},"geometry":{"type":"Polygon","coordinates":[[[138.60816456544592,-34.803448547259904],[138.60816456544592,-34.79445534362266],[138.61715776908315,-34.79445534362266],[138.61715776908315,-34.803448547259904],[138.60816456544592,-34.803448547259904]]]}},{"type":"Feature","properties":{"jobs":0,"pop":868,"pointCount":6,"homeWorkCommuteMedian":16711,"workHomeCommuteMedian":-1},"geometry":{"type":"Polygon","coordinates":[[[138.60816456544592,-34.79445534362266],[138.60816456544592,-34.78546213998541],[138.61715776908315,-34.78546213998541],[138.61715776908315,-34.79445534362266],[138.60816456544592,-34.79445534362266]]]}},{"type":"Feature","properties":{"jobs":549,"pop":857,"pointCount":4,"homeWorkCommuteMedian":24300,"workHomeCommuteMedian":10941},"geometry":{"type":"Polygon","coordinates":[[[138.60816456544592,-34.78546213998541],[138.60816456544592,-34.77646893634817],[138.61715776908315,-34.77646893634817],[138.61715776908315,-34.78546213998541],[138.60816456544592,-34.78546213998541]]]}},{"type":"Feature","properties":{"jobs":543,"pop":1124,"pointCount":6,"homeWorkCommuteMedian":26313,"workHomeCommuteMedian":14473},"geometry":{"type":"Polygon","coordinates":[[[138.60816456544592,-34.77646893634817],[138.60816456544592,-34.76747573271092],[138.61715776908315,-34.76747573271092],[138.61715776908315,-34.77646893634817],[138.60816456544592,-34.77646893634817]]]}},{"type":"Feature","properties":{"jobs":0,"pop":530,"pointCount":3,"homeWorkCommuteMedian":9128,"workHomeCommuteMedian":-1},"geometry":{"type":"Polygon","coordinates":[[[138.60816456544592,-34.76747573271092],[138.60816456544592,-34.758482529073675],[138.61715776908315,-34.758482529073675],[138.61715776908315,-34.76747573271092],[138.60816456544592,-34.76747573271092]]]}},{"type":"Feature","properties":{"jobs":0,"pop":1039,"pointCount":5,"homeWorkCommuteMedian":18033,"workHomeCommuteMedian":-1},"geometry":{"type":"Polygon","coordinates":[[[138.60816456544592,-34.758482529073675],[138.60816456544592,-34.74948932543643],[138.61715776908315,-34.74948932543643],[138.61715776908315,-34.758482529073675],[138.60816456544592,-34.758482529073675]]]}},{"type":"Feature","properties":{"jobs":0,"pop":999,"pointCount":5,"homeWorkCommuteMedian":25136,"workHomeCommuteMedian":-1},"geometry":{"type":"Polygon","coordinates":[[[138.60816456544592,-34.74948932543643],[138.60816456544592,-34.74049612179918],[138.61715776908315,-34.74049612179918],[138.61715776908315,-34.74948932543643],[138.60816456544592,-34.74948932543643]]]}},{"type":"Feature","properties":{"jobs":322,"pop":472,"pointCount":3,"homeWorkCommuteMedian":22338,"workHomeCommuteMedian":20078},"geometry":{"type":"Polygon","coordinates":[[[138.60816456544592,-34.74049612179918],[138.60816456544592,-34.73150291816194],[138.61715776908315,-34.73150291816194],[138.61715776908315,-34.74049612179918],[138.60816456544592,-34.74049612179918]]]}},{"type":"Feature","properties":{"jobs":169,"pop":117,"pointCount":1,"homeWorkCommuteMedian":8757,"workHomeCommuteMedian":14856},"geometry":{"type":"Polygon","coordinates":[[[138.60816456544592,-34.65955728906397],[138.60816456544592,-34.65056408542672],[138.61715776908315,-34.65056408542672],[138.61715776908315,-34.65955728906397],[138.60816456544592,-34.65955728906397]]]}},{"type":"Feature","properties":{"jobs":0,"pop":85,"pointCount":1,"homeWorkCommuteMedian":27860,"workHomeCommuteMedian":-1},"geometry":{"type":"Polygon","coordinates":[[[138.60816456544592,-34.623584474514985],[138.60816456544592,-34.61459127087774],[138.61715776908315,-34.61459127087774],[138.61715776908315,-34.623584474514985],[138.60816456544592,-34.623584474514985]]]}},{"type":"Feature","properties":{"jobs":149,"pop":186,"pointCount":1,"homeWorkCommuteMedian":28023,"workHomeCommuteMedian":15329},"geometry":{"type":"Polygon","coordinates":[[[138.60816456544592,-34.61459127087774],[138.60816456544592,-34.60559806724049],[138.61715776908315,-34.60559806724049],[138.61715776908315,-34.61459127087774],[138.60816456544592,-34.61459127087774]]]}},{"type":"Feature","properties":{"jobs":1957,"pop":147,"pointCount":1,"homeWorkCommuteMedian":21324,"workHomeCommuteMedian":16496},"geometry":{"type":"Polygon","coordinates":[[[138.61715776908315,-35.091231063651776],[138.61715776908315,-35.08223786001453],[138.62615097272038,-35.08223786001453],[138.62615097272038,-35.091231063651776],[138.61715776908315,-35.091231063651776]]]}},{"type":"Feature","properties":{"jobs":0,"pop":266,"pointCount":1,"homeWorkCommuteMedian":19281,"workHomeCommuteMedian":-1},"geometry":{"type":"Polygon","coordinates":[[[138.61715776908315,-35.06425145274004],[138.61715776908315,-35.05525824910279],[138.62615097272038,-35.05525824910279],[138.62615097272038,-35.06425145274004],[138.61715776908315,-35.06425145274004]]]}},{"type":"Feature","properties":{"jobs":0,"pop":702,"pointCount":3,"homeWorkCommuteMedian":16760,"workHomeCommuteMedian":-1},"geometry":{"type":"Polygon","coordinates":[[[138.61715776908315,-35.05525824910279],[138.61715776908315,-35.046265045465546],[138.62615097272038,-35.046265045465546],[138.62615097272038,-35.05525824910279],[138.61715776908315,-35.05525824910279]]]}},{"type":"Feature","properties":{"jobs":95,"pop":252,"pointCount":1,"homeWorkCommuteMedian":21652,"workHomeCommuteMedian":24975},"geometry":{"type":"Polygon","coordinates":[[[138.61715776908315,-35.046265045465546],[138.61715776908315,-35.0372718418283],[138.62615097272038,-35.0372718418283],[138.62615097272038,-35.046265045465546],[138.61715776908315,-35.046265045465546]]]}},{"type":"Feature","properties":{"jobs":0,"pop":340,"pointCount":2,"homeWorkCommuteMedian":20188,"workHomeCommuteMedian":-1},"geometry":{"type":"Polygon","coordinates":[[[138.61715776908315,-35.0372718418283],[138.61715776908315,-35.028278638191054],[138.62615097272038,-35.028278638191054],[138.62615097272038,-35.0372718418283],[138.61715776908315,-35.0372718418283]]]}},{"type":"Feature","properties":{"jobs":0,"pop":444,"pointCount":2,"homeWorkCommuteMedian":14186,"workHomeCommuteMedian":-1},"geometry":{"type":"Polygon","coordinates":[[[138.61715776908315,-35.028278638191054],[138.61715776908315,-35.01928543455381],[138.62615097272038,-35.01928543455381],[138.62615097272038,-35.028278638191054],[138.61715776908315,-35.028278638191054]]]}},{"type":"Feature","properties":{"jobs":384,"pop":587,"pointCount":3,"homeWorkCommuteMedian":14587,"workHomeCommuteMedian":13245},"geometry":{"type":"Polygon","coordinates":[[[138.61715776908315,-35.01928543455381],[138.61715776908315,-35.01029223091656],[138.62615097272038,-35.01029223091656],[138.62615097272038,-35.01928543455381],[138.61715776908315,-35.01928543455381]]]}},{"type":"Feature","properties":{"jobs":101,"pop":278,"pointCount":2,"homeWorkCommuteMedian":17564,"workHomeCommuteMedian":3068},"geometry":{"type":"Polygon","coordinates":[[[138.61715776908315,-35.01029223091656],[138.61715776908315,-35.001299027279316],[138.62615097272038,-35.001299027279316],[138.62615097272038,-35.01029223091656],[138.61715776908315,-35.01029223091656]]]}},{"type":"Feature","properties":{"jobs":144,"pop":400,"pointCount":2,"homeWorkCommuteMedian":10198,"workHomeCommuteMedian":16206},"geometry":{"type":"Polygon","coordinates":[[[138.61715776908315,-35.001299027279316],[138.61715776908315,-34.99230582364207],[138.62615097272038,-34.99230582364207],[138.62615097272038,-35.001299027279316],[138.61715776908315,-35.001299027279316]]]}},{"type":"Feature","properties":{"jobs":197,"pop":231,"pointCount":1,"homeWorkCommuteMedian":14892,"workHomeCommuteMedian":6284},"geometry":{"type":"Polygon","coordinates":[[[138.61715776908315,-34.99230582364207],[138.61715776908315,-34.983312620004824],[138.62615097272038,-34.983312620004824],[138.62615097272038,-34.99230582364207],[138.61715776908315,-34.99230582364207]]]}},{"type":"Feature","properties":{"jobs":515,"pop":712,"pointCount":5,"homeWorkCommuteMedian":9105,"workHomeCommuteMedian":15507},"geometry":{"type":"Polygon","coordinates":[[[138.61715776908315,-34.983312620004824],[138.61715776908315,-34.97431941636758],[138.62615097272038,-34.97431941636758],[138.62615097272038,-34.983312620004824],[138.61715776908315,-34.983312620004824]]]}},{"type":"Feature","properties":{"jobs":128,"pop":463,"pointCount":2,"homeWorkCommuteMedian":6970,"workHomeCommuteMedian":5584},"geometry":{"type":"Polygon","coordinates":[[[138.61715776908315,-34.97431941636758],[138.61715776908315,-34.96532621273033],[138.62615097272038,-34.96532621273033],[138.62615097272038,-34.97431941636758],[138.61715776908315,-34.97431941636758]]]}},{"type":"Feature","properties":{"jobs":395,"pop":968,"pointCount":4,"homeWorkCommuteMedian":7183,"workHomeCommuteMedian":12829},"geometry":{"type":"Polygon","coordinates":[[[138.61715776908315,-34.96532621273033],[138.61715776908315,-34.956333009093086],[138.62615097272038,-34.956333009093086],[138.62615097272038,-34.96532621273033],[138.61715776908315,-34.96532621273033]]]}},{"type":"Feature","properties":{"jobs":1454,"pop":1447,"pointCount":6,"homeWorkCommuteMedian":4469,"workHomeCommuteMedian":8604},"geometry":{"type":"Polygon","coordinates":[[[138.61715776908315,-34.956333009093086],[138.61715776908315,-34.94733980545584],[138.62615097272038,-34.94733980545584],[138.62615097272038,-34.956333009093086],[138.61715776908315,-34.956333009093086]]]}},{"type":"Feature","properties":{"jobs":4499,"pop":954,"pointCount":4,"homeWorkCommuteMedian":4949,"workHomeCommuteMedian":13536},"geometry":{"type":"Polygon","coordinates":[[[138.61715776908315,-34.94733980545584],[138.61715776908315,-34.938346601818594],[138.62615097272038,-34.938346601818594],[138.62615097272038,-34.94733980545584],[138.61715776908315,-34.94733980545584]]]}},{"type":"Feature","properties":{"jobs":3174,"pop":491,"pointCount":3,"homeWorkCommuteMedian":6274,"workHomeCommuteMedian":11456},"geometry":{"type":"Polygon","coordinates":[[[138.61715776908315,-34.938346601818594],[138.61715776908315,-34.92935339818135],[138.62615097272038,-34.92935339818135],[138.62615097272038,-34.938346601818594],[138.61715776908315,-34.938346601818594]]]}},{"type":"Feature","properties":{"jobs":4323,"pop":1308,"pointCount":5,"homeWorkCommuteMedian":5429,"workHomeCommuteMedian":8865},"geometry":{"type":"Polygon","coordinates":[[[138.61715776908315,-34.92935339818135],[138.61715776908315,-34.9203601945441],[138.62615097272038,-34.9203601945441],[138.62615097272038,-34.92935339818135],[138.61715776908315,-34.92935339818135]]]}},{"type":"Feature","properties":{"jobs":3174,"pop":769,"pointCount":3,"homeWorkCommuteMedian":2962,"workHomeCommuteMedian":7903},"geometry":{"type":"Polygon","coordinates":[[[138.61715776908315,-34.9203601945441],[138.61715776908315,-34.911366990906856],[138.62615097272038,-34.911366990906856],[138.62615097272038,-34.9203601945441],[138.61715776908315,-34.9203601945441]]]}},{"type":"Feature","properties":{"jobs":656,"pop":1661,"pointCount":5,"homeWorkCommuteMedian":5324,"workHomeCommuteMedian":13499},"geometry":{"type":"Polygon","coordinates":[[[138.61715776908315,-34.911366990906856],[138.61715776908315,-34.90237378726961],[138.62615097272038,-34.90237378726961],[138.62615097272038,-34.911366990906856],[138.61715776908315,-34.911366990906856]]]}},{"type":"Feature","properties":{"jobs":824,"pop":1137,"pointCount":4,"homeWorkCommuteMedian":7424,"workHomeCommuteMedian":12430},"geometry":{"type":"Polygon","coordinates":[[[138.61715776908315,-34.90237378726961],[138.61715776908315,-34.893380583632364],[138.62615097272038,-34.893380583632364],[138.62615097272038,-34.90237378726961],[138.61715776908315,-34.90237378726961]]]}},{"type":"Feature","properties":{"jobs":620,"pop":768,"pointCount":4,"homeWorkCommuteMedian":7121,"workHomeCommuteMedian":10495},"geometry":{"type":"Polygon","coordinates":[[[138.61715776908315,-34.893380583632364],[138.61715776908315,-34.88438737999512],[138.62615097272038,-34.88438737999512],[138.62615097272038,-34.893380583632364],[138.61715776908315,-34.893380583632364]]]}},{"type":"Feature","properties":{"jobs":1431,"pop":1583,"pointCount":4,"homeWorkCommuteMedian":9724,"workHomeCommuteMedian":6944},"geometry":{"type":"Polygon","coordinates":[[[138.61715776908315,-34.88438737999512],[138.61715776908315,-34.87539417635787],[138.62615097272038,-34.87539417635787],[138.62615097272038,-34.88438737999512],[138.61715776908315,-34.88438737999512]]]}},{"type":"Feature","properties":{"jobs":471,"pop":1118,"pointCount":3,"homeWorkCommuteMedian":7320,"workHomeCommuteMedian":8390},"geometry":{"type":"Polygon","coordinates":[[[138.61715776908315,-34.87539417635787],[138.61715776908315,-34.866400972720626],[138.62615097272038,-34.866400972720626],[138.62615097272038,-34.87539417635787],[138.61715776908315,-34.87539417635787]]]}},{"type":"Feature","properties":{"jobs":493,"pop":1350,"pointCount":4,"homeWorkCommuteMedian":8430,"workHomeCommuteMedian":10599},"geometry":{"type":"Polygon","coordinates":[[[138.61715776908315,-34.866400972720626],[138.61715776908315,-34.85740776908338],[138.62615097272038,-34.85740776908338],[138.62615097272038,-34.866400972720626],[138.61715776908315,-34.866400972720626]]]}},{"type":"Feature","properties":{"jobs":756,"pop":1544,"pointCount":6,"homeWorkCommuteMedian":6427,"workHomeCommuteMedian":12688},"geometry":{"type":"Polygon","coordinates":[[[138.61715776908315,-34.85740776908338],[138.61715776908315,-34.848414565446134],[138.62615097272038,-34.848414565446134],[138.62615097272038,-34.85740776908338],[138.61715776908315,-34.85740776908338]]]}},{"type":"Feature","properties":{"jobs":146,"pop":369,"pointCount":2,"homeWorkCommuteMedian":11281,"workHomeCommuteMedian":17664},"geometry":{"type":"Polygon","coordinates":[[[138.61715776908315,-34.848414565446134],[138.61715776908315,-34.83942136180889],[138.62615097272038,-34.83942136180889],[138.62615097272038,-34.848414565446134],[138.61715776908315,-34.848414565446134]]]}},{"type":"Feature","properties":{"jobs":715,"pop":334,"pointCount":2,"homeWorkCommuteMedian":18888,"workHomeCommuteMedian":4694},"geometry":{"type":"Polygon","coordinates":[[[138.61715776908315,-34.83942136180889],[138.61715776908315,-34.83042815817164],[138.62615097272038,-34.83042815817164],[138.62615097272038,-34.83942136180889],[138.61715776908315,-34.83942136180889]]]}},{"type":"Feature","properties":{"jobs":230,"pop":758,"pointCount":3,"homeWorkCommuteMedian":12157,"workHomeCommuteMedian":7434},"geometry":{"type":"Polygon","coordinates":[[[138.61715776908315,-34.83042815817164],[138.61715776908315,-34.821434954534396],[138.62615097272038,-34.821434954534396],[138.62615097272038,-34.83042815817164],[138.61715776908315,-34.83042815817164]]]}},{"type":"Feature","properties":{"jobs":2120,"pop":876,"pointCount":4,"homeWorkCommuteMedian":15877,"workHomeCommuteMedian":11427},"geometry":{"type":"Polygon","coordinates":[[[138.61715776908315,-34.821434954534396],[138.61715776908315,-34.81244175089715],[138.62615097272038,-34.81244175089715],[138.62615097272038,-34.821434954534396],[138.61715776908315,-34.821434954534396]]]}},{"type":"Feature","properties":{"jobs":4131,"pop":430,"pointCount":1,"homeWorkCommuteMedian":11290,"workHomeCommuteMedian":14580},"geometry":{"type":"Polygon","coordinates":[[[138.61715776908315,-34.81244175089715],[138.61715776908315,-34.803448547259904],[138.62615097272038,-34.803448547259904],[138.62615097272038,-34.81244175089715],[138.61715776908315,-34.81244175089715]]]}},{"type":"Feature","properties":{"jobs":435,"pop":795,"pointCount":3,"homeWorkCommuteMedian":22137,"workHomeCommuteMedian":3876},"geometry":{"type":"Polygon","coordinates":[[[138.61715776908315,-34.79445534362266],[138.61715776908315,-34.78546213998541],[138.62615097272038,-34.78546213998541],[138.62615097272038,-34.79445534362266],[138.61715776908315,-34.79445534362266]]]}},{"type":"Feature","properties":{"jobs":248,"pop":951,"pointCount":7,"homeWorkCommuteMedian":18248,"workHomeCommuteMedian":24294},"geometry":{"type":"Polygon","coordinates":[[[138.61715776908315,-34.78546213998541],[138.61715776908315,-34.77646893634817],[138.62615097272038,-34.77646893634817],[138.62615097272038,-34.78546213998541],[138.61715776908315,-34.78546213998541]]]}},{"type":"Feature","properties":{"jobs":442,"pop":463,"pointCount":3,"homeWorkCommuteMedian":19635,"workHomeCommuteMedian":11494},"geometry":{"type":"Polygon","coordinates":[[[138.61715776908315,-34.77646893634817],[138.61715776908315,-34.76747573271092],[138.62615097272038,-34.76747573271092],[138.62615097272038,-34.77646893634817],[138.61715776908315,-34.77646893634817]]]}},{"type":"Feature","properties":{"jobs":704,"pop":832,"pointCount":5,"homeWorkCommuteMedian":11380,"workHomeCommuteMedian":13917},"geometry":{"type":"Polygon","coordinates":[[[138.61715776908315,-34.76747573271092],[138.61715776908315,-34.758482529073675],[138.62615097272038,-34.758482529073675],[138.62615097272038,-34.76747573271092],[138.61715776908315,-34.76747573271092]]]}},{"type":"Feature","properties":{"jobs":0,"pop":636,"pointCount":5,"homeWorkCommuteMedian":13123,"workHomeCommuteMedian":-1},"geometry":{"type":"Polygon","coordinates":[[[138.61715776908315,-34.758482529073675],[138.61715776908315,-34.74948932543643],[138.62615097272038,-34.74948932543643],[138.62615097272038,-34.758482529073675],[138.61715776908315,-34.758482529073675]]]}},{"type":"Feature","properties":{"jobs":91,"pop":946,"pointCount":5,"homeWorkCommuteMedian":20656,"workHomeCommuteMedian":1366},"geometry":{"type":"Polygon","coordinates":[[[138.61715776908315,-34.74948932543643],[138.61715776908315,-34.74049612179918],[138.62615097272038,-34.74049612179918],[138.62615097272038,-34.74948932543643],[138.61715776908315,-34.74948932543643]]]}},{"type":"Feature","properties":{"jobs":94,"pop":450,"pointCount":3,"homeWorkCommuteMedian":25972,"workHomeCommuteMedian":25912},"geometry":{"type":"Polygon","coordinates":[[[138.61715776908315,-34.74049612179918],[138.61715776908315,-34.73150291816194],[138.62615097272038,-34.73150291816194],[138.62615097272038,-34.74049612179918],[138.61715776908315,-34.74049612179918]]]}},{"type":"Feature","properties":{"jobs":0,"pop":316,"pointCount":1,"homeWorkCommuteMedian":25291,"workHomeCommuteMedian":-1},"geometry":{"type":"Polygon","coordinates":[[[138.61715776908315,-34.73150291816194],[138.61715776908315,-34.72250971452469],[138.62615097272038,-34.72250971452469],[138.62615097272038,-34.73150291816194],[138.61715776908315,-34.73150291816194]]]}},{"type":"Feature","properties":{"jobs":0,"pop":147,"pointCount":1,"homeWorkCommuteMedian":48455,"workHomeCommuteMedian":-1},"geometry":{"type":"Polygon","coordinates":[[[138.61715776908315,-34.59660486360325],[138.61715776908315,-34.587611659966],[138.62615097272038,-34.587611659966],[138.62615097272038,-34.59660486360325],[138.61715776908315,-34.59660486360325]]]}},{"type":"Feature","properties":{"jobs":395,"pop":114,"pointCount":1,"homeWorkCommuteMedian":17799,"workHomeCommuteMedian":17270},"geometry":{"type":"Polygon","coordinates":[[[138.62615097272038,-35.19914950729873],[138.62615097272038,-35.19015630366148],[138.6351441763576,-35.19015630366148],[138.6351441763576,-35.19914950729873],[138.62615097272038,-35.19914950729873]]]}},{"type":"Feature","properties":{"jobs":0,"pop":98,"pointCount":1,"homeWorkCommuteMedian":27471,"workHomeCommuteMedian":-1},"geometry":{"type":"Polygon","coordinates":[[[138.62615097272038,-35.118210674563514],[138.62615097272038,-35.10921747092627],[138.6351441763576,-35.10921747092627],[138.6351441763576,-35.118210674563514],[138.62615097272038,-35.118210674563514]]]}},{"type":"Feature","properties":{"jobs":188,"pop":283,"pointCount":1,"homeWorkCommuteMedian":17078,"workHomeCommuteMedian":8487},"geometry":{"type":"Polygon","coordinates":[[[138.62615097272038,-35.046265045465546],[138.62615097272038,-35.0372718418283],[138.6351441763576,-35.0372718418283],[138.6351441763576,-35.046265045465546],[138.62615097272038,-35.046265045465546]]]}},{"type":"Feature","properties":{"jobs":173,"pop":420,"pointCount":2,"homeWorkCommuteMedian":14839,"workHomeCommuteMedian":13615},"geometry":{"type":"Polygon","coordinates":[[[138.62615097272038,-35.0372718418283],[138.62615097272038,-35.028278638191054],[138.6351441763576,-35.028278638191054],[138.6351441763576,-35.0372718418283],[138.62615097272038,-35.0372718418283]]]}},{"type":"Feature","properties":{"jobs":0,"pop":831,"pointCount":3,"homeWorkCommuteMedian":15240,"workHomeCommuteMedian":-1},"geometry":{"type":"Polygon","coordinates":[[[138.62615097272038,-35.028278638191054],[138.62615097272038,-35.01928543455381],[138.6351441763576,-35.01928543455381],[138.6351441763576,-35.028278638191054],[138.62615097272038,-35.028278638191054]]]}},{"type":"Feature","properties":{"jobs":0,"pop":229,"pointCount":1,"homeWorkCommuteMedian":13056,"workHomeCommuteMedian":-1},"geometry":{"type":"Polygon","coordinates":[[[138.62615097272038,-35.01928543455381],[138.62615097272038,-35.01029223091656],[138.6351441763576,-35.01029223091656],[138.6351441763576,-35.01928543455381],[138.62615097272038,-35.01928543455381]]]}},{"type":"Feature","properties":{"jobs":67,"pop":719,"pointCount":3,"homeWorkCommuteMedian":11056,"workHomeCommuteMedian":44265},"geometry":{"type":"Polygon","coordinates":[[[138.62615097272038,-35.01029223091656],[138.62615097272038,-35.001299027279316],[138.6351441763576,-35.001299027279316],[138.6351441763576,-35.01029223091656],[138.62615097272038,-35.01029223091656]]]}},{"type":"Feature","properties":{"jobs":118,"pop":185,"pointCount":2,"homeWorkCommuteMedian":2946,"workHomeCommuteMedian":37392},"geometry":{"type":"Polygon","coordinates":[[[138.62615097272038,-35.001299027279316],[138.62615097272038,-34.99230582364207],[138.6351441763576,-34.99230582364207],[138.6351441763576,-35.001299027279316],[138.62615097272038,-35.001299027279316]]]}},{"type":"Feature","properties":{"jobs":178,"pop":268,"pointCount":1,"homeWorkCommuteMedian":9197,"workHomeCommuteMedian":22645},"geometry":{"type":"Polygon","coordinates":[[[138.62615097272038,-34.983312620004824],[138.62615097272038,-34.97431941636758],[138.6351441763576,-34.97431941636758],[138.6351441763576,-34.983312620004824],[138.62615097272038,-34.983312620004824]]]}},{"type":"Feature","properties":{"jobs":111,"pop":291,"pointCount":1,"homeWorkCommuteMedian":7343,"workHomeCommuteMedian":32767},"geometry":{"type":"Polygon","coordinates":[[[138.62615097272038,-34.97431941636758],[138.62615097272038,-34.96532621273033],[138.6351441763576,-34.96532621273033],[138.6351441763576,-34.97431941636758],[138.62615097272038,-34.97431941636758]]]}},{"type":"Feature","properties":{"jobs":876,"pop":1146,"pointCount":4,"homeWorkCommuteMedian":6985,"workHomeCommuteMedian":14665},"geometry":{"type":"Polygon","coordinates":[[[138.62615097272038,-34.96532621273033],[138.62615097272038,-34.956333009093086],[138.6351441763576,-34.956333009093086],[138.6351441763576,-34.96532621273033],[138.62615097272038,-34.96532621273033]]]}},{"type":"Feature","properties":{"jobs":1725,"pop":1524,"pointCount":5,"homeWorkCommuteMedian":6498,"workHomeCommuteMedian":11973},"geometry":{"type":"Polygon","coordinates":[[[138.62615097272038,-34.956333009093086],[138.62615097272038,-34.94733980545584],[138.6351441763576,-34.94733980545584],[138.6351441763576,-34.956333009093086],[138.62615097272038,-34.956333009093086]]]}},{"type":"Feature","properties":{"jobs":1745,"pop":492,"pointCount":2,"homeWorkCommuteMedian":4274,"workHomeCommuteMedian":10600},"geometry":{"type":"Polygon","coordinates":[[[138.62615097272038,-34.94733980545584],[138.62615097272038,-34.938346601818594],[138.6351441763576,-34.938346601818594],[138.6351441763576,-34.94733980545584],[138.62615097272038,-34.94733980545584]]]}},{"type":"Feature","properties":{"jobs":1396,"pop":1147,"pointCount":4,"homeWorkCommuteMedian":4550,"workHomeCommuteMedian":10482},"geometry":{"type":"Polygon","coordinates":[[[138.62615097272038,-34.938346601818594],[138.62615097272038,-34.92935339818135],[138.6351441763576,-34.92935339818135],[138.6351441763576,-34.938346601818594],[138.62615097272038,-34.938346601818594]]]}},{"type":"Feature","properties":{"jobs":1452,"pop":1086,"pointCount":5,"homeWorkCommuteMedian":4134,"workHomeCommuteMedian":8138},"geometry":{"type":"Polygon","coordinates":[[[138.62615097272038,-34.92935339818135],[138.62615097272038,-34.9203601945441],[138.6351441763576,-34.9203601945441],[138.6351441763576,-34.92935339818135],[138.62615097272038,-34.92935339818135]]]}},{"type":"Feature","properties":{"jobs":2489,"pop":956,"pointCount":5,"homeWorkCommuteMedian":3865,"workHomeCommuteMedian":9159},"geometry":{"type":"Polygon","coordinates":[[[138.62615097272038,-34.9203601945441],[138.62615097272038,-34.911366990906856],[138.6351441763576,-34.911366990906856],[138.6351441763576,-34.9203601945441],[138.62615097272038,-34.9203601945441]]]}},{"type":"Feature","properties":{"jobs":1352,"pop":1180,"pointCount":6,"homeWorkCommuteMedian":5116,"workHomeCommuteMedian":10069},"geometry":{"type":"Polygon","coordinates":[[[138.62615097272038,-34.911366990906856],[138.62615097272038,-34.90237378726961],[138.6351441763576,-34.90237378726961],[138.6351441763576,-34.911366990906856],[138.62615097272038,-34.911366990906856]]]}},{"type":"Feature","properties":{"jobs":131,"pop":759,"pointCount":4,"homeWorkCommuteMedian":4504,"workHomeCommuteMedian":17027},"geometry":{"type":"Polygon","coordinates":[[[138.62615097272038,-34.90237378726961],[138.62615097272038,-34.893380583632364],[138.6351441763576,-34.893380583632364],[138.6351441763576,-34.90237378726961],[138.62615097272038,-34.90237378726961]]]}},{"type":"Feature","properties":{"jobs":743,"pop":1031,"pointCount":4,"homeWorkCommuteMedian":6715,"workHomeCommuteMedian":13576},"geometry":{"type":"Polygon","coordinates":[[[138.62615097272038,-34.893380583632364],[138.62615097272038,-34.88438737999512],[138.6351441763576,-34.88438737999512],[138.6351441763576,-34.893380583632364],[138.62615097272038,-34.893380583632364]]]}},{"type":"Feature","properties":{"jobs":376,"pop":1102,"pointCount":3,"homeWorkCommuteMedian":7696,"workHomeCommuteMedian":20498},"geometry":{"type":"Polygon","coordinates":[[[138.62615097272038,-34.88438737999512],[138.62615097272038,-34.87539417635787],[138.6351441763576,-34.87539417635787],[138.6351441763576,-34.88438737999512],[138.62615097272038,-34.88438737999512]]]}},{"type":"Feature","properties":{"jobs":668,"pop":1210,"pointCount":4,"homeWorkCommuteMedian":10996,"workHomeCommuteMedian":11929},"geometry":{"type":"Polygon","coordinates":[[[138.62615097272038,-34.87539417635787],[138.62615097272038,-34.866400972720626],[138.6351441763576,-34.866400972720626],[138.6351441763576,-34.87539417635787],[138.62615097272038,-34.87539417635787]]]}},{"type":"Feature","properties":{"jobs":336,"pop":2388,"pointCount":5,"homeWorkCommuteMedian":11349,"workHomeCommuteMedian":9587},"geometry":{"type":"Polygon","coordinates":[[[138.62615097272038,-34.866400972720626],[138.62615097272038,-34.85740776908338],[138.6351441763576,-34.85740776908338],[138.6351441763576,-34.866400972720626],[138.62615097272038,-34.866400972720626]]]}},{"type":"Feature","properties":{"jobs":996,"pop":1728,"pointCount":6,"homeWorkCommuteMedian":10220,"workHomeCommuteMedian":8308},"geometry":{"type":"Polygon","coordinates":[[[138.62615097272038,-34.85740776908338],[138.62615097272038,-34.848414565446134],[138.6351441763576,-34.848414565446134],[138.6351441763576,-34.85740776908338],[138.62615097272038,-34.85740776908338]]]}},{"type":"Feature","properties":{"jobs":421,"pop":313,"pointCount":2,"homeWorkCommuteMedian":13636,"workHomeCommuteMedian":7897},"geometry":{"type":"Polygon","coordinates":[[[138.62615097272038,-34.848414565446134],[138.62615097272038,-34.83942136180889],[138.6351441763576,-34.83942136180889],[138.6351441763576,-34.848414565446134],[138.62615097272038,-34.848414565446134]]]}},{"type":"Feature","properties":{"jobs":120,"pop":821,"pointCount":4,"homeWorkCommuteMedian":12615,"workHomeCommuteMedian":39496},"geometry":{"type":"Polygon","coordinates":[[[138.62615097272038,-34.83942136180889],[138.62615097272038,-34.83042815817164],[138.6351441763576,-34.83042815817164],[138.6351441763576,-34.83942136180889],[138.62615097272038,-34.83942136180889]]]}},{"type":"Feature","properties":{"jobs":943,"pop":1203,"pointCount":7,"homeWorkCommuteMedian":14161,"workHomeCommuteMedian":11478},"geometry":{"type":"Polygon","coordinates":[[[138.62615097272038,-34.83042815817164],[138.62615097272038,-34.821434954534396],[138.6351441763576,-34.821434954534396],[138.6351441763576,-34.83042815817164],[138.62615097272038,-34.83042815817164]]]}},{"type":"Feature","properties":{"jobs":558,"pop":417,"pointCount":3,"homeWorkCommuteMedian":9309,"workHomeCommuteMedian":8556},"geometry":{"type":"Polygon","coordinates":[[[138.62615097272038,-34.821434954534396],[138.62615097272038,-34.81244175089715],[138.6351441763576,-34.81244175089715],[138.6351441763576,-34.821434954534396],[138.62615097272038,-34.821434954534396]]]}},{"type":"Feature","properties":{"jobs":1439,"pop":0,"pointCount":1,"homeWorkCommuteMedian":-1,"workHomeCommuteMedian":12340},"geometry":{"type":"Polygon","coordinates":[[[138.62615097272038,-34.803448547259904],[138.62615097272038,-34.79445534362266],[138.6351441763576,-34.79445534362266],[138.6351441763576,-34.803448547259904],[138.62615097272038,-34.803448547259904]]]}},{"type":"Feature","properties":{"jobs":218,"pop":443,"pointCount":3,"homeWorkCommuteMedian":33916,"workHomeCommuteMedian":36549},"geometry":{"type":"Polygon","coordinates":[[[138.62615097272038,-34.78546213998541],[138.62615097272038,-34.77646893634817],[138.6351441763576,-34.77646893634817],[138.6351441763576,-34.78546213998541],[138.62615097272038,-34.78546213998541]]]}},{"type":"Feature","properties":{"jobs":329,"pop":625,"pointCount":4,"homeWorkCommuteMedian":17875,"workHomeCommuteMedian":11494},"geometry":{"type":"Polygon","coordinates":[[[138.62615097272038,-34.77646893634817],[138.62615097272038,-34.76747573271092],[138.6351441763576,-34.76747573271092],[138.6351441763576,-34.77646893634817],[138.62615097272038,-34.77646893634817]]]}},{"type":"Feature","properties":{"jobs":769,"pop":701,"pointCount":3,"homeWorkCommuteMedian":9283,"workHomeCommuteMedian":13349},"geometry":{"type":"Polygon","coordinates":[[[138.62615097272038,-34.76747573271092],[138.62615097272038,-34.758482529073675],[138.6351441763576,-34.758482529073675],[138.6351441763576,-34.76747573271092],[138.62615097272038,-34.76747573271092]]]}},{"type":"Feature","properties":{"jobs":403,"pop":639,"pointCount":4,"homeWorkCommuteMedian":19517,"workHomeCommuteMedian":21483},"geometry":{"type":"Polygon","coordinates":[[[138.62615097272038,-34.758482529073675],[138.62615097272038,-34.74948932543643],[138.6351441763576,-34.74948932543643],[138.6351441763576,-34.758482529073675],[138.62615097272038,-34.758482529073675]]]}},{"type":"Feature","properties":{"jobs":356,"pop":600,"pointCount":3,"homeWorkCommuteMedian":29156,"workHomeCommuteMedian":8034},"geometry":{"type":"Polygon","coordinates":[[[138.62615097272038,-34.74948932543643],[138.62615097272038,-34.74049612179918],[138.6351441763576,-34.74049612179918],[138.6351441763576,-34.74948932543643],[138.62615097272038,-34.74948932543643]]]}},{"type":"Feature","properties":{"jobs":200,"pop":308,"pointCount":1,"homeWorkCommuteMedian":17715,"workHomeCommuteMedian":14383},"geometry":{"type":"Polygon","coordinates":[[[138.62615097272038,-34.74049612179918],[138.62615097272038,-34.73150291816194],[138.6351441763576,-34.73150291816194],[138.6351441763576,-34.74049612179918],[138.62615097272038,-34.74049612179918]]]}},{"type":"Feature","properties":{"jobs":6862,"pop":271,"pointCount":1,"homeWorkCommuteMedian":16230,"workHomeCommuteMedian":18097},"geometry":{"type":"Polygon","coordinates":[[[138.62615097272038,-34.72250971452469],[138.62615097272038,-34.713516510887445],[138.6351441763576,-34.713516510887445],[138.6351441763576,-34.72250971452469],[138.62615097272038,-34.72250971452469]]]}},{"type":"Feature","properties":{"jobs":128,"pop":0,"pointCount":1,"homeWorkCommuteMedian":-1,"workHomeCommuteMedian":5674},"geometry":{"type":"Polygon","coordinates":[[[138.62615097272038,-34.69553010361295],[138.62615097272038,-34.68653689997571],[138.6351441763576,-34.68653689997571],[138.6351441763576,-34.69553010361295],[138.62615097272038,-34.69553010361295]]]}},{"type":"Feature","properties":{"jobs":0,"pop":70,"pointCount":1,"homeWorkCommuteMedian":23221,"workHomeCommuteMedian":-1},"geometry":{"type":"Polygon","coordinates":[[[138.6351441763576,-35.136197081838006],[138.6351441763576,-35.12720387820076],[138.64413737999485,-35.12720387820076],[138.64413737999485,-35.136197081838006],[138.6351441763576,-35.136197081838006]]]}},{"type":"Feature","properties":{"jobs":149,"pop":372,"pointCount":1,"homeWorkCommuteMedian":28153,"workHomeCommuteMedian":9225},"geometry":{"type":"Polygon","coordinates":[[[138.6351441763576,-35.118210674563514],[138.6351441763576,-35.10921747092627],[138.64413737999485,-35.10921747092627],[138.64413737999485,-35.118210674563514],[138.6351441763576,-35.118210674563514]]]}},{"type":"Feature","properties":{"jobs":0,"pop":262,"pointCount":1,"homeWorkCommuteMedian":14515,"workHomeCommuteMedian":-1},"geometry":{"type":"Polygon","coordinates":[[[138.6351441763576,-35.028278638191054],[138.6351441763576,-35.01928543455381],[138.64413737999485,-35.01928543455381],[138.64413737999485,-35.028278638191054],[138.6351441763576,-35.028278638191054]]]}},{"type":"Feature","properties":{"jobs":0,"pop":337,"pointCount":1,"homeWorkCommuteMedian":6381,"workHomeCommuteMedian":-1},"geometry":{"type":"Polygon","coordinates":[[[138.6351441763576,-35.01928543455381],[138.6351441763576,-35.01029223091656],[138.64413737999485,-35.01029223091656],[138.64413737999485,-35.01928543455381],[138.6351441763576,-35.01928543455381]]]}},{"type":"Feature","properties":{"jobs":1972,"pop":441,"pointCount":3,"homeWorkCommuteMedian":9764,"workHomeCommuteMedian":10870},"geometry":{"type":"Polygon","coordinates":[[[138.6351441763576,-34.97431941636758],[138.6351441763576,-34.96532621273033],[138.64413737999485,-34.96532621273033],[138.64413737999485,-34.97431941636758],[138.6351441763576,-34.97431941636758]]]}},{"type":"Feature","properties":{"jobs":334,"pop":481,"pointCount":3,"homeWorkCommuteMedian":4819,"workHomeCommuteMedian":9969},"geometry":{"type":"Polygon","coordinates":[[[138.6351441763576,-34.96532621273033],[138.6351441763576,-34.956333009093086],[138.64413737999485,-34.956333009093086],[138.64413737999485,-34.96532621273033],[138.6351441763576,-34.96532621273033]]]}},{"type":"Feature","properties":{"jobs":1411,"pop":801,"pointCount":4,"homeWorkCommuteMedian":13666,"workHomeCommuteMedian":13928},"geometry":{"type":"Polygon","coordinates":[[[138.6351441763576,-34.956333009093086],[138.6351441763576,-34.94733980545584],[138.64413737999485,-34.94733980545584],[138.64413737999485,-34.956333009093086],[138.6351441763576,-34.956333009093086]]]}},{"type":"Feature","properties":{"jobs":1161,"pop":1273,"pointCount":5,"homeWorkCommuteMedian":5587,"workHomeCommuteMedian":13704},"geometry":{"type":"Polygon","coordinates":[[[138.6351441763576,-34.94733980545584],[138.6351441763576,-34.938346601818594],[138.64413737999485,-34.938346601818594],[138.64413737999485,-34.94733980545584],[138.6351441763576,-34.94733980545584]]]}},{"type":"Feature","properties":{"jobs":902,"pop":979,"pointCount":4,"homeWorkCommuteMedian":4158,"workHomeCommuteMedian":8242},"geometry":{"type":"Polygon","coordinates":[[[138.6351441763576,-34.938346601818594],[138.6351441763576,-34.92935339818135],[138.64413737999485,-34.92935339818135],[138.64413737999485,-34.938346601818594],[138.6351441763576,-34.938346601818594]]]}},{"type":"Feature","properties":{"jobs":518,"pop":612,"pointCount":3,"homeWorkCommuteMedian":4971,"workHomeCommuteMedian":15267},"geometry":{"type":"Polygon","coordinates":[[[138.6351441763576,-34.92935339818135],[138.6351441763576,-34.9203601945441],[138.64413737999485,-34.9203601945441],[138.64413737999485,-34.92935339818135],[138.6351441763576,-34.92935339818135]]]}},{"type":"Feature","properties":{"jobs":2645,"pop":1554,"pointCount":6,"homeWorkCommuteMedian":4963,"workHomeCommuteMedian":6082},"geometry":{"type":"Polygon","coordinates":[[[138.6351441763576,-34.9203601945441],[138.6351441763576,-34.911366990906856],[138.64413737999485,-34.911366990906856],[138.64413737999485,-34.9203601945441],[138.6351441763576,-34.9203601945441]]]}},{"type":"Feature","properties":{"jobs":968,"pop":1466,"pointCount":5,"homeWorkCommuteMedian":5920,"workHomeCommuteMedian":7048},"geometry":{"type":"Polygon","coordinates":[[[138.6351441763576,-34.911366990906856],[138.6351441763576,-34.90237378726961],[138.64413737999485,-34.90237378726961],[138.64413737999485,-34.911366990906856],[138.6351441763576,-34.911366990906856]]]}},{"type":"Feature","properties":{"jobs":884,"pop":1813,"pointCount":6,"homeWorkCommuteMedian":6239,"workHomeCommuteMedian":6369},"geometry":{"type":"Polygon","coordinates":[[[138.6351441763576,-34.90237378726961],[138.6351441763576,-34.893380583632364],[138.64413737999485,-34.893380583632364],[138.64413737999485,-34.90237378726961],[138.6351441763576,-34.90237378726961]]]}},{"type":"Feature","properties":{"jobs":779,"pop":826,"pointCount":3,"homeWorkCommuteMedian":7849,"workHomeCommuteMedian":12032},"geometry":{"type":"Polygon","coordinates":[[[138.6351441763576,-34.893380583632364],[138.6351441763576,-34.88438737999512],[138.64413737999485,-34.88438737999512],[138.64413737999485,-34.893380583632364],[138.6351441763576,-34.893380583632364]]]}},{"type":"Feature","properties":{"jobs":320,"pop":870,"pointCount":4,"homeWorkCommuteMedian":7514,"workHomeCommuteMedian":40356},"geometry":{"type":"Polygon","coordinates":[[[138.6351441763576,-34.88438737999512],[138.6351441763576,-34.87539417635787],[138.64413737999485,-34.87539417635787],[138.64413737999485,-34.88438737999512],[138.6351441763576,-34.88438737999512]]]}},{"type":"Feature","properties":{"jobs":639,"pop":1583,"pointCount":5,"homeWorkCommuteMedian":9258,"workHomeCommuteMedian":9543},"geometry":{"type":"Polygon","coordinates":[[[138.6351441763576,-34.87539417635787],[138.6351441763576,-34.866400972720626],[138.64413737999485,-34.866400972720626],[138.64413737999485,-34.87539417635787],[138.6351441763576,-34.87539417635787]]]}},{"type":"Feature","properties":{"jobs":780,"pop":1359,"pointCount":5,"homeWorkCommuteMedian":8671,"workHomeCommuteMedian":13361},"geometry":{"type":"Polygon","coordinates":[[[138.6351441763576,-34.866400972720626],[138.6351441763576,-34.85740776908338],[138.64413737999485,-34.85740776908338],[138.64413737999485,-34.866400972720626],[138.6351441763576,-34.866400972720626]]]}},{"type":"Feature","properties":{"jobs":329,"pop":297,"pointCount":3,"homeWorkCommuteMedian":9914,"workHomeCommuteMedian":9821},"geometry":{"type":"Polygon","coordinates":[[[138.6351441763576,-34.85740776908338],[138.6351441763576,-34.848414565446134],[138.64413737999485,-34.848414565446134],[138.64413737999485,-34.85740776908338],[138.6351441763576,-34.85740776908338]]]}},{"type":"Feature","properties":{"jobs":194,"pop":503,"pointCount":2,"homeWorkCommuteMedian":14103,"workHomeCommuteMedian":7152},"geometry":{"type":"Polygon","coordinates":[[[138.6351441763576,-34.848414565446134],[138.6351441763576,-34.83942136180889],[138.64413737999485,-34.83942136180889],[138.64413737999485,-34.848414565446134],[138.6351441763576,-34.848414565446134]]]}},{"type":"Feature","properties":{"jobs":0,"pop":1008,"pointCount":6,"homeWorkCommuteMedian":8647,"workHomeCommuteMedian":-1},"geometry":{"type":"Polygon","coordinates":[[[138.6351441763576,-34.83942136180889],[138.6351441763576,-34.83042815817164],[138.64413737999485,-34.83042815817164],[138.64413737999485,-34.83942136180889],[138.6351441763576,-34.83942136180889]]]}},{"type":"Feature","properties":{"jobs":835,"pop":820,"pointCount":4,"homeWorkCommuteMedian":5751,"workHomeCommuteMedian":8793},"geometry":{"type":"Polygon","coordinates":[[[138.6351441763576,-34.83042815817164],[138.6351441763576,-34.821434954534396],[138.64413737999485,-34.821434954534396],[138.64413737999485,-34.83042815817164],[138.6351441763576,-34.83042815817164]]]}},{"type":"Feature","properties":{"jobs":1193,"pop":433,"pointCount":2,"homeWorkCommuteMedian":16886,"workHomeCommuteMedian":12353},"geometry":{"type":"Polygon","coordinates":[[[138.6351441763576,-34.81244175089715],[138.6351441763576,-34.803448547259904],[138.64413737999485,-34.803448547259904],[138.64413737999485,-34.81244175089715],[138.6351441763576,-34.81244175089715]]]}},{"type":"Feature","properties":{"jobs":2896,"pop":0,"pointCount":1,"homeWorkCommuteMedian":-1,"workHomeCommuteMedian":9057},"geometry":{"type":"Polygon","coordinates":[[[138.6351441763576,-34.78546213998541],[138.6351441763576,-34.77646893634817],[138.64413737999485,-34.77646893634817],[138.64413737999485,-34.78546213998541],[138.6351441763576,-34.78546213998541]]]}},{"type":"Feature","properties":{"jobs":391,"pop":313,"pointCount":2,"homeWorkCommuteMedian":7456,"workHomeCommuteMedian":12827},"geometry":{"type":"Polygon","coordinates":[[[138.6351441763576,-34.77646893634817],[138.6351441763576,-34.76747573271092],[138.64413737999485,-34.76747573271092],[138.64413737999485,-34.77646893634817],[138.6351441763576,-34.77646893634817]]]}},{"type":"Feature","properties":{"jobs":387,"pop":560,"pointCount":3,"homeWorkCommuteMedian":10855,"workHomeCommuteMedian":5306},"geometry":{"type":"Polygon","coordinates":[[[138.6351441763576,-34.76747573271092],[138.6351441763576,-34.758482529073675],[138.64413737999485,-34.758482529073675],[138.64413737999485,-34.76747573271092],[138.6351441763576,-34.76747573271092]]]}},{"type":"Feature","properties":{"jobs":0,"pop":370,"pointCount":3,"homeWorkCommuteMedian":17498,"workHomeCommuteMedian":-1},"geometry":{"type":"Polygon","coordinates":[[[138.6351441763576,-34.758482529073675],[138.6351441763576,-34.74948932543643],[138.64413737999485,-34.74948932543643],[138.64413737999485,-34.758482529073675],[138.6351441763576,-34.758482529073675]]]}},{"type":"Feature","properties":{"jobs":152,"pop":141,"pointCount":1,"homeWorkCommuteMedian":5168,"workHomeCommuteMedian":19845},"geometry":{"type":"Polygon","coordinates":[[[138.6351441763576,-34.74948932543643],[138.6351441763576,-34.74049612179918],[138.64413737999485,-34.74049612179918],[138.64413737999485,-34.74948932543643],[138.6351441763576,-34.74948932543643]]]}},{"type":"Feature","properties":{"jobs":1487,"pop":50,"pointCount":1,"homeWorkCommuteMedian":13782,"workHomeCommuteMedian":20199},"geometry":{"type":"Polygon","coordinates":[[[138.6351441763576,-34.74049612179918],[138.6351441763576,-34.73150291816194],[138.64413737999485,-34.73150291816194],[138.64413737999485,-34.74049612179918],[138.6351441763576,-34.74049612179918]]]}},{"type":"Feature","properties":{"jobs":0,"pop":403,"pointCount":2,"homeWorkCommuteMedian":11172,"workHomeCommuteMedian":-1},"geometry":{"type":"Polygon","coordinates":[[[138.6351441763576,-34.65056408542672],[138.6351441763576,-34.64157088178948],[138.64413737999485,-34.64157088178948],[138.64413737999485,-34.65056408542672],[138.6351441763576,-34.65056408542672]]]}},{"type":"Feature","properties":{"jobs":0,"pop":438,"pointCount":1,"homeWorkCommuteMedian":35250,"workHomeCommuteMedian":-1},"geometry":{"type":"Polygon","coordinates":[[[138.6351441763576,-34.64157088178948],[138.6351441763576,-34.63257767815223],[138.64413737999485,-34.63257767815223],[138.64413737999485,-34.64157088178948],[138.6351441763576,-34.64157088178948]]]}},{"type":"Feature","properties":{"jobs":0,"pop":106,"pointCount":1,"homeWorkCommuteMedian":25798,"workHomeCommuteMedian":-1},"geometry":{"type":"Polygon","coordinates":[[[138.64413737999485,-35.14519028547525],[138.64413737999485,-35.136197081838006],[138.65313058363208,-35.136197081838006],[138.65313058363208,-35.14519028547525],[138.64413737999485,-35.14519028547525]]]}},{"type":"Feature","properties":{"jobs":0,"pop":159,"pointCount":1,"homeWorkCommuteMedian":18768,"workHomeCommuteMedian":-1},"geometry":{"type":"Polygon","coordinates":[[[138.64413737999485,-35.05525824910279],[138.64413737999485,-35.046265045465546],[138.65313058363208,-35.046265045465546],[138.65313058363208,-35.05525824910279],[138.64413737999485,-35.05525824910279]]]}},{"type":"Feature","properties":{"jobs":330,"pop":115,"pointCount":1,"homeWorkCommuteMedian":8377,"workHomeCommuteMedian":7986},"geometry":{"type":"Polygon","coordinates":[[[138.64413737999485,-35.0372718418283],[138.64413737999485,-35.028278638191054],[138.65313058363208,-35.028278638191054],[138.65313058363208,-35.0372718418283],[138.64413737999485,-35.0372718418283]]]}},{"type":"Feature","properties":{"jobs":0,"pop":352,"pointCount":1,"homeWorkCommuteMedian":8850,"workHomeCommuteMedian":-1},"geometry":{"type":"Polygon","coordinates":[[[138.64413737999485,-35.001299027279316],[138.64413737999485,-34.99230582364207],[138.65313058363208,-34.99230582364207],[138.65313058363208,-35.001299027279316],[138.64413737999485,-35.001299027279316]]]}},{"type":"Feature","properties":{"jobs":446,"pop":145,"pointCount":1,"homeWorkCommuteMedian":33382,"workHomeCommuteMedian":11318},"geometry":{"type":"Polygon","coordinates":[[[138.64413737999485,-34.97431941636758],[138.64413737999485,-34.96532621273033],[138.65313058363208,-34.96532621273033],[138.65313058363208,-34.97431941636758],[138.64413737999485,-34.97431941636758]]]}},{"type":"Feature","properties":{"jobs":127,"pop":1041,"pointCount":3,"homeWorkCommuteMedian":13447,"workHomeCommuteMedian":13593},"geometry":{"type":"Polygon","coordinates":[[[138.64413737999485,-34.96532621273033],[138.64413737999485,-34.956333009093086],[138.65313058363208,-34.956333009093086],[138.65313058363208,-34.96532621273033],[138.64413737999485,-34.96532621273033]]]}},{"type":"Feature","properties":{"jobs":0,"pop":889,"pointCount":3,"homeWorkCommuteMedian":10117,"workHomeCommuteMedian":-1},"geometry":{"type":"Polygon","coordinates":[[[138.64413737999485,-34.956333009093086],[138.64413737999485,-34.94733980545584],[138.65313058363208,-34.94733980545584],[138.65313058363208,-34.956333009093086],[138.64413737999485,-34.956333009093086]]]}},{"type":"Feature","properties":{"jobs":898,"pop":1172,"pointCount":4,"homeWorkCommuteMedian":8057,"workHomeCommuteMedian":11292},"geometry":{"type":"Polygon","coordinates":[[[138.64413737999485,-34.94733980545584],[138.64413737999485,-34.938346601818594],[138.65313058363208,-34.938346601818594],[138.65313058363208,-34.94733980545584],[138.64413737999485,-34.94733980545584]]]}},{"type":"Feature","properties":{"jobs":812,"pop":911,"pointCount":4,"homeWorkCommuteMedian":5496,"workHomeCommuteMedian":15260},"geometry":{"type":"Polygon","coordinates":[[[138.64413737999485,-34.938346601818594],[138.64413737999485,-34.92935339818135],[138.65313058363208,-34.92935339818135],[138.65313058363208,-34.938346601818594],[138.64413737999485,-34.938346601818594]]]}},{"type":"Feature","properties":{"jobs":1409,"pop":1157,"pointCount":5,"homeWorkCommuteMedian":6619,"workHomeCommuteMedian":11684},"geometry":{"type":"Polygon","coordinates":[[[138.64413737999485,-34.92935339818135],[138.64413737999485,-34.9203601945441],[138.65313058363208,-34.9203601945441],[138.65313058363208,-34.92935339818135],[138.64413737999485,-34.92935339818135]]]}},{"type":"Feature","properties":{"jobs":913,"pop":1174,"pointCount":6,"homeWorkCommuteMedian":6424,"workHomeCommuteMedian":7786},"geometry":{"type":"Polygon","coordinates":[[[138.64413737999485,-34.9203601945441],[138.64413737999485,-34.911366990906856],[138.65313058363208,-34.911366990906856],[138.65313058363208,-34.9203601945441],[138.64413737999485,-34.9203601945441]]]}},{"type":"Feature","properties":{"jobs":770,"pop":1177,"pointCount":6,"homeWorkCommuteMedian":8048,"workHomeCommuteMedian":10022},"geometry":{"type":"Polygon","coordinates":[[[138.64413737999485,-34.911366990906856],[138.64413737999485,-34.90237378726961],[138.65313058363208,-34.90237378726961],[138.65313058363208,-34.911366990906856],[138.64413737999485,-34.911366990906856]]]}},{"type":"Feature","properties":{"jobs":1290,"pop":565,"pointCount":3,"homeWorkCommuteMedian":4919,"workHomeCommuteMedian":12128},"geometry":{"type":"Polygon","coordinates":[[[138.64413737999485,-34.90237378726961],[138.64413737999485,-34.893380583632364],[138.65313058363208,-34.893380583632364],[138.65313058363208,-34.90237378726961],[138.64413737999485,-34.90237378726961]]]}},{"type":"Feature","properties":{"jobs":979,"pop":913,"pointCount":5,"homeWorkCommuteMedian":7239,"workHomeCommuteMedian":8647},"geometry":{"type":"Polygon","coordinates":[[[138.64413737999485,-34.893380583632364],[138.64413737999485,-34.88438737999512],[138.65313058363208,-34.88438737999512],[138.65313058363208,-34.893380583632364],[138.64413737999485,-34.893380583632364]]]}},{"type":"Feature","properties":{"jobs":1133,"pop":953,"pointCount":3,"homeWorkCommuteMedian":7909,"workHomeCommuteMedian":11290},"geometry":{"type":"Polygon","coordinates":[[[138.64413737999485,-34.88438737999512],[138.64413737999485,-34.87539417635787],[138.65313058363208,-34.87539417635787],[138.65313058363208,-34.88438737999512],[138.64413737999485,-34.88438737999512]]]}},{"type":"Feature","properties":{"jobs":393,"pop":806,"pointCount":3,"homeWorkCommuteMedian":10638,"workHomeCommuteMedian":6617},"geometry":{"type":"Polygon","coordinates":[[[138.64413737999485,-34.87539417635787],[138.64413737999485,-34.866400972720626],[138.65313058363208,-34.866400972720626],[138.65313058363208,-34.87539417635787],[138.64413737999485,-34.87539417635787]]]}},{"type":"Feature","properties":{"jobs":688,"pop":549,"pointCount":2,"homeWorkCommuteMedian":10366,"workHomeCommuteMedian":8609},"geometry":{"type":"Polygon","coordinates":[[[138.64413737999485,-34.866400972720626],[138.64413737999485,-34.85740776908338],[138.65313058363208,-34.85740776908338],[138.65313058363208,-34.866400972720626],[138.64413737999485,-34.866400972720626]]]}},{"type":"Feature","properties":{"jobs":992,"pop":1259,"pointCount":6,"homeWorkCommuteMedian":11514,"workHomeCommuteMedian":6836},"geometry":{"type":"Polygon","coordinates":[[[138.64413737999485,-34.85740776908338],[138.64413737999485,-34.848414565446134],[138.65313058363208,-34.848414565446134],[138.65313058363208,-34.85740776908338],[138.64413737999485,-34.85740776908338]]]}},{"type":"Feature","properties":{"jobs":0,"pop":376,"pointCount":2,"homeWorkCommuteMedian":12516,"workHomeCommuteMedian":-1},"geometry":{"type":"Polygon","coordinates":[[[138.64413737999485,-34.848414565446134],[138.64413737999485,-34.83942136180889],[138.65313058363208,-34.83942136180889],[138.65313058363208,-34.848414565446134],[138.64413737999485,-34.848414565446134]]]}},{"type":"Feature","properties":{"jobs":0,"pop":594,"pointCount":4,"homeWorkCommuteMedian":13877,"workHomeCommuteMedian":-1},"geometry":{"type":"Polygon","coordinates":[[[138.64413737999485,-34.83942136180889],[138.64413737999485,-34.83042815817164],[138.65313058363208,-34.83042815817164],[138.65313058363208,-34.83942136180889],[138.64413737999485,-34.83942136180889]]]}},{"type":"Feature","properties":{"jobs":236,"pop":783,"pointCount":4,"homeWorkCommuteMedian":6920,"workHomeCommuteMedian":7450},"geometry":{"type":"Polygon","coordinates":[[[138.64413737999485,-34.83042815817164],[138.64413737999485,-34.821434954534396],[138.65313058363208,-34.821434954534396],[138.65313058363208,-34.83042815817164],[138.64413737999485,-34.83042815817164]]]}},{"type":"Feature","properties":{"jobs":328,"pop":1066,"pointCount":4,"homeWorkCommuteMedian":13400,"workHomeCommuteMedian":5168},"geometry":{"type":"Polygon","coordinates":[[[138.64413737999485,-34.821434954534396],[138.64413737999485,-34.81244175089715],[138.65313058363208,-34.81244175089715],[138.65313058363208,-34.821434954534396],[138.64413737999485,-34.821434954534396]]]}},{"type":"Feature","properties":{"jobs":0,"pop":589,"pointCount":3,"homeWorkCommuteMedian":15389,"workHomeCommuteMedian":-1},"geometry":{"type":"Polygon","coordinates":[[[138.64413737999485,-34.81244175089715],[138.64413737999485,-34.803448547259904],[138.65313058363208,-34.803448547259904],[138.65313058363208,-34.81244175089715],[138.64413737999485,-34.81244175089715]]]}},{"type":"Feature","properties":{"jobs":173,"pop":1049,"pointCount":4,"homeWorkCommuteMedian":16484,"workHomeCommuteMedian":9271},"geometry":{"type":"Polygon","coordinates":[[[138.64413737999485,-34.803448547259904],[138.64413737999485,-34.79445534362266],[138.65313058363208,-34.79445534362266],[138.65313058363208,-34.803448547259904],[138.64413737999485,-34.803448547259904]]]}},{"type":"Feature","properties":{"jobs":0,"pop":230,"pointCount":2,"homeWorkCommuteMedian":16768,"workHomeCommuteMedian":-1},"geometry":{"type":"Polygon","coordinates":[[[138.64413737999485,-34.79445534362266],[138.64413737999485,-34.78546213998541],[138.65313058363208,-34.78546213998541],[138.65313058363208,-34.79445534362266],[138.64413737999485,-34.79445534362266]]]}},{"type":"Feature","properties":{"jobs":0,"pop":222,"pointCount":2,"homeWorkCommuteMedian":17595,"workHomeCommuteMedian":-1},"geometry":{"type":"Polygon","coordinates":[[[138.64413737999485,-34.78546213998541],[138.64413737999485,-34.77646893634817],[138.65313058363208,-34.77646893634817],[138.65313058363208,-34.78546213998541],[138.64413737999485,-34.78546213998541]]]}},{"type":"Feature","properties":{"jobs":389,"pop":755,"pointCount":4,"homeWorkCommuteMedian":18829,"workHomeCommuteMedian":13800},"geometry":{"type":"Polygon","coordinates":[[[138.64413737999485,-34.77646893634817],[138.64413737999485,-34.76747573271092],[138.65313058363208,-34.76747573271092],[138.65313058363208,-34.77646893634817],[138.64413737999485,-34.77646893634817]]]}},{"type":"Feature","properties":{"jobs":2045,"pop":313,"pointCount":4,"homeWorkCommuteMedian":16012,"workHomeCommuteMedian":8290},"geometry":{"type":"Polygon","coordinates":[[[138.64413737999485,-34.76747573271092],[138.64413737999485,-34.758482529073675],[138.65313058363208,-34.758482529073675],[138.65313058363208,-34.76747573271092],[138.64413737999485,-34.76747573271092]]]}},{"type":"Feature","properties":{"jobs":519,"pop":366,"pointCount":2,"homeWorkCommuteMedian":21605,"workHomeCommuteMedian":11491},"geometry":{"type":"Polygon","coordinates":[[[138.64413737999485,-34.758482529073675],[138.64413737999485,-34.74948932543643],[138.65313058363208,-34.74948932543643],[138.65313058363208,-34.758482529073675],[138.64413737999485,-34.758482529073675]]]}},{"type":"Feature","properties":{"jobs":99,"pop":316,"pointCount":1,"homeWorkCommuteMedian":20248,"workHomeCommuteMedian":13356},"geometry":{"type":"Polygon","coordinates":[[[138.64413737999485,-34.69553010361295],[138.64413737999485,-34.68653689997571],[138.65313058363208,-34.68653689997571],[138.65313058363208,-34.69553010361295],[138.64413737999485,-34.69553010361295]]]}},{"type":"Feature","properties":{"jobs":0,"pop":278,"pointCount":1,"homeWorkCommuteMedian":12051,"workHomeCommuteMedian":-1},"geometry":{"type":"Polygon","coordinates":[[[138.64413737999485,-34.68653689997571],[138.64413737999485,-34.67754369633846],[138.65313058363208,-34.67754369633846],[138.65313058363208,-34.68653689997571],[138.64413737999485,-34.68653689997571]]]}},{"type":"Feature","properties":{"jobs":669,"pop":386,"pointCount":1,"homeWorkCommuteMedian":21266,"workHomeCommuteMedian":14648},"geometry":{"type":"Polygon","coordinates":[[[138.64413737999485,-34.668550492701215],[138.64413737999485,-34.65955728906397],[138.65313058363208,-34.65955728906397],[138.65313058363208,-34.668550492701215],[138.64413737999485,-34.668550492701215]]]}},{"type":"Feature","properties":{"jobs":0,"pop":346,"pointCount":2,"homeWorkCommuteMedian":32478,"workHomeCommuteMedian":-1},"geometry":{"type":"Polygon","coordinates":[[[138.64413737999485,-34.65056408542672],[138.64413737999485,-34.64157088178948],[138.65313058363208,-34.64157088178948],[138.65313058363208,-34.65056408542672],[138.64413737999485,-34.65056408542672]]]}},{"type":"Feature","properties":{"jobs":0,"pop":269,"pointCount":1,"homeWorkCommuteMedian":33328,"workHomeCommuteMedian":-1},"geometry":{"type":"Polygon","coordinates":[[[138.64413737999485,-34.64157088178948],[138.64413737999485,-34.63257767815223],[138.65313058363208,-34.63257767815223],[138.65313058363208,-34.64157088178948],[138.64413737999485,-34.64157088178948]]]}},{"type":"Feature","properties":{"jobs":130,"pop":157,"pointCount":1,"homeWorkCommuteMedian":25093,"workHomeCommuteMedian":47062},"geometry":{"type":"Polygon","coordinates":[[[138.65313058363208,-35.073244656377284],[138.65313058363208,-35.06425145274004],[138.6621237872693,-35.06425145274004],[138.6621237872693,-35.073244656377284],[138.65313058363208,-35.073244656377284]]]}},{"type":"Feature","properties":{"jobs":0,"pop":101,"pointCount":1,"homeWorkCommuteMedian":6692,"workHomeCommuteMedian":-1},"geometry":{"type":"Polygon","coordinates":[[[138.65313058363208,-34.99230582364207],[138.65313058363208,-34.983312620004824],[138.6621237872693,-34.983312620004824],[138.6621237872693,-34.99230582364207],[138.65313058363208,-34.99230582364207]]]}},{"type":"Feature","properties":{"jobs":0,"pop":560,"pointCount":3,"homeWorkCommuteMedian":15063,"workHomeCommuteMedian":-1},"geometry":{"type":"Polygon","coordinates":[[[138.65313058363208,-34.956333009093086],[138.65313058363208,-34.94733980545584],[138.6621237872693,-34.94733980545584],[138.6621237872693,-34.956333009093086],[138.65313058363208,-34.956333009093086]]]}},{"type":"Feature","properties":{"jobs":124,"pop":857,"pointCount":5,"homeWorkCommuteMedian":6848,"workHomeCommuteMedian":8894},"geometry":{"type":"Polygon","coordinates":[[[138.65313058363208,-34.94733980545584],[138.65313058363208,-34.938346601818594],[138.6621237872693,-34.938346601818594],[138.6621237872693,-34.94733980545584],[138.65313058363208,-34.94733980545584]]]}},{"type":"Feature","properties":{"jobs":227,"pop":1085,"pointCount":5,"homeWorkCommuteMedian":6684,"workHomeCommuteMedian":13151},"geometry":{"type":"Polygon","coordinates":[[[138.65313058363208,-34.938346601818594],[138.65313058363208,-34.92935339818135],[138.6621237872693,-34.92935339818135],[138.6621237872693,-34.938346601818594],[138.65313058363208,-34.938346601818594]]]}},{"type":"Feature","properties":{"jobs":631,"pop":817,"pointCount":4,"homeWorkCommuteMedian":6074,"workHomeCommuteMedian":5356},"geometry":{"type":"Polygon","coordinates":[[[138.65313058363208,-34.92935339818135],[138.65313058363208,-34.9203601945441],[138.6621237872693,-34.9203601945441],[138.6621237872693,-34.92935339818135],[138.65313058363208,-34.92935339818135]]]}},{"type":"Feature","properties":{"jobs":556,"pop":1024,"pointCount":4,"homeWorkCommuteMedian":6950,"workHomeCommuteMedian":20026},"geometry":{"type":"Polygon","coordinates":[[[138.65313058363208,-34.9203601945441],[138.65313058363208,-34.911366990906856],[138.6621237872693,-34.911366990906856],[138.6621237872693,-34.9203601945441],[138.65313058363208,-34.9203601945441]]]}},{"type":"Feature","properties":{"jobs":462,"pop":1426,"pointCount":3,"homeWorkCommuteMedian":8372,"workHomeCommuteMedian":15710},"geometry":{"type":"Polygon","coordinates":[[[138.65313058363208,-34.911366990906856],[138.65313058363208,-34.90237378726961],[138.6621237872693,-34.90237378726961],[138.6621237872693,-34.911366990906856],[138.65313058363208,-34.911366990906856]]]}},{"type":"Feature","properties":{"jobs":1443,"pop":986,"pointCount":4,"homeWorkCommuteMedian":13033,"workHomeCommuteMedian":17046},"geometry":{"type":"Polygon","coordinates":[[[138.65313058363208,-34.90237378726961],[138.65313058363208,-34.893380583632364],[138.6621237872693,-34.893380583632364],[138.6621237872693,-34.90237378726961],[138.65313058363208,-34.90237378726961]]]}},{"type":"Feature","properties":{"jobs":399,"pop":1052,"pointCount":3,"homeWorkCommuteMedian":9130,"workHomeCommuteMedian":7068},"geometry":{"type":"Polygon","coordinates":[[[138.65313058363208,-34.893380583632364],[138.65313058363208,-34.88438737999512],[138.6621237872693,-34.88438737999512],[138.6621237872693,-34.893380583632364],[138.65313058363208,-34.893380583632364]]]}},{"type":"Feature","properties":{"jobs":448,"pop":1231,"pointCount":5,"homeWorkCommuteMedian":8522,"workHomeCommuteMedian":10201},"geometry":{"type":"Polygon","coordinates":[[[138.65313058363208,-34.88438737999512],[138.65313058363208,-34.87539417635787],[138.6621237872693,-34.87539417635787],[138.6621237872693,-34.88438737999512],[138.65313058363208,-34.88438737999512]]]}},{"type":"Feature","properties":{"jobs":181,"pop":776,"pointCount":4,"homeWorkCommuteMedian":10734,"workHomeCommuteMedian":6930},"geometry":{"type":"Polygon","coordinates":[[[138.65313058363208,-34.87539417635787],[138.65313058363208,-34.866400972720626],[138.6621237872693,-34.866400972720626],[138.6621237872693,-34.87539417635787],[138.65313058363208,-34.87539417635787]]]}},{"type":"Feature","properties":{"jobs":305,"pop":1124,"pointCount":3,"homeWorkCommuteMedian":10518,"workHomeCommuteMedian":4707},"geometry":{"type":"Polygon","coordinates":[[[138.65313058363208,-34.866400972720626],[138.65313058363208,-34.85740776908338],[138.6621237872693,-34.85740776908338],[138.6621237872693,-34.866400972720626],[138.65313058363208,-34.866400972720626]]]}},{"type":"Feature","properties":{"jobs":629,"pop":855,"pointCount":4,"homeWorkCommuteMedian":18756,"workHomeCommuteMedian":5038},"geometry":{"type":"Polygon","coordinates":[[[138.65313058363208,-34.85740776908338],[138.65313058363208,-34.848414565446134],[138.6621237872693,-34.848414565446134],[138.6621237872693,-34.85740776908338],[138.65313058363208,-34.85740776908338]]]}},{"type":"Feature","properties":{"jobs":523,"pop":1092,"pointCount":5,"homeWorkCommuteMedian":10085,"workHomeCommuteMedian":7578},"geometry":{"type":"Polygon","coordinates":[[[138.65313058363208,-34.848414565446134],[138.65313058363208,-34.83942136180889],[138.6621237872693,-34.83942136180889],[138.6621237872693,-34.848414565446134],[138.65313058363208,-34.848414565446134]]]}},{"type":"Feature","properties":{"jobs":330,"pop":904,"pointCount":5,"homeWorkCommuteMedian":13490,"workHomeCommuteMedian":5972},"geometry":{"type":"Polygon","coordinates":[[[138.65313058363208,-34.83942136180889],[138.65313058363208,-34.83042815817164],[138.6621237872693,-34.83042815817164],[138.6621237872693,-34.83942136180889],[138.65313058363208,-34.83942136180889]]]}},{"type":"Feature","properties":{"jobs":594,"pop":509,"pointCount":3,"homeWorkCommuteMedian":13227,"workHomeCommuteMedian":8782},"geometry":{"type":"Polygon","coordinates":[[[138.65313058363208,-34.83042815817164],[138.65313058363208,-34.821434954534396],[138.6621237872693,-34.821434954534396],[138.6621237872693,-34.83042815817164],[138.65313058363208,-34.83042815817164]]]}},{"type":"Feature","properties":{"jobs":180,"pop":665,"pointCount":4,"homeWorkCommuteMedian":13392,"workHomeCommuteMedian":6907},"geometry":{"type":"Polygon","coordinates":[[[138.65313058363208,-34.821434954534396],[138.65313058363208,-34.81244175089715],[138.6621237872693,-34.81244175089715],[138.6621237872693,-34.821434954534396],[138.65313058363208,-34.821434954534396]]]}},{"type":"Feature","properties":{"jobs":0,"pop":735,"pointCount":3,"homeWorkCommuteMedian":8308,"workHomeCommuteMedian":-1},"geometry":{"type":"Polygon","coordinates":[[[138.65313058363208,-34.81244175089715],[138.65313058363208,-34.803448547259904],[138.6621237872693,-34.803448547259904],[138.6621237872693,-34.81244175089715],[138.65313058363208,-34.81244175089715]]]}},{"type":"Feature","properties":{"jobs":129,"pop":356,"pointCount":2,"homeWorkCommuteMedian":6836,"workHomeCommuteMedian":9669},"geometry":{"type":"Polygon","coordinates":[[[138.65313058363208,-34.803448547259904],[138.65313058363208,-34.79445534362266],[138.6621237872693,-34.79445534362266],[138.6621237872693,-34.803448547259904],[138.65313058363208,-34.803448547259904]]]}},{"type":"Feature","properties":{"jobs":0,"pop":1058,"pointCount":7,"homeWorkCommuteMedian":11816,"workHomeCommuteMedian":-1},"geometry":{"type":"Polygon","coordinates":[[[138.65313058363208,-34.79445534362266],[138.65313058363208,-34.78546213998541],[138.6621237872693,-34.78546213998541],[138.6621237872693,-34.79445534362266],[138.65313058363208,-34.79445534362266]]]}},{"type":"Feature","properties":{"jobs":0,"pop":724,"pointCount":4,"homeWorkCommuteMedian":8804,"workHomeCommuteMedian":-1},"geometry":{"type":"Polygon","coordinates":[[[138.65313058363208,-34.78546213998541],[138.65313058363208,-34.77646893634817],[138.6621237872693,-34.77646893634817],[138.6621237872693,-34.78546213998541],[138.65313058363208,-34.78546213998541]]]}},{"type":"Feature","properties":{"jobs":927,"pop":550,"pointCount":3,"homeWorkCommuteMedian":13778,"workHomeCommuteMedian":12466},"geometry":{"type":"Polygon","coordinates":[[[138.65313058363208,-34.77646893634817],[138.65313058363208,-34.76747573271092],[138.6621237872693,-34.76747573271092],[138.6621237872693,-34.77646893634817],[138.65313058363208,-34.77646893634817]]]}},{"type":"Feature","properties":{"jobs":1544,"pop":591,"pointCount":3,"homeWorkCommuteMedian":28659,"workHomeCommuteMedian":16189},"geometry":{"type":"Polygon","coordinates":[[[138.65313058363208,-34.76747573271092],[138.65313058363208,-34.758482529073675],[138.6621237872693,-34.758482529073675],[138.6621237872693,-34.76747573271092],[138.65313058363208,-34.76747573271092]]]}},{"type":"Feature","properties":{"jobs":0,"pop":191,"pointCount":2,"homeWorkCommuteMedian":25803,"workHomeCommuteMedian":-1},"geometry":{"type":"Polygon","coordinates":[[[138.65313058363208,-34.758482529073675],[138.65313058363208,-34.74948932543643],[138.6621237872693,-34.74948932543643],[138.6621237872693,-34.758482529073675],[138.65313058363208,-34.758482529073675]]]}},{"type":"Feature","properties":{"jobs":1678,"pop":0,"pointCount":1,"homeWorkCommuteMedian":-1,"workHomeCommuteMedian":9870},"geometry":{"type":"Polygon","coordinates":[[[138.65313058363208,-34.74948932543643],[138.65313058363208,-34.74049612179918],[138.6621237872693,-34.74049612179918],[138.6621237872693,-34.74948932543643],[138.65313058363208,-34.74948932543643]]]}},{"type":"Feature","properties":{"jobs":127,"pop":249,"pointCount":3,"homeWorkCommuteMedian":10055,"workHomeCommuteMedian":14161},"geometry":{"type":"Polygon","coordinates":[[[138.65313058363208,-34.74049612179918],[138.65313058363208,-34.73150291816194],[138.6621237872693,-34.73150291816194],[138.6621237872693,-34.74049612179918],[138.65313058363208,-34.74049612179918]]]}},{"type":"Feature","properties":{"jobs":0,"pop":123,"pointCount":1,"homeWorkCommuteMedian":3473,"workHomeCommuteMedian":-1},"geometry":{"type":"Polygon","coordinates":[[[138.65313058363208,-34.73150291816194],[138.65313058363208,-34.72250971452469],[138.6621237872693,-34.72250971452469],[138.6621237872693,-34.73150291816194],[138.65313058363208,-34.73150291816194]]]}},{"type":"Feature","properties":{"jobs":1746,"pop":99,"pointCount":2,"homeWorkCommuteMedian":15689,"workHomeCommuteMedian":11816},"geometry":{"type":"Polygon","coordinates":[[[138.65313058363208,-34.7045233072502],[138.65313058363208,-34.69553010361295],[138.6621237872693,-34.69553010361295],[138.6621237872693,-34.7045233072502],[138.65313058363208,-34.7045233072502]]]}},{"type":"Feature","properties":{"jobs":0,"pop":354,"pointCount":2,"homeWorkCommuteMedian":24100,"workHomeCommuteMedian":-1},"geometry":{"type":"Polygon","coordinates":[[[138.65313058363208,-34.69553010361295],[138.65313058363208,-34.68653689997571],[138.6621237872693,-34.68653689997571],[138.6621237872693,-34.69553010361295],[138.65313058363208,-34.69553010361295]]]}},{"type":"Feature","properties":{"jobs":0,"pop":1113,"pointCount":6,"homeWorkCommuteMedian":25774,"workHomeCommuteMedian":-1},"geometry":{"type":"Polygon","coordinates":[[[138.65313058363208,-34.68653689997571],[138.65313058363208,-34.67754369633846],[138.6621237872693,-34.67754369633846],[138.6621237872693,-34.68653689997571],[138.65313058363208,-34.68653689997571]]]}},{"type":"Feature","properties":{"jobs":0,"pop":542,"pointCount":3,"homeWorkCommuteMedian":14854,"workHomeCommuteMedian":-1},"geometry":{"type":"Polygon","coordinates":[[[138.65313058363208,-34.67754369633846],[138.65313058363208,-34.668550492701215],[138.6621237872693,-34.668550492701215],[138.6621237872693,-34.67754369633846],[138.65313058363208,-34.67754369633846]]]}},{"type":"Feature","properties":{"jobs":703,"pop":526,"pointCount":1,"homeWorkCommuteMedian":27452,"workHomeCommuteMedian":13813},"geometry":{"type":"Polygon","coordinates":[[[138.65313058363208,-34.64157088178948],[138.65313058363208,-34.63257767815223],[138.6621237872693,-34.63257767815223],[138.6621237872693,-34.64157088178948],[138.65313058363208,-34.64157088178948]]]}},{"type":"Feature","properties":{"jobs":137,"pop":77,"pointCount":1,"homeWorkCommuteMedian":10918,"workHomeCommuteMedian":12922},"geometry":{"type":"Polygon","coordinates":[[[138.65313058363208,-34.59660486360325],[138.65313058363208,-34.587611659966],[138.6621237872693,-34.587611659966],[138.6621237872693,-34.59660486360325],[138.65313058363208,-34.59660486360325]]]}},{"type":"Feature","properties":{"jobs":0,"pop":266,"pointCount":1,"homeWorkCommuteMedian":42022,"workHomeCommuteMedian":-1},"geometry":{"type":"Polygon","coordinates":[[[138.6621237872693,-35.17216989638699],[138.6621237872693,-35.163176692749744],[138.67111699090654,-35.163176692749744],[138.67111699090654,-35.17216989638699],[138.6621237872693,-35.17216989638699]]]}},{"type":"Feature","properties":{"jobs":547,"pop":299,"pointCount":1,"homeWorkCommuteMedian":18146,"workHomeCommuteMedian":19209},"geometry":{"type":"Polygon","coordinates":[[[138.6621237872693,-34.96532621273033],[138.6621237872693,-34.956333009093086],[138.67111699090654,-34.956333009093086],[138.67111699090654,-34.96532621273033],[138.6621237872693,-34.96532621273033]]]}},{"type":"Feature","properties":{"jobs":156,"pop":179,"pointCount":1,"homeWorkCommuteMedian":4577,"workHomeCommuteMedian":9761},"geometry":{"type":"Polygon","coordinates":[[[138.6621237872693,-34.956333009093086],[138.6621237872693,-34.94733980545584],[138.67111699090654,-34.94733980545584],[138.67111699090654,-34.956333009093086],[138.6621237872693,-34.956333009093086]]]}},{"type":"Feature","properties":{"jobs":611,"pop":961,"pointCount":4,"homeWorkCommuteMedian":8213,"workHomeCommuteMedian":6329},"geometry":{"type":"Polygon","coordinates":[[[138.6621237872693,-34.94733980545584],[138.6621237872693,-34.938346601818594],[138.67111699090654,-34.938346601818594],[138.67111699090654,-34.94733980545584],[138.6621237872693,-34.94733980545584]]]}},{"type":"Feature","properties":{"jobs":0,"pop":909,"pointCount":4,"homeWorkCommuteMedian":8858,"workHomeCommuteMedian":-1},"geometry":{"type":"Polygon","coordinates":[[[138.6621237872693,-34.938346601818594],[138.6621237872693,-34.92935339818135],[138.67111699090654,-34.92935339818135],[138.67111699090654,-34.938346601818594],[138.6621237872693,-34.938346601818594]]]}},{"type":"Feature","properties":{"jobs":443,"pop":993,"pointCount":4,"homeWorkCommuteMedian":7804,"workHomeCommuteMedian":8533},"geometry":{"type":"Polygon","coordinates":[[[138.6621237872693,-34.92935339818135],[138.6621237872693,-34.9203601945441],[138.67111699090654,-34.9203601945441],[138.67111699090654,-34.92935339818135],[138.6621237872693,-34.92935339818135]]]}},{"type":"Feature","properties":{"jobs":637,"pop":1333,"pointCount":5,"homeWorkCommuteMedian":8149,"workHomeCommuteMedian":15313},"geometry":{"type":"Polygon","coordinates":[[[138.6621237872693,-34.9203601945441],[138.6621237872693,-34.911366990906856],[138.67111699090654,-34.911366990906856],[138.67111699090654,-34.9203601945441],[138.6621237872693,-34.9203601945441]]]}},{"type":"Feature","properties":{"jobs":167,"pop":1246,"pointCount":4,"homeWorkCommuteMedian":8349,"workHomeCommuteMedian":16768},"geometry":{"type":"Polygon","coordinates":[[[138.6621237872693,-34.911366990906856],[138.6621237872693,-34.90237378726961],[138.67111699090654,-34.90237378726961],[138.67111699090654,-34.911366990906856],[138.6621237872693,-34.911366990906856]]]}},{"type":"Feature","properties":{"jobs":824,"pop":1399,"pointCount":5,"homeWorkCommuteMedian":9555,"workHomeCommuteMedian":10918},"geometry":{"type":"Polygon","coordinates":[[[138.6621237872693,-34.90237378726961],[138.6621237872693,-34.893380583632364],[138.67111699090654,-34.893380583632364],[138.67111699090654,-34.90237378726961],[138.6621237872693,-34.90237378726961]]]}},{"type":"Feature","properties":{"jobs":276,"pop":1455,"pointCount":5,"homeWorkCommuteMedian":9232,"workHomeCommuteMedian":4322},"geometry":{"type":"Polygon","coordinates":[[[138.6621237872693,-34.893380583632364],[138.6621237872693,-34.88438737999512],[138.67111699090654,-34.88438737999512],[138.67111699090654,-34.893380583632364],[138.6621237872693,-34.893380583632364]]]}},{"type":"Feature","properties":{"jobs":895,"pop":1247,"pointCount":6,"homeWorkCommuteMedian":10197,"workHomeCommuteMedian":4523},"geometry":{"type":"Polygon","coordinates":[[[138.6621237872693,-34.88438737999512],[138.6621237872693,-34.87539417635787],[138.67111699090654,-34.87539417635787],[138.67111699090654,-34.88438737999512],[138.6621237872693,-34.88438737999512]]]}},{"type":"Feature","properties":{"jobs":191,"pop":743,"pointCount":3,"homeWorkCommuteMedian":8248,"workHomeCommuteMedian":10172},"geometry":{"type":"Polygon","coordinates":[[[138.6621237872693,-34.87539417635787],[138.6621237872693,-34.866400972720626],[138.67111699090654,-34.866400972720626],[138.67111699090654,-34.87539417635787],[138.6621237872693,-34.87539417635787]]]}},{"type":"Feature","properties":{"jobs":0,"pop":1085,"pointCount":5,"homeWorkCommuteMedian":12067,"workHomeCommuteMedian":-1},"geometry":{"type":"Polygon","coordinates":[[[138.6621237872693,-34.866400972720626],[138.6621237872693,-34.85740776908338],[138.67111699090654,-34.85740776908338],[138.67111699090654,-34.866400972720626],[138.6621237872693,-34.866400972720626]]]}},{"type":"Feature","properties":{"jobs":1429,"pop":1146,"pointCount":4,"homeWorkCommuteMedian":10490,"workHomeCommuteMedian":6999},"geometry":{"type":"Polygon","coordinates":[[[138.6621237872693,-34.85740776908338],[138.6621237872693,-34.848414565446134],[138.67111699090654,-34.848414565446134],[138.67111699090654,-34.85740776908338],[138.6621237872693,-34.85740776908338]]]}},{"type":"Feature","properties":{"jobs":274,"pop":288,"pointCount":2,"homeWorkCommuteMedian":11910,"workHomeCommuteMedian":12074},"geometry":{"type":"Polygon","coordinates":[[[138.6621237872693,-34.848414565446134],[138.6621237872693,-34.83942136180889],[138.67111699090654,-34.83942136180889],[138.67111699090654,-34.848414565446134],[138.6621237872693,-34.848414565446134]]]}},{"type":"Feature","properties":{"jobs":519,"pop":1146,"pointCount":5,"homeWorkCommuteMedian":11240,"workHomeCommuteMedian":10963},"geometry":{"type":"Polygon","coordinates":[[[138.6621237872693,-34.83942136180889],[138.6621237872693,-34.83042815817164],[138.67111699090654,-34.83042815817164],[138.67111699090654,-34.83942136180889],[138.6621237872693,-34.83942136180889]]]}},{"type":"Feature","properties":{"jobs":127,"pop":663,"pointCount":4,"homeWorkCommuteMedian":10092,"workHomeCommuteMedian":3241},"geometry":{"type":"Polygon","coordinates":[[[138.6621237872693,-34.83042815817164],[138.6621237872693,-34.821434954534396],[138.67111699090654,-34.821434954534396],[138.67111699090654,-34.83042815817164],[138.6621237872693,-34.83042815817164]]]}},{"type":"Feature","properties":{"jobs":145,"pop":1091,"pointCount":7,"homeWorkCommuteMedian":16359,"workHomeCommuteMedian":15933},"geometry":{"type":"Polygon","coordinates":[[[138.6621237872693,-34.821434954534396],[138.6621237872693,-34.81244175089715],[138.67111699090654,-34.81244175089715],[138.67111699090654,-34.821434954534396],[138.6621237872693,-34.821434954534396]]]}},{"type":"Feature","properties":{"jobs":656,"pop":881,"pointCount":4,"homeWorkCommuteMedian":14770,"workHomeCommuteMedian":14073},"geometry":{"type":"Polygon","coordinates":[[[138.6621237872693,-34.81244175089715],[138.6621237872693,-34.803448547259904],[138.67111699090654,-34.803448547259904],[138.67111699090654,-34.81244175089715],[138.6621237872693,-34.81244175089715]]]}},{"type":"Feature","properties":{"jobs":150,"pop":192,"pointCount":1,"homeWorkCommuteMedian":13086,"workHomeCommuteMedian":4364},"geometry":{"type":"Polygon","coordinates":[[[138.6621237872693,-34.803448547259904],[138.6621237872693,-34.79445534362266],[138.67111699090654,-34.79445534362266],[138.67111699090654,-34.803448547259904],[138.6621237872693,-34.803448547259904]]]}},{"type":"Feature","properties":{"jobs":0,"pop":896,"pointCount":5,"homeWorkCommuteMedian":15024,"workHomeCommuteMedian":-1},"geometry":{"type":"Polygon","coordinates":[[[138.6621237872693,-34.79445534362266],[138.6621237872693,-34.78546213998541],[138.67111699090654,-34.78546213998541],[138.67111699090654,-34.79445534362266],[138.6621237872693,-34.79445534362266]]]}},{"type":"Feature","properties":{"jobs":0,"pop":876,"pointCount":5,"homeWorkCommuteMedian":14537,"workHomeCommuteMedian":-1},"geometry":{"type":"Polygon","coordinates":[[[138.6621237872693,-34.78546213998541],[138.6621237872693,-34.77646893634817],[138.67111699090654,-34.77646893634817],[138.67111699090654,-34.78546213998541],[138.6621237872693,-34.78546213998541]]]}},{"type":"Feature","properties":{"jobs":0,"pop":440,"pointCount":2,"homeWorkCommuteMedian":26031,"workHomeCommuteMedian":-1},"geometry":{"type":"Polygon","coordinates":[[[138.6621237872693,-34.77646893634817],[138.6621237872693,-34.76747573271092],[138.67111699090654,-34.76747573271092],[138.67111699090654,-34.77646893634817],[138.6621237872693,-34.77646893634817]]]}},{"type":"Feature","properties":{"jobs":180,"pop":356,"pointCount":2,"homeWorkCommuteMedian":5397,"workHomeCommuteMedian":24623},"geometry":{"type":"Polygon","coordinates":[[[138.6621237872693,-34.76747573271092],[138.6621237872693,-34.758482529073675],[138.67111699090654,-34.758482529073675],[138.67111699090654,-34.76747573271092],[138.6621237872693,-34.76747573271092]]]}},{"type":"Feature","properties":{"jobs":952,"pop":458,"pointCount":3,"homeWorkCommuteMedian":18540,"workHomeCommuteMedian":14267},"geometry":{"type":"Polygon","coordinates":[[[138.6621237872693,-34.758482529073675],[138.6621237872693,-34.74948932543643],[138.67111699090654,-34.74948932543643],[138.67111699090654,-34.758482529073675],[138.6621237872693,-34.758482529073675]]]}},{"type":"Feature","properties":{"jobs":2812,"pop":309,"pointCount":4,"homeWorkCommuteMedian":18133,"workHomeCommuteMedian":11377},"geometry":{"type":"Polygon","coordinates":[[[138.6621237872693,-34.74948932543643],[138.6621237872693,-34.74049612179918],[138.67111699090654,-34.74049612179918],[138.67111699090654,-34.74948932543643],[138.6621237872693,-34.74948932543643]]]}},{"type":"Feature","properties":{"jobs":0,"pop":474,"pointCount":3,"homeWorkCommuteMedian":18513,"workHomeCommuteMedian":-1},"geometry":{"type":"Polygon","coordinates":[[[138.6621237872693,-34.74049612179918],[138.6621237872693,-34.73150291816194],[138.67111699090654,-34.73150291816194],[138.67111699090654,-34.74049612179918],[138.6621237872693,-34.74049612179918]]]}},{"type":"Feature","properties":{"jobs":1823,"pop":381,"pointCount":4,"homeWorkCommuteMedian":26063,"workHomeCommuteMedian":12018},"geometry":{"type":"Polygon","coordinates":[[[138.6621237872693,-34.73150291816194],[138.6621237872693,-34.72250971452469],[138.67111699090654,-34.72250971452469],[138.67111699090654,-34.73150291816194],[138.6621237872693,-34.73150291816194]]]}},{"type":"Feature","properties":{"jobs":3174,"pop":0,"pointCount":1,"homeWorkCommuteMedian":-1,"workHomeCommuteMedian":17320},"geometry":{"type":"Polygon","coordinates":[[[138.6621237872693,-34.72250971452469],[138.6621237872693,-34.713516510887445],[138.67111699090654,-34.713516510887445],[138.67111699090654,-34.72250971452469],[138.6621237872693,-34.72250971452469]]]}},{"type":"Feature","properties":{"jobs":1802,"pop":0,"pointCount":1,"homeWorkCommuteMedian":-1,"workHomeCommuteMedian":19151},"geometry":{"type":"Polygon","coordinates":[[[138.6621237872693,-34.713516510887445],[138.6621237872693,-34.7045233072502],[138.67111699090654,-34.7045233072502],[138.67111699090654,-34.713516510887445],[138.6621237872693,-34.713516510887445]]]}},{"type":"Feature","properties":{"jobs":0,"pop":248,"pointCount":2,"homeWorkCommuteMedian":25125,"workHomeCommuteMedian":-1},"geometry":{"type":"Polygon","coordinates":[[[138.6621237872693,-34.7045233072502],[138.6621237872693,-34.69553010361295],[138.67111699090654,-34.69553010361295],[138.67111699090654,-34.7045233072502],[138.6621237872693,-34.7045233072502]]]}},{"type":"Feature","properties":{"jobs":0,"pop":385,"pointCount":3,"homeWorkCommuteMedian":31758,"workHomeCommuteMedian":-1},"geometry":{"type":"Polygon","coordinates":[[[138.6621237872693,-34.69553010361295],[138.6621237872693,-34.68653689997571],[138.67111699090654,-34.68653689997571],[138.67111699090654,-34.69553010361295],[138.6621237872693,-34.69553010361295]]]}},{"type":"Feature","properties":{"jobs":0,"pop":860,"pointCount":4,"homeWorkCommuteMedian":14532,"workHomeCommuteMedian":-1},"geometry":{"type":"Polygon","coordinates":[[[138.6621237872693,-34.68653689997571],[138.6621237872693,-34.67754369633846],[138.67111699090654,-34.67754369633846],[138.67111699090654,-34.68653689997571],[138.6621237872693,-34.68653689997571]]]}},{"type":"Feature","properties":{"jobs":434,"pop":685,"pointCount":4,"homeWorkCommuteMedian":29382,"workHomeCommuteMedian":34340},"geometry":{"type":"Polygon","coordinates":[[[138.6621237872693,-34.67754369633846],[138.6621237872693,-34.668550492701215],[138.67111699090654,-34.668550492701215],[138.67111699090654,-34.67754369633846],[138.6621237872693,-34.67754369633846]]]}},{"type":"Feature","properties":{"jobs":0,"pop":1217,"pointCount":5,"homeWorkCommuteMedian":20873,"workHomeCommuteMedian":-1},"geometry":{"type":"Polygon","coordinates":[[[138.6621237872693,-34.668550492701215],[138.6621237872693,-34.65955728906397],[138.67111699090654,-34.65955728906397],[138.67111699090654,-34.668550492701215],[138.6621237872693,-34.668550492701215]]]}},{"type":"Feature","properties":{"jobs":0,"pop":314,"pointCount":1,"homeWorkCommuteMedian":9415,"workHomeCommuteMedian":-1},"geometry":{"type":"Polygon","coordinates":[[[138.6621237872693,-34.65955728906397],[138.6621237872693,-34.65056408542672],[138.67111699090654,-34.65056408542672],[138.67111699090654,-34.65955728906397],[138.6621237872693,-34.65955728906397]]]}},{"type":"Feature","properties":{"jobs":0,"pop":145,"pointCount":1,"homeWorkCommuteMedian":33653,"workHomeCommuteMedian":-1},"geometry":{"type":"Polygon","coordinates":[[[138.67111699090654,-35.06425145274004],[138.67111699090654,-35.05525824910279],[138.68011019454377,-35.05525824910279],[138.68011019454377,-35.06425145274004],[138.67111699090654,-35.06425145274004]]]}},{"type":"Feature","properties":{"jobs":0,"pop":95,"pointCount":1,"homeWorkCommuteMedian":15767,"workHomeCommuteMedian":-1},"geometry":{"type":"Polygon","coordinates":[[[138.67111699090654,-35.046265045465546],[138.67111699090654,-35.0372718418283],[138.68011019454377,-35.0372718418283],[138.68011019454377,-35.046265045465546],[138.67111699090654,-35.046265045465546]]]}},{"type":"Feature","properties":{"jobs":128,"pop":708,"pointCount":3,"homeWorkCommuteMedian":8194,"workHomeCommuteMedian":12285},"geometry":{"type":"Polygon","coordinates":[[[138.67111699090654,-34.938346601818594],[138.67111699090654,-34.92935339818135],[138.68011019454377,-34.92935339818135],[138.68011019454377,-34.938346601818594],[138.67111699090654,-34.938346601818594]]]}},{"type":"Feature","properties":{"jobs":583,"pop":915,"pointCount":4,"homeWorkCommuteMedian":7131,"workHomeCommuteMedian":7035},"geometry":{"type":"Polygon","coordinates":[[[138.67111699090654,-34.92935339818135],[138.67111699090654,-34.9203601945441],[138.68011019454377,-34.9203601945441],[138.68011019454377,-34.92935339818135],[138.67111699090654,-34.92935339818135]]]}},{"type":"Feature","properties":{"jobs":0,"pop":378,"pointCount":2,"homeWorkCommuteMedian":8385,"workHomeCommuteMedian":-1},"geometry":{"type":"Polygon","coordinates":[[[138.67111699090654,-34.9203601945441],[138.67111699090654,-34.911366990906856],[138.68011019454377,-34.911366990906856],[138.68011019454377,-34.9203601945441],[138.67111699090654,-34.9203601945441]]]}},{"type":"Feature","properties":{"jobs":3506,"pop":1095,"pointCount":4,"homeWorkCommuteMedian":12399,"workHomeCommuteMedian":12244},"geometry":{"type":"Polygon","coordinates":[[[138.67111699090654,-34.911366990906856],[138.67111699090654,-34.90237378726961],[138.68011019454377,-34.90237378726961],[138.68011019454377,-34.911366990906856],[138.67111699090654,-34.911366990906856]]]}},{"type":"Feature","properties":{"jobs":262,"pop":1697,"pointCount":7,"homeWorkCommuteMedian":8523,"workHomeCommuteMedian":38093},"geometry":{"type":"Polygon","coordinates":[[[138.67111699090654,-34.90237378726961],[138.67111699090654,-34.893380583632364],[138.68011019454377,-34.893380583632364],[138.68011019454377,-34.90237378726961],[138.67111699090654,-34.90237378726961]]]}},{"type":"Feature","properties":{"jobs":248,"pop":597,"pointCount":3,"homeWorkCommuteMedian":7914,"workHomeCommuteMedian":14048},"geometry":{"type":"Polygon","coordinates":[[[138.67111699090654,-34.893380583632364],[138.67111699090654,-34.88438737999512],[138.68011019454377,-34.88438737999512],[138.68011019454377,-34.893380583632364],[138.67111699090654,-34.893380583632364]]]}},{"type":"Feature","properties":{"jobs":1306,"pop":687,"pointCount":3,"homeWorkCommuteMedian":11065,"workHomeCommuteMedian":7806},"geometry":{"type":"Polygon","coordinates":[[[138.67111699090654,-34.88438737999512],[138.67111699090654,-34.87539417635787],[138.68011019454377,-34.87539417635787],[138.68011019454377,-34.88438737999512],[138.67111699090654,-34.88438737999512]]]}},{"type":"Feature","properties":{"jobs":82,"pop":943,"pointCount":4,"homeWorkCommuteMedian":12271,"workHomeCommuteMedian":22528},"geometry":{"type":"Polygon","coordinates":[[[138.67111699090654,-34.87539417635787],[138.67111699090654,-34.866400972720626],[138.68011019454377,-34.866400972720626],[138.68011019454377,-34.87539417635787],[138.67111699090654,-34.87539417635787]]]}},{"type":"Feature","properties":{"jobs":0,"pop":732,"pointCount":4,"homeWorkCommuteMedian":10672,"workHomeCommuteMedian":-1},"geometry":{"type":"Polygon","coordinates":[[[138.67111699090654,-34.866400972720626],[138.67111699090654,-34.85740776908338],[138.68011019454377,-34.85740776908338],[138.68011019454377,-34.866400972720626],[138.67111699090654,-34.866400972720626]]]}},{"type":"Feature","properties":{"jobs":613,"pop":655,"pointCount":3,"homeWorkCommuteMedian":9276,"workHomeCommuteMedian":9686},"geometry":{"type":"Polygon","coordinates":[[[138.67111699090654,-34.85740776908338],[138.67111699090654,-34.848414565446134],[138.68011019454377,-34.848414565446134],[138.68011019454377,-34.85740776908338],[138.67111699090654,-34.85740776908338]]]}},{"type":"Feature","properties":{"jobs":637,"pop":350,"pointCount":3,"homeWorkCommuteMedian":13128,"workHomeCommuteMedian":8804},"geometry":{"type":"Polygon","coordinates":[[[138.67111699090654,-34.848414565446134],[138.67111699090654,-34.83942136180889],[138.68011019454377,-34.83942136180889],[138.68011019454377,-34.848414565446134],[138.67111699090654,-34.848414565446134]]]}},{"type":"Feature","properties":{"jobs":535,"pop":1284,"pointCount":5,"homeWorkCommuteMedian":12125,"workHomeCommuteMedian":13341},"geometry":{"type":"Polygon","coordinates":[[[138.67111699090654,-34.83942136180889],[138.67111699090654,-34.83042815817164],[138.68011019454377,-34.83042815817164],[138.68011019454377,-34.83942136180889],[138.67111699090654,-34.83942136180889]]]}},{"type":"Feature","properties":{"jobs":250,"pop":566,"pointCount":3,"homeWorkCommuteMedian":10977,"workHomeCommuteMedian":9188},"geometry":{"type":"Polygon","coordinates":[[[138.67111699090654,-34.83042815817164],[138.67111699090654,-34.821434954534396],[138.68011019454377,-34.821434954534396],[138.68011019454377,-34.83042815817164],[138.67111699090654,-34.83042815817164]]]}},{"type":"Feature","properties":{"jobs":161,"pop":1001,"pointCount":5,"homeWorkCommuteMedian":17027,"workHomeCommuteMedian":23608},"geometry":{"type":"Polygon","coordinates":[[[138.67111699090654,-34.821434954534396],[138.67111699090654,-34.81244175089715],[138.68011019454377,-34.81244175089715],[138.68011019454377,-34.821434954534396],[138.67111699090654,-34.821434954534396]]]}},{"type":"Feature","properties":{"jobs":293,"pop":514,"pointCount":3,"homeWorkCommuteMedian":12584,"workHomeCommuteMedian":1749},"geometry":{"type":"Polygon","coordinates":[[[138.67111699090654,-34.81244175089715],[138.67111699090654,-34.803448547259904],[138.68011019454377,-34.803448547259904],[138.68011019454377,-34.81244175089715],[138.67111699090654,-34.81244175089715]]]}},{"type":"Feature","properties":{"jobs":0,"pop":737,"pointCount":4,"homeWorkCommuteMedian":6140,"workHomeCommuteMedian":-1},"geometry":{"type":"Polygon","coordinates":[[[138.67111699090654,-34.803448547259904],[138.67111699090654,-34.79445534362266],[138.68011019454377,-34.79445534362266],[138.68011019454377,-34.803448547259904],[138.67111699090654,-34.803448547259904]]]}},{"type":"Feature","properties":{"jobs":273,"pop":109,"pointCount":2,"homeWorkCommuteMedian":27066,"workHomeCommuteMedian":13737},"geometry":{"type":"Polygon","coordinates":[[[138.67111699090654,-34.79445534362266],[138.67111699090654,-34.78546213998541],[138.68011019454377,-34.78546213998541],[138.68011019454377,-34.79445534362266],[138.67111699090654,-34.79445534362266]]]}},{"type":"Feature","properties":{"jobs":0,"pop":217,"pointCount":1,"homeWorkCommuteMedian":18436,"workHomeCommuteMedian":-1},"geometry":{"type":"Polygon","coordinates":[[[138.67111699090654,-34.78546213998541],[138.67111699090654,-34.77646893634817],[138.68011019454377,-34.77646893634817],[138.68011019454377,-34.78546213998541],[138.67111699090654,-34.78546213998541]]]}},{"type":"Feature","properties":{"jobs":0,"pop":772,"pointCount":4,"homeWorkCommuteMedian":16019,"workHomeCommuteMedian":-1},"geometry":{"type":"Polygon","coordinates":[[[138.67111699090654,-34.77646893634817],[138.67111699090654,-34.76747573271092],[138.68011019454377,-34.76747573271092],[138.68011019454377,-34.77646893634817],[138.67111699090654,-34.77646893634817]]]}},{"type":"Feature","properties":{"jobs":0,"pop":670,"pointCount":3,"homeWorkCommuteMedian":12796,"workHomeCommuteMedian":-1},"geometry":{"type":"Polygon","coordinates":[[[138.67111699090654,-34.76747573271092],[138.67111699090654,-34.758482529073675],[138.68011019454377,-34.758482529073675],[138.68011019454377,-34.76747573271092],[138.67111699090654,-34.76747573271092]]]}},{"type":"Feature","properties":{"jobs":387,"pop":488,"pointCount":3,"homeWorkCommuteMedian":13893,"workHomeCommuteMedian":14198},"geometry":{"type":"Polygon","coordinates":[[[138.67111699090654,-34.758482529073675],[138.67111699090654,-34.74948932543643],[138.68011019454377,-34.74948932543643],[138.68011019454377,-34.758482529073675],[138.67111699090654,-34.758482529073675]]]}},{"type":"Feature","properties":{"jobs":1247,"pop":510,"pointCount":3,"homeWorkCommuteMedian":4976,"workHomeCommuteMedian":14073},"geometry":{"type":"Polygon","coordinates":[[[138.67111699090654,-34.74948932543643],[138.67111699090654,-34.74049612179918],[138.68011019454377,-34.74049612179918],[138.68011019454377,-34.74948932543643],[138.67111699090654,-34.74948932543643]]]}},{"type":"Feature","properties":{"jobs":0,"pop":566,"pointCount":4,"homeWorkCommuteMedian":23590,"workHomeCommuteMedian":-1},"geometry":{"type":"Polygon","coordinates":[[[138.67111699090654,-34.74049612179918],[138.67111699090654,-34.73150291816194],[138.68011019454377,-34.73150291816194],[138.68011019454377,-34.74049612179918],[138.67111699090654,-34.74049612179918]]]}},{"type":"Feature","properties":{"jobs":136,"pop":276,"pointCount":2,"homeWorkCommuteMedian":21400,"workHomeCommuteMedian":10374},"geometry":{"type":"Polygon","coordinates":[[[138.67111699090654,-34.73150291816194],[138.67111699090654,-34.72250971452469],[138.68011019454377,-34.72250971452469],[138.68011019454377,-34.73150291816194],[138.67111699090654,-34.73150291816194]]]}},{"type":"Feature","properties":{"jobs":0,"pop":254,"pointCount":2,"homeWorkCommuteMedian":28034,"workHomeCommuteMedian":-1},"geometry":{"type":"Polygon","coordinates":[[[138.67111699090654,-34.72250971452469],[138.67111699090654,-34.713516510887445],[138.68011019454377,-34.713516510887445],[138.68011019454377,-34.72250971452469],[138.67111699090654,-34.72250971452469]]]}},{"type":"Feature","properties":{"jobs":241,"pop":278,"pointCount":3,"homeWorkCommuteMedian":16502,"workHomeCommuteMedian":35574},"geometry":{"type":"Polygon","coordinates":[[[138.67111699090654,-34.713516510887445],[138.67111699090654,-34.7045233072502],[138.68011019454377,-34.7045233072502],[138.68011019454377,-34.713516510887445],[138.67111699090654,-34.713516510887445]]]}},{"type":"Feature","properties":{"jobs":0,"pop":440,"pointCount":4,"homeWorkCommuteMedian":21917,"workHomeCommuteMedian":-1},"geometry":{"type":"Polygon","coordinates":[[[138.67111699090654,-34.7045233072502],[138.67111699090654,-34.69553010361295],[138.68011019454377,-34.69553010361295],[138.68011019454377,-34.7045233072502],[138.67111699090654,-34.7045233072502]]]}},{"type":"Feature","properties":{"jobs":226,"pop":752,"pointCount":5,"homeWorkCommuteMedian":19442,"workHomeCommuteMedian":18781},"geometry":{"type":"Polygon","coordinates":[[[138.67111699090654,-34.69553010361295],[138.67111699090654,-34.68653689997571],[138.68011019454377,-34.68653689997571],[138.68011019454377,-34.69553010361295],[138.67111699090654,-34.69553010361295]]]}},{"type":"Feature","properties":{"jobs":0,"pop":481,"pointCount":3,"homeWorkCommuteMedian":11784,"workHomeCommuteMedian":-1},"geometry":{"type":"Polygon","coordinates":[[[138.67111699090654,-34.68653689997571],[138.67111699090654,-34.67754369633846],[138.68011019454377,-34.67754369633846],[138.68011019454377,-34.68653689997571],[138.67111699090654,-34.68653689997571]]]}},{"type":"Feature","properties":{"jobs":0,"pop":290,"pointCount":2,"homeWorkCommuteMedian":42286,"workHomeCommuteMedian":-1},"geometry":{"type":"Polygon","coordinates":[[[138.67111699090654,-34.67754369633846],[138.67111699090654,-34.668550492701215],[138.68011019454377,-34.668550492701215],[138.68011019454377,-34.67754369633846],[138.67111699090654,-34.67754369633846]]]}},{"type":"Feature","properties":{"jobs":189,"pop":720,"pointCount":4,"homeWorkCommuteMedian":24774,"workHomeCommuteMedian":17981},"geometry":{"type":"Polygon","coordinates":[[[138.67111699090654,-34.668550492701215],[138.67111699090654,-34.65955728906397],[138.68011019454377,-34.65955728906397],[138.68011019454377,-34.668550492701215],[138.67111699090654,-34.668550492701215]]]}},{"type":"Feature","properties":{"jobs":140,"pop":1160,"pointCount":5,"homeWorkCommuteMedian":21090,"workHomeCommuteMedian":24559},"geometry":{"type":"Polygon","coordinates":[[[138.67111699090654,-34.65955728906397],[138.67111699090654,-34.65056408542672],[138.68011019454377,-34.65056408542672],[138.68011019454377,-34.65955728906397],[138.67111699090654,-34.65955728906397]]]}},{"type":"Feature","properties":{"jobs":0,"pop":224,"pointCount":1,"homeWorkCommuteMedian":32365,"workHomeCommuteMedian":-1},"geometry":{"type":"Polygon","coordinates":[[[138.67111699090654,-34.65056408542672],[138.67111699090654,-34.64157088178948],[138.68011019454377,-34.64157088178948],[138.68011019454377,-34.65056408542672],[138.67111699090654,-34.65056408542672]]]}},{"type":"Feature","properties":{"jobs":0,"pop":233,"pointCount":1,"homeWorkCommuteMedian":20323,"workHomeCommuteMedian":-1},"geometry":{"type":"Polygon","coordinates":[[[138.68011019454377,-35.01928543455381],[138.68011019454377,-35.01029223091656],[138.689103398181,-35.01029223091656],[138.689103398181,-35.01928543455381],[138.68011019454377,-35.01928543455381]]]}},{"type":"Feature","properties":{"jobs":0,"pop":211,"pointCount":1,"homeWorkCommuteMedian":25865,"workHomeCommuteMedian":-1},"geometry":{"type":"Polygon","coordinates":[[[138.68011019454377,-35.01029223091656],[138.68011019454377,-35.001299027279316],[138.689103398181,-35.001299027279316],[138.689103398181,-35.01029223091656],[138.68011019454377,-35.01029223091656]]]}},{"type":"Feature","properties":{"jobs":0,"pop":204,"pointCount":1,"homeWorkCommuteMedian":16231,"workHomeCommuteMedian":-1},"geometry":{"type":"Polygon","coordinates":[[[138.68011019454377,-34.99230582364207],[138.68011019454377,-34.983312620004824],[138.689103398181,-34.983312620004824],[138.689103398181,-34.99230582364207],[138.68011019454377,-34.99230582364207]]]}},{"type":"Feature","properties":{"jobs":159,"pop":161,"pointCount":1,"homeWorkCommuteMedian":23454,"workHomeCommuteMedian":14888},"geometry":{"type":"Polygon","coordinates":[[[138.68011019454377,-34.92935339818135],[138.68011019454377,-34.9203601945441],[138.689103398181,-34.9203601945441],[138.689103398181,-34.92935339818135],[138.68011019454377,-34.92935339818135]]]}},{"type":"Feature","properties":{"jobs":466,"pop":970,"pointCount":5,"homeWorkCommuteMedian":9751,"workHomeCommuteMedian":6459},"geometry":{"type":"Polygon","coordinates":[[[138.68011019454377,-34.9203601945441],[138.68011019454377,-34.911366990906856],[138.689103398181,-34.911366990906856],[138.689103398181,-34.9203601945441],[138.68011019454377,-34.9203601945441]]]}},{"type":"Feature","properties":{"jobs":315,"pop":598,"pointCount":3,"homeWorkCommuteMedian":10826,"workHomeCommuteMedian":13666},"geometry":{"type":"Polygon","coordinates":[[[138.68011019454377,-34.911366990906856],[138.68011019454377,-34.90237378726961],[138.689103398181,-34.90237378726961],[138.689103398181,-34.911366990906856],[138.68011019454377,-34.911366990906856]]]}},{"type":"Feature","properties":{"jobs":0,"pop":940,"pointCount":3,"homeWorkCommuteMedian":10073,"workHomeCommuteMedian":-1},"geometry":{"type":"Polygon","coordinates":[[[138.68011019454377,-34.90237378726961],[138.68011019454377,-34.893380583632364],[138.689103398181,-34.893380583632364],[138.689103398181,-34.90237378726961],[138.68011019454377,-34.90237378726961]]]}},{"type":"Feature","properties":{"jobs":208,"pop":1255,"pointCount":5,"homeWorkCommuteMedian":6420,"workHomeCommuteMedian":5680},"geometry":{"type":"Polygon","coordinates":[[[138.68011019454377,-34.893380583632364],[138.68011019454377,-34.88438737999512],[138.689103398181,-34.88438737999512],[138.689103398181,-34.893380583632364],[138.68011019454377,-34.893380583632364]]]}},{"type":"Feature","properties":{"jobs":822,"pop":1329,"pointCount":4,"homeWorkCommuteMedian":12954,"workHomeCommuteMedian":20754},"geometry":{"type":"Polygon","coordinates":[[[138.68011019454377,-34.88438737999512],[138.68011019454377,-34.87539417635787],[138.689103398181,-34.87539417635787],[138.689103398181,-34.88438737999512],[138.68011019454377,-34.88438737999512]]]}},{"type":"Feature","properties":{"jobs":351,"pop":901,"pointCount":4,"homeWorkCommuteMedian":11456,"workHomeCommuteMedian":11699},"geometry":{"type":"Polygon","coordinates":[[[138.68011019454377,-34.87539417635787],[138.68011019454377,-34.866400972720626],[138.689103398181,-34.866400972720626],[138.689103398181,-34.87539417635787],[138.68011019454377,-34.87539417635787]]]}},{"type":"Feature","properties":{"jobs":0,"pop":1345,"pointCount":6,"homeWorkCommuteMedian":8710,"workHomeCommuteMedian":-1},"geometry":{"type":"Polygon","coordinates":[[[138.68011019454377,-34.866400972720626],[138.68011019454377,-34.85740776908338],[138.689103398181,-34.85740776908338],[138.689103398181,-34.866400972720626],[138.68011019454377,-34.866400972720626]]]}},{"type":"Feature","properties":{"jobs":470,"pop":0,"pointCount":1,"homeWorkCommuteMedian":-1,"workHomeCommuteMedian":11206},"geometry":{"type":"Polygon","coordinates":[[[138.68011019454377,-34.85740776908338],[138.68011019454377,-34.848414565446134],[138.689103398181,-34.848414565446134],[138.689103398181,-34.85740776908338],[138.68011019454377,-34.85740776908338]]]}},{"type":"Feature","properties":{"jobs":723,"pop":534,"pointCount":4,"homeWorkCommuteMedian":15413,"workHomeCommuteMedian":16640},"geometry":{"type":"Polygon","coordinates":[[[138.68011019454377,-34.848414565446134],[138.68011019454377,-34.83942136180889],[138.689103398181,-34.83942136180889],[138.689103398181,-34.848414565446134],[138.68011019454377,-34.848414565446134]]]}},{"type":"Feature","properties":{"jobs":2311,"pop":685,"pointCount":4,"homeWorkCommuteMedian":14463,"workHomeCommuteMedian":7696},"geometry":{"type":"Polygon","coordinates":[[[138.68011019454377,-34.83942136180889],[138.68011019454377,-34.83042815817164],[138.689103398181,-34.83042815817164],[138.689103398181,-34.83942136180889],[138.68011019454377,-34.83942136180889]]]}},{"type":"Feature","properties":{"jobs":248,"pop":295,"pointCount":1,"homeWorkCommuteMedian":13795,"workHomeCommuteMedian":23314},"geometry":{"type":"Polygon","coordinates":[[[138.68011019454377,-34.83042815817164],[138.68011019454377,-34.821434954534396],[138.689103398181,-34.821434954534396],[138.689103398181,-34.83042815817164],[138.68011019454377,-34.83042815817164]]]}},{"type":"Feature","properties":{"jobs":0,"pop":514,"pointCount":3,"homeWorkCommuteMedian":4442,"workHomeCommuteMedian":-1},"geometry":{"type":"Polygon","coordinates":[[[138.68011019454377,-34.821434954534396],[138.68011019454377,-34.81244175089715],[138.689103398181,-34.81244175089715],[138.689103398181,-34.821434954534396],[138.68011019454377,-34.821434954534396]]]}},{"type":"Feature","properties":{"jobs":143,"pop":1043,"pointCount":4,"homeWorkCommuteMedian":17333,"workHomeCommuteMedian":4156},"geometry":{"type":"Polygon","coordinates":[[[138.68011019454377,-34.81244175089715],[138.68011019454377,-34.803448547259904],[138.689103398181,-34.803448547259904],[138.689103398181,-34.81244175089715],[138.68011019454377,-34.81244175089715]]]}},{"type":"Feature","properties":{"jobs":0,"pop":671,"pointCount":4,"homeWorkCommuteMedian":6906,"workHomeCommuteMedian":-1},"geometry":{"type":"Polygon","coordinates":[[[138.68011019454377,-34.803448547259904],[138.68011019454377,-34.79445534362266],[138.689103398181,-34.79445534362266],[138.689103398181,-34.803448547259904],[138.68011019454377,-34.803448547259904]]]}},{"type":"Feature","properties":{"jobs":0,"pop":564,"pointCount":3,"homeWorkCommuteMedian":18941,"workHomeCommuteMedian":-1},"geometry":{"type":"Polygon","coordinates":[[[138.68011019454377,-34.79445534362266],[138.68011019454377,-34.78546213998541],[138.689103398181,-34.78546213998541],[138.689103398181,-34.79445534362266],[138.68011019454377,-34.79445534362266]]]}},{"type":"Feature","properties":{"jobs":475,"pop":0,"pointCount":1,"homeWorkCommuteMedian":-1,"workHomeCommuteMedian":9949},"geometry":{"type":"Polygon","coordinates":[[[138.68011019454377,-34.78546213998541],[138.68011019454377,-34.77646893634817],[138.689103398181,-34.77646893634817],[138.689103398181,-34.78546213998541],[138.68011019454377,-34.78546213998541]]]}},{"type":"Feature","properties":{"jobs":0,"pop":377,"pointCount":2,"homeWorkCommuteMedian":11187,"workHomeCommuteMedian":-1},"geometry":{"type":"Polygon","coordinates":[[[138.68011019454377,-34.77646893634817],[138.68011019454377,-34.76747573271092],[138.689103398181,-34.76747573271092],[138.689103398181,-34.77646893634817],[138.68011019454377,-34.77646893634817]]]}},{"type":"Feature","properties":{"jobs":0,"pop":306,"pointCount":2,"homeWorkCommuteMedian":36254,"workHomeCommuteMedian":-1},"geometry":{"type":"Polygon","coordinates":[[[138.68011019454377,-34.76747573271092],[138.68011019454377,-34.758482529073675],[138.689103398181,-34.758482529073675],[138.689103398181,-34.76747573271092],[138.68011019454377,-34.76747573271092]]]}},{"type":"Feature","properties":{"jobs":0,"pop":678,"pointCount":3,"homeWorkCommuteMedian":19284,"workHomeCommuteMedian":-1},"geometry":{"type":"Polygon","coordinates":[[[138.68011019454377,-34.758482529073675],[138.68011019454377,-34.74948932543643],[138.689103398181,-34.74948932543643],[138.689103398181,-34.758482529073675],[138.68011019454377,-34.758482529073675]]]}},{"type":"Feature","properties":{"jobs":0,"pop":213,"pointCount":1,"homeWorkCommuteMedian":14893,"workHomeCommuteMedian":-1},"geometry":{"type":"Polygon","coordinates":[[[138.68011019454377,-34.74948932543643],[138.68011019454377,-34.74049612179918],[138.689103398181,-34.74049612179918],[138.689103398181,-34.74948932543643],[138.68011019454377,-34.74948932543643]]]}},{"type":"Feature","properties":{"jobs":0,"pop":328,"pointCount":2,"homeWorkCommuteMedian":14852,"workHomeCommuteMedian":-1},"geometry":{"type":"Polygon","coordinates":[[[138.68011019454377,-34.74049612179918],[138.68011019454377,-34.73150291816194],[138.689103398181,-34.73150291816194],[138.689103398181,-34.74049612179918],[138.68011019454377,-34.74049612179918]]]}},{"type":"Feature","properties":{"jobs":432,"pop":422,"pointCount":3,"homeWorkCommuteMedian":26564,"workHomeCommuteMedian":14927},"geometry":{"type":"Polygon","coordinates":[[[138.68011019454377,-34.73150291816194],[138.68011019454377,-34.72250971452469],[138.689103398181,-34.72250971452469],[138.689103398181,-34.73150291816194],[138.68011019454377,-34.73150291816194]]]}},{"type":"Feature","properties":{"jobs":158,"pop":365,"pointCount":3,"homeWorkCommuteMedian":9922,"workHomeCommuteMedian":27568},"geometry":{"type":"Polygon","coordinates":[[[138.68011019454377,-34.72250971452469],[138.68011019454377,-34.713516510887445],[138.689103398181,-34.713516510887445],[138.689103398181,-34.72250971452469],[138.68011019454377,-34.72250971452469]]]}},{"type":"Feature","properties":{"jobs":0,"pop":780,"pointCount":4,"homeWorkCommuteMedian":25477,"workHomeCommuteMedian":-1},"geometry":{"type":"Polygon","coordinates":[[[138.68011019454377,-34.713516510887445],[138.68011019454377,-34.7045233072502],[138.689103398181,-34.7045233072502],[138.689103398181,-34.713516510887445],[138.68011019454377,-34.713516510887445]]]}},{"type":"Feature","properties":{"jobs":0,"pop":299,"pointCount":3,"homeWorkCommuteMedian":23724,"workHomeCommuteMedian":-1},"geometry":{"type":"Polygon","coordinates":[[[138.68011019454377,-34.7045233072502],[138.68011019454377,-34.69553010361295],[138.689103398181,-34.69553010361295],[138.689103398181,-34.7045233072502],[138.68011019454377,-34.7045233072502]]]}},{"type":"Feature","properties":{"jobs":589,"pop":105,"pointCount":1,"homeWorkCommuteMedian":3075,"workHomeCommuteMedian":22556},"geometry":{"type":"Polygon","coordinates":[[[138.68011019454377,-34.69553010361295],[138.68011019454377,-34.68653689997571],[138.689103398181,-34.68653689997571],[138.689103398181,-34.69553010361295],[138.68011019454377,-34.69553010361295]]]}},{"type":"Feature","properties":{"jobs":1243,"pop":536,"pointCount":4,"homeWorkCommuteMedian":37816,"workHomeCommuteMedian":8757},"geometry":{"type":"Polygon","coordinates":[[[138.68011019454377,-34.68653689997571],[138.68011019454377,-34.67754369633846],[138.689103398181,-34.67754369633846],[138.689103398181,-34.68653689997571],[138.68011019454377,-34.68653689997571]]]}},{"type":"Feature","properties":{"jobs":0,"pop":369,"pointCount":2,"homeWorkCommuteMedian":37788,"workHomeCommuteMedian":-1},"geometry":{"type":"Polygon","coordinates":[[[138.68011019454377,-34.67754369633846],[138.68011019454377,-34.668550492701215],[138.689103398181,-34.668550492701215],[138.689103398181,-34.67754369633846],[138.68011019454377,-34.67754369633846]]]}},{"type":"Feature","properties":{"jobs":0,"pop":703,"pointCount":4,"homeWorkCommuteMedian":10610,"workHomeCommuteMedian":-1},"geometry":{"type":"Polygon","coordinates":[[[138.68011019454377,-34.668550492701215],[138.68011019454377,-34.65955728906397],[138.689103398181,-34.65955728906397],[138.689103398181,-34.668550492701215],[138.68011019454377,-34.668550492701215]]]}},{"type":"Feature","properties":{"jobs":0,"pop":161,"pointCount":1,"homeWorkCommuteMedian":35492,"workHomeCommuteMedian":-1},"geometry":{"type":"Polygon","coordinates":[[[138.689103398181,-35.046265045465546],[138.689103398181,-35.0372718418283],[138.69809660181824,-35.0372718418283],[138.69809660181824,-35.046265045465546],[138.689103398181,-35.046265045465546]]]}},{"type":"Feature","properties":{"jobs":0,"pop":155,"pointCount":1,"homeWorkCommuteMedian":15107,"workHomeCommuteMedian":-1},"geometry":{"type":"Polygon","coordinates":[[[138.689103398181,-35.028278638191054],[138.689103398181,-35.01928543455381],[138.69809660181824,-35.01928543455381],[138.69809660181824,-35.028278638191054],[138.689103398181,-35.028278638191054]]]}},{"type":"Feature","properties":{"jobs":0,"pop":202,"pointCount":1,"homeWorkCommuteMedian":17121,"workHomeCommuteMedian":-1},"geometry":{"type":"Polygon","coordinates":[[[138.689103398181,-35.01928543455381],[138.689103398181,-35.01029223091656],[138.69809660181824,-35.01029223091656],[138.69809660181824,-35.01928543455381],[138.689103398181,-35.01928543455381]]]}},{"type":"Feature","properties":{"jobs":0,"pop":233,"pointCount":1,"homeWorkCommuteMedian":11796,"workHomeCommuteMedian":-1},"geometry":{"type":"Polygon","coordinates":[[[138.689103398181,-34.956333009093086],[138.689103398181,-34.94733980545584],[138.69809660181824,-34.94733980545584],[138.69809660181824,-34.956333009093086],[138.689103398181,-34.956333009093086]]]}},{"type":"Feature","properties":{"jobs":0,"pop":326,"pointCount":1,"homeWorkCommuteMedian":20414,"workHomeCommuteMedian":-1},"geometry":{"type":"Polygon","coordinates":[[[138.689103398181,-34.92935339818135],[138.689103398181,-34.9203601945441],[138.69809660181824,-34.9203601945441],[138.69809660181824,-34.92935339818135],[138.689103398181,-34.92935339818135]]]}},{"type":"Feature","properties":{"jobs":0,"pop":583,"pointCount":1,"homeWorkCommuteMedian":9874,"workHomeCommuteMedian":-1},"geometry":{"type":"Polygon","coordinates":[[[138.689103398181,-34.911366990906856],[138.689103398181,-34.90237378726961],[138.69809660181824,-34.90237378726961],[138.69809660181824,-34.911366990906856],[138.689103398181,-34.911366990906856]]]}},{"type":"Feature","properties":{"jobs":328,"pop":1406,"pointCount":5,"homeWorkCommuteMedian":10388,"workHomeCommuteMedian":4849},"geometry":{"type":"Polygon","coordinates":[[[138.689103398181,-34.893380583632364],[138.689103398181,-34.88438737999512],[138.69809660181824,-34.88438737999512],[138.69809660181824,-34.893380583632364],[138.689103398181,-34.893380583632364]]]}},{"type":"Feature","properties":{"jobs":0,"pop":641,"pointCount":4,"homeWorkCommuteMedian":12031,"workHomeCommuteMedian":-1},"geometry":{"type":"Polygon","coordinates":[[[138.689103398181,-34.88438737999512],[138.689103398181,-34.87539417635787],[138.69809660181824,-34.87539417635787],[138.69809660181824,-34.88438737999512],[138.689103398181,-34.88438737999512]]]}},{"type":"Feature","properties":{"jobs":0,"pop":755,"pointCount":4,"homeWorkCommuteMedian":11914,"workHomeCommuteMedian":-1},"geometry":{"type":"Polygon","coordinates":[[[138.689103398181,-34.87539417635787],[138.689103398181,-34.866400972720626],[138.69809660181824,-34.866400972720626],[138.69809660181824,-34.87539417635787],[138.689103398181,-34.87539417635787]]]}},{"type":"Feature","properties":{"jobs":111,"pop":773,"pointCount":4,"homeWorkCommuteMedian":9206,"workHomeCommuteMedian":8133},"geometry":{"type":"Polygon","coordinates":[[[138.689103398181,-34.866400972720626],[138.689103398181,-34.85740776908338],[138.69809660181824,-34.85740776908338],[138.69809660181824,-34.866400972720626],[138.689103398181,-34.866400972720626]]]}},{"type":"Feature","properties":{"jobs":0,"pop":189,"pointCount":1,"homeWorkCommuteMedian":13205,"workHomeCommuteMedian":-1},"geometry":{"type":"Polygon","coordinates":[[[138.689103398181,-34.85740776908338],[138.689103398181,-34.848414565446134],[138.69809660181824,-34.848414565446134],[138.69809660181824,-34.85740776908338],[138.689103398181,-34.85740776908338]]]}},{"type":"Feature","properties":{"jobs":142,"pop":910,"pointCount":4,"homeWorkCommuteMedian":14574,"workHomeCommuteMedian":59420},"geometry":{"type":"Polygon","coordinates":[[[138.689103398181,-34.848414565446134],[138.689103398181,-34.83942136180889],[138.69809660181824,-34.83942136180889],[138.69809660181824,-34.848414565446134],[138.689103398181,-34.848414565446134]]]}},{"type":"Feature","properties":{"jobs":4298,"pop":614,"pointCount":5,"homeWorkCommuteMedian":14467,"workHomeCommuteMedian":9726},"geometry":{"type":"Polygon","coordinates":[[[138.689103398181,-34.83942136180889],[138.689103398181,-34.83042815817164],[138.69809660181824,-34.83042815817164],[138.69809660181824,-34.83942136180889],[138.689103398181,-34.83942136180889]]]}},{"type":"Feature","properties":{"jobs":943,"pop":832,"pointCount":5,"homeWorkCommuteMedian":10992,"workHomeCommuteMedian":7262},"geometry":{"type":"Polygon","coordinates":[[[138.689103398181,-34.83042815817164],[138.689103398181,-34.821434954534396],[138.69809660181824,-34.821434954534396],[138.69809660181824,-34.83042815817164],[138.689103398181,-34.83042815817164]]]}},{"type":"Feature","properties":{"jobs":0,"pop":1060,"pointCount":5,"homeWorkCommuteMedian":16934,"workHomeCommuteMedian":-1},"geometry":{"type":"Polygon","coordinates":[[[138.689103398181,-34.821434954534396],[138.689103398181,-34.81244175089715],[138.69809660181824,-34.81244175089715],[138.69809660181824,-34.821434954534396],[138.689103398181,-34.821434954534396]]]}},{"type":"Feature","properties":{"jobs":199,"pop":498,"pointCount":3,"homeWorkCommuteMedian":18134,"workHomeCommuteMedian":2092},"geometry":{"type":"Polygon","coordinates":[[[138.689103398181,-34.81244175089715],[138.689103398181,-34.803448547259904],[138.69809660181824,-34.803448547259904],[138.69809660181824,-34.81244175089715],[138.689103398181,-34.81244175089715]]]}},{"type":"Feature","properties":{"jobs":478,"pop":727,"pointCount":4,"homeWorkCommuteMedian":18784,"workHomeCommuteMedian":21118},"geometry":{"type":"Polygon","coordinates":[[[138.689103398181,-34.803448547259904],[138.689103398181,-34.79445534362266],[138.69809660181824,-34.79445534362266],[138.69809660181824,-34.803448547259904],[138.689103398181,-34.803448547259904]]]}},{"type":"Feature","properties":{"jobs":1548,"pop":463,"pointCount":4,"homeWorkCommuteMedian":8158,"workHomeCommuteMedian":9671},"geometry":{"type":"Polygon","coordinates":[[[138.689103398181,-34.79445534362266],[138.689103398181,-34.78546213998541],[138.69809660181824,-34.78546213998541],[138.69809660181824,-34.79445534362266],[138.689103398181,-34.79445534362266]]]}},{"type":"Feature","properties":{"jobs":0,"pop":179,"pointCount":1,"homeWorkCommuteMedian":21042,"workHomeCommuteMedian":-1},"geometry":{"type":"Polygon","coordinates":[[[138.689103398181,-34.78546213998541],[138.689103398181,-34.77646893634817],[138.69809660181824,-34.77646893634817],[138.69809660181824,-34.78546213998541],[138.689103398181,-34.78546213998541]]]}},{"type":"Feature","properties":{"jobs":562,"pop":449,"pointCount":1,"homeWorkCommuteMedian":23164,"workHomeCommuteMedian":14532},"geometry":{"type":"Polygon","coordinates":[[[138.689103398181,-34.77646893634817],[138.689103398181,-34.76747573271092],[138.69809660181824,-34.76747573271092],[138.69809660181824,-34.77646893634817],[138.689103398181,-34.77646893634817]]]}},{"type":"Feature","properties":{"jobs":231,"pop":245,"pointCount":1,"homeWorkCommuteMedian":15852,"workHomeCommuteMedian":16443},"geometry":{"type":"Polygon","coordinates":[[[138.689103398181,-34.76747573271092],[138.689103398181,-34.758482529073675],[138.69809660181824,-34.758482529073675],[138.69809660181824,-34.76747573271092],[138.689103398181,-34.76747573271092]]]}},{"type":"Feature","properties":{"jobs":0,"pop":649,"pointCount":3,"homeWorkCommuteMedian":7849,"workHomeCommuteMedian":-1},"geometry":{"type":"Polygon","coordinates":[[[138.689103398181,-34.73150291816194],[138.689103398181,-34.72250971452469],[138.69809660181824,-34.72250971452469],[138.69809660181824,-34.73150291816194],[138.689103398181,-34.73150291816194]]]}},{"type":"Feature","properties":{"jobs":479,"pop":453,"pointCount":3,"homeWorkCommuteMedian":12353,"workHomeCommuteMedian":10150},"geometry":{"type":"Polygon","coordinates":[[[138.689103398181,-34.72250971452469],[138.689103398181,-34.713516510887445],[138.69809660181824,-34.713516510887445],[138.69809660181824,-34.72250971452469],[138.689103398181,-34.72250971452469]]]}},{"type":"Feature","properties":{"jobs":0,"pop":275,"pointCount":3,"homeWorkCommuteMedian":24717,"workHomeCommuteMedian":-1},"geometry":{"type":"Polygon","coordinates":[[[138.689103398181,-34.713516510887445],[138.689103398181,-34.7045233072502],[138.69809660181824,-34.7045233072502],[138.69809660181824,-34.713516510887445],[138.689103398181,-34.713516510887445]]]}},{"type":"Feature","properties":{"jobs":0,"pop":338,"pointCount":3,"homeWorkCommuteMedian":29253,"workHomeCommuteMedian":-1},"geometry":{"type":"Polygon","coordinates":[[[138.689103398181,-34.7045233072502],[138.689103398181,-34.69553010361295],[138.69809660181824,-34.69553010361295],[138.69809660181824,-34.7045233072502],[138.689103398181,-34.7045233072502]]]}},{"type":"Feature","properties":{"jobs":288,"pop":783,"pointCount":4,"homeWorkCommuteMedian":8472,"workHomeCommuteMedian":20221},"geometry":{"type":"Polygon","coordinates":[[[138.689103398181,-34.69553010361295],[138.689103398181,-34.68653689997571],[138.69809660181824,-34.68653689997571],[138.69809660181824,-34.69553010361295],[138.689103398181,-34.69553010361295]]]}},{"type":"Feature","properties":{"jobs":430,"pop":405,"pointCount":3,"homeWorkCommuteMedian":19639,"workHomeCommuteMedian":8254},"geometry":{"type":"Polygon","coordinates":[[[138.689103398181,-34.68653689997571],[138.689103398181,-34.67754369633846],[138.69809660181824,-34.67754369633846],[138.69809660181824,-34.68653689997571],[138.689103398181,-34.68653689997571]]]}},{"type":"Feature","properties":{"jobs":623,"pop":304,"pointCount":2,"homeWorkCommuteMedian":35018,"workHomeCommuteMedian":7683},"geometry":{"type":"Polygon","coordinates":[[[138.689103398181,-34.67754369633846],[138.689103398181,-34.668550492701215],[138.69809660181824,-34.668550492701215],[138.69809660181824,-34.67754369633846],[138.689103398181,-34.67754369633846]]]}},{"type":"Feature","properties":{"jobs":0,"pop":216,"pointCount":1,"homeWorkCommuteMedian":43394,"workHomeCommuteMedian":-1},"geometry":{"type":"Polygon","coordinates":[[[138.689103398181,-34.668550492701215],[138.689103398181,-34.65955728906397],[138.69809660181824,-34.65955728906397],[138.69809660181824,-34.668550492701215],[138.689103398181,-34.668550492701215]]]}},{"type":"Feature","properties":{"jobs":710,"pop":60,"pointCount":1,"homeWorkCommuteMedian":26243,"workHomeCommuteMedian":17670},"geometry":{"type":"Polygon","coordinates":[[[138.689103398181,-34.65955728906397],[138.689103398181,-34.65056408542672],[138.69809660181824,-34.65056408542672],[138.69809660181824,-34.65955728906397],[138.689103398181,-34.65955728906397]]]}},{"type":"Feature","properties":{"jobs":0,"pop":104,"pointCount":1,"homeWorkCommuteMedian":10638,"workHomeCommuteMedian":-1},"geometry":{"type":"Polygon","coordinates":[[[138.689103398181,-34.623584474514985],[138.689103398181,-34.61459127087774],[138.69809660181824,-34.61459127087774],[138.69809660181824,-34.623584474514985],[138.689103398181,-34.623584474514985]]]}},{"type":"Feature","properties":{"jobs":0,"pop":91,"pointCount":1,"homeWorkCommuteMedian":8004,"workHomeCommuteMedian":-1},"geometry":{"type":"Polygon","coordinates":[[[138.69809660181824,-35.06425145274004],[138.69809660181824,-35.05525824910279],[138.70708980545547,-35.05525824910279],[138.70708980545547,-35.06425145274004],[138.69809660181824,-35.06425145274004]]]}},{"type":"Feature","properties":{"jobs":0,"pop":141,"pointCount":1,"homeWorkCommuteMedian":19603,"workHomeCommuteMedian":-1},"geometry":{"type":"Polygon","coordinates":[[[138.69809660181824,-35.01928543455381],[138.69809660181824,-35.01029223091656],[138.70708980545547,-35.01029223091656],[138.70708980545547,-35.01928543455381],[138.69809660181824,-35.01928543455381]]]}},{"type":"Feature","properties":{"jobs":0,"pop":316,"pointCount":1,"homeWorkCommuteMedian":9874,"workHomeCommuteMedian":-1},"geometry":{"type":"Polygon","coordinates":[[[138.69809660181824,-34.9203601945441],[138.69809660181824,-34.911366990906856],[138.70708980545547,-34.911366990906856],[138.70708980545547,-34.9203601945441],[138.69809660181824,-34.9203601945441]]]}},{"type":"Feature","properties":{"jobs":189,"pop":186,"pointCount":1,"homeWorkCommuteMedian":16352,"workHomeCommuteMedian":37278},"geometry":{"type":"Polygon","coordinates":[[[138.69809660181824,-34.90237378726961],[138.69809660181824,-34.893380583632364],[138.70708980545547,-34.893380583632364],[138.70708980545547,-34.90237378726961],[138.69809660181824,-34.90237378726961]]]}},{"type":"Feature","properties":{"jobs":97,"pop":380,"pointCount":2,"homeWorkCommuteMedian":13455,"workHomeCommuteMedian":27788},"geometry":{"type":"Polygon","coordinates":[[[138.69809660181824,-34.893380583632364],[138.69809660181824,-34.88438737999512],[138.70708980545547,-34.88438737999512],[138.70708980545547,-34.893380583632364],[138.69809660181824,-34.893380583632364]]]}},{"type":"Feature","properties":{"jobs":253,"pop":435,"pointCount":3,"homeWorkCommuteMedian":11684,"workHomeCommuteMedian":18510},"geometry":{"type":"Polygon","coordinates":[[[138.69809660181824,-34.88438737999512],[138.69809660181824,-34.87539417635787],[138.70708980545547,-34.87539417635787],[138.70708980545547,-34.88438737999512],[138.69809660181824,-34.88438737999512]]]}},{"type":"Feature","properties":{"jobs":0,"pop":1071,"pointCount":4,"homeWorkCommuteMedian":12918,"workHomeCommuteMedian":-1},"geometry":{"type":"Polygon","coordinates":[[[138.69809660181824,-34.87539417635787],[138.69809660181824,-34.866400972720626],[138.70708980545547,-34.866400972720626],[138.70708980545547,-34.87539417635787],[138.69809660181824,-34.87539417635787]]]}},{"type":"Feature","properties":{"jobs":0,"pop":908,"pointCount":6,"homeWorkCommuteMedian":15568,"workHomeCommuteMedian":-1},"geometry":{"type":"Polygon","coordinates":[[[138.69809660181824,-34.866400972720626],[138.69809660181824,-34.85740776908338],[138.70708980545547,-34.85740776908338],[138.70708980545547,-34.866400972720626],[138.69809660181824,-34.866400972720626]]]}},{"type":"Feature","properties":{"jobs":0,"pop":906,"pointCount":4,"homeWorkCommuteMedian":13011,"workHomeCommuteMedian":-1},"geometry":{"type":"Polygon","coordinates":[[[138.69809660181824,-34.85740776908338],[138.69809660181824,-34.848414565446134],[138.70708980545547,-34.848414565446134],[138.70708980545547,-34.85740776908338],[138.69809660181824,-34.85740776908338]]]}},{"type":"Feature","properties":{"jobs":879,"pop":966,"pointCount":6,"homeWorkCommuteMedian":14678,"workHomeCommuteMedian":8806},"geometry":{"type":"Polygon","coordinates":[[[138.69809660181824,-34.848414565446134],[138.69809660181824,-34.83942136180889],[138.70708980545547,-34.83942136180889],[138.70708980545547,-34.848414565446134],[138.69809660181824,-34.848414565446134]]]}},{"type":"Feature","properties":{"jobs":689,"pop":422,"pointCount":2,"homeWorkCommuteMedian":13508,"workHomeCommuteMedian":4917},"geometry":{"type":"Polygon","coordinates":[[[138.69809660181824,-34.83942136180889],[138.69809660181824,-34.83042815817164],[138.70708980545547,-34.83042815817164],[138.70708980545547,-34.83942136180889],[138.69809660181824,-34.83942136180889]]]}},{"type":"Feature","properties":{"jobs":86,"pop":888,"pointCount":3,"homeWorkCommuteMedian":11978,"workHomeCommuteMedian":3253},"geometry":{"type":"Polygon","coordinates":[[[138.69809660181824,-34.83042815817164],[138.69809660181824,-34.821434954534396],[138.70708980545547,-34.821434954534396],[138.70708980545547,-34.83042815817164],[138.69809660181824,-34.83042815817164]]]}},{"type":"Feature","properties":{"jobs":439,"pop":936,"pointCount":4,"homeWorkCommuteMedian":16041,"workHomeCommuteMedian":14192},"geometry":{"type":"Polygon","coordinates":[[[138.69809660181824,-34.821434954534396],[138.69809660181824,-34.81244175089715],[138.70708980545547,-34.81244175089715],[138.70708980545547,-34.821434954534396],[138.69809660181824,-34.821434954534396]]]}},{"type":"Feature","properties":{"jobs":0,"pop":1021,"pointCount":5,"homeWorkCommuteMedian":16662,"workHomeCommuteMedian":-1},"geometry":{"type":"Polygon","coordinates":[[[138.69809660181824,-34.81244175089715],[138.69809660181824,-34.803448547259904],[138.70708980545547,-34.803448547259904],[138.70708980545547,-34.81244175089715],[138.69809660181824,-34.81244175089715]]]}},{"type":"Feature","properties":{"jobs":0,"pop":534,"pointCount":3,"homeWorkCommuteMedian":11390,"workHomeCommuteMedian":-1},"geometry":{"type":"Polygon","coordinates":[[[138.69809660181824,-34.803448547259904],[138.69809660181824,-34.79445534362266],[138.70708980545547,-34.79445534362266],[138.70708980545547,-34.803448547259904],[138.69809660181824,-34.803448547259904]]]}},{"type":"Feature","properties":{"jobs":518,"pop":1142,"pointCount":5,"homeWorkCommuteMedian":10645,"workHomeCommuteMedian":27715},"geometry":{"type":"Polygon","coordinates":[[[138.69809660181824,-34.79445534362266],[138.69809660181824,-34.78546213998541],[138.70708980545547,-34.78546213998541],[138.70708980545547,-34.79445534362266],[138.69809660181824,-34.79445534362266]]]}},{"type":"Feature","properties":{"jobs":625,"pop":824,"pointCount":4,"homeWorkCommuteMedian":16263,"workHomeCommuteMedian":5811},"geometry":{"type":"Polygon","coordinates":[[[138.69809660181824,-34.78546213998541],[138.69809660181824,-34.77646893634817],[138.70708980545547,-34.77646893634817],[138.70708980545547,-34.78546213998541],[138.69809660181824,-34.78546213998541]]]}},{"type":"Feature","properties":{"jobs":0,"pop":993,"pointCount":4,"homeWorkCommuteMedian":20665,"workHomeCommuteMedian":-1},"geometry":{"type":"Polygon","coordinates":[[[138.69809660181824,-34.77646893634817],[138.69809660181824,-34.76747573271092],[138.70708980545547,-34.76747573271092],[138.70708980545547,-34.77646893634817],[138.69809660181824,-34.77646893634817]]]}},{"type":"Feature","properties":{"jobs":125,"pop":235,"pointCount":1,"homeWorkCommuteMedian":9870,"workHomeCommuteMedian":5397},"geometry":{"type":"Polygon","coordinates":[[[138.69809660181824,-34.76747573271092],[138.69809660181824,-34.758482529073675],[138.70708980545547,-34.758482529073675],[138.70708980545547,-34.76747573271092],[138.69809660181824,-34.76747573271092]]]}},{"type":"Feature","properties":{"jobs":156,"pop":231,"pointCount":1,"homeWorkCommuteMedian":31145,"workHomeCommuteMedian":4930},"geometry":{"type":"Polygon","coordinates":[[[138.69809660181824,-34.72250971452469],[138.69809660181824,-34.713516510887445],[138.70708980545547,-34.713516510887445],[138.70708980545547,-34.72250971452469],[138.69809660181824,-34.72250971452469]]]}},{"type":"Feature","properties":{"jobs":212,"pop":444,"pointCount":3,"homeWorkCommuteMedian":18679,"workHomeCommuteMedian":14833},"geometry":{"type":"Polygon","coordinates":[[[138.69809660181824,-34.713516510887445],[138.69809660181824,-34.7045233072502],[138.70708980545547,-34.7045233072502],[138.70708980545547,-34.713516510887445],[138.69809660181824,-34.713516510887445]]]}},{"type":"Feature","properties":{"jobs":0,"pop":449,"pointCount":4,"homeWorkCommuteMedian":15933,"workHomeCommuteMedian":-1},"geometry":{"type":"Polygon","coordinates":[[[138.69809660181824,-34.7045233072502],[138.69809660181824,-34.69553010361295],[138.70708980545547,-34.69553010361295],[138.70708980545547,-34.7045233072502],[138.69809660181824,-34.7045233072502]]]}},{"type":"Feature","properties":{"jobs":0,"pop":691,"pointCount":4,"homeWorkCommuteMedian":31630,"workHomeCommuteMedian":-1},"geometry":{"type":"Polygon","coordinates":[[[138.69809660181824,-34.69553010361295],[138.69809660181824,-34.68653689997571],[138.70708980545547,-34.68653689997571],[138.70708980545547,-34.69553010361295],[138.69809660181824,-34.69553010361295]]]}},{"type":"Feature","properties":{"jobs":0,"pop":1114,"pointCount":5,"homeWorkCommuteMedian":17305,"workHomeCommuteMedian":-1},"geometry":{"type":"Polygon","coordinates":[[[138.69809660181824,-34.68653689997571],[138.69809660181824,-34.67754369633846],[138.70708980545547,-34.67754369633846],[138.70708980545547,-34.68653689997571],[138.69809660181824,-34.68653689997571]]]}},{"type":"Feature","properties":{"jobs":131,"pop":840,"pointCount":5,"homeWorkCommuteMedian":17840,"workHomeCommuteMedian":15747},"geometry":{"type":"Polygon","coordinates":[[[138.69809660181824,-34.67754369633846],[138.69809660181824,-34.668550492701215],[138.70708980545547,-34.668550492701215],[138.70708980545547,-34.67754369633846],[138.69809660181824,-34.67754369633846]]]}},{"type":"Feature","properties":{"jobs":349,"pop":212,"pointCount":2,"homeWorkCommuteMedian":19436,"workHomeCommuteMedian":4632},"geometry":{"type":"Polygon","coordinates":[[[138.69809660181824,-34.668550492701215],[138.69809660181824,-34.65955728906397],[138.70708980545547,-34.65955728906397],[138.70708980545547,-34.668550492701215],[138.69809660181824,-34.668550492701215]]]}},{"type":"Feature","properties":{"jobs":376,"pop":215,"pointCount":1,"homeWorkCommuteMedian":43399,"workHomeCommuteMedian":8873},"geometry":{"type":"Polygon","coordinates":[[[138.69809660181824,-34.64157088178948],[138.69809660181824,-34.63257767815223],[138.70708980545547,-34.63257767815223],[138.70708980545547,-34.64157088178948],[138.69809660181824,-34.64157088178948]]]}},{"type":"Feature","properties":{"jobs":0,"pop":98,"pointCount":1,"homeWorkCommuteMedian":20446,"workHomeCommuteMedian":-1},"geometry":{"type":"Polygon","coordinates":[[[138.69809660181824,-34.60559806724049],[138.69809660181824,-34.59660486360325],[138.70708980545547,-34.59660486360325],[138.70708980545547,-34.60559806724049],[138.69809660181824,-34.60559806724049]]]}},{"type":"Feature","properties":{"jobs":0,"pop":80,"pointCount":1,"homeWorkCommuteMedian":29213,"workHomeCommuteMedian":-1},"geometry":{"type":"Polygon","coordinates":[[[138.70708980545547,-35.091231063651776],[138.70708980545547,-35.08223786001453],[138.7160830090927,-35.08223786001453],[138.7160830090927,-35.091231063651776],[138.70708980545547,-35.091231063651776]]]}},{"type":"Feature","properties":{"jobs":0,"pop":67,"pointCount":1,"homeWorkCommuteMedian":19051,"workHomeCommuteMedian":-1},"geometry":{"type":"Polygon","coordinates":[[[138.70708980545547,-35.028278638191054],[138.70708980545547,-35.01928543455381],[138.7160830090927,-35.01928543455381],[138.7160830090927,-35.028278638191054],[138.70708980545547,-35.028278638191054]]]}},{"type":"Feature","properties":{"jobs":83,"pop":0,"pointCount":1,"homeWorkCommuteMedian":-1,"workHomeCommuteMedian":1013},"geometry":{"type":"Polygon","coordinates":[[[138.70708980545547,-35.01928543455381],[138.70708980545547,-35.01029223091656],[138.7160830090927,-35.01029223091656],[138.7160830090927,-35.01928543455381],[138.70708980545547,-35.01928543455381]]]}},{"type":"Feature","properties":{"jobs":101,"pop":147,"pointCount":2,"homeWorkCommuteMedian":17197,"workHomeCommuteMedian":23376},"geometry":{"type":"Polygon","coordinates":[[[138.70708980545547,-35.01029223091656],[138.70708980545547,-35.001299027279316],[138.7160830090927,-35.001299027279316],[138.7160830090927,-35.01029223091656],[138.70708980545547,-35.01029223091656]]]}},{"type":"Feature","properties":{"jobs":184,"pop":320,"pointCount":2,"homeWorkCommuteMedian":30463,"workHomeCommuteMedian":20710},"geometry":{"type":"Polygon","coordinates":[[[138.70708980545547,-35.001299027279316],[138.70708980545547,-34.99230582364207],[138.7160830090927,-34.99230582364207],[138.7160830090927,-35.001299027279316],[138.70708980545547,-35.001299027279316]]]}},{"type":"Feature","properties":{"jobs":225,"pop":196,"pointCount":1,"homeWorkCommuteMedian":15235,"workHomeCommuteMedian":21601},"geometry":{"type":"Polygon","coordinates":[[[138.70708980545547,-34.99230582364207],[138.70708980545547,-34.983312620004824],[138.7160830090927,-34.983312620004824],[138.7160830090927,-34.99230582364207],[138.70708980545547,-34.99230582364207]]]}},{"type":"Feature","properties":{"jobs":126,"pop":0,"pointCount":1,"homeWorkCommuteMedian":-1,"workHomeCommuteMedian":5712},"geometry":{"type":"Polygon","coordinates":[[[138.70708980545547,-34.911366990906856],[138.70708980545547,-34.90237378726961],[138.7160830090927,-34.90237378726961],[138.7160830090927,-34.911366990906856],[138.70708980545547,-34.911366990906856]]]}},{"type":"Feature","properties":{"jobs":0,"pop":375,"pointCount":2,"homeWorkCommuteMedian":10656,"workHomeCommuteMedian":-1},"geometry":{"type":"Polygon","coordinates":[[[138.70708980545547,-34.87539417635787],[138.70708980545547,-34.866400972720626],[138.7160830090927,-34.866400972720626],[138.7160830090927,-34.87539417635787],[138.70708980545547,-34.87539417635787]]]}},{"type":"Feature","properties":{"jobs":379,"pop":985,"pointCount":4,"homeWorkCommuteMedian":19845,"workHomeCommuteMedian":9212},"geometry":{"type":"Polygon","coordinates":[[[138.70708980545547,-34.866400972720626],[138.70708980545547,-34.85740776908338],[138.7160830090927,-34.85740776908338],[138.7160830090927,-34.866400972720626],[138.70708980545547,-34.866400972720626]]]}},{"type":"Feature","properties":{"jobs":0,"pop":389,"pointCount":2,"homeWorkCommuteMedian":14388,"workHomeCommuteMedian":-1},"geometry":{"type":"Polygon","coordinates":[[[138.70708980545547,-34.85740776908338],[138.70708980545547,-34.848414565446134],[138.7160830090927,-34.848414565446134],[138.7160830090927,-34.85740776908338],[138.70708980545547,-34.85740776908338]]]}},{"type":"Feature","properties":{"jobs":0,"pop":665,"pointCount":2,"homeWorkCommuteMedian":15759,"workHomeCommuteMedian":-1},"geometry":{"type":"Polygon","coordinates":[[[138.70708980545547,-34.848414565446134],[138.70708980545547,-34.83942136180889],[138.7160830090927,-34.83942136180889],[138.7160830090927,-34.848414565446134],[138.70708980545547,-34.848414565446134]]]}},{"type":"Feature","properties":{"jobs":182,"pop":779,"pointCount":4,"homeWorkCommuteMedian":16102,"workHomeCommuteMedian":7634},"geometry":{"type":"Polygon","coordinates":[[[138.70708980545547,-34.83942136180889],[138.70708980545547,-34.83042815817164],[138.7160830090927,-34.83042815817164],[138.7160830090927,-34.83942136180889],[138.70708980545547,-34.83942136180889]]]}},{"type":"Feature","properties":{"jobs":392,"pop":475,"pointCount":2,"homeWorkCommuteMedian":16638,"workHomeCommuteMedian":4302},"geometry":{"type":"Polygon","coordinates":[[[138.70708980545547,-34.83042815817164],[138.70708980545547,-34.821434954534396],[138.7160830090927,-34.821434954534396],[138.7160830090927,-34.83042815817164],[138.70708980545547,-34.83042815817164]]]}},{"type":"Feature","properties":{"jobs":118,"pop":1031,"pointCount":4,"homeWorkCommuteMedian":11842,"workHomeCommuteMedian":10865},"geometry":{"type":"Polygon","coordinates":[[[138.70708980545547,-34.821434954534396],[138.70708980545547,-34.81244175089715],[138.7160830090927,-34.81244175089715],[138.7160830090927,-34.821434954534396],[138.70708980545547,-34.821434954534396]]]}},{"type":"Feature","properties":{"jobs":0,"pop":1446,"pointCount":6,"homeWorkCommuteMedian":18334,"workHomeCommuteMedian":-1},"geometry":{"type":"Polygon","coordinates":[[[138.70708980545547,-34.81244175089715],[138.70708980545547,-34.803448547259904],[138.7160830090927,-34.803448547259904],[138.7160830090927,-34.81244175089715],[138.70708980545547,-34.81244175089715]]]}},{"type":"Feature","properties":{"jobs":0,"pop":635,"pointCount":3,"homeWorkCommuteMedian":14228,"workHomeCommuteMedian":-1},"geometry":{"type":"Polygon","coordinates":[[[138.70708980545547,-34.803448547259904],[138.70708980545547,-34.79445534362266],[138.7160830090927,-34.79445534362266],[138.7160830090927,-34.803448547259904],[138.70708980545547,-34.803448547259904]]]}},{"type":"Feature","properties":{"jobs":509,"pop":768,"pointCount":3,"homeWorkCommuteMedian":21466,"workHomeCommuteMedian":6292},"geometry":{"type":"Polygon","coordinates":[[[138.70708980545547,-34.79445534362266],[138.70708980545547,-34.78546213998541],[138.7160830090927,-34.78546213998541],[138.7160830090927,-34.79445534362266],[138.70708980545547,-34.79445534362266]]]}},{"type":"Feature","properties":{"jobs":389,"pop":701,"pointCount":4,"homeWorkCommuteMedian":19255,"workHomeCommuteMedian":20873},"geometry":{"type":"Polygon","coordinates":[[[138.70708980545547,-34.78546213998541],[138.70708980545547,-34.77646893634817],[138.7160830090927,-34.77646893634817],[138.7160830090927,-34.78546213998541],[138.70708980545547,-34.78546213998541]]]}},{"type":"Feature","properties":{"jobs":0,"pop":1113,"pointCount":5,"homeWorkCommuteMedian":13852,"workHomeCommuteMedian":-1},"geometry":{"type":"Polygon","coordinates":[[[138.70708980545547,-34.77646893634817],[138.70708980545547,-34.76747573271092],[138.7160830090927,-34.76747573271092],[138.7160830090927,-34.77646893634817],[138.70708980545547,-34.77646893634817]]]}},{"type":"Feature","properties":{"jobs":293,"pop":763,"pointCount":3,"homeWorkCommuteMedian":25158,"workHomeCommuteMedian":8631},"geometry":{"type":"Polygon","coordinates":[[[138.70708980545547,-34.76747573271092],[138.70708980545547,-34.758482529073675],[138.7160830090927,-34.758482529073675],[138.7160830090927,-34.76747573271092],[138.70708980545547,-34.76747573271092]]]}},{"type":"Feature","properties":{"jobs":276,"pop":636,"pointCount":3,"homeWorkCommuteMedian":30466,"workHomeCommuteMedian":18374},"geometry":{"type":"Polygon","coordinates":[[[138.70708980545547,-34.713516510887445],[138.70708980545547,-34.7045233072502],[138.7160830090927,-34.7045233072502],[138.7160830090927,-34.713516510887445],[138.70708980545547,-34.713516510887445]]]}},{"type":"Feature","properties":{"jobs":105,"pop":708,"pointCount":4,"homeWorkCommuteMedian":13724,"workHomeCommuteMedian":3075},"geometry":{"type":"Polygon","coordinates":[[[138.70708980545547,-34.7045233072502],[138.70708980545547,-34.69553010361295],[138.7160830090927,-34.69553010361295],[138.7160830090927,-34.7045233072502],[138.70708980545547,-34.7045233072502]]]}},{"type":"Feature","properties":{"jobs":176,"pop":877,"pointCount":5,"homeWorkCommuteMedian":11201,"workHomeCommuteMedian":34086},"geometry":{"type":"Polygon","coordinates":[[[138.70708980545547,-34.69553010361295],[138.70708980545547,-34.68653689997571],[138.7160830090927,-34.68653689997571],[138.7160830090927,-34.69553010361295],[138.70708980545547,-34.69553010361295]]]}},{"type":"Feature","properties":{"jobs":0,"pop":777,"pointCount":3,"homeWorkCommuteMedian":34418,"workHomeCommuteMedian":-1},"geometry":{"type":"Polygon","coordinates":[[[138.70708980545547,-34.68653689997571],[138.70708980545547,-34.67754369633846],[138.7160830090927,-34.67754369633846],[138.7160830090927,-34.68653689997571],[138.70708980545547,-34.68653689997571]]]}},{"type":"Feature","properties":{"jobs":941,"pop":269,"pointCount":1,"homeWorkCommuteMedian":23314,"workHomeCommuteMedian":17482},"geometry":{"type":"Polygon","coordinates":[[[138.70708980545547,-34.67754369633846],[138.70708980545547,-34.668550492701215],[138.7160830090927,-34.668550492701215],[138.7160830090927,-34.67754369633846],[138.70708980545547,-34.67754369633846]]]}},{"type":"Feature","properties":{"jobs":0,"pop":162,"pointCount":1,"homeWorkCommuteMedian":31041,"workHomeCommuteMedian":-1},"geometry":{"type":"Polygon","coordinates":[[[138.7160830090927,-35.046265045465546],[138.7160830090927,-35.0372718418283],[138.72507621272993,-35.0372718418283],[138.72507621272993,-35.046265045465546],[138.7160830090927,-35.046265045465546]]]}},{"type":"Feature","properties":{"jobs":196,"pop":192,"pointCount":1,"homeWorkCommuteMedian":19362,"workHomeCommuteMedian":1776},"geometry":{"type":"Polygon","coordinates":[[[138.7160830090927,-35.028278638191054],[138.7160830090927,-35.01928543455381],[138.72507621272993,-35.01928543455381],[138.72507621272993,-35.028278638191054],[138.7160830090927,-35.028278638191054]]]}},{"type":"Feature","properties":{"jobs":241,"pop":308,"pointCount":2,"homeWorkCommuteMedian":25742,"workHomeCommuteMedian":23776},"geometry":{"type":"Polygon","coordinates":[[[138.7160830090927,-35.01928543455381],[138.7160830090927,-35.01029223091656],[138.72507621272993,-35.01029223091656],[138.72507621272993,-35.01928543455381],[138.7160830090927,-35.01928543455381]]]}},{"type":"Feature","properties":{"jobs":289,"pop":161,"pointCount":1,"homeWorkCommuteMedian":14484,"workHomeCommuteMedian":17564},"geometry":{"type":"Polygon","coordinates":[[[138.7160830090927,-35.01029223091656],[138.7160830090927,-35.001299027279316],[138.72507621272993,-35.001299027279316],[138.72507621272993,-35.01029223091656],[138.7160830090927,-35.01029223091656]]]}},{"type":"Feature","properties":{"jobs":0,"pop":214,"pointCount":1,"homeWorkCommuteMedian":16644,"workHomeCommuteMedian":-1},"geometry":{"type":"Polygon","coordinates":[[[138.7160830090927,-35.001299027279316],[138.7160830090927,-34.99230582364207],[138.72507621272993,-34.99230582364207],[138.72507621272993,-35.001299027279316],[138.7160830090927,-35.001299027279316]]]}},{"type":"Feature","properties":{"jobs":199,"pop":120,"pointCount":1,"homeWorkCommuteMedian":4450,"workHomeCommuteMedian":5312},"geometry":{"type":"Polygon","coordinates":[[[138.7160830090927,-34.99230582364207],[138.7160830090927,-34.983312620004824],[138.72507621272993,-34.983312620004824],[138.72507621272993,-34.99230582364207],[138.7160830090927,-34.99230582364207]]]}},{"type":"Feature","properties":{"jobs":262,"pop":0,"pointCount":1,"homeWorkCommuteMedian":-1,"workHomeCommuteMedian":11349},"geometry":{"type":"Polygon","coordinates":[[[138.7160830090927,-34.87539417635787],[138.7160830090927,-34.866400972720626],[138.72507621272993,-34.866400972720626],[138.72507621272993,-34.87539417635787],[138.7160830090927,-34.87539417635787]]]}},{"type":"Feature","properties":{"jobs":0,"pop":364,"pointCount":1,"homeWorkCommuteMedian":14432,"workHomeCommuteMedian":-1},"geometry":{"type":"Polygon","coordinates":[[[138.7160830090927,-34.866400972720626],[138.7160830090927,-34.85740776908338],[138.72507621272993,-34.85740776908338],[138.72507621272993,-34.866400972720626],[138.7160830090927,-34.866400972720626]]]}},{"type":"Feature","properties":{"jobs":0,"pop":368,"pointCount":2,"homeWorkCommuteMedian":11478,"workHomeCommuteMedian":-1},"geometry":{"type":"Polygon","coordinates":[[[138.7160830090927,-34.85740776908338],[138.7160830090927,-34.848414565446134],[138.72507621272993,-34.848414565446134],[138.72507621272993,-34.85740776908338],[138.7160830090927,-34.85740776908338]]]}},{"type":"Feature","properties":{"jobs":0,"pop":495,"pointCount":2,"homeWorkCommuteMedian":14768,"workHomeCommuteMedian":-1},"geometry":{"type":"Polygon","coordinates":[[[138.7160830090927,-34.848414565446134],[138.7160830090927,-34.83942136180889],[138.72507621272993,-34.83942136180889],[138.72507621272993,-34.848414565446134],[138.7160830090927,-34.848414565446134]]]}},{"type":"Feature","properties":{"jobs":186,"pop":776,"pointCount":3,"homeWorkCommuteMedian":16609,"workHomeCommuteMedian":10031},"geometry":{"type":"Polygon","coordinates":[[[138.7160830090927,-34.83942136180889],[138.7160830090927,-34.83042815817164],[138.72507621272993,-34.83042815817164],[138.72507621272993,-34.83942136180889],[138.7160830090927,-34.83942136180889]]]}},{"type":"Feature","properties":{"jobs":94,"pop":803,"pointCount":4,"homeWorkCommuteMedian":17741,"workHomeCommuteMedian":1369},"geometry":{"type":"Polygon","coordinates":[[[138.7160830090927,-34.83042815817164],[138.7160830090927,-34.821434954534396],[138.72507621272993,-34.821434954534396],[138.72507621272993,-34.83042815817164],[138.7160830090927,-34.83042815817164]]]}},{"type":"Feature","properties":{"jobs":0,"pop":886,"pointCount":4,"homeWorkCommuteMedian":12518,"workHomeCommuteMedian":-1},"geometry":{"type":"Polygon","coordinates":[[[138.7160830090927,-34.821434954534396],[138.7160830090927,-34.81244175089715],[138.72507621272993,-34.81244175089715],[138.72507621272993,-34.821434954534396],[138.7160830090927,-34.821434954534396]]]}},{"type":"Feature","properties":{"jobs":0,"pop":326,"pointCount":2,"homeWorkCommuteMedian":24543,"workHomeCommuteMedian":-1},"geometry":{"type":"Polygon","coordinates":[[[138.7160830090927,-34.81244175089715],[138.7160830090927,-34.803448547259904],[138.72507621272993,-34.803448547259904],[138.72507621272993,-34.81244175089715],[138.7160830090927,-34.81244175089715]]]}},{"type":"Feature","properties":{"jobs":0,"pop":954,"pointCount":3,"homeWorkCommuteMedian":22756,"workHomeCommuteMedian":-1},"geometry":{"type":"Polygon","coordinates":[[[138.7160830090927,-34.803448547259904],[138.7160830090927,-34.79445534362266],[138.72507621272993,-34.79445534362266],[138.72507621272993,-34.803448547259904],[138.7160830090927,-34.803448547259904]]]}},{"type":"Feature","properties":{"jobs":0,"pop":113,"pointCount":1,"homeWorkCommuteMedian":11377,"workHomeCommuteMedian":-1},"geometry":{"type":"Polygon","coordinates":[[[138.7160830090927,-34.79445534362266],[138.7160830090927,-34.78546213998541],[138.72507621272993,-34.78546213998541],[138.72507621272993,-34.79445534362266],[138.7160830090927,-34.79445534362266]]]}},{"type":"Feature","properties":{"jobs":94,"pop":578,"pointCount":3,"homeWorkCommuteMedian":24060,"workHomeCommuteMedian":14103},"geometry":{"type":"Polygon","coordinates":[[[138.7160830090927,-34.78546213998541],[138.7160830090927,-34.77646893634817],[138.72507621272993,-34.77646893634817],[138.72507621272993,-34.78546213998541],[138.7160830090927,-34.78546213998541]]]}},{"type":"Feature","properties":{"jobs":0,"pop":1300,"pointCount":7,"homeWorkCommuteMedian":9311,"workHomeCommuteMedian":-1},"geometry":{"type":"Polygon","coordinates":[[[138.7160830090927,-34.77646893634817],[138.7160830090927,-34.76747573271092],[138.72507621272993,-34.76747573271092],[138.72507621272993,-34.77646893634817],[138.7160830090927,-34.77646893634817]]]}},{"type":"Feature","properties":{"jobs":0,"pop":1043,"pointCount":4,"homeWorkCommuteMedian":19079,"workHomeCommuteMedian":-1},"geometry":{"type":"Polygon","coordinates":[[[138.7160830090927,-34.76747573271092],[138.7160830090927,-34.758482529073675],[138.72507621272993,-34.758482529073675],[138.72507621272993,-34.76747573271092],[138.7160830090927,-34.76747573271092]]]}},{"type":"Feature","properties":{"jobs":94,"pop":250,"pointCount":2,"homeWorkCommuteMedian":11491,"workHomeCommuteMedian":2858},"geometry":{"type":"Polygon","coordinates":[[[138.7160830090927,-34.7045233072502],[138.7160830090927,-34.69553010361295],[138.72507621272993,-34.69553010361295],[138.72507621272993,-34.7045233072502],[138.7160830090927,-34.7045233072502]]]}},{"type":"Feature","properties":{"jobs":0,"pop":941,"pointCount":2,"homeWorkCommuteMedian":13800,"workHomeCommuteMedian":-1},"geometry":{"type":"Polygon","coordinates":[[[138.7160830090927,-34.69553010361295],[138.7160830090927,-34.68653689997571],[138.72507621272993,-34.68653689997571],[138.72507621272993,-34.69553010361295],[138.7160830090927,-34.69553010361295]]]}},{"type":"Feature","properties":{"jobs":0,"pop":456,"pointCount":2,"homeWorkCommuteMedian":22414,"workHomeCommuteMedian":-1},"geometry":{"type":"Polygon","coordinates":[[[138.7160830090927,-34.68653689997571],[138.7160830090927,-34.67754369633846],[138.72507621272993,-34.67754369633846],[138.72507621272993,-34.68653689997571],[138.7160830090927,-34.68653689997571]]]}},{"type":"Feature","properties":{"jobs":0,"pop":270,"pointCount":1,"homeWorkCommuteMedian":49631,"workHomeCommuteMedian":-1},"geometry":{"type":"Polygon","coordinates":[[[138.7160830090927,-34.65056408542672],[138.7160830090927,-34.64157088178948],[138.72507621272993,-34.64157088178948],[138.72507621272993,-34.65056408542672],[138.7160830090927,-34.65056408542672]]]}},{"type":"Feature","properties":{"jobs":0,"pop":513,"pointCount":3,"homeWorkCommuteMedian":46278,"workHomeCommuteMedian":-1},"geometry":{"type":"Polygon","coordinates":[[[138.7160830090927,-34.63257767815223],[138.7160830090927,-34.623584474514985],[138.72507621272993,-34.623584474514985],[138.72507621272993,-34.63257767815223],[138.7160830090927,-34.63257767815223]]]}},{"type":"Feature","properties":{"jobs":333,"pop":55,"pointCount":1,"homeWorkCommuteMedian":5520,"workHomeCommuteMedian":8449},"geometry":{"type":"Polygon","coordinates":[[[138.7160830090927,-34.623584474514985],[138.7160830090927,-34.61459127087774],[138.72507621272993,-34.61459127087774],[138.72507621272993,-34.623584474514985],[138.7160830090927,-34.623584474514985]]]}},{"type":"Feature","properties":{"jobs":0,"pop":217,"pointCount":1,"homeWorkCommuteMedian":9494,"workHomeCommuteMedian":-1},"geometry":{"type":"Polygon","coordinates":[[[138.7160830090927,-34.578618456328755],[138.7160830090927,-34.56962525269151],[138.72507621272993,-34.56962525269151],[138.72507621272993,-34.578618456328755],[138.7160830090927,-34.578618456328755]]]}},{"type":"Feature","properties":{"jobs":0,"pop":141,"pointCount":1,"homeWorkCommuteMedian":24776,"workHomeCommuteMedian":-1},"geometry":{"type":"Polygon","coordinates":[[[138.72507621272993,-35.0372718418283],[138.72507621272993,-35.028278638191054],[138.73406941636716,-35.028278638191054],[138.73406941636716,-35.0372718418283],[138.72507621272993,-35.0372718418283]]]}},{"type":"Feature","properties":{"jobs":0,"pop":196,"pointCount":1,"homeWorkCommuteMedian":1776,"workHomeCommuteMedian":-1},"geometry":{"type":"Polygon","coordinates":[[[138.72507621272993,-35.028278638191054],[138.72507621272993,-35.01928543455381],[138.73406941636716,-35.01928543455381],[138.73406941636716,-35.028278638191054],[138.72507621272993,-35.028278638191054]]]}},{"type":"Feature","properties":{"jobs":0,"pop":281,"pointCount":2,"homeWorkCommuteMedian":16951,"workHomeCommuteMedian":-1},"geometry":{"type":"Polygon","coordinates":[[[138.72507621272993,-35.01029223091656],[138.72507621272993,-35.001299027279316],[138.73406941636716,-35.001299027279316],[138.73406941636716,-35.01029223091656],[138.72507621272993,-35.01029223091656]]]}},{"type":"Feature","properties":{"jobs":0,"pop":95,"pointCount":1,"homeWorkCommuteMedian":18469,"workHomeCommuteMedian":-1},"geometry":{"type":"Polygon","coordinates":[[[138.72507621272993,-35.001299027279316],[138.72507621272993,-34.99230582364207],[138.73406941636716,-34.99230582364207],[138.73406941636716,-35.001299027279316],[138.72507621272993,-35.001299027279316]]]}},{"type":"Feature","properties":{"jobs":0,"pop":340,"pointCount":1,"homeWorkCommuteMedian":19589,"workHomeCommuteMedian":-1},"geometry":{"type":"Polygon","coordinates":[[[138.72507621272993,-34.99230582364207],[138.72507621272993,-34.983312620004824],[138.73406941636716,-34.983312620004824],[138.73406941636716,-34.99230582364207],[138.72507621272993,-34.99230582364207]]]}},{"type":"Feature","properties":{"jobs":0,"pop":299,"pointCount":1,"homeWorkCommuteMedian":21676,"workHomeCommuteMedian":-1},"geometry":{"type":"Polygon","coordinates":[[[138.72507621272993,-34.983312620004824],[138.72507621272993,-34.97431941636758],[138.73406941636716,-34.97431941636758],[138.73406941636716,-34.983312620004824],[138.72507621272993,-34.983312620004824]]]}},{"type":"Feature","properties":{"jobs":0,"pop":274,"pointCount":1,"homeWorkCommuteMedian":17394,"workHomeCommuteMedian":-1},"geometry":{"type":"Polygon","coordinates":[[[138.72507621272993,-34.96532621273033],[138.72507621272993,-34.956333009093086],[138.73406941636716,-34.956333009093086],[138.73406941636716,-34.96532621273033],[138.72507621272993,-34.96532621273033]]]}},{"type":"Feature","properties":{"jobs":169,"pop":135,"pointCount":1,"homeWorkCommuteMedian":17164,"workHomeCommuteMedian":24521},"geometry":{"type":"Polygon","coordinates":[[[138.72507621272993,-34.956333009093086],[138.72507621272993,-34.94733980545584],[138.73406941636716,-34.94733980545584],[138.73406941636716,-34.956333009093086],[138.72507621272993,-34.956333009093086]]]}},{"type":"Feature","properties":{"jobs":0,"pop":133,"pointCount":1,"homeWorkCommuteMedian":25736,"workHomeCommuteMedian":-1},"geometry":{"type":"Polygon","coordinates":[[[138.72507621272993,-34.94733980545584],[138.72507621272993,-34.938346601818594],[138.73406941636716,-34.938346601818594],[138.73406941636716,-34.94733980545584],[138.72507621272993,-34.94733980545584]]]}},{"type":"Feature","properties":{"jobs":0,"pop":222,"pointCount":1,"homeWorkCommuteMedian":30571,"workHomeCommuteMedian":-1},"geometry":{"type":"Polygon","coordinates":[[[138.72507621272993,-34.83042815817164],[138.72507621272993,-34.821434954534396],[138.73406941636716,-34.821434954534396],[138.73406941636716,-34.83042815817164],[138.72507621272993,-34.83042815817164]]]}},{"type":"Feature","properties":{"jobs":0,"pop":803,"pointCount":3,"homeWorkCommuteMedian":20361,"workHomeCommuteMedian":-1},"geometry":{"type":"Polygon","coordinates":[[[138.72507621272993,-34.821434954534396],[138.72507621272993,-34.81244175089715],[138.73406941636716,-34.81244175089715],[138.73406941636716,-34.821434954534396],[138.72507621272993,-34.821434954534396]]]}},{"type":"Feature","properties":{"jobs":0,"pop":474,"pointCount":2,"homeWorkCommuteMedian":15510,"workHomeCommuteMedian":-1},"geometry":{"type":"Polygon","coordinates":[[[138.72507621272993,-34.81244175089715],[138.72507621272993,-34.803448547259904],[138.73406941636716,-34.803448547259904],[138.73406941636716,-34.81244175089715],[138.72507621272993,-34.81244175089715]]]}},{"type":"Feature","properties":{"jobs":129,"pop":659,"pointCount":4,"homeWorkCommuteMedian":10672,"workHomeCommuteMedian":5600},"geometry":{"type":"Polygon","coordinates":[[[138.72507621272993,-34.803448547259904],[138.72507621272993,-34.79445534362266],[138.73406941636716,-34.79445534362266],[138.73406941636716,-34.803448547259904],[138.72507621272993,-34.803448547259904]]]}},{"type":"Feature","properties":{"jobs":0,"pop":526,"pointCount":2,"homeWorkCommuteMedian":22424,"workHomeCommuteMedian":-1},"geometry":{"type":"Polygon","coordinates":[[[138.72507621272993,-34.77646893634817],[138.72507621272993,-34.76747573271092],[138.73406941636716,-34.76747573271092],[138.73406941636716,-34.77646893634817],[138.72507621272993,-34.77646893634817]]]}},{"type":"Feature","properties":{"jobs":303,"pop":367,"pointCount":2,"homeWorkCommuteMedian":11530,"workHomeCommuteMedian":23825},"geometry":{"type":"Polygon","coordinates":[[[138.72507621272993,-34.64157088178948],[138.72507621272993,-34.63257767815223],[138.73406941636716,-34.63257767815223],[138.73406941636716,-34.64157088178948],[138.72507621272993,-34.64157088178948]]]}},{"type":"Feature","properties":{"jobs":129,"pop":290,"pointCount":2,"homeWorkCommuteMedian":14833,"workHomeCommuteMedian":17245},"geometry":{"type":"Polygon","coordinates":[[[138.72507621272993,-34.63257767815223],[138.72507621272993,-34.623584474514985],[138.73406941636716,-34.623584474514985],[138.73406941636716,-34.63257767815223],[138.72507621272993,-34.63257767815223]]]}},{"type":"Feature","properties":{"jobs":343,"pop":441,"pointCount":2,"homeWorkCommuteMedian":33361,"workHomeCommuteMedian":18133},"geometry":{"type":"Polygon","coordinates":[[[138.72507621272993,-34.623584474514985],[138.72507621272993,-34.61459127087774],[138.73406941636716,-34.61459127087774],[138.73406941636716,-34.623584474514985],[138.72507621272993,-34.623584474514985]]]}},{"type":"Feature","properties":{"jobs":0,"pop":217,"pointCount":1,"homeWorkCommuteMedian":18472,"workHomeCommuteMedian":-1},"geometry":{"type":"Polygon","coordinates":[[[138.72507621272993,-34.61459127087774],[138.72507621272993,-34.60559806724049],[138.73406941636716,-34.60559806724049],[138.73406941636716,-34.61459127087774],[138.72507621272993,-34.61459127087774]]]}},{"type":"Feature","properties":{"jobs":559,"pop":355,"pointCount":2,"homeWorkCommuteMedian":43898,"workHomeCommuteMedian":38431},"geometry":{"type":"Polygon","coordinates":[[[138.72507621272993,-34.60559806724049],[138.72507621272993,-34.59660486360325],[138.73406941636716,-34.59660486360325],[138.73406941636716,-34.60559806724049],[138.72507621272993,-34.60559806724049]]]}},{"type":"Feature","properties":{"jobs":0,"pop":93,"pointCount":1,"homeWorkCommuteMedian":7017,"workHomeCommuteMedian":-1},"geometry":{"type":"Polygon","coordinates":[[[138.72507621272993,-34.578618456328755],[138.72507621272993,-34.56962525269151],[138.73406941636716,-34.56962525269151],[138.73406941636716,-34.578618456328755],[138.72507621272993,-34.578618456328755]]]}},{"type":"Feature","properties":{"jobs":383,"pop":125,"pointCount":1,"homeWorkCommuteMedian":14236,"workHomeCommuteMedian":34815},"geometry":{"type":"Polygon","coordinates":[[[138.73406941636716,-35.12720387820076],[138.73406941636716,-35.118210674563514],[138.7430626200044,-35.118210674563514],[138.7430626200044,-35.12720387820076],[138.73406941636716,-35.12720387820076]]]}},{"type":"Feature","properties":{"jobs":116,"pop":0,"pointCount":1,"homeWorkCommuteMedian":-1,"workHomeCommuteMedian":16908},"geometry":{"type":"Polygon","coordinates":[[[138.73406941636716,-35.0372718418283],[138.73406941636716,-35.028278638191054],[138.7430626200044,-35.028278638191054],[138.7430626200044,-35.0372718418283],[138.73406941636716,-35.0372718418283]]]}},{"type":"Feature","properties":{"jobs":0,"pop":170,"pointCount":1,"homeWorkCommuteMedian":34823,"workHomeCommuteMedian":-1},"geometry":{"type":"Polygon","coordinates":[[[138.73406941636716,-35.028278638191054],[138.73406941636716,-35.01928543455381],[138.7430626200044,-35.01928543455381],[138.7430626200044,-35.028278638191054],[138.73406941636716,-35.028278638191054]]]}},{"type":"Feature","properties":{"jobs":262,"pop":274,"pointCount":1,"homeWorkCommuteMedian":21649,"workHomeCommuteMedian":15063},"geometry":{"type":"Polygon","coordinates":[[[138.73406941636716,-35.01928543455381],[138.73406941636716,-35.01029223091656],[138.7430626200044,-35.01029223091656],[138.7430626200044,-35.01928543455381],[138.73406941636716,-35.01928543455381]]]}},{"type":"Feature","properties":{"jobs":390,"pop":98,"pointCount":1,"homeWorkCommuteMedian":35770,"workHomeCommuteMedian":14186},"geometry":{"type":"Polygon","coordinates":[[[138.73406941636716,-35.001299027279316],[138.73406941636716,-34.99230582364207],[138.7430626200044,-34.99230582364207],[138.7430626200044,-35.001299027279316],[138.73406941636716,-35.001299027279316]]]}},{"type":"Feature","properties":{"jobs":526,"pop":364,"pointCount":1,"homeWorkCommuteMedian":15851,"workHomeCommuteMedian":38086},"geometry":{"type":"Polygon","coordinates":[[[138.73406941636716,-34.9203601945441],[138.73406941636716,-34.911366990906856],[138.7430626200044,-34.911366990906856],[138.7430626200044,-34.9203601945441],[138.73406941636716,-34.9203601945441]]]}},{"type":"Feature","properties":{"jobs":401,"pop":0,"pointCount":1,"homeWorkCommuteMedian":-1,"workHomeCommuteMedian":7952},"geometry":{"type":"Polygon","coordinates":[[[138.73406941636716,-34.85740776908338],[138.73406941636716,-34.848414565446134],[138.7430626200044,-34.848414565446134],[138.7430626200044,-34.85740776908338],[138.73406941636716,-34.85740776908338]]]}},{"type":"Feature","properties":{"jobs":148,"pop":0,"pointCount":1,"homeWorkCommuteMedian":-1,"workHomeCommuteMedian":6906},"geometry":{"type":"Polygon","coordinates":[[[138.73406941636716,-34.83042815817164],[138.73406941636716,-34.821434954534396],[138.7430626200044,-34.821434954534396],[138.7430626200044,-34.83042815817164],[138.73406941636716,-34.83042815817164]]]}},{"type":"Feature","properties":{"jobs":962,"pop":293,"pointCount":1,"homeWorkCommuteMedian":27195,"workHomeCommuteMedian":13881},"geometry":{"type":"Polygon","coordinates":[[[138.73406941636716,-34.81244175089715],[138.73406941636716,-34.803448547259904],[138.7430626200044,-34.803448547259904],[138.7430626200044,-34.81244175089715],[138.73406941636716,-34.81244175089715]]]}},{"type":"Feature","properties":{"jobs":196,"pop":328,"pointCount":1,"homeWorkCommuteMedian":19415,"workHomeCommuteMedian":10243},"geometry":{"type":"Polygon","coordinates":[[[138.73406941636716,-34.803448547259904],[138.73406941636716,-34.79445534362266],[138.7430626200044,-34.79445534362266],[138.7430626200044,-34.803448547259904],[138.73406941636716,-34.803448547259904]]]}},{"type":"Feature","properties":{"jobs":0,"pop":339,"pointCount":2,"homeWorkCommuteMedian":48026,"workHomeCommuteMedian":-1},"geometry":{"type":"Polygon","coordinates":[[[138.73406941636716,-34.64157088178948],[138.73406941636716,-34.63257767815223],[138.7430626200044,-34.63257767815223],[138.7430626200044,-34.64157088178948],[138.73406941636716,-34.64157088178948]]]}},{"type":"Feature","properties":{"jobs":0,"pop":576,"pointCount":3,"homeWorkCommuteMedian":14184,"workHomeCommuteMedian":-1},"geometry":{"type":"Polygon","coordinates":[[[138.73406941636716,-34.63257767815223],[138.73406941636716,-34.623584474514985],[138.7430626200044,-34.623584474514985],[138.7430626200044,-34.63257767815223],[138.73406941636716,-34.63257767815223]]]}},{"type":"Feature","properties":{"jobs":342,"pop":116,"pointCount":1,"homeWorkCommuteMedian":12511,"workHomeCommuteMedian":3131},"geometry":{"type":"Polygon","coordinates":[[[138.73406941636716,-34.623584474514985],[138.73406941636716,-34.61459127087774],[138.7430626200044,-34.61459127087774],[138.7430626200044,-34.623584474514985],[138.73406941636716,-34.623584474514985]]]}},{"type":"Feature","properties":{"jobs":403,"pop":465,"pointCount":3,"homeWorkCommuteMedian":21483,"workHomeCommuteMedian":13167},"geometry":{"type":"Polygon","coordinates":[[[138.73406941636716,-34.61459127087774],[138.73406941636716,-34.60559806724049],[138.7430626200044,-34.60559806724049],[138.7430626200044,-34.61459127087774],[138.73406941636716,-34.61459127087774]]]}},{"type":"Feature","properties":{"jobs":77,"pop":127,"pointCount":1,"homeWorkCommuteMedian":48387,"workHomeCommuteMedian":10918},"geometry":{"type":"Polygon","coordinates":[[[138.73406941636716,-34.60559806724049],[138.73406941636716,-34.59660486360325],[138.7430626200044,-34.59660486360325],[138.7430626200044,-34.60559806724049],[138.73406941636716,-34.60559806724049]]]}},{"type":"Feature","properties":{"jobs":101,"pop":291,"pointCount":2,"homeWorkCommuteMedian":24623,"workHomeCommuteMedian":3600},"geometry":{"type":"Polygon","coordinates":[[[138.73406941636716,-34.59660486360325],[138.73406941636716,-34.587611659966],[138.7430626200044,-34.587611659966],[138.7430626200044,-34.59660486360325],[138.73406941636716,-34.59660486360325]]]}},{"type":"Feature","properties":{"jobs":268,"pop":545,"pointCount":3,"homeWorkCommuteMedian":28478,"workHomeCommuteMedian":50888},"geometry":{"type":"Polygon","coordinates":[[[138.73406941636716,-34.587611659966],[138.73406941636716,-34.578618456328755],[138.7430626200044,-34.578618456328755],[138.7430626200044,-34.587611659966],[138.73406941636716,-34.587611659966]]]}},{"type":"Feature","properties":{"jobs":0,"pop":101,"pointCount":1,"homeWorkCommuteMedian":3600,"workHomeCommuteMedian":-1},"geometry":{"type":"Polygon","coordinates":[[[138.73406941636716,-34.56962525269151],[138.73406941636716,-34.56063204905426],[138.7430626200044,-34.56063204905426],[138.7430626200044,-34.56962525269151],[138.73406941636716,-34.56962525269151]]]}},{"type":"Feature","properties":{"jobs":0,"pop":197,"pointCount":1,"homeWorkCommuteMedian":20221,"workHomeCommuteMedian":-1},"geometry":{"type":"Polygon","coordinates":[[[138.73406941636716,-34.54264564177977],[138.73406941636716,-34.533652438142525],[138.7430626200044,-34.533652438142525],[138.7430626200044,-34.54264564177977],[138.73406941636716,-34.54264564177977]]]}},{"type":"Feature","properties":{"jobs":0,"pop":279,"pointCount":1,"homeWorkCommuteMedian":27278,"workHomeCommuteMedian":-1},"geometry":{"type":"Polygon","coordinates":[[[138.7430626200044,-35.06425145274004],[138.7430626200044,-35.05525824910279],[138.75205582364163,-35.05525824910279],[138.75205582364163,-35.06425145274004],[138.7430626200044,-35.06425145274004]]]}},{"type":"Feature","properties":{"jobs":0,"pop":145,"pointCount":1,"homeWorkCommuteMedian":27107,"workHomeCommuteMedian":-1},"geometry":{"type":"Polygon","coordinates":[[[138.7430626200044,-35.046265045465546],[138.7430626200044,-35.0372718418283],[138.75205582364163,-35.0372718418283],[138.75205582364163,-35.046265045465546],[138.7430626200044,-35.046265045465546]]]}},{"type":"Feature","properties":{"jobs":0,"pop":114,"pointCount":1,"homeWorkCommuteMedian":31602,"workHomeCommuteMedian":-1},"geometry":{"type":"Polygon","coordinates":[[[138.7430626200044,-35.0372718418283],[138.7430626200044,-35.028278638191054],[138.75205582364163,-35.028278638191054],[138.75205582364163,-35.0372718418283],[138.7430626200044,-35.0372718418283]]]}},{"type":"Feature","properties":{"jobs":0,"pop":176,"pointCount":1,"homeWorkCommuteMedian":3349,"workHomeCommuteMedian":-1},"geometry":{"type":"Polygon","coordinates":[[[138.7430626200044,-35.028278638191054],[138.7430626200044,-35.01928543455381],[138.75205582364163,-35.01928543455381],[138.75205582364163,-35.028278638191054],[138.7430626200044,-35.028278638191054]]]}},{"type":"Feature","properties":{"jobs":80,"pop":354,"pointCount":2,"homeWorkCommuteMedian":19148,"workHomeCommuteMedian":5456},"geometry":{"type":"Polygon","coordinates":[[[138.7430626200044,-35.01928543455381],[138.7430626200044,-35.01029223091656],[138.75205582364163,-35.01029223091656],[138.75205582364163,-35.01928543455381],[138.7430626200044,-35.01928543455381]]]}},{"type":"Feature","properties":{"jobs":0,"pop":199,"pointCount":1,"homeWorkCommuteMedian":5312,"workHomeCommuteMedian":-1},"geometry":{"type":"Polygon","coordinates":[[[138.7430626200044,-35.01029223091656],[138.7430626200044,-35.001299027279316],[138.75205582364163,-35.001299027279316],[138.75205582364163,-35.01029223091656],[138.7430626200044,-35.01029223091656]]]}},{"type":"Feature","properties":{"jobs":0,"pop":54,"pointCount":1,"homeWorkCommuteMedian":15092,"workHomeCommuteMedian":-1},"geometry":{"type":"Polygon","coordinates":[[[138.7430626200044,-34.99230582364207],[138.7430626200044,-34.983312620004824],[138.75205582364163,-34.983312620004824],[138.75205582364163,-34.99230582364207],[138.7430626200044,-34.99230582364207]]]}},{"type":"Feature","properties":{"jobs":0,"pop":142,"pointCount":1,"homeWorkCommuteMedian":13666,"workHomeCommuteMedian":-1},"geometry":{"type":"Polygon","coordinates":[[[138.7430626200044,-34.96532621273033],[138.7430626200044,-34.956333009093086],[138.75205582364163,-34.956333009093086],[138.75205582364163,-34.96532621273033],[138.7430626200044,-34.96532621273033]]]}},{"type":"Feature","properties":{"jobs":0,"pop":141,"pointCount":1,"homeWorkCommuteMedian":17898,"workHomeCommuteMedian":-1},"geometry":{"type":"Polygon","coordinates":[[[138.7430626200044,-34.956333009093086],[138.7430626200044,-34.94733980545584],[138.75205582364163,-34.94733980545584],[138.75205582364163,-34.956333009093086],[138.7430626200044,-34.956333009093086]]]}},{"type":"Feature","properties":{"jobs":195,"pop":110,"pointCount":1,"homeWorkCommuteMedian":10918,"workHomeCommuteMedian":26788},"geometry":{"type":"Polygon","coordinates":[[[138.7430626200044,-34.94733980545584],[138.7430626200044,-34.938346601818594],[138.75205582364163,-34.938346601818594],[138.75205582364163,-34.94733980545584],[138.7430626200044,-34.94733980545584]]]}},{"type":"Feature","properties":{"jobs":1076,"pop":163,"pointCount":1,"homeWorkCommuteMedian":21387,"workHomeCommuteMedian":18305},"geometry":{"type":"Polygon","coordinates":[[[138.7430626200044,-34.79445534362266],[138.7430626200044,-34.78546213998541],[138.75205582364163,-34.78546213998541],[138.75205582364163,-34.79445534362266],[138.7430626200044,-34.79445534362266]]]}},{"type":"Feature","properties":{"jobs":0,"pop":128,"pointCount":1,"homeWorkCommuteMedian":25350,"workHomeCommuteMedian":-1},"geometry":{"type":"Polygon","coordinates":[[[138.7430626200044,-34.76747573271092],[138.7430626200044,-34.758482529073675],[138.75205582364163,-34.758482529073675],[138.75205582364163,-34.76747573271092],[138.7430626200044,-34.76747573271092]]]}},{"type":"Feature","properties":{"jobs":307,"pop":264,"pointCount":1,"homeWorkCommuteMedian":16735,"workHomeCommuteMedian":25741},"geometry":{"type":"Polygon","coordinates":[[[138.7430626200044,-34.63257767815223],[138.7430626200044,-34.623584474514985],[138.75205582364163,-34.623584474514985],[138.75205582364163,-34.63257767815223],[138.7430626200044,-34.63257767815223]]]}},{"type":"Feature","properties":{"jobs":0,"pop":365,"pointCount":2,"homeWorkCommuteMedian":11573,"workHomeCommuteMedian":-1},"geometry":{"type":"Polygon","coordinates":[[[138.7430626200044,-34.623584474514985],[138.7430626200044,-34.61459127087774],[138.75205582364163,-34.61459127087774],[138.75205582364163,-34.623584474514985],[138.7430626200044,-34.623584474514985]]]}},{"type":"Feature","properties":{"jobs":218,"pop":433,"pointCount":3,"homeWorkCommuteMedian":20336,"workHomeCommuteMedian":40151},"geometry":{"type":"Polygon","coordinates":[[[138.7430626200044,-34.61459127087774],[138.7430626200044,-34.60559806724049],[138.75205582364163,-34.60559806724049],[138.75205582364163,-34.61459127087774],[138.7430626200044,-34.61459127087774]]]}},{"type":"Feature","properties":{"jobs":612,"pop":89,"pointCount":2,"homeWorkCommuteMedian":47138,"workHomeCommuteMedian":24852},"geometry":{"type":"Polygon","coordinates":[[[138.7430626200044,-34.60559806724049],[138.7430626200044,-34.59660486360325],[138.75205582364163,-34.59660486360325],[138.75205582364163,-34.60559806724049],[138.7430626200044,-34.60559806724049]]]}},{"type":"Feature","properties":{"jobs":338,"pop":217,"pointCount":3,"homeWorkCommuteMedian":27715,"workHomeCommuteMedian":5520},"geometry":{"type":"Polygon","coordinates":[[[138.7430626200044,-34.59660486360325],[138.7430626200044,-34.587611659966],[138.75205582364163,-34.587611659966],[138.75205582364163,-34.59660486360325],[138.7430626200044,-34.59660486360325]]]}},{"type":"Feature","properties":{"jobs":0,"pop":564,"pointCount":3,"homeWorkCommuteMedian":18940,"workHomeCommuteMedian":-1},"geometry":{"type":"Polygon","coordinates":[[[138.7430626200044,-34.587611659966],[138.7430626200044,-34.578618456328755],[138.75205582364163,-34.578618456328755],[138.75205582364163,-34.587611659966],[138.7430626200044,-34.587611659966]]]}},{"type":"Feature","properties":{"jobs":0,"pop":653,"pointCount":3,"homeWorkCommuteMedian":46617,"workHomeCommuteMedian":-1},"geometry":{"type":"Polygon","coordinates":[[[138.7430626200044,-34.578618456328755],[138.7430626200044,-34.56962525269151],[138.75205582364163,-34.56962525269151],[138.75205582364163,-34.578618456328755],[138.7430626200044,-34.578618456328755]]]}},{"type":"Feature","properties":{"jobs":104,"pop":62,"pointCount":1,"homeWorkCommuteMedian":19826,"workHomeCommuteMedian":33140},"geometry":{"type":"Polygon","coordinates":[[[138.7430626200044,-34.56962525269151],[138.7430626200044,-34.56063204905426],[138.75205582364163,-34.56063204905426],[138.75205582364163,-34.56962525269151],[138.7430626200044,-34.56962525269151]]]}},{"type":"Feature","properties":{"jobs":0,"pop":184,"pointCount":1,"homeWorkCommuteMedian":21658,"workHomeCommuteMedian":-1},"geometry":{"type":"Polygon","coordinates":[[[138.75205582364163,-35.028278638191054],[138.75205582364163,-35.01928543455381],[138.76104902727886,-35.01928543455381],[138.76104902727886,-35.028278638191054],[138.75205582364163,-35.028278638191054]]]}},{"type":"Feature","properties":{"jobs":0,"pop":293,"pointCount":3,"homeWorkCommuteMedian":9164,"workHomeCommuteMedian":-1},"geometry":{"type":"Polygon","coordinates":[[[138.75205582364163,-35.01928543455381],[138.75205582364163,-35.01029223091656],[138.76104902727886,-35.01029223091656],[138.76104902727886,-35.01928543455381],[138.75205582364163,-35.01928543455381]]]}},{"type":"Feature","properties":{"jobs":176,"pop":384,"pointCount":1,"homeWorkCommuteMedian":27259,"workHomeCommuteMedian":3349},"geometry":{"type":"Polygon","coordinates":[[[138.75205582364163,-35.01029223091656],[138.75205582364163,-35.001299027279316],[138.76104902727886,-35.001299027279316],[138.76104902727886,-35.01029223091656],[138.75205582364163,-35.01029223091656]]]}},{"type":"Feature","properties":{"jobs":173,"pop":207,"pointCount":1,"homeWorkCommuteMedian":3817,"workHomeCommuteMedian":23377},"geometry":{"type":"Polygon","coordinates":[[[138.75205582364163,-34.623584474514985],[138.75205582364163,-34.61459127087774],[138.76104902727886,-34.61459127087774],[138.76104902727886,-34.623584474514985],[138.75205582364163,-34.623584474514985]]]}},{"type":"Feature","properties":{"jobs":81,"pop":152,"pointCount":1,"homeWorkCommuteMedian":42802,"workHomeCommuteMedian":7860},"geometry":{"type":"Polygon","coordinates":[[[138.75205582364163,-34.61459127087774],[138.75205582364163,-34.60559806724049],[138.76104902727886,-34.60559806724049],[138.76104902727886,-34.61459127087774],[138.75205582364163,-34.61459127087774]]]}},{"type":"Feature","properties":{"jobs":416,"pop":759,"pointCount":6,"homeWorkCommuteMedian":53202,"workHomeCommuteMedian":36411},"geometry":{"type":"Polygon","coordinates":[[[138.75205582364163,-34.60559806724049],[138.75205582364163,-34.59660486360325],[138.76104902727886,-34.59660486360325],[138.76104902727886,-34.60559806724049],[138.75205582364163,-34.60559806724049]]]}},{"type":"Feature","properties":{"jobs":365,"pop":218,"pointCount":2,"homeWorkCommuteMedian":49571,"workHomeCommuteMedian":13928},"geometry":{"type":"Polygon","coordinates":[[[138.75205582364163,-34.59660486360325],[138.75205582364163,-34.587611659966],[138.76104902727886,-34.587611659966],[138.76104902727886,-34.59660486360325],[138.75205582364163,-34.59660486360325]]]}},{"type":"Feature","properties":{"jobs":0,"pop":131,"pointCount":1,"homeWorkCommuteMedian":35368,"workHomeCommuteMedian":-1},"geometry":{"type":"Polygon","coordinates":[[[138.75205582364163,-34.587611659966],[138.75205582364163,-34.578618456328755],[138.76104902727886,-34.578618456328755],[138.76104902727886,-34.587611659966],[138.75205582364163,-34.587611659966]]]}},{"type":"Feature","properties":{"jobs":0,"pop":359,"pointCount":2,"homeWorkCommuteMedian":24182,"workHomeCommuteMedian":-1},"geometry":{"type":"Polygon","coordinates":[[[138.75205582364163,-34.578618456328755],[138.75205582364163,-34.56962525269151],[138.76104902727886,-34.56962525269151],[138.76104902727886,-34.578618456328755],[138.75205582364163,-34.578618456328755]]]}},{"type":"Feature","properties":{"jobs":0,"pop":64,"pointCount":1,"homeWorkCommuteMedian":9589,"workHomeCommuteMedian":-1},"geometry":{"type":"Polygon","coordinates":[[[138.75205582364163,-34.54264564177977],[138.75205582364163,-34.533652438142525],[138.76104902727886,-34.533652438142525],[138.76104902727886,-34.54264564177977],[138.75205582364163,-34.54264564177977]]]}},{"type":"Feature","properties":{"jobs":0,"pop":99,"pointCount":1,"homeWorkCommuteMedian":26199,"workHomeCommuteMedian":-1},"geometry":{"type":"Polygon","coordinates":[[[138.76104902727886,-35.05525824910279],[138.76104902727886,-35.046265045465546],[138.7700422309161,-35.046265045465546],[138.7700422309161,-35.05525824910279],[138.76104902727886,-35.05525824910279]]]}},{"type":"Feature","properties":{"jobs":165,"pop":81,"pointCount":1,"homeWorkCommuteMedian":24094,"workHomeCommuteMedian":30148},"geometry":{"type":"Polygon","coordinates":[[[138.76104902727886,-35.0372718418283],[138.76104902727886,-35.028278638191054],[138.7700422309161,-35.028278638191054],[138.7700422309161,-35.0372718418283],[138.76104902727886,-35.0372718418283]]]}},{"type":"Feature","properties":{"jobs":0,"pop":429,"pointCount":2,"homeWorkCommuteMedian":20412,"workHomeCommuteMedian":-1},"geometry":{"type":"Polygon","coordinates":[[[138.76104902727886,-35.01928543455381],[138.76104902727886,-35.01029223091656],[138.7700422309161,-35.01029223091656],[138.7700422309161,-35.01928543455381],[138.76104902727886,-35.01928543455381]]]}},{"type":"Feature","properties":{"jobs":0,"pop":160,"pointCount":1,"homeWorkCommuteMedian":16640,"workHomeCommuteMedian":-1},"geometry":{"type":"Polygon","coordinates":[[[138.76104902727886,-35.01029223091656],[138.76104902727886,-35.001299027279316],[138.7700422309161,-35.001299027279316],[138.7700422309161,-35.01029223091656],[138.76104902727886,-35.01029223091656]]]}},{"type":"Feature","properties":{"jobs":90,"pop":119,"pointCount":1,"homeWorkCommuteMedian":24347,"workHomeCommuteMedian":3728},"geometry":{"type":"Polygon","coordinates":[[[138.76104902727886,-34.99230582364207],[138.76104902727886,-34.983312620004824],[138.7700422309161,-34.983312620004824],[138.7700422309161,-34.99230582364207],[138.76104902727886,-34.99230582364207]]]}},{"type":"Feature","properties":{"jobs":283,"pop":194,"pointCount":1,"homeWorkCommuteMedian":15260,"workHomeCommuteMedian":25410},"geometry":{"type":"Polygon","coordinates":[[[138.76104902727886,-34.97431941636758],[138.76104902727886,-34.96532621273033],[138.7700422309161,-34.96532621273033],[138.7700422309161,-34.97431941636758],[138.76104902727886,-34.97431941636758]]]}},{"type":"Feature","properties":{"jobs":0,"pop":270,"pointCount":1,"homeWorkCommuteMedian":15710,"workHomeCommuteMedian":-1},"geometry":{"type":"Polygon","coordinates":[[[138.76104902727886,-34.94733980545584],[138.76104902727886,-34.938346601818594],[138.7700422309161,-34.938346601818594],[138.7700422309161,-34.94733980545584],[138.76104902727886,-34.94733980545584]]]}},{"type":"Feature","properties":{"jobs":232,"pop":427,"pointCount":3,"homeWorkCommuteMedian":31135,"workHomeCommuteMedian":12668},"geometry":{"type":"Polygon","coordinates":[[[138.76104902727886,-34.60559806724049],[138.76104902727886,-34.59660486360325],[138.7700422309161,-34.59660486360325],[138.7700422309161,-34.60559806724049],[138.76104902727886,-34.60559806724049]]]}},{"type":"Feature","properties":{"jobs":0,"pop":150,"pointCount":1,"homeWorkCommuteMedian":18505,"workHomeCommuteMedian":-1},"geometry":{"type":"Polygon","coordinates":[[[138.76104902727886,-34.59660486360325],[138.76104902727886,-34.587611659966],[138.7700422309161,-34.587611659966],[138.7700422309161,-34.59660486360325],[138.76104902727886,-34.59660486360325]]]}},{"type":"Feature","properties":{"jobs":0,"pop":100,"pointCount":1,"homeWorkCommuteMedian":14241,"workHomeCommuteMedian":-1},"geometry":{"type":"Polygon","coordinates":[[[138.7700422309161,-35.08223786001453],[138.7700422309161,-35.073244656377284],[138.77903543455332,-35.073244656377284],[138.77903543455332,-35.08223786001453],[138.7700422309161,-35.08223786001453]]]}},{"type":"Feature","properties":{"jobs":0,"pop":176,"pointCount":1,"homeWorkCommuteMedian":25495,"workHomeCommuteMedian":-1},"geometry":{"type":"Polygon","coordinates":[[[138.7700422309161,-35.028278638191054],[138.7700422309161,-35.01928543455381],[138.77903543455332,-35.01928543455381],[138.77903543455332,-35.028278638191054],[138.7700422309161,-35.028278638191054]]]}},{"type":"Feature","properties":{"jobs":0,"pop":75,"pointCount":1,"homeWorkCommuteMedian":30596,"workHomeCommuteMedian":-1},"geometry":{"type":"Polygon","coordinates":[[[138.7700422309161,-35.01928543455381],[138.7700422309161,-35.01029223091656],[138.77903543455332,-35.01029223091656],[138.77903543455332,-35.01928543455381],[138.7700422309161,-35.01928543455381]]]}},{"type":"Feature","properties":{"jobs":0,"pop":122,"pointCount":1,"homeWorkCommuteMedian":18911,"workHomeCommuteMedian":-1},"geometry":{"type":"Polygon","coordinates":[[[138.7700422309161,-35.01029223091656],[138.7700422309161,-35.001299027279316],[138.77903543455332,-35.001299027279316],[138.77903543455332,-35.01029223091656],[138.7700422309161,-35.01029223091656]]]}},{"type":"Feature","properties":{"jobs":0,"pop":97,"pointCount":1,"homeWorkCommuteMedian":22027,"workHomeCommuteMedian":-1},"geometry":{"type":"Polygon","coordinates":[[[138.7700422309161,-34.92935339818135],[138.7700422309161,-34.9203601945441],[138.77903543455332,-34.9203601945441],[138.77903543455332,-34.92935339818135],[138.7700422309161,-34.92935339818135]]]}},{"type":"Feature","properties":{"jobs":0,"pop":210,"pointCount":1,"homeWorkCommuteMedian":36944,"workHomeCommuteMedian":-1},"geometry":{"type":"Polygon","coordinates":[[[138.7700422309161,-34.893380583632364],[138.7700422309161,-34.88438737999512],[138.77903543455332,-34.88438737999512],[138.77903543455332,-34.893380583632364],[138.7700422309161,-34.893380583632364]]]}},{"type":"Feature","properties":{"jobs":768,"pop":316,"pointCount":1,"homeWorkCommuteMedian":46877,"workHomeCommuteMedian":9494},"geometry":{"type":"Polygon","coordinates":[[[138.7700422309161,-34.61459127087774],[138.7700422309161,-34.60559806724049],[138.77903543455332,-34.60559806724049],[138.77903543455332,-34.61459127087774],[138.7700422309161,-34.61459127087774]]]}},{"type":"Feature","properties":{"jobs":0,"pop":116,"pointCount":1,"homeWorkCommuteMedian":46333,"workHomeCommuteMedian":-1},"geometry":{"type":"Polygon","coordinates":[[[138.7700422309161,-34.60559806724049],[138.7700422309161,-34.59660486360325],[138.77903543455332,-34.59660486360325],[138.77903543455332,-34.60559806724049],[138.7700422309161,-34.60559806724049]]]}},{"type":"Feature","properties":{"jobs":702,"pop":55,"pointCount":1,"homeWorkCommuteMedian":40147,"workHomeCommuteMedian":25125},"geometry":{"type":"Polygon","coordinates":[[[138.77903543455332,-34.54264564177977],[138.77903543455332,-34.533652438142525],[138.78802863819055,-34.533652438142525],[138.78802863819055,-34.54264564177977],[138.77903543455332,-34.54264564177977]]]}},{"type":"Feature","properties":{"jobs":0,"pop":143,"pointCount":1,"homeWorkCommuteMedian":35686,"workHomeCommuteMedian":-1},"geometry":{"type":"Polygon","coordinates":[[[138.78802863819055,-35.10022426728902],[138.78802863819055,-35.091231063651776],[138.79702184182779,-35.091231063651776],[138.79702184182779,-35.10022426728902],[138.78802863819055,-35.10022426728902]]]}},{"type":"Feature","properties":{"jobs":0,"pop":116,"pointCount":1,"homeWorkCommuteMedian":67284,"workHomeCommuteMedian":-1},"geometry":{"type":"Polygon","coordinates":[[[138.78802863819055,-35.046265045465546],[138.78802863819055,-35.0372718418283],[138.79702184182779,-35.0372718418283],[138.79702184182779,-35.046265045465546],[138.78802863819055,-35.046265045465546]]]}},{"type":"Feature","properties":{"jobs":0,"pop":153,"pointCount":1,"homeWorkCommuteMedian":40356,"workHomeCommuteMedian":-1},"geometry":{"type":"Polygon","coordinates":[[[138.78802863819055,-34.60559806724049],[138.78802863819055,-34.59660486360325],[138.79702184182779,-34.59660486360325],[138.79702184182779,-34.60559806724049],[138.78802863819055,-34.60559806724049]]]}},{"type":"Feature","properties":{"jobs":0,"pop":56,"pointCount":1,"homeWorkCommuteMedian":59905,"workHomeCommuteMedian":-1},"geometry":{"type":"Polygon","coordinates":[[[138.78802863819055,-34.587611659966],[138.78802863819055,-34.578618456328755],[138.79702184182779,-34.578618456328755],[138.79702184182779,-34.587611659966],[138.78802863819055,-34.587611659966]]]}},{"type":"Feature","properties":{"jobs":0,"pop":120,"pointCount":1,"homeWorkCommuteMedian":35548,"workHomeCommuteMedian":-1},"geometry":{"type":"Polygon","coordinates":[[[138.79702184182779,-35.10921747092627],[138.79702184182779,-35.10022426728902],[138.80601504546502,-35.10022426728902],[138.80601504546502,-35.10921747092627],[138.79702184182779,-35.10921747092627]]]}},{"type":"Feature","properties":{"jobs":130,"pop":278,"pointCount":1,"homeWorkCommuteMedian":37510,"workHomeCommuteMedian":9698},"geometry":{"type":"Polygon","coordinates":[[[138.79702184182779,-35.10022426728902],[138.79702184182779,-35.091231063651776],[138.80601504546502,-35.091231063651776],[138.80601504546502,-35.10022426728902],[138.79702184182779,-35.10022426728902]]]}},{"type":"Feature","properties":{"jobs":0,"pop":100,"pointCount":1,"homeWorkCommuteMedian":22808,"workHomeCommuteMedian":-1},"geometry":{"type":"Polygon","coordinates":[[[138.79702184182779,-35.028278638191054],[138.79702184182779,-35.01928543455381],[138.80601504546502,-35.01928543455381],[138.80601504546502,-35.028278638191054],[138.79702184182779,-35.028278638191054]]]}},{"type":"Feature","properties":{"jobs":180,"pop":109,"pointCount":1,"homeWorkCommuteMedian":10836,"workHomeCommuteMedian":15718},"geometry":{"type":"Polygon","coordinates":[[[138.79702184182779,-34.983312620004824],[138.79702184182779,-34.97431941636758],[138.80601504546502,-34.97431941636758],[138.80601504546502,-34.983312620004824],[138.79702184182779,-34.983312620004824]]]}},{"type":"Feature","properties":{"jobs":262,"pop":138,"pointCount":1,"homeWorkCommuteMedian":24374,"workHomeCommuteMedian":34201},"geometry":{"type":"Polygon","coordinates":[[[138.79702184182779,-34.938346601818594],[138.79702184182779,-34.92935339818135],[138.80601504546502,-34.92935339818135],[138.80601504546502,-34.938346601818594],[138.79702184182779,-34.938346601818594]]]}},{"type":"Feature","properties":{"jobs":0,"pop":258,"pointCount":2,"homeWorkCommuteMedian":34230,"workHomeCommuteMedian":-1},"geometry":{"type":"Polygon","coordinates":[[[138.80601504546502,-35.0372718418283],[138.80601504546502,-35.028278638191054],[138.81500824910225,-35.028278638191054],[138.81500824910225,-35.0372718418283],[138.80601504546502,-35.0372718418283]]]}},{"type":"Feature","properties":{"jobs":178,"pop":138,"pointCount":1,"homeWorkCommuteMedian":1219,"workHomeCommuteMedian":54963},"geometry":{"type":"Polygon","coordinates":[[[138.80601504546502,-35.028278638191054],[138.80601504546502,-35.01928543455381],[138.81500824910225,-35.01928543455381],[138.81500824910225,-35.028278638191054],[138.80601504546502,-35.028278638191054]]]}},{"type":"Feature","properties":{"jobs":0,"pop":100,"pointCount":1,"homeWorkCommuteMedian":26808,"workHomeCommuteMedian":-1},"geometry":{"type":"Polygon","coordinates":[[[138.81500824910225,-35.05525824910279],[138.81500824910225,-35.046265045465546],[138.82400145273948,-35.046265045465546],[138.82400145273948,-35.05525824910279],[138.81500824910225,-35.05525824910279]]]}},{"type":"Feature","properties":{"jobs":436,"pop":464,"pointCount":2,"homeWorkCommuteMedian":28939,"workHomeCommuteMedian":24940},"geometry":{"type":"Polygon","coordinates":[[[138.81500824910225,-35.0372718418283],[138.81500824910225,-35.028278638191054],[138.82400145273948,-35.028278638191054],[138.82400145273948,-35.0372718418283],[138.81500824910225,-35.0372718418283]]]}},{"type":"Feature","properties":{"jobs":403,"pop":110,"pointCount":1,"homeWorkCommuteMedian":39537,"workHomeCommuteMedian":11677},"geometry":{"type":"Polygon","coordinates":[[[138.81500824910225,-35.028278638191054],[138.81500824910225,-35.01928543455381],[138.82400145273948,-35.01928543455381],[138.82400145273948,-35.028278638191054],[138.81500824910225,-35.028278638191054]]]}},{"type":"Feature","properties":{"jobs":148,"pop":0,"pointCount":1,"homeWorkCommuteMedian":-1,"workHomeCommuteMedian":9302},"geometry":{"type":"Polygon","coordinates":[[[138.81500824910225,-34.99230582364207],[138.81500824910225,-34.983312620004824],[138.82400145273948,-34.983312620004824],[138.82400145273948,-34.99230582364207],[138.81500824910225,-34.99230582364207]]]}},{"type":"Feature","properties":{"jobs":0,"pop":161,"pointCount":1,"homeWorkCommuteMedian":28427,"workHomeCommuteMedian":-1},"geometry":{"type":"Polygon","coordinates":[[[138.81500824910225,-34.94733980545584],[138.81500824910225,-34.938346601818594],[138.82400145273948,-34.938346601818594],[138.82400145273948,-34.94733980545584],[138.81500824910225,-34.94733980545584]]]}},{"type":"Feature","properties":{"jobs":405,"pop":250,"pointCount":1,"homeWorkCommuteMedian":30235,"workHomeCommuteMedian":17755},"geometry":{"type":"Polygon","coordinates":[[[138.82400145273948,-35.01029223091656],[138.82400145273948,-35.001299027279316],[138.8329946563767,-35.001299027279316],[138.8329946563767,-35.01029223091656],[138.82400145273948,-35.01029223091656]]]}},{"type":"Feature","properties":{"jobs":62,"pop":179,"pointCount":1,"homeWorkCommuteMedian":28136,"workHomeCommuteMedian":47795},"geometry":{"type":"Polygon","coordinates":[[[138.82400145273948,-35.001299027279316],[138.82400145273948,-34.99230582364207],[138.8329946563767,-34.99230582364207],[138.8329946563767,-35.001299027279316],[138.82400145273948,-35.001299027279316]]]}},{"type":"Feature","properties":{"jobs":0,"pop":236,"pointCount":2,"homeWorkCommuteMedian":5610,"workHomeCommuteMedian":-1},"geometry":{"type":"Polygon","coordinates":[[[138.82400145273948,-34.99230582364207],[138.82400145273948,-34.983312620004824],[138.8329946563767,-34.983312620004824],[138.8329946563767,-34.99230582364207],[138.82400145273948,-34.99230582364207]]]}},{"type":"Feature","properties":{"jobs":110,"pop":91,"pointCount":1,"homeWorkCommuteMedian":10080,"workHomeCommuteMedian":25865},"geometry":{"type":"Polygon","coordinates":[[[138.82400145273948,-34.911366990906856],[138.82400145273948,-34.90237378726961],[138.8329946563767,-34.90237378726961],[138.8329946563767,-34.911366990906856],[138.82400145273948,-34.911366990906856]]]}},{"type":"Feature","properties":{"jobs":499,"pop":0,"pointCount":1,"homeWorkCommuteMedian":-1,"workHomeCommuteMedian":5203},"geometry":{"type":"Polygon","coordinates":[[[138.8329946563767,-35.08223786001453],[138.8329946563767,-35.073244656377284],[138.84198786001394,-35.073244656377284],[138.84198786001394,-35.08223786001453],[138.8329946563767,-35.08223786001453]]]}},{"type":"Feature","properties":{"jobs":0,"pop":98,"pointCount":1,"homeWorkCommuteMedian":33151,"workHomeCommuteMedian":-1},"geometry":{"type":"Polygon","coordinates":[[[138.8329946563767,-34.983312620004824],[138.8329946563767,-34.97431941636758],[138.84198786001394,-34.97431941636758],[138.84198786001394,-34.983312620004824],[138.8329946563767,-34.983312620004824]]]}},{"type":"Feature","properties":{"jobs":111,"pop":61,"pointCount":1,"homeWorkCommuteMedian":27617,"workHomeCommuteMedian":4470},"geometry":{"type":"Polygon","coordinates":[[[138.8329946563767,-34.96532621273033],[138.8329946563767,-34.956333009093086],[138.84198786001394,-34.956333009093086],[138.84198786001394,-34.96532621273033],[138.8329946563767,-34.96532621273033]]]}},{"type":"Feature","properties":{"jobs":0,"pop":149,"pointCount":1,"homeWorkCommuteMedian":38273,"workHomeCommuteMedian":-1},"geometry":{"type":"Polygon","coordinates":[[[138.84198786001394,-35.10022426728902],[138.84198786001394,-35.091231063651776],[138.85098106365118,-35.091231063651776],[138.85098106365118,-35.10022426728902],[138.84198786001394,-35.10022426728902]]]}},{"type":"Feature","properties":{"jobs":0,"pop":214,"pointCount":2,"homeWorkCommuteMedian":37174,"workHomeCommuteMedian":-1},"geometry":{"type":"Polygon","coordinates":[[[138.84198786001394,-35.091231063651776],[138.84198786001394,-35.08223786001453],[138.85098106365118,-35.08223786001453],[138.85098106365118,-35.091231063651776],[138.84198786001394,-35.091231063651776]]]}},{"type":"Feature","properties":{"jobs":0,"pop":75,"pointCount":1,"homeWorkCommuteMedian":2676,"workHomeCommuteMedian":-1},"geometry":{"type":"Polygon","coordinates":[[[138.84198786001394,-35.08223786001453],[138.84198786001394,-35.073244656377284],[138.85098106365118,-35.073244656377284],[138.85098106365118,-35.08223786001453],[138.84198786001394,-35.08223786001453]]]}},{"type":"Feature","properties":{"jobs":0,"pop":394,"pointCount":2,"homeWorkCommuteMedian":10984,"workHomeCommuteMedian":-1},"geometry":{"type":"Polygon","coordinates":[[[138.84198786001394,-35.073244656377284],[138.84198786001394,-35.06425145274004],[138.85098106365118,-35.06425145274004],[138.85098106365118,-35.073244656377284],[138.84198786001394,-35.073244656377284]]]}},{"type":"Feature","properties":{"jobs":579,"pop":94,"pointCount":1,"homeWorkCommuteMedian":6192,"workHomeCommuteMedian":13044},"geometry":{"type":"Polygon","coordinates":[[[138.84198786001394,-35.046265045465546],[138.84198786001394,-35.0372718418283],[138.85098106365118,-35.0372718418283],[138.85098106365118,-35.046265045465546],[138.84198786001394,-35.046265045465546]]]}},{"type":"Feature","properties":{"jobs":232,"pop":120,"pointCount":1,"homeWorkCommuteMedian":26544,"workHomeCommuteMedian":56800},"geometry":{"type":"Polygon","coordinates":[[[138.84198786001394,-34.99230582364207],[138.84198786001394,-34.983312620004824],[138.85098106365118,-34.983312620004824],[138.85098106365118,-34.99230582364207],[138.84198786001394,-34.99230582364207]]]}},{"type":"Feature","properties":{"jobs":0,"pop":226,"pointCount":1,"homeWorkCommuteMedian":4678,"workHomeCommuteMedian":-1},"geometry":{"type":"Polygon","coordinates":[[[138.85098106365118,-35.10022426728902],[138.85098106365118,-35.091231063651776],[138.8599742672884,-35.091231063651776],[138.8599742672884,-35.10022426728902],[138.85098106365118,-35.10022426728902]]]}},{"type":"Feature","properties":{"jobs":0,"pop":594,"pointCount":3,"homeWorkCommuteMedian":39691,"workHomeCommuteMedian":-1},"geometry":{"type":"Polygon","coordinates":[[[138.85098106365118,-35.091231063651776],[138.85098106365118,-35.08223786001453],[138.8599742672884,-35.08223786001453],[138.8599742672884,-35.091231063651776],[138.85098106365118,-35.091231063651776]]]}},{"type":"Feature","properties":{"jobs":0,"pop":353,"pointCount":2,"homeWorkCommuteMedian":39824,"workHomeCommuteMedian":-1},"geometry":{"type":"Polygon","coordinates":[[[138.85098106365118,-35.08223786001453],[138.85098106365118,-35.073244656377284],[138.8599742672884,-35.073244656377284],[138.8599742672884,-35.08223786001453],[138.85098106365118,-35.08223786001453]]]}},{"type":"Feature","properties":{"jobs":911,"pop":212,"pointCount":2,"homeWorkCommuteMedian":31812,"workHomeCommuteMedian":8748},"geometry":{"type":"Polygon","coordinates":[[[138.85098106365118,-35.073244656377284],[138.85098106365118,-35.06425145274004],[138.8599742672884,-35.06425145274004],[138.8599742672884,-35.073244656377284],[138.85098106365118,-35.073244656377284]]]}},{"type":"Feature","properties":{"jobs":845,"pop":68,"pointCount":1,"homeWorkCommuteMedian":3034,"workHomeCommuteMedian":4678},"geometry":{"type":"Polygon","coordinates":[[[138.85098106365118,-35.06425145274004],[138.85098106365118,-35.05525824910279],[138.8599742672884,-35.05525824910279],[138.8599742672884,-35.06425145274004],[138.85098106365118,-35.06425145274004]]]}},{"type":"Feature","properties":{"jobs":102,"pop":150,"pointCount":1,"homeWorkCommuteMedian":3950,"workHomeCommuteMedian":38224},"geometry":{"type":"Polygon","coordinates":[[[138.85098106365118,-35.05525824910279],[138.85098106365118,-35.046265045465546],[138.8599742672884,-35.046265045465546],[138.8599742672884,-35.05525824910279],[138.85098106365118,-35.05525824910279]]]}},{"type":"Feature","properties":{"jobs":103,"pop":101,"pointCount":1,"homeWorkCommuteMedian":12244,"workHomeCommuteMedian":27851},"geometry":{"type":"Polygon","coordinates":[[[138.85098106365118,-34.911366990906856],[138.85098106365118,-34.90237378726961],[138.8599742672884,-34.90237378726961],[138.8599742672884,-34.911366990906856],[138.85098106365118,-34.911366990906856]]]}},{"type":"Feature","properties":{"jobs":0,"pop":179,"pointCount":1,"homeWorkCommuteMedian":4499,"workHomeCommuteMedian":-1},"geometry":{"type":"Polygon","coordinates":[[[138.8599742672884,-35.10022426728902],[138.8599742672884,-35.091231063651776],[138.86896747092564,-35.091231063651776],[138.86896747092564,-35.10022426728902],[138.8599742672884,-35.10022426728902]]]}},{"type":"Feature","properties":{"jobs":125,"pop":846,"pointCount":4,"homeWorkCommuteMedian":12910,"workHomeCommuteMedian":14236},"geometry":{"type":"Polygon","coordinates":[[[138.8599742672884,-35.091231063651776],[138.8599742672884,-35.08223786001453],[138.86896747092564,-35.08223786001453],[138.86896747092564,-35.091231063651776],[138.8599742672884,-35.091231063651776]]]}},{"type":"Feature","properties":{"jobs":176,"pop":349,"pointCount":3,"homeWorkCommuteMedian":3144,"workHomeCommuteMedian":38328},"geometry":{"type":"Polygon","coordinates":[[[138.8599742672884,-35.08223786001453],[138.8599742672884,-35.073244656377284],[138.86896747092564,-35.073244656377284],[138.86896747092564,-35.08223786001453],[138.8599742672884,-35.08223786001453]]]}},{"type":"Feature","properties":{"jobs":516,"pop":417,"pointCount":3,"homeWorkCommuteMedian":35447,"workHomeCommuteMedian":3491},"geometry":{"type":"Polygon","coordinates":[[[138.8599742672884,-35.073244656377284],[138.8599742672884,-35.06425145274004],[138.86896747092564,-35.06425145274004],[138.86896747092564,-35.073244656377284],[138.8599742672884,-35.073244656377284]]]}},{"type":"Feature","properties":{"jobs":0,"pop":338,"pointCount":1,"homeWorkCommuteMedian":9302,"workHomeCommuteMedian":-1},"geometry":{"type":"Polygon","coordinates":[[[138.8599742672884,-35.05525824910279],[138.8599742672884,-35.046265045465546],[138.86896747092564,-35.046265045465546],[138.86896747092564,-35.05525824910279],[138.8599742672884,-35.05525824910279]]]}},{"type":"Feature","properties":{"jobs":0,"pop":686,"pointCount":3,"homeWorkCommuteMedian":37873,"workHomeCommuteMedian":-1},"geometry":{"type":"Polygon","coordinates":[[[138.8599742672884,-35.046265045465546],[138.8599742672884,-35.0372718418283],[138.86896747092564,-35.0372718418283],[138.86896747092564,-35.046265045465546],[138.8599742672884,-35.046265045465546]]]}},{"type":"Feature","properties":{"jobs":0,"pop":249,"pointCount":1,"homeWorkCommuteMedian":36559,"workHomeCommuteMedian":-1},"geometry":{"type":"Polygon","coordinates":[[[138.86896747092564,-35.10022426728902],[138.86896747092564,-35.091231063651776],[138.87796067456287,-35.091231063651776],[138.87796067456287,-35.10022426728902],[138.86896747092564,-35.10022426728902]]]}},{"type":"Feature","properties":{"jobs":0,"pop":211,"pointCount":1,"homeWorkCommuteMedian":35385,"workHomeCommuteMedian":-1},"geometry":{"type":"Polygon","coordinates":[[[138.86896747092564,-35.091231063651776],[138.86896747092564,-35.08223786001453],[138.87796067456287,-35.08223786001453],[138.87796067456287,-35.091231063651776],[138.86896747092564,-35.091231063651776]]]}},{"type":"Feature","properties":{"jobs":443,"pop":463,"pointCount":4,"homeWorkCommuteMedian":34188,"workHomeCommuteMedian":8626},"geometry":{"type":"Polygon","coordinates":[[[138.86896747092564,-35.08223786001453],[138.86896747092564,-35.073244656377284],[138.87796067456287,-35.073244656377284],[138.87796067456287,-35.08223786001453],[138.86896747092564,-35.08223786001453]]]}},{"type":"Feature","properties":{"jobs":554,"pop":526,"pointCount":3,"homeWorkCommuteMedian":38451,"workHomeCommuteMedian":5549},"geometry":{"type":"Polygon","coordinates":[[[138.86896747092564,-35.06425145274004],[138.86896747092564,-35.05525824910279],[138.87796067456287,-35.05525824910279],[138.87796067456287,-35.06425145274004],[138.86896747092564,-35.06425145274004]]]}},{"type":"Feature","properties":{"jobs":0,"pop":243,"pointCount":2,"homeWorkCommuteMedian":36375,"workHomeCommuteMedian":-1},"geometry":{"type":"Polygon","coordinates":[[[138.86896747092564,-35.05525824910279],[138.86896747092564,-35.046265045465546],[138.87796067456287,-35.046265045465546],[138.87796067456287,-35.05525824910279],[138.86896747092564,-35.05525824910279]]]}},{"type":"Feature","properties":{"jobs":0,"pop":225,"pointCount":1,"homeWorkCommuteMedian":38026,"workHomeCommuteMedian":-1},"geometry":{"type":"Polygon","coordinates":[[[138.86896747092564,-35.046265045465546],[138.86896747092564,-35.0372718418283],[138.87796067456287,-35.0372718418283],[138.87796067456287,-35.046265045465546],[138.86896747092564,-35.046265045465546]]]}},{"type":"Feature","properties":{"jobs":0,"pop":62,"pointCount":1,"homeWorkCommuteMedian":8626,"workHomeCommuteMedian":-1},"geometry":{"type":"Polygon","coordinates":[[[138.86896747092564,-35.0372718418283],[138.86896747092564,-35.028278638191054],[138.87796067456287,-35.028278638191054],[138.87796067456287,-35.0372718418283],[138.86896747092564,-35.0372718418283]]]}},{"type":"Feature","properties":{"jobs":101,"pop":126,"pointCount":1,"homeWorkCommuteMedian":13907,"workHomeCommuteMedian":12244},"geometry":{"type":"Polygon","coordinates":[[[138.86896747092564,-34.99230582364207],[138.86896747092564,-34.983312620004824],[138.87796067456287,-34.983312620004824],[138.87796067456287,-34.99230582364207],[138.86896747092564,-34.99230582364207]]]}},{"type":"Feature","properties":{"jobs":0,"pop":109,"pointCount":1,"homeWorkCommuteMedian":39956,"workHomeCommuteMedian":-1},"geometry":{"type":"Polygon","coordinates":[[[138.86896747092564,-34.96532621273033],[138.86896747092564,-34.956333009093086],[138.87796067456287,-34.956333009093086],[138.87796067456287,-34.96532621273033],[138.86896747092564,-34.96532621273033]]]}},{"type":"Feature","properties":{"jobs":0,"pop":169,"pointCount":1,"homeWorkCommuteMedian":29661,"workHomeCommuteMedian":-1},"geometry":{"type":"Polygon","coordinates":[[[138.86896747092564,-34.956333009093086],[138.86896747092564,-34.94733980545584],[138.87796067456287,-34.94733980545584],[138.87796067456287,-34.956333009093086],[138.86896747092564,-34.956333009093086]]]}},{"type":"Feature","properties":{"jobs":333,"pop":161,"pointCount":1,"homeWorkCommuteMedian":6382,"workHomeCommuteMedian":10836},"geometry":{"type":"Polygon","coordinates":[[[138.86896747092564,-34.94733980545584],[138.86896747092564,-34.938346601818594],[138.87796067456287,-34.938346601818594],[138.87796067456287,-34.94733980545584],[138.86896747092564,-34.94733980545584]]]}},{"type":"Feature","properties":{"jobs":0,"pop":431,"pointCount":2,"homeWorkCommuteMedian":33771,"workHomeCommuteMedian":-1},"geometry":{"type":"Polygon","coordinates":[[[138.86896747092564,-34.911366990906856],[138.86896747092564,-34.90237378726961],[138.87796067456287,-34.90237378726961],[138.87796067456287,-34.911366990906856],[138.86896747092564,-34.911366990906856]]]}},{"type":"Feature","properties":{"jobs":0,"pop":169,"pointCount":1,"homeWorkCommuteMedian":30246,"workHomeCommuteMedian":-1},"geometry":{"type":"Polygon","coordinates":[[[138.86896747092564,-34.90237378726961],[138.86896747092564,-34.893380583632364],[138.87796067456287,-34.893380583632364],[138.87796067456287,-34.90237378726961],[138.86896747092564,-34.90237378726961]]]}},{"type":"Feature","properties":{"jobs":0,"pop":319,"pointCount":1,"homeWorkCommuteMedian":61812,"workHomeCommuteMedian":-1},"geometry":{"type":"Polygon","coordinates":[[[138.87796067456287,-35.10022426728902],[138.87796067456287,-35.091231063651776],[138.8869538782001,-35.091231063651776],[138.8869538782001,-35.10022426728902],[138.87796067456287,-35.10022426728902]]]}},{"type":"Feature","properties":{"jobs":158,"pop":310,"pointCount":1,"homeWorkCommuteMedian":30415,"workHomeCommuteMedian":4082},"geometry":{"type":"Polygon","coordinates":[[[138.87796067456287,-35.091231063651776],[138.87796067456287,-35.08223786001453],[138.8869538782001,-35.08223786001453],[138.8869538782001,-35.091231063651776],[138.87796067456287,-35.091231063651776]]]}},{"type":"Feature","properties":{"jobs":0,"pop":302,"pointCount":2,"homeWorkCommuteMedian":35567,"workHomeCommuteMedian":-1},"geometry":{"type":"Polygon","coordinates":[[[138.87796067456287,-35.08223786001453],[138.87796067456287,-35.073244656377284],[138.8869538782001,-35.073244656377284],[138.8869538782001,-35.08223786001453],[138.87796067456287,-35.08223786001453]]]}},{"type":"Feature","properties":{"jobs":428,"pop":295,"pointCount":2,"homeWorkCommuteMedian":37395,"workHomeCommuteMedian":13907},"geometry":{"type":"Polygon","coordinates":[[[138.87796067456287,-35.073244656377284],[138.87796067456287,-35.06425145274004],[138.8869538782001,-35.06425145274004],[138.8869538782001,-35.073244656377284],[138.87796067456287,-35.073244656377284]]]}},{"type":"Feature","properties":{"jobs":0,"pop":161,"pointCount":1,"homeWorkCommuteMedian":35999,"workHomeCommuteMedian":-1},"geometry":{"type":"Polygon","coordinates":[[[138.87796067456287,-35.06425145274004],[138.87796067456287,-35.05525824910279],[138.8869538782001,-35.05525824910279],[138.8869538782001,-35.06425145274004],[138.87796067456287,-35.06425145274004]]]}},{"type":"Feature","properties":{"jobs":0,"pop":172,"pointCount":1,"homeWorkCommuteMedian":34147,"workHomeCommuteMedian":-1},"geometry":{"type":"Polygon","coordinates":[[[138.87796067456287,-35.046265045465546],[138.87796067456287,-35.0372718418283],[138.8869538782001,-35.0372718418283],[138.8869538782001,-35.046265045465546],[138.87796067456287,-35.046265045465546]]]}},{"type":"Feature","properties":{"jobs":0,"pop":307,"pointCount":2,"homeWorkCommuteMedian":38048,"workHomeCommuteMedian":-1},"geometry":{"type":"Polygon","coordinates":[[[138.87796067456287,-34.956333009093086],[138.87796067456287,-34.94733980545584],[138.8869538782001,-34.94733980545584],[138.8869538782001,-34.956333009093086],[138.87796067456287,-34.956333009093086]]]}},{"type":"Feature","properties":{"jobs":0,"pop":183,"pointCount":1,"homeWorkCommuteMedian":10371,"workHomeCommuteMedian":-1},"geometry":{"type":"Polygon","coordinates":[[[138.87796067456287,-34.94733980545584],[138.87796067456287,-34.938346601818594],[138.8869538782001,-34.938346601818594],[138.8869538782001,-34.94733980545584],[138.87796067456287,-34.94733980545584]]]}},{"type":"Feature","properties":{"jobs":0,"pop":357,"pointCount":2,"homeWorkCommuteMedian":39392,"workHomeCommuteMedian":-1},"geometry":{"type":"Polygon","coordinates":[[[138.87796067456287,-34.90237378726961],[138.87796067456287,-34.893380583632364],[138.8869538782001,-34.893380583632364],[138.8869538782001,-34.90237378726961],[138.87796067456287,-34.90237378726961]]]}},{"type":"Feature","properties":{"jobs":0,"pop":187,"pointCount":1,"homeWorkCommuteMedian":5710,"workHomeCommuteMedian":-1},"geometry":{"type":"Polygon","coordinates":[[[138.8869538782001,-35.10022426728902],[138.8869538782001,-35.091231063651776],[138.89594708183733,-35.091231063651776],[138.89594708183733,-35.10022426728902],[138.8869538782001,-35.10022426728902]]]}},{"type":"Feature","properties":{"jobs":0,"pop":105,"pointCount":1,"homeWorkCommuteMedian":35990,"workHomeCommuteMedian":-1},"geometry":{"type":"Polygon","coordinates":[[[138.8869538782001,-35.091231063651776],[138.8869538782001,-35.08223786001453],[138.89594708183733,-35.08223786001453],[138.89594708183733,-35.091231063651776],[138.8869538782001,-35.091231063651776]]]}},{"type":"Feature","properties":{"jobs":0,"pop":191,"pointCount":1,"homeWorkCommuteMedian":40274,"workHomeCommuteMedian":-1},"geometry":{"type":"Polygon","coordinates":[[[138.8869538782001,-35.08223786001453],[138.8869538782001,-35.073244656377284],[138.89594708183733,-35.073244656377284],[138.89594708183733,-35.08223786001453],[138.8869538782001,-35.08223786001453]]]}},{"type":"Feature","properties":{"jobs":216,"pop":249,"pointCount":1,"homeWorkCommuteMedian":33679,"workHomeCommuteMedian":41665},"geometry":{"type":"Polygon","coordinates":[[[138.8869538782001,-35.06425145274004],[138.8869538782001,-35.05525824910279],[138.89594708183733,-35.05525824910279],[138.89594708183733,-35.06425145274004],[138.8869538782001,-35.06425145274004]]]}},{"type":"Feature","properties":{"jobs":536,"pop":74,"pointCount":1,"homeWorkCommuteMedian":30148,"workHomeCommuteMedian":31041},"geometry":{"type":"Polygon","coordinates":[[[138.8869538782001,-34.893380583632364],[138.8869538782001,-34.88438737999512],[138.89594708183733,-34.88438737999512],[138.89594708183733,-34.893380583632364],[138.8869538782001,-34.893380583632364]]]}},{"type":"Feature","properties":{"jobs":0,"pop":487,"pointCount":3,"homeWorkCommuteMedian":37878,"workHomeCommuteMedian":-1},"geometry":{"type":"Polygon","coordinates":[[[138.89594708183733,-35.0372718418283],[138.89594708183733,-35.028278638191054],[138.90494028547457,-35.028278638191054],[138.90494028547457,-35.0372718418283],[138.89594708183733,-35.0372718418283]]]}},{"type":"Feature","properties":{"jobs":0,"pop":500,"pointCount":3,"homeWorkCommuteMedian":39280,"workHomeCommuteMedian":-1},"geometry":{"type":"Polygon","coordinates":[[[138.89594708183733,-35.028278638191054],[138.89594708183733,-35.01928543455381],[138.90494028547457,-35.01928543455381],[138.90494028547457,-35.028278638191054],[138.89594708183733,-35.028278638191054]]]}},{"type":"Feature","properties":{"jobs":0,"pop":150,"pointCount":1,"homeWorkCommuteMedian":37950,"workHomeCommuteMedian":-1},"geometry":{"type":"Polygon","coordinates":[[[138.89594708183733,-34.9203601945441],[138.89594708183733,-34.911366990906856],[138.90494028547457,-34.911366990906856],[138.90494028547457,-34.9203601945441],[138.89594708183733,-34.9203601945441]]]}},{"type":"Feature","properties":{"jobs":119,"pop":0,"pointCount":1,"homeWorkCommuteMedian":-1,"workHomeCommuteMedian":12910},"geometry":{"type":"Polygon","coordinates":[[[138.90494028547457,-35.05525824910279],[138.90494028547457,-35.046265045465546],[138.9139334891118,-35.046265045465546],[138.9139334891118,-35.05525824910279],[138.90494028547457,-35.05525824910279]]]}},{"type":"Feature","properties":{"jobs":0,"pop":369,"pointCount":2,"homeWorkCommuteMedian":8608,"workHomeCommuteMedian":-1},"geometry":{"type":"Polygon","coordinates":[[[138.90494028547457,-35.046265045465546],[138.90494028547457,-35.0372718418283],[138.9139334891118,-35.0372718418283],[138.9139334891118,-35.046265045465546],[138.90494028547457,-35.046265045465546]]]}},{"type":"Feature","properties":{"jobs":0,"pop":300,"pointCount":2,"homeWorkCommuteMedian":38480,"workHomeCommuteMedian":-1},"geometry":{"type":"Polygon","coordinates":[[[138.90494028547457,-35.0372718418283],[138.90494028547457,-35.028278638191054],[138.9139334891118,-35.028278638191054],[138.9139334891118,-35.0372718418283],[138.90494028547457,-35.0372718418283]]]}},{"type":"Feature","properties":{"jobs":658,"pop":303,"pointCount":2,"homeWorkCommuteMedian":48799,"workHomeCommuteMedian":11492},"geometry":{"type":"Polygon","coordinates":[[[138.90494028547457,-35.028278638191054],[138.90494028547457,-35.01928543455381],[138.9139334891118,-35.01928543455381],[138.9139334891118,-35.028278638191054],[138.90494028547457,-35.028278638191054]]]}},{"type":"Feature","properties":{"jobs":259,"pop":87,"pointCount":1,"homeWorkCommuteMedian":15629,"workHomeCommuteMedian":37890},"geometry":{"type":"Polygon","coordinates":[[[138.90494028547457,-34.97431941636758],[138.90494028547457,-34.96532621273033],[138.9139334891118,-34.96532621273033],[138.9139334891118,-34.97431941636758],[138.90494028547457,-34.97431941636758]]]}},{"type":"Feature","properties":{"jobs":0,"pop":96,"pointCount":1,"homeWorkCommuteMedian":39150,"workHomeCommuteMedian":-1},"geometry":{"type":"Polygon","coordinates":[[[138.9139334891118,-35.046265045465546],[138.9139334891118,-35.0372718418283],[138.92292669274903,-35.0372718418283],[138.92292669274903,-35.046265045465546],[138.9139334891118,-35.046265045465546]]]}},{"type":"Feature","properties":{"jobs":0,"pop":124,"pointCount":1,"homeWorkCommuteMedian":46891,"workHomeCommuteMedian":-1},"geometry":{"type":"Polygon","coordinates":[[[138.9139334891118,-35.0372718418283],[138.9139334891118,-35.028278638191054],[138.92292669274903,-35.028278638191054],[138.92292669274903,-35.0372718418283],[138.9139334891118,-35.0372718418283]]]}},{"type":"Feature","properties":{"jobs":0,"pop":97,"pointCount":1,"homeWorkCommuteMedian":14996,"workHomeCommuteMedian":-1},"geometry":{"type":"Polygon","coordinates":[[[138.92292669274903,-35.046265045465546],[138.92292669274903,-35.0372718418283],[138.93191989638626,-35.0372718418283],[138.93191989638626,-35.046265045465546],[138.92292669274903,-35.046265045465546]]]}},{"type":"Feature","properties":{"jobs":111,"pop":100,"pointCount":1,"homeWorkCommuteMedian":41813,"workHomeCommuteMedian":35701},"geometry":{"type":"Polygon","coordinates":[[[138.92292669274903,-34.9203601945441],[138.92292669274903,-34.911366990906856],[138.93191989638626,-34.911366990906856],[138.93191989638626,-34.9203601945441],[138.92292669274903,-34.9203601945441]]]}}],"properties":{"residentWeightedNearestNeighborKm":{"p10":0.28828748227852496,"p25":0.3196211124216218,"p50":0.36323170672987537,"p75":0.4196361160560095,"p90":0.5315286710899011,"mean":0.4186765864730062},"workerWeightedNearestNeighborKm":{"p10":0.30243344853695214,"p25":0.3312056022058667,"p50":0.4028073256927894,"p75":0.5733152310953361,"p90":0.8318152579474143,"mean":0.5230667585894071},"commuteDistanceKm":{"p10":3440,"p25":6252,"p50":10918,"p75":18528,"p90":27612,"mean":13755.605550239234},"residentCellDensity":{"p10":127,"p25":243,"p50":514,"p75":896,"p90":1217,"mean":609.7091412742383},"workerCellDensity":{"p10":127,"p25":201,"p50":420,"p75":824,"p90":1647,"mean":900.8596730245232},"detail":{"radiusKm":0.38250802918983107,"expectedPointSpacingKm":0.6042137382136343,"normalizedRadius":0.633067414721024,"activityPerPoint":213.47320852162684,"playableAreaKm2":1900,"playableAreaPerPointKm2":0.6132989025177534,"playableCatchmentRadiusKm":0.441836059932946,"localityScore":0.3725062439896473,"deaggregationScore":1,"score":0.6103328960408797},"polycentrism":{"activity":{"score":0,"continuousScore":0.8296176978777045,"detectedCenterCount":1,"effectiveCenterCount":1,"largestCenterShare":1,"bandwidthKm":1.3,"reliabilityScore":1,"supportLevel":"high","usedFallback":false,"topCenters":[{"longitude":138.6035192619526,"latitude":-34.91247325248736,"massShare":1,"assignedMass":1322680,"assignedPointCount":3098,"prominenceRatio":1}],"debug":{"rawPeakCount":58,"mergedPeakCount":51,"filteredPeakCount":1,"prominenceThreshold":0.22,"minPointsPerCenter":10,"rejectedCenters":[{"longitude":138.56465538667493,"latitude":-35.01026336925579,"massShare":0.13385550548885597,"assignedMass":177048,"assignedPointCount":430,"prominenceRatio":0.9999999999999054,"strongestCompetitorDistanceKm":10.32923292806758,"strongestCompetitorPotential":146056.1504052591,"localConsolidatedShare":0.13385550548885597,"localConsolidatedMass":177048,"localContributorCount":1,"localContributorDistancesKm":[],"rejectionReasons":["not_dominant_local_peak","below_relative_share_floor","too_close_for_low_share_center"]},{"longitude":138.60722933568073,"latitude":-34.83323598090895,"massShare":0.0742931018840536,"assignedMass":98266,"assignedPointCount":184,"prominenceRatio":1,"strongestCompetitorDistanceKm":12.419608558830417,"strongestCompetitorPotential":146056.1504052591,"localConsolidatedShare":0.0742931018840536,"localConsolidatedMass":98266,"localContributorCount":1,"localContributorDistancesKm":[],"rejectionReasons":["not_dominant_local_peak","below_relative_share_floor"]},{"longitude":138.6861414465917,"latitude":-34.83939185448865,"massShare":0.08516874829890828,"assignedMass":112651,"assignedPointCount":357,"prominenceRatio":1,"strongestCompetitorDistanceKm":12.994741335569506,"strongestCompetitorPotential":146056.1504052591,"localConsolidatedShare":0.08516874829890828,"localConsolidatedMass":112651,"localContributorCount":1,"localContributorDistancesKm":[],"rejectionReasons":["not_dominant_local_peak","below_relative_share_floor"]},{"longitude":138.64658868886707,"latitude":-34.76669771089994,"massShare":0.04670139413917199,"assignedMass":61771,"assignedPointCount":211,"prominenceRatio":1,"strongestCompetitorDistanceKm":18.084946615786684,"strongestCompetitorPotential":146056.1504052591,"localConsolidatedShare":0.04670139413917199,"localConsolidatedMass":61771,"localContributorCount":1,"localContributorDistancesKm":[],"rejectionReasons":["below_secondary_share_floor"]},{"longitude":138.49560489327664,"latitude":-35.14165948413781,"massShare":0.01937505670305743,"assignedMass":25627,"assignedPointCount":84,"prominenceRatio":1,"strongestCompetitorDistanceKm":25.71966290321983,"strongestCompetitorPotential":146056.1504052591,"localConsolidatedShare":0.01937505670305743,"localConsolidatedMass":25627,"localContributorCount":1,"localContributorDistancesKm":[],"rejectionReasons":["below_secondary_share_floor"]},{"longitude":138.53291643994658,"latitude":-35.09934462543537,"massShare":0.043628844467293676,"assignedMass":57707,"assignedPointCount":194,"prominenceRatio":1,"strongestCompetitorDistanceKm":22.15493386188043,"strongestCompetitorPotential":146056.1504052591,"localConsolidatedShare":0.043628844467293676,"localConsolidatedMass":57707,"localContributorCount":1,"localContributorDistancesKm":[],"rejectionReasons":["below_secondary_share_floor"]},{"longitude":138.6758110265676,"latitude":-34.72231917109459,"massShare":0.017785859013518007,"assignedMass":23525,"assignedPointCount":72,"prominenceRatio":1,"strongestCompetitorDistanceKm":23.953744146968983,"strongestCompetitorPotential":146056.1504052591,"localConsolidatedShare":0.017785859013518007,"localConsolidatedMass":23525,"localContributorCount":1,"localContributorDistancesKm":[],"rejectionReasons":["below_secondary_share_floor"]},{"longitude":138.68602748035988,"latitude":-34.67467135707046,"massShare":0.023866694892188588,"assignedMass":31568,"assignedPointCount":121,"prominenceRatio":1,"strongestCompetitorDistanceKm":28.561100925534074,"strongestCompetitorPotential":146056.1504052591,"localConsolidatedShare":0.023866694892188588,"localConsolidatedMass":31568,"localContributorCount":1,"localContributorDistancesKm":[],"rejectionReasons":["below_secondary_share_floor"]},{"longitude":138.62142162758784,"latitude":-34.72475900005966,"massShare":0.012671999274200865,"assignedMass":16761,"assignedPointCount":24,"prominenceRatio":1,"strongestCompetitorDistanceKm":23.579066640509822,"strongestCompetitorPotential":146056.1504052591,"localConsolidatedShare":0.012671999274200865,"localConsolidatedMass":16761,"localContributorCount":1,"localContributorDistancesKm":[],"rejectionReasons":["below_secondary_share_floor"]},{"longitude":138.482010191363,"latitude":-35.19021204633771,"massShare":0.010311640003628995,"assignedMass":13639,"assignedPointCount":49,"prominenceRatio":1,"strongestCompetitorDistanceKm":30.924806129038302,"strongestCompetitorPotential":146056.1504052591,"localConsolidatedShare":0.010311640003628995,"localConsolidatedMass":13639,"localContributorCount":1,"localContributorDistancesKm":[],"rejectionReasons":["below_secondary_share_floor"]},{"longitude":138.50353344410976,"latitude":-34.83880415931039,"massShare":0.04367949919859679,"assignedMass":57774,"assignedPointCount":152,"prominenceRatio":1,"strongestCompetitorDistanceKm":17.720951117299588,"strongestCompetitorPotential":146056.1504052591,"localConsolidatedShare":0.04367949919859679,"localConsolidatedMass":57774,"localContributorCount":1,"localContributorDistancesKm":[],"rejectionReasons":["below_secondary_share_floor"]},{"longitude":138.86559073801232,"latitude":-35.070240121885874,"massShare":0.011289200713702484,"assignedMass":14932,"assignedPointCount":56,"prominenceRatio":1,"strongestCompetitorDistanceKm":29.243330369528593,"strongestCompetitorPotential":146056.1504052591,"localConsolidatedShare":0.011289200713702484,"localConsolidatedMass":14932,"localContributorCount":1,"localContributorDistancesKm":[],"rejectionReasons":["below_secondary_share_floor"]},{"longitude":138.7445528758656,"latitude":-34.605182521604746,"massShare":0.013210300299392142,"assignedMass":17473,"assignedPointCount":72,"prominenceRatio":1,"strongestCompetitorDistanceKm":38.28085730092299,"strongestCompetitorPotential":146056.1504052591,"localConsolidatedShare":0.013210300299392142,"localConsolidatedMass":17473,"localContributorCount":1,"localContributorDistancesKm":[],"rejectionReasons":["below_secondary_share_floor"]},{"longitude":138.46288886543536,"latitude":-35.27129620052771,"massShare":0.005730789004143103,"assignedMass":7580,"assignedPointCount":31,"prominenceRatio":1,"strongestCompetitorDistanceKm":40.816701611044685,"strongestCompetitorPotential":146056.1504052591,"localConsolidatedShare":0.005730789004143103,"localConsolidatedMass":7580,"localContributorCount":1,"localContributorDistancesKm":[],"rejectionReasons":["below_secondary_share_floor"]},{"longitude":138.72892069912155,"latitude":-35.009605627745245,"massShare":0.008262013487767261,"assignedMass":10928,"assignedPointCount":52,"prominenceRatio":1,"strongestCompetitorDistanceKm":14.556414383391365,"strongestCompetitorPotential":146056.1504052591,"localConsolidatedShare":0.008262013487767261,"localConsolidatedMass":10928,"localContributorCount":1,"localContributorDistancesKm":[],"rejectionReasons":["below_secondary_share_floor"]},{"longitude":138.90709038637053,"latitude":-35.032855034986305,"massShare":0.0024851059969153537,"assignedMass":3287,"assignedPointCount":18,"prominenceRatio":1,"strongestCompetitorDistanceKm":30.277226059446445,"strongestCompetitorPotential":146056.1504052591,"localConsolidatedShare":0.0024851059969153537,"localConsolidatedMass":3287,"localContributorCount":1,"localContributorDistancesKm":[],"rejectionReasons":["below_secondary_share_floor"]},{"longitude":138.8059054501552,"latitude":-35.03071666091756,"massShare":0.0021917621798167356,"assignedMass":2899,"assignedPointCount":13,"prominenceRatio":1,"strongestCompetitorDistanceKm":22.74200868395137,"strongestCompetitorPotential":146056.1504052591,"localConsolidatedShare":0.0021917621798167356,"localConsolidatedMass":2899,"localContributorCount":1,"localContributorDistancesKm":[],"rejectionReasons":["below_secondary_share_floor"]},{"longitude":138.5517033623418,"latitude":-35.27462337816455,"massShare":0.0019112710557353252,"assignedMass":2528,"assignedPointCount":8,"prominenceRatio":1,"strongestCompetitorDistanceKm":38.61428700873838,"strongestCompetitorPotential":146056.1504052591,"localConsolidatedShare":0.0019112710557353252,"localConsolidatedMass":2528,"localContributorCount":1,"localContributorDistancesKm":[],"rejectionReasons":["below_min_points_per_center"]},{"longitude":138.53837423695435,"latitude":-35.22177203807023,"massShare":0.0023036562131430126,"assignedMass":3047,"assignedPointCount":11,"prominenceRatio":1,"strongestCompetitorDistanceKm":33.35563519361847,"strongestCompetitorPotential":146056.1504052591,"localConsolidatedShare":0.0023036562131430126,"localConsolidatedMass":3047,"localContributorCount":1,"localContributorDistancesKm":[],"rejectionReasons":["below_secondary_share_floor"]},{"longitude":138.5619568824405,"latitude":-34.66878701636905,"massShare":0.002032237578250219,"assignedMass":2688,"assignedPointCount":7,"prominenceRatio":1,"strongestCompetitorDistanceKm":28.382048312163747,"strongestCompetitorPotential":146056.1504052591,"localConsolidatedShare":0.002032237578250219,"localConsolidatedMass":2688,"localContributorCount":1,"localContributorDistancesKm":[],"rejectionReasons":["below_min_points_per_center"]},{"longitude":138.83094514450866,"latitude":-34.99584190751445,"massShare":0.0013079505246922913,"assignedMass":1730,"assignedPointCount":7,"prominenceRatio":1,"strongestCompetitorDistanceKm":22.509053083426398,"strongestCompetitorPotential":146056.1504052591,"localConsolidatedShare":0.0013079505246922913,"localConsolidatedMass":1730,"localContributorCount":1,"localContributorDistancesKm":[],"rejectionReasons":["below_min_points_per_center"]},{"longitude":138.8726586393739,"latitude":-34.95466809151114,"massShare":0.0012557837118577434,"assignedMass":1661,"assignedPointCount":8,"prominenceRatio":1,"strongestCompetitorDistanceKm":25.49752621394219,"strongestCompetitorPotential":146056.1504052591,"localConsolidatedShare":0.0012557837118577434,"localConsolidatedMass":1661,"localContributorCount":1,"localContributorDistancesKm":[],"rejectionReasons":["below_min_points_per_center"]},{"longitude":138.88572903377113,"latitude":-34.901257786116325,"massShare":0.0016118789125109626,"assignedMass":2132,"assignedPointCount":9,"prominenceRatio":1,"strongestCompetitorDistanceKm":25.759029748432642,"strongestCompetitorPotential":146056.1504052591,"localConsolidatedShare":0.0016118789125109626,"localConsolidatedMass":2132,"localContributorCount":1,"localContributorDistancesKm":[],"rejectionReasons":["below_min_points_per_center"]},{"longitude":138.71859113670504,"latitude":-34.94777846770155,"massShare":0.0015098134091390209,"assignedMass":1997,"assignedPointCount":8,"prominenceRatio":1,"strongestCompetitorDistanceKm":12.5051009043398,"strongestCompetitorPotential":146056.1504052591,"localConsolidatedShare":0.0015098134091390209,"localConsolidatedMass":1997,"localContributorCount":1,"localContributorDistancesKm":[],"rejectionReasons":["below_min_points_per_center"]},{"longitude":138.69140548126978,"latitude":-34.90820409308972,"massShare":0.007406931381740103,"assignedMass":9797,"assignedPointCount":29,"prominenceRatio":1,"strongestCompetitorDistanceKm":12.428302397594068,"strongestCompetitorPotential":146056.1504052591,"localConsolidatedShare":0.007406931381740103,"localConsolidatedMass":9797,"localContributorCount":1,"localContributorDistancesKm":[],"rejectionReasons":["below_secondary_share_floor"]},{"longitude":138.6067,"latitude":-34.6854,"massShare":0.0006373423655003478,"assignedMass":843,"assignedPointCount":1,"prominenceRatio":1,"strongestCompetitorDistanceKm":26.72780037317667,"strongestCompetitorPotential":146056.1504052591,"localConsolidatedShare":0.0006373423655003478,"localConsolidatedMass":843,"localContributorCount":1,"localContributorDistancesKm":[],"rejectionReasons":["below_min_points_per_center"]},{"longitude":138.45986919642857,"latitude":-35.32421063988095,"massShare":0.0010161187891251095,"assignedMass":1344,"assignedPointCount":7,"prominenceRatio":1,"strongestCompetitorDistanceKm":46.40525996001066,"strongestCompetitorPotential":146056.1504052591,"localConsolidatedShare":0.0010161187891251095,"localConsolidatedMass":1344,"localContributorCount":1,"localContributorDistancesKm":[],"rejectionReasons":["below_min_points_per_center"]},{"longitude":138.61247933625546,"latitude":-34.64811509079524,"massShare":0.0012073971028517857,"assignedMass":1597,"assignedPointCount":4,"prominenceRatio":1,"strongestCompetitorDistanceKm":30.30493672561578,"strongestCompetitorPotential":146056.1504052591,"localConsolidatedShare":0.0012073971028517857,"localConsolidatedMass":1597,"localContributorCount":1,"localContributorDistancesKm":[],"rejectionReasons":["below_min_points_per_center"]},{"longitude":138.51764355029587,"latitude":-34.59123597633136,"massShare":0.000638854447031784,"assignedMass":845,"assignedPointCount":5,"prominenceRatio":1,"strongestCompetitorDistanceKm":37.847442400535314,"strongestCompetitorPotential":146056.1504052591,"localConsolidatedShare":0.000638854447031784,"localConsolidatedMass":845,"localContributorCount":1,"localContributorDistancesKm":[],"rejectionReasons":["below_min_points_per_center"]},{"longitude":138.7803,"latitude":-34.5367,"massShare":0.0005723228596485922,"assignedMass":757,"assignedPointCount":1,"prominenceRatio":1,"strongestCompetitorDistanceKm":46.28363673558175,"strongestCompetitorPotential":146056.1504052591,"localConsolidatedShare":0.0005723228596485922,"localConsolidatedMass":757,"localContributorCount":1,"localContributorDistancesKm":[],"rejectionReasons":["below_min_points_per_center"]},{"longitude":138.60187792894936,"latitude":-34.59841723356009,"massShare":0.0010002419330450297,"assignedMass":1323,"assignedPointCount":6,"prominenceRatio":1,"strongestCompetitorDistanceKm":36.675950797467344,"strongestCompetitorPotential":146056.1504052591,"localConsolidatedShare":0.0010002419330450297,"localConsolidatedMass":1323,"localContributorCount":1,"localContributorDistancesKm":[],"rejectionReasons":["below_min_points_per_center"]},{"longitude":138.58365213032582,"latitude":-34.62144047619048,"massShare":0.0006033205310430338,"assignedMass":798,"assignedPointCount":3,"prominenceRatio":1,"strongestCompetitorDistanceKm":33.25513750781548,"strongestCompetitorPotential":146056.1504052591,"localConsolidatedShare":0.0006033205310430338,"localConsolidatedMass":798,"localContributorCount":1,"localContributorDistancesKm":[],"rejectionReasons":["below_min_points_per_center"]},{"longitude":138.77918185328184,"latitude":-34.9629250965251,"massShare":0.0007832582332839387,"assignedMass":1036,"assignedPointCount":3,"prominenceRatio":1,"strongestCompetitorDistanceKm":16.16333558004538,"strongestCompetitorPotential":146056.1504052591,"localConsolidatedShare":0.0007832582332839387,"localConsolidatedMass":1036,"localContributorCount":1,"localContributorDistancesKm":[],"rejectionReasons":["below_min_points_per_center"]},{"longitude":138.5877,"latitude":-35.254,"massShare":0.0004226267880364109,"assignedMass":559,"assignedPointCount":1,"prominenceRatio":1,"strongestCompetitorDistanceKm":36.52174003103846,"strongestCompetitorPotential":146056.1504052591,"localConsolidatedShare":0.0004226267880364109,"localConsolidatedMass":559,"localContributorCount":1,"localContributorDistancesKm":[],"rejectionReasons":["below_min_points_per_center"]},{"longitude":138.79594876783398,"latitude":-35.09606121919585,"massShare":0.0005829074303686455,"assignedMass":771,"assignedPointCount":4,"prominenceRatio":1,"strongestCompetitorDistanceKm":26.694168465861086,"strongestCompetitorPotential":146056.1504052591,"localConsolidatedShare":0.0005829074303686455,"localConsolidatedMass":771,"localContributorCount":1,"localContributorDistancesKm":[],"rejectionReasons":["below_min_points_per_center"]},{"longitude":138.5874110619469,"latitude":-35.210679498525074,"massShare":0.0005125956391568633,"assignedMass":678,"assignedPointCount":3,"prominenceRatio":1,"strongestCompetitorDistanceKm":31.45113951646323,"strongestCompetitorPotential":146056.1504052591,"localConsolidatedShare":0.0005125956391568633,"localConsolidatedMass":678,"localContributorCount":1,"localContributorDistancesKm":[],"rejectionReasons":["below_min_points_per_center"]},{"longitude":138.53536880394574,"latitude":-34.61820172626388,"massShare":0.000613149060997369,"assignedMass":811,"assignedPointCount":3,"prominenceRatio":1,"strongestCompetitorDistanceKm":34.21142948619035,"strongestCompetitorPotential":146056.1504052591,"localConsolidatedShare":0.000613149060997369,"localConsolidatedMass":811,"localContributorCount":1,"localContributorDistancesKm":[],"rejectionReasons":["below_min_points_per_center"]},{"longitude":138.7467803149606,"latitude":-34.53274547244094,"massShare":0.00038406870898478846,"assignedMass":508,"assignedPointCount":3,"prominenceRatio":1,"strongestCompetitorDistanceKm":45.47716657586601,"strongestCompetitorPotential":146056.1504052591,"localConsolidatedShare":0.00038406870898478846,"localConsolidatedMass":508,"localContributorCount":1,"localContributorDistancesKm":[],"rejectionReasons":["below_min_points_per_center"]},{"longitude":138.6273,"latitude":-35.1987,"massShare":0.00038482474975050655,"assignedMass":509,"assignedPointCount":1,"prominenceRatio":1,"strongestCompetitorDistanceKm":30.46040073534526,"strongestCompetitorPotential":146056.1504052591,"localConsolidatedShare":0.00038482474975050655,"localConsolidatedMass":509,"localContributorCount":1,"localContributorDistancesKm":[],"rejectionReasons":["below_min_points_per_center"]},{"longitude":138.7381,"latitude":-35.1231,"massShare":0.00038406870898478846,"assignedMass":508,"assignedPointCount":1,"prominenceRatio":1,"strongestCompetitorDistanceKm":25.319157701324613,"strongestCompetitorPotential":146056.1504052591,"localConsolidatedShare":0.00038406870898478846,"localConsolidatedMass":508,"localContributorCount":1,"localContributorDistancesKm":[],"rejectionReasons":["below_min_points_per_center"]},{"longitude":138.8024548632219,"latitude":-34.93176717325228,"massShare":0.0004974748238425016,"assignedMass":658,"assignedPointCount":3,"prominenceRatio":1,"strongestCompetitorDistanceKm":18.35217790650139,"strongestCompetitorPotential":146056.1504052591,"localConsolidatedShare":0.0004974748238425016,"localConsolidatedMass":658,"localContributorCount":1,"localContributorDistancesKm":[],"rejectionReasons":["below_min_points_per_center"]},{"longitude":138.9066,"latitude":-34.9703,"massShare":0.0002615901049384583,"assignedMass":346,"assignedPointCount":1,"prominenceRatio":1,"strongestCompetitorDistanceKm":28.42042907671723,"strongestCompetitorPotential":146056.1504052591,"localConsolidatedShare":0.0002615901049384583,"localConsolidatedMass":346,"localContributorCount":1,"localContributorDistancesKm":[],"rejectionReasons":["below_min_points_per_center"]},{"longitude":138.58074273049647,"latitude":-35.16247499999999,"massShare":0.00042640699186500137,"assignedMass":564,"assignedPointCount":2,"prominenceRatio":1,"strongestCompetitorDistanceKm":27.013288149405625,"strongestCompetitorPotential":146056.1504052591,"localConsolidatedShare":0.00042640699186500137,"localConsolidatedMass":564,"localContributorCount":1,"localContributorDistancesKm":[],"rejectionReasons":["below_min_points_per_center"]},{"longitude":138.5091,"latitude":-34.6857,"massShare":0.00022681222971542624,"assignedMass":300,"assignedPointCount":1,"prominenceRatio":1,"strongestCompetitorDistanceKm":27.93626699969632,"strongestCompetitorPotential":146056.1504052591,"localConsolidatedShare":0.00022681222971542624,"localConsolidatedMass":300,"localContributorCount":1,"localContributorDistancesKm":[],"rejectionReasons":["below_min_points_per_center"]},{"longitude":138.64571234684263,"latitude":-35.12964128180962,"massShare":0.0008021592524268909,"assignedMass":1061,"assignedPointCount":5,"prominenceRatio":1,"strongestCompetitorDistanceKm":27.371396704053957,"strongestCompetitorPotential":146056.1504052591,"localConsolidatedShare":0.0008021592524268909,"localConsolidatedMass":1061,"localContributorCount":1,"localContributorDistancesKm":[],"rejectionReasons":["below_min_points_per_center"]},{"longitude":138.9412,"latitude":-34.9523,"massShare":0.00017464541688087823,"assignedMass":231,"assignedPointCount":1,"prominenceRatio":1,"strongestCompetitorDistanceKm":31.27951774009151,"strongestCompetitorPotential":146056.1504052591,"localConsolidatedShare":0.00017464541688087823,"localConsolidatedMass":231,"localContributorCount":1,"localContributorDistancesKm":[],"rejectionReasons":["below_min_points_per_center"]},{"longitude":138.8269,"latitude":-34.9049,"massShare":0.0001519641939093356,"assignedMass":201,"assignedPointCount":1,"prominenceRatio":1,"strongestCompetitorDistanceKm":20.845724928527808,"strongestCompetitorPotential":146056.1504052591,"localConsolidatedShare":0.0001519641939093356,"localConsolidatedMass":201,"localContributorCount":1,"localContributorDistancesKm":[],"rejectionReasons":["below_min_points_per_center"]},{"longitude":138.6618,"latitude":-34.5881,"massShare":0.00016179272386367073,"assignedMass":214,"assignedPointCount":1,"prominenceRatio":1,"strongestCompetitorDistanceKm":37.96413099588006,"strongestCompetitorPotential":146056.1504052591,"localConsolidatedShare":0.00016179272386367073,"localConsolidatedMass":214,"localContributorCount":1,"localContributorDistancesKm":[],"rejectionReasons":["below_min_points_per_center"]},{"longitude":138.7715,"latitude":-34.8921,"massShare":0.00015876856080079837,"assignedMass":210,"assignedPointCount":1,"prominenceRatio":1,"strongestCompetitorDistanceKm":16.104792182547047,"strongestCompetitorPotential":146056.1504052591,"localConsolidatedShare":0.00015876856080079837,"localConsolidatedMass":210,"localContributorCount":1,"localContributorDistancesKm":[],"rejectionReasons":["below_min_points_per_center"]},{"longitude":138.67336633499173,"latitude":-35.06849535655058,"massShare":0.00045589258172800675,"assignedMass":603,"assignedPointCount":4,"prominenceRatio":1,"strongestCompetitorDistanceKm":20.499831129167994,"strongestCompetitorPotential":146056.1504052591,"localConsolidatedShare":0.00045589258172800675,"localConsolidatedMass":603,"localContributorCount":1,"localContributorDistancesKm":[],"rejectionReasons":["below_min_points_per_center"]}]}}}}}
