{"type":"FeatureCollection","features":[{"type":"Feature","properties":{"jobs":2,"pop":0,"pointCount":1,"homeWorkCommuteMedian":-1,"workHomeCommuteMedian":94179},"geometry":{"type":"Polygon","coordinates":[[[26.081613209020368,58.07892089997576],[26.081613209020368,58.08791410361301],[26.090606412657614,58.08791410361301],[26.090606412657614,58.07892089997576],[26.081613209020368,58.07892089997576]]]}},{"type":"Feature","properties":{"jobs":0,"pop":8,"pointCount":1,"homeWorkCommuteMedian":24224,"workHomeCommuteMedian":-1},"geometry":{"type":"Polygon","coordinates":[[[26.090606412657614,58.17784613998547],[26.090606412657614,58.186839343622715],[26.09959961629486,58.186839343622715],[26.09959961629486,58.17784613998547],[26.090606412657614,58.17784613998547]]]}},{"type":"Feature","properties":{"jobs":15,"pop":6,"pointCount":2,"homeWorkCommuteMedian":22655,"workHomeCommuteMedian":53546},"geometry":{"type":"Polygon","coordinates":[[[26.090606412657614,58.186839343622715],[26.090606412657614,58.19583254725996],[26.09959961629486,58.19583254725996],[26.09959961629486,58.186839343622715],[26.090606412657614,58.186839343622715]]]}},{"type":"Feature","properties":{"jobs":0,"pop":28,"pointCount":3,"homeWorkCommuteMedian":25217,"workHomeCommuteMedian":-1},"geometry":{"type":"Polygon","coordinates":[[[26.09959961629486,58.19583254725996],[26.09959961629486,58.20482575089721],[26.108592819932106,58.20482575089721],[26.108592819932106,58.19583254725996],[26.09959961629486,58.19583254725996]]]}},{"type":"Feature","properties":{"jobs":0,"pop":27,"pointCount":1,"homeWorkCommuteMedian":51691,"workHomeCommuteMedian":-1},"geometry":{"type":"Polygon","coordinates":[[[26.108592819932106,58.096907307250255],[26.108592819932106,58.1059005108875],[26.117586023569352,58.1059005108875],[26.117586023569352,58.096907307250255],[26.108592819932106,58.096907307250255]]]}},{"type":"Feature","properties":{"jobs":0,"pop":10,"pointCount":1,"homeWorkCommuteMedian":49048,"workHomeCommuteMedian":-1},"geometry":{"type":"Polygon","coordinates":[[[26.108592819932106,58.186839343622715],[26.108592819932106,58.19583254725996],[26.117586023569352,58.19583254725996],[26.117586023569352,58.186839343622715],[26.108592819932106,58.186839343622715]]]}},{"type":"Feature","properties":{"jobs":31,"pop":10,"pointCount":2,"homeWorkCommuteMedian":76287,"workHomeCommuteMedian":64141},"geometry":{"type":"Polygon","coordinates":[[[26.108592819932106,58.20482575089721],[26.108592819932106,58.21381895453445],[26.117586023569352,58.21381895453445],[26.117586023569352,58.20482575089721],[26.108592819932106,58.20482575089721]]]}},{"type":"Feature","properties":{"jobs":6,"pop":0,"pointCount":1,"homeWorkCommuteMedian":-1,"workHomeCommuteMedian":28487},"geometry":{"type":"Polygon","coordinates":[[[26.108592819932106,58.21381895453445],[26.108592819932106,58.2228121581717],[26.117586023569352,58.2228121581717],[26.117586023569352,58.21381895453445],[26.108592819932106,58.21381895453445]]]}},{"type":"Feature","properties":{"jobs":0,"pop":6,"pointCount":1,"homeWorkCommuteMedian":7348,"workHomeCommuteMedian":-1},"geometry":{"type":"Polygon","coordinates":[[[26.117586023569352,58.08791410361301],[26.117586023569352,58.096907307250255],[26.126579227206598,58.096907307250255],[26.126579227206598,58.08791410361301],[26.117586023569352,58.08791410361301]]]}},{"type":"Feature","properties":{"jobs":12,"pop":0,"pointCount":1,"homeWorkCommuteMedian":-1,"workHomeCommuteMedian":54158},"geometry":{"type":"Polygon","coordinates":[[[26.117586023569352,58.096907307250255],[26.117586023569352,58.1059005108875],[26.126579227206598,58.1059005108875],[26.126579227206598,58.096907307250255],[26.117586023569352,58.096907307250255]]]}},{"type":"Feature","properties":{"jobs":0,"pop":6,"pointCount":1,"homeWorkCommuteMedian":22284,"workHomeCommuteMedian":-1},"geometry":{"type":"Polygon","coordinates":[[[26.117586023569352,58.2228121581717],[26.117586023569352,58.231805361808945],[26.126579227206598,58.231805361808945],[26.126579227206598,58.2228121581717],[26.117586023569352,58.2228121581717]]]}},{"type":"Feature","properties":{"jobs":35,"pop":13,"pointCount":2,"homeWorkCommuteMedian":15105,"workHomeCommuteMedian":29219},"geometry":{"type":"Polygon","coordinates":[[[26.126579227206598,58.2228121581717],[26.126579227206598,58.231805361808945],[26.135572430843844,58.231805361808945],[26.135572430843844,58.2228121581717],[26.126579227206598,58.2228121581717]]]}},{"type":"Feature","properties":{"jobs":9,"pop":0,"pointCount":1,"homeWorkCommuteMedian":-1,"workHomeCommuteMedian":22447},"geometry":{"type":"Polygon","coordinates":[[[26.126579227206598,58.37569662000488],[26.126579227206598,58.38468982364213],[26.135572430843844,58.38468982364213],[26.135572430843844,58.37569662000488],[26.126579227206598,58.37569662000488]]]}},{"type":"Feature","properties":{"jobs":11,"pop":0,"pointCount":1,"homeWorkCommuteMedian":-1,"workHomeCommuteMedian":25164},"geometry":{"type":"Polygon","coordinates":[[[26.135572430843844,58.24979176908344],[26.135572430843844,58.25878497272068],[26.14456563448109,58.25878497272068],[26.14456563448109,58.24979176908344],[26.135572430843844,58.24979176908344]]]}},{"type":"Feature","properties":{"jobs":0,"pop":8,"pointCount":1,"homeWorkCommuteMedian":10171,"workHomeCommuteMedian":-1},"geometry":{"type":"Polygon","coordinates":[[[26.135572430843844,58.26777817635793],[26.135572430843844,58.276771379995175],[26.14456563448109,58.276771379995175],[26.14456563448109,58.26777817635793],[26.135572430843844,58.26777817635793]]]}},{"type":"Feature","properties":{"jobs":0,"pop":7,"pointCount":1,"homeWorkCommuteMedian":15574,"workHomeCommuteMedian":-1},"geometry":{"type":"Polygon","coordinates":[[[26.135572430843844,58.30375099090691],[26.135572430843844,58.31274419454416],[26.14456563448109,58.31274419454416],[26.14456563448109,58.30375099090691],[26.135572430843844,58.30375099090691]]]}},{"type":"Feature","properties":{"jobs":0,"pop":5,"pointCount":1,"homeWorkCommuteMedian":26503,"workHomeCommuteMedian":-1},"geometry":{"type":"Polygon","coordinates":[[[26.14456563448109,58.06992769633852],[26.14456563448109,58.07892089997576],[26.153558838118336,58.07892089997576],[26.153558838118336,58.06992769633852],[26.14456563448109,58.06992769633852]]]}},{"type":"Feature","properties":{"jobs":0,"pop":9,"pointCount":1,"homeWorkCommuteMedian":20787,"workHomeCommuteMedian":-1},"geometry":{"type":"Polygon","coordinates":[[[26.14456563448109,58.25878497272068],[26.14456563448109,58.26777817635793],[26.153558838118336,58.26777817635793],[26.153558838118336,58.25878497272068],[26.14456563448109,58.25878497272068]]]}},{"type":"Feature","properties":{"jobs":5,"pop":0,"pointCount":1,"homeWorkCommuteMedian":-1,"workHomeCommuteMedian":47150},"geometry":{"type":"Polygon","coordinates":[[[26.14456563448109,58.26777817635793],[26.14456563448109,58.276771379995175],[26.153558838118336,58.276771379995175],[26.153558838118336,58.26777817635793],[26.14456563448109,58.26777817635793]]]}},{"type":"Feature","properties":{"jobs":0,"pop":5,"pointCount":1,"homeWorkCommuteMedian":22943,"workHomeCommuteMedian":-1},"geometry":{"type":"Polygon","coordinates":[[[26.14456563448109,58.31274419454416],[26.14456563448109,58.321737398181405],[26.153558838118336,58.321737398181405],[26.153558838118336,58.31274419454416],[26.14456563448109,58.31274419454416]]]}},{"type":"Feature","properties":{"jobs":0,"pop":5,"pointCount":1,"homeWorkCommuteMedian":3213,"workHomeCommuteMedian":-1},"geometry":{"type":"Polygon","coordinates":[[[26.153558838118336,58.006975270877795],[26.153558838118336,58.01596847451504],[26.162552041755582,58.01596847451504],[26.162552041755582,58.006975270877795],[26.153558838118336,58.006975270877795]]]}},{"type":"Feature","properties":{"jobs":0,"pop":17,"pointCount":2,"homeWorkCommuteMedian":26377,"workHomeCommuteMedian":-1},"geometry":{"type":"Polygon","coordinates":[[[26.153558838118336,58.30375099090691],[26.153558838118336,58.31274419454416],[26.162552041755582,58.31274419454416],[26.162552041755582,58.30375099090691],[26.153558838118336,58.30375099090691]]]}},{"type":"Feature","properties":{"jobs":0,"pop":6,"pointCount":1,"homeWorkCommuteMedian":27301,"workHomeCommuteMedian":-1},"geometry":{"type":"Polygon","coordinates":[[[26.153558838118336,58.321737398181405],[26.153558838118336,58.33073060181865],[26.162552041755582,58.33073060181865],[26.162552041755582,58.321737398181405],[26.153558838118336,58.321737398181405]]]}},{"type":"Feature","properties":{"jobs":0,"pop":8,"pointCount":1,"homeWorkCommuteMedian":2493,"workHomeCommuteMedian":-1},"geometry":{"type":"Polygon","coordinates":[[[26.162552041755582,58.01596847451504],[26.162552041755582,58.02496167815229],[26.171545245392828,58.02496167815229],[26.171545245392828,58.01596847451504],[26.162552041755582,58.01596847451504]]]}},{"type":"Feature","properties":{"jobs":2,"pop":1,"pointCount":2,"homeWorkCommuteMedian":29780,"workHomeCommuteMedian":2493},"geometry":{"type":"Polygon","coordinates":[[[26.162552041755582,58.03395488178953],[26.162552041755582,58.04294808542678],[26.171545245392828,58.04294808542678],[26.171545245392828,58.03395488178953],[26.162552041755582,58.03395488178953]]]}},{"type":"Feature","properties":{"jobs":7,"pop":0,"pointCount":1,"homeWorkCommuteMedian":-1,"workHomeCommuteMedian":30493},"geometry":{"type":"Polygon","coordinates":[[[26.162552041755582,58.13288012179924],[26.162552041755582,58.141873325436485],[26.171545245392828,58.141873325436485],[26.171545245392828,58.13288012179924],[26.162552041755582,58.13288012179924]]]}},{"type":"Feature","properties":{"jobs":6,"pop":0,"pointCount":1,"homeWorkCommuteMedian":-1,"workHomeCommuteMedian":45749},"geometry":{"type":"Polygon","coordinates":[[[26.162552041755582,58.15985973271098],[26.162552041755582,58.16885293634822],[26.171545245392828,58.16885293634822],[26.171545245392828,58.15985973271098],[26.162552041755582,58.15985973271098]]]}},{"type":"Feature","properties":{"jobs":0,"pop":12,"pointCount":1,"homeWorkCommuteMedian":44949,"workHomeCommuteMedian":-1},"geometry":{"type":"Polygon","coordinates":[[[26.162552041755582,58.24979176908344],[26.162552041755582,58.25878497272068],[26.171545245392828,58.25878497272068],[26.171545245392828,58.24979176908344],[26.162552041755582,58.24979176908344]]]}},{"type":"Feature","properties":{"jobs":19,"pop":7,"pointCount":2,"homeWorkCommuteMedian":23544,"workHomeCommuteMedian":37478},"geometry":{"type":"Polygon","coordinates":[[[26.162552041755582,58.276771379995175],[26.162552041755582,58.28576458363242],[26.171545245392828,58.28576458363242],[26.171545245392828,58.276771379995175],[26.162552041755582,58.276771379995175]]]}},{"type":"Feature","properties":{"jobs":0,"pop":5,"pointCount":1,"homeWorkCommuteMedian":6786,"workHomeCommuteMedian":-1},"geometry":{"type":"Polygon","coordinates":[[[26.162552041755582,58.28576458363242],[26.162552041755582,58.29475778726967],[26.171545245392828,58.29475778726967],[26.171545245392828,58.28576458363242],[26.162552041755582,58.28576458363242]]]}},{"type":"Feature","properties":{"jobs":72,"pop":10,"pointCount":2,"homeWorkCommuteMedian":44957,"workHomeCommuteMedian":29088},"geometry":{"type":"Polygon","coordinates":[[[26.162552041755582,58.30375099090691],[26.162552041755582,58.31274419454416],[26.171545245392828,58.31274419454416],[26.171545245392828,58.30375099090691],[26.162552041755582,58.30375099090691]]]}},{"type":"Feature","properties":{"jobs":5,"pop":0,"pointCount":1,"homeWorkCommuteMedian":-1,"workHomeCommuteMedian":6182},"geometry":{"type":"Polygon","coordinates":[[[26.171545245392828,58.06992769633852],[26.171545245392828,58.07892089997576],[26.180538449030074,58.07892089997576],[26.180538449030074,58.06992769633852],[26.171545245392828,58.06992769633852]]]}},{"type":"Feature","properties":{"jobs":0,"pop":8,"pointCount":1,"homeWorkCommuteMedian":22365,"workHomeCommuteMedian":-1},"geometry":{"type":"Polygon","coordinates":[[[26.171545245392828,58.07892089997576],[26.171545245392828,58.08791410361301],[26.180538449030074,58.08791410361301],[26.180538449030074,58.07892089997576],[26.171545245392828,58.07892089997576]]]}},{"type":"Feature","properties":{"jobs":7,"pop":5,"pointCount":1,"homeWorkCommuteMedian":14876,"workHomeCommuteMedian":4220},"geometry":{"type":"Polygon","coordinates":[[[26.171545245392828,58.1059005108875],[26.171545245392828,58.11489371452475],[26.180538449030074,58.11489371452475],[26.180538449030074,58.1059005108875],[26.171545245392828,58.1059005108875]]]}},{"type":"Feature","properties":{"jobs":15,"pop":0,"pointCount":1,"homeWorkCommuteMedian":-1,"workHomeCommuteMedian":69140},"geometry":{"type":"Polygon","coordinates":[[[26.171545245392828,58.12388691816199],[26.171545245392828,58.13288012179924],[26.180538449030074,58.13288012179924],[26.180538449030074,58.12388691816199],[26.171545245392828,58.12388691816199]]]}},{"type":"Feature","properties":{"jobs":0,"pop":20,"pointCount":2,"homeWorkCommuteMedian":43796,"workHomeCommuteMedian":-1},"geometry":{"type":"Polygon","coordinates":[[[26.171545245392828,58.13288012179924],[26.171545245392828,58.141873325436485],[26.180538449030074,58.141873325436485],[26.180538449030074,58.13288012179924],[26.171545245392828,58.13288012179924]]]}},{"type":"Feature","properties":{"jobs":0,"pop":16,"pointCount":2,"homeWorkCommuteMedian":20378,"workHomeCommuteMedian":-1},"geometry":{"type":"Polygon","coordinates":[[[26.171545245392828,58.141873325436485],[26.171545245392828,58.15086652907373],[26.180538449030074,58.15086652907373],[26.180538449030074,58.141873325436485],[26.171545245392828,58.141873325436485]]]}},{"type":"Feature","properties":{"jobs":0,"pop":10,"pointCount":1,"homeWorkCommuteMedian":49914,"workHomeCommuteMedian":-1},"geometry":{"type":"Polygon","coordinates":[[[26.171545245392828,58.15086652907373],[26.171545245392828,58.15985973271098],[26.180538449030074,58.15985973271098],[26.180538449030074,58.15086652907373],[26.171545245392828,58.15086652907373]]]}},{"type":"Feature","properties":{"jobs":10,"pop":0,"pointCount":1,"homeWorkCommuteMedian":-1,"workHomeCommuteMedian":65942},"geometry":{"type":"Polygon","coordinates":[[[26.171545245392828,58.186839343622715],[26.171545245392828,58.19583254725996],[26.180538449030074,58.19583254725996],[26.180538449030074,58.186839343622715],[26.171545245392828,58.186839343622715]]]}},{"type":"Feature","properties":{"jobs":21,"pop":5,"pointCount":2,"homeWorkCommuteMedian":16543,"workHomeCommuteMedian":42631},"geometry":{"type":"Polygon","coordinates":[[[26.171545245392828,58.24079856544619],[26.171545245392828,58.24979176908344],[26.180538449030074,58.24979176908344],[26.180538449030074,58.24079856544619],[26.171545245392828,58.24079856544619]]]}},{"type":"Feature","properties":{"jobs":49,"pop":19,"pointCount":4,"homeWorkCommuteMedian":39255,"workHomeCommuteMedian":42676},"geometry":{"type":"Polygon","coordinates":[[[26.171545245392828,58.24979176908344],[26.171545245392828,58.25878497272068],[26.180538449030074,58.25878497272068],[26.180538449030074,58.24979176908344],[26.171545245392828,58.24979176908344]]]}},{"type":"Feature","properties":{"jobs":14,"pop":6,"pointCount":2,"homeWorkCommuteMedian":15811,"workHomeCommuteMedian":46710},"geometry":{"type":"Polygon","coordinates":[[[26.171545245392828,58.25878497272068],[26.171545245392828,58.26777817635793],[26.180538449030074,58.26777817635793],[26.180538449030074,58.25878497272068],[26.171545245392828,58.25878497272068]]]}},{"type":"Feature","properties":{"jobs":63,"pop":37,"pointCount":4,"homeWorkCommuteMedian":35632,"workHomeCommuteMedian":28302},"geometry":{"type":"Polygon","coordinates":[[[26.171545245392828,58.276771379995175],[26.171545245392828,58.28576458363242],[26.180538449030074,58.28576458363242],[26.180538449030074,58.276771379995175],[26.171545245392828,58.276771379995175]]]}},{"type":"Feature","properties":{"jobs":0,"pop":12,"pointCount":1,"homeWorkCommuteMedian":38491,"workHomeCommuteMedian":-1},"geometry":{"type":"Polygon","coordinates":[[[26.171545245392828,58.28576458363242],[26.171545245392828,58.29475778726967],[26.180538449030074,58.29475778726967],[26.180538449030074,58.28576458363242],[26.171545245392828,58.28576458363242]]]}},{"type":"Feature","properties":{"jobs":0,"pop":21,"pointCount":2,"homeWorkCommuteMedian":38682,"workHomeCommuteMedian":-1},"geometry":{"type":"Polygon","coordinates":[[[26.171545245392828,58.29475778726967],[26.171545245392828,58.30375099090691],[26.180538449030074,58.30375099090691],[26.180538449030074,58.29475778726967],[26.171545245392828,58.29475778726967]]]}},{"type":"Feature","properties":{"jobs":0,"pop":5,"pointCount":1,"homeWorkCommuteMedian":21332,"workHomeCommuteMedian":-1},"geometry":{"type":"Polygon","coordinates":[[[26.171545245392828,58.30375099090691],[26.171545245392828,58.31274419454416],[26.180538449030074,58.31274419454416],[26.180538449030074,58.30375099090691],[26.171545245392828,58.30375099090691]]]}},{"type":"Feature","properties":{"jobs":32,"pop":11,"pointCount":2,"homeWorkCommuteMedian":33630,"workHomeCommuteMedian":33513},"geometry":{"type":"Polygon","coordinates":[[[26.171545245392828,58.33073060181865],[26.171545245392828,58.3397238054559],[26.180538449030074,58.3397238054559],[26.180538449030074,58.33073060181865],[26.171545245392828,58.33073060181865]]]}},{"type":"Feature","properties":{"jobs":0,"pop":17,"pointCount":3,"homeWorkCommuteMedian":25468,"workHomeCommuteMedian":-1},"geometry":{"type":"Polygon","coordinates":[[[26.171545245392828,58.3397238054559],[26.171545245392828,58.34871700909314],[26.180538449030074,58.34871700909314],[26.180538449030074,58.3397238054559],[26.171545245392828,58.3397238054559]]]}},{"type":"Feature","properties":{"jobs":8,"pop":0,"pointCount":1,"homeWorkCommuteMedian":-1,"workHomeCommuteMedian":55011},"geometry":{"type":"Polygon","coordinates":[[[26.180538449030074,58.02496167815229],[26.180538449030074,58.03395488178953],[26.18953165266732,58.03395488178953],[26.18953165266732,58.02496167815229],[26.180538449030074,58.02496167815229]]]}},{"type":"Feature","properties":{"jobs":0,"pop":7,"pointCount":1,"homeWorkCommuteMedian":4377,"workHomeCommuteMedian":-1},"geometry":{"type":"Polygon","coordinates":[[[26.180538449030074,58.051941289064025],[26.180538449030074,58.06093449270127],[26.18953165266732,58.06093449270127],[26.18953165266732,58.051941289064025],[26.180538449030074,58.051941289064025]]]}},{"type":"Feature","properties":{"jobs":0,"pop":9,"pointCount":1,"homeWorkCommuteMedian":41832,"workHomeCommuteMedian":-1},"geometry":{"type":"Polygon","coordinates":[[[26.180538449030074,58.08791410361301],[26.180538449030074,58.096907307250255],[26.18953165266732,58.096907307250255],[26.18953165266732,58.08791410361301],[26.180538449030074,58.08791410361301]]]}},{"type":"Feature","properties":{"jobs":22,"pop":0,"pointCount":1,"homeWorkCommuteMedian":-1,"workHomeCommuteMedian":40201},"geometry":{"type":"Polygon","coordinates":[[[26.180538449030074,58.096907307250255],[26.180538449030074,58.1059005108875],[26.18953165266732,58.1059005108875],[26.18953165266732,58.096907307250255],[26.180538449030074,58.096907307250255]]]}},{"type":"Feature","properties":{"jobs":0,"pop":8,"pointCount":1,"homeWorkCommuteMedian":17558,"workHomeCommuteMedian":-1},"geometry":{"type":"Polygon","coordinates":[[[26.180538449030074,58.1059005108875],[26.180538449030074,58.11489371452475],[26.18953165266732,58.11489371452475],[26.18953165266732,58.1059005108875],[26.180538449030074,58.1059005108875]]]}},{"type":"Feature","properties":{"jobs":7,"pop":6,"pointCount":2,"homeWorkCommuteMedian":15424,"workHomeCommuteMedian":69245},"geometry":{"type":"Polygon","coordinates":[[[26.180538449030074,58.13288012179924],[26.180538449030074,58.141873325436485],[26.18953165266732,58.141873325436485],[26.18953165266732,58.13288012179924],[26.180538449030074,58.13288012179924]]]}},{"type":"Feature","properties":{"jobs":6,"pop":0,"pointCount":1,"homeWorkCommuteMedian":-1,"workHomeCommuteMedian":36570},"geometry":{"type":"Polygon","coordinates":[[[26.180538449030074,58.15985973271098],[26.180538449030074,58.16885293634822],[26.18953165266732,58.16885293634822],[26.18953165266732,58.15985973271098],[26.180538449030074,58.15985973271098]]]}},{"type":"Feature","properties":{"jobs":5,"pop":0,"pointCount":1,"homeWorkCommuteMedian":-1,"workHomeCommuteMedian":64551},"geometry":{"type":"Polygon","coordinates":[[[26.180538449030074,58.16885293634822],[26.180538449030074,58.17784613998547],[26.18953165266732,58.17784613998547],[26.18953165266732,58.16885293634822],[26.180538449030074,58.16885293634822]]]}},{"type":"Feature","properties":{"jobs":15,"pop":0,"pointCount":1,"homeWorkCommuteMedian":-1,"workHomeCommuteMedian":64326},"geometry":{"type":"Polygon","coordinates":[[[26.180538449030074,58.17784613998547],[26.180538449030074,58.186839343622715],[26.18953165266732,58.186839343622715],[26.18953165266732,58.17784613998547],[26.180538449030074,58.17784613998547]]]}},{"type":"Feature","properties":{"jobs":0,"pop":3,"pointCount":1,"homeWorkCommuteMedian":22461,"workHomeCommuteMedian":-1},"geometry":{"type":"Polygon","coordinates":[[[26.180538449030074,58.21381895453445],[26.180538449030074,58.2228121581717],[26.18953165266732,58.2228121581717],[26.18953165266732,58.21381895453445],[26.180538449030074,58.21381895453445]]]}},{"type":"Feature","properties":{"jobs":6,"pop":0,"pointCount":1,"homeWorkCommuteMedian":-1,"workHomeCommuteMedian":18857},"geometry":{"type":"Polygon","coordinates":[[[26.180538449030074,58.26777817635793],[26.180538449030074,58.276771379995175],[26.18953165266732,58.276771379995175],[26.18953165266732,58.26777817635793],[26.180538449030074,58.26777817635793]]]}},{"type":"Feature","properties":{"jobs":9,"pop":0,"pointCount":1,"homeWorkCommuteMedian":-1,"workHomeCommuteMedian":37480},"geometry":{"type":"Polygon","coordinates":[[[26.180538449030074,58.28576458363242],[26.180538449030074,58.29475778726967],[26.18953165266732,58.29475778726967],[26.18953165266732,58.28576458363242],[26.180538449030074,58.28576458363242]]]}},{"type":"Feature","properties":{"jobs":9,"pop":18,"pointCount":3,"homeWorkCommuteMedian":33231,"workHomeCommuteMedian":18848},"geometry":{"type":"Polygon","coordinates":[[[26.180538449030074,58.33073060181865],[26.180538449030074,58.3397238054559],[26.18953165266732,58.3397238054559],[26.18953165266732,58.33073060181865],[26.180538449030074,58.33073060181865]]]}},{"type":"Feature","properties":{"jobs":34,"pop":5,"pointCount":2,"homeWorkCommuteMedian":21296,"workHomeCommuteMedian":30414},"geometry":{"type":"Polygon","coordinates":[[[26.180538449030074,58.3397238054559],[26.180538449030074,58.34871700909314],[26.18953165266732,58.34871700909314],[26.18953165266732,58.3397238054559],[26.180538449030074,58.3397238054559]]]}},{"type":"Feature","properties":{"jobs":7,"pop":6,"pointCount":2,"homeWorkCommuteMedian":33217,"workHomeCommuteMedian":3472},"geometry":{"type":"Polygon","coordinates":[[[26.180538449030074,58.34871700909314],[26.180538449030074,58.35771021273039],[26.18953165266732,58.35771021273039],[26.18953165266732,58.34871700909314],[26.180538449030074,58.34871700909314]]]}},{"type":"Feature","properties":{"jobs":0,"pop":5,"pointCount":1,"homeWorkCommuteMedian":16886,"workHomeCommuteMedian":-1},"geometry":{"type":"Polygon","coordinates":[[[26.18953165266732,58.01596847451504],[26.18953165266732,58.02496167815229],[26.198524856304566,58.02496167815229],[26.198524856304566,58.01596847451504],[26.18953165266732,58.01596847451504]]]}},{"type":"Feature","properties":{"jobs":1,"pop":6,"pointCount":1,"homeWorkCommuteMedian":27772,"workHomeCommuteMedian":54199},"geometry":{"type":"Polygon","coordinates":[[[26.18953165266732,58.03395488178953],[26.18953165266732,58.04294808542678],[26.198524856304566,58.04294808542678],[26.198524856304566,58.03395488178953],[26.18953165266732,58.03395488178953]]]}},{"type":"Feature","properties":{"jobs":0,"pop":10,"pointCount":1,"homeWorkCommuteMedian":54693,"workHomeCommuteMedian":-1},"geometry":{"type":"Polygon","coordinates":[[[26.18953165266732,58.06992769633852],[26.18953165266732,58.07892089997576],[26.198524856304566,58.07892089997576],[26.198524856304566,58.06992769633852],[26.18953165266732,58.06992769633852]]]}},{"type":"Feature","properties":{"jobs":49,"pop":21,"pointCount":5,"homeWorkCommuteMedian":49026,"workHomeCommuteMedian":22852},"geometry":{"type":"Polygon","coordinates":[[[26.18953165266732,58.08791410361301],[26.18953165266732,58.096907307250255],[26.198524856304566,58.096907307250255],[26.198524856304566,58.08791410361301],[26.18953165266732,58.08791410361301]]]}},{"type":"Feature","properties":{"jobs":23,"pop":5,"pointCount":3,"homeWorkCommuteMedian":6654,"workHomeCommuteMedian":37969},"geometry":{"type":"Polygon","coordinates":[[[26.18953165266732,58.096907307250255],[26.18953165266732,58.1059005108875],[26.198524856304566,58.1059005108875],[26.198524856304566,58.096907307250255],[26.18953165266732,58.096907307250255]]]}},{"type":"Feature","properties":{"jobs":0,"pop":11,"pointCount":1,"homeWorkCommuteMedian":4220,"workHomeCommuteMedian":-1},"geometry":{"type":"Polygon","coordinates":[[[26.18953165266732,58.12388691816199],[26.18953165266732,58.13288012179924],[26.198524856304566,58.13288012179924],[26.198524856304566,58.12388691816199],[26.18953165266732,58.12388691816199]]]}},{"type":"Feature","properties":{"jobs":0,"pop":9,"pointCount":1,"homeWorkCommuteMedian":3667,"workHomeCommuteMedian":-1},"geometry":{"type":"Polygon","coordinates":[[[26.18953165266732,58.141873325436485],[26.18953165266732,58.15086652907373],[26.198524856304566,58.15086652907373],[26.198524856304566,58.141873325436485],[26.18953165266732,58.141873325436485]]]}},{"type":"Feature","properties":{"jobs":11,"pop":52,"pointCount":3,"homeWorkCommuteMedian":18848,"workHomeCommuteMedian":20042},"geometry":{"type":"Polygon","coordinates":[[[26.18953165266732,58.17784613998547],[26.18953165266732,58.186839343622715],[26.198524856304566,58.186839343622715],[26.198524856304566,58.17784613998547],[26.18953165266732,58.17784613998547]]]}},{"type":"Feature","properties":{"jobs":5,"pop":12,"pointCount":1,"homeWorkCommuteMedian":45932,"workHomeCommuteMedian":33349},"geometry":{"type":"Polygon","coordinates":[[[26.18953165266732,58.186839343622715],[26.18953165266732,58.19583254725996],[26.198524856304566,58.19583254725996],[26.198524856304566,58.186839343622715],[26.18953165266732,58.186839343622715]]]}},{"type":"Feature","properties":{"jobs":7,"pop":0,"pointCount":1,"homeWorkCommuteMedian":-1,"workHomeCommuteMedian":63028},"geometry":{"type":"Polygon","coordinates":[[[26.18953165266732,58.21381895453445],[26.18953165266732,58.2228121581717],[26.198524856304566,58.2228121581717],[26.198524856304566,58.21381895453445],[26.18953165266732,58.21381895453445]]]}},{"type":"Feature","properties":{"jobs":3,"pop":9,"pointCount":2,"homeWorkCommuteMedian":4940,"workHomeCommuteMedian":41740},"geometry":{"type":"Polygon","coordinates":[[[26.18953165266732,58.24079856544619],[26.18953165266732,58.24979176908344],[26.198524856304566,58.24979176908344],[26.198524856304566,58.24079856544619],[26.18953165266732,58.24079856544619]]]}},{"type":"Feature","properties":{"jobs":67,"pop":42,"pointCount":7,"homeWorkCommuteMedian":27164,"workHomeCommuteMedian":26503},"geometry":{"type":"Polygon","coordinates":[[[26.18953165266732,58.26777817635793],[26.18953165266732,58.276771379995175],[26.198524856304566,58.276771379995175],[26.198524856304566,58.26777817635793],[26.18953165266732,58.26777817635793]]]}},{"type":"Feature","properties":{"jobs":88,"pop":0,"pointCount":3,"homeWorkCommuteMedian":-1,"workHomeCommuteMedian":23739},"geometry":{"type":"Polygon","coordinates":[[[26.18953165266732,58.276771379995175],[26.18953165266732,58.28576458363242],[26.198524856304566,58.28576458363242],[26.198524856304566,58.276771379995175],[26.18953165266732,58.276771379995175]]]}},{"type":"Feature","properties":{"jobs":19,"pop":0,"pointCount":1,"homeWorkCommuteMedian":-1,"workHomeCommuteMedian":37695},"geometry":{"type":"Polygon","coordinates":[[[26.18953165266732,58.31274419454416],[26.18953165266732,58.321737398181405],[26.198524856304566,58.321737398181405],[26.198524856304566,58.31274419454416],[26.18953165266732,58.31274419454416]]]}},{"type":"Feature","properties":{"jobs":0,"pop":2,"pointCount":1,"homeWorkCommuteMedian":14861,"workHomeCommuteMedian":-1},"geometry":{"type":"Polygon","coordinates":[[[26.18953165266732,58.321737398181405],[26.18953165266732,58.33073060181865],[26.198524856304566,58.33073060181865],[26.198524856304566,58.321737398181405],[26.18953165266732,58.321737398181405]]]}},{"type":"Feature","properties":{"jobs":0,"pop":8,"pointCount":1,"homeWorkCommuteMedian":28914,"workHomeCommuteMedian":-1},"geometry":{"type":"Polygon","coordinates":[[[26.18953165266732,58.366703416367635],[26.18953165266732,58.37569662000488],[26.198524856304566,58.37569662000488],[26.198524856304566,58.366703416367635],[26.18953165266732,58.366703416367635]]]}},{"type":"Feature","properties":{"jobs":0,"pop":11,"pointCount":1,"homeWorkCommuteMedian":4443,"workHomeCommuteMedian":-1},"geometry":{"type":"Polygon","coordinates":[[[26.18953165266732,58.37569662000488],[26.18953165266732,58.38468982364213],[26.198524856304566,58.38468982364213],[26.198524856304566,58.37569662000488],[26.18953165266732,58.37569662000488]]]}},{"type":"Feature","properties":{"jobs":15,"pop":9,"pointCount":1,"homeWorkCommuteMedian":20662,"workHomeCommuteMedian":59719},"geometry":{"type":"Polygon","coordinates":[[[26.198524856304566,58.006975270877795],[26.198524856304566,58.01596847451504],[26.207518059941812,58.01596847451504],[26.207518059941812,58.006975270877795],[26.198524856304566,58.006975270877795]]]}},{"type":"Feature","properties":{"jobs":52,"pop":0,"pointCount":4,"homeWorkCommuteMedian":-1,"workHomeCommuteMedian":47928},"geometry":{"type":"Polygon","coordinates":[[[26.198524856304566,58.051941289064025],[26.198524856304566,58.06093449270127],[26.207518059941812,58.06093449270127],[26.207518059941812,58.051941289064025],[26.198524856304566,58.051941289064025]]]}},{"type":"Feature","properties":{"jobs":36,"pop":45,"pointCount":5,"homeWorkCommuteMedian":45001,"workHomeCommuteMedian":48508},"geometry":{"type":"Polygon","coordinates":[[[26.198524856304566,58.096907307250255],[26.198524856304566,58.1059005108875],[26.207518059941812,58.1059005108875],[26.207518059941812,58.096907307250255],[26.198524856304566,58.096907307250255]]]}},{"type":"Feature","properties":{"jobs":0,"pop":9,"pointCount":1,"homeWorkCommuteMedian":21135,"workHomeCommuteMedian":-1},"geometry":{"type":"Polygon","coordinates":[[[26.198524856304566,58.15086652907373],[26.198524856304566,58.15985973271098],[26.207518059941812,58.15985973271098],[26.207518059941812,58.15086652907373],[26.198524856304566,58.15086652907373]]]}},{"type":"Feature","properties":{"jobs":7,"pop":0,"pointCount":1,"homeWorkCommuteMedian":-1,"workHomeCommuteMedian":16746},"geometry":{"type":"Polygon","coordinates":[[[26.198524856304566,58.15985973271098],[26.198524856304566,58.16885293634822],[26.207518059941812,58.16885293634822],[26.207518059941812,58.15985973271098],[26.198524856304566,58.15985973271098]]]}},{"type":"Feature","properties":{"jobs":14,"pop":0,"pointCount":1,"homeWorkCommuteMedian":-1,"workHomeCommuteMedian":63781},"geometry":{"type":"Polygon","coordinates":[[[26.198524856304566,58.16885293634822],[26.198524856304566,58.17784613998547],[26.207518059941812,58.17784613998547],[26.207518059941812,58.16885293634822],[26.198524856304566,58.16885293634822]]]}},{"type":"Feature","properties":{"jobs":0,"pop":30,"pointCount":1,"homeWorkCommuteMedian":47315,"workHomeCommuteMedian":-1},"geometry":{"type":"Polygon","coordinates":[[[26.198524856304566,58.17784613998547],[26.198524856304566,58.186839343622715],[26.207518059941812,58.186839343622715],[26.207518059941812,58.17784613998547],[26.198524856304566,58.17784613998547]]]}},{"type":"Feature","properties":{"jobs":62,"pop":8,"pointCount":4,"homeWorkCommuteMedian":11550,"workHomeCommuteMedian":46905},"geometry":{"type":"Polygon","coordinates":[[[26.198524856304566,58.186839343622715],[26.198524856304566,58.19583254725996],[26.207518059941812,58.19583254725996],[26.207518059941812,58.186839343622715],[26.198524856304566,58.186839343622715]]]}},{"type":"Feature","properties":{"jobs":8,"pop":0,"pointCount":1,"homeWorkCommuteMedian":-1,"workHomeCommuteMedian":21708},"geometry":{"type":"Polygon","coordinates":[[[26.198524856304566,58.26777817635793],[26.198524856304566,58.276771379995175],[26.207518059941812,58.276771379995175],[26.207518059941812,58.26777817635793],[26.198524856304566,58.26777817635793]]]}},{"type":"Feature","properties":{"jobs":2,"pop":7,"pointCount":2,"homeWorkCommuteMedian":22195,"workHomeCommuteMedian":2136},"geometry":{"type":"Polygon","coordinates":[[[26.207518059941812,57.99798206724055],[26.207518059941812,58.006975270877795],[26.216511263579058,58.006975270877795],[26.216511263579058,57.99798206724055],[26.207518059941812,57.99798206724055]]]}},{"type":"Feature","properties":{"jobs":0,"pop":6,"pointCount":1,"homeWorkCommuteMedian":20965,"workHomeCommuteMedian":-1},"geometry":{"type":"Polygon","coordinates":[[[26.207518059941812,58.06992769633852],[26.207518059941812,58.07892089997576],[26.216511263579058,58.07892089997576],[26.216511263579058,58.06992769633852],[26.207518059941812,58.06992769633852]]]}},{"type":"Feature","properties":{"jobs":0,"pop":10,"pointCount":1,"homeWorkCommuteMedian":47643,"workHomeCommuteMedian":-1},"geometry":{"type":"Polygon","coordinates":[[[26.207518059941812,58.07892089997576],[26.207518059941812,58.08791410361301],[26.216511263579058,58.08791410361301],[26.216511263579058,58.07892089997576],[26.207518059941812,58.07892089997576]]]}},{"type":"Feature","properties":{"jobs":0,"pop":16,"pointCount":2,"homeWorkCommuteMedian":2158,"workHomeCommuteMedian":-1},"geometry":{"type":"Polygon","coordinates":[[[26.207518059941812,58.08791410361301],[26.207518059941812,58.096907307250255],[26.216511263579058,58.096907307250255],[26.216511263579058,58.08791410361301],[26.207518059941812,58.08791410361301]]]}},{"type":"Feature","properties":{"jobs":7,"pop":5,"pointCount":1,"homeWorkCommuteMedian":5616,"workHomeCommuteMedian":15574},"geometry":{"type":"Polygon","coordinates":[[[26.207518059941812,58.19583254725996],[26.207518059941812,58.20482575089721],[26.216511263579058,58.20482575089721],[26.216511263579058,58.19583254725996],[26.207518059941812,58.19583254725996]]]}},{"type":"Feature","properties":{"jobs":17,"pop":6,"pointCount":2,"homeWorkCommuteMedian":19338,"workHomeCommuteMedian":12798},"geometry":{"type":"Polygon","coordinates":[[[26.207518059941812,58.21381895453445],[26.207518059941812,58.2228121581717],[26.216511263579058,58.2228121581717],[26.216511263579058,58.21381895453445],[26.207518059941812,58.21381895453445]]]}},{"type":"Feature","properties":{"jobs":79,"pop":63,"pointCount":8,"homeWorkCommuteMedian":39225,"workHomeCommuteMedian":12802},"geometry":{"type":"Polygon","coordinates":[[[26.207518059941812,58.231805361808945],[26.207518059941812,58.24079856544619],[26.216511263579058,58.24079856544619],[26.216511263579058,58.231805361808945],[26.207518059941812,58.231805361808945]]]}},{"type":"Feature","properties":{"jobs":0,"pop":5,"pointCount":1,"homeWorkCommuteMedian":23243,"workHomeCommuteMedian":-1},"geometry":{"type":"Polygon","coordinates":[[[26.207518059941812,58.24079856544619],[26.207518059941812,58.24979176908344],[26.216511263579058,58.24979176908344],[26.216511263579058,58.24079856544619],[26.207518059941812,58.24079856544619]]]}},{"type":"Feature","properties":{"jobs":16,"pop":0,"pointCount":1,"homeWorkCommuteMedian":-1,"workHomeCommuteMedian":43413},"geometry":{"type":"Polygon","coordinates":[[[26.207518059941812,58.33073060181865],[26.207518059941812,58.3397238054559],[26.216511263579058,58.3397238054559],[26.216511263579058,58.33073060181865],[26.207518059941812,58.33073060181865]]]}},{"type":"Feature","properties":{"jobs":13,"pop":0,"pointCount":1,"homeWorkCommuteMedian":-1,"workHomeCommuteMedian":56777},"geometry":{"type":"Polygon","coordinates":[[[26.216511263579058,58.03395488178953],[26.216511263579058,58.04294808542678],[26.225504467216304,58.04294808542678],[26.225504467216304,58.03395488178953],[26.216511263579058,58.03395488178953]]]}},{"type":"Feature","properties":{"jobs":0,"pop":101,"pointCount":6,"homeWorkCommuteMedian":22435,"workHomeCommuteMedian":-1},"geometry":{"type":"Polygon","coordinates":[[[26.216511263579058,58.04294808542678],[26.216511263579058,58.051941289064025],[26.225504467216304,58.051941289064025],[26.225504467216304,58.04294808542678],[26.216511263579058,58.04294808542678]]]}},{"type":"Feature","properties":{"jobs":0,"pop":27,"pointCount":2,"homeWorkCommuteMedian":54082,"workHomeCommuteMedian":-1},"geometry":{"type":"Polygon","coordinates":[[[26.216511263579058,58.051941289064025],[26.216511263579058,58.06093449270127],[26.225504467216304,58.06093449270127],[26.225504467216304,58.051941289064025],[26.216511263579058,58.051941289064025]]]}},{"type":"Feature","properties":{"jobs":0,"pop":5,"pointCount":1,"homeWorkCommuteMedian":34944,"workHomeCommuteMedian":-1},"geometry":{"type":"Polygon","coordinates":[[[26.216511263579058,58.06093449270127],[26.216511263579058,58.06992769633852],[26.225504467216304,58.06992769633852],[26.225504467216304,58.06093449270127],[26.216511263579058,58.06093449270127]]]}},{"type":"Feature","properties":{"jobs":0,"pop":11,"pointCount":1,"homeWorkCommuteMedian":46700,"workHomeCommuteMedian":-1},"geometry":{"type":"Polygon","coordinates":[[[26.216511263579058,58.08791410361301],[26.216511263579058,58.096907307250255],[26.225504467216304,58.096907307250255],[26.225504467216304,58.08791410361301],[26.216511263579058,58.08791410361301]]]}},{"type":"Feature","properties":{"jobs":0,"pop":7,"pointCount":1,"homeWorkCommuteMedian":5463,"workHomeCommuteMedian":-1},"geometry":{"type":"Polygon","coordinates":[[[26.216511263579058,58.096907307250255],[26.216511263579058,58.1059005108875],[26.225504467216304,58.1059005108875],[26.225504467216304,58.096907307250255],[26.216511263579058,58.096907307250255]]]}},{"type":"Feature","properties":{"jobs":9,"pop":11,"pointCount":2,"homeWorkCommuteMedian":41586,"workHomeCommuteMedian":95163},"geometry":{"type":"Polygon","coordinates":[[[26.216511263579058,58.1059005108875],[26.216511263579058,58.11489371452475],[26.225504467216304,58.11489371452475],[26.225504467216304,58.1059005108875],[26.216511263579058,58.1059005108875]]]}},{"type":"Feature","properties":{"jobs":8,"pop":0,"pointCount":1,"homeWorkCommuteMedian":-1,"workHomeCommuteMedian":71577},"geometry":{"type":"Polygon","coordinates":[[[26.216511263579058,58.141873325436485],[26.216511263579058,58.15086652907373],[26.225504467216304,58.15086652907373],[26.225504467216304,58.141873325436485],[26.216511263579058,58.141873325436485]]]}},{"type":"Feature","properties":{"jobs":5,"pop":34,"pointCount":5,"homeWorkCommuteMedian":19135,"workHomeCommuteMedian":6051},"geometry":{"type":"Polygon","coordinates":[[[26.216511263579058,58.15086652907373],[26.216511263579058,58.15985973271098],[26.225504467216304,58.15985973271098],[26.225504467216304,58.15086652907373],[26.216511263579058,58.15086652907373]]]}},{"type":"Feature","properties":{"jobs":13,"pop":12,"pointCount":2,"homeWorkCommuteMedian":16149,"workHomeCommuteMedian":41704},"geometry":{"type":"Polygon","coordinates":[[[26.216511263579058,58.186839343622715],[26.216511263579058,58.19583254725996],[26.225504467216304,58.19583254725996],[26.225504467216304,58.186839343622715],[26.216511263579058,58.186839343622715]]]}},{"type":"Feature","properties":{"jobs":0,"pop":17,"pointCount":2,"homeWorkCommuteMedian":12189,"workHomeCommuteMedian":-1},"geometry":{"type":"Polygon","coordinates":[[[26.216511263579058,58.19583254725996],[26.216511263579058,58.20482575089721],[26.225504467216304,58.20482575089721],[26.225504467216304,58.19583254725996],[26.216511263579058,58.19583254725996]]]}},{"type":"Feature","properties":{"jobs":0,"pop":10,"pointCount":1,"homeWorkCommuteMedian":19463,"workHomeCommuteMedian":-1},"geometry":{"type":"Polygon","coordinates":[[[26.216511263579058,58.20482575089721],[26.216511263579058,58.21381895453445],[26.225504467216304,58.21381895453445],[26.225504467216304,58.20482575089721],[26.216511263579058,58.20482575089721]]]}},{"type":"Feature","properties":{"jobs":0,"pop":13,"pointCount":1,"homeWorkCommuteMedian":39521,"workHomeCommuteMedian":-1},"geometry":{"type":"Polygon","coordinates":[[[26.216511263579058,58.2228121581717],[26.216511263579058,58.231805361808945],[26.225504467216304,58.231805361808945],[26.225504467216304,58.2228121581717],[26.216511263579058,58.2228121581717]]]}},{"type":"Feature","properties":{"jobs":71,"pop":92,"pointCount":7,"homeWorkCommuteMedian":38707,"workHomeCommuteMedian":37977},"geometry":{"type":"Polygon","coordinates":[[[26.216511263579058,58.231805361808945],[26.216511263579058,58.24079856544619],[26.225504467216304,58.24079856544619],[26.225504467216304,58.231805361808945],[26.216511263579058,58.231805361808945]]]}},{"type":"Feature","properties":{"jobs":0,"pop":16,"pointCount":3,"homeWorkCommuteMedian":11880,"workHomeCommuteMedian":-1},"geometry":{"type":"Polygon","coordinates":[[[26.216511263579058,58.24079856544619],[26.216511263579058,58.24979176908344],[26.225504467216304,58.24979176908344],[26.225504467216304,58.24079856544619],[26.216511263579058,58.24079856544619]]]}},{"type":"Feature","properties":{"jobs":0,"pop":7,"pointCount":1,"homeWorkCommuteMedian":5431,"workHomeCommuteMedian":-1},"geometry":{"type":"Polygon","coordinates":[[[26.225504467216304,57.97999565996606],[26.225504467216304,57.9889888636033],[26.23449767085355,57.9889888636033],[26.23449767085355,57.97999565996606],[26.225504467216304,57.97999565996606]]]}},{"type":"Feature","properties":{"jobs":11,"pop":6,"pointCount":2,"homeWorkCommuteMedian":24472,"workHomeCommuteMedian":30493},"geometry":{"type":"Polygon","coordinates":[[[26.225504467216304,58.04294808542678],[26.225504467216304,58.051941289064025],[26.23449767085355,58.051941289064025],[26.23449767085355,58.04294808542678],[26.225504467216304,58.04294808542678]]]}},{"type":"Feature","properties":{"jobs":62,"pop":53,"pointCount":8,"homeWorkCommuteMedian":48587,"workHomeCommuteMedian":23258},"geometry":{"type":"Polygon","coordinates":[[[26.225504467216304,58.051941289064025],[26.225504467216304,58.06093449270127],[26.23449767085355,58.06093449270127],[26.23449767085355,58.051941289064025],[26.225504467216304,58.051941289064025]]]}},{"type":"Feature","properties":{"jobs":0,"pop":8,"pointCount":1,"homeWorkCommuteMedian":3985,"workHomeCommuteMedian":-1},"geometry":{"type":"Polygon","coordinates":[[[26.225504467216304,58.07892089997576],[26.225504467216304,58.08791410361301],[26.23449767085355,58.08791410361301],[26.23449767085355,58.07892089997576],[26.225504467216304,58.07892089997576]]]}},{"type":"Feature","properties":{"jobs":83,"pop":15,"pointCount":4,"homeWorkCommuteMedian":40150,"workHomeCommuteMedian":21093},"geometry":{"type":"Polygon","coordinates":[[[26.225504467216304,58.141873325436485],[26.225504467216304,58.15086652907373],[26.23449767085355,58.15086652907373],[26.23449767085355,58.141873325436485],[26.225504467216304,58.141873325436485]]]}},{"type":"Feature","properties":{"jobs":6,"pop":17,"pointCount":3,"homeWorkCommuteMedian":9430,"workHomeCommuteMedian":72050},"geometry":{"type":"Polygon","coordinates":[[[26.225504467216304,58.15086652907373],[26.225504467216304,58.15985973271098],[26.23449767085355,58.15985973271098],[26.23449767085355,58.15086652907373],[26.225504467216304,58.15086652907373]]]}},{"type":"Feature","properties":{"jobs":0,"pop":8,"pointCount":1,"homeWorkCommuteMedian":12633,"workHomeCommuteMedian":-1},"geometry":{"type":"Polygon","coordinates":[[[26.225504467216304,58.20482575089721],[26.225504467216304,58.21381895453445],[26.23449767085355,58.21381895453445],[26.23449767085355,58.20482575089721],[26.225504467216304,58.20482575089721]]]}},{"type":"Feature","properties":{"jobs":19,"pop":19,"pointCount":3,"homeWorkCommuteMedian":39216,"workHomeCommuteMedian":28076},"geometry":{"type":"Polygon","coordinates":[[[26.225504467216304,58.231805361808945],[26.225504467216304,58.24079856544619],[26.23449767085355,58.24079856544619],[26.23449767085355,58.231805361808945],[26.225504467216304,58.231805361808945]]]}},{"type":"Feature","properties":{"jobs":0,"pop":19,"pointCount":1,"homeWorkCommuteMedian":41044,"workHomeCommuteMedian":-1},"geometry":{"type":"Polygon","coordinates":[[[26.225504467216304,58.24079856544619],[26.225504467216304,58.24979176908344],[26.23449767085355,58.24979176908344],[26.23449767085355,58.24079856544619],[26.225504467216304,58.24079856544619]]]}},{"type":"Feature","properties":{"jobs":0,"pop":7,"pointCount":1,"homeWorkCommuteMedian":8908,"workHomeCommuteMedian":-1},"geometry":{"type":"Polygon","coordinates":[[[26.23449767085355,58.02496167815229],[26.23449767085355,58.03395488178953],[26.243490874490796,58.03395488178953],[26.243490874490796,58.02496167815229],[26.23449767085355,58.02496167815229]]]}},{"type":"Feature","properties":{"jobs":48,"pop":6,"pointCount":4,"homeWorkCommuteMedian":52360,"workHomeCommuteMedian":48282},"geometry":{"type":"Polygon","coordinates":[[[26.23449767085355,58.04294808542678],[26.23449767085355,58.051941289064025],[26.243490874490796,58.051941289064025],[26.243490874490796,58.04294808542678],[26.23449767085355,58.04294808542678]]]}},{"type":"Feature","properties":{"jobs":0,"pop":46,"pointCount":5,"homeWorkCommuteMedian":14989,"workHomeCommuteMedian":-1},"geometry":{"type":"Polygon","coordinates":[[[26.23449767085355,58.051941289064025],[26.23449767085355,58.06093449270127],[26.243490874490796,58.06093449270127],[26.243490874490796,58.051941289064025],[26.23449767085355,58.051941289064025]]]}},{"type":"Feature","properties":{"jobs":27,"pop":6,"pointCount":2,"homeWorkCommuteMedian":14856,"workHomeCommuteMedian":38311},"geometry":{"type":"Polygon","coordinates":[[[26.23449767085355,58.13288012179924],[26.23449767085355,58.141873325436485],[26.243490874490796,58.141873325436485],[26.243490874490796,58.13288012179924],[26.23449767085355,58.13288012179924]]]}},{"type":"Feature","properties":{"jobs":185,"pop":26,"pointCount":6,"homeWorkCommuteMedian":19528,"workHomeCommuteMedian":22943},"geometry":{"type":"Polygon","coordinates":[[[26.23449767085355,58.141873325436485],[26.23449767085355,58.15086652907373],[26.243490874490796,58.15086652907373],[26.243490874490796,58.141873325436485],[26.23449767085355,58.141873325436485]]]}},{"type":"Feature","properties":{"jobs":0,"pop":5,"pointCount":1,"homeWorkCommuteMedian":4467,"workHomeCommuteMedian":-1},"geometry":{"type":"Polygon","coordinates":[[[26.23449767085355,58.15086652907373],[26.23449767085355,58.15985973271098],[26.243490874490796,58.15985973271098],[26.243490874490796,58.15086652907373],[26.23449767085355,58.15086652907373]]]}},{"type":"Feature","properties":{"jobs":0,"pop":7,"pointCount":1,"homeWorkCommuteMedian":11674,"workHomeCommuteMedian":-1},"geometry":{"type":"Polygon","coordinates":[[[26.23449767085355,58.15985973271098],[26.23449767085355,58.16885293634822],[26.243490874490796,58.16885293634822],[26.243490874490796,58.15985973271098],[26.23449767085355,58.15985973271098]]]}},{"type":"Feature","properties":{"jobs":20,"pop":0,"pointCount":1,"homeWorkCommuteMedian":-1,"workHomeCommuteMedian":16809},"geometry":{"type":"Polygon","coordinates":[[[26.23449767085355,58.21381895453445],[26.23449767085355,58.2228121581717],[26.243490874490796,58.2228121581717],[26.243490874490796,58.21381895453445],[26.23449767085355,58.21381895453445]]]}},{"type":"Feature","properties":{"jobs":0,"pop":12,"pointCount":2,"homeWorkCommuteMedian":14564,"workHomeCommuteMedian":-1},"geometry":{"type":"Polygon","coordinates":[[[26.23449767085355,58.24079856544619],[26.23449767085355,58.24979176908344],[26.243490874490796,58.24979176908344],[26.243490874490796,58.24079856544619],[26.23449767085355,58.24079856544619]]]}},{"type":"Feature","properties":{"jobs":16,"pop":0,"pointCount":1,"homeWorkCommuteMedian":-1,"workHomeCommuteMedian":40876},"geometry":{"type":"Polygon","coordinates":[[[26.23449767085355,58.24979176908344],[26.23449767085355,58.25878497272068],[26.243490874490796,58.25878497272068],[26.243490874490796,58.24979176908344],[26.23449767085355,58.24979176908344]]]}},{"type":"Feature","properties":{"jobs":6,"pop":0,"pointCount":1,"homeWorkCommuteMedian":-1,"workHomeCommuteMedian":35833},"geometry":{"type":"Polygon","coordinates":[[[26.23449767085355,58.42066263819111],[26.23449767085355,58.42965584182836],[26.243490874490796,58.42965584182836],[26.243490874490796,58.42066263819111],[26.23449767085355,58.42066263819111]]]}},{"type":"Feature","properties":{"jobs":0,"pop":12,"pointCount":1,"homeWorkCommuteMedian":60276,"workHomeCommuteMedian":-1},"geometry":{"type":"Polygon","coordinates":[[[26.243490874490796,57.99798206724055],[26.243490874490796,58.006975270877795],[26.25248407812804,58.006975270877795],[26.25248407812804,57.99798206724055],[26.243490874490796,57.99798206724055]]]}},{"type":"Feature","properties":{"jobs":7,"pop":9,"pointCount":1,"homeWorkCommuteMedian":6833,"workHomeCommuteMedian":61191},"geometry":{"type":"Polygon","coordinates":[[[26.243490874490796,58.006975270877795],[26.243490874490796,58.01596847451504],[26.25248407812804,58.01596847451504],[26.25248407812804,58.006975270877795],[26.243490874490796,58.006975270877795]]]}},{"type":"Feature","properties":{"jobs":0,"pop":5,"pointCount":1,"homeWorkCommuteMedian":3094,"workHomeCommuteMedian":-1},"geometry":{"type":"Polygon","coordinates":[[[26.243490874490796,58.04294808542678],[26.243490874490796,58.051941289064025],[26.25248407812804,58.051941289064025],[26.25248407812804,58.04294808542678],[26.243490874490796,58.04294808542678]]]}},{"type":"Feature","properties":{"jobs":0,"pop":16,"pointCount":2,"homeWorkCommuteMedian":49115,"workHomeCommuteMedian":-1},"geometry":{"type":"Polygon","coordinates":[[[26.243490874490796,58.051941289064025],[26.243490874490796,58.06093449270127],[26.25248407812804,58.06093449270127],[26.25248407812804,58.051941289064025],[26.243490874490796,58.051941289064025]]]}},{"type":"Feature","properties":{"jobs":5,"pop":8,"pointCount":2,"homeWorkCommuteMedian":11837,"workHomeCommuteMedian":8152},"geometry":{"type":"Polygon","coordinates":[[[26.243490874490796,58.07892089997576],[26.243490874490796,58.08791410361301],[26.25248407812804,58.08791410361301],[26.25248407812804,58.07892089997576],[26.243490874490796,58.07892089997576]]]}},{"type":"Feature","properties":{"jobs":5,"pop":0,"pointCount":1,"homeWorkCommuteMedian":-1,"workHomeCommuteMedian":9100},"geometry":{"type":"Polygon","coordinates":[[[26.243490874490796,58.096907307250255],[26.243490874490796,58.1059005108875],[26.25248407812804,58.1059005108875],[26.25248407812804,58.096907307250255],[26.243490874490796,58.096907307250255]]]}},{"type":"Feature","properties":{"jobs":29,"pop":14,"pointCount":2,"homeWorkCommuteMedian":42824,"workHomeCommuteMedian":18460},"geometry":{"type":"Polygon","coordinates":[[[26.243490874490796,58.11489371452475],[26.243490874490796,58.12388691816199],[26.25248407812804,58.12388691816199],[26.25248407812804,58.11489371452475],[26.243490874490796,58.11489371452475]]]}},{"type":"Feature","properties":{"jobs":75,"pop":16,"pointCount":6,"homeWorkCommuteMedian":9701,"workHomeCommuteMedian":28209},"geometry":{"type":"Polygon","coordinates":[[[26.243490874490796,58.13288012179924],[26.243490874490796,58.141873325436485],[26.25248407812804,58.141873325436485],[26.25248407812804,58.13288012179924],[26.243490874490796,58.13288012179924]]]}},{"type":"Feature","properties":{"jobs":151,"pop":210,"pointCount":11,"homeWorkCommuteMedian":17079,"workHomeCommuteMedian":15105},"geometry":{"type":"Polygon","coordinates":[[[26.243490874490796,58.141873325436485],[26.243490874490796,58.15086652907373],[26.25248407812804,58.15086652907373],[26.25248407812804,58.141873325436485],[26.243490874490796,58.141873325436485]]]}},{"type":"Feature","properties":{"jobs":5,"pop":0,"pointCount":1,"homeWorkCommuteMedian":-1,"workHomeCommuteMedian":37861},"geometry":{"type":"Polygon","coordinates":[[[26.243490874490796,58.231805361808945],[26.243490874490796,58.24079856544619],[26.25248407812804,58.24079856544619],[26.25248407812804,58.231805361808945],[26.243490874490796,58.231805361808945]]]}},{"type":"Feature","properties":{"jobs":0,"pop":9,"pointCount":1,"homeWorkCommuteMedian":14106,"workHomeCommuteMedian":-1},"geometry":{"type":"Polygon","coordinates":[[[26.243490874490796,58.24079856544619],[26.243490874490796,58.24979176908344],[26.25248407812804,58.24979176908344],[26.25248407812804,58.24079856544619],[26.243490874490796,58.24079856544619]]]}},{"type":"Feature","properties":{"jobs":35,"pop":9,"pointCount":2,"homeWorkCommuteMedian":18460,"workHomeCommuteMedian":17081},"geometry":{"type":"Polygon","coordinates":[[[26.243490874490796,58.24979176908344],[26.243490874490796,58.25878497272068],[26.25248407812804,58.25878497272068],[26.25248407812804,58.24979176908344],[26.243490874490796,58.24979176908344]]]}},{"type":"Feature","properties":{"jobs":0,"pop":4,"pointCount":1,"homeWorkCommuteMedian":55256,"workHomeCommuteMedian":-1},"geometry":{"type":"Polygon","coordinates":[[[26.243490874490796,58.411669434553865],[26.243490874490796,58.42066263819111],[26.25248407812804,58.42066263819111],[26.25248407812804,58.411669434553865],[26.243490874490796,58.411669434553865]]]}},{"type":"Feature","properties":{"jobs":4,"pop":9,"pointCount":1,"homeWorkCommuteMedian":18960,"workHomeCommuteMedian":8519},"geometry":{"type":"Polygon","coordinates":[[[26.25248407812804,57.9889888636033],[26.25248407812804,57.99798206724055],[26.261477281765288,57.99798206724055],[26.261477281765288,57.9889888636033],[26.25248407812804,57.9889888636033]]]}},{"type":"Feature","properties":{"jobs":0,"pop":5,"pointCount":1,"homeWorkCommuteMedian":20041,"workHomeCommuteMedian":-1},"geometry":{"type":"Polygon","coordinates":[[[26.25248407812804,57.99798206724055],[26.25248407812804,58.006975270877795],[26.261477281765288,58.006975270877795],[26.261477281765288,57.99798206724055],[26.25248407812804,57.99798206724055]]]}},{"type":"Feature","properties":{"jobs":0,"pop":14,"pointCount":1,"homeWorkCommuteMedian":40979,"workHomeCommuteMedian":-1},"geometry":{"type":"Polygon","coordinates":[[[26.25248407812804,58.12388691816199],[26.25248407812804,58.13288012179924],[26.261477281765288,58.13288012179924],[26.261477281765288,58.12388691816199],[26.25248407812804,58.12388691816199]]]}},{"type":"Feature","properties":{"jobs":0,"pop":5,"pointCount":1,"homeWorkCommuteMedian":36801,"workHomeCommuteMedian":-1},"geometry":{"type":"Polygon","coordinates":[[[26.25248407812804,58.13288012179924],[26.25248407812804,58.141873325436485],[26.261477281765288,58.141873325436485],[26.261477281765288,58.13288012179924],[26.25248407812804,58.13288012179924]]]}},{"type":"Feature","properties":{"jobs":0,"pop":39,"pointCount":3,"homeWorkCommuteMedian":37541,"workHomeCommuteMedian":-1},"geometry":{"type":"Polygon","coordinates":[[[26.25248407812804,58.141873325436485],[26.25248407812804,58.15086652907373],[26.261477281765288,58.15086652907373],[26.261477281765288,58.141873325436485],[26.25248407812804,58.141873325436485]]]}},{"type":"Feature","properties":{"jobs":6,"pop":0,"pointCount":1,"homeWorkCommuteMedian":-1,"workHomeCommuteMedian":5292},"geometry":{"type":"Polygon","coordinates":[[[26.25248407812804,58.15086652907373],[26.25248407812804,58.15985973271098],[26.261477281765288,58.15985973271098],[26.261477281765288,58.15086652907373],[26.25248407812804,58.15086652907373]]]}},{"type":"Feature","properties":{"jobs":0,"pop":6,"pointCount":1,"homeWorkCommuteMedian":12314,"workHomeCommuteMedian":-1},"geometry":{"type":"Polygon","coordinates":[[[26.25248407812804,58.21381895453445],[26.25248407812804,58.2228121581717],[26.261477281765288,58.2228121581717],[26.261477281765288,58.21381895453445],[26.25248407812804,58.21381895453445]]]}},{"type":"Feature","properties":{"jobs":0,"pop":9,"pointCount":1,"homeWorkCommuteMedian":9556,"workHomeCommuteMedian":-1},"geometry":{"type":"Polygon","coordinates":[[[26.25248407812804,58.24079856544619],[26.25248407812804,58.24979176908344],[26.261477281765288,58.24979176908344],[26.261477281765288,58.24079856544619],[26.25248407812804,58.24079856544619]]]}},{"type":"Feature","properties":{"jobs":0,"pop":42,"pointCount":2,"homeWorkCommuteMedian":29260,"workHomeCommuteMedian":-1},"geometry":{"type":"Polygon","coordinates":[[[26.261477281765288,57.95301604905432],[26.261477281765288,57.962009252691566],[26.270470485402534,57.962009252691566],[26.270470485402534,57.95301604905432],[26.261477281765288,57.95301604905432]]]}},{"type":"Feature","properties":{"jobs":49,"pop":25,"pointCount":2,"homeWorkCommuteMedian":40737,"workHomeCommuteMedian":21992},"geometry":{"type":"Polygon","coordinates":[[[26.261477281765288,58.051941289064025],[26.261477281765288,58.06093449270127],[26.270470485402534,58.06093449270127],[26.270470485402534,58.051941289064025],[26.261477281765288,58.051941289064025]]]}},{"type":"Feature","properties":{"jobs":5,"pop":0,"pointCount":1,"homeWorkCommuteMedian":-1,"workHomeCommuteMedian":56812},"geometry":{"type":"Polygon","coordinates":[[[26.261477281765288,58.06093449270127],[26.261477281765288,58.06992769633852],[26.270470485402534,58.06992769633852],[26.270470485402534,58.06093449270127],[26.261477281765288,58.06093449270127]]]}},{"type":"Feature","properties":{"jobs":0,"pop":5,"pointCount":1,"homeWorkCommuteMedian":8454,"workHomeCommuteMedian":-1},"geometry":{"type":"Polygon","coordinates":[[[26.261477281765288,58.13288012179924],[26.261477281765288,58.141873325436485],[26.270470485402534,58.141873325436485],[26.270470485402534,58.13288012179924],[26.261477281765288,58.13288012179924]]]}},{"type":"Feature","properties":{"jobs":13,"pop":9,"pointCount":1,"homeWorkCommuteMedian":8765,"workHomeCommuteMedian":19489},"geometry":{"type":"Polygon","coordinates":[[[26.261477281765288,58.141873325436485],[26.261477281765288,58.15086652907373],[26.270470485402534,58.15086652907373],[26.270470485402534,58.141873325436485],[26.261477281765288,58.141873325436485]]]}},{"type":"Feature","properties":{"jobs":23,"pop":0,"pointCount":1,"homeWorkCommuteMedian":-1,"workHomeCommuteMedian":41923},"geometry":{"type":"Polygon","coordinates":[[[26.261477281765288,58.15086652907373],[26.261477281765288,58.15985973271098],[26.270470485402534,58.15985973271098],[26.270470485402534,58.15086652907373],[26.261477281765288,58.15086652907373]]]}},{"type":"Feature","properties":{"jobs":29,"pop":0,"pointCount":1,"homeWorkCommuteMedian":-1,"workHomeCommuteMedian":17849},"geometry":{"type":"Polygon","coordinates":[[[26.261477281765288,58.17784613998547],[26.261477281765288,58.186839343622715],[26.270470485402534,58.186839343622715],[26.270470485402534,58.17784613998547],[26.261477281765288,58.17784613998547]]]}},{"type":"Feature","properties":{"jobs":6,"pop":15,"pointCount":2,"homeWorkCommuteMedian":37604,"workHomeCommuteMedian":33571},"geometry":{"type":"Polygon","coordinates":[[[26.261477281765288,58.231805361808945],[26.261477281765288,58.24079856544619],[26.270470485402534,58.24079856544619],[26.270470485402534,58.231805361808945],[26.261477281765288,58.231805361808945]]]}},{"type":"Feature","properties":{"jobs":0,"pop":8,"pointCount":1,"homeWorkCommuteMedian":4878,"workHomeCommuteMedian":-1},"geometry":{"type":"Polygon","coordinates":[[[26.270470485402534,57.899056827230844],[26.270470485402534,57.90805003086809],[26.27946368903978,57.90805003086809],[26.27946368903978,57.899056827230844],[26.270470485402534,57.899056827230844]]]}},{"type":"Feature","properties":{"jobs":42,"pop":8,"pointCount":3,"homeWorkCommuteMedian":3813,"workHomeCommuteMedian":68372},"geometry":{"type":"Polygon","coordinates":[[[26.270470485402534,57.944022845417074],[26.270470485402534,57.95301604905432],[26.27946368903978,57.95301604905432],[26.27946368903978,57.944022845417074],[26.270470485402534,57.944022845417074]]]}},{"type":"Feature","properties":{"jobs":55,"pop":69,"pointCount":8,"homeWorkCommuteMedian":66956,"workHomeCommuteMedian":69643},"geometry":{"type":"Polygon","coordinates":[[[26.270470485402534,57.95301604905432],[26.270470485402534,57.962009252691566],[26.27946368903978,57.962009252691566],[26.27946368903978,57.95301604905432],[26.270470485402534,57.95301604905432]]]}},{"type":"Feature","properties":{"jobs":0,"pop":14,"pointCount":1,"homeWorkCommuteMedian":66818,"workHomeCommuteMedian":-1},"geometry":{"type":"Polygon","coordinates":[[[26.270470485402534,57.9889888636033],[26.270470485402534,57.99798206724055],[26.27946368903978,57.99798206724055],[26.27946368903978,57.9889888636033],[26.270470485402534,57.9889888636033]]]}},{"type":"Feature","properties":{"jobs":7,"pop":26,"pointCount":2,"homeWorkCommuteMedian":21141,"workHomeCommuteMedian":42576},"geometry":{"type":"Polygon","coordinates":[[[26.270470485402534,58.16885293634822],[26.270470485402534,58.17784613998547],[26.27946368903978,58.17784613998547],[26.27946368903978,58.16885293634822],[26.270470485402534,58.16885293634822]]]}},{"type":"Feature","properties":{"jobs":13,"pop":43,"pointCount":3,"homeWorkCommuteMedian":11547,"workHomeCommuteMedian":41271},"geometry":{"type":"Polygon","coordinates":[[[26.270470485402534,58.186839343622715],[26.270470485402534,58.19583254725996],[26.27946368903978,58.19583254725996],[26.27946368903978,58.186839343622715],[26.270470485402534,58.186839343622715]]]}},{"type":"Feature","properties":{"jobs":0,"pop":5,"pointCount":1,"homeWorkCommuteMedian":7142,"workHomeCommuteMedian":-1},"geometry":{"type":"Polygon","coordinates":[[[26.270470485402534,58.21381895453445],[26.270470485402534,58.2228121581717],[26.27946368903978,58.2228121581717],[26.27946368903978,58.21381895453445],[26.270470485402534,58.21381895453445]]]}},{"type":"Feature","properties":{"jobs":6,"pop":8,"pointCount":1,"homeWorkCommuteMedian":5873,"workHomeCommuteMedian":11550},"geometry":{"type":"Polygon","coordinates":[[[26.270470485402534,58.25878497272068],[26.270470485402534,58.26777817635793],[26.27946368903978,58.26777817635793],[26.27946368903978,58.25878497272068],[26.270470485402534,58.25878497272068]]]}},{"type":"Feature","properties":{"jobs":0,"pop":13,"pointCount":1,"homeWorkCommuteMedian":13500,"workHomeCommuteMedian":-1},"geometry":{"type":"Polygon","coordinates":[[[26.270470485402534,58.276771379995175],[26.270470485402534,58.28576458363242],[26.27946368903978,58.28576458363242],[26.27946368903978,58.276771379995175],[26.270470485402534,58.276771379995175]]]}},{"type":"Feature","properties":{"jobs":0,"pop":12,"pointCount":1,"homeWorkCommuteMedian":35584,"workHomeCommuteMedian":-1},"geometry":{"type":"Polygon","coordinates":[[[26.270470485402534,58.29475778726967],[26.270470485402534,58.30375099090691],[26.27946368903978,58.30375099090691],[26.27946368903978,58.29475778726967],[26.270470485402534,58.29475778726967]]]}},{"type":"Feature","properties":{"jobs":63,"pop":8,"pointCount":4,"homeWorkCommuteMedian":3779,"workHomeCommuteMedian":65522},"geometry":{"type":"Polygon","coordinates":[[[26.27946368903978,57.899056827230844],[26.27946368903978,57.90805003086809],[26.288456892677026,57.90805003086809],[26.288456892677026,57.899056827230844],[26.27946368903978,57.899056827230844]]]}},{"type":"Feature","properties":{"jobs":0,"pop":27,"pointCount":3,"homeWorkCommuteMedian":9896,"workHomeCommuteMedian":-1},"geometry":{"type":"Polygon","coordinates":[[[26.27946368903978,57.95301604905432],[26.27946368903978,57.962009252691566],[26.288456892677026,57.962009252691566],[26.288456892677026,57.95301604905432],[26.27946368903978,57.95301604905432]]]}},{"type":"Feature","properties":{"jobs":5,"pop":0,"pointCount":1,"homeWorkCommuteMedian":-1,"workHomeCommuteMedian":4714},"geometry":{"type":"Polygon","coordinates":[[[26.27946368903978,58.11489371452475],[26.27946368903978,58.12388691816199],[26.288456892677026,58.12388691816199],[26.288456892677026,58.11489371452475],[26.27946368903978,58.11489371452475]]]}},{"type":"Feature","properties":{"jobs":0,"pop":17,"pointCount":2,"homeWorkCommuteMedian":24612,"workHomeCommuteMedian":-1},"geometry":{"type":"Polygon","coordinates":[[[26.27946368903978,58.15086652907373],[26.27946368903978,58.15985973271098],[26.288456892677026,58.15985973271098],[26.288456892677026,58.15086652907373],[26.27946368903978,58.15086652907373]]]}},{"type":"Feature","properties":{"jobs":0,"pop":7,"pointCount":1,"homeWorkCommuteMedian":19423,"workHomeCommuteMedian":-1},"geometry":{"type":"Polygon","coordinates":[[[26.27946368903978,58.15985973271098],[26.27946368903978,58.16885293634822],[26.288456892677026,58.16885293634822],[26.288456892677026,58.15985973271098],[26.27946368903978,58.15985973271098]]]}},{"type":"Feature","properties":{"jobs":59,"pop":5,"pointCount":3,"homeWorkCommuteMedian":8508,"workHomeCommuteMedian":14663},"geometry":{"type":"Polygon","coordinates":[[[26.27946368903978,58.186839343622715],[26.27946368903978,58.19583254725996],[26.288456892677026,58.19583254725996],[26.288456892677026,58.186839343622715],[26.27946368903978,58.186839343622715]]]}},{"type":"Feature","properties":{"jobs":0,"pop":7,"pointCount":1,"homeWorkCommuteMedian":10657,"workHomeCommuteMedian":-1},"geometry":{"type":"Polygon","coordinates":[[[26.27946368903978,58.2228121581717],[26.27946368903978,58.231805361808945],[26.288456892677026,58.231805361808945],[26.288456892677026,58.2228121581717],[26.27946368903978,58.2228121581717]]]}},{"type":"Feature","properties":{"jobs":0,"pop":5,"pointCount":1,"homeWorkCommuteMedian":9306,"workHomeCommuteMedian":-1},"geometry":{"type":"Polygon","coordinates":[[[26.27946368903978,58.231805361808945],[26.27946368903978,58.24079856544619],[26.288456892677026,58.24079856544619],[26.288456892677026,58.231805361808945],[26.27946368903978,58.231805361808945]]]}},{"type":"Feature","properties":{"jobs":0,"pop":7,"pointCount":1,"homeWorkCommuteMedian":14663,"workHomeCommuteMedian":-1},"geometry":{"type":"Polygon","coordinates":[[[26.27946368903978,58.24079856544619],[26.27946368903978,58.24979176908344],[26.288456892677026,58.24979176908344],[26.288456892677026,58.24079856544619],[26.27946368903978,58.24079856544619]]]}},{"type":"Feature","properties":{"jobs":0,"pop":8,"pointCount":1,"homeWorkCommuteMedian":33654,"workHomeCommuteMedian":-1},"geometry":{"type":"Polygon","coordinates":[[[26.288456892677026,57.90805003086809],[26.288456892677026,57.917043234505336],[26.29745009631427,57.917043234505336],[26.29745009631427,57.90805003086809],[26.288456892677026,57.90805003086809]]]}},{"type":"Feature","properties":{"jobs":0,"pop":14,"pointCount":1,"homeWorkCommuteMedian":65650,"workHomeCommuteMedian":-1},"geometry":{"type":"Polygon","coordinates":[[[26.288456892677026,57.917043234505336],[26.288456892677026,57.92603643814258],[26.29745009631427,57.92603643814258],[26.29745009631427,57.917043234505336],[26.288456892677026,57.917043234505336]]]}},{"type":"Feature","properties":{"jobs":1,"pop":0,"pointCount":1,"homeWorkCommuteMedian":-1,"workHomeCommuteMedian":68296},"geometry":{"type":"Polygon","coordinates":[[[26.288456892677026,57.97999565996606],[26.288456892677026,57.9889888636033],[26.29745009631427,57.9889888636033],[26.29745009631427,57.97999565996606],[26.288456892677026,57.97999565996606]]]}},{"type":"Feature","properties":{"jobs":10,"pop":0,"pointCount":1,"homeWorkCommuteMedian":-1,"workHomeCommuteMedian":57402},"geometry":{"type":"Polygon","coordinates":[[[26.288456892677026,58.03395488178953],[26.288456892677026,58.04294808542678],[26.29745009631427,58.04294808542678],[26.29745009631427,58.03395488178953],[26.288456892677026,58.03395488178953]]]}},{"type":"Feature","properties":{"jobs":0,"pop":12,"pointCount":1,"homeWorkCommuteMedian":48887,"workHomeCommuteMedian":-1},"geometry":{"type":"Polygon","coordinates":[[[26.288456892677026,58.07892089997576],[26.288456892677026,58.08791410361301],[26.29745009631427,58.08791410361301],[26.29745009631427,58.07892089997576],[26.288456892677026,58.07892089997576]]]}},{"type":"Feature","properties":{"jobs":0,"pop":9,"pointCount":1,"homeWorkCommuteMedian":16991,"workHomeCommuteMedian":-1},"geometry":{"type":"Polygon","coordinates":[[[26.288456892677026,58.08791410361301],[26.288456892677026,58.096907307250255],[26.29745009631427,58.096907307250255],[26.29745009631427,58.08791410361301],[26.288456892677026,58.08791410361301]]]}},{"type":"Feature","properties":{"jobs":7,"pop":0,"pointCount":1,"homeWorkCommuteMedian":-1,"workHomeCommuteMedian":18851},"geometry":{"type":"Polygon","coordinates":[[[26.288456892677026,58.141873325436485],[26.288456892677026,58.15086652907373],[26.29745009631427,58.15086652907373],[26.29745009631427,58.141873325436485],[26.288456892677026,58.141873325436485]]]}},{"type":"Feature","properties":{"jobs":0,"pop":9,"pointCount":1,"homeWorkCommuteMedian":6218,"workHomeCommuteMedian":-1},"geometry":{"type":"Polygon","coordinates":[[[26.288456892677026,58.2228121581717],[26.288456892677026,58.231805361808945],[26.29745009631427,58.231805361808945],[26.29745009631427,58.2228121581717],[26.288456892677026,58.2228121581717]]]}},{"type":"Feature","properties":{"jobs":0,"pop":13,"pointCount":1,"homeWorkCommuteMedian":34264,"workHomeCommuteMedian":-1},"geometry":{"type":"Polygon","coordinates":[[[26.288456892677026,58.231805361808945],[26.288456892677026,58.24079856544619],[26.29745009631427,58.24079856544619],[26.29745009631427,58.231805361808945],[26.288456892677026,58.231805361808945]]]}},{"type":"Feature","properties":{"jobs":0,"pop":6,"pointCount":1,"homeWorkCommuteMedian":12195,"workHomeCommuteMedian":-1},"geometry":{"type":"Polygon","coordinates":[[[26.288456892677026,58.25878497272068],[26.288456892677026,58.26777817635793],[26.29745009631427,58.26777817635793],[26.29745009631427,58.25878497272068],[26.288456892677026,58.25878497272068]]]}},{"type":"Feature","properties":{"jobs":0,"pop":12,"pointCount":1,"homeWorkCommuteMedian":20706,"workHomeCommuteMedian":-1},"geometry":{"type":"Polygon","coordinates":[[[26.288456892677026,58.26777817635793],[26.288456892677026,58.276771379995175],[26.29745009631427,58.276771379995175],[26.29745009631427,58.26777817635793],[26.288456892677026,58.26777817635793]]]}},{"type":"Feature","properties":{"jobs":9,"pop":0,"pointCount":1,"homeWorkCommuteMedian":-1,"workHomeCommuteMedian":32346},"geometry":{"type":"Polygon","coordinates":[[[26.288456892677026,58.276771379995175],[26.288456892677026,58.28576458363242],[26.29745009631427,58.28576458363242],[26.29745009631427,58.276771379995175],[26.288456892677026,58.276771379995175]]]}},{"type":"Feature","properties":{"jobs":3,"pop":0,"pointCount":1,"homeWorkCommuteMedian":-1,"workHomeCommuteMedian":32855},"geometry":{"type":"Polygon","coordinates":[[[26.288456892677026,58.29475778726967],[26.288456892677026,58.30375099090691],[26.29745009631427,58.30375099090691],[26.29745009631427,58.29475778726967],[26.288456892677026,58.29475778726967]]]}},{"type":"Feature","properties":{"jobs":6,"pop":0,"pointCount":1,"homeWorkCommuteMedian":-1,"workHomeCommuteMedian":5992},"geometry":{"type":"Polygon","coordinates":[[[26.288456892677026,58.321737398181405],[26.288456892677026,58.33073060181865],[26.29745009631427,58.33073060181865],[26.29745009631427,58.321737398181405],[26.288456892677026,58.321737398181405]]]}},{"type":"Feature","properties":{"jobs":0,"pop":7,"pointCount":1,"homeWorkCommuteMedian":30973,"workHomeCommuteMedian":-1},"geometry":{"type":"Polygon","coordinates":[[[26.288456892677026,58.3397238054559],[26.288456892677026,58.34871700909314],[26.29745009631427,58.34871700909314],[26.29745009631427,58.3397238054559],[26.288456892677026,58.3397238054559]]]}},{"type":"Feature","properties":{"jobs":0,"pop":12,"pointCount":2,"homeWorkCommuteMedian":34889,"workHomeCommuteMedian":-1},"geometry":{"type":"Polygon","coordinates":[[[26.288456892677026,58.35771021273039],[26.288456892677026,58.366703416367635],[26.29745009631427,58.366703416367635],[26.29745009631427,58.35771021273039],[26.288456892677026,58.35771021273039]]]}},{"type":"Feature","properties":{"jobs":0,"pop":10,"pointCount":1,"homeWorkCommuteMedian":5548,"workHomeCommuteMedian":-1},"geometry":{"type":"Polygon","coordinates":[[[26.29745009631427,57.917043234505336],[26.29745009631427,57.92603643814258],[26.306443299951518,57.92603643814258],[26.306443299951518,57.917043234505336],[26.29745009631427,57.917043234505336]]]}},{"type":"Feature","properties":{"jobs":27,"pop":16,"pointCount":2,"homeWorkCommuteMedian":24928,"workHomeCommuteMedian":6919},"geometry":{"type":"Polygon","coordinates":[[[26.29745009631427,57.92603643814258],[26.29745009631427,57.93502964177983],[26.306443299951518,57.93502964177983],[26.306443299951518,57.92603643814258],[26.29745009631427,57.92603643814258]]]}},{"type":"Feature","properties":{"jobs":0,"pop":8,"pointCount":1,"homeWorkCommuteMedian":23969,"workHomeCommuteMedian":-1},"geometry":{"type":"Polygon","coordinates":[[[26.29745009631427,57.93502964177983],[26.29745009631427,57.944022845417074],[26.306443299951518,57.944022845417074],[26.306443299951518,57.93502964177983],[26.29745009631427,57.93502964177983]]]}},{"type":"Feature","properties":{"jobs":3,"pop":0,"pointCount":1,"homeWorkCommuteMedian":-1,"workHomeCommuteMedian":55245},"geometry":{"type":"Polygon","coordinates":[[[26.29745009631427,58.06992769633852],[26.29745009631427,58.07892089997576],[26.306443299951518,58.07892089997576],[26.306443299951518,58.06992769633852],[26.29745009631427,58.06992769633852]]]}},{"type":"Feature","properties":{"jobs":0,"pop":8,"pointCount":1,"homeWorkCommuteMedian":6051,"workHomeCommuteMedian":-1},"geometry":{"type":"Polygon","coordinates":[[[26.29745009631427,58.12388691816199],[26.29745009631427,58.13288012179924],[26.306443299951518,58.13288012179924],[26.306443299951518,58.12388691816199],[26.29745009631427,58.12388691816199]]]}},{"type":"Feature","properties":{"jobs":0,"pop":21,"pointCount":1,"homeWorkCommuteMedian":35138,"workHomeCommuteMedian":-1},"geometry":{"type":"Polygon","coordinates":[[[26.29745009631427,58.141873325436485],[26.29745009631427,58.15086652907373],[26.306443299951518,58.15086652907373],[26.306443299951518,58.141873325436485],[26.29745009631427,58.141873325436485]]]}},{"type":"Feature","properties":{"jobs":0,"pop":5,"pointCount":1,"homeWorkCommuteMedian":2065,"workHomeCommuteMedian":-1},"geometry":{"type":"Polygon","coordinates":[[[26.29745009631427,58.15985973271098],[26.29745009631427,58.16885293634822],[26.306443299951518,58.16885293634822],[26.306443299951518,58.15985973271098],[26.29745009631427,58.15985973271098]]]}},{"type":"Feature","properties":{"jobs":0,"pop":5,"pointCount":1,"homeWorkCommuteMedian":15536,"workHomeCommuteMedian":-1},"geometry":{"type":"Polygon","coordinates":[[[26.29745009631427,58.21381895453445],[26.29745009631427,58.2228121581717],[26.306443299951518,58.2228121581717],[26.306443299951518,58.21381895453445],[26.29745009631427,58.21381895453445]]]}},{"type":"Feature","properties":{"jobs":0,"pop":13,"pointCount":1,"homeWorkCommuteMedian":32621,"workHomeCommuteMedian":-1},"geometry":{"type":"Polygon","coordinates":[[[26.29745009631427,58.231805361808945],[26.29745009631427,58.24079856544619],[26.306443299951518,58.24079856544619],[26.306443299951518,58.231805361808945],[26.29745009631427,58.231805361808945]]]}},{"type":"Feature","properties":{"jobs":7,"pop":13,"pointCount":2,"homeWorkCommuteMedian":34827,"workHomeCommuteMedian":46855},"geometry":{"type":"Polygon","coordinates":[[[26.29745009631427,58.24079856544619],[26.29745009631427,58.24979176908344],[26.306443299951518,58.24979176908344],[26.306443299951518,58.24079856544619],[26.29745009631427,58.24079856544619]]]}},{"type":"Feature","properties":{"jobs":10,"pop":18,"pointCount":3,"homeWorkCommuteMedian":11156,"workHomeCommuteMedian":36815},"geometry":{"type":"Polygon","coordinates":[[[26.29745009631427,58.25878497272068],[26.29745009631427,58.26777817635793],[26.306443299951518,58.26777817635793],[26.306443299951518,58.25878497272068],[26.29745009631427,58.25878497272068]]]}},{"type":"Feature","properties":{"jobs":25,"pop":40,"pointCount":6,"homeWorkCommuteMedian":17966,"workHomeCommuteMedian":23788},"geometry":{"type":"Polygon","coordinates":[[[26.29745009631427,58.26777817635793],[26.29745009631427,58.276771379995175],[26.306443299951518,58.276771379995175],[26.306443299951518,58.26777817635793],[26.29745009631427,58.26777817635793]]]}},{"type":"Feature","properties":{"jobs":32,"pop":0,"pointCount":1,"homeWorkCommuteMedian":-1,"workHomeCommuteMedian":29004},"geometry":{"type":"Polygon","coordinates":[[[26.29745009631427,58.276771379995175],[26.29745009631427,58.28576458363242],[26.306443299951518,58.28576458363242],[26.306443299951518,58.276771379995175],[26.29745009631427,58.276771379995175]]]}},{"type":"Feature","properties":{"jobs":0,"pop":5,"pointCount":1,"homeWorkCommuteMedian":13746,"workHomeCommuteMedian":-1},"geometry":{"type":"Polygon","coordinates":[[[26.29745009631427,58.30375099090691],[26.29745009631427,58.31274419454416],[26.306443299951518,58.31274419454416],[26.306443299951518,58.30375099090691],[26.29745009631427,58.30375099090691]]]}},{"type":"Feature","properties":{"jobs":11,"pop":28,"pointCount":4,"homeWorkCommuteMedian":24498,"workHomeCommuteMedian":30768},"geometry":{"type":"Polygon","coordinates":[[[26.29745009631427,58.31274419454416],[26.29745009631427,58.321737398181405],[26.306443299951518,58.321737398181405],[26.306443299951518,58.31274419454416],[26.29745009631427,58.31274419454416]]]}},{"type":"Feature","properties":{"jobs":66,"pop":5,"pointCount":3,"homeWorkCommuteMedian":7698,"workHomeCommuteMedian":28863},"geometry":{"type":"Polygon","coordinates":[[[26.29745009631427,58.321737398181405],[26.29745009631427,58.33073060181865],[26.306443299951518,58.33073060181865],[26.306443299951518,58.321737398181405],[26.29745009631427,58.321737398181405]]]}},{"type":"Feature","properties":{"jobs":38,"pop":80,"pointCount":6,"homeWorkCommuteMedian":29584,"workHomeCommuteMedian":17159},"geometry":{"type":"Polygon","coordinates":[[[26.29745009631427,58.33073060181865],[26.29745009631427,58.3397238054559],[26.306443299951518,58.3397238054559],[26.306443299951518,58.33073060181865],[26.29745009631427,58.33073060181865]]]}},{"type":"Feature","properties":{"jobs":29,"pop":0,"pointCount":1,"homeWorkCommuteMedian":-1,"workHomeCommuteMedian":27839},"geometry":{"type":"Polygon","coordinates":[[[26.29745009631427,58.34871700909314],[26.29745009631427,58.35771021273039],[26.306443299951518,58.35771021273039],[26.306443299951518,58.34871700909314],[26.29745009631427,58.34871700909314]]]}},{"type":"Feature","properties":{"jobs":0,"pop":7,"pointCount":1,"homeWorkCommuteMedian":1890,"workHomeCommuteMedian":-1},"geometry":{"type":"Polygon","coordinates":[[[26.306443299951518,57.917043234505336],[26.306443299951518,57.92603643814258],[26.315436503588764,57.92603643814258],[26.315436503588764,57.917043234505336],[26.306443299951518,57.917043234505336]]]}},{"type":"Feature","properties":{"jobs":84,"pop":0,"pointCount":3,"homeWorkCommuteMedian":-1,"workHomeCommuteMedian":28169},"geometry":{"type":"Polygon","coordinates":[[[26.306443299951518,57.92603643814258],[26.306443299951518,57.93502964177983],[26.315436503588764,57.93502964177983],[26.315436503588764,57.92603643814258],[26.306443299951518,57.92603643814258]]]}},{"type":"Feature","properties":{"jobs":3,"pop":6,"pointCount":2,"homeWorkCommuteMedian":15206,"workHomeCommuteMedian":18075},"geometry":{"type":"Polygon","coordinates":[[[26.306443299951518,58.096907307250255],[26.306443299951518,58.1059005108875],[26.315436503588764,58.1059005108875],[26.315436503588764,58.096907307250255],[26.306443299951518,58.096907307250255]]]}},{"type":"Feature","properties":{"jobs":0,"pop":8,"pointCount":1,"homeWorkCommuteMedian":16809,"workHomeCommuteMedian":-1},"geometry":{"type":"Polygon","coordinates":[[[26.306443299951518,58.13288012179924],[26.306443299951518,58.141873325436485],[26.315436503588764,58.141873325436485],[26.315436503588764,58.13288012179924],[26.306443299951518,58.13288012179924]]]}},{"type":"Feature","properties":{"jobs":0,"pop":5,"pointCount":1,"homeWorkCommuteMedian":7057,"workHomeCommuteMedian":-1},"geometry":{"type":"Polygon","coordinates":[[[26.306443299951518,58.17784613998547],[26.306443299951518,58.186839343622715],[26.315436503588764,58.186839343622715],[26.315436503588764,58.17784613998547],[26.306443299951518,58.17784613998547]]]}},{"type":"Feature","properties":{"jobs":24,"pop":11,"pointCount":3,"homeWorkCommuteMedian":32529,"workHomeCommuteMedian":28104},"geometry":{"type":"Polygon","coordinates":[[[26.306443299951518,58.2228121581717],[26.306443299951518,58.231805361808945],[26.315436503588764,58.231805361808945],[26.315436503588764,58.2228121581717],[26.306443299951518,58.2228121581717]]]}},{"type":"Feature","properties":{"jobs":0,"pop":7,"pointCount":1,"homeWorkCommuteMedian":10664,"workHomeCommuteMedian":-1},"geometry":{"type":"Polygon","coordinates":[[[26.306443299951518,58.24079856544619],[26.306443299951518,58.24979176908344],[26.315436503588764,58.24979176908344],[26.315436503588764,58.24079856544619],[26.306443299951518,58.24079856544619]]]}},{"type":"Feature","properties":{"jobs":56,"pop":84,"pointCount":3,"homeWorkCommuteMedian":33030,"workHomeCommuteMedian":22212},"geometry":{"type":"Polygon","coordinates":[[[26.306443299951518,58.25878497272068],[26.306443299951518,58.26777817635793],[26.315436503588764,58.26777817635793],[26.315436503588764,58.25878497272068],[26.306443299951518,58.25878497272068]]]}},{"type":"Feature","properties":{"jobs":16,"pop":19,"pointCount":2,"homeWorkCommuteMedian":29854,"workHomeCommuteMedian":36820},"geometry":{"type":"Polygon","coordinates":[[[26.306443299951518,58.26777817635793],[26.306443299951518,58.276771379995175],[26.315436503588764,58.276771379995175],[26.315436503588764,58.26777817635793],[26.306443299951518,58.26777817635793]]]}},{"type":"Feature","properties":{"jobs":0,"pop":9,"pointCount":1,"homeWorkCommuteMedian":12977,"workHomeCommuteMedian":-1},"geometry":{"type":"Polygon","coordinates":[[[26.306443299951518,58.28576458363242],[26.306443299951518,58.29475778726967],[26.315436503588764,58.29475778726967],[26.315436503588764,58.28576458363242],[26.306443299951518,58.28576458363242]]]}},{"type":"Feature","properties":{"jobs":160,"pop":209,"pointCount":14,"homeWorkCommuteMedian":18087,"workHomeCommuteMedian":23858},"geometry":{"type":"Polygon","coordinates":[[[26.306443299951518,58.33073060181865],[26.306443299951518,58.3397238054559],[26.315436503588764,58.3397238054559],[26.315436503588764,58.33073060181865],[26.306443299951518,58.33073060181865]]]}},{"type":"Feature","properties":{"jobs":0,"pop":11,"pointCount":1,"homeWorkCommuteMedian":26386,"workHomeCommuteMedian":-1},"geometry":{"type":"Polygon","coordinates":[[[26.306443299951518,58.3397238054559],[26.306443299951518,58.34871700909314],[26.315436503588764,58.34871700909314],[26.315436503588764,58.3397238054559],[26.306443299951518,58.3397238054559]]]}},{"type":"Feature","properties":{"jobs":22,"pop":0,"pointCount":2,"homeWorkCommuteMedian":-1,"workHomeCommuteMedian":62883},"geometry":{"type":"Polygon","coordinates":[[[26.315436503588764,57.90805003086809],[26.315436503588764,57.917043234505336],[26.32442970722601,57.917043234505336],[26.32442970722601,57.90805003086809],[26.315436503588764,57.90805003086809]]]}},{"type":"Feature","properties":{"jobs":0,"pop":23,"pointCount":3,"homeWorkCommuteMedian":14291,"workHomeCommuteMedian":-1},"geometry":{"type":"Polygon","coordinates":[[[26.315436503588764,57.917043234505336],[26.315436503588764,57.92603643814258],[26.32442970722601,57.92603643814258],[26.32442970722601,57.917043234505336],[26.315436503588764,57.917043234505336]]]}},{"type":"Feature","properties":{"jobs":5,"pop":5,"pointCount":1,"homeWorkCommuteMedian":17708,"workHomeCommuteMedian":60355},"geometry":{"type":"Polygon","coordinates":[[[26.315436503588764,57.97100245632881],[26.315436503588764,57.97999565996606],[26.32442970722601,57.97999565996606],[26.32442970722601,57.97100245632881],[26.315436503588764,57.97100245632881]]]}},{"type":"Feature","properties":{"jobs":26,"pop":0,"pointCount":1,"homeWorkCommuteMedian":-1,"workHomeCommuteMedian":15580},"geometry":{"type":"Polygon","coordinates":[[[26.315436503588764,58.01596847451504],[26.315436503588764,58.02496167815229],[26.32442970722601,58.02496167815229],[26.32442970722601,58.01596847451504],[26.315436503588764,58.01596847451504]]]}},{"type":"Feature","properties":{"jobs":80,"pop":0,"pointCount":1,"homeWorkCommuteMedian":-1,"workHomeCommuteMedian":56801},"geometry":{"type":"Polygon","coordinates":[[[26.315436503588764,58.02496167815229],[26.315436503588764,58.03395488178953],[26.32442970722601,58.03395488178953],[26.32442970722601,58.02496167815229],[26.315436503588764,58.02496167815229]]]}},{"type":"Feature","properties":{"jobs":8,"pop":0,"pointCount":1,"homeWorkCommuteMedian":-1,"workHomeCommuteMedian":51554},"geometry":{"type":"Polygon","coordinates":[[[26.315436503588764,58.051941289064025],[26.315436503588764,58.06093449270127],[26.32442970722601,58.06093449270127],[26.32442970722601,58.051941289064025],[26.315436503588764,58.051941289064025]]]}},{"type":"Feature","properties":{"jobs":0,"pop":10,"pointCount":2,"homeWorkCommuteMedian":28009,"workHomeCommuteMedian":-1},"geometry":{"type":"Polygon","coordinates":[[[26.315436503588764,58.12388691816199],[26.315436503588764,58.13288012179924],[26.32442970722601,58.13288012179924],[26.32442970722601,58.12388691816199],[26.315436503588764,58.12388691816199]]]}},{"type":"Feature","properties":{"jobs":6,"pop":22,"pointCount":3,"homeWorkCommuteMedian":12948,"workHomeCommuteMedian":2065},"geometry":{"type":"Polygon","coordinates":[[[26.315436503588764,58.16885293634822],[26.315436503588764,58.17784613998547],[26.32442970722601,58.17784613998547],[26.32442970722601,58.16885293634822],[26.315436503588764,58.16885293634822]]]}},{"type":"Feature","properties":{"jobs":11,"pop":18,"pointCount":2,"homeWorkCommuteMedian":31426,"workHomeCommuteMedian":29402},"geometry":{"type":"Polygon","coordinates":[[[26.315436503588764,58.2228121581717],[26.315436503588764,58.231805361808945],[26.32442970722601,58.231805361808945],[26.32442970722601,58.2228121581717],[26.315436503588764,58.2228121581717]]]}},{"type":"Feature","properties":{"jobs":0,"pop":6,"pointCount":1,"homeWorkCommuteMedian":21302,"workHomeCommuteMedian":-1},"geometry":{"type":"Polygon","coordinates":[[[26.315436503588764,58.231805361808945],[26.315436503588764,58.24079856544619],[26.32442970722601,58.24079856544619],[26.32442970722601,58.231805361808945],[26.315436503588764,58.231805361808945]]]}},{"type":"Feature","properties":{"jobs":0,"pop":6,"pointCount":1,"homeWorkCommuteMedian":13423,"workHomeCommuteMedian":-1},"geometry":{"type":"Polygon","coordinates":[[[26.315436503588764,58.24079856544619],[26.315436503588764,58.24979176908344],[26.32442970722601,58.24979176908344],[26.32442970722601,58.24079856544619],[26.315436503588764,58.24079856544619]]]}},{"type":"Feature","properties":{"jobs":0,"pop":26,"pointCount":1,"homeWorkCommuteMedian":33877,"workHomeCommuteMedian":-1},"geometry":{"type":"Polygon","coordinates":[[[26.315436503588764,58.25878497272068],[26.315436503588764,58.26777817635793],[26.32442970722601,58.26777817635793],[26.32442970722601,58.25878497272068],[26.315436503588764,58.25878497272068]]]}},{"type":"Feature","properties":{"jobs":14,"pop":0,"pointCount":2,"homeWorkCommuteMedian":-1,"workHomeCommuteMedian":9464},"geometry":{"type":"Polygon","coordinates":[[[26.315436503588764,58.26777817635793],[26.315436503588764,58.276771379995175],[26.32442970722601,58.276771379995175],[26.32442970722601,58.26777817635793],[26.315436503588764,58.26777817635793]]]}},{"type":"Feature","properties":{"jobs":22,"pop":8,"pointCount":2,"homeWorkCommuteMedian":18179,"workHomeCommuteMedian":32353},"geometry":{"type":"Polygon","coordinates":[[[26.315436503588764,58.29475778726967],[26.315436503588764,58.30375099090691],[26.32442970722601,58.30375099090691],[26.32442970722601,58.29475778726967],[26.315436503588764,58.29475778726967]]]}},{"type":"Feature","properties":{"jobs":14,"pop":21,"pointCount":2,"homeWorkCommuteMedian":25160,"workHomeCommuteMedian":25471},"geometry":{"type":"Polygon","coordinates":[[[26.315436503588764,58.321737398181405],[26.315436503588764,58.33073060181865],[26.32442970722601,58.33073060181865],[26.32442970722601,58.321737398181405],[26.315436503588764,58.321737398181405]]]}},{"type":"Feature","properties":{"jobs":7,"pop":116,"pointCount":7,"homeWorkCommuteMedian":19988,"workHomeCommuteMedian":15297},"geometry":{"type":"Polygon","coordinates":[[[26.315436503588764,58.33073060181865],[26.315436503588764,58.3397238054559],[26.32442970722601,58.3397238054559],[26.32442970722601,58.33073060181865],[26.315436503588764,58.33073060181865]]]}},{"type":"Feature","properties":{"jobs":42,"pop":5,"pointCount":2,"homeWorkCommuteMedian":6805,"workHomeCommuteMedian":13423},"geometry":{"type":"Polygon","coordinates":[[[26.315436503588764,58.3397238054559],[26.315436503588764,58.34871700909314],[26.32442970722601,58.34871700909314],[26.32442970722601,58.3397238054559],[26.315436503588764,58.3397238054559]]]}},{"type":"Feature","properties":{"jobs":0,"pop":15,"pointCount":1,"homeWorkCommuteMedian":32828,"workHomeCommuteMedian":-1},"geometry":{"type":"Polygon","coordinates":[[[26.315436503588764,58.35771021273039],[26.315436503588764,58.366703416367635],[26.32442970722601,58.366703416367635],[26.32442970722601,58.35771021273039],[26.315436503588764,58.35771021273039]]]}},{"type":"Feature","properties":{"jobs":0,"pop":7,"pointCount":1,"homeWorkCommuteMedian":33716,"workHomeCommuteMedian":-1},"geometry":{"type":"Polygon","coordinates":[[[26.315436503588764,58.366703416367635],[26.315436503588764,58.37569662000488],[26.32442970722601,58.37569662000488],[26.32442970722601,58.366703416367635],[26.315436503588764,58.366703416367635]]]}},{"type":"Feature","properties":{"jobs":3,"pop":0,"pointCount":1,"homeWorkCommuteMedian":-1,"workHomeCommuteMedian":56331},"geometry":{"type":"Polygon","coordinates":[[[26.315436503588764,58.37569662000488],[26.315436503588764,58.38468982364213],[26.32442970722601,58.38468982364213],[26.32442970722601,58.37569662000488],[26.315436503588764,58.37569662000488]]]}},{"type":"Feature","properties":{"jobs":55,"pop":76,"pointCount":7,"homeWorkCommuteMedian":22883,"workHomeCommuteMedian":63109},"geometry":{"type":"Polygon","coordinates":[[[26.32442970722601,57.917043234505336],[26.32442970722601,57.92603643814258],[26.333422910863256,57.92603643814258],[26.333422910863256,57.917043234505336],[26.32442970722601,57.917043234505336]]]}},{"type":"Feature","properties":{"jobs":7,"pop":42,"pointCount":3,"homeWorkCommuteMedian":62936,"workHomeCommuteMedian":65465},"geometry":{"type":"Polygon","coordinates":[[[26.32442970722601,57.92603643814258],[26.32442970722601,57.93502964177983],[26.333422910863256,57.93502964177983],[26.333422910863256,57.92603643814258],[26.32442970722601,57.92603643814258]]]}},{"type":"Feature","properties":{"jobs":0,"pop":6,"pointCount":1,"homeWorkCommuteMedian":112590,"workHomeCommuteMedian":-1},"geometry":{"type":"Polygon","coordinates":[[[26.32442970722601,57.962009252691566],[26.32442970722601,57.97100245632881],[26.333422910863256,57.97100245632881],[26.333422910863256,57.962009252691566],[26.32442970722601,57.962009252691566]]]}},{"type":"Feature","properties":{"jobs":0,"pop":8,"pointCount":1,"homeWorkCommuteMedian":12472,"workHomeCommuteMedian":-1},"geometry":{"type":"Polygon","coordinates":[[[26.32442970722601,58.051941289064025],[26.32442970722601,58.06093449270127],[26.333422910863256,58.06093449270127],[26.333422910863256,58.051941289064025],[26.32442970722601,58.051941289064025]]]}},{"type":"Feature","properties":{"jobs":13,"pop":8,"pointCount":2,"homeWorkCommuteMedian":23739,"workHomeCommuteMedian":13366},"geometry":{"type":"Polygon","coordinates":[[[26.32442970722601,58.11489371452475],[26.32442970722601,58.12388691816199],[26.333422910863256,58.12388691816199],[26.333422910863256,58.11489371452475],[26.32442970722601,58.11489371452475]]]}},{"type":"Feature","properties":{"jobs":0,"pop":13,"pointCount":1,"homeWorkCommuteMedian":36744,"workHomeCommuteMedian":-1},"geometry":{"type":"Polygon","coordinates":[[[26.32442970722601,58.12388691816199],[26.32442970722601,58.13288012179924],[26.333422910863256,58.13288012179924],[26.333422910863256,58.12388691816199],[26.32442970722601,58.12388691816199]]]}},{"type":"Feature","properties":{"jobs":0,"pop":5,"pointCount":1,"homeWorkCommuteMedian":23677,"workHomeCommuteMedian":-1},"geometry":{"type":"Polygon","coordinates":[[[26.32442970722601,58.13288012179924],[26.32442970722601,58.141873325436485],[26.333422910863256,58.141873325436485],[26.333422910863256,58.13288012179924],[26.32442970722601,58.13288012179924]]]}},{"type":"Feature","properties":{"jobs":18,"pop":27,"pointCount":4,"homeWorkCommuteMedian":16295,"workHomeCommuteMedian":26208},"geometry":{"type":"Polygon","coordinates":[[[26.32442970722601,58.16885293634822],[26.32442970722601,58.17784613998547],[26.333422910863256,58.17784613998547],[26.333422910863256,58.16885293634822],[26.32442970722601,58.16885293634822]]]}},{"type":"Feature","properties":{"jobs":44,"pop":25,"pointCount":5,"homeWorkCommuteMedian":6015,"workHomeCommuteMedian":14106},"geometry":{"type":"Polygon","coordinates":[[[26.32442970722601,58.186839343622715],[26.32442970722601,58.19583254725996],[26.333422910863256,58.19583254725996],[26.333422910863256,58.186839343622715],[26.32442970722601,58.186839343622715]]]}},{"type":"Feature","properties":{"jobs":0,"pop":14,"pointCount":1,"homeWorkCommuteMedian":30325,"workHomeCommuteMedian":-1},"geometry":{"type":"Polygon","coordinates":[[[26.32442970722601,58.21381895453445],[26.32442970722601,58.2228121581717],[26.333422910863256,58.2228121581717],[26.333422910863256,58.21381895453445],[26.32442970722601,58.21381895453445]]]}},{"type":"Feature","properties":{"jobs":0,"pop":7,"pointCount":1,"homeWorkCommuteMedian":10692,"workHomeCommuteMedian":-1},"geometry":{"type":"Polygon","coordinates":[[[26.32442970722601,58.231805361808945],[26.32442970722601,58.24079856544619],[26.333422910863256,58.24079856544619],[26.333422910863256,58.231805361808945],[26.32442970722601,58.231805361808945]]]}},{"type":"Feature","properties":{"jobs":0,"pop":6,"pointCount":1,"homeWorkCommuteMedian":5915,"workHomeCommuteMedian":-1},"geometry":{"type":"Polygon","coordinates":[[[26.32442970722601,58.24979176908344],[26.32442970722601,58.25878497272068],[26.333422910863256,58.25878497272068],[26.333422910863256,58.24979176908344],[26.32442970722601,58.24979176908344]]]}},{"type":"Feature","properties":{"jobs":39,"pop":0,"pointCount":2,"homeWorkCommuteMedian":-1,"workHomeCommuteMedian":19423},"geometry":{"type":"Polygon","coordinates":[[[26.32442970722601,58.26777817635793],[26.32442970722601,58.276771379995175],[26.333422910863256,58.276771379995175],[26.333422910863256,58.26777817635793],[26.32442970722601,58.26777817635793]]]}},{"type":"Feature","properties":{"jobs":0,"pop":5,"pointCount":1,"homeWorkCommuteMedian":19663,"workHomeCommuteMedian":-1},"geometry":{"type":"Polygon","coordinates":[[[26.32442970722601,58.3397238054559],[26.32442970722601,58.34871700909314],[26.333422910863256,58.34871700909314],[26.333422910863256,58.3397238054559],[26.32442970722601,58.3397238054559]]]}},{"type":"Feature","properties":{"jobs":4,"pop":0,"pointCount":1,"homeWorkCommuteMedian":-1,"workHomeCommuteMedian":29568},"geometry":{"type":"Polygon","coordinates":[[[26.32442970722601,58.366703416367635],[26.32442970722601,58.37569662000488],[26.333422910863256,58.37569662000488],[26.333422910863256,58.366703416367635],[26.32442970722601,58.366703416367635]]]}},{"type":"Feature","properties":{"jobs":0,"pop":5,"pointCount":1,"homeWorkCommuteMedian":36964,"workHomeCommuteMedian":-1},"geometry":{"type":"Polygon","coordinates":[[[26.32442970722601,58.37569662000488],[26.32442970722601,58.38468982364213],[26.333422910863256,58.38468982364213],[26.333422910863256,58.37569662000488],[26.32442970722601,58.37569662000488]]]}},{"type":"Feature","properties":{"jobs":0,"pop":13,"pointCount":1,"homeWorkCommuteMedian":15580,"workHomeCommuteMedian":-1},"geometry":{"type":"Polygon","coordinates":[[[26.333422910863256,57.917043234505336],[26.333422910863256,57.92603643814258],[26.3424161145005,57.92603643814258],[26.3424161145005,57.917043234505336],[26.333422910863256,57.917043234505336]]]}},{"type":"Feature","properties":{"jobs":5,"pop":0,"pointCount":1,"homeWorkCommuteMedian":-1,"workHomeCommuteMedian":62993},"geometry":{"type":"Polygon","coordinates":[[[26.333422910863256,57.944022845417074],[26.333422910863256,57.95301604905432],[26.3424161145005,57.95301604905432],[26.3424161145005,57.944022845417074],[26.333422910863256,57.944022845417074]]]}},{"type":"Feature","properties":{"jobs":0,"pop":12,"pointCount":1,"homeWorkCommuteMedian":8403,"workHomeCommuteMedian":-1},"geometry":{"type":"Polygon","coordinates":[[[26.333422910863256,58.006975270877795],[26.333422910863256,58.01596847451504],[26.3424161145005,58.01596847451504],[26.3424161145005,58.006975270877795],[26.333422910863256,58.006975270877795]]]}},{"type":"Feature","properties":{"jobs":7,"pop":0,"pointCount":1,"homeWorkCommuteMedian":-1,"workHomeCommuteMedian":8908},"geometry":{"type":"Polygon","coordinates":[[[26.333422910863256,58.01596847451504],[26.333422910863256,58.02496167815229],[26.3424161145005,58.02496167815229],[26.3424161145005,58.01596847451504],[26.333422910863256,58.01596847451504]]]}},{"type":"Feature","properties":{"jobs":0,"pop":14,"pointCount":1,"homeWorkCommuteMedian":22383,"workHomeCommuteMedian":-1},"geometry":{"type":"Polygon","coordinates":[[[26.333422910863256,58.1059005108875],[26.333422910863256,58.11489371452475],[26.3424161145005,58.11489371452475],[26.3424161145005,58.1059005108875],[26.333422910863256,58.1059005108875]]]}},{"type":"Feature","properties":{"jobs":54,"pop":20,"pointCount":4,"homeWorkCommuteMedian":29088,"workHomeCommuteMedian":17699},"geometry":{"type":"Polygon","coordinates":[[[26.333422910863256,58.11489371452475],[26.333422910863256,58.12388691816199],[26.3424161145005,58.12388691816199],[26.3424161145005,58.11489371452475],[26.333422910863256,58.11489371452475]]]}},{"type":"Feature","properties":{"jobs":0,"pop":6,"pointCount":1,"homeWorkCommuteMedian":16959,"workHomeCommuteMedian":-1},"geometry":{"type":"Polygon","coordinates":[[[26.333422910863256,58.12388691816199],[26.333422910863256,58.13288012179924],[26.3424161145005,58.13288012179924],[26.3424161145005,58.12388691816199],[26.333422910863256,58.12388691816199]]]}},{"type":"Feature","properties":{"jobs":0,"pop":19,"pointCount":2,"homeWorkCommuteMedian":32066,"workHomeCommuteMedian":-1},"geometry":{"type":"Polygon","coordinates":[[[26.333422910863256,58.186839343622715],[26.333422910863256,58.19583254725996],[26.3424161145005,58.19583254725996],[26.3424161145005,58.186839343622715],[26.333422910863256,58.186839343622715]]]}},{"type":"Feature","properties":{"jobs":0,"pop":8,"pointCount":1,"homeWorkCommuteMedian":21073,"workHomeCommuteMedian":-1},"geometry":{"type":"Polygon","coordinates":[[[26.333422910863256,58.20482575089721],[26.333422910863256,58.21381895453445],[26.3424161145005,58.21381895453445],[26.3424161145005,58.20482575089721],[26.333422910863256,58.20482575089721]]]}},{"type":"Feature","properties":{"jobs":7,"pop":17,"pointCount":3,"homeWorkCommuteMedian":7814,"workHomeCommuteMedian":16295},"geometry":{"type":"Polygon","coordinates":[[[26.333422910863256,58.25878497272068],[26.333422910863256,58.26777817635793],[26.3424161145005,58.26777817635793],[26.3424161145005,58.25878497272068],[26.333422910863256,58.25878497272068]]]}},{"type":"Feature","properties":{"jobs":0,"pop":7,"pointCount":1,"homeWorkCommuteMedian":15662,"workHomeCommuteMedian":-1},"geometry":{"type":"Polygon","coordinates":[[[26.333422910863256,58.26777817635793],[26.333422910863256,58.276771379995175],[26.3424161145005,58.276771379995175],[26.3424161145005,58.26777817635793],[26.333422910863256,58.26777817635793]]]}},{"type":"Feature","properties":{"jobs":7,"pop":11,"pointCount":1,"homeWorkCommuteMedian":29250,"workHomeCommuteMedian":30539},"geometry":{"type":"Polygon","coordinates":[[[26.333422910863256,58.28576458363242],[26.333422910863256,58.29475778726967],[26.3424161145005,58.29475778726967],[26.3424161145005,58.28576458363242],[26.333422910863256,58.28576458363242]]]}},{"type":"Feature","properties":{"jobs":0,"pop":10,"pointCount":1,"homeWorkCommuteMedian":24148,"workHomeCommuteMedian":-1},"geometry":{"type":"Polygon","coordinates":[[[26.333422910863256,58.321737398181405],[26.333422910863256,58.33073060181865],[26.3424161145005,58.33073060181865],[26.3424161145005,58.321737398181405],[26.333422910863256,58.321737398181405]]]}},{"type":"Feature","properties":{"jobs":0,"pop":19,"pointCount":2,"homeWorkCommuteMedian":29275,"workHomeCommuteMedian":-1},"geometry":{"type":"Polygon","coordinates":[[[26.333422910863256,58.501601470926325],[26.333422910863256,58.51059467456357],[26.3424161145005,58.51059467456357],[26.3424161145005,58.501601470926325],[26.333422910863256,58.501601470926325]]]}},{"type":"Feature","properties":{"jobs":0,"pop":7,"pointCount":1,"homeWorkCommuteMedian":4473,"workHomeCommuteMedian":-1},"geometry":{"type":"Polygon","coordinates":[[[26.333422910863256,58.51059467456357],[26.333422910863256,58.51958787820082],[26.3424161145005,58.51958787820082],[26.3424161145005,58.51059467456357],[26.333422910863256,58.51059467456357]]]}},{"type":"Feature","properties":{"jobs":6,"pop":8,"pointCount":1,"homeWorkCommuteMedian":5963,"workHomeCommuteMedian":82182},"geometry":{"type":"Polygon","coordinates":[[[26.3424161145005,57.90805003086809],[26.3424161145005,57.917043234505336],[26.351409318137748,57.917043234505336],[26.351409318137748,57.90805003086809],[26.3424161145005,57.90805003086809]]]}},{"type":"Feature","properties":{"jobs":11,"pop":0,"pointCount":1,"homeWorkCommuteMedian":-1,"workHomeCommuteMedian":15135},"geometry":{"type":"Polygon","coordinates":[[[26.3424161145005,57.9889888636033],[26.3424161145005,57.99798206724055],[26.351409318137748,57.99798206724055],[26.351409318137748,57.9889888636033],[26.3424161145005,57.9889888636033]]]}},{"type":"Feature","properties":{"jobs":5,"pop":0,"pointCount":1,"homeWorkCommuteMedian":-1,"workHomeCommuteMedian":9481},"geometry":{"type":"Polygon","coordinates":[[[26.3424161145005,58.02496167815229],[26.3424161145005,58.03395488178953],[26.351409318137748,58.03395488178953],[26.351409318137748,58.02496167815229],[26.3424161145005,58.02496167815229]]]}},{"type":"Feature","properties":{"jobs":0,"pop":9,"pointCount":1,"homeWorkCommuteMedian":14226,"workHomeCommuteMedian":-1},"geometry":{"type":"Polygon","coordinates":[[[26.3424161145005,58.17784613998547],[26.3424161145005,58.186839343622715],[26.351409318137748,58.186839343622715],[26.351409318137748,58.17784613998547],[26.3424161145005,58.17784613998547]]]}},{"type":"Feature","properties":{"jobs":0,"pop":9,"pointCount":1,"homeWorkCommuteMedian":9116,"workHomeCommuteMedian":-1},"geometry":{"type":"Polygon","coordinates":[[[26.3424161145005,58.186839343622715],[26.3424161145005,58.19583254725996],[26.351409318137748,58.19583254725996],[26.351409318137748,58.186839343622715],[26.3424161145005,58.186839343622715]]]}},{"type":"Feature","properties":{"jobs":0,"pop":7,"pointCount":1,"homeWorkCommuteMedian":9227,"workHomeCommuteMedian":-1},"geometry":{"type":"Polygon","coordinates":[[[26.3424161145005,58.24079856544619],[26.3424161145005,58.24979176908344],[26.351409318137748,58.24979176908344],[26.351409318137748,58.24079856544619],[26.3424161145005,58.24079856544619]]]}},{"type":"Feature","properties":{"jobs":0,"pop":7,"pointCount":1,"homeWorkCommuteMedian":5735,"workHomeCommuteMedian":-1},"geometry":{"type":"Polygon","coordinates":[[[26.3424161145005,58.24979176908344],[26.3424161145005,58.25878497272068],[26.351409318137748,58.25878497272068],[26.351409318137748,58.24979176908344],[26.3424161145005,58.24979176908344]]]}},{"type":"Feature","properties":{"jobs":0,"pop":11,"pointCount":1,"homeWorkCommuteMedian":26299,"workHomeCommuteMedian":-1},"geometry":{"type":"Polygon","coordinates":[[[26.3424161145005,58.276771379995175],[26.3424161145005,58.28576458363242],[26.351409318137748,58.28576458363242],[26.351409318137748,58.276771379995175],[26.3424161145005,58.276771379995175]]]}},{"type":"Feature","properties":{"jobs":11,"pop":0,"pointCount":1,"homeWorkCommuteMedian":-1,"workHomeCommuteMedian":34290},"geometry":{"type":"Polygon","coordinates":[[[26.3424161145005,58.29475778726967],[26.3424161145005,58.30375099090691],[26.351409318137748,58.30375099090691],[26.351409318137748,58.29475778726967],[26.3424161145005,58.29475778726967]]]}},{"type":"Feature","properties":{"jobs":0,"pop":12,"pointCount":1,"homeWorkCommuteMedian":26361,"workHomeCommuteMedian":-1},"geometry":{"type":"Polygon","coordinates":[[[26.3424161145005,58.31274419454416],[26.3424161145005,58.321737398181405],[26.351409318137748,58.321737398181405],[26.351409318137748,58.31274419454416],[26.3424161145005,58.31274419454416]]]}},{"type":"Feature","properties":{"jobs":0,"pop":18,"pointCount":2,"homeWorkCommuteMedian":36935,"workHomeCommuteMedian":-1},"geometry":{"type":"Polygon","coordinates":[[[26.3424161145005,58.33073060181865],[26.3424161145005,58.3397238054559],[26.351409318137748,58.3397238054559],[26.351409318137748,58.33073060181865],[26.3424161145005,58.33073060181865]]]}},{"type":"Feature","properties":{"jobs":0,"pop":18,"pointCount":2,"homeWorkCommuteMedian":37969,"workHomeCommuteMedian":-1},"geometry":{"type":"Polygon","coordinates":[[[26.3424161145005,58.3397238054559],[26.3424161145005,58.34871700909314],[26.351409318137748,58.34871700909314],[26.351409318137748,58.3397238054559],[26.3424161145005,58.3397238054559]]]}},{"type":"Feature","properties":{"jobs":0,"pop":6,"pointCount":1,"homeWorkCommuteMedian":29219,"workHomeCommuteMedian":-1},"geometry":{"type":"Polygon","coordinates":[[[26.3424161145005,58.37569662000488],[26.3424161145005,58.38468982364213],[26.351409318137748,58.38468982364213],[26.351409318137748,58.37569662000488],[26.3424161145005,58.37569662000488]]]}},{"type":"Feature","properties":{"jobs":7,"pop":19,"pointCount":2,"homeWorkCommuteMedian":25416,"workHomeCommuteMedian":24363},"geometry":{"type":"Polygon","coordinates":[[[26.3424161145005,58.501601470926325],[26.3424161145005,58.51059467456357],[26.351409318137748,58.51059467456357],[26.351409318137748,58.501601470926325],[26.3424161145005,58.501601470926325]]]}},{"type":"Feature","properties":{"jobs":0,"pop":9,"pointCount":1,"homeWorkCommuteMedian":15275,"workHomeCommuteMedian":-1},"geometry":{"type":"Polygon","coordinates":[[[26.351409318137748,57.90805003086809],[26.351409318137748,57.917043234505336],[26.360402521774994,57.917043234505336],[26.360402521774994,57.90805003086809],[26.351409318137748,57.90805003086809]]]}},{"type":"Feature","properties":{"jobs":0,"pop":12,"pointCount":1,"homeWorkCommuteMedian":21293,"workHomeCommuteMedian":-1},"geometry":{"type":"Polygon","coordinates":[[[26.351409318137748,58.02496167815229],[26.351409318137748,58.03395488178953],[26.360402521774994,58.03395488178953],[26.360402521774994,58.02496167815229],[26.351409318137748,58.02496167815229]]]}},{"type":"Feature","properties":{"jobs":0,"pop":14,"pointCount":1,"homeWorkCommuteMedian":49440,"workHomeCommuteMedian":-1},"geometry":{"type":"Polygon","coordinates":[[[26.351409318137748,58.1059005108875],[26.351409318137748,58.11489371452475],[26.360402521774994,58.11489371452475],[26.360402521774994,58.1059005108875],[26.351409318137748,58.1059005108875]]]}},{"type":"Feature","properties":{"jobs":0,"pop":7,"pointCount":1,"homeWorkCommuteMedian":9819,"workHomeCommuteMedian":-1},"geometry":{"type":"Polygon","coordinates":[[[26.351409318137748,58.17784613998547],[26.351409318137748,58.186839343622715],[26.360402521774994,58.186839343622715],[26.360402521774994,58.17784613998547],[26.351409318137748,58.17784613998547]]]}},{"type":"Feature","properties":{"jobs":5,"pop":0,"pointCount":1,"homeWorkCommuteMedian":-1,"workHomeCommuteMedian":63699},"geometry":{"type":"Polygon","coordinates":[[[26.351409318137748,58.2228121581717],[26.351409318137748,58.231805361808945],[26.360402521774994,58.231805361808945],[26.360402521774994,58.2228121581717],[26.351409318137748,58.2228121581717]]]}},{"type":"Feature","properties":{"jobs":0,"pop":6,"pointCount":1,"homeWorkCommuteMedian":8473,"workHomeCommuteMedian":-1},"geometry":{"type":"Polygon","coordinates":[[[26.351409318137748,58.28576458363242],[26.351409318137748,58.29475778726967],[26.360402521774994,58.29475778726967],[26.360402521774994,58.28576458363242],[26.351409318137748,58.28576458363242]]]}},{"type":"Feature","properties":{"jobs":0,"pop":20,"pointCount":3,"homeWorkCommuteMedian":5992,"workHomeCommuteMedian":-1},"geometry":{"type":"Polygon","coordinates":[[[26.351409318137748,58.33073060181865],[26.351409318137748,58.3397238054559],[26.360402521774994,58.3397238054559],[26.360402521774994,58.33073060181865],[26.351409318137748,58.33073060181865]]]}},{"type":"Feature","properties":{"jobs":18,"pop":0,"pointCount":1,"homeWorkCommuteMedian":-1,"workHomeCommuteMedian":7853},"geometry":{"type":"Polygon","coordinates":[[[26.351409318137748,58.3397238054559],[26.351409318137748,58.34871700909314],[26.360402521774994,58.34871700909314],[26.360402521774994,58.3397238054559],[26.351409318137748,58.3397238054559]]]}},{"type":"Feature","properties":{"jobs":0,"pop":8,"pointCount":1,"homeWorkCommuteMedian":35698,"workHomeCommuteMedian":-1},"geometry":{"type":"Polygon","coordinates":[[[26.351409318137748,58.366703416367635],[26.351409318137748,58.37569662000488],[26.360402521774994,58.37569662000488],[26.360402521774994,58.366703416367635],[26.351409318137748,58.366703416367635]]]}},{"type":"Feature","properties":{"jobs":3,"pop":5,"pointCount":1,"homeWorkCommuteMedian":3392,"workHomeCommuteMedian":67495},"geometry":{"type":"Polygon","coordinates":[[[26.351409318137748,58.37569662000488],[26.351409318137748,58.38468982364213],[26.360402521774994,58.38468982364213],[26.360402521774994,58.37569662000488],[26.351409318137748,58.37569662000488]]]}},{"type":"Feature","properties":{"jobs":0,"pop":7,"pointCount":1,"homeWorkCommuteMedian":22178,"workHomeCommuteMedian":-1},"geometry":{"type":"Polygon","coordinates":[[[26.351409318137748,58.456635452740095],[26.351409318137748,58.46562865637734],[26.360402521774994,58.46562865637734],[26.360402521774994,58.456635452740095],[26.351409318137748,58.456635452740095]]]}},{"type":"Feature","properties":{"jobs":84,"pop":0,"pointCount":3,"homeWorkCommuteMedian":-1,"workHomeCommuteMedian":28921},"geometry":{"type":"Polygon","coordinates":[[[26.351409318137748,58.46562865637734],[26.351409318137748,58.47462186001459],[26.360402521774994,58.47462186001459],[26.360402521774994,58.46562865637734],[26.351409318137748,58.46562865637734]]]}},{"type":"Feature","properties":{"jobs":0,"pop":7,"pointCount":1,"homeWorkCommuteMedian":49922,"workHomeCommuteMedian":-1},"geometry":{"type":"Polygon","coordinates":[[[26.351409318137748,58.47462186001459],[26.351409318137748,58.48361506365183],[26.360402521774994,58.48361506365183],[26.360402521774994,58.47462186001459],[26.351409318137748,58.47462186001459]]]}},{"type":"Feature","properties":{"jobs":37,"pop":0,"pointCount":3,"homeWorkCommuteMedian":-1,"workHomeCommuteMedian":34549},"geometry":{"type":"Polygon","coordinates":[[[26.360402521774994,57.90805003086809],[26.360402521774994,57.917043234505336],[26.36939572541224,57.917043234505336],[26.36939572541224,57.90805003086809],[26.360402521774994,57.90805003086809]]]}},{"type":"Feature","properties":{"jobs":0,"pop":10,"pointCount":1,"homeWorkCommuteMedian":6919,"workHomeCommuteMedian":-1},"geometry":{"type":"Polygon","coordinates":[[[26.360402521774994,57.944022845417074],[26.360402521774994,57.95301604905432],[26.36939572541224,57.95301604905432],[26.36939572541224,57.944022845417074],[26.360402521774994,57.944022845417074]]]}},{"type":"Feature","properties":{"jobs":0,"pop":8,"pointCount":1,"homeWorkCommuteMedian":8063,"workHomeCommuteMedian":-1},"geometry":{"type":"Polygon","coordinates":[[[26.360402521774994,57.95301604905432],[26.360402521774994,57.962009252691566],[26.36939572541224,57.962009252691566],[26.36939572541224,57.95301604905432],[26.360402521774994,57.95301604905432]]]}},{"type":"Feature","properties":{"jobs":5,"pop":0,"pointCount":1,"homeWorkCommuteMedian":-1,"workHomeCommuteMedian":50027},"geometry":{"type":"Polygon","coordinates":[[[26.360402521774994,58.03395488178953],[26.360402521774994,58.04294808542678],[26.36939572541224,58.04294808542678],[26.36939572541224,58.03395488178953],[26.360402521774994,58.03395488178953]]]}},{"type":"Feature","properties":{"jobs":6,"pop":5,"pointCount":2,"homeWorkCommuteMedian":13682,"workHomeCommuteMedian":27164},"geometry":{"type":"Polygon","coordinates":[[[26.360402521774994,58.12388691816199],[26.360402521774994,58.13288012179924],[26.36939572541224,58.13288012179924],[26.36939572541224,58.12388691816199],[26.360402521774994,58.12388691816199]]]}},{"type":"Feature","properties":{"jobs":8,"pop":14,"pointCount":1,"homeWorkCommuteMedian":33710,"workHomeCommuteMedian":15662},"geometry":{"type":"Polygon","coordinates":[[[26.360402521774994,58.186839343622715],[26.360402521774994,58.19583254725996],[26.36939572541224,58.19583254725996],[26.36939572541224,58.186839343622715],[26.360402521774994,58.186839343622715]]]}},{"type":"Feature","properties":{"jobs":38,"pop":0,"pointCount":1,"homeWorkCommuteMedian":-1,"workHomeCommuteMedian":5915},"geometry":{"type":"Polygon","coordinates":[[[26.360402521774994,58.21381895453445],[26.360402521774994,58.2228121581717],[26.36939572541224,58.2228121581717],[26.36939572541224,58.21381895453445],[26.360402521774994,58.21381895453445]]]}},{"type":"Feature","properties":{"jobs":0,"pop":7,"pointCount":1,"homeWorkCommuteMedian":5771,"workHomeCommuteMedian":-1},"geometry":{"type":"Polygon","coordinates":[[[26.360402521774994,58.24079856544619],[26.360402521774994,58.24979176908344],[26.36939572541224,58.24979176908344],[26.36939572541224,58.24079856544619],[26.360402521774994,58.24079856544619]]]}},{"type":"Feature","properties":{"jobs":22,"pop":10,"pointCount":1,"homeWorkCommuteMedian":21093,"workHomeCommuteMedian":28209},"geometry":{"type":"Polygon","coordinates":[[[26.360402521774994,58.25878497272068],[26.360402521774994,58.26777817635793],[26.36939572541224,58.26777817635793],[26.36939572541224,58.25878497272068],[26.360402521774994,58.25878497272068]]]}},{"type":"Feature","properties":{"jobs":7,"pop":0,"pointCount":1,"homeWorkCommuteMedian":-1,"workHomeCommuteMedian":10657},"geometry":{"type":"Polygon","coordinates":[[[26.360402521774994,58.28576458363242],[26.360402521774994,58.29475778726967],[26.36939572541224,58.29475778726967],[26.36939572541224,58.28576458363242],[26.360402521774994,58.28576458363242]]]}},{"type":"Feature","properties":{"jobs":0,"pop":7,"pointCount":1,"homeWorkCommuteMedian":9231,"workHomeCommuteMedian":-1},"geometry":{"type":"Polygon","coordinates":[[[26.360402521774994,58.31274419454416],[26.360402521774994,58.321737398181405],[26.36939572541224,58.321737398181405],[26.36939572541224,58.31274419454416],[26.360402521774994,58.31274419454416]]]}},{"type":"Feature","properties":{"jobs":0,"pop":6,"pointCount":1,"homeWorkCommuteMedian":23290,"workHomeCommuteMedian":-1},"geometry":{"type":"Polygon","coordinates":[[[26.360402521774994,58.3397238054559],[26.360402521774994,58.34871700909314],[26.36939572541224,58.34871700909314],[26.36939572541224,58.3397238054559],[26.360402521774994,58.3397238054559]]]}},{"type":"Feature","properties":{"jobs":0,"pop":10,"pointCount":1,"homeWorkCommuteMedian":4642,"workHomeCommuteMedian":-1},"geometry":{"type":"Polygon","coordinates":[[[26.360402521774994,58.34871700909314],[26.360402521774994,58.35771021273039],[26.36939572541224,58.35771021273039],[26.36939572541224,58.34871700909314],[26.360402521774994,58.34871700909314]]]}},{"type":"Feature","properties":{"jobs":0,"pop":6,"pointCount":1,"homeWorkCommuteMedian":3720,"workHomeCommuteMedian":-1},"geometry":{"type":"Polygon","coordinates":[[[26.360402521774994,58.46562865637734],[26.360402521774994,58.47462186001459],[26.36939572541224,58.47462186001459],[26.36939572541224,58.46562865637734],[26.360402521774994,58.46562865637734]]]}},{"type":"Feature","properties":{"jobs":12,"pop":10,"pointCount":2,"homeWorkCommuteMedian":30406,"workHomeCommuteMedian":27738},"geometry":{"type":"Polygon","coordinates":[[[26.360402521774994,58.47462186001459],[26.360402521774994,58.48361506365183],[26.36939572541224,58.48361506365183],[26.36939572541224,58.47462186001459],[26.360402521774994,58.47462186001459]]]}},{"type":"Feature","properties":{"jobs":0,"pop":9,"pointCount":1,"homeWorkCommuteMedian":31850,"workHomeCommuteMedian":-1},"geometry":{"type":"Polygon","coordinates":[[[26.360402521774994,58.48361506365183],[26.360402521774994,58.49260826728908],[26.36939572541224,58.49260826728908],[26.36939572541224,58.48361506365183],[26.360402521774994,58.48361506365183]]]}},{"type":"Feature","properties":{"jobs":28,"pop":10,"pointCount":2,"homeWorkCommuteMedian":63270,"workHomeCommuteMedian":67799},"geometry":{"type":"Polygon","coordinates":[[[26.36939572541224,57.917043234505336],[26.36939572541224,57.92603643814258],[26.378388929049486,57.92603643814258],[26.378388929049486,57.917043234505336],[26.36939572541224,57.917043234505336]]]}},{"type":"Feature","properties":{"jobs":0,"pop":5,"pointCount":1,"homeWorkCommuteMedian":9552,"workHomeCommuteMedian":-1},"geometry":{"type":"Polygon","coordinates":[[[26.36939572541224,57.93502964177983],[26.36939572541224,57.944022845417074],[26.378388929049486,57.944022845417074],[26.378388929049486,57.93502964177983],[26.36939572541224,57.93502964177983]]]}},{"type":"Feature","properties":{"jobs":17,"pop":0,"pointCount":1,"homeWorkCommuteMedian":-1,"workHomeCommuteMedian":78179},"geometry":{"type":"Polygon","coordinates":[[[26.36939572541224,57.944022845417074],[26.36939572541224,57.95301604905432],[26.378388929049486,57.95301604905432],[26.378388929049486,57.944022845417074],[26.36939572541224,57.944022845417074]]]}},{"type":"Feature","properties":{"jobs":0,"pop":5,"pointCount":1,"homeWorkCommuteMedian":10855,"workHomeCommuteMedian":-1},"geometry":{"type":"Polygon","coordinates":[[[26.36939572541224,58.03395488178953],[26.36939572541224,58.04294808542678],[26.378388929049486,58.04294808542678],[26.378388929049486,58.03395488178953],[26.36939572541224,58.03395488178953]]]}},{"type":"Feature","properties":{"jobs":0,"pop":8,"pointCount":1,"homeWorkCommuteMedian":11150,"workHomeCommuteMedian":-1},"geometry":{"type":"Polygon","coordinates":[[[26.36939572541224,58.12388691816199],[26.36939572541224,58.13288012179924],[26.378388929049486,58.13288012179924],[26.378388929049486,58.12388691816199],[26.36939572541224,58.12388691816199]]]}},{"type":"Feature","properties":{"jobs":0,"pop":9,"pointCount":1,"homeWorkCommuteMedian":11388,"workHomeCommuteMedian":-1},"geometry":{"type":"Polygon","coordinates":[[[26.36939572541224,58.13288012179924],[26.36939572541224,58.141873325436485],[26.378388929049486,58.141873325436485],[26.378388929049486,58.13288012179924],[26.36939572541224,58.13288012179924]]]}},{"type":"Feature","properties":{"jobs":0,"pop":6,"pointCount":1,"homeWorkCommuteMedian":9885,"workHomeCommuteMedian":-1},"geometry":{"type":"Polygon","coordinates":[[[26.36939572541224,58.16885293634822],[26.36939572541224,58.17784613998547],[26.378388929049486,58.17784613998547],[26.378388929049486,58.16885293634822],[26.36939572541224,58.16885293634822]]]}},{"type":"Feature","properties":{"jobs":14,"pop":0,"pointCount":1,"homeWorkCommuteMedian":-1,"workHomeCommuteMedian":7814},"geometry":{"type":"Polygon","coordinates":[[[26.36939572541224,58.20482575089721],[26.36939572541224,58.21381895453445],[26.378388929049486,58.21381895453445],[26.378388929049486,58.20482575089721],[26.36939572541224,58.20482575089721]]]}},{"type":"Feature","properties":{"jobs":14,"pop":24,"pointCount":2,"homeWorkCommuteMedian":17698,"workHomeCommuteMedian":26012},"geometry":{"type":"Polygon","coordinates":[[[26.36939572541224,58.21381895453445],[26.36939572541224,58.2228121581717],[26.378388929049486,58.2228121581717],[26.378388929049486,58.21381895453445],[26.36939572541224,58.21381895453445]]]}},{"type":"Feature","properties":{"jobs":6,"pop":0,"pointCount":1,"homeWorkCommuteMedian":-1,"workHomeCommuteMedian":6218},"geometry":{"type":"Polygon","coordinates":[[[26.36939572541224,58.2228121581717],[26.36939572541224,58.231805361808945],[26.378388929049486,58.231805361808945],[26.378388929049486,58.2228121581717],[26.36939572541224,58.2228121581717]]]}},{"type":"Feature","properties":{"jobs":13,"pop":0,"pointCount":1,"homeWorkCommuteMedian":-1,"workHomeCommuteMedian":5935},"geometry":{"type":"Polygon","coordinates":[[[26.36939572541224,58.24079856544619],[26.36939572541224,58.24979176908344],[26.378388929049486,58.24979176908344],[26.378388929049486,58.24079856544619],[26.36939572541224,58.24079856544619]]]}},{"type":"Feature","properties":{"jobs":5,"pop":8,"pointCount":1,"homeWorkCommuteMedian":4383,"workHomeCommuteMedian":25217},"geometry":{"type":"Polygon","coordinates":[[[26.36939572541224,58.24979176908344],[26.36939572541224,58.25878497272068],[26.378388929049486,58.25878497272068],[26.378388929049486,58.24979176908344],[26.36939572541224,58.24979176908344]]]}},{"type":"Feature","properties":{"jobs":0,"pop":8,"pointCount":1,"homeWorkCommuteMedian":3801,"workHomeCommuteMedian":-1},"geometry":{"type":"Polygon","coordinates":[[[26.36939572541224,58.25878497272068],[26.36939572541224,58.26777817635793],[26.378388929049486,58.26777817635793],[26.378388929049486,58.25878497272068],[26.36939572541224,58.25878497272068]]]}},{"type":"Feature","properties":{"jobs":0,"pop":13,"pointCount":1,"homeWorkCommuteMedian":35371,"workHomeCommuteMedian":-1},"geometry":{"type":"Polygon","coordinates":[[[26.36939572541224,58.33073060181865],[26.36939572541224,58.3397238054559],[26.378388929049486,58.3397238054559],[26.378388929049486,58.33073060181865],[26.36939572541224,58.33073060181865]]]}},{"type":"Feature","properties":{"jobs":7,"pop":67,"pointCount":4,"homeWorkCommuteMedian":20728,"workHomeCommuteMedian":209},"geometry":{"type":"Polygon","coordinates":[[[26.36939572541224,58.35771021273039],[26.36939572541224,58.366703416367635],[26.378388929049486,58.366703416367635],[26.378388929049486,58.35771021273039],[26.36939572541224,58.35771021273039]]]}},{"type":"Feature","properties":{"jobs":0,"pop":10,"pointCount":1,"homeWorkCommuteMedian":53433,"workHomeCommuteMedian":-1},"geometry":{"type":"Polygon","coordinates":[[[26.36939572541224,58.48361506365183],[26.36939572541224,58.49260826728908],[26.378388929049486,58.49260826728908],[26.378388929049486,58.48361506365183],[26.36939572541224,58.48361506365183]]]}},{"type":"Feature","properties":{"jobs":0,"pop":5,"pointCount":1,"homeWorkCommuteMedian":5809,"workHomeCommuteMedian":-1},"geometry":{"type":"Polygon","coordinates":[[[26.378388929049486,57.944022845417074],[26.378388929049486,57.95301604905432],[26.38738213268673,57.95301604905432],[26.38738213268673,57.944022845417074],[26.378388929049486,57.944022845417074]]]}},{"type":"Feature","properties":{"jobs":0,"pop":13,"pointCount":1,"homeWorkCommuteMedian":52913,"workHomeCommuteMedian":-1},"geometry":{"type":"Polygon","coordinates":[[[26.378388929049486,57.95301604905432],[26.378388929049486,57.962009252691566],[26.38738213268673,57.962009252691566],[26.38738213268673,57.95301604905432],[26.378388929049486,57.95301604905432]]]}},{"type":"Feature","properties":{"jobs":0,"pop":11,"pointCount":1,"homeWorkCommuteMedian":23394,"workHomeCommuteMedian":-1},"geometry":{"type":"Polygon","coordinates":[[[26.378388929049486,58.01596847451504],[26.378388929049486,58.02496167815229],[26.38738213268673,58.02496167815229],[26.38738213268673,58.01596847451504],[26.378388929049486,58.01596847451504]]]}},{"type":"Feature","properties":{"jobs":3,"pop":0,"pointCount":1,"homeWorkCommuteMedian":-1,"workHomeCommuteMedian":43306},"geometry":{"type":"Polygon","coordinates":[[[26.378388929049486,58.06992769633852],[26.378388929049486,58.07892089997576],[26.38738213268673,58.07892089997576],[26.38738213268673,58.06992769633852],[26.378388929049486,58.06992769633852]]]}},{"type":"Feature","properties":{"jobs":0,"pop":3,"pointCount":1,"homeWorkCommuteMedian":14735,"workHomeCommuteMedian":-1},"geometry":{"type":"Polygon","coordinates":[[[26.378388929049486,58.08791410361301],[26.378388929049486,58.096907307250255],[26.38738213268673,58.096907307250255],[26.38738213268673,58.08791410361301],[26.378388929049486,58.08791410361301]]]}},{"type":"Feature","properties":{"jobs":200,"pop":9,"pointCount":10,"homeWorkCommuteMedian":22212,"workHomeCommuteMedian":16443},"geometry":{"type":"Polygon","coordinates":[[[26.378388929049486,58.13288012179924],[26.378388929049486,58.141873325436485],[26.38738213268673,58.141873325436485],[26.38738213268673,58.13288012179924],[26.378388929049486,58.13288012179924]]]}},{"type":"Feature","properties":{"jobs":4,"pop":21,"pointCount":3,"homeWorkCommuteMedian":33859,"workHomeCommuteMedian":17797},"geometry":{"type":"Polygon","coordinates":[[[26.378388929049486,58.15086652907373],[26.378388929049486,58.15985973271098],[26.38738213268673,58.15985973271098],[26.38738213268673,58.15086652907373],[26.378388929049486,58.15086652907373]]]}},{"type":"Feature","properties":{"jobs":35,"pop":26,"pointCount":4,"homeWorkCommuteMedian":31317,"workHomeCommuteMedian":18169},"geometry":{"type":"Polygon","coordinates":[[[26.378388929049486,58.21381895453445],[26.378388929049486,58.2228121581717],[26.38738213268673,58.2228121581717],[26.38738213268673,58.21381895453445],[26.378388929049486,58.21381895453445]]]}},{"type":"Feature","properties":{"jobs":35,"pop":29,"pointCount":4,"homeWorkCommuteMedian":28361,"workHomeCommuteMedian":29107},"geometry":{"type":"Polygon","coordinates":[[[26.378388929049486,58.2228121581717],[26.378388929049486,58.231805361808945],[26.38738213268673,58.231805361808945],[26.38738213268673,58.2228121581717],[26.378388929049486,58.2228121581717]]]}},{"type":"Feature","properties":{"jobs":0,"pop":6,"pointCount":1,"homeWorkCommuteMedian":3561,"workHomeCommuteMedian":-1},"geometry":{"type":"Polygon","coordinates":[[[26.378388929049486,58.231805361808945],[26.378388929049486,58.24079856544619],[26.38738213268673,58.24079856544619],[26.38738213268673,58.231805361808945],[26.378388929049486,58.231805361808945]]]}},{"type":"Feature","properties":{"jobs":0,"pop":12,"pointCount":1,"homeWorkCommuteMedian":20769,"workHomeCommuteMedian":-1},"geometry":{"type":"Polygon","coordinates":[[[26.378388929049486,58.29475778726967],[26.378388929049486,58.30375099090691],[26.38738213268673,58.30375099090691],[26.38738213268673,58.29475778726967],[26.378388929049486,58.29475778726967]]]}},{"type":"Feature","properties":{"jobs":0,"pop":10,"pointCount":1,"homeWorkCommuteMedian":36351,"workHomeCommuteMedian":-1},"geometry":{"type":"Polygon","coordinates":[[[26.378388929049486,58.33073060181865],[26.378388929049486,58.3397238054559],[26.38738213268673,58.3397238054559],[26.38738213268673,58.33073060181865],[26.378388929049486,58.33073060181865]]]}},{"type":"Feature","properties":{"jobs":36,"pop":64,"pointCount":5,"homeWorkCommuteMedian":31021,"workHomeCommuteMedian":36801},"geometry":{"type":"Polygon","coordinates":[[[26.378388929049486,58.35771021273039],[26.378388929049486,58.366703416367635],[26.38738213268673,58.366703416367635],[26.38738213268673,58.35771021273039],[26.378388929049486,58.35771021273039]]]}},{"type":"Feature","properties":{"jobs":46,"pop":0,"pointCount":1,"homeWorkCommuteMedian":-1,"workHomeCommuteMedian":15842},"geometry":{"type":"Polygon","coordinates":[[[26.378388929049486,58.366703416367635],[26.378388929049486,58.37569662000488],[26.38738213268673,58.37569662000488],[26.38738213268673,58.366703416367635],[26.378388929049486,58.366703416367635]]]}},{"type":"Feature","properties":{"jobs":41,"pop":0,"pointCount":1,"homeWorkCommuteMedian":-1,"workHomeCommuteMedian":31654},"geometry":{"type":"Polygon","coordinates":[[[26.378388929049486,58.47462186001459],[26.378388929049486,58.48361506365183],[26.38738213268673,58.48361506365183],[26.38738213268673,58.47462186001459],[26.378388929049486,58.47462186001459]]]}},{"type":"Feature","properties":{"jobs":92,"pop":146,"pointCount":11,"homeWorkCommuteMedian":25609,"workHomeCommuteMedian":20608},"geometry":{"type":"Polygon","coordinates":[[[26.378388929049486,58.48361506365183],[26.378388929049486,58.49260826728908],[26.38738213268673,58.49260826728908],[26.38738213268673,58.48361506365183],[26.378388929049486,58.48361506365183]]]}},{"type":"Feature","properties":{"jobs":0,"pop":7,"pointCount":1,"homeWorkCommuteMedian":33877,"workHomeCommuteMedian":-1},"geometry":{"type":"Polygon","coordinates":[[[26.378388929049486,58.49260826728908],[26.378388929049486,58.501601470926325],[26.38738213268673,58.501601470926325],[26.38738213268673,58.49260826728908],[26.378388929049486,58.49260826728908]]]}},{"type":"Feature","properties":{"jobs":121,"pop":0,"pointCount":5,"homeWorkCommuteMedian":-1,"workHomeCommuteMedian":14291},"geometry":{"type":"Polygon","coordinates":[[[26.38738213268673,57.99798206724055],[26.38738213268673,58.006975270877795],[26.396375336323977,58.006975270877795],[26.396375336323977,57.99798206724055],[26.38738213268673,57.99798206724055]]]}},{"type":"Feature","properties":{"jobs":0,"pop":10,"pointCount":1,"homeWorkCommuteMedian":20826,"workHomeCommuteMedian":-1},"geometry":{"type":"Polygon","coordinates":[[[26.38738213268673,58.006975270877795],[26.38738213268673,58.01596847451504],[26.396375336323977,58.01596847451504],[26.396375336323977,58.006975270877795],[26.38738213268673,58.006975270877795]]]}},{"type":"Feature","properties":{"jobs":0,"pop":5,"pointCount":1,"homeWorkCommuteMedian":8072,"workHomeCommuteMedian":-1},"geometry":{"type":"Polygon","coordinates":[[[26.38738213268673,58.04294808542678],[26.38738213268673,58.051941289064025],[26.396375336323977,58.051941289064025],[26.396375336323977,58.04294808542678],[26.38738213268673,58.04294808542678]]]}},{"type":"Feature","properties":{"jobs":3,"pop":0,"pointCount":1,"homeWorkCommuteMedian":-1,"workHomeCommuteMedian":45087},"geometry":{"type":"Polygon","coordinates":[[[26.38738213268673,58.096907307250255],[26.38738213268673,58.1059005108875],[26.396375336323977,58.1059005108875],[26.396375336323977,58.096907307250255],[26.38738213268673,58.096907307250255]]]}},{"type":"Feature","properties":{"jobs":0,"pop":32,"pointCount":2,"homeWorkCommuteMedian":13259,"workHomeCommuteMedian":-1},"geometry":{"type":"Polygon","coordinates":[[[26.38738213268673,58.13288012179924],[26.38738213268673,58.141873325436485],[26.396375336323977,58.141873325436485],[26.396375336323977,58.13288012179924],[26.38738213268673,58.13288012179924]]]}},{"type":"Feature","properties":{"jobs":0,"pop":12,"pointCount":1,"homeWorkCommuteMedian":37657,"workHomeCommuteMedian":-1},"geometry":{"type":"Polygon","coordinates":[[[26.38738213268673,58.141873325436485],[26.38738213268673,58.15086652907373],[26.396375336323977,58.15086652907373],[26.396375336323977,58.141873325436485],[26.38738213268673,58.141873325436485]]]}},{"type":"Feature","properties":{"jobs":0,"pop":8,"pointCount":1,"homeWorkCommuteMedian":8057,"workHomeCommuteMedian":-1},"geometry":{"type":"Polygon","coordinates":[[[26.38738213268673,58.16885293634822],[26.38738213268673,58.17784613998547],[26.396375336323977,58.17784613998547],[26.396375336323977,58.16885293634822],[26.38738213268673,58.16885293634822]]]}},{"type":"Feature","properties":{"jobs":70,"pop":0,"pointCount":2,"homeWorkCommuteMedian":-1,"workHomeCommuteMedian":15424},"geometry":{"type":"Polygon","coordinates":[[[26.38738213268673,58.19583254725996],[26.38738213268673,58.20482575089721],[26.396375336323977,58.20482575089721],[26.396375336323977,58.19583254725996],[26.38738213268673,58.19583254725996]]]}},{"type":"Feature","properties":{"jobs":52,"pop":45,"pointCount":5,"homeWorkCommuteMedian":23989,"workHomeCommuteMedian":7057},"geometry":{"type":"Polygon","coordinates":[[[26.38738213268673,58.20482575089721],[26.38738213268673,58.21381895453445],[26.396375336323977,58.21381895453445],[26.396375336323977,58.20482575089721],[26.38738213268673,58.20482575089721]]]}},{"type":"Feature","properties":{"jobs":0,"pop":211,"pointCount":7,"homeWorkCommuteMedian":26410,"workHomeCommuteMedian":-1},"geometry":{"type":"Polygon","coordinates":[[[26.38738213268673,58.21381895453445],[26.38738213268673,58.2228121581717],[26.396375336323977,58.2228121581717],[26.396375336323977,58.21381895453445],[26.38738213268673,58.21381895453445]]]}},{"type":"Feature","properties":{"jobs":0,"pop":126,"pointCount":6,"homeWorkCommuteMedian":12802,"workHomeCommuteMedian":-1},"geometry":{"type":"Polygon","coordinates":[[[26.38738213268673,58.2228121581717],[26.38738213268673,58.231805361808945],[26.396375336323977,58.231805361808945],[26.396375336323977,58.2228121581717],[26.38738213268673,58.2228121581717]]]}},{"type":"Feature","properties":{"jobs":0,"pop":9,"pointCount":1,"homeWorkCommuteMedian":3067,"workHomeCommuteMedian":-1},"geometry":{"type":"Polygon","coordinates":[[[26.38738213268673,58.24979176908344],[26.38738213268673,58.25878497272068],[26.396375336323977,58.25878497272068],[26.396375336323977,58.24979176908344],[26.38738213268673,58.24979176908344]]]}},{"type":"Feature","properties":{"jobs":0,"pop":9,"pointCount":1,"homeWorkCommuteMedian":14147,"workHomeCommuteMedian":-1},"geometry":{"type":"Polygon","coordinates":[[[26.38738213268673,58.29475778726967],[26.38738213268673,58.30375099090691],[26.396375336323977,58.30375099090691],[26.396375336323977,58.29475778726967],[26.38738213268673,58.29475778726967]]]}},{"type":"Feature","properties":{"jobs":12,"pop":0,"pointCount":1,"homeWorkCommuteMedian":-1,"workHomeCommuteMedian":27834},"geometry":{"type":"Polygon","coordinates":[[[26.38738213268673,58.30375099090691],[26.38738213268673,58.31274419454416],[26.396375336323977,58.31274419454416],[26.396375336323977,58.30375099090691],[26.38738213268673,58.30375099090691]]]}},{"type":"Feature","properties":{"jobs":4,"pop":0,"pointCount":1,"homeWorkCommuteMedian":-1,"workHomeCommuteMedian":3235},"geometry":{"type":"Polygon","coordinates":[[[26.38738213268673,58.31274419454416],[26.38738213268673,58.321737398181405],[26.396375336323977,58.321737398181405],[26.396375336323977,58.31274419454416],[26.38738213268673,58.31274419454416]]]}},{"type":"Feature","properties":{"jobs":9,"pop":0,"pointCount":1,"homeWorkCommuteMedian":-1,"workHomeCommuteMedian":4642},"geometry":{"type":"Polygon","coordinates":[[[26.38738213268673,58.33073060181865],[26.38738213268673,58.3397238054559],[26.396375336323977,58.3397238054559],[26.396375336323977,58.33073060181865],[26.38738213268673,58.33073060181865]]]}},{"type":"Feature","properties":{"jobs":21,"pop":0,"pointCount":1,"homeWorkCommuteMedian":-1,"workHomeCommuteMedian":30289},"geometry":{"type":"Polygon","coordinates":[[[26.38738213268673,58.35771021273039],[26.38738213268673,58.366703416367635],[26.396375336323977,58.366703416367635],[26.396375336323977,58.35771021273039],[26.38738213268673,58.35771021273039]]]}},{"type":"Feature","properties":{"jobs":1,"pop":0,"pointCount":1,"homeWorkCommuteMedian":-1,"workHomeCommuteMedian":64861},"geometry":{"type":"Polygon","coordinates":[[[26.38738213268673,58.366703416367635],[26.38738213268673,58.37569662000488],[26.396375336323977,58.37569662000488],[26.396375336323977,58.366703416367635],[26.38738213268673,58.366703416367635]]]}},{"type":"Feature","properties":{"jobs":0,"pop":25,"pointCount":1,"homeWorkCommuteMedian":98728,"workHomeCommuteMedian":-1},"geometry":{"type":"Polygon","coordinates":[[[26.38738213268673,58.47462186001459],[26.38738213268673,58.48361506365183],[26.396375336323977,58.48361506365183],[26.396375336323977,58.47462186001459],[26.38738213268673,58.47462186001459]]]}},{"type":"Feature","properties":{"jobs":26,"pop":0,"pointCount":2,"homeWorkCommuteMedian":-1,"workHomeCommuteMedian":3720},"geometry":{"type":"Polygon","coordinates":[[[26.38738213268673,58.48361506365183],[26.38738213268673,58.49260826728908],[26.396375336323977,58.49260826728908],[26.396375336323977,58.48361506365183],[26.38738213268673,58.48361506365183]]]}},{"type":"Feature","properties":{"jobs":0,"pop":5,"pointCount":1,"homeWorkCommuteMedian":16475,"workHomeCommuteMedian":-1},"geometry":{"type":"Polygon","coordinates":[[[26.396375336323977,57.944022845417074],[26.396375336323977,57.95301604905432],[26.405368539961223,57.95301604905432],[26.405368539961223,57.944022845417074],[26.396375336323977,57.944022845417074]]]}},{"type":"Feature","properties":{"jobs":0,"pop":6,"pointCount":1,"homeWorkCommuteMedian":16156,"workHomeCommuteMedian":-1},"geometry":{"type":"Polygon","coordinates":[[[26.396375336323977,57.962009252691566],[26.396375336323977,57.97100245632881],[26.405368539961223,57.97100245632881],[26.405368539961223,57.962009252691566],[26.396375336323977,57.962009252691566]]]}},{"type":"Feature","properties":{"jobs":0,"pop":6,"pointCount":1,"homeWorkCommuteMedian":6604,"workHomeCommuteMedian":-1},"geometry":{"type":"Polygon","coordinates":[[[26.396375336323977,58.06093449270127],[26.396375336323977,58.06992769633852],[26.405368539961223,58.06992769633852],[26.405368539961223,58.06093449270127],[26.396375336323977,58.06093449270127]]]}},{"type":"Feature","properties":{"jobs":0,"pop":5,"pointCount":1,"homeWorkCommuteMedian":66514,"workHomeCommuteMedian":-1},"geometry":{"type":"Polygon","coordinates":[[[26.396375336323977,58.07892089997576],[26.396375336323977,58.08791410361301],[26.405368539961223,58.08791410361301],[26.405368539961223,58.07892089997576],[26.396375336323977,58.07892089997576]]]}},{"type":"Feature","properties":{"jobs":0,"pop":25,"pointCount":2,"homeWorkCommuteMedian":27195,"workHomeCommuteMedian":-1},"geometry":{"type":"Polygon","coordinates":[[[26.396375336323977,58.13288012179924],[26.396375336323977,58.141873325436485],[26.405368539961223,58.141873325436485],[26.405368539961223,58.13288012179924],[26.396375336323977,58.13288012179924]]]}},{"type":"Feature","properties":{"jobs":6,"pop":0,"pointCount":1,"homeWorkCommuteMedian":-1,"workHomeCommuteMedian":46083},"geometry":{"type":"Polygon","coordinates":[[[26.396375336323977,58.141873325436485],[26.396375336323977,58.15086652907373],[26.405368539961223,58.15086652907373],[26.405368539961223,58.141873325436485],[26.396375336323977,58.141873325436485]]]}},{"type":"Feature","properties":{"jobs":0,"pop":7,"pointCount":1,"homeWorkCommuteMedian":28487,"workHomeCommuteMedian":-1},"geometry":{"type":"Polygon","coordinates":[[[26.396375336323977,58.15086652907373],[26.396375336323977,58.15985973271098],[26.405368539961223,58.15985973271098],[26.405368539961223,58.15086652907373],[26.396375336323977,58.15086652907373]]]}},{"type":"Feature","properties":{"jobs":0,"pop":5,"pointCount":1,"homeWorkCommuteMedian":5791,"workHomeCommuteMedian":-1},"geometry":{"type":"Polygon","coordinates":[[[26.396375336323977,58.16885293634822],[26.396375336323977,58.17784613998547],[26.405368539961223,58.17784613998547],[26.405368539961223,58.16885293634822],[26.396375336323977,58.16885293634822]]]}},{"type":"Feature","properties":{"jobs":27,"pop":19,"pointCount":3,"homeWorkCommuteMedian":31651,"workHomeCommuteMedian":18178},"geometry":{"type":"Polygon","coordinates":[[[26.396375336323977,58.17784613998547],[26.396375336323977,58.186839343622715],[26.405368539961223,58.186839343622715],[26.405368539961223,58.17784613998547],[26.396375336323977,58.17784613998547]]]}},{"type":"Feature","properties":{"jobs":7,"pop":0,"pointCount":1,"homeWorkCommuteMedian":-1,"workHomeCommuteMedian":18415},"geometry":{"type":"Polygon","coordinates":[[[26.396375336323977,58.19583254725996],[26.396375336323977,58.20482575089721],[26.405368539961223,58.20482575089721],[26.405368539961223,58.19583254725996],[26.396375336323977,58.19583254725996]]]}},{"type":"Feature","properties":{"jobs":28,"pop":144,"pointCount":9,"homeWorkCommuteMedian":6855,"workHomeCommuteMedian":12195},"geometry":{"type":"Polygon","coordinates":[[[26.396375336323977,58.20482575089721],[26.396375336323977,58.21381895453445],[26.405368539961223,58.21381895453445],[26.405368539961223,58.20482575089721],[26.396375336323977,58.20482575089721]]]}},{"type":"Feature","properties":{"jobs":134,"pop":315,"pointCount":14,"homeWorkCommuteMedian":27625,"workHomeCommuteMedian":9306},"geometry":{"type":"Polygon","coordinates":[[[26.396375336323977,58.21381895453445],[26.396375336323977,58.2228121581717],[26.405368539961223,58.2228121581717],[26.405368539961223,58.21381895453445],[26.396375336323977,58.21381895453445]]]}},{"type":"Feature","properties":{"jobs":29,"pop":146,"pointCount":7,"homeWorkCommuteMedian":11747,"workHomeCommuteMedian":6765},"geometry":{"type":"Polygon","coordinates":[[[26.396375336323977,58.2228121581717],[26.396375336323977,58.231805361808945],[26.405368539961223,58.231805361808945],[26.405368539961223,58.2228121581717],[26.396375336323977,58.2228121581717]]]}},{"type":"Feature","properties":{"jobs":10,"pop":0,"pointCount":1,"homeWorkCommuteMedian":-1,"workHomeCommuteMedian":25434},"geometry":{"type":"Polygon","coordinates":[[[26.396375336323977,58.24079856544619],[26.396375336323977,58.24979176908344],[26.405368539961223,58.24979176908344],[26.405368539961223,58.24079856544619],[26.396375336323977,58.24079856544619]]]}},{"type":"Feature","properties":{"jobs":0,"pop":7,"pointCount":1,"homeWorkCommuteMedian":3235,"workHomeCommuteMedian":-1},"geometry":{"type":"Polygon","coordinates":[[[26.396375336323977,58.29475778726967],[26.396375336323977,58.30375099090691],[26.405368539961223,58.30375099090691],[26.405368539961223,58.29475778726967],[26.396375336323977,58.29475778726967]]]}},{"type":"Feature","properties":{"jobs":0,"pop":8,"pointCount":1,"homeWorkCommuteMedian":12547,"workHomeCommuteMedian":-1},"geometry":{"type":"Polygon","coordinates":[[[26.396375336323977,58.321737398181405],[26.396375336323977,58.33073060181865],[26.405368539961223,58.33073060181865],[26.405368539961223,58.321737398181405],[26.396375336323977,58.321737398181405]]]}},{"type":"Feature","properties":{"jobs":25,"pop":12,"pointCount":2,"homeWorkCommuteMedian":20799,"workHomeCommuteMedian":23681},"geometry":{"type":"Polygon","coordinates":[[[26.396375336323977,58.3397238054559],[26.396375336323977,58.34871700909314],[26.405368539961223,58.34871700909314],[26.405368539961223,58.3397238054559],[26.396375336323977,58.3397238054559]]]}},{"type":"Feature","properties":{"jobs":0,"pop":7,"pointCount":1,"homeWorkCommuteMedian":22447,"workHomeCommuteMedian":-1},"geometry":{"type":"Polygon","coordinates":[[[26.396375336323977,58.35771021273039],[26.396375336323977,58.366703416367635],[26.405368539961223,58.366703416367635],[26.405368539961223,58.35771021273039],[26.396375336323977,58.35771021273039]]]}},{"type":"Feature","properties":{"jobs":0,"pop":6,"pointCount":1,"homeWorkCommuteMedian":34952,"workHomeCommuteMedian":-1},"geometry":{"type":"Polygon","coordinates":[[[26.396375336323977,58.366703416367635],[26.396375336323977,58.37569662000488],[26.405368539961223,58.37569662000488],[26.405368539961223,58.366703416367635],[26.396375336323977,58.366703416367635]]]}},{"type":"Feature","properties":{"jobs":0,"pop":8,"pointCount":1,"homeWorkCommuteMedian":17987,"workHomeCommuteMedian":-1},"geometry":{"type":"Polygon","coordinates":[[[26.396375336323977,58.44764224910285],[26.396375336323977,58.456635452740095],[26.405368539961223,58.456635452740095],[26.405368539961223,58.44764224910285],[26.396375336323977,58.44764224910285]]]}},{"type":"Feature","properties":{"jobs":0,"pop":6,"pointCount":1,"homeWorkCommuteMedian":17700,"workHomeCommuteMedian":-1},"geometry":{"type":"Polygon","coordinates":[[[26.396375336323977,58.49260826728908],[26.396375336323977,58.501601470926325],[26.405368539961223,58.501601470926325],[26.405368539961223,58.49260826728908],[26.396375336323977,58.49260826728908]]]}},{"type":"Feature","properties":{"jobs":5,"pop":0,"pointCount":1,"homeWorkCommuteMedian":-1,"workHomeCommuteMedian":24491},"geometry":{"type":"Polygon","coordinates":[[[26.405368539961223,57.899056827230844],[26.405368539961223,57.90805003086809],[26.41436174359847,57.90805003086809],[26.41436174359847,57.899056827230844],[26.405368539961223,57.899056827230844]]]}},{"type":"Feature","properties":{"jobs":0,"pop":18,"pointCount":2,"homeWorkCommuteMedian":67883,"workHomeCommuteMedian":-1},"geometry":{"type":"Polygon","coordinates":[[[26.405368539961223,57.90805003086809],[26.405368539961223,57.917043234505336],[26.41436174359847,57.917043234505336],[26.41436174359847,57.90805003086809],[26.405368539961223,57.90805003086809]]]}},{"type":"Feature","properties":{"jobs":12,"pop":7,"pointCount":2,"homeWorkCommuteMedian":10362,"workHomeCommuteMedian":17844},"geometry":{"type":"Polygon","coordinates":[[[26.405368539961223,57.95301604905432],[26.405368539961223,57.962009252691566],[26.41436174359847,57.962009252691566],[26.41436174359847,57.95301604905432],[26.405368539961223,57.95301604905432]]]}},{"type":"Feature","properties":{"jobs":0,"pop":11,"pointCount":1,"homeWorkCommuteMedian":50000,"workHomeCommuteMedian":-1},"geometry":{"type":"Polygon","coordinates":[[[26.405368539961223,58.006975270877795],[26.405368539961223,58.01596847451504],[26.41436174359847,58.01596847451504],[26.41436174359847,58.006975270877795],[26.405368539961223,58.006975270877795]]]}},{"type":"Feature","properties":{"jobs":0,"pop":52,"pointCount":2,"homeWorkCommuteMedian":30030,"workHomeCommuteMedian":-1},"geometry":{"type":"Polygon","coordinates":[[[26.405368539961223,58.20482575089721],[26.405368539961223,58.21381895453445],[26.41436174359847,58.21381895453445],[26.41436174359847,58.20482575089721],[26.405368539961223,58.20482575089721]]]}},{"type":"Feature","properties":{"jobs":279,"pop":421,"pointCount":16,"homeWorkCommuteMedian":13967,"workHomeCommuteMedian":20378},"geometry":{"type":"Polygon","coordinates":[[[26.405368539961223,58.21381895453445],[26.405368539961223,58.2228121581717],[26.41436174359847,58.2228121581717],[26.41436174359847,58.21381895453445],[26.405368539961223,58.21381895453445]]]}},{"type":"Feature","properties":{"jobs":312,"pop":95,"pointCount":10,"homeWorkCommuteMedian":10542,"workHomeCommuteMedian":14636},"geometry":{"type":"Polygon","coordinates":[[[26.405368539961223,58.2228121581717],[26.405368539961223,58.231805361808945],[26.41436174359847,58.231805361808945],[26.41436174359847,58.2228121581717],[26.405368539961223,58.2228121581717]]]}},{"type":"Feature","properties":{"jobs":141,"pop":356,"pointCount":9,"homeWorkCommuteMedian":24606,"workHomeCommuteMedian":10924},"geometry":{"type":"Polygon","coordinates":[[[26.405368539961223,58.231805361808945],[26.405368539961223,58.24079856544619],[26.41436174359847,58.24079856544619],[26.41436174359847,58.231805361808945],[26.405368539961223,58.231805361808945]]]}},{"type":"Feature","properties":{"jobs":16,"pop":6,"pointCount":2,"homeWorkCommuteMedian":10410,"workHomeCommuteMedian":5531},"geometry":{"type":"Polygon","coordinates":[[[26.405368539961223,58.24079856544619],[26.405368539961223,58.24979176908344],[26.41436174359847,58.24979176908344],[26.41436174359847,58.24079856544619],[26.405368539961223,58.24079856544619]]]}},{"type":"Feature","properties":{"jobs":0,"pop":8,"pointCount":1,"homeWorkCommuteMedian":20119,"workHomeCommuteMedian":-1},"geometry":{"type":"Polygon","coordinates":[[[26.405368539961223,58.24979176908344],[26.405368539961223,58.25878497272068],[26.41436174359847,58.25878497272068],[26.41436174359847,58.24979176908344],[26.405368539961223,58.24979176908344]]]}},{"type":"Feature","properties":{"jobs":15,"pop":0,"pointCount":2,"homeWorkCommuteMedian":-1,"workHomeCommuteMedian":11165},"geometry":{"type":"Polygon","coordinates":[[[26.405368539961223,58.25878497272068],[26.405368539961223,58.26777817635793],[26.41436174359847,58.26777817635793],[26.41436174359847,58.25878497272068],[26.405368539961223,58.25878497272068]]]}},{"type":"Feature","properties":{"jobs":18,"pop":8,"pointCount":2,"homeWorkCommuteMedian":33526,"workHomeCommuteMedian":37455},"geometry":{"type":"Polygon","coordinates":[[[26.405368539961223,58.51059467456357],[26.405368539961223,58.51958787820082],[26.41436174359847,58.51958787820082],[26.41436174359847,58.51059467456357],[26.405368539961223,58.51059467456357]]]}},{"type":"Feature","properties":{"jobs":3,"pop":0,"pointCount":1,"homeWorkCommuteMedian":-1,"workHomeCommuteMedian":56272},"geometry":{"type":"Polygon","coordinates":[[[26.41436174359847,57.97100245632881],[26.41436174359847,57.97999565996606],[26.423354947235715,57.97999565996606],[26.423354947235715,57.97100245632881],[26.41436174359847,57.97100245632881]]]}},{"type":"Feature","properties":{"jobs":0,"pop":18,"pointCount":1,"homeWorkCommuteMedian":21712,"workHomeCommuteMedian":-1},"geometry":{"type":"Polygon","coordinates":[[[26.41436174359847,58.006975270877795],[26.41436174359847,58.01596847451504],[26.423354947235715,58.01596847451504],[26.423354947235715,58.006975270877795],[26.41436174359847,58.006975270877795]]]}},{"type":"Feature","properties":{"jobs":14,"pop":0,"pointCount":1,"homeWorkCommuteMedian":-1,"workHomeCommuteMedian":16042},"geometry":{"type":"Polygon","coordinates":[[[26.41436174359847,58.04294808542678],[26.41436174359847,58.051941289064025],[26.423354947235715,58.051941289064025],[26.423354947235715,58.04294808542678],[26.41436174359847,58.04294808542678]]]}},{"type":"Feature","properties":{"jobs":21,"pop":0,"pointCount":1,"homeWorkCommuteMedian":-1,"workHomeCommuteMedian":53655},"geometry":{"type":"Polygon","coordinates":[[[26.41436174359847,58.20482575089721],[26.41436174359847,58.21381895453445],[26.423354947235715,58.21381895453445],[26.423354947235715,58.20482575089721],[26.41436174359847,58.20482575089721]]]}},{"type":"Feature","properties":{"jobs":78,"pop":99,"pointCount":7,"homeWorkCommuteMedian":13136,"workHomeCommuteMedian":32592},"geometry":{"type":"Polygon","coordinates":[[[26.41436174359847,58.21381895453445],[26.41436174359847,58.2228121581717],[26.423354947235715,58.2228121581717],[26.423354947235715,58.21381895453445],[26.41436174359847,58.21381895453445]]]}},{"type":"Feature","properties":{"jobs":121,"pop":273,"pointCount":11,"homeWorkCommuteMedian":25118,"workHomeCommuteMedian":13866},"geometry":{"type":"Polygon","coordinates":[[[26.41436174359847,58.2228121581717],[26.41436174359847,58.231805361808945],[26.423354947235715,58.231805361808945],[26.423354947235715,58.2228121581717],[26.41436174359847,58.2228121581717]]]}},{"type":"Feature","properties":{"jobs":191,"pop":250,"pointCount":9,"homeWorkCommuteMedian":16843,"workHomeCommuteMedian":9885},"geometry":{"type":"Polygon","coordinates":[[[26.41436174359847,58.231805361808945],[26.41436174359847,58.24079856544619],[26.423354947235715,58.24079856544619],[26.423354947235715,58.231805361808945],[26.41436174359847,58.231805361808945]]]}},{"type":"Feature","properties":{"jobs":0,"pop":34,"pointCount":3,"homeWorkCommuteMedian":22862,"workHomeCommuteMedian":-1},"geometry":{"type":"Polygon","coordinates":[[[26.41436174359847,58.24079856544619],[26.41436174359847,58.24979176908344],[26.423354947235715,58.24979176908344],[26.423354947235715,58.24079856544619],[26.41436174359847,58.24079856544619]]]}},{"type":"Feature","properties":{"jobs":7,"pop":0,"pointCount":1,"homeWorkCommuteMedian":-1,"workHomeCommuteMedian":26554},"geometry":{"type":"Polygon","coordinates":[[[26.41436174359847,58.276771379995175],[26.41436174359847,58.28576458363242],[26.423354947235715,58.28576458363242],[26.423354947235715,58.276771379995175],[26.41436174359847,58.276771379995175]]]}},{"type":"Feature","properties":{"jobs":0,"pop":7,"pointCount":1,"homeWorkCommuteMedian":36570,"workHomeCommuteMedian":-1},"geometry":{"type":"Polygon","coordinates":[[[26.41436174359847,58.33073060181865],[26.41436174359847,58.3397238054559],[26.423354947235715,58.3397238054559],[26.423354947235715,58.33073060181865],[26.41436174359847,58.33073060181865]]]}},{"type":"Feature","properties":{"jobs":0,"pop":26,"pointCount":3,"homeWorkCommuteMedian":18521,"workHomeCommuteMedian":-1},"geometry":{"type":"Polygon","coordinates":[[[26.41436174359847,58.35771021273039],[26.41436174359847,58.366703416367635],[26.423354947235715,58.366703416367635],[26.423354947235715,58.35771021273039],[26.41436174359847,58.35771021273039]]]}},{"type":"Feature","properties":{"jobs":0,"pop":7,"pointCount":1,"homeWorkCommuteMedian":16042,"workHomeCommuteMedian":-1},"geometry":{"type":"Polygon","coordinates":[[[26.423354947235715,57.93502964177983],[26.423354947235715,57.944022845417074],[26.43234815087296,57.944022845417074],[26.43234815087296,57.93502964177983],[26.423354947235715,57.93502964177983]]]}},{"type":"Feature","properties":{"jobs":0,"pop":14,"pointCount":1,"homeWorkCommuteMedian":52375,"workHomeCommuteMedian":-1},"geometry":{"type":"Polygon","coordinates":[[[26.423354947235715,57.99798206724055],[26.423354947235715,58.006975270877795],[26.43234815087296,58.006975270877795],[26.43234815087296,57.99798206724055],[26.423354947235715,57.99798206724055]]]}},{"type":"Feature","properties":{"jobs":21,"pop":66,"pointCount":6,"homeWorkCommuteMedian":23560,"workHomeCommuteMedian":48051},"geometry":{"type":"Polygon","coordinates":[[[26.423354947235715,58.006975270877795],[26.423354947235715,58.01596847451504],[26.43234815087296,58.01596847451504],[26.43234815087296,58.006975270877795],[26.423354947235715,58.006975270877795]]]}},{"type":"Feature","properties":{"jobs":0,"pop":10,"pointCount":1,"homeWorkCommuteMedian":44082,"workHomeCommuteMedian":-1},"geometry":{"type":"Polygon","coordinates":[[[26.423354947235715,58.01596847451504],[26.423354947235715,58.02496167815229],[26.43234815087296,58.02496167815229],[26.43234815087296,58.01596847451504],[26.423354947235715,58.01596847451504]]]}},{"type":"Feature","properties":{"jobs":18,"pop":24,"pointCount":3,"homeWorkCommuteMedian":47326,"workHomeCommuteMedian":49689},"geometry":{"type":"Polygon","coordinates":[[[26.423354947235715,58.051941289064025],[26.423354947235715,58.06093449270127],[26.43234815087296,58.06093449270127],[26.43234815087296,58.051941289064025],[26.423354947235715,58.051941289064025]]]}},{"type":"Feature","properties":{"jobs":0,"pop":5,"pointCount":1,"homeWorkCommuteMedian":27711,"workHomeCommuteMedian":-1},"geometry":{"type":"Polygon","coordinates":[[[26.423354947235715,58.06093449270127],[26.423354947235715,58.06992769633852],[26.43234815087296,58.06992769633852],[26.43234815087296,58.06093449270127],[26.423354947235715,58.06093449270127]]]}},{"type":"Feature","properties":{"jobs":0,"pop":8,"pointCount":1,"homeWorkCommuteMedian":14173,"workHomeCommuteMedian":-1},"geometry":{"type":"Polygon","coordinates":[[[26.423354947235715,58.141873325436485],[26.423354947235715,58.15086652907373],[26.43234815087296,58.15086652907373],[26.43234815087296,58.141873325436485],[26.423354947235715,58.141873325436485]]]}},{"type":"Feature","properties":{"jobs":0,"pop":106,"pointCount":4,"homeWorkCommuteMedian":24727,"workHomeCommuteMedian":-1},"geometry":{"type":"Polygon","coordinates":[[[26.423354947235715,58.21381895453445],[26.423354947235715,58.2228121581717],[26.43234815087296,58.2228121581717],[26.43234815087296,58.21381895453445],[26.423354947235715,58.21381895453445]]]}},{"type":"Feature","properties":{"jobs":123,"pop":149,"pointCount":9,"homeWorkCommuteMedian":20142,"workHomeCommuteMedian":12814},"geometry":{"type":"Polygon","coordinates":[[[26.423354947235715,58.2228121581717],[26.423354947235715,58.231805361808945],[26.43234815087296,58.231805361808945],[26.43234815087296,58.2228121581717],[26.423354947235715,58.2228121581717]]]}},{"type":"Feature","properties":{"jobs":6,"pop":10,"pointCount":2,"homeWorkCommuteMedian":24925,"workHomeCommuteMedian":4565},"geometry":{"type":"Polygon","coordinates":[[[26.423354947235715,58.231805361808945],[26.423354947235715,58.24079856544619],[26.43234815087296,58.24079856544619],[26.43234815087296,58.231805361808945],[26.423354947235715,58.231805361808945]]]}},{"type":"Feature","properties":{"jobs":0,"pop":18,"pointCount":2,"homeWorkCommuteMedian":23657,"workHomeCommuteMedian":-1},"geometry":{"type":"Polygon","coordinates":[[[26.423354947235715,58.24079856544619],[26.423354947235715,58.24979176908344],[26.43234815087296,58.24979176908344],[26.43234815087296,58.24079856544619],[26.423354947235715,58.24079856544619]]]}},{"type":"Feature","properties":{"jobs":0,"pop":15,"pointCount":2,"homeWorkCommuteMedian":20693,"workHomeCommuteMedian":-1},"geometry":{"type":"Polygon","coordinates":[[[26.423354947235715,58.26777817635793],[26.423354947235715,58.276771379995175],[26.43234815087296,58.276771379995175],[26.43234815087296,58.26777817635793],[26.423354947235715,58.26777817635793]]]}},{"type":"Feature","properties":{"jobs":0,"pop":24,"pointCount":2,"homeWorkCommuteMedian":26897,"workHomeCommuteMedian":-1},"geometry":{"type":"Polygon","coordinates":[[[26.423354947235715,58.276771379995175],[26.423354947235715,58.28576458363242],[26.43234815087296,58.28576458363242],[26.43234815087296,58.276771379995175],[26.423354947235715,58.276771379995175]]]}},{"type":"Feature","properties":{"jobs":1,"pop":17,"pointCount":3,"homeWorkCommuteMedian":21180,"workHomeCommuteMedian":541},"geometry":{"type":"Polygon","coordinates":[[[26.423354947235715,58.33073060181865],[26.423354947235715,58.3397238054559],[26.43234815087296,58.3397238054559],[26.43234815087296,58.33073060181865],[26.423354947235715,58.33073060181865]]]}},{"type":"Feature","properties":{"jobs":2,"pop":6,"pointCount":2,"homeWorkCommuteMedian":9636,"workHomeCommuteMedian":23324},"geometry":{"type":"Polygon","coordinates":[[[26.423354947235715,58.34871700909314],[26.423354947235715,58.35771021273039],[26.43234815087296,58.35771021273039],[26.43234815087296,58.34871700909314],[26.423354947235715,58.34871700909314]]]}},{"type":"Feature","properties":{"jobs":19,"pop":135,"pointCount":8,"homeWorkCommuteMedian":19935,"workHomeCommuteMedian":26956},"geometry":{"type":"Polygon","coordinates":[[[26.423354947235715,58.35771021273039],[26.423354947235715,58.366703416367635],[26.43234815087296,58.366703416367635],[26.43234815087296,58.35771021273039],[26.423354947235715,58.35771021273039]]]}},{"type":"Feature","properties":{"jobs":0,"pop":5,"pointCount":1,"homeWorkCommuteMedian":8339,"workHomeCommuteMedian":-1},"geometry":{"type":"Polygon","coordinates":[[[26.423354947235715,58.4386490454656],[26.423354947235715,58.44764224910285],[26.43234815087296,58.44764224910285],[26.43234815087296,58.4386490454656],[26.423354947235715,58.4386490454656]]]}},{"type":"Feature","properties":{"jobs":0,"pop":10,"pointCount":1,"homeWorkCommuteMedian":58135,"workHomeCommuteMedian":-1},"geometry":{"type":"Polygon","coordinates":[[[26.43234815087296,57.944022845417074],[26.43234815087296,57.95301604905432],[26.441341354510207,57.95301604905432],[26.441341354510207,57.944022845417074],[26.43234815087296,57.944022845417074]]]}},{"type":"Feature","properties":{"jobs":48,"pop":5,"pointCount":3,"homeWorkCommuteMedian":5010,"workHomeCommuteMedian":14989},"geometry":{"type":"Polygon","coordinates":[[[26.43234815087296,58.006975270877795],[26.43234815087296,58.01596847451504],[26.441341354510207,58.01596847451504],[26.441341354510207,58.006975270877795],[26.43234815087296,58.006975270877795]]]}},{"type":"Feature","properties":{"jobs":0,"pop":21,"pointCount":3,"homeWorkCommuteMedian":7374,"workHomeCommuteMedian":-1},"geometry":{"type":"Polygon","coordinates":[[[26.43234815087296,58.01596847451504],[26.43234815087296,58.02496167815229],[26.441341354510207,58.02496167815229],[26.441341354510207,58.01596847451504],[26.43234815087296,58.01596847451504]]]}},{"type":"Feature","properties":{"jobs":13,"pop":0,"pointCount":1,"homeWorkCommuteMedian":-1,"workHomeCommuteMedian":50886},"geometry":{"type":"Polygon","coordinates":[[[26.43234815087296,58.02496167815229],[26.43234815087296,58.03395488178953],[26.441341354510207,58.03395488178953],[26.441341354510207,58.02496167815229],[26.43234815087296,58.02496167815229]]]}},{"type":"Feature","properties":{"jobs":0,"pop":49,"pointCount":2,"homeWorkCommuteMedian":43494,"workHomeCommuteMedian":-1},"geometry":{"type":"Polygon","coordinates":[[[26.43234815087296,58.04294808542678],[26.43234815087296,58.051941289064025],[26.441341354510207,58.051941289064025],[26.441341354510207,58.04294808542678],[26.43234815087296,58.04294808542678]]]}},{"type":"Feature","properties":{"jobs":5,"pop":0,"pointCount":1,"homeWorkCommuteMedian":-1,"workHomeCommuteMedian":24928},"geometry":{"type":"Polygon","coordinates":[[[26.43234815087296,58.051941289064025],[26.43234815087296,58.06093449270127],[26.441341354510207,58.06093449270127],[26.441341354510207,58.051941289064025],[26.43234815087296,58.051941289064025]]]}},{"type":"Feature","properties":{"jobs":0,"pop":12,"pointCount":1,"homeWorkCommuteMedian":44701,"workHomeCommuteMedian":-1},"geometry":{"type":"Polygon","coordinates":[[[26.43234815087296,58.06992769633852],[26.43234815087296,58.07892089997576],[26.441341354510207,58.07892089997576],[26.441341354510207,58.06992769633852],[26.43234815087296,58.06992769633852]]]}},{"type":"Feature","properties":{"jobs":3,"pop":0,"pointCount":1,"homeWorkCommuteMedian":-1,"workHomeCommuteMedian":15550},"geometry":{"type":"Polygon","coordinates":[[[26.43234815087296,58.15086652907373],[26.43234815087296,58.15985973271098],[26.441341354510207,58.15985973271098],[26.441341354510207,58.15086652907373],[26.43234815087296,58.15086652907373]]]}},{"type":"Feature","properties":{"jobs":6,"pop":0,"pointCount":1,"homeWorkCommuteMedian":-1,"workHomeCommuteMedian":5398},"geometry":{"type":"Polygon","coordinates":[[[26.43234815087296,58.20482575089721],[26.43234815087296,58.21381895453445],[26.441341354510207,58.21381895453445],[26.441341354510207,58.20482575089721],[26.43234815087296,58.20482575089721]]]}},{"type":"Feature","properties":{"jobs":0,"pop":54,"pointCount":5,"homeWorkCommuteMedian":17526,"workHomeCommuteMedian":-1},"geometry":{"type":"Polygon","coordinates":[[[26.43234815087296,58.21381895453445],[26.43234815087296,58.2228121581717],[26.441341354510207,58.2228121581717],[26.441341354510207,58.21381895453445],[26.43234815087296,58.21381895453445]]]}},{"type":"Feature","properties":{"jobs":0,"pop":19,"pointCount":2,"homeWorkCommuteMedian":22743,"workHomeCommuteMedian":-1},"geometry":{"type":"Polygon","coordinates":[[[26.43234815087296,58.2228121581717],[26.43234815087296,58.231805361808945],[26.441341354510207,58.231805361808945],[26.441341354510207,58.2228121581717],[26.43234815087296,58.2228121581717]]]}},{"type":"Feature","properties":{"jobs":0,"pop":63,"pointCount":6,"homeWorkCommuteMedian":22469,"workHomeCommuteMedian":-1},"geometry":{"type":"Polygon","coordinates":[[[26.43234815087296,58.231805361808945],[26.43234815087296,58.24079856544619],[26.441341354510207,58.24079856544619],[26.441341354510207,58.231805361808945],[26.43234815087296,58.231805361808945]]]}},{"type":"Feature","properties":{"jobs":0,"pop":11,"pointCount":1,"homeWorkCommuteMedian":24025,"workHomeCommuteMedian":-1},"geometry":{"type":"Polygon","coordinates":[[[26.43234815087296,58.24079856544619],[26.43234815087296,58.24979176908344],[26.441341354510207,58.24979176908344],[26.441341354510207,58.24079856544619],[26.43234815087296,58.24079856544619]]]}},{"type":"Feature","properties":{"jobs":0,"pop":103,"pointCount":6,"homeWorkCommuteMedian":23225,"workHomeCommuteMedian":-1},"geometry":{"type":"Polygon","coordinates":[[[26.43234815087296,58.24979176908344],[26.43234815087296,58.25878497272068],[26.441341354510207,58.25878497272068],[26.441341354510207,58.24979176908344],[26.43234815087296,58.24979176908344]]]}},{"type":"Feature","properties":{"jobs":0,"pop":5,"pointCount":1,"homeWorkCommuteMedian":28076,"workHomeCommuteMedian":-1},"geometry":{"type":"Polygon","coordinates":[[[26.43234815087296,58.3397238054559],[26.43234815087296,58.34871700909314],[26.441341354510207,58.34871700909314],[26.441341354510207,58.3397238054559],[26.43234815087296,58.3397238054559]]]}},{"type":"Feature","properties":{"jobs":0,"pop":18,"pointCount":2,"homeWorkCommuteMedian":17287,"workHomeCommuteMedian":-1},"geometry":{"type":"Polygon","coordinates":[[[26.43234815087296,58.34871700909314],[26.43234815087296,58.35771021273039],[26.441341354510207,58.35771021273039],[26.441341354510207,58.34871700909314],[26.43234815087296,58.34871700909314]]]}},{"type":"Feature","properties":{"jobs":21,"pop":5,"pointCount":2,"homeWorkCommuteMedian":29807,"workHomeCommuteMedian":23544},"geometry":{"type":"Polygon","coordinates":[[[26.43234815087296,58.35771021273039],[26.43234815087296,58.366703416367635],[26.441341354510207,58.366703416367635],[26.441341354510207,58.35771021273039],[26.43234815087296,58.35771021273039]]]}},{"type":"Feature","properties":{"jobs":0,"pop":5,"pointCount":1,"homeWorkCommuteMedian":29238,"workHomeCommuteMedian":-1},"geometry":{"type":"Polygon","coordinates":[[[26.43234815087296,58.42965584182836],[26.43234815087296,58.4386490454656],[26.441341354510207,58.4386490454656],[26.441341354510207,58.42965584182836],[26.43234815087296,58.42965584182836]]]}},{"type":"Feature","properties":{"jobs":0,"pop":7,"pointCount":1,"homeWorkCommuteMedian":6101,"workHomeCommuteMedian":-1},"geometry":{"type":"Polygon","coordinates":[[[26.43234815087296,58.44764224910285],[26.43234815087296,58.456635452740095],[26.441341354510207,58.456635452740095],[26.441341354510207,58.44764224910285],[26.43234815087296,58.44764224910285]]]}},{"type":"Feature","properties":{"jobs":3,"pop":0,"pointCount":1,"homeWorkCommuteMedian":-1,"workHomeCommuteMedian":53784},"geometry":{"type":"Polygon","coordinates":[[[26.441341354510207,57.95301604905432],[26.441341354510207,57.962009252691566],[26.450334558147453,57.962009252691566],[26.450334558147453,57.95301604905432],[26.441341354510207,57.95301604905432]]]}},{"type":"Feature","properties":{"jobs":4,"pop":8,"pointCount":2,"homeWorkCommuteMedian":18476,"workHomeCommuteMedian":17199},"geometry":{"type":"Polygon","coordinates":[[[26.441341354510207,57.9889888636033],[26.441341354510207,57.99798206724055],[26.450334558147453,57.99798206724055],[26.450334558147453,57.9889888636033],[26.441341354510207,57.9889888636033]]]}},{"type":"Feature","properties":{"jobs":0,"pop":7,"pointCount":1,"homeWorkCommuteMedian":5946,"workHomeCommuteMedian":-1},"geometry":{"type":"Polygon","coordinates":[[[26.441341354510207,58.006975270877795],[26.441341354510207,58.01596847451504],[26.450334558147453,58.01596847451504],[26.450334558147453,58.006975270877795],[26.441341354510207,58.006975270877795]]]}},{"type":"Feature","properties":{"jobs":0,"pop":8,"pointCount":1,"homeWorkCommuteMedian":5606,"workHomeCommuteMedian":-1},"geometry":{"type":"Polygon","coordinates":[[[26.441341354510207,58.02496167815229],[26.441341354510207,58.03395488178953],[26.450334558147453,58.03395488178953],[26.450334558147453,58.02496167815229],[26.441341354510207,58.02496167815229]]]}},{"type":"Feature","properties":{"jobs":0,"pop":5,"pointCount":1,"homeWorkCommuteMedian":7349,"workHomeCommuteMedian":-1},"geometry":{"type":"Polygon","coordinates":[[[26.441341354510207,58.04294808542678],[26.441341354510207,58.051941289064025],[26.450334558147453,58.051941289064025],[26.450334558147453,58.04294808542678],[26.441341354510207,58.04294808542678]]]}},{"type":"Feature","properties":{"jobs":6,"pop":13,"pointCount":2,"homeWorkCommuteMedian":45839,"workHomeCommuteMedian":3960},"geometry":{"type":"Polygon","coordinates":[[[26.441341354510207,58.06093449270127],[26.441341354510207,58.06992769633852],[26.450334558147453,58.06992769633852],[26.450334558147453,58.06093449270127],[26.441341354510207,58.06093449270127]]]}},{"type":"Feature","properties":{"jobs":9,"pop":9,"pointCount":1,"homeWorkCommuteMedian":10375,"workHomeCommuteMedian":39788},"geometry":{"type":"Polygon","coordinates":[[[26.441341354510207,58.12388691816199],[26.441341354510207,58.13288012179924],[26.450334558147453,58.13288012179924],[26.450334558147453,58.12388691816199],[26.441341354510207,58.12388691816199]]]}},{"type":"Feature","properties":{"jobs":0,"pop":8,"pointCount":1,"homeWorkCommuteMedian":21265,"workHomeCommuteMedian":-1},"geometry":{"type":"Polygon","coordinates":[[[26.441341354510207,58.16885293634822],[26.441341354510207,58.17784613998547],[26.450334558147453,58.17784613998547],[26.450334558147453,58.16885293634822],[26.441341354510207,58.16885293634822]]]}},{"type":"Feature","properties":{"jobs":0,"pop":16,"pointCount":2,"homeWorkCommuteMedian":6868,"workHomeCommuteMedian":-1},"geometry":{"type":"Polygon","coordinates":[[[26.441341354510207,58.17784613998547],[26.441341354510207,58.186839343622715],[26.450334558147453,58.186839343622715],[26.450334558147453,58.17784613998547],[26.441341354510207,58.17784613998547]]]}},{"type":"Feature","properties":{"jobs":0,"pop":18,"pointCount":2,"homeWorkCommuteMedian":29822,"workHomeCommuteMedian":-1},"geometry":{"type":"Polygon","coordinates":[[[26.441341354510207,58.19583254725996],[26.441341354510207,58.20482575089721],[26.450334558147453,58.20482575089721],[26.450334558147453,58.19583254725996],[26.441341354510207,58.19583254725996]]]}},{"type":"Feature","properties":{"jobs":0,"pop":24,"pointCount":3,"homeWorkCommuteMedian":14361,"workHomeCommuteMedian":-1},"geometry":{"type":"Polygon","coordinates":[[[26.441341354510207,58.20482575089721],[26.441341354510207,58.21381895453445],[26.450334558147453,58.21381895453445],[26.450334558147453,58.20482575089721],[26.441341354510207,58.20482575089721]]]}},{"type":"Feature","properties":{"jobs":3,"pop":8,"pointCount":2,"homeWorkCommuteMedian":20238,"workHomeCommuteMedian":5132},"geometry":{"type":"Polygon","coordinates":[[[26.441341354510207,58.21381895453445],[26.441341354510207,58.2228121581717],[26.450334558147453,58.2228121581717],[26.450334558147453,58.21381895453445],[26.441341354510207,58.21381895453445]]]}},{"type":"Feature","properties":{"jobs":0,"pop":17,"pointCount":2,"homeWorkCommuteMedian":22936,"workHomeCommuteMedian":-1},"geometry":{"type":"Polygon","coordinates":[[[26.441341354510207,58.2228121581717],[26.441341354510207,58.231805361808945],[26.450334558147453,58.231805361808945],[26.450334558147453,58.2228121581717],[26.441341354510207,58.2228121581717]]]}},{"type":"Feature","properties":{"jobs":16,"pop":124,"pointCount":9,"homeWorkCommuteMedian":16068,"workHomeCommuteMedian":23687},"geometry":{"type":"Polygon","coordinates":[[[26.441341354510207,58.231805361808945],[26.441341354510207,58.24079856544619],[26.450334558147453,58.24079856544619],[26.450334558147453,58.231805361808945],[26.441341354510207,58.231805361808945]]]}},{"type":"Feature","properties":{"jobs":8,"pop":31,"pointCount":6,"homeWorkCommuteMedian":14761,"workHomeCommuteMedian":5482},"geometry":{"type":"Polygon","coordinates":[[[26.441341354510207,58.24079856544619],[26.441341354510207,58.24979176908344],[26.450334558147453,58.24979176908344],[26.450334558147453,58.24079856544619],[26.441341354510207,58.24079856544619]]]}},{"type":"Feature","properties":{"jobs":0,"pop":6,"pointCount":1,"homeWorkCommuteMedian":22543,"workHomeCommuteMedian":-1},"geometry":{"type":"Polygon","coordinates":[[[26.441341354510207,58.24979176908344],[26.441341354510207,58.25878497272068],[26.450334558147453,58.25878497272068],[26.450334558147453,58.24979176908344],[26.441341354510207,58.24979176908344]]]}},{"type":"Feature","properties":{"jobs":9,"pop":25,"pointCount":1,"homeWorkCommuteMedian":24056,"workHomeCommuteMedian":61854},"geometry":{"type":"Polygon","coordinates":[[[26.441341354510207,58.26777817635793],[26.441341354510207,58.276771379995175],[26.450334558147453,58.276771379995175],[26.450334558147453,58.26777817635793],[26.441341354510207,58.26777817635793]]]}},{"type":"Feature","properties":{"jobs":0,"pop":46,"pointCount":2,"homeWorkCommuteMedian":17592,"workHomeCommuteMedian":-1},"geometry":{"type":"Polygon","coordinates":[[[26.441341354510207,58.29475778726967],[26.441341354510207,58.30375099090691],[26.450334558147453,58.30375099090691],[26.450334558147453,58.29475778726967],[26.441341354510207,58.29475778726967]]]}},{"type":"Feature","properties":{"jobs":0,"pop":6,"pointCount":1,"homeWorkCommuteMedian":35166,"workHomeCommuteMedian":-1},"geometry":{"type":"Polygon","coordinates":[[[26.441341354510207,58.3397238054559],[26.441341354510207,58.34871700909314],[26.450334558147453,58.34871700909314],[26.450334558147453,58.3397238054559],[26.441341354510207,58.3397238054559]]]}},{"type":"Feature","properties":{"jobs":0,"pop":5,"pointCount":1,"homeWorkCommuteMedian":44209,"workHomeCommuteMedian":-1},"geometry":{"type":"Polygon","coordinates":[[[26.441341354510207,58.34871700909314],[26.441341354510207,58.35771021273039],[26.450334558147453,58.35771021273039],[26.450334558147453,58.34871700909314],[26.441341354510207,58.34871700909314]]]}},{"type":"Feature","properties":{"jobs":1,"pop":0,"pointCount":1,"homeWorkCommuteMedian":-1,"workHomeCommuteMedian":18752},"geometry":{"type":"Polygon","coordinates":[[[26.441341354510207,58.591533507298784],[26.441341354510207,58.60052671093603],[26.450334558147453,58.60052671093603],[26.450334558147453,58.591533507298784],[26.441341354510207,58.591533507298784]]]}},{"type":"Feature","properties":{"jobs":0,"pop":4,"pointCount":1,"homeWorkCommuteMedian":6169,"workHomeCommuteMedian":-1},"geometry":{"type":"Polygon","coordinates":[[[26.450334558147453,57.97100245632881],[26.450334558147453,57.97999565996606],[26.4593277617847,57.97999565996606],[26.4593277617847,57.97100245632881],[26.450334558147453,57.97100245632881]]]}},{"type":"Feature","properties":{"jobs":0,"pop":19,"pointCount":2,"homeWorkCommuteMedian":46957,"workHomeCommuteMedian":-1},"geometry":{"type":"Polygon","coordinates":[[[26.450334558147453,58.04294808542678],[26.450334558147453,58.051941289064025],[26.4593277617847,58.051941289064025],[26.4593277617847,58.04294808542678],[26.450334558147453,58.04294808542678]]]}},{"type":"Feature","properties":{"jobs":8,"pop":0,"pointCount":1,"homeWorkCommuteMedian":-1,"workHomeCommuteMedian":45945},"geometry":{"type":"Polygon","coordinates":[[[26.450334558147453,58.06093449270127],[26.450334558147453,58.06992769633852],[26.4593277617847,58.06992769633852],[26.4593277617847,58.06093449270127],[26.450334558147453,58.06093449270127]]]}},{"type":"Feature","properties":{"jobs":0,"pop":13,"pointCount":1,"homeWorkCommuteMedian":41384,"workHomeCommuteMedian":-1},"geometry":{"type":"Polygon","coordinates":[[[26.450334558147453,58.1059005108875],[26.450334558147453,58.11489371452475],[26.4593277617847,58.11489371452475],[26.4593277617847,58.1059005108875],[26.450334558147453,58.1059005108875]]]}},{"type":"Feature","properties":{"jobs":0,"pop":6,"pointCount":1,"homeWorkCommuteMedian":15286,"workHomeCommuteMedian":-1},"geometry":{"type":"Polygon","coordinates":[[[26.450334558147453,58.17784613998547],[26.450334558147453,58.186839343622715],[26.4593277617847,58.186839343622715],[26.4593277617847,58.17784613998547],[26.450334558147453,58.17784613998547]]]}},{"type":"Feature","properties":{"jobs":0,"pop":15,"pointCount":1,"homeWorkCommuteMedian":28684,"workHomeCommuteMedian":-1},"geometry":{"type":"Polygon","coordinates":[[[26.450334558147453,58.186839343622715],[26.450334558147453,58.19583254725996],[26.4593277617847,58.19583254725996],[26.4593277617847,58.186839343622715],[26.450334558147453,58.186839343622715]]]}},{"type":"Feature","properties":{"jobs":0,"pop":6,"pointCount":1,"homeWorkCommuteMedian":13893,"workHomeCommuteMedian":-1},"geometry":{"type":"Polygon","coordinates":[[[26.450334558147453,58.19583254725996],[26.450334558147453,58.20482575089721],[26.4593277617847,58.20482575089721],[26.4593277617847,58.19583254725996],[26.450334558147453,58.19583254725996]]]}},{"type":"Feature","properties":{"jobs":0,"pop":12,"pointCount":1,"homeWorkCommuteMedian":28229,"workHomeCommuteMedian":-1},"geometry":{"type":"Polygon","coordinates":[[[26.450334558147453,58.20482575089721],[26.450334558147453,58.21381895453445],[26.4593277617847,58.21381895453445],[26.4593277617847,58.20482575089721],[26.450334558147453,58.20482575089721]]]}},{"type":"Feature","properties":{"jobs":0,"pop":45,"pointCount":3,"homeWorkCommuteMedian":16769,"workHomeCommuteMedian":-1},"geometry":{"type":"Polygon","coordinates":[[[26.450334558147453,58.231805361808945],[26.450334558147453,58.24079856544619],[26.4593277617847,58.24079856544619],[26.4593277617847,58.231805361808945],[26.450334558147453,58.231805361808945]]]}},{"type":"Feature","properties":{"jobs":0,"pop":23,"pointCount":3,"homeWorkCommuteMedian":8781,"workHomeCommuteMedian":-1},"geometry":{"type":"Polygon","coordinates":[[[26.450334558147453,58.24979176908344],[26.450334558147453,58.25878497272068],[26.4593277617847,58.25878497272068],[26.4593277617847,58.24979176908344],[26.450334558147453,58.24979176908344]]]}},{"type":"Feature","properties":{"jobs":0,"pop":9,"pointCount":1,"homeWorkCommuteMedian":7221,"workHomeCommuteMedian":-1},"geometry":{"type":"Polygon","coordinates":[[[26.450334558147453,58.25878497272068],[26.450334558147453,58.26777817635793],[26.4593277617847,58.26777817635793],[26.4593277617847,58.25878497272068],[26.450334558147453,58.25878497272068]]]}},{"type":"Feature","properties":{"jobs":0,"pop":5,"pointCount":1,"homeWorkCommuteMedian":4791,"workHomeCommuteMedian":-1},"geometry":{"type":"Polygon","coordinates":[[[26.450334558147453,58.53757428547531],[26.450334558147453,58.546567489112554],[26.4593277617847,58.546567489112554],[26.4593277617847,58.53757428547531],[26.450334558147453,58.53757428547531]]]}},{"type":"Feature","properties":{"jobs":5,"pop":0,"pointCount":1,"homeWorkCommuteMedian":-1,"workHomeCommuteMedian":50647},"geometry":{"type":"Polygon","coordinates":[[[26.4593277617847,57.97999565996606],[26.4593277617847,57.9889888636033],[26.468320965421945,57.9889888636033],[26.468320965421945,57.97999565996606],[26.4593277617847,57.97999565996606]]]}},{"type":"Feature","properties":{"jobs":116,"pop":13,"pointCount":3,"homeWorkCommuteMedian":23258,"workHomeCommuteMedian":16991},"geometry":{"type":"Polygon","coordinates":[[[26.4593277617847,58.04294808542678],[26.4593277617847,58.051941289064025],[26.468320965421945,58.051941289064025],[26.468320965421945,58.04294808542678],[26.4593277617847,58.04294808542678]]]}},{"type":"Feature","properties":{"jobs":0,"pop":14,"pointCount":2,"homeWorkCommuteMedian":2744,"workHomeCommuteMedian":-1},"geometry":{"type":"Polygon","coordinates":[[[26.4593277617847,58.06093449270127],[26.4593277617847,58.06992769633852],[26.468320965421945,58.06992769633852],[26.468320965421945,58.06093449270127],[26.4593277617847,58.06093449270127]]]}},{"type":"Feature","properties":{"jobs":0,"pop":8,"pointCount":1,"homeWorkCommuteMedian":6012,"workHomeCommuteMedian":-1},"geometry":{"type":"Polygon","coordinates":[[[26.4593277617847,58.07892089997576],[26.4593277617847,58.08791410361301],[26.468320965421945,58.08791410361301],[26.468320965421945,58.07892089997576],[26.4593277617847,58.07892089997576]]]}},{"type":"Feature","properties":{"jobs":0,"pop":15,"pointCount":1,"homeWorkCommuteMedian":37424,"workHomeCommuteMedian":-1},"geometry":{"type":"Polygon","coordinates":[[[26.4593277617847,58.11489371452475],[26.4593277617847,58.12388691816199],[26.468320965421945,58.12388691816199],[26.468320965421945,58.11489371452475],[26.4593277617847,58.11489371452475]]]}},{"type":"Feature","properties":{"jobs":10,"pop":0,"pointCount":1,"homeWorkCommuteMedian":-1,"workHomeCommuteMedian":6314},"geometry":{"type":"Polygon","coordinates":[[[26.4593277617847,58.15985973271098],[26.4593277617847,58.16885293634822],[26.468320965421945,58.16885293634822],[26.468320965421945,58.15985973271098],[26.4593277617847,58.15985973271098]]]}},{"type":"Feature","properties":{"jobs":7,"pop":14,"pointCount":2,"homeWorkCommuteMedian":29735,"workHomeCommuteMedian":1529},"geometry":{"type":"Polygon","coordinates":[[[26.4593277617847,58.16885293634822],[26.4593277617847,58.17784613998547],[26.468320965421945,58.17784613998547],[26.468320965421945,58.16885293634822],[26.4593277617847,58.16885293634822]]]}},{"type":"Feature","properties":{"jobs":2,"pop":5,"pointCount":2,"homeWorkCommuteMedian":12831,"workHomeCommuteMedian":6379},"geometry":{"type":"Polygon","coordinates":[[[26.4593277617847,58.21381895453445],[26.4593277617847,58.2228121581717],[26.468320965421945,58.2228121581717],[26.468320965421945,58.21381895453445],[26.4593277617847,58.21381895453445]]]}},{"type":"Feature","properties":{"jobs":13,"pop":15,"pointCount":3,"homeWorkCommuteMedian":22408,"workHomeCommuteMedian":5147},"geometry":{"type":"Polygon","coordinates":[[[26.4593277617847,58.24979176908344],[26.4593277617847,58.25878497272068],[26.468320965421945,58.25878497272068],[26.468320965421945,58.24979176908344],[26.4593277617847,58.24979176908344]]]}},{"type":"Feature","properties":{"jobs":94,"pop":0,"pointCount":3,"homeWorkCommuteMedian":-1,"workHomeCommuteMedian":14131},"geometry":{"type":"Polygon","coordinates":[[[26.4593277617847,58.25878497272068],[26.4593277617847,58.26777817635793],[26.468320965421945,58.26777817635793],[26.468320965421945,58.25878497272068],[26.4593277617847,58.25878497272068]]]}},{"type":"Feature","properties":{"jobs":0,"pop":20,"pointCount":2,"homeWorkCommuteMedian":20431,"workHomeCommuteMedian":-1},"geometry":{"type":"Polygon","coordinates":[[[26.4593277617847,58.28576458363242],[26.4593277617847,58.29475778726967],[26.468320965421945,58.29475778726967],[26.468320965421945,58.28576458363242],[26.4593277617847,58.28576458363242]]]}},{"type":"Feature","properties":{"jobs":0,"pop":8,"pointCount":1,"homeWorkCommuteMedian":25543,"workHomeCommuteMedian":-1},"geometry":{"type":"Polygon","coordinates":[[[26.4593277617847,58.52858108183806],[26.4593277617847,58.53757428547531],[26.468320965421945,58.53757428547531],[26.468320965421945,58.52858108183806],[26.4593277617847,58.52858108183806]]]}},{"type":"Feature","properties":{"jobs":0,"pop":8,"pointCount":1,"homeWorkCommuteMedian":23572,"workHomeCommuteMedian":-1},"geometry":{"type":"Polygon","coordinates":[[[26.4593277617847,58.58254030366154],[26.4593277617847,58.591533507298784],[26.468320965421945,58.591533507298784],[26.468320965421945,58.58254030366154],[26.4593277617847,58.58254030366154]]]}},{"type":"Feature","properties":{"jobs":5,"pop":0,"pointCount":1,"homeWorkCommuteMedian":-1,"workHomeCommuteMedian":53343},"geometry":{"type":"Polygon","coordinates":[[[26.468320965421945,57.95301604905432],[26.468320965421945,57.962009252691566],[26.47731416905919,57.962009252691566],[26.47731416905919,57.95301604905432],[26.468320965421945,57.95301604905432]]]}},{"type":"Feature","properties":{"jobs":0,"pop":5,"pointCount":1,"homeWorkCommuteMedian":12836,"workHomeCommuteMedian":-1},"geometry":{"type":"Polygon","coordinates":[[[26.468320965421945,57.962009252691566],[26.468320965421945,57.97100245632881],[26.47731416905919,57.97100245632881],[26.47731416905919,57.962009252691566],[26.468320965421945,57.962009252691566]]]}},{"type":"Feature","properties":{"jobs":9,"pop":7,"pointCount":1,"homeWorkCommuteMedian":5313,"workHomeCommuteMedian":47447},"geometry":{"type":"Polygon","coordinates":[[[26.468320965421945,58.03395488178953],[26.468320965421945,58.04294808542678],[26.47731416905919,58.04294808542678],[26.47731416905919,58.03395488178953],[26.468320965421945,58.03395488178953]]]}},{"type":"Feature","properties":{"jobs":33,"pop":74,"pointCount":7,"homeWorkCommuteMedian":33571,"workHomeCommuteMedian":45888},"geometry":{"type":"Polygon","coordinates":[[[26.468320965421945,58.04294808542678],[26.468320965421945,58.051941289064025],[26.47731416905919,58.051941289064025],[26.47731416905919,58.04294808542678],[26.468320965421945,58.04294808542678]]]}},{"type":"Feature","properties":{"jobs":131,"pop":0,"pointCount":2,"homeWorkCommuteMedian":-1,"workHomeCommuteMedian":16156},"geometry":{"type":"Polygon","coordinates":[[[26.468320965421945,58.051941289064025],[26.468320965421945,58.06093449270127],[26.47731416905919,58.06093449270127],[26.47731416905919,58.051941289064025],[26.468320965421945,58.051941289064025]]]}},{"type":"Feature","properties":{"jobs":0,"pop":26,"pointCount":3,"homeWorkCommuteMedian":11387,"workHomeCommuteMedian":-1},"geometry":{"type":"Polygon","coordinates":[[[26.468320965421945,58.06093449270127],[26.468320965421945,58.06992769633852],[26.47731416905919,58.06992769633852],[26.47731416905919,58.06093449270127],[26.468320965421945,58.06093449270127]]]}},{"type":"Feature","properties":{"jobs":0,"pop":6,"pointCount":1,"homeWorkCommuteMedian":2802,"workHomeCommuteMedian":-1},"geometry":{"type":"Polygon","coordinates":[[[26.468320965421945,58.06992769633852],[26.468320965421945,58.07892089997576],[26.47731416905919,58.07892089997576],[26.47731416905919,58.06992769633852],[26.468320965421945,58.06992769633852]]]}},{"type":"Feature","properties":{"jobs":0,"pop":8,"pointCount":1,"homeWorkCommuteMedian":5462,"workHomeCommuteMedian":-1},"geometry":{"type":"Polygon","coordinates":[[[26.468320965421945,58.07892089997576],[26.468320965421945,58.08791410361301],[26.47731416905919,58.08791410361301],[26.47731416905919,58.07892089997576],[26.468320965421945,58.07892089997576]]]}},{"type":"Feature","properties":{"jobs":20,"pop":14,"pointCount":2,"homeWorkCommuteMedian":25580,"workHomeCommuteMedian":36660},"geometry":{"type":"Polygon","coordinates":[[[26.468320965421945,58.11489371452475],[26.468320965421945,58.12388691816199],[26.47731416905919,58.12388691816199],[26.47731416905919,58.11489371452475],[26.468320965421945,58.11489371452475]]]}},{"type":"Feature","properties":{"jobs":0,"pop":22,"pointCount":2,"homeWorkCommuteMedian":28822,"workHomeCommuteMedian":-1},"geometry":{"type":"Polygon","coordinates":[[[26.468320965421945,58.15985973271098],[26.468320965421945,58.16885293634822],[26.47731416905919,58.16885293634822],[26.47731416905919,58.15985973271098],[26.468320965421945,58.15985973271098]]]}},{"type":"Feature","properties":{"jobs":0,"pop":9,"pointCount":1,"homeWorkCommuteMedian":14131,"workHomeCommuteMedian":-1},"geometry":{"type":"Polygon","coordinates":[[[26.468320965421945,58.16885293634822],[26.468320965421945,58.17784613998547],[26.47731416905919,58.17784613998547],[26.47731416905919,58.16885293634822],[26.468320965421945,58.16885293634822]]]}},{"type":"Feature","properties":{"jobs":0,"pop":24,"pointCount":2,"homeWorkCommuteMedian":19683,"workHomeCommuteMedian":-1},"geometry":{"type":"Polygon","coordinates":[[[26.468320965421945,58.17784613998547],[26.468320965421945,58.186839343622715],[26.47731416905919,58.186839343622715],[26.47731416905919,58.17784613998547],[26.468320965421945,58.17784613998547]]]}},{"type":"Feature","properties":{"jobs":0,"pop":8,"pointCount":1,"homeWorkCommuteMedian":6328,"workHomeCommuteMedian":-1},"geometry":{"type":"Polygon","coordinates":[[[26.468320965421945,58.21381895453445],[26.468320965421945,58.2228121581717],[26.47731416905919,58.2228121581717],[26.47731416905919,58.21381895453445],[26.468320965421945,58.21381895453445]]]}},{"type":"Feature","properties":{"jobs":0,"pop":9,"pointCount":1,"homeWorkCommuteMedian":7386,"workHomeCommuteMedian":-1},"geometry":{"type":"Polygon","coordinates":[[[26.468320965421945,58.24079856544619],[26.468320965421945,58.24979176908344],[26.47731416905919,58.24979176908344],[26.47731416905919,58.24079856544619],[26.468320965421945,58.24079856544619]]]}},{"type":"Feature","properties":{"jobs":0,"pop":7,"pointCount":1,"homeWorkCommuteMedian":10488,"workHomeCommuteMedian":-1},"geometry":{"type":"Polygon","coordinates":[[[26.468320965421945,58.24979176908344],[26.468320965421945,58.25878497272068],[26.47731416905919,58.25878497272068],[26.47731416905919,58.24979176908344],[26.468320965421945,58.24979176908344]]]}},{"type":"Feature","properties":{"jobs":17,"pop":58,"pointCount":3,"homeWorkCommuteMedian":7203,"workHomeCommuteMedian":6166},"geometry":{"type":"Polygon","coordinates":[[[26.468320965421945,58.25878497272068],[26.468320965421945,58.26777817635793],[26.47731416905919,58.26777817635793],[26.47731416905919,58.25878497272068],[26.468320965421945,58.25878497272068]]]}},{"type":"Feature","properties":{"jobs":0,"pop":35,"pointCount":1,"homeWorkCommuteMedian":30828,"workHomeCommuteMedian":-1},"geometry":{"type":"Polygon","coordinates":[[[26.468320965421945,58.26777817635793],[26.468320965421945,58.276771379995175],[26.47731416905919,58.276771379995175],[26.47731416905919,58.26777817635793],[26.468320965421945,58.26777817635793]]]}},{"type":"Feature","properties":{"jobs":0,"pop":8,"pointCount":1,"homeWorkCommuteMedian":21767,"workHomeCommuteMedian":-1},"geometry":{"type":"Polygon","coordinates":[[[26.468320965421945,58.276771379995175],[26.468320965421945,58.28576458363242],[26.47731416905919,58.28576458363242],[26.47731416905919,58.276771379995175],[26.468320965421945,58.276771379995175]]]}},{"type":"Feature","properties":{"jobs":15,"pop":18,"pointCount":2,"homeWorkCommuteMedian":5149,"workHomeCommuteMedian":38069},"geometry":{"type":"Polygon","coordinates":[[[26.468320965421945,58.28576458363242],[26.468320965421945,58.29475778726967],[26.47731416905919,58.29475778726967],[26.47731416905919,58.28576458363242],[26.468320965421945,58.28576458363242]]]}},{"type":"Feature","properties":{"jobs":0,"pop":5,"pointCount":1,"homeWorkCommuteMedian":6617,"workHomeCommuteMedian":-1},"geometry":{"type":"Polygon","coordinates":[[[26.468320965421945,58.29475778726967],[26.468320965421945,58.30375099090691],[26.47731416905919,58.30375099090691],[26.47731416905919,58.29475778726967],[26.468320965421945,58.29475778726967]]]}},{"type":"Feature","properties":{"jobs":0,"pop":8,"pointCount":1,"homeWorkCommuteMedian":17327,"workHomeCommuteMedian":-1},"geometry":{"type":"Polygon","coordinates":[[[26.468320965421945,58.42965584182836],[26.468320965421945,58.4386490454656],[26.47731416905919,58.4386490454656],[26.47731416905919,58.42965584182836],[26.468320965421945,58.42965584182836]]]}},{"type":"Feature","properties":{"jobs":12,"pop":7,"pointCount":2,"homeWorkCommuteMedian":26477,"workHomeCommuteMedian":3835},"geometry":{"type":"Polygon","coordinates":[[[26.468320965421945,58.44764224910285],[26.468320965421945,58.456635452740095],[26.47731416905919,58.456635452740095],[26.47731416905919,58.44764224910285],[26.468320965421945,58.44764224910285]]]}},{"type":"Feature","properties":{"jobs":1,"pop":0,"pointCount":1,"homeWorkCommuteMedian":-1,"workHomeCommuteMedian":1877},"geometry":{"type":"Polygon","coordinates":[[[26.468320965421945,58.53757428547531],[26.468320965421945,58.546567489112554],[26.47731416905919,58.546567489112554],[26.47731416905919,58.53757428547531],[26.468320965421945,58.53757428547531]]]}},{"type":"Feature","properties":{"jobs":0,"pop":7,"pointCount":1,"homeWorkCommuteMedian":9544,"workHomeCommuteMedian":-1},"geometry":{"type":"Polygon","coordinates":[[[26.468320965421945,58.546567489112554],[26.468320965421945,58.5555606927498],[26.47731416905919,58.5555606927498],[26.47731416905919,58.546567489112554],[26.468320965421945,58.546567489112554]]]}},{"type":"Feature","properties":{"jobs":0,"pop":5,"pointCount":1,"homeWorkCommuteMedian":9221,"workHomeCommuteMedian":-1},"geometry":{"type":"Polygon","coordinates":[[[26.468320965421945,58.57354710002429],[26.468320965421945,58.58254030366154],[26.47731416905919,58.58254030366154],[26.47731416905919,58.57354710002429],[26.468320965421945,58.57354710002429]]]}},{"type":"Feature","properties":{"jobs":0,"pop":10,"pointCount":1,"homeWorkCommuteMedian":54817,"workHomeCommuteMedian":-1},"geometry":{"type":"Polygon","coordinates":[[[26.47731416905919,57.93502964177983],[26.47731416905919,57.944022845417074],[26.486307372696437,57.944022845417074],[26.486307372696437,57.93502964177983],[26.47731416905919,57.93502964177983]]]}},{"type":"Feature","properties":{"jobs":0,"pop":17,"pointCount":1,"homeWorkCommuteMedian":41761,"workHomeCommuteMedian":-1},"geometry":{"type":"Polygon","coordinates":[[[26.47731416905919,57.95301604905432],[26.47731416905919,57.962009252691566],[26.486307372696437,57.962009252691566],[26.486307372696437,57.95301604905432],[26.47731416905919,57.95301604905432]]]}},{"type":"Feature","properties":{"jobs":34,"pop":0,"pointCount":1,"homeWorkCommuteMedian":-1,"workHomeCommuteMedian":12929},"geometry":{"type":"Polygon","coordinates":[[[26.47731416905919,57.962009252691566],[26.47731416905919,57.97100245632881],[26.486307372696437,57.97100245632881],[26.486307372696437,57.962009252691566],[26.47731416905919,57.962009252691566]]]}},{"type":"Feature","properties":{"jobs":0,"pop":6,"pointCount":1,"homeWorkCommuteMedian":3931,"workHomeCommuteMedian":-1},"geometry":{"type":"Polygon","coordinates":[[[26.47731416905919,58.03395488178953],[26.47731416905919,58.04294808542678],[26.486307372696437,58.04294808542678],[26.486307372696437,58.03395488178953],[26.47731416905919,58.03395488178953]]]}},{"type":"Feature","properties":{"jobs":41,"pop":69,"pointCount":5,"homeWorkCommuteMedian":43788,"workHomeCommuteMedian":29780},"geometry":{"type":"Polygon","coordinates":[[[26.47731416905919,58.04294808542678],[26.47731416905919,58.051941289064025],[26.486307372696437,58.051941289064025],[26.486307372696437,58.04294808542678],[26.47731416905919,58.04294808542678]]]}},{"type":"Feature","properties":{"jobs":8,"pop":8,"pointCount":2,"homeWorkCommuteMedian":1555,"workHomeCommuteMedian":45445},"geometry":{"type":"Polygon","coordinates":[[[26.47731416905919,58.051941289064025],[26.47731416905919,58.06093449270127],[26.486307372696437,58.06093449270127],[26.486307372696437,58.051941289064025],[26.47731416905919,58.051941289064025]]]}},{"type":"Feature","properties":{"jobs":9,"pop":39,"pointCount":6,"homeWorkCommuteMedian":12929,"workHomeCommuteMedian":43437},"geometry":{"type":"Polygon","coordinates":[[[26.47731416905919,58.06093449270127],[26.47731416905919,58.06992769633852],[26.486307372696437,58.06992769633852],[26.486307372696437,58.06093449270127],[26.47731416905919,58.06093449270127]]]}},{"type":"Feature","properties":{"jobs":0,"pop":10,"pointCount":1,"homeWorkCommuteMedian":38340,"workHomeCommuteMedian":-1},"geometry":{"type":"Polygon","coordinates":[[[26.47731416905919,58.096907307250255],[26.47731416905919,58.1059005108875],[26.486307372696437,58.1059005108875],[26.486307372696437,58.096907307250255],[26.47731416905919,58.096907307250255]]]}},{"type":"Feature","properties":{"jobs":0,"pop":11,"pointCount":1,"homeWorkCommuteMedian":35331,"workHomeCommuteMedian":-1},"geometry":{"type":"Polygon","coordinates":[[[26.47731416905919,58.1059005108875],[26.47731416905919,58.11489371452475],[26.486307372696437,58.11489371452475],[26.486307372696437,58.1059005108875],[26.47731416905919,58.1059005108875]]]}},{"type":"Feature","properties":{"jobs":24,"pop":0,"pointCount":2,"homeWorkCommuteMedian":-1,"workHomeCommuteMedian":8840},"geometry":{"type":"Polygon","coordinates":[[[26.47731416905919,58.11489371452475],[26.47731416905919,58.12388691816199],[26.486307372696437,58.12388691816199],[26.486307372696437,58.11489371452475],[26.47731416905919,58.11489371452475]]]}},{"type":"Feature","properties":{"jobs":3,"pop":0,"pointCount":1,"homeWorkCommuteMedian":-1,"workHomeCommuteMedian":3706},"geometry":{"type":"Polygon","coordinates":[[[26.47731416905919,58.17784613998547],[26.47731416905919,58.186839343622715],[26.486307372696437,58.186839343622715],[26.486307372696437,58.17784613998547],[26.47731416905919,58.17784613998547]]]}},{"type":"Feature","properties":{"jobs":0,"pop":21,"pointCount":1,"homeWorkCommuteMedian":34644,"workHomeCommuteMedian":-1},"geometry":{"type":"Polygon","coordinates":[[[26.47731416905919,58.186839343622715],[26.47731416905919,58.19583254725996],[26.486307372696437,58.19583254725996],[26.486307372696437,58.186839343622715],[26.47731416905919,58.186839343622715]]]}},{"type":"Feature","properties":{"jobs":0,"pop":15,"pointCount":2,"homeWorkCommuteMedian":25647,"workHomeCommuteMedian":-1},"geometry":{"type":"Polygon","coordinates":[[[26.47731416905919,58.20482575089721],[26.47731416905919,58.21381895453445],[26.486307372696437,58.21381895453445],[26.486307372696437,58.20482575089721],[26.47731416905919,58.20482575089721]]]}},{"type":"Feature","properties":{"jobs":14,"pop":13,"pointCount":2,"homeWorkCommuteMedian":24334,"workHomeCommuteMedian":6279},"geometry":{"type":"Polygon","coordinates":[[[26.47731416905919,58.21381895453445],[26.47731416905919,58.2228121581717],[26.486307372696437,58.2228121581717],[26.486307372696437,58.21381895453445],[26.47731416905919,58.21381895453445]]]}},{"type":"Feature","properties":{"jobs":13,"pop":35,"pointCount":2,"homeWorkCommuteMedian":27654,"workHomeCommuteMedian":24754},"geometry":{"type":"Polygon","coordinates":[[[26.47731416905919,58.231805361808945],[26.47731416905919,58.24079856544619],[26.486307372696437,58.24079856544619],[26.486307372696437,58.231805361808945],[26.47731416905919,58.231805361808945]]]}},{"type":"Feature","properties":{"jobs":0,"pop":5,"pointCount":1,"homeWorkCommuteMedian":4084,"workHomeCommuteMedian":-1},"geometry":{"type":"Polygon","coordinates":[[[26.47731416905919,58.24079856544619],[26.47731416905919,58.24979176908344],[26.486307372696437,58.24979176908344],[26.486307372696437,58.24079856544619],[26.47731416905919,58.24079856544619]]]}},{"type":"Feature","properties":{"jobs":0,"pop":44,"pointCount":3,"homeWorkCommuteMedian":22578,"workHomeCommuteMedian":-1},"geometry":{"type":"Polygon","coordinates":[[[26.47731416905919,58.24979176908344],[26.47731416905919,58.25878497272068],[26.486307372696437,58.25878497272068],[26.486307372696437,58.24979176908344],[26.47731416905919,58.24979176908344]]]}},{"type":"Feature","properties":{"jobs":0,"pop":57,"pointCount":2,"homeWorkCommuteMedian":14191,"workHomeCommuteMedian":-1},"geometry":{"type":"Polygon","coordinates":[[[26.47731416905919,58.25878497272068],[26.47731416905919,58.26777817635793],[26.486307372696437,58.26777817635793],[26.486307372696437,58.25878497272068],[26.47731416905919,58.25878497272068]]]}},{"type":"Feature","properties":{"jobs":31,"pop":19,"pointCount":2,"homeWorkCommuteMedian":20478,"workHomeCommuteMedian":5766},"geometry":{"type":"Polygon","coordinates":[[[26.47731416905919,58.26777817635793],[26.47731416905919,58.276771379995175],[26.486307372696437,58.276771379995175],[26.486307372696437,58.26777817635793],[26.47731416905919,58.26777817635793]]]}},{"type":"Feature","properties":{"jobs":0,"pop":5,"pointCount":1,"homeWorkCommuteMedian":4524,"workHomeCommuteMedian":-1},"geometry":{"type":"Polygon","coordinates":[[[26.47731416905919,58.28576458363242],[26.47731416905919,58.29475778726967],[26.486307372696437,58.29475778726967],[26.486307372696437,58.28576458363242],[26.47731416905919,58.28576458363242]]]}},{"type":"Feature","properties":{"jobs":0,"pop":6,"pointCount":1,"homeWorkCommuteMedian":10795,"workHomeCommuteMedian":-1},"geometry":{"type":"Polygon","coordinates":[[[26.47731416905919,58.321737398181405],[26.47731416905919,58.33073060181865],[26.486307372696437,58.33073060181865],[26.486307372696437,58.321737398181405],[26.47731416905919,58.321737398181405]]]}},{"type":"Feature","properties":{"jobs":51,"pop":10,"pointCount":4,"homeWorkCommuteMedian":19899,"workHomeCommuteMedian":18945},"geometry":{"type":"Polygon","coordinates":[[[26.47731416905919,58.42965584182836],[26.47731416905919,58.4386490454656],[26.486307372696437,58.4386490454656],[26.486307372696437,58.42965584182836],[26.47731416905919,58.42965584182836]]]}},{"type":"Feature","properties":{"jobs":0,"pop":18,"pointCount":1,"homeWorkCommuteMedian":51335,"workHomeCommuteMedian":-1},"geometry":{"type":"Polygon","coordinates":[[[26.486307372696437,57.97999565996606],[26.486307372696437,57.9889888636033],[26.495300576333683,57.9889888636033],[26.495300576333683,57.97999565996606],[26.486307372696437,57.97999565996606]]]}},{"type":"Feature","properties":{"jobs":0,"pop":13,"pointCount":1,"homeWorkCommuteMedian":26208,"workHomeCommuteMedian":-1},"geometry":{"type":"Polygon","coordinates":[[[26.486307372696437,58.006975270877795],[26.486307372696437,58.01596847451504],[26.495300576333683,58.01596847451504],[26.495300576333683,58.006975270877795],[26.486307372696437,58.006975270877795]]]}},{"type":"Feature","properties":{"jobs":7,"pop":0,"pointCount":1,"homeWorkCommuteMedian":-1,"workHomeCommuteMedian":2413},"geometry":{"type":"Polygon","coordinates":[[[26.486307372696437,58.03395488178953],[26.486307372696437,58.04294808542678],[26.495300576333683,58.04294808542678],[26.495300576333683,58.03395488178953],[26.486307372696437,58.03395488178953]]]}},{"type":"Feature","properties":{"jobs":165,"pop":412,"pointCount":11,"homeWorkCommuteMedian":14874,"workHomeCommuteMedian":37424},"geometry":{"type":"Polygon","coordinates":[[[26.486307372696437,58.051941289064025],[26.486307372696437,58.06093449270127],[26.495300576333683,58.06093449270127],[26.495300576333683,58.051941289064025],[26.486307372696437,58.051941289064025]]]}},{"type":"Feature","properties":{"jobs":7,"pop":96,"pointCount":4,"homeWorkCommuteMedian":43937,"workHomeCommuteMedian":39123},"geometry":{"type":"Polygon","coordinates":[[[26.486307372696437,58.06093449270127],[26.486307372696437,58.06992769633852],[26.495300576333683,58.06992769633852],[26.495300576333683,58.06093449270127],[26.486307372696437,58.06093449270127]]]}},{"type":"Feature","properties":{"jobs":2,"pop":0,"pointCount":1,"homeWorkCommuteMedian":-1,"workHomeCommuteMedian":6723},"geometry":{"type":"Polygon","coordinates":[[[26.486307372696437,58.16885293634822],[26.486307372696437,58.17784613998547],[26.495300576333683,58.17784613998547],[26.495300576333683,58.16885293634822],[26.486307372696437,58.16885293634822]]]}},{"type":"Feature","properties":{"jobs":5,"pop":24,"pointCount":2,"homeWorkCommuteMedian":27711,"workHomeCommuteMedian":2955},"geometry":{"type":"Polygon","coordinates":[[[26.486307372696437,58.21381895453445],[26.486307372696437,58.2228121581717],[26.495300576333683,58.2228121581717],[26.495300576333683,58.21381895453445],[26.486307372696437,58.21381895453445]]]}},{"type":"Feature","properties":{"jobs":0,"pop":6,"pointCount":1,"homeWorkCommuteMedian":10088,"workHomeCommuteMedian":-1},"geometry":{"type":"Polygon","coordinates":[[[26.486307372696437,58.2228121581717],[26.486307372696437,58.231805361808945],[26.495300576333683,58.231805361808945],[26.495300576333683,58.2228121581717],[26.486307372696437,58.2228121581717]]]}},{"type":"Feature","properties":{"jobs":0,"pop":7,"pointCount":1,"homeWorkCommuteMedian":4989,"workHomeCommuteMedian":-1},"geometry":{"type":"Polygon","coordinates":[[[26.486307372696437,58.24979176908344],[26.486307372696437,58.25878497272068],[26.495300576333683,58.25878497272068],[26.495300576333683,58.24979176908344],[26.486307372696437,58.24979176908344]]]}},{"type":"Feature","properties":{"jobs":0,"pop":5,"pointCount":1,"homeWorkCommuteMedian":2749,"workHomeCommuteMedian":-1},"geometry":{"type":"Polygon","coordinates":[[[26.486307372696437,58.26777817635793],[26.486307372696437,58.276771379995175],[26.495300576333683,58.276771379995175],[26.495300576333683,58.26777817635793],[26.486307372696437,58.26777817635793]]]}},{"type":"Feature","properties":{"jobs":0,"pop":14,"pointCount":2,"homeWorkCommuteMedian":8761,"workHomeCommuteMedian":-1},"geometry":{"type":"Polygon","coordinates":[[[26.486307372696437,58.28576458363242],[26.486307372696437,58.29475778726967],[26.495300576333683,58.29475778726967],[26.495300576333683,58.28576458363242],[26.486307372696437,58.28576458363242]]]}},{"type":"Feature","properties":{"jobs":0,"pop":7,"pointCount":1,"homeWorkCommuteMedian":18962,"workHomeCommuteMedian":-1},"geometry":{"type":"Polygon","coordinates":[[[26.486307372696437,58.29475778726967],[26.486307372696437,58.30375099090691],[26.495300576333683,58.30375099090691],[26.495300576333683,58.29475778726967],[26.486307372696437,58.29475778726967]]]}},{"type":"Feature","properties":{"jobs":18,"pop":9,"pointCount":2,"homeWorkCommuteMedian":8716,"workHomeCommuteMedian":18087},"geometry":{"type":"Polygon","coordinates":[[[26.486307372696437,58.31274419454416],[26.486307372696437,58.321737398181405],[26.495300576333683,58.321737398181405],[26.495300576333683,58.31274419454416],[26.486307372696437,58.31274419454416]]]}},{"type":"Feature","properties":{"jobs":0,"pop":8,"pointCount":1,"homeWorkCommuteMedian":2732,"workHomeCommuteMedian":-1},"geometry":{"type":"Polygon","coordinates":[[[26.486307372696437,58.42066263819111],[26.486307372696437,58.42965584182836],[26.495300576333683,58.42965584182836],[26.495300576333683,58.42066263819111],[26.486307372696437,58.42066263819111]]]}},{"type":"Feature","properties":{"jobs":0,"pop":10,"pointCount":2,"homeWorkCommuteMedian":28049,"workHomeCommuteMedian":-1},"geometry":{"type":"Polygon","coordinates":[[[26.486307372696437,58.42965584182836],[26.486307372696437,58.4386490454656],[26.495300576333683,58.4386490454656],[26.495300576333683,58.42965584182836],[26.486307372696437,58.42965584182836]]]}},{"type":"Feature","properties":{"jobs":5,"pop":15,"pointCount":3,"homeWorkCommuteMedian":27458,"workHomeCommuteMedian":17987},"geometry":{"type":"Polygon","coordinates":[[[26.486307372696437,58.56455389638705],[26.486307372696437,58.57354710002429],[26.495300576333683,58.57354710002429],[26.495300576333683,58.56455389638705],[26.486307372696437,58.56455389638705]]]}},{"type":"Feature","properties":{"jobs":0,"pop":8,"pointCount":1,"homeWorkCommuteMedian":17290,"workHomeCommuteMedian":-1},"geometry":{"type":"Polygon","coordinates":[[[26.495300576333683,57.962009252691566],[26.495300576333683,57.97100245632881],[26.50429377997093,57.97100245632881],[26.50429377997093,57.962009252691566],[26.495300576333683,57.962009252691566]]]}},{"type":"Feature","properties":{"jobs":8,"pop":0,"pointCount":1,"homeWorkCommuteMedian":-1,"workHomeCommuteMedian":54517},"geometry":{"type":"Polygon","coordinates":[[[26.495300576333683,57.97999565996606],[26.495300576333683,57.9889888636033],[26.50429377997093,57.9889888636033],[26.50429377997093,57.97999565996606],[26.495300576333683,57.97999565996606]]]}},{"type":"Feature","properties":{"jobs":0,"pop":10,"pointCount":1,"homeWorkCommuteMedian":45264,"workHomeCommuteMedian":-1},"geometry":{"type":"Polygon","coordinates":[[[26.495300576333683,57.99798206724055],[26.495300576333683,58.006975270877795],[26.50429377997093,58.006975270877795],[26.50429377997093,57.99798206724055],[26.495300576333683,57.99798206724055]]]}},{"type":"Feature","properties":{"jobs":0,"pop":10,"pointCount":1,"homeWorkCommuteMedian":6931,"workHomeCommuteMedian":-1},"geometry":{"type":"Polygon","coordinates":[[[26.495300576333683,58.01596847451504],[26.495300576333683,58.02496167815229],[26.50429377997093,58.02496167815229],[26.50429377997093,58.01596847451504],[26.495300576333683,58.01596847451504]]]}},{"type":"Feature","properties":{"jobs":0,"pop":8,"pointCount":1,"homeWorkCommuteMedian":24959,"workHomeCommuteMedian":-1},"geometry":{"type":"Polygon","coordinates":[[[26.495300576333683,58.03395488178953],[26.495300576333683,58.04294808542678],[26.50429377997093,58.04294808542678],[26.50429377997093,58.03395488178953],[26.495300576333683,58.03395488178953]]]}},{"type":"Feature","properties":{"jobs":53,"pop":9,"pointCount":3,"homeWorkCommuteMedian":3960,"workHomeCommuteMedian":2498},"geometry":{"type":"Polygon","coordinates":[[[26.495300576333683,58.04294808542678],[26.495300576333683,58.051941289064025],[26.50429377997093,58.051941289064025],[26.50429377997093,58.04294808542678],[26.495300576333683,58.04294808542678]]]}},{"type":"Feature","properties":{"jobs":495,"pop":192,"pointCount":19,"homeWorkCommuteMedian":2693,"workHomeCommuteMedian":16475},"geometry":{"type":"Polygon","coordinates":[[[26.495300576333683,58.051941289064025],[26.495300576333683,58.06093449270127],[26.50429377997093,58.06093449270127],[26.50429377997093,58.051941289064025],[26.495300576333683,58.051941289064025]]]}},{"type":"Feature","properties":{"jobs":40,"pop":123,"pointCount":7,"homeWorkCommuteMedian":17264,"workHomeCommuteMedian":38598},"geometry":{"type":"Polygon","coordinates":[[[26.495300576333683,58.06093449270127],[26.495300576333683,58.06992769633852],[26.50429377997093,58.06992769633852],[26.50429377997093,58.06093449270127],[26.495300576333683,58.06093449270127]]]}},{"type":"Feature","properties":{"jobs":0,"pop":5,"pointCount":1,"homeWorkCommuteMedian":4947,"workHomeCommuteMedian":-1},"geometry":{"type":"Polygon","coordinates":[[[26.495300576333683,58.07892089997576],[26.495300576333683,58.08791410361301],[26.50429377997093,58.08791410361301],[26.50429377997093,58.07892089997576],[26.495300576333683,58.07892089997576]]]}},{"type":"Feature","properties":{"jobs":9,"pop":12,"pointCount":3,"homeWorkCommuteMedian":8199,"workHomeCommuteMedian":7386},"geometry":{"type":"Polygon","coordinates":[[[26.495300576333683,58.231805361808945],[26.495300576333683,58.24079856544619],[26.50429377997093,58.24079856544619],[26.50429377997093,58.231805361808945],[26.495300576333683,58.231805361808945]]]}},{"type":"Feature","properties":{"jobs":0,"pop":5,"pointCount":1,"homeWorkCommuteMedian":11094,"workHomeCommuteMedian":-1},"geometry":{"type":"Polygon","coordinates":[[[26.495300576333683,58.24079856544619],[26.495300576333683,58.24979176908344],[26.50429377997093,58.24979176908344],[26.50429377997093,58.24079856544619],[26.495300576333683,58.24079856544619]]]}},{"type":"Feature","properties":{"jobs":0,"pop":8,"pointCount":1,"homeWorkCommuteMedian":28418,"workHomeCommuteMedian":-1},"geometry":{"type":"Polygon","coordinates":[[[26.495300576333683,58.24979176908344],[26.495300576333683,58.25878497272068],[26.50429377997093,58.25878497272068],[26.50429377997093,58.24979176908344],[26.495300576333683,58.24979176908344]]]}},{"type":"Feature","properties":{"jobs":0,"pop":11,"pointCount":1,"homeWorkCommuteMedian":19240,"workHomeCommuteMedian":-1},"geometry":{"type":"Polygon","coordinates":[[[26.495300576333683,58.25878497272068],[26.495300576333683,58.26777817635793],[26.50429377997093,58.26777817635793],[26.50429377997093,58.25878497272068],[26.495300576333683,58.25878497272068]]]}},{"type":"Feature","properties":{"jobs":0,"pop":11,"pointCount":2,"homeWorkCommuteMedian":5029,"workHomeCommuteMedian":-1},"geometry":{"type":"Polygon","coordinates":[[[26.495300576333683,58.26777817635793],[26.495300576333683,58.276771379995175],[26.50429377997093,58.276771379995175],[26.50429377997093,58.26777817635793],[26.495300576333683,58.26777817635793]]]}},{"type":"Feature","properties":{"jobs":0,"pop":13,"pointCount":1,"homeWorkCommuteMedian":28333,"workHomeCommuteMedian":-1},"geometry":{"type":"Polygon","coordinates":[[[26.495300576333683,58.34871700909314],[26.495300576333683,58.35771021273039],[26.50429377997093,58.35771021273039],[26.50429377997093,58.34871700909314],[26.495300576333683,58.34871700909314]]]}},{"type":"Feature","properties":{"jobs":0,"pop":15,"pointCount":1,"homeWorkCommuteMedian":38424,"workHomeCommuteMedian":-1},"geometry":{"type":"Polygon","coordinates":[[[26.495300576333683,58.56455389638705],[26.495300576333683,58.57354710002429],[26.50429377997093,58.57354710002429],[26.50429377997093,58.56455389638705],[26.495300576333683,58.56455389638705]]]}},{"type":"Feature","properties":{"jobs":9,"pop":0,"pointCount":1,"homeWorkCommuteMedian":-1,"workHomeCommuteMedian":52611},"geometry":{"type":"Polygon","coordinates":[[[26.50429377997093,57.97999565996606],[26.50429377997093,57.9889888636033],[26.513286983608175,57.9889888636033],[26.513286983608175,57.97999565996606],[26.50429377997093,57.97999565996606]]]}},{"type":"Feature","properties":{"jobs":20,"pop":6,"pointCount":2,"homeWorkCommuteMedian":11943,"workHomeCommuteMedian":3752},"geometry":{"type":"Polygon","coordinates":[[[26.50429377997093,58.03395488178953],[26.50429377997093,58.04294808542678],[26.513286983608175,58.04294808542678],[26.513286983608175,58.03395488178953],[26.50429377997093,58.03395488178953]]]}},{"type":"Feature","properties":{"jobs":125,"pop":7,"pointCount":4,"homeWorkCommuteMedian":2335,"workHomeCommuteMedian":30305},"geometry":{"type":"Polygon","coordinates":[[[26.50429377997093,58.051941289064025],[26.50429377997093,58.06093449270127],[26.513286983608175,58.06093449270127],[26.513286983608175,58.051941289064025],[26.50429377997093,58.051941289064025]]]}},{"type":"Feature","properties":{"jobs":18,"pop":35,"pointCount":4,"homeWorkCommuteMedian":24754,"workHomeCommuteMedian":43503},"geometry":{"type":"Polygon","coordinates":[[[26.50429377997093,58.06093449270127],[26.50429377997093,58.06992769633852],[26.513286983608175,58.06992769633852],[26.513286983608175,58.06093449270127],[26.50429377997093,58.06093449270127]]]}},{"type":"Feature","properties":{"jobs":0,"pop":19,"pointCount":1,"homeWorkCommuteMedian":26490,"workHomeCommuteMedian":-1},"geometry":{"type":"Polygon","coordinates":[[[26.50429377997093,58.06992769633852],[26.50429377997093,58.07892089997576],[26.513286983608175,58.07892089997576],[26.513286983608175,58.06992769633852],[26.50429377997093,58.06992769633852]]]}},{"type":"Feature","properties":{"jobs":0,"pop":8,"pointCount":1,"homeWorkCommuteMedian":34549,"workHomeCommuteMedian":-1},"geometry":{"type":"Polygon","coordinates":[[[26.50429377997093,58.141873325436485],[26.50429377997093,58.15086652907373],[26.513286983608175,58.15086652907373],[26.513286983608175,58.141873325436485],[26.50429377997093,58.141873325436485]]]}},{"type":"Feature","properties":{"jobs":0,"pop":5,"pointCount":1,"homeWorkCommuteMedian":27860,"workHomeCommuteMedian":-1},"geometry":{"type":"Polygon","coordinates":[[[26.50429377997093,58.17784613998547],[26.50429377997093,58.186839343622715],[26.513286983608175,58.186839343622715],[26.513286983608175,58.17784613998547],[26.50429377997093,58.17784613998547]]]}},{"type":"Feature","properties":{"jobs":0,"pop":10,"pointCount":1,"homeWorkCommuteMedian":29774,"workHomeCommuteMedian":-1},"geometry":{"type":"Polygon","coordinates":[[[26.50429377997093,58.20482575089721],[26.50429377997093,58.21381895453445],[26.513286983608175,58.21381895453445],[26.513286983608175,58.20482575089721],[26.50429377997093,58.20482575089721]]]}},{"type":"Feature","properties":{"jobs":2,"pop":0,"pointCount":1,"homeWorkCommuteMedian":-1,"workHomeCommuteMedian":7572},"geometry":{"type":"Polygon","coordinates":[[[26.50429377997093,58.21381895453445],[26.50429377997093,58.2228121581717],[26.513286983608175,58.2228121581717],[26.513286983608175,58.21381895453445],[26.50429377997093,58.21381895453445]]]}},{"type":"Feature","properties":{"jobs":0,"pop":8,"pointCount":1,"homeWorkCommuteMedian":2228,"workHomeCommuteMedian":-1},"geometry":{"type":"Polygon","coordinates":[[[26.50429377997093,58.2228121581717],[26.50429377997093,58.231805361808945],[26.513286983608175,58.231805361808945],[26.513286983608175,58.2228121581717],[26.50429377997093,58.2228121581717]]]}},{"type":"Feature","properties":{"jobs":0,"pop":6,"pointCount":1,"homeWorkCommuteMedian":3243,"workHomeCommuteMedian":-1},"geometry":{"type":"Polygon","coordinates":[[[26.50429377997093,58.26777817635793],[26.50429377997093,58.276771379995175],[26.513286983608175,58.276771379995175],[26.513286983608175,58.26777817635793],[26.50429377997093,58.26777817635793]]]}},{"type":"Feature","properties":{"jobs":0,"pop":14,"pointCount":2,"homeWorkCommuteMedian":5406,"workHomeCommuteMedian":-1},"geometry":{"type":"Polygon","coordinates":[[[26.50429377997093,58.276771379995175],[26.50429377997093,58.28576458363242],[26.513286983608175,58.28576458363242],[26.513286983608175,58.276771379995175],[26.50429377997093,58.276771379995175]]]}},{"type":"Feature","properties":{"jobs":0,"pop":7,"pointCount":1,"homeWorkCommuteMedian":5683,"workHomeCommuteMedian":-1},"geometry":{"type":"Polygon","coordinates":[[[26.50429377997093,58.34871700909314],[26.50429377997093,58.35771021273039],[26.513286983608175,58.35771021273039],[26.513286983608175,58.34871700909314],[26.50429377997093,58.34871700909314]]]}},{"type":"Feature","properties":{"jobs":5,"pop":10,"pointCount":2,"homeWorkCommuteMedian":18524,"workHomeCommuteMedian":14266},"geometry":{"type":"Polygon","coordinates":[[[26.50429377997093,58.4386490454656],[26.50429377997093,58.44764224910285],[26.513286983608175,58.44764224910285],[26.513286983608175,58.4386490454656],[26.50429377997093,58.4386490454656]]]}},{"type":"Feature","properties":{"jobs":0,"pop":13,"pointCount":1,"homeWorkCommuteMedian":30087,"workHomeCommuteMedian":-1},"geometry":{"type":"Polygon","coordinates":[[[26.50429377997093,58.56455389638705],[26.50429377997093,58.57354710002429],[26.513286983608175,58.57354710002429],[26.513286983608175,58.56455389638705],[26.50429377997093,58.56455389638705]]]}},{"type":"Feature","properties":{"jobs":0,"pop":5,"pointCount":1,"homeWorkCommuteMedian":16779,"workHomeCommuteMedian":-1},"geometry":{"type":"Polygon","coordinates":[[[26.50429377997093,58.57354710002429],[26.50429377997093,58.58254030366154],[26.513286983608175,58.58254030366154],[26.513286983608175,58.57354710002429],[26.50429377997093,58.57354710002429]]]}},{"type":"Feature","properties":{"jobs":0,"pop":25,"pointCount":2,"homeWorkCommuteMedian":15139,"workHomeCommuteMedian":-1},"geometry":{"type":"Polygon","coordinates":[[[26.513286983608175,57.97100245632881],[26.513286983608175,57.97999565996606],[26.52228018724542,57.97999565996606],[26.52228018724542,57.97100245632881],[26.513286983608175,57.97100245632881]]]}},{"type":"Feature","properties":{"jobs":36,"pop":5,"pointCount":3,"homeWorkCommuteMedian":21992,"workHomeCommuteMedian":45010},"geometry":{"type":"Polygon","coordinates":[[[26.513286983608175,58.06093449270127],[26.513286983608175,58.06992769633852],[26.52228018724542,58.06992769633852],[26.52228018724542,58.06093449270127],[26.513286983608175,58.06093449270127]]]}},{"type":"Feature","properties":{"jobs":14,"pop":6,"pointCount":2,"homeWorkCommuteMedian":10339,"workHomeCommuteMedian":11383},"geometry":{"type":"Polygon","coordinates":[[[26.513286983608175,58.06992769633852],[26.513286983608175,58.07892089997576],[26.52228018724542,58.07892089997576],[26.52228018724542,58.06992769633852],[26.513286983608175,58.06992769633852]]]}},{"type":"Feature","properties":{"jobs":0,"pop":5,"pointCount":1,"homeWorkCommuteMedian":11739,"workHomeCommuteMedian":-1},"geometry":{"type":"Polygon","coordinates":[[[26.513286983608175,58.07892089997576],[26.513286983608175,58.08791410361301],[26.52228018724542,58.08791410361301],[26.52228018724542,58.07892089997576],[26.513286983608175,58.07892089997576]]]}},{"type":"Feature","properties":{"jobs":0,"pop":8,"pointCount":1,"homeWorkCommuteMedian":12196,"workHomeCommuteMedian":-1},"geometry":{"type":"Polygon","coordinates":[[[26.513286983608175,58.08791410361301],[26.513286983608175,58.096907307250255],[26.52228018724542,58.096907307250255],[26.52228018724542,58.08791410361301],[26.513286983608175,58.08791410361301]]]}},{"type":"Feature","properties":{"jobs":0,"pop":40,"pointCount":3,"homeWorkCommuteMedian":34372,"workHomeCommuteMedian":-1},"geometry":{"type":"Polygon","coordinates":[[[26.513286983608175,58.12388691816199],[26.513286983608175,58.13288012179924],[26.52228018724542,58.13288012179924],[26.52228018724542,58.12388691816199],[26.513286983608175,58.12388691816199]]]}},{"type":"Feature","properties":{"jobs":0,"pop":7,"pointCount":1,"homeWorkCommuteMedian":10612,"workHomeCommuteMedian":-1},"geometry":{"type":"Polygon","coordinates":[[[26.513286983608175,58.141873325436485],[26.513286983608175,58.15086652907373],[26.52228018724542,58.15086652907373],[26.52228018724542,58.141873325436485],[26.513286983608175,58.141873325436485]]]}},{"type":"Feature","properties":{"jobs":0,"pop":12,"pointCount":2,"homeWorkCommuteMedian":3633,"workHomeCommuteMedian":-1},"geometry":{"type":"Polygon","coordinates":[[[26.513286983608175,58.17784613998547],[26.513286983608175,58.186839343622715],[26.52228018724542,58.186839343622715],[26.52228018724542,58.17784613998547],[26.513286983608175,58.17784613998547]]]}},{"type":"Feature","properties":{"jobs":0,"pop":6,"pointCount":1,"homeWorkCommuteMedian":40840,"workHomeCommuteMedian":-1},"geometry":{"type":"Polygon","coordinates":[[[26.513286983608175,58.21381895453445],[26.513286983608175,58.2228121581717],[26.52228018724542,58.2228121581717],[26.52228018724542,58.21381895453445],[26.513286983608175,58.21381895453445]]]}},{"type":"Feature","properties":{"jobs":19,"pop":0,"pointCount":1,"homeWorkCommuteMedian":-1,"workHomeCommuteMedian":7367},"geometry":{"type":"Polygon","coordinates":[[[26.513286983608175,58.24979176908344],[26.513286983608175,58.25878497272068],[26.52228018724542,58.25878497272068],[26.52228018724542,58.24979176908344],[26.513286983608175,58.24979176908344]]]}},{"type":"Feature","properties":{"jobs":0,"pop":24,"pointCount":3,"homeWorkCommuteMedian":5691,"workHomeCommuteMedian":-1},"geometry":{"type":"Polygon","coordinates":[[[26.513286983608175,58.25878497272068],[26.513286983608175,58.26777817635793],[26.52228018724542,58.26777817635793],[26.52228018724542,58.25878497272068],[26.513286983608175,58.25878497272068]]]}},{"type":"Feature","properties":{"jobs":61,"pop":38,"pointCount":5,"homeWorkCommuteMedian":17892,"workHomeCommuteMedian":4524},"geometry":{"type":"Polygon","coordinates":[[[26.513286983608175,58.26777817635793],[26.513286983608175,58.276771379995175],[26.52228018724542,58.276771379995175],[26.52228018724542,58.26777817635793],[26.513286983608175,58.26777817635793]]]}},{"type":"Feature","properties":{"jobs":0,"pop":26,"pointCount":2,"homeWorkCommuteMedian":15607,"workHomeCommuteMedian":-1},"geometry":{"type":"Polygon","coordinates":[[[26.513286983608175,58.276771379995175],[26.513286983608175,58.28576458363242],[26.52228018724542,58.28576458363242],[26.52228018724542,58.276771379995175],[26.513286983608175,58.276771379995175]]]}},{"type":"Feature","properties":{"jobs":0,"pop":9,"pointCount":1,"homeWorkCommuteMedian":7275,"workHomeCommuteMedian":-1},"geometry":{"type":"Polygon","coordinates":[[[26.513286983608175,58.29475778726967],[26.513286983608175,58.30375099090691],[26.52228018724542,58.30375099090691],[26.52228018724542,58.29475778726967],[26.513286983608175,58.29475778726967]]]}},{"type":"Feature","properties":{"jobs":18,"pop":38,"pointCount":4,"homeWorkCommuteMedian":13540,"workHomeCommuteMedian":20142},"geometry":{"type":"Polygon","coordinates":[[[26.513286983608175,58.34871700909314],[26.513286983608175,58.35771021273039],[26.52228018724542,58.35771021273039],[26.52228018724542,58.34871700909314],[26.513286983608175,58.34871700909314]]]}},{"type":"Feature","properties":{"jobs":128,"pop":0,"pointCount":2,"homeWorkCommuteMedian":-1,"workHomeCommuteMedian":38424},"geometry":{"type":"Polygon","coordinates":[[[26.513286983608175,58.35771021273039],[26.513286983608175,58.366703416367635],[26.52228018724542,58.366703416367635],[26.52228018724542,58.35771021273039],[26.513286983608175,58.35771021273039]]]}},{"type":"Feature","properties":{"jobs":0,"pop":5,"pointCount":1,"homeWorkCommuteMedian":11876,"workHomeCommuteMedian":-1},"geometry":{"type":"Polygon","coordinates":[[[26.52228018724542,57.97999565996606],[26.52228018724542,57.9889888636033],[26.531273390882667,57.9889888636033],[26.531273390882667,57.97999565996606],[26.52228018724542,57.97999565996606]]]}},{"type":"Feature","properties":{"jobs":0,"pop":16,"pointCount":1,"homeWorkCommuteMedian":51735,"workHomeCommuteMedian":-1},"geometry":{"type":"Polygon","coordinates":[[[26.52228018724542,57.9889888636033],[26.52228018724542,57.99798206724055],[26.531273390882667,57.99798206724055],[26.531273390882667,57.9889888636033],[26.52228018724542,57.9889888636033]]]}},{"type":"Feature","properties":{"jobs":0,"pop":6,"pointCount":1,"homeWorkCommuteMedian":3429,"workHomeCommuteMedian":-1},"geometry":{"type":"Polygon","coordinates":[[[26.52228018724542,58.04294808542678],[26.52228018724542,58.051941289064025],[26.531273390882667,58.051941289064025],[26.531273390882667,58.04294808542678],[26.52228018724542,58.04294808542678]]]}},{"type":"Feature","properties":{"jobs":14,"pop":21,"pointCount":3,"homeWorkCommuteMedian":40140,"workHomeCommuteMedian":39206},"geometry":{"type":"Polygon","coordinates":[[[26.52228018724542,58.06992769633852],[26.52228018724542,58.07892089997576],[26.531273390882667,58.07892089997576],[26.531273390882667,58.06992769633852],[26.52228018724542,58.06992769633852]]]}},{"type":"Feature","properties":{"jobs":0,"pop":6,"pointCount":1,"homeWorkCommuteMedian":31174,"workHomeCommuteMedian":-1},"geometry":{"type":"Polygon","coordinates":[[[26.52228018724542,58.11489371452475],[26.52228018724542,58.12388691816199],[26.531273390882667,58.12388691816199],[26.531273390882667,58.11489371452475],[26.52228018724542,58.11489371452475]]]}},{"type":"Feature","properties":{"jobs":32,"pop":24,"pointCount":4,"homeWorkCommuteMedian":8944,"workHomeCommuteMedian":8364},"geometry":{"type":"Polygon","coordinates":[[[26.52228018724542,58.12388691816199],[26.52228018724542,58.13288012179924],[26.531273390882667,58.13288012179924],[26.531273390882667,58.12388691816199],[26.52228018724542,58.12388691816199]]]}},{"type":"Feature","properties":{"jobs":8,"pop":12,"pointCount":3,"homeWorkCommuteMedian":11150,"workHomeCommuteMedian":35206},"geometry":{"type":"Polygon","coordinates":[[[26.52228018724542,58.13288012179924],[26.52228018724542,58.141873325436485],[26.531273390882667,58.141873325436485],[26.531273390882667,58.13288012179924],[26.52228018724542,58.13288012179924]]]}},{"type":"Feature","properties":{"jobs":0,"pop":6,"pointCount":1,"homeWorkCommuteMedian":19869,"workHomeCommuteMedian":-1},"geometry":{"type":"Polygon","coordinates":[[[26.52228018724542,58.16885293634822],[26.52228018724542,58.17784613998547],[26.531273390882667,58.17784613998547],[26.531273390882667,58.16885293634822],[26.52228018724542,58.16885293634822]]]}},{"type":"Feature","properties":{"jobs":7,"pop":13,"pointCount":3,"homeWorkCommuteMedian":31549,"workHomeCommuteMedian":4353},"geometry":{"type":"Polygon","coordinates":[[[26.52228018724542,58.25878497272068],[26.52228018724542,58.26777817635793],[26.531273390882667,58.26777817635793],[26.531273390882667,58.25878497272068],[26.52228018724542,58.25878497272068]]]}},{"type":"Feature","properties":{"jobs":135,"pop":82,"pointCount":8,"homeWorkCommuteMedian":18013,"workHomeCommuteMedian":10145},"geometry":{"type":"Polygon","coordinates":[[[26.52228018724542,58.26777817635793],[26.52228018724542,58.276771379995175],[26.531273390882667,58.276771379995175],[26.531273390882667,58.26777817635793],[26.52228018724542,58.26777817635793]]]}},{"type":"Feature","properties":{"jobs":0,"pop":57,"pointCount":4,"homeWorkCommuteMedian":18089,"workHomeCommuteMedian":-1},"geometry":{"type":"Polygon","coordinates":[[[26.52228018724542,58.276771379995175],[26.52228018724542,58.28576458363242],[26.531273390882667,58.28576458363242],[26.531273390882667,58.276771379995175],[26.52228018724542,58.276771379995175]]]}},{"type":"Feature","properties":{"jobs":0,"pop":6,"pointCount":1,"homeWorkCommuteMedian":10365,"workHomeCommuteMedian":-1},"geometry":{"type":"Polygon","coordinates":[[[26.52228018724542,58.31274419454416],[26.52228018724542,58.321737398181405],[26.531273390882667,58.321737398181405],[26.531273390882667,58.31274419454416],[26.52228018724542,58.31274419454416]]]}},{"type":"Feature","properties":{"jobs":71,"pop":0,"pointCount":2,"homeWorkCommuteMedian":-1,"workHomeCommuteMedian":16452},"geometry":{"type":"Polygon","coordinates":[[[26.52228018724542,58.321737398181405],[26.52228018724542,58.33073060181865],[26.531273390882667,58.33073060181865],[26.531273390882667,58.321737398181405],[26.52228018724542,58.321737398181405]]]}},{"type":"Feature","properties":{"jobs":0,"pop":16,"pointCount":1,"homeWorkCommuteMedian":28637,"workHomeCommuteMedian":-1},"geometry":{"type":"Polygon","coordinates":[[[26.52228018724542,58.3397238054559],[26.52228018724542,58.34871700909314],[26.531273390882667,58.34871700909314],[26.531273390882667,58.3397238054559],[26.52228018724542,58.3397238054559]]]}},{"type":"Feature","properties":{"jobs":14,"pop":36,"pointCount":4,"homeWorkCommuteMedian":15460,"workHomeCommuteMedian":16756},"geometry":{"type":"Polygon","coordinates":[[[26.52228018724542,58.34871700909314],[26.52228018724542,58.35771021273039],[26.531273390882667,58.35771021273039],[26.531273390882667,58.34871700909314],[26.52228018724542,58.34871700909314]]]}},{"type":"Feature","properties":{"jobs":34,"pop":0,"pointCount":2,"homeWorkCommuteMedian":-1,"workHomeCommuteMedian":12976},"geometry":{"type":"Polygon","coordinates":[[[26.52228018724542,58.44764224910285],[26.52228018724542,58.456635452740095],[26.531273390882667,58.456635452740095],[26.531273390882667,58.44764224910285],[26.52228018724542,58.44764224910285]]]}},{"type":"Feature","properties":{"jobs":7,"pop":0,"pointCount":1,"homeWorkCommuteMedian":-1,"workHomeCommuteMedian":57658},"geometry":{"type":"Polygon","coordinates":[[[26.531273390882667,57.9889888636033],[26.531273390882667,57.99798206724055],[26.540266594519913,57.99798206724055],[26.540266594519913,57.9889888636033],[26.531273390882667,57.9889888636033]]]}},{"type":"Feature","properties":{"jobs":19,"pop":0,"pointCount":1,"homeWorkCommuteMedian":-1,"workHomeCommuteMedian":3670},"geometry":{"type":"Polygon","coordinates":[[[26.531273390882667,58.04294808542678],[26.531273390882667,58.051941289064025],[26.540266594519913,58.051941289064025],[26.540266594519913,58.04294808542678],[26.531273390882667,58.04294808542678]]]}},{"type":"Feature","properties":{"jobs":0,"pop":11,"pointCount":1,"homeWorkCommuteMedian":45895,"workHomeCommuteMedian":-1},"geometry":{"type":"Polygon","coordinates":[[[26.531273390882667,58.051941289064025],[26.531273390882667,58.06093449270127],[26.540266594519913,58.06093449270127],[26.540266594519913,58.051941289064025],[26.531273390882667,58.051941289064025]]]}},{"type":"Feature","properties":{"jobs":0,"pop":29,"pointCount":2,"homeWorkCommuteMedian":30143,"workHomeCommuteMedian":-1},"geometry":{"type":"Polygon","coordinates":[[[26.531273390882667,58.12388691816199],[26.531273390882667,58.13288012179924],[26.540266594519913,58.13288012179924],[26.540266594519913,58.12388691816199],[26.531273390882667,58.12388691816199]]]}},{"type":"Feature","properties":{"jobs":0,"pop":9,"pointCount":1,"homeWorkCommuteMedian":12974,"workHomeCommuteMedian":-1},"geometry":{"type":"Polygon","coordinates":[[[26.531273390882667,58.141873325436485],[26.531273390882667,58.15086652907373],[26.540266594519913,58.15086652907373],[26.540266594519913,58.141873325436485],[26.531273390882667,58.141873325436485]]]}},{"type":"Feature","properties":{"jobs":9,"pop":0,"pointCount":1,"homeWorkCommuteMedian":-1,"workHomeCommuteMedian":9799},"geometry":{"type":"Polygon","coordinates":[[[26.531273390882667,58.19583254725996],[26.531273390882667,58.20482575089721],[26.540266594519913,58.20482575089721],[26.540266594519913,58.19583254725996],[26.531273390882667,58.19583254725996]]]}},{"type":"Feature","properties":{"jobs":8,"pop":126,"pointCount":6,"homeWorkCommuteMedian":20816,"workHomeCommuteMedian":12943},"geometry":{"type":"Polygon","coordinates":[[[26.531273390882667,58.231805361808945],[26.531273390882667,58.24079856544619],[26.540266594519913,58.24079856544619],[26.540266594519913,58.231805361808945],[26.531273390882667,58.231805361808945]]]}},{"type":"Feature","properties":{"jobs":39,"pop":0,"pointCount":1,"homeWorkCommuteMedian":-1,"workHomeCommuteMedian":8503},"geometry":{"type":"Polygon","coordinates":[[[26.531273390882667,58.24079856544619],[26.531273390882667,58.24979176908344],[26.540266594519913,58.24979176908344],[26.540266594519913,58.24079856544619],[26.531273390882667,58.24079856544619]]]}},{"type":"Feature","properties":{"jobs":14,"pop":7,"pointCount":3,"homeWorkCommuteMedian":3606,"workHomeCommuteMedian":7203},"geometry":{"type":"Polygon","coordinates":[[[26.531273390882667,58.24979176908344],[26.531273390882667,58.25878497272068],[26.540266594519913,58.25878497272068],[26.540266594519913,58.24979176908344],[26.531273390882667,58.24979176908344]]]}},{"type":"Feature","properties":{"jobs":0,"pop":280,"pointCount":7,"homeWorkCommuteMedian":12246,"workHomeCommuteMedian":-1},"geometry":{"type":"Polygon","coordinates":[[[26.531273390882667,58.26777817635793],[26.531273390882667,58.276771379995175],[26.540266594519913,58.276771379995175],[26.540266594519913,58.26777817635793],[26.531273390882667,58.26777817635793]]]}},{"type":"Feature","properties":{"jobs":177,"pop":198,"pointCount":10,"homeWorkCommuteMedian":15068,"workHomeCommuteMedian":10795},"geometry":{"type":"Polygon","coordinates":[[[26.531273390882667,58.276771379995175],[26.531273390882667,58.28576458363242],[26.540266594519913,58.28576458363242],[26.540266594519913,58.276771379995175],[26.531273390882667,58.276771379995175]]]}},{"type":"Feature","properties":{"jobs":0,"pop":36,"pointCount":1,"homeWorkCommuteMedian":17223,"workHomeCommuteMedian":-1},"geometry":{"type":"Polygon","coordinates":[[[26.531273390882667,58.28576458363242],[26.531273390882667,58.29475778726967],[26.540266594519913,58.29475778726967],[26.540266594519913,58.28576458363242],[26.531273390882667,58.28576458363242]]]}},{"type":"Feature","properties":{"jobs":39,"pop":0,"pointCount":1,"homeWorkCommuteMedian":-1,"workHomeCommuteMedian":11589},"geometry":{"type":"Polygon","coordinates":[[[26.531273390882667,58.30375099090691],[26.531273390882667,58.31274419454416],[26.540266594519913,58.31274419454416],[26.540266594519913,58.30375099090691],[26.531273390882667,58.30375099090691]]]}},{"type":"Feature","properties":{"jobs":0,"pop":5,"pointCount":1,"homeWorkCommuteMedian":16736,"workHomeCommuteMedian":-1},"geometry":{"type":"Polygon","coordinates":[[[26.531273390882667,58.33073060181865],[26.531273390882667,58.3397238054559],[26.540266594519913,58.3397238054559],[26.540266594519913,58.33073060181865],[26.531273390882667,58.33073060181865]]]}},{"type":"Feature","properties":{"jobs":0,"pop":5,"pointCount":1,"homeWorkCommuteMedian":12549,"workHomeCommuteMedian":-1},"geometry":{"type":"Polygon","coordinates":[[[26.531273390882667,58.366703416367635],[26.531273390882667,58.37569662000488],[26.540266594519913,58.37569662000488],[26.540266594519913,58.366703416367635],[26.531273390882667,58.366703416367635]]]}},{"type":"Feature","properties":{"jobs":15,"pop":0,"pointCount":2,"homeWorkCommuteMedian":-1,"workHomeCommuteMedian":16974},"geometry":{"type":"Polygon","coordinates":[[[26.531273390882667,58.38468982364213],[26.531273390882667,58.39368302727937],[26.540266594519913,58.39368302727937],[26.540266594519913,58.38468982364213],[26.531273390882667,58.38468982364213]]]}},{"type":"Feature","properties":{"jobs":0,"pop":9,"pointCount":1,"homeWorkCommuteMedian":1054,"workHomeCommuteMedian":-1},"geometry":{"type":"Polygon","coordinates":[[[26.531273390882667,58.456635452740095],[26.531273390882667,58.46562865637734],[26.540266594519913,58.46562865637734],[26.540266594519913,58.456635452740095],[26.531273390882667,58.456635452740095]]]}},{"type":"Feature","properties":{"jobs":14,"pop":0,"pointCount":1,"homeWorkCommuteMedian":-1,"workHomeCommuteMedian":22523},"geometry":{"type":"Polygon","coordinates":[[[26.531273390882667,58.546567489112554],[26.531273390882667,58.5555606927498],[26.540266594519913,58.5555606927498],[26.540266594519913,58.546567489112554],[26.531273390882667,58.546567489112554]]]}},{"type":"Feature","properties":{"jobs":0,"pop":12,"pointCount":1,"homeWorkCommuteMedian":29509,"workHomeCommuteMedian":-1},"geometry":{"type":"Polygon","coordinates":[[[26.531273390882667,58.5555606927498],[26.531273390882667,58.56455389638705],[26.540266594519913,58.56455389638705],[26.540266594519913,58.5555606927498],[26.531273390882667,58.5555606927498]]]}},{"type":"Feature","properties":{"jobs":0,"pop":13,"pointCount":1,"homeWorkCommuteMedian":45502,"workHomeCommuteMedian":-1},"geometry":{"type":"Polygon","coordinates":[[[26.540266594519913,58.03395488178953],[26.540266594519913,58.04294808542678],[26.54925979815716,58.04294808542678],[26.54925979815716,58.03395488178953],[26.540266594519913,58.03395488178953]]]}},{"type":"Feature","properties":{"jobs":0,"pop":11,"pointCount":2,"homeWorkCommuteMedian":10308,"workHomeCommuteMedian":-1},"geometry":{"type":"Polygon","coordinates":[[[26.540266594519913,58.04294808542678],[26.540266594519913,58.051941289064025],[26.54925979815716,58.051941289064025],[26.54925979815716,58.04294808542678],[26.540266594519913,58.04294808542678]]]}},{"type":"Feature","properties":{"jobs":0,"pop":8,"pointCount":1,"homeWorkCommuteMedian":28169,"workHomeCommuteMedian":-1},"geometry":{"type":"Polygon","coordinates":[[[26.540266594519913,58.07892089997576],[26.540266594519913,58.08791410361301],[26.54925979815716,58.08791410361301],[26.54925979815716,58.07892089997576],[26.540266594519913,58.07892089997576]]]}},{"type":"Feature","properties":{"jobs":0,"pop":6,"pointCount":1,"homeWorkCommuteMedian":8840,"workHomeCommuteMedian":-1},"geometry":{"type":"Polygon","coordinates":[[[26.540266594519913,58.08791410361301],[26.540266594519913,58.096907307250255],[26.54925979815716,58.096907307250255],[26.54925979815716,58.08791410361301],[26.540266594519913,58.08791410361301]]]}},{"type":"Feature","properties":{"jobs":37,"pop":8,"pointCount":3,"homeWorkCommuteMedian":4353,"workHomeCommuteMedian":24246},"geometry":{"type":"Polygon","coordinates":[[[26.540266594519913,58.231805361808945],[26.540266594519913,58.24079856544619],[26.54925979815716,58.24079856544619],[26.54925979815716,58.231805361808945],[26.540266594519913,58.231805361808945]]]}},{"type":"Feature","properties":{"jobs":9,"pop":0,"pointCount":1,"homeWorkCommuteMedian":-1,"workHomeCommuteMedian":5285},"geometry":{"type":"Polygon","coordinates":[[[26.540266594519913,58.24079856544619],[26.540266594519913,58.24979176908344],[26.54925979815716,58.24979176908344],[26.54925979815716,58.24079856544619],[26.540266594519913,58.24079856544619]]]}},{"type":"Feature","properties":{"jobs":0,"pop":15,"pointCount":2,"homeWorkCommuteMedian":7736,"workHomeCommuteMedian":-1},"geometry":{"type":"Polygon","coordinates":[[[26.540266594519913,58.24979176908344],[26.540266594519913,58.25878497272068],[26.54925979815716,58.25878497272068],[26.54925979815716,58.24979176908344],[26.540266594519913,58.24979176908344]]]}},{"type":"Feature","properties":{"jobs":26,"pop":0,"pointCount":1,"homeWorkCommuteMedian":-1,"workHomeCommuteMedian":14361},"geometry":{"type":"Polygon","coordinates":[[[26.540266594519913,58.25878497272068],[26.540266594519913,58.26777817635793],[26.54925979815716,58.26777817635793],[26.54925979815716,58.25878497272068],[26.540266594519913,58.25878497272068]]]}},{"type":"Feature","properties":{"jobs":0,"pop":23,"pointCount":2,"homeWorkCommuteMedian":14443,"workHomeCommuteMedian":-1},"geometry":{"type":"Polygon","coordinates":[[[26.540266594519913,58.26777817635793],[26.540266594519913,58.276771379995175],[26.54925979815716,58.276771379995175],[26.54925979815716,58.26777817635793],[26.540266594519913,58.26777817635793]]]}},{"type":"Feature","properties":{"jobs":11,"pop":185,"pointCount":12,"homeWorkCommuteMedian":14918,"workHomeCommuteMedian":2750},"geometry":{"type":"Polygon","coordinates":[[[26.540266594519913,58.276771379995175],[26.540266594519913,58.28576458363242],[26.54925979815716,58.28576458363242],[26.54925979815716,58.276771379995175],[26.540266594519913,58.276771379995175]]]}},{"type":"Feature","properties":{"jobs":0,"pop":14,"pointCount":2,"homeWorkCommuteMedian":7231,"workHomeCommuteMedian":-1},"geometry":{"type":"Polygon","coordinates":[[[26.540266594519913,58.28576458363242],[26.540266594519913,58.29475778726967],[26.54925979815716,58.29475778726967],[26.54925979815716,58.28576458363242],[26.540266594519913,58.28576458363242]]]}},{"type":"Feature","properties":{"jobs":66,"pop":32,"pointCount":5,"homeWorkCommuteMedian":14425,"workHomeCommuteMedian":12588},"geometry":{"type":"Polygon","coordinates":[[[26.540266594519913,58.30375099090691],[26.540266594519913,58.31274419454416],[26.54925979815716,58.31274419454416],[26.54925979815716,58.30375099090691],[26.540266594519913,58.30375099090691]]]}},{"type":"Feature","properties":{"jobs":0,"pop":25,"pointCount":1,"homeWorkCommuteMedian":14503,"workHomeCommuteMedian":-1},"geometry":{"type":"Polygon","coordinates":[[[26.540266594519913,58.31274419454416],[26.540266594519913,58.321737398181405],[26.54925979815716,58.321737398181405],[26.54925979815716,58.31274419454416],[26.540266594519913,58.31274419454416]]]}},{"type":"Feature","properties":{"jobs":0,"pop":8,"pointCount":1,"homeWorkCommuteMedian":1978,"workHomeCommuteMedian":-1},"geometry":{"type":"Polygon","coordinates":[[[26.540266594519913,58.321737398181405],[26.540266594519913,58.33073060181865],[26.54925979815716,58.33073060181865],[26.54925979815716,58.321737398181405],[26.540266594519913,58.321737398181405]]]}},{"type":"Feature","properties":{"jobs":6,"pop":0,"pointCount":1,"homeWorkCommuteMedian":-1,"workHomeCommuteMedian":25416},"geometry":{"type":"Polygon","coordinates":[[[26.540266594519913,58.37569662000488],[26.540266594519913,58.38468982364213],[26.54925979815716,58.38468982364213],[26.54925979815716,58.37569662000488],[26.540266594519913,58.37569662000488]]]}},{"type":"Feature","properties":{"jobs":56,"pop":5,"pointCount":2,"homeWorkCommuteMedian":1995,"workHomeCommuteMedian":14035},"geometry":{"type":"Polygon","coordinates":[[[26.540266594519913,58.38468982364213],[26.540266594519913,58.39368302727937],[26.54925979815716,58.39368302727937],[26.54925979815716,58.38468982364213],[26.540266594519913,58.38468982364213]]]}},{"type":"Feature","properties":{"jobs":0,"pop":3,"pointCount":1,"homeWorkCommuteMedian":25380,"workHomeCommuteMedian":-1},"geometry":{"type":"Polygon","coordinates":[[[26.54925979815716,57.962009252691566],[26.54925979815716,57.97100245632881],[26.558253001794405,57.97100245632881],[26.558253001794405,57.962009252691566],[26.54925979815716,57.962009252691566]]]}},{"type":"Feature","properties":{"jobs":10,"pop":6,"pointCount":2,"homeWorkCommuteMedian":13425,"workHomeCommuteMedian":43675},"geometry":{"type":"Polygon","coordinates":[[[26.54925979815716,58.04294808542678],[26.54925979815716,58.051941289064025],[26.558253001794405,58.051941289064025],[26.558253001794405,58.04294808542678],[26.54925979815716,58.04294808542678]]]}},{"type":"Feature","properties":{"jobs":0,"pop":6,"pointCount":1,"homeWorkCommuteMedian":17199,"workHomeCommuteMedian":-1},"geometry":{"type":"Polygon","coordinates":[[[26.54925979815716,58.08791410361301],[26.54925979815716,58.096907307250255],[26.558253001794405,58.096907307250255],[26.558253001794405,58.08791410361301],[26.54925979815716,58.08791410361301]]]}},{"type":"Feature","properties":{"jobs":12,"pop":0,"pointCount":1,"homeWorkCommuteMedian":-1,"workHomeCommuteMedian":11481},"geometry":{"type":"Polygon","coordinates":[[[26.54925979815716,58.13288012179924],[26.54925979815716,58.141873325436485],[26.558253001794405,58.141873325436485],[26.558253001794405,58.13288012179924],[26.54925979815716,58.13288012179924]]]}},{"type":"Feature","properties":{"jobs":0,"pop":9,"pointCount":1,"homeWorkCommuteMedian":82788,"workHomeCommuteMedian":-1},"geometry":{"type":"Polygon","coordinates":[[[26.54925979815716,58.15985973271098],[26.54925979815716,58.16885293634822],[26.558253001794405,58.16885293634822],[26.558253001794405,58.15985973271098],[26.54925979815716,58.15985973271098]]]}},{"type":"Feature","properties":{"jobs":45,"pop":10,"pointCount":1,"homeWorkCommuteMedian":26659,"workHomeCommuteMedian":23560},"geometry":{"type":"Polygon","coordinates":[[[26.54925979815716,58.17784613998547],[26.54925979815716,58.186839343622715],[26.558253001794405,58.186839343622715],[26.558253001794405,58.17784613998547],[26.54925979815716,58.17784613998547]]]}},{"type":"Feature","properties":{"jobs":6,"pop":12,"pointCount":1,"homeWorkCommuteMedian":26225,"workHomeCommuteMedian":11431},"geometry":{"type":"Polygon","coordinates":[[[26.54925979815716,58.186839343622715],[26.54925979815716,58.19583254725996],[26.558253001794405,58.19583254725996],[26.558253001794405,58.186839343622715],[26.54925979815716,58.186839343622715]]]}},{"type":"Feature","properties":{"jobs":0,"pop":5,"pointCount":1,"homeWorkCommuteMedian":19061,"workHomeCommuteMedian":-1},"geometry":{"type":"Polygon","coordinates":[[[26.54925979815716,58.20482575089721],[26.54925979815716,58.21381895453445],[26.558253001794405,58.21381895453445],[26.558253001794405,58.20482575089721],[26.54925979815716,58.20482575089721]]]}},{"type":"Feature","properties":{"jobs":0,"pop":10,"pointCount":1,"homeWorkCommuteMedian":20512,"workHomeCommuteMedian":-1},"geometry":{"type":"Polygon","coordinates":[[[26.54925979815716,58.24979176908344],[26.54925979815716,58.25878497272068],[26.558253001794405,58.25878497272068],[26.558253001794405,58.24979176908344],[26.54925979815716,58.24979176908344]]]}},{"type":"Feature","properties":{"jobs":16,"pop":7,"pointCount":3,"homeWorkCommuteMedian":6230,"workHomeCommuteMedian":14015},"geometry":{"type":"Polygon","coordinates":[[[26.54925979815716,58.25878497272068],[26.54925979815716,58.26777817635793],[26.558253001794405,58.26777817635793],[26.558253001794405,58.25878497272068],[26.54925979815716,58.25878497272068]]]}},{"type":"Feature","properties":{"jobs":0,"pop":6,"pointCount":1,"homeWorkCommuteMedian":3931,"workHomeCommuteMedian":-1},"geometry":{"type":"Polygon","coordinates":[[[26.54925979815716,58.26777817635793],[26.54925979815716,58.276771379995175],[26.558253001794405,58.276771379995175],[26.558253001794405,58.26777817635793],[26.54925979815716,58.26777817635793]]]}},{"type":"Feature","properties":{"jobs":0,"pop":7,"pointCount":1,"homeWorkCommuteMedian":43617,"workHomeCommuteMedian":-1},"geometry":{"type":"Polygon","coordinates":[[[26.54925979815716,58.276771379995175],[26.54925979815716,58.28576458363242],[26.558253001794405,58.28576458363242],[26.558253001794405,58.276771379995175],[26.54925979815716,58.276771379995175]]]}},{"type":"Feature","properties":{"jobs":28,"pop":0,"pointCount":1,"homeWorkCommuteMedian":-1,"workHomeCommuteMedian":19683},"geometry":{"type":"Polygon","coordinates":[[[26.54925979815716,58.30375099090691],[26.54925979815716,58.31274419454416],[26.558253001794405,58.31274419454416],[26.558253001794405,58.30375099090691],[26.54925979815716,58.30375099090691]]]}},{"type":"Feature","properties":{"jobs":0,"pop":11,"pointCount":1,"homeWorkCommuteMedian":11840,"workHomeCommuteMedian":-1},"geometry":{"type":"Polygon","coordinates":[[[26.54925979815716,58.31274419454416],[26.54925979815716,58.321737398181405],[26.558253001794405,58.321737398181405],[26.558253001794405,58.31274419454416],[26.54925979815716,58.31274419454416]]]}},{"type":"Feature","properties":{"jobs":268,"pop":11,"pointCount":9,"homeWorkCommuteMedian":11756,"workHomeCommuteMedian":14337},"geometry":{"type":"Polygon","coordinates":[[[26.54925979815716,58.38468982364213],[26.54925979815716,58.39368302727937],[26.558253001794405,58.39368302727937],[26.558253001794405,58.38468982364213],[26.54925979815716,58.38468982364213]]]}},{"type":"Feature","properties":{"jobs":44,"pop":31,"pointCount":3,"homeWorkCommuteMedian":11215,"workHomeCommuteMedian":12468},"geometry":{"type":"Polygon","coordinates":[[[26.54925979815716,58.39368302727937],[26.54925979815716,58.40267623091662],[26.558253001794405,58.40267623091662],[26.558253001794405,58.39368302727937],[26.54925979815716,58.39368302727937]]]}},{"type":"Feature","properties":{"jobs":0,"pop":9,"pointCount":1,"homeWorkCommuteMedian":11996,"workHomeCommuteMedian":-1},"geometry":{"type":"Polygon","coordinates":[[[26.54925979815716,58.42066263819111],[26.54925979815716,58.42965584182836],[26.558253001794405,58.42965584182836],[26.558253001794405,58.42066263819111],[26.54925979815716,58.42066263819111]]]}},{"type":"Feature","properties":{"jobs":0,"pop":6,"pointCount":1,"homeWorkCommuteMedian":14211,"workHomeCommuteMedian":-1},"geometry":{"type":"Polygon","coordinates":[[[26.54925979815716,58.4386490454656],[26.54925979815716,58.44764224910285],[26.558253001794405,58.44764224910285],[26.558253001794405,58.4386490454656],[26.54925979815716,58.4386490454656]]]}},{"type":"Feature","properties":{"jobs":6,"pop":18,"pointCount":1,"homeWorkCommuteMedian":18180,"workHomeCommuteMedian":31193},"geometry":{"type":"Polygon","coordinates":[[[26.54925979815716,58.46562865637734],[26.54925979815716,58.47462186001459],[26.558253001794405,58.47462186001459],[26.558253001794405,58.46562865637734],[26.54925979815716,58.46562865637734]]]}},{"type":"Feature","properties":{"jobs":13,"pop":0,"pointCount":1,"homeWorkCommuteMedian":-1,"workHomeCommuteMedian":28021},"geometry":{"type":"Polygon","coordinates":[[[26.54925979815716,58.546567489112554],[26.54925979815716,58.5555606927498],[26.558253001794405,58.5555606927498],[26.558253001794405,58.546567489112554],[26.54925979815716,58.546567489112554]]]}},{"type":"Feature","properties":{"jobs":0,"pop":15,"pointCount":1,"homeWorkCommuteMedian":30580,"workHomeCommuteMedian":-1},"geometry":{"type":"Polygon","coordinates":[[[26.54925979815716,58.57354710002429],[26.54925979815716,58.58254030366154],[26.558253001794405,58.58254030366154],[26.558253001794405,58.57354710002429],[26.54925979815716,58.57354710002429]]]}},{"type":"Feature","properties":{"jobs":1,"pop":0,"pointCount":1,"homeWorkCommuteMedian":-1,"workHomeCommuteMedian":60875},"geometry":{"type":"Polygon","coordinates":[[[26.558253001794405,57.95301604905432],[26.558253001794405,57.962009252691566],[26.56724620543165,57.962009252691566],[26.56724620543165,57.95301604905432],[26.558253001794405,57.95301604905432]]]}},{"type":"Feature","properties":{"jobs":0,"pop":9,"pointCount":1,"homeWorkCommuteMedian":5171,"workHomeCommuteMedian":-1},"geometry":{"type":"Polygon","coordinates":[[[26.558253001794405,58.051941289064025],[26.558253001794405,58.06093449270127],[26.56724620543165,58.06093449270127],[26.56724620543165,58.051941289064025],[26.558253001794405,58.051941289064025]]]}},{"type":"Feature","properties":{"jobs":0,"pop":5,"pointCount":1,"homeWorkCommuteMedian":31083,"workHomeCommuteMedian":-1},"geometry":{"type":"Polygon","coordinates":[[[26.558253001794405,58.096907307250255],[26.558253001794405,58.1059005108875],[26.56724620543165,58.1059005108875],[26.56724620543165,58.096907307250255],[26.558253001794405,58.096907307250255]]]}},{"type":"Feature","properties":{"jobs":0,"pop":9,"pointCount":1,"homeWorkCommuteMedian":15214,"workHomeCommuteMedian":-1},"geometry":{"type":"Polygon","coordinates":[[[26.558253001794405,58.13288012179924],[26.558253001794405,58.141873325436485],[26.56724620543165,58.141873325436485],[26.56724620543165,58.13288012179924],[26.558253001794405,58.13288012179924]]]}},{"type":"Feature","properties":{"jobs":0,"pop":5,"pointCount":1,"homeWorkCommuteMedian":36443,"workHomeCommuteMedian":-1},"geometry":{"type":"Polygon","coordinates":[[[26.558253001794405,58.141873325436485],[26.558253001794405,58.15086652907373],[26.56724620543165,58.15086652907373],[26.56724620543165,58.141873325436485],[26.558253001794405,58.141873325436485]]]}},{"type":"Feature","properties":{"jobs":6,"pop":8,"pointCount":1,"homeWorkCommuteMedian":29456,"workHomeCommuteMedian":3633},"geometry":{"type":"Polygon","coordinates":[[[26.558253001794405,58.17784613998547],[26.558253001794405,58.186839343622715],[26.56724620543165,58.186839343622715],[26.56724620543165,58.17784613998547],[26.558253001794405,58.17784613998547]]]}},{"type":"Feature","properties":{"jobs":22,"pop":0,"pointCount":1,"homeWorkCommuteMedian":-1,"workHomeCommuteMedian":14210},"geometry":{"type":"Polygon","coordinates":[[[26.558253001794405,58.20482575089721],[26.558253001794405,58.21381895453445],[26.56724620543165,58.21381895453445],[26.56724620543165,58.20482575089721],[26.558253001794405,58.20482575089721]]]}},{"type":"Feature","properties":{"jobs":0,"pop":12,"pointCount":1,"homeWorkCommuteMedian":40201,"workHomeCommuteMedian":-1},"geometry":{"type":"Polygon","coordinates":[[[26.558253001794405,58.2228121581717],[26.558253001794405,58.231805361808945],[26.56724620543165,58.231805361808945],[26.56724620543165,58.2228121581717],[26.558253001794405,58.2228121581717]]]}},{"type":"Feature","properties":{"jobs":5,"pop":10,"pointCount":2,"homeWorkCommuteMedian":16546,"workHomeCommuteMedian":5406},"geometry":{"type":"Polygon","coordinates":[[[26.558253001794405,58.25878497272068],[26.558253001794405,58.26777817635793],[26.56724620543165,58.26777817635793],[26.56724620543165,58.25878497272068],[26.558253001794405,58.25878497272068]]]}},{"type":"Feature","properties":{"jobs":0,"pop":18,"pointCount":1,"homeWorkCommuteMedian":55575,"workHomeCommuteMedian":-1},"geometry":{"type":"Polygon","coordinates":[[[26.558253001794405,58.28576458363242],[26.558253001794405,58.29475778726967],[26.56724620543165,58.29475778726967],[26.56724620543165,58.28576458363242],[26.558253001794405,58.28576458363242]]]}},{"type":"Feature","properties":{"jobs":26,"pop":0,"pointCount":1,"homeWorkCommuteMedian":-1,"workHomeCommuteMedian":10919},"geometry":{"type":"Polygon","coordinates":[[[26.558253001794405,58.29475778726967],[26.558253001794405,58.30375099090691],[26.56724620543165,58.30375099090691],[26.56724620543165,58.29475778726967],[26.558253001794405,58.29475778726967]]]}},{"type":"Feature","properties":{"jobs":0,"pop":10,"pointCount":1,"homeWorkCommuteMedian":1137,"workHomeCommuteMedian":-1},"geometry":{"type":"Polygon","coordinates":[[[26.558253001794405,58.37569662000488],[26.558253001794405,58.38468982364213],[26.56724620543165,58.38468982364213],[26.56724620543165,58.37569662000488],[26.558253001794405,58.37569662000488]]]}},{"type":"Feature","properties":{"jobs":106,"pop":136,"pointCount":4,"homeWorkCommuteMedian":9332,"workHomeCommuteMedian":8170},"geometry":{"type":"Polygon","coordinates":[[[26.558253001794405,58.38468982364213],[26.558253001794405,58.39368302727937],[26.56724620543165,58.39368302727937],[26.56724620543165,58.38468982364213],[26.558253001794405,58.38468982364213]]]}},{"type":"Feature","properties":{"jobs":0,"pop":10,"pointCount":1,"homeWorkCommuteMedian":19954,"workHomeCommuteMedian":-1},"geometry":{"type":"Polygon","coordinates":[[[26.558253001794405,58.4386490454656],[26.558253001794405,58.44764224910285],[26.56724620543165,58.44764224910285],[26.56724620543165,58.4386490454656],[26.558253001794405,58.4386490454656]]]}},{"type":"Feature","properties":{"jobs":14,"pop":0,"pointCount":1,"homeWorkCommuteMedian":-1,"workHomeCommuteMedian":20391},"geometry":{"type":"Polygon","coordinates":[[[26.558253001794405,58.46562865637734],[26.558253001794405,58.47462186001459],[26.56724620543165,58.47462186001459],[26.56724620543165,58.46562865637734],[26.558253001794405,58.46562865637734]]]}},{"type":"Feature","properties":{"jobs":6,"pop":0,"pointCount":1,"homeWorkCommuteMedian":-1,"workHomeCommuteMedian":17765},"geometry":{"type":"Polygon","coordinates":[[[26.558253001794405,58.51059467456357],[26.558253001794405,58.51958787820082],[26.56724620543165,58.51958787820082],[26.56724620543165,58.51059467456357],[26.558253001794405,58.51059467456357]]]}},{"type":"Feature","properties":{"jobs":11,"pop":0,"pointCount":1,"homeWorkCommuteMedian":-1,"workHomeCommuteMedian":19744},"geometry":{"type":"Polygon","coordinates":[[[26.558253001794405,58.546567489112554],[26.558253001794405,58.5555606927498],[26.56724620543165,58.5555606927498],[26.56724620543165,58.546567489112554],[26.558253001794405,58.546567489112554]]]}},{"type":"Feature","properties":{"jobs":0,"pop":9,"pointCount":1,"homeWorkCommuteMedian":26014,"workHomeCommuteMedian":-1},"geometry":{"type":"Polygon","coordinates":[[[26.56724620543165,57.97999565996606],[26.56724620543165,57.9889888636033],[26.576239409068897,57.9889888636033],[26.576239409068897,57.97999565996606],[26.56724620543165,57.97999565996606]]]}},{"type":"Feature","properties":{"jobs":0,"pop":12,"pointCount":1,"homeWorkCommuteMedian":30493,"workHomeCommuteMedian":-1},"geometry":{"type":"Polygon","coordinates":[[[26.56724620543165,58.096907307250255],[26.56724620543165,58.1059005108875],[26.576239409068897,58.1059005108875],[26.576239409068897,58.096907307250255],[26.56724620543165,58.096907307250255]]]}},{"type":"Feature","properties":{"jobs":13,"pop":11,"pointCount":1,"homeWorkCommuteMedian":37109,"workHomeCommuteMedian":10442},"geometry":{"type":"Polygon","coordinates":[[[26.56724620543165,58.11489371452475],[26.56724620543165,58.12388691816199],[26.576239409068897,58.12388691816199],[26.576239409068897,58.11489371452475],[26.56724620543165,58.11489371452475]]]}},{"type":"Feature","properties":{"jobs":0,"pop":13,"pointCount":1,"homeWorkCommuteMedian":28715,"workHomeCommuteMedian":-1},"geometry":{"type":"Polygon","coordinates":[[[26.56724620543165,58.17784613998547],[26.56724620543165,58.186839343622715],[26.576239409068897,58.186839343622715],[26.576239409068897,58.17784613998547],[26.56724620543165,58.17784613998547]]]}},{"type":"Feature","properties":{"jobs":100,"pop":0,"pointCount":1,"homeWorkCommuteMedian":-1,"workHomeCommuteMedian":24701},"geometry":{"type":"Polygon","coordinates":[[[26.56724620543165,58.19583254725996],[26.56724620543165,58.20482575089721],[26.576239409068897,58.20482575089721],[26.576239409068897,58.19583254725996],[26.56724620543165,58.19583254725996]]]}},{"type":"Feature","properties":{"jobs":9,"pop":16,"pointCount":3,"homeWorkCommuteMedian":23876,"workHomeCommuteMedian":12056},"geometry":{"type":"Polygon","coordinates":[[[26.56724620543165,58.20482575089721],[26.56724620543165,58.21381895453445],[26.576239409068897,58.21381895453445],[26.576239409068897,58.20482575089721],[26.56724620543165,58.20482575089721]]]}},{"type":"Feature","properties":{"jobs":0,"pop":5,"pointCount":1,"homeWorkCommuteMedian":18516,"workHomeCommuteMedian":-1},"geometry":{"type":"Polygon","coordinates":[[[26.56724620543165,58.21381895453445],[26.56724620543165,58.2228121581717],[26.576239409068897,58.2228121581717],[26.576239409068897,58.21381895453445],[26.56724620543165,58.21381895453445]]]}},{"type":"Feature","properties":{"jobs":0,"pop":32,"pointCount":3,"homeWorkCommuteMedian":21105,"workHomeCommuteMedian":-1},"geometry":{"type":"Polygon","coordinates":[[[26.56724620543165,58.231805361808945],[26.56724620543165,58.24079856544619],[26.576239409068897,58.24079856544619],[26.576239409068897,58.231805361808945],[26.56724620543165,58.231805361808945]]]}},{"type":"Feature","properties":{"jobs":21,"pop":0,"pointCount":1,"homeWorkCommuteMedian":-1,"workHomeCommuteMedian":3606},"geometry":{"type":"Polygon","coordinates":[[[26.56724620543165,58.24079856544619],[26.56724620543165,58.24979176908344],[26.576239409068897,58.24979176908344],[26.576239409068897,58.24079856544619],[26.56724620543165,58.24079856544619]]]}},{"type":"Feature","properties":{"jobs":0,"pop":11,"pointCount":1,"homeWorkCommuteMedian":19250,"workHomeCommuteMedian":-1},"geometry":{"type":"Polygon","coordinates":[[[26.56724620543165,58.25878497272068],[26.56724620543165,58.26777817635793],[26.576239409068897,58.26777817635793],[26.576239409068897,58.25878497272068],[26.56724620543165,58.25878497272068]]]}},{"type":"Feature","properties":{"jobs":0,"pop":17,"pointCount":2,"homeWorkCommuteMedian":3621,"workHomeCommuteMedian":-1},"geometry":{"type":"Polygon","coordinates":[[[26.56724620543165,58.276771379995175],[26.56724620543165,58.28576458363242],[26.576239409068897,58.28576458363242],[26.576239409068897,58.276771379995175],[26.56724620543165,58.276771379995175]]]}},{"type":"Feature","properties":{"jobs":0,"pop":9,"pointCount":1,"homeWorkCommuteMedian":3217,"workHomeCommuteMedian":-1},"geometry":{"type":"Polygon","coordinates":[[[26.56724620543165,58.28576458363242],[26.56724620543165,58.29475778726967],[26.576239409068897,58.29475778726967],[26.576239409068897,58.28576458363242],[26.56724620543165,58.28576458363242]]]}},{"type":"Feature","properties":{"jobs":0,"pop":9,"pointCount":1,"homeWorkCommuteMedian":7940,"workHomeCommuteMedian":-1},"geometry":{"type":"Polygon","coordinates":[[[26.56724620543165,58.3397238054559],[26.56724620543165,58.34871700909314],[26.576239409068897,58.34871700909314],[26.576239409068897,58.3397238054559],[26.56724620543165,58.3397238054559]]]}},{"type":"Feature","properties":{"jobs":0,"pop":10,"pointCount":1,"homeWorkCommuteMedian":11081,"workHomeCommuteMedian":-1},"geometry":{"type":"Polygon","coordinates":[[[26.56724620543165,58.366703416367635],[26.56724620543165,58.37569662000488],[26.576239409068897,58.37569662000488],[26.576239409068897,58.366703416367635],[26.56724620543165,58.366703416367635]]]}},{"type":"Feature","properties":{"jobs":0,"pop":10,"pointCount":1,"homeWorkCommuteMedian":32665,"workHomeCommuteMedian":-1},"geometry":{"type":"Polygon","coordinates":[[[26.56724620543165,58.37569662000488],[26.56724620543165,58.38468982364213],[26.576239409068897,58.38468982364213],[26.576239409068897,58.37569662000488],[26.56724620543165,58.37569662000488]]]}},{"type":"Feature","properties":{"jobs":0,"pop":86,"pointCount":3,"homeWorkCommuteMedian":11558,"workHomeCommuteMedian":-1},"geometry":{"type":"Polygon","coordinates":[[[26.56724620543165,58.38468982364213],[26.56724620543165,58.39368302727937],[26.576239409068897,58.39368302727937],[26.576239409068897,58.38468982364213],[26.56724620543165,58.38468982364213]]]}},{"type":"Feature","properties":{"jobs":0,"pop":10,"pointCount":1,"homeWorkCommuteMedian":4418,"workHomeCommuteMedian":-1},"geometry":{"type":"Polygon","coordinates":[[[26.56724620543165,58.39368302727937],[26.56724620543165,58.40267623091662],[26.576239409068897,58.40267623091662],[26.576239409068897,58.39368302727937],[26.56724620543165,58.39368302727937]]]}},{"type":"Feature","properties":{"jobs":0,"pop":30,"pointCount":1,"homeWorkCommuteMedian":58277,"workHomeCommuteMedian":-1},"geometry":{"type":"Polygon","coordinates":[[[26.56724620543165,58.40267623091662],[26.56724620543165,58.411669434553865],[26.576239409068897,58.411669434553865],[26.576239409068897,58.40267623091662],[26.56724620543165,58.40267623091662]]]}},{"type":"Feature","properties":{"jobs":0,"pop":5,"pointCount":1,"homeWorkCommuteMedian":6075,"workHomeCommuteMedian":-1},"geometry":{"type":"Polygon","coordinates":[[[26.56724620543165,58.42066263819111],[26.56724620543165,58.42965584182836],[26.576239409068897,58.42965584182836],[26.576239409068897,58.42066263819111],[26.56724620543165,58.42066263819111]]]}},{"type":"Feature","properties":{"jobs":14,"pop":0,"pointCount":1,"homeWorkCommuteMedian":-1,"workHomeCommuteMedian":11793},"geometry":{"type":"Polygon","coordinates":[[[26.56724620543165,58.4386490454656],[26.56724620543165,58.44764224910285],[26.576239409068897,58.44764224910285],[26.576239409068897,58.4386490454656],[26.56724620543165,58.4386490454656]]]}},{"type":"Feature","properties":{"jobs":0,"pop":7,"pointCount":1,"homeWorkCommuteMedian":15374,"workHomeCommuteMedian":-1},"geometry":{"type":"Polygon","coordinates":[[[26.56724620543165,58.44764224910285],[26.56724620543165,58.456635452740095],[26.576239409068897,58.456635452740095],[26.576239409068897,58.44764224910285],[26.56724620543165,58.44764224910285]]]}},{"type":"Feature","properties":{"jobs":0,"pop":21,"pointCount":1,"homeWorkCommuteMedian":22925,"workHomeCommuteMedian":-1},"geometry":{"type":"Polygon","coordinates":[[[26.56724620543165,58.49260826728908],[26.56724620543165,58.501601470926325],[26.576239409068897,58.501601470926325],[26.576239409068897,58.49260826728908],[26.56724620543165,58.49260826728908]]]}},{"type":"Feature","properties":{"jobs":54,"pop":0,"pointCount":1,"homeWorkCommuteMedian":-1,"workHomeCommuteMedian":18245},"geometry":{"type":"Polygon","coordinates":[[[26.56724620543165,58.546567489112554],[26.56724620543165,58.5555606927498],[26.576239409068897,58.5555606927498],[26.576239409068897,58.546567489112554],[26.56724620543165,58.546567489112554]]]}},{"type":"Feature","properties":{"jobs":42,"pop":11,"pointCount":4,"homeWorkCommuteMedian":28215,"workHomeCommuteMedian":17700},"geometry":{"type":"Polygon","coordinates":[[[26.56724620543165,58.5555606927498],[26.56724620543165,58.56455389638705],[26.576239409068897,58.56455389638705],[26.576239409068897,58.5555606927498],[26.56724620543165,58.5555606927498]]]}},{"type":"Feature","properties":{"jobs":0,"pop":14,"pointCount":1,"homeWorkCommuteMedian":50315,"workHomeCommuteMedian":-1},"geometry":{"type":"Polygon","coordinates":[[[26.576239409068897,58.051941289064025],[26.576239409068897,58.06093449270127],[26.585232612706143,58.06093449270127],[26.585232612706143,58.051941289064025],[26.576239409068897,58.051941289064025]]]}},{"type":"Feature","properties":{"jobs":0,"pop":10,"pointCount":1,"homeWorkCommuteMedian":38168,"workHomeCommuteMedian":-1},"geometry":{"type":"Polygon","coordinates":[[[26.576239409068897,58.096907307250255],[26.576239409068897,58.1059005108875],[26.585232612706143,58.1059005108875],[26.585232612706143,58.096907307250255],[26.576239409068897,58.096907307250255]]]}},{"type":"Feature","properties":{"jobs":21,"pop":0,"pointCount":2,"homeWorkCommuteMedian":-1,"workHomeCommuteMedian":33654},"geometry":{"type":"Polygon","coordinates":[[[26.576239409068897,58.11489371452475],[26.576239409068897,58.12388691816199],[26.585232612706143,58.12388691816199],[26.585232612706143,58.11489371452475],[26.576239409068897,58.11489371452475]]]}},{"type":"Feature","properties":{"jobs":5,"pop":0,"pointCount":1,"homeWorkCommuteMedian":-1,"workHomeCommuteMedian":21767},"geometry":{"type":"Polygon","coordinates":[[[26.576239409068897,58.16885293634822],[26.576239409068897,58.17784613998547],[26.585232612706143,58.17784613998547],[26.585232612706143,58.16885293634822],[26.576239409068897,58.16885293634822]]]}},{"type":"Feature","properties":{"jobs":6,"pop":7,"pointCount":2,"homeWorkCommuteMedian":5684,"workHomeCommuteMedian":48294},"geometry":{"type":"Polygon","coordinates":[[[26.576239409068897,58.186839343622715],[26.576239409068897,58.19583254725996],[26.585232612706143,58.19583254725996],[26.585232612706143,58.186839343622715],[26.576239409068897,58.186839343622715]]]}},{"type":"Feature","properties":{"jobs":8,"pop":12,"pointCount":3,"homeWorkCommuteMedian":18489,"workHomeCommuteMedian":27971},"geometry":{"type":"Polygon","coordinates":[[[26.576239409068897,58.19583254725996],[26.576239409068897,58.20482575089721],[26.585232612706143,58.20482575089721],[26.585232612706143,58.19583254725996],[26.576239409068897,58.19583254725996]]]}},{"type":"Feature","properties":{"jobs":0,"pop":8,"pointCount":1,"homeWorkCommuteMedian":17049,"workHomeCommuteMedian":-1},"geometry":{"type":"Polygon","coordinates":[[[26.576239409068897,58.21381895453445],[26.576239409068897,58.2228121581717],[26.585232612706143,58.2228121581717],[26.585232612706143,58.21381895453445],[26.576239409068897,58.21381895453445]]]}},{"type":"Feature","properties":{"jobs":0,"pop":15,"pointCount":2,"homeWorkCommuteMedian":13700,"workHomeCommuteMedian":-1},"geometry":{"type":"Polygon","coordinates":[[[26.576239409068897,58.276771379995175],[26.576239409068897,58.28576458363242],[26.585232612706143,58.28576458363242],[26.585232612706143,58.276771379995175],[26.576239409068897,58.276771379995175]]]}},{"type":"Feature","properties":{"jobs":0,"pop":8,"pointCount":1,"homeWorkCommuteMedian":9423,"workHomeCommuteMedian":-1},"geometry":{"type":"Polygon","coordinates":[[[26.576239409068897,58.29475778726967],[26.576239409068897,58.30375099090691],[26.585232612706143,58.30375099090691],[26.585232612706143,58.29475778726967],[26.576239409068897,58.29475778726967]]]}},{"type":"Feature","properties":{"jobs":0,"pop":8,"pointCount":1,"homeWorkCommuteMedian":8469,"workHomeCommuteMedian":-1},"geometry":{"type":"Polygon","coordinates":[[[26.576239409068897,58.31274419454416],[26.576239409068897,58.321737398181405],[26.585232612706143,58.321737398181405],[26.585232612706143,58.31274419454416],[26.576239409068897,58.31274419454416]]]}},{"type":"Feature","properties":{"jobs":5,"pop":0,"pointCount":1,"homeWorkCommuteMedian":-1,"workHomeCommuteMedian":40959},"geometry":{"type":"Polygon","coordinates":[[[26.576239409068897,58.34871700909314],[26.576239409068897,58.35771021273039],[26.585232612706143,58.35771021273039],[26.585232612706143,58.34871700909314],[26.576239409068897,58.34871700909314]]]}},{"type":"Feature","properties":{"jobs":0,"pop":14,"pointCount":2,"homeWorkCommuteMedian":9070,"workHomeCommuteMedian":-1},"geometry":{"type":"Polygon","coordinates":[[[26.576239409068897,58.366703416367635],[26.576239409068897,58.37569662000488],[26.585232612706143,58.37569662000488],[26.585232612706143,58.366703416367635],[26.576239409068897,58.366703416367635]]]}},{"type":"Feature","properties":{"jobs":13,"pop":25,"pointCount":2,"homeWorkCommuteMedian":12976,"workHomeCommuteMedian":34794},"geometry":{"type":"Polygon","coordinates":[[[26.576239409068897,58.38468982364213],[26.576239409068897,58.39368302727937],[26.585232612706143,58.39368302727937],[26.585232612706143,58.38468982364213],[26.576239409068897,58.38468982364213]]]}},{"type":"Feature","properties":{"jobs":0,"pop":19,"pointCount":1,"homeWorkCommuteMedian":10549,"workHomeCommuteMedian":-1},"geometry":{"type":"Polygon","coordinates":[[[26.576239409068897,58.40267623091662],[26.576239409068897,58.411669434553865],[26.585232612706143,58.411669434553865],[26.585232612706143,58.40267623091662],[26.576239409068897,58.40267623091662]]]}},{"type":"Feature","properties":{"jobs":0,"pop":5,"pointCount":1,"homeWorkCommuteMedian":79436,"workHomeCommuteMedian":-1},"geometry":{"type":"Polygon","coordinates":[[[26.576239409068897,58.46562865637734],[26.576239409068897,58.47462186001459],[26.585232612706143,58.47462186001459],[26.585232612706143,58.46562865637734],[26.576239409068897,58.46562865637734]]]}},{"type":"Feature","properties":{"jobs":0,"pop":6,"pointCount":1,"homeWorkCommuteMedian":4978,"workHomeCommuteMedian":-1},"geometry":{"type":"Polygon","coordinates":[[[26.576239409068897,58.47462186001459],[26.576239409068897,58.48361506365183],[26.585232612706143,58.48361506365183],[26.585232612706143,58.47462186001459],[26.576239409068897,58.47462186001459]]]}},{"type":"Feature","properties":{"jobs":0,"pop":7,"pointCount":1,"homeWorkCommuteMedian":14910,"workHomeCommuteMedian":-1},"geometry":{"type":"Polygon","coordinates":[[[26.576239409068897,58.546567489112554],[26.576239409068897,58.5555606927498],[26.585232612706143,58.5555606927498],[26.585232612706143,58.546567489112554],[26.576239409068897,58.546567489112554]]]}},{"type":"Feature","properties":{"jobs":61,"pop":13,"pointCount":4,"homeWorkCommuteMedian":26266,"workHomeCommuteMedian":17907},"geometry":{"type":"Polygon","coordinates":[[[26.576239409068897,58.5555606927498],[26.576239409068897,58.56455389638705],[26.585232612706143,58.56455389638705],[26.585232612706143,58.5555606927498],[26.576239409068897,58.5555606927498]]]}},{"type":"Feature","properties":{"jobs":6,"pop":0,"pointCount":1,"homeWorkCommuteMedian":-1,"workHomeCommuteMedian":19428},"geometry":{"type":"Polygon","coordinates":[[[26.576239409068897,58.56455389638705],[26.576239409068897,58.57354710002429],[26.585232612706143,58.57354710002429],[26.585232612706143,58.56455389638705],[26.576239409068897,58.56455389638705]]]}},{"type":"Feature","properties":{"jobs":0,"pop":10,"pointCount":1,"homeWorkCommuteMedian":44135,"workHomeCommuteMedian":-1},"geometry":{"type":"Polygon","coordinates":[[[26.585232612706143,58.06093449270127],[26.585232612706143,58.06992769633852],[26.59422581634339,58.06992769633852],[26.59422581634339,58.06093449270127],[26.585232612706143,58.06093449270127]]]}},{"type":"Feature","properties":{"jobs":11,"pop":0,"pointCount":1,"homeWorkCommuteMedian":-1,"workHomeCommuteMedian":42807},"geometry":{"type":"Polygon","coordinates":[[[26.585232612706143,58.06992769633852],[26.585232612706143,58.07892089997576],[26.59422581634339,58.07892089997576],[26.59422581634339,58.06992769633852],[26.585232612706143,58.06992769633852]]]}},{"type":"Feature","properties":{"jobs":0,"pop":10,"pointCount":1,"homeWorkCommuteMedian":33772,"workHomeCommuteMedian":-1},"geometry":{"type":"Polygon","coordinates":[[[26.585232612706143,58.15086652907373],[26.585232612706143,58.15985973271098],[26.59422581634339,58.15985973271098],[26.59422581634339,58.15086652907373],[26.585232612706143,58.15086652907373]]]}},{"type":"Feature","properties":{"jobs":0,"pop":5,"pointCount":1,"homeWorkCommuteMedian":26400,"workHomeCommuteMedian":-1},"geometry":{"type":"Polygon","coordinates":[[[26.585232612706143,58.17784613998547],[26.585232612706143,58.186839343622715],[26.59422581634339,58.186839343622715],[26.59422581634339,58.17784613998547],[26.585232612706143,58.17784613998547]]]}},{"type":"Feature","properties":{"jobs":0,"pop":8,"pointCount":1,"homeWorkCommuteMedian":25948,"workHomeCommuteMedian":-1},"geometry":{"type":"Polygon","coordinates":[[[26.585232612706143,58.186839343622715],[26.585232612706143,58.19583254725996],[26.59422581634339,58.19583254725996],[26.59422581634339,58.186839343622715],[26.585232612706143,58.186839343622715]]]}},{"type":"Feature","properties":{"jobs":0,"pop":13,"pointCount":1,"homeWorkCommuteMedian":26302,"workHomeCommuteMedian":-1},"geometry":{"type":"Polygon","coordinates":[[[26.585232612706143,58.19583254725996],[26.585232612706143,58.20482575089721],[26.59422581634339,58.20482575089721],[26.59422581634339,58.19583254725996],[26.585232612706143,58.19583254725996]]]}},{"type":"Feature","properties":{"jobs":8,"pop":14,"pointCount":1,"homeWorkCommuteMedian":26527,"workHomeCommuteMedian":15812},"geometry":{"type":"Polygon","coordinates":[[[26.585232612706143,58.20482575089721],[26.585232612706143,58.21381895453445],[26.59422581634339,58.21381895453445],[26.59422581634339,58.20482575089721],[26.585232612706143,58.20482575089721]]]}},{"type":"Feature","properties":{"jobs":0,"pop":6,"pointCount":1,"homeWorkCommuteMedian":9648,"workHomeCommuteMedian":-1},"geometry":{"type":"Polygon","coordinates":[[[26.585232612706143,58.24979176908344],[26.585232612706143,58.25878497272068],[26.59422581634339,58.25878497272068],[26.59422581634339,58.24979176908344],[26.585232612706143,58.24979176908344]]]}},{"type":"Feature","properties":{"jobs":0,"pop":7,"pointCount":1,"homeWorkCommuteMedian":18247,"workHomeCommuteMedian":-1},"geometry":{"type":"Polygon","coordinates":[[[26.585232612706143,58.25878497272068],[26.585232612706143,58.26777817635793],[26.59422581634339,58.26777817635793],[26.59422581634339,58.25878497272068],[26.585232612706143,58.25878497272068]]]}},{"type":"Feature","properties":{"jobs":0,"pop":10,"pointCount":2,"homeWorkCommuteMedian":8507,"workHomeCommuteMedian":-1},"geometry":{"type":"Polygon","coordinates":[[[26.585232612706143,58.30375099090691],[26.585232612706143,58.31274419454416],[26.59422581634339,58.31274419454416],[26.59422581634339,58.30375099090691],[26.585232612706143,58.30375099090691]]]}},{"type":"Feature","properties":{"jobs":32,"pop":10,"pointCount":2,"homeWorkCommuteMedian":12272,"workHomeCommuteMedian":26415},"geometry":{"type":"Polygon","coordinates":[[[26.585232612706143,58.31274419454416],[26.585232612706143,58.321737398181405],[26.59422581634339,58.321737398181405],[26.59422581634339,58.31274419454416],[26.585232612706143,58.31274419454416]]]}},{"type":"Feature","properties":{"jobs":94,"pop":0,"pointCount":2,"homeWorkCommuteMedian":-1,"workHomeCommuteMedian":11375},"geometry":{"type":"Polygon","coordinates":[[[26.585232612706143,58.34871700909314],[26.585232612706143,58.35771021273039],[26.59422581634339,58.35771021273039],[26.59422581634339,58.34871700909314],[26.585232612706143,58.34871700909314]]]}},{"type":"Feature","properties":{"jobs":5,"pop":0,"pointCount":1,"homeWorkCommuteMedian":-1,"workHomeCommuteMedian":13992},"geometry":{"type":"Polygon","coordinates":[[[26.585232612706143,58.4386490454656],[26.585232612706143,58.44764224910285],[26.59422581634339,58.44764224910285],[26.59422581634339,58.4386490454656],[26.585232612706143,58.4386490454656]]]}},{"type":"Feature","properties":{"jobs":4,"pop":0,"pointCount":1,"homeWorkCommuteMedian":-1,"workHomeCommuteMedian":10367},"geometry":{"type":"Polygon","coordinates":[[[26.585232612706143,58.46562865637734],[26.585232612706143,58.47462186001459],[26.59422581634339,58.47462186001459],[26.59422581634339,58.46562865637734],[26.585232612706143,58.46562865637734]]]}},{"type":"Feature","properties":{"jobs":0,"pop":8,"pointCount":1,"homeWorkCommuteMedian":6206,"workHomeCommuteMedian":-1},"geometry":{"type":"Polygon","coordinates":[[[26.585232612706143,58.52858108183806],[26.585232612706143,58.53757428547531],[26.59422581634339,58.53757428547531],[26.59422581634339,58.52858108183806],[26.585232612706143,58.52858108183806]]]}},{"type":"Feature","properties":{"jobs":0,"pop":16,"pointCount":2,"homeWorkCommuteMedian":28204,"workHomeCommuteMedian":-1},"geometry":{"type":"Polygon","coordinates":[[[26.585232612706143,58.53757428547531],[26.585232612706143,58.546567489112554],[26.59422581634339,58.546567489112554],[26.59422581634339,58.53757428547531],[26.585232612706143,58.53757428547531]]]}},{"type":"Feature","properties":{"jobs":66,"pop":18,"pointCount":4,"homeWorkCommuteMedian":69245,"workHomeCommuteMedian":9544},"geometry":{"type":"Polygon","coordinates":[[[26.585232612706143,58.546567489112554],[26.585232612706143,58.5555606927498],[26.59422581634339,58.5555606927498],[26.59422581634339,58.546567489112554],[26.585232612706143,58.546567489112554]]]}},{"type":"Feature","properties":{"jobs":5,"pop":52,"pointCount":5,"homeWorkCommuteMedian":26706,"workHomeCommuteMedian":22330},"geometry":{"type":"Polygon","coordinates":[[[26.585232612706143,58.5555606927498],[26.585232612706143,58.56455389638705],[26.59422581634339,58.56455389638705],[26.59422581634339,58.5555606927498],[26.585232612706143,58.5555606927498]]]}},{"type":"Feature","properties":{"jobs":3,"pop":7,"pointCount":2,"homeWorkCommuteMedian":2699,"workHomeCommuteMedian":2354},"geometry":{"type":"Polygon","coordinates":[[[26.585232612706143,58.56455389638705],[26.585232612706143,58.57354710002429],[26.59422581634339,58.57354710002429],[26.59422581634339,58.56455389638705],[26.585232612706143,58.56455389638705]]]}},{"type":"Feature","properties":{"jobs":0,"pop":11,"pointCount":1,"homeWorkCommuteMedian":50599,"workHomeCommuteMedian":-1},"geometry":{"type":"Polygon","coordinates":[[[26.59422581634339,57.944022845417074],[26.59422581634339,57.95301604905432],[26.603219019980635,57.95301604905432],[26.603219019980635,57.944022845417074],[26.59422581634339,57.944022845417074]]]}},{"type":"Feature","properties":{"jobs":0,"pop":5,"pointCount":1,"homeWorkCommuteMedian":24511,"workHomeCommuteMedian":-1},"geometry":{"type":"Polygon","coordinates":[[[26.59422581634339,58.006975270877795],[26.59422581634339,58.01596847451504],[26.603219019980635,58.01596847451504],[26.603219019980635,58.006975270877795],[26.59422581634339,58.006975270877795]]]}},{"type":"Feature","properties":{"jobs":0,"pop":9,"pointCount":1,"homeWorkCommuteMedian":15203,"workHomeCommuteMedian":-1},"geometry":{"type":"Polygon","coordinates":[[[26.59422581634339,58.06093449270127],[26.59422581634339,58.06992769633852],[26.603219019980635,58.06992769633852],[26.603219019980635,58.06093449270127],[26.59422581634339,58.06093449270127]]]}},{"type":"Feature","properties":{"jobs":0,"pop":13,"pointCount":2,"homeWorkCommuteMedian":11887,"workHomeCommuteMedian":-1},"geometry":{"type":"Polygon","coordinates":[[[26.59422581634339,58.08791410361301],[26.59422581634339,58.096907307250255],[26.603219019980635,58.096907307250255],[26.603219019980635,58.08791410361301],[26.59422581634339,58.08791410361301]]]}},{"type":"Feature","properties":{"jobs":9,"pop":0,"pointCount":1,"homeWorkCommuteMedian":-1,"workHomeCommuteMedian":18386},"geometry":{"type":"Polygon","coordinates":[[[26.59422581634339,58.16885293634822],[26.59422581634339,58.17784613998547],[26.603219019980635,58.17784613998547],[26.603219019980635,58.16885293634822],[26.59422581634339,58.16885293634822]]]}},{"type":"Feature","properties":{"jobs":17,"pop":0,"pointCount":1,"homeWorkCommuteMedian":-1,"workHomeCommuteMedian":22758},"geometry":{"type":"Polygon","coordinates":[[[26.59422581634339,58.19583254725996],[26.59422581634339,58.20482575089721],[26.603219019980635,58.20482575089721],[26.603219019980635,58.19583254725996],[26.59422581634339,58.19583254725996]]]}},{"type":"Feature","properties":{"jobs":4,"pop":0,"pointCount":1,"homeWorkCommuteMedian":-1,"workHomeCommuteMedian":45147},"geometry":{"type":"Polygon","coordinates":[[[26.59422581634339,58.2228121581717],[26.59422581634339,58.231805361808945],[26.603219019980635,58.231805361808945],[26.603219019980635,58.2228121581717],[26.59422581634339,58.2228121581717]]]}},{"type":"Feature","properties":{"jobs":19,"pop":0,"pointCount":1,"homeWorkCommuteMedian":-1,"workHomeCommuteMedian":43994},"geometry":{"type":"Polygon","coordinates":[[[26.59422581634339,58.26777817635793],[26.59422581634339,58.276771379995175],[26.603219019980635,58.276771379995175],[26.603219019980635,58.26777817635793],[26.59422581634339,58.26777817635793]]]}},{"type":"Feature","properties":{"jobs":0,"pop":20,"pointCount":3,"homeWorkCommuteMedian":9088,"workHomeCommuteMedian":-1},"geometry":{"type":"Polygon","coordinates":[[[26.59422581634339,58.31274419454416],[26.59422581634339,58.321737398181405],[26.603219019980635,58.321737398181405],[26.603219019980635,58.31274419454416],[26.59422581634339,58.31274419454416]]]}},{"type":"Feature","properties":{"jobs":0,"pop":31,"pointCount":3,"homeWorkCommuteMedian":9204,"workHomeCommuteMedian":-1},"geometry":{"type":"Polygon","coordinates":[[[26.59422581634339,58.33073060181865],[26.59422581634339,58.3397238054559],[26.603219019980635,58.3397238054559],[26.603219019980635,58.33073060181865],[26.59422581634339,58.33073060181865]]]}},{"type":"Feature","properties":{"jobs":35,"pop":22,"pointCount":3,"homeWorkCommuteMedian":11547,"workHomeCommuteMedian":42466},"geometry":{"type":"Polygon","coordinates":[[[26.59422581634339,58.34871700909314],[26.59422581634339,58.35771021273039],[26.603219019980635,58.35771021273039],[26.603219019980635,58.34871700909314],[26.59422581634339,58.34871700909314]]]}},{"type":"Feature","properties":{"jobs":15,"pop":19,"pointCount":3,"homeWorkCommuteMedian":10950,"workHomeCommuteMedian":10479},"geometry":{"type":"Polygon","coordinates":[[[26.59422581634339,58.37569662000488],[26.59422581634339,58.38468982364213],[26.603219019980635,58.38468982364213],[26.603219019980635,58.37569662000488],[26.59422581634339,58.37569662000488]]]}},{"type":"Feature","properties":{"jobs":0,"pop":15,"pointCount":1,"homeWorkCommuteMedian":60570,"workHomeCommuteMedian":-1},"geometry":{"type":"Polygon","coordinates":[[[26.59422581634339,58.44764224910285],[26.59422581634339,58.456635452740095],[26.603219019980635,58.456635452740095],[26.603219019980635,58.44764224910285],[26.59422581634339,58.44764224910285]]]}},{"type":"Feature","properties":{"jobs":29,"pop":0,"pointCount":1,"homeWorkCommuteMedian":-1,"workHomeCommuteMedian":24774},"geometry":{"type":"Polygon","coordinates":[[[26.59422581634339,58.53757428547531],[26.59422581634339,58.546567489112554],[26.603219019980635,58.546567489112554],[26.603219019980635,58.53757428547531],[26.59422581634339,58.53757428547531]]]}},{"type":"Feature","properties":{"jobs":101,"pop":362,"pointCount":13,"homeWorkCommuteMedian":33953,"workHomeCommuteMedian":5665},"geometry":{"type":"Polygon","coordinates":[[[26.59422581634339,58.546567489112554],[26.59422581634339,58.5555606927498],[26.603219019980635,58.5555606927498],[26.603219019980635,58.546567489112554],[26.59422581634339,58.546567489112554]]]}},{"type":"Feature","properties":{"jobs":0,"pop":9,"pointCount":1,"homeWorkCommuteMedian":12646,"workHomeCommuteMedian":-1},"geometry":{"type":"Polygon","coordinates":[[[26.59422581634339,58.5555606927498],[26.59422581634339,58.56455389638705],[26.603219019980635,58.56455389638705],[26.603219019980635,58.5555606927498],[26.59422581634339,58.5555606927498]]]}},{"type":"Feature","properties":{"jobs":2,"pop":5,"pointCount":2,"homeWorkCommuteMedian":14400,"workHomeCommuteMedian":16660},"geometry":{"type":"Polygon","coordinates":[[[26.59422581634339,58.58254030366154],[26.59422581634339,58.591533507298784],[26.603219019980635,58.591533507298784],[26.603219019980635,58.58254030366154],[26.59422581634339,58.58254030366154]]]}},{"type":"Feature","properties":{"jobs":0,"pop":11,"pointCount":1,"homeWorkCommuteMedian":37510,"workHomeCommuteMedian":-1},"geometry":{"type":"Polygon","coordinates":[[[26.603219019980635,58.096907307250255],[26.603219019980635,58.1059005108875],[26.61221222361788,58.1059005108875],[26.61221222361788,58.096907307250255],[26.603219019980635,58.096907307250255]]]}},{"type":"Feature","properties":{"jobs":0,"pop":12,"pointCount":1,"homeWorkCommuteMedian":27418,"workHomeCommuteMedian":-1},"geometry":{"type":"Polygon","coordinates":[[[26.603219019980635,58.186839343622715],[26.603219019980635,58.19583254725996],[26.61221222361788,58.19583254725996],[26.61221222361788,58.186839343622715],[26.603219019980635,58.186839343622715]]]}},{"type":"Feature","properties":{"jobs":17,"pop":14,"pointCount":3,"homeWorkCommuteMedian":15497,"workHomeCommuteMedian":24940},"geometry":{"type":"Polygon","coordinates":[[[26.603219019980635,58.24979176908344],[26.603219019980635,58.25878497272068],[26.61221222361788,58.25878497272068],[26.61221222361788,58.24979176908344],[26.603219019980635,58.24979176908344]]]}},{"type":"Feature","properties":{"jobs":0,"pop":76,"pointCount":5,"homeWorkCommuteMedian":10690,"workHomeCommuteMedian":-1},"geometry":{"type":"Polygon","coordinates":[[[26.603219019980635,58.31274419454416],[26.603219019980635,58.321737398181405],[26.61221222361788,58.321737398181405],[26.61221222361788,58.31274419454416],[26.603219019980635,58.31274419454416]]]}},{"type":"Feature","properties":{"jobs":14,"pop":20,"pointCount":3,"homeWorkCommuteMedian":12367,"workHomeCommuteMedian":8976},"geometry":{"type":"Polygon","coordinates":[[[26.603219019980635,58.321737398181405],[26.603219019980635,58.33073060181865],[26.61221222361788,58.33073060181865],[26.61221222361788,58.321737398181405],[26.603219019980635,58.321737398181405]]]}},{"type":"Feature","properties":{"jobs":0,"pop":23,"pointCount":3,"homeWorkCommuteMedian":12235,"workHomeCommuteMedian":-1},"geometry":{"type":"Polygon","coordinates":[[[26.603219019980635,58.33073060181865],[26.603219019980635,58.3397238054559],[26.61221222361788,58.3397238054559],[26.61221222361788,58.33073060181865],[26.603219019980635,58.33073060181865]]]}},{"type":"Feature","properties":{"jobs":0,"pop":17,"pointCount":2,"homeWorkCommuteMedian":8590,"workHomeCommuteMedian":-1},"geometry":{"type":"Polygon","coordinates":[[[26.603219019980635,58.3397238054559],[26.603219019980635,58.34871700909314],[26.61221222361788,58.34871700909314],[26.61221222361788,58.3397238054559],[26.603219019980635,58.3397238054559]]]}},{"type":"Feature","properties":{"jobs":0,"pop":33,"pointCount":1,"homeWorkCommuteMedian":30255,"workHomeCommuteMedian":-1},"geometry":{"type":"Polygon","coordinates":[[[26.603219019980635,58.34871700909314],[26.603219019980635,58.35771021273039],[26.61221222361788,58.35771021273039],[26.61221222361788,58.34871700909314],[26.603219019980635,58.34871700909314]]]}},{"type":"Feature","properties":{"jobs":0,"pop":6,"pointCount":1,"homeWorkCommuteMedian":14225,"workHomeCommuteMedian":-1},"geometry":{"type":"Polygon","coordinates":[[[26.603219019980635,58.35771021273039],[26.603219019980635,58.366703416367635],[26.61221222361788,58.366703416367635],[26.61221222361788,58.35771021273039],[26.603219019980635,58.35771021273039]]]}},{"type":"Feature","properties":{"jobs":20,"pop":21,"pointCount":4,"homeWorkCommuteMedian":9096,"workHomeCommuteMedian":25681},"geometry":{"type":"Polygon","coordinates":[[[26.603219019980635,58.366703416367635],[26.603219019980635,58.37569662000488],[26.61221222361788,58.37569662000488],[26.61221222361788,58.366703416367635],[26.603219019980635,58.366703416367635]]]}},{"type":"Feature","properties":{"jobs":0,"pop":18,"pointCount":2,"homeWorkCommuteMedian":8401,"workHomeCommuteMedian":-1},"geometry":{"type":"Polygon","coordinates":[[[26.603219019980635,58.37569662000488],[26.603219019980635,58.38468982364213],[26.61221222361788,58.38468982364213],[26.61221222361788,58.37569662000488],[26.603219019980635,58.37569662000488]]]}},{"type":"Feature","properties":{"jobs":25,"pop":10,"pointCount":3,"homeWorkCommuteMedian":23554,"workHomeCommuteMedian":9016},"geometry":{"type":"Polygon","coordinates":[[[26.603219019980635,58.40267623091662],[26.603219019980635,58.411669434553865],[26.61221222361788,58.411669434553865],[26.61221222361788,58.40267623091662],[26.603219019980635,58.40267623091662]]]}},{"type":"Feature","properties":{"jobs":22,"pop":13,"pointCount":2,"homeWorkCommuteMedian":18748,"workHomeCommuteMedian":15788},"geometry":{"type":"Polygon","coordinates":[[[26.603219019980635,58.46562865637734],[26.603219019980635,58.47462186001459],[26.61221222361788,58.47462186001459],[26.61221222361788,58.46562865637734],[26.603219019980635,58.46562865637734]]]}},{"type":"Feature","properties":{"jobs":0,"pop":10,"pointCount":1,"homeWorkCommuteMedian":66803,"workHomeCommuteMedian":-1},"geometry":{"type":"Polygon","coordinates":[[[26.603219019980635,58.48361506365183],[26.603219019980635,58.49260826728908],[26.61221222361788,58.49260826728908],[26.61221222361788,58.48361506365183],[26.603219019980635,58.48361506365183]]]}},{"type":"Feature","properties":{"jobs":0,"pop":23,"pointCount":3,"homeWorkCommuteMedian":9483,"workHomeCommuteMedian":-1},"geometry":{"type":"Polygon","coordinates":[[[26.603219019980635,58.53757428547531],[26.603219019980635,58.546567489112554],[26.61221222361788,58.546567489112554],[26.61221222361788,58.53757428547531],[26.603219019980635,58.53757428547531]]]}},{"type":"Feature","properties":{"jobs":61,"pop":8,"pointCount":4,"homeWorkCommuteMedian":9585,"workHomeCommuteMedian":6185},"geometry":{"type":"Polygon","coordinates":[[[26.603219019980635,58.546567489112554],[26.603219019980635,58.5555606927498],[26.61221222361788,58.5555606927498],[26.61221222361788,58.546567489112554],[26.603219019980635,58.546567489112554]]]}},{"type":"Feature","properties":{"jobs":0,"pop":6,"pointCount":1,"homeWorkCommuteMedian":2354,"workHomeCommuteMedian":-1},"geometry":{"type":"Polygon","coordinates":[[[26.603219019980635,58.5555606927498],[26.603219019980635,58.56455389638705],[26.61221222361788,58.56455389638705],[26.61221222361788,58.5555606927498],[26.603219019980635,58.5555606927498]]]}},{"type":"Feature","properties":{"jobs":0,"pop":11,"pointCount":1,"homeWorkCommuteMedian":32542,"workHomeCommuteMedian":-1},"geometry":{"type":"Polygon","coordinates":[[[26.603219019980635,58.58254030366154],[26.603219019980635,58.591533507298784],[26.61221222361788,58.591533507298784],[26.61221222361788,58.58254030366154],[26.603219019980635,58.58254030366154]]]}},{"type":"Feature","properties":{"jobs":6,"pop":10,"pointCount":1,"homeWorkCommuteMedian":49826,"workHomeCommuteMedian":15056},"geometry":{"type":"Polygon","coordinates":[[[26.61221222361788,57.99798206724055],[26.61221222361788,58.006975270877795],[26.621205427255127,58.006975270877795],[26.621205427255127,57.99798206724055],[26.61221222361788,57.99798206724055]]]}},{"type":"Feature","properties":{"jobs":0,"pop":6,"pointCount":1,"homeWorkCommuteMedian":39785,"workHomeCommuteMedian":-1},"geometry":{"type":"Polygon","coordinates":[[[26.61221222361788,58.006975270877795],[26.61221222361788,58.01596847451504],[26.621205427255127,58.01596847451504],[26.621205427255127,58.006975270877795],[26.61221222361788,58.006975270877795]]]}},{"type":"Feature","properties":{"jobs":1,"pop":2,"pointCount":2,"homeWorkCommuteMedian":56331,"workHomeCommuteMedian":46654},"geometry":{"type":"Polygon","coordinates":[[[26.61221222361788,58.06992769633852],[26.61221222361788,58.07892089997576],[26.621205427255127,58.07892089997576],[26.621205427255127,58.06992769633852],[26.61221222361788,58.06992769633852]]]}},{"type":"Feature","properties":{"jobs":9,"pop":0,"pointCount":1,"homeWorkCommuteMedian":-1,"workHomeCommuteMedian":83259},"geometry":{"type":"Polygon","coordinates":[[[26.61221222361788,58.096907307250255],[26.61221222361788,58.1059005108875],[26.621205427255127,58.1059005108875],[26.621205427255127,58.096907307250255],[26.61221222361788,58.096907307250255]]]}},{"type":"Feature","properties":{"jobs":0,"pop":9,"pointCount":1,"homeWorkCommuteMedian":25878,"workHomeCommuteMedian":-1},"geometry":{"type":"Polygon","coordinates":[[[26.61221222361788,58.15985973271098],[26.61221222361788,58.16885293634822],[26.621205427255127,58.16885293634822],[26.621205427255127,58.15985973271098],[26.61221222361788,58.15985973271098]]]}},{"type":"Feature","properties":{"jobs":0,"pop":7,"pointCount":1,"homeWorkCommuteMedian":26818,"workHomeCommuteMedian":-1},"geometry":{"type":"Polygon","coordinates":[[[26.61221222361788,58.17784613998547],[26.61221222361788,58.186839343622715],[26.621205427255127,58.186839343622715],[26.621205427255127,58.17784613998547],[26.61221222361788,58.17784613998547]]]}},{"type":"Feature","properties":{"jobs":0,"pop":13,"pointCount":1,"homeWorkCommuteMedian":21857,"workHomeCommuteMedian":-1},"geometry":{"type":"Polygon","coordinates":[[[26.61221222361788,58.24079856544619],[26.61221222361788,58.24979176908344],[26.621205427255127,58.24979176908344],[26.621205427255127,58.24079856544619],[26.61221222361788,58.24079856544619]]]}},{"type":"Feature","properties":{"jobs":0,"pop":8,"pointCount":1,"homeWorkCommuteMedian":10675,"workHomeCommuteMedian":-1},"geometry":{"type":"Polygon","coordinates":[[[26.61221222361788,58.276771379995175],[26.61221222361788,58.28576458363242],[26.621205427255127,58.28576458363242],[26.621205427255127,58.276771379995175],[26.61221222361788,58.276771379995175]]]}},{"type":"Feature","properties":{"jobs":11,"pop":0,"pointCount":1,"homeWorkCommuteMedian":-1,"workHomeCommuteMedian":28501},"geometry":{"type":"Polygon","coordinates":[[[26.61221222361788,58.28576458363242],[26.61221222361788,58.29475778726967],[26.621205427255127,58.29475778726967],[26.621205427255127,58.28576458363242],[26.61221222361788,58.28576458363242]]]}},{"type":"Feature","properties":{"jobs":0,"pop":5,"pointCount":1,"homeWorkCommuteMedian":9702,"workHomeCommuteMedian":-1},"geometry":{"type":"Polygon","coordinates":[[[26.61221222361788,58.30375099090691],[26.61221222361788,58.31274419454416],[26.621205427255127,58.31274419454416],[26.621205427255127,58.30375099090691],[26.61221222361788,58.30375099090691]]]}},{"type":"Feature","properties":{"jobs":25,"pop":29,"pointCount":5,"homeWorkCommuteMedian":8853,"workHomeCommuteMedian":52104},"geometry":{"type":"Polygon","coordinates":[[[26.61221222361788,58.31274419454416],[26.61221222361788,58.321737398181405],[26.621205427255127,58.321737398181405],[26.621205427255127,58.31274419454416],[26.61221222361788,58.31274419454416]]]}},{"type":"Feature","properties":{"jobs":0,"pop":129,"pointCount":7,"homeWorkCommuteMedian":10100,"workHomeCommuteMedian":-1},"geometry":{"type":"Polygon","coordinates":[[[26.61221222361788,58.321737398181405],[26.61221222361788,58.33073060181865],[26.621205427255127,58.33073060181865],[26.621205427255127,58.321737398181405],[26.61221222361788,58.321737398181405]]]}},{"type":"Feature","properties":{"jobs":0,"pop":35,"pointCount":4,"homeWorkCommuteMedian":11378,"workHomeCommuteMedian":-1},"geometry":{"type":"Polygon","coordinates":[[[26.61221222361788,58.33073060181865],[26.61221222361788,58.3397238054559],[26.621205427255127,58.3397238054559],[26.621205427255127,58.33073060181865],[26.61221222361788,58.33073060181865]]]}},{"type":"Feature","properties":{"jobs":60,"pop":41,"pointCount":4,"homeWorkCommuteMedian":37424,"workHomeCommuteMedian":1383},"geometry":{"type":"Polygon","coordinates":[[[26.61221222361788,58.34871700909314],[26.61221222361788,58.35771021273039],[26.621205427255127,58.35771021273039],[26.621205427255127,58.34871700909314],[26.61221222361788,58.34871700909314]]]}},{"type":"Feature","properties":{"jobs":0,"pop":14,"pointCount":2,"homeWorkCommuteMedian":7256,"workHomeCommuteMedian":-1},"geometry":{"type":"Polygon","coordinates":[[[26.61221222361788,58.35771021273039],[26.61221222361788,58.366703416367635],[26.621205427255127,58.366703416367635],[26.621205427255127,58.35771021273039],[26.61221222361788,58.35771021273039]]]}},{"type":"Feature","properties":{"jobs":0,"pop":6,"pointCount":1,"homeWorkCommuteMedian":8793,"workHomeCommuteMedian":-1},"geometry":{"type":"Polygon","coordinates":[[[26.61221222361788,58.366703416367635],[26.61221222361788,58.37569662000488],[26.621205427255127,58.37569662000488],[26.621205427255127,58.366703416367635],[26.61221222361788,58.366703416367635]]]}},{"type":"Feature","properties":{"jobs":320,"pop":76,"pointCount":9,"homeWorkCommuteMedian":26275,"workHomeCommuteMedian":8476},"geometry":{"type":"Polygon","coordinates":[[[26.61221222361788,58.37569662000488],[26.61221222361788,58.38468982364213],[26.621205427255127,58.38468982364213],[26.621205427255127,58.37569662000488],[26.61221222361788,58.37569662000488]]]}},{"type":"Feature","properties":{"jobs":10,"pop":13,"pointCount":2,"homeWorkCommuteMedian":25564,"workHomeCommuteMedian":52925},"geometry":{"type":"Polygon","coordinates":[[[26.61221222361788,58.39368302727937],[26.61221222361788,58.40267623091662],[26.621205427255127,58.40267623091662],[26.621205427255127,58.39368302727937],[26.61221222361788,58.39368302727937]]]}},{"type":"Feature","properties":{"jobs":34,"pop":23,"pointCount":2,"homeWorkCommuteMedian":2724,"workHomeCommuteMedian":33819},"geometry":{"type":"Polygon","coordinates":[[[26.61221222361788,58.40267623091662],[26.61221222361788,58.411669434553865],[26.621205427255127,58.411669434553865],[26.621205427255127,58.40267623091662],[26.61221222361788,58.40267623091662]]]}},{"type":"Feature","properties":{"jobs":0,"pop":9,"pointCount":1,"homeWorkCommuteMedian":10448,"workHomeCommuteMedian":-1},"geometry":{"type":"Polygon","coordinates":[[[26.61221222361788,58.4386490454656],[26.61221222361788,58.44764224910285],[26.621205427255127,58.44764224910285],[26.621205427255127,58.4386490454656],[26.61221222361788,58.4386490454656]]]}},{"type":"Feature","properties":{"jobs":0,"pop":12,"pointCount":1,"homeWorkCommuteMedian":29261,"workHomeCommuteMedian":-1},"geometry":{"type":"Polygon","coordinates":[[[26.61221222361788,58.5555606927498],[26.61221222361788,58.56455389638705],[26.621205427255127,58.56455389638705],[26.621205427255127,58.5555606927498],[26.61221222361788,58.5555606927498]]]}},{"type":"Feature","properties":{"jobs":0,"pop":23,"pointCount":1,"homeWorkCommuteMedian":33377,"workHomeCommuteMedian":-1},"geometry":{"type":"Polygon","coordinates":[[[26.61221222361788,58.57354710002429],[26.61221222361788,58.58254030366154],[26.621205427255127,58.58254030366154],[26.621205427255127,58.57354710002429],[26.61221222361788,58.57354710002429]]]}},{"type":"Feature","properties":{"jobs":4,"pop":0,"pointCount":1,"homeWorkCommuteMedian":-1,"workHomeCommuteMedian":62177},"geometry":{"type":"Polygon","coordinates":[[[26.621205427255127,57.944022845417074],[26.621205427255127,57.95301604905432],[26.630198630892373,57.95301604905432],[26.630198630892373,57.944022845417074],[26.621205427255127,57.944022845417074]]]}},{"type":"Feature","properties":{"jobs":0,"pop":7,"pointCount":1,"homeWorkCommuteMedian":19739,"workHomeCommuteMedian":-1},"geometry":{"type":"Polygon","coordinates":[[[26.621205427255127,58.01596847451504],[26.621205427255127,58.02496167815229],[26.630198630892373,58.02496167815229],[26.630198630892373,58.01596847451504],[26.621205427255127,58.01596847451504]]]}},{"type":"Feature","properties":{"jobs":12,"pop":0,"pointCount":1,"homeWorkCommuteMedian":-1,"workHomeCommuteMedian":30001},"geometry":{"type":"Polygon","coordinates":[[[26.621205427255127,58.141873325436485],[26.621205427255127,58.15086652907373],[26.630198630892373,58.15086652907373],[26.630198630892373,58.141873325436485],[26.621205427255127,58.141873325436485]]]}},{"type":"Feature","properties":{"jobs":0,"pop":7,"pointCount":1,"homeWorkCommuteMedian":18002,"workHomeCommuteMedian":-1},"geometry":{"type":"Polygon","coordinates":[[[26.621205427255127,58.186839343622715],[26.621205427255127,58.19583254725996],[26.630198630892373,58.19583254725996],[26.630198630892373,58.186839343622715],[26.621205427255127,58.186839343622715]]]}},{"type":"Feature","properties":{"jobs":0,"pop":12,"pointCount":1,"homeWorkCommuteMedian":11841,"workHomeCommuteMedian":-1},"geometry":{"type":"Polygon","coordinates":[[[26.621205427255127,58.30375099090691],[26.621205427255127,58.31274419454416],[26.630198630892373,58.31274419454416],[26.630198630892373,58.30375099090691],[26.621205427255127,58.30375099090691]]]}},{"type":"Feature","properties":{"jobs":22,"pop":54,"pointCount":5,"homeWorkCommuteMedian":8438,"workHomeCommuteMedian":18603},"geometry":{"type":"Polygon","coordinates":[[[26.621205427255127,58.31274419454416],[26.621205427255127,58.321737398181405],[26.630198630892373,58.321737398181405],[26.630198630892373,58.31274419454416],[26.621205427255127,58.31274419454416]]]}},{"type":"Feature","properties":{"jobs":0,"pop":43,"pointCount":4,"homeWorkCommuteMedian":9826,"workHomeCommuteMedian":-1},"geometry":{"type":"Polygon","coordinates":[[[26.621205427255127,58.321737398181405],[26.621205427255127,58.33073060181865],[26.630198630892373,58.33073060181865],[26.630198630892373,58.321737398181405],[26.621205427255127,58.321737398181405]]]}},{"type":"Feature","properties":{"jobs":13,"pop":0,"pointCount":1,"homeWorkCommuteMedian":-1,"workHomeCommuteMedian":34551},"geometry":{"type":"Polygon","coordinates":[[[26.621205427255127,58.33073060181865],[26.621205427255127,58.3397238054559],[26.630198630892373,58.3397238054559],[26.630198630892373,58.33073060181865],[26.621205427255127,58.33073060181865]]]}},{"type":"Feature","properties":{"jobs":13,"pop":23,"pointCount":3,"homeWorkCommuteMedian":11558,"workHomeCommuteMedian":26299},"geometry":{"type":"Polygon","coordinates":[[[26.621205427255127,58.34871700909314],[26.621205427255127,58.35771021273039],[26.630198630892373,58.35771021273039],[26.630198630892373,58.34871700909314],[26.621205427255127,58.34871700909314]]]}},{"type":"Feature","properties":{"jobs":5,"pop":86,"pointCount":3,"homeWorkCommuteMedian":4993,"workHomeCommuteMedian":318},"geometry":{"type":"Polygon","coordinates":[[[26.621205427255127,58.35771021273039],[26.621205427255127,58.366703416367635],[26.630198630892373,58.366703416367635],[26.630198630892373,58.35771021273039],[26.621205427255127,58.35771021273039]]]}},{"type":"Feature","properties":{"jobs":6,"pop":0,"pointCount":1,"homeWorkCommuteMedian":-1,"workHomeCommuteMedian":7894},"geometry":{"type":"Polygon","coordinates":[[[26.621205427255127,58.366703416367635],[26.621205427255127,58.37569662000488],[26.630198630892373,58.37569662000488],[26.630198630892373,58.366703416367635],[26.621205427255127,58.366703416367635]]]}},{"type":"Feature","properties":{"jobs":33,"pop":0,"pointCount":1,"homeWorkCommuteMedian":-1,"workHomeCommuteMedian":10445},"geometry":{"type":"Polygon","coordinates":[[[26.621205427255127,58.37569662000488],[26.621205427255127,58.38468982364213],[26.630198630892373,58.38468982364213],[26.630198630892373,58.37569662000488],[26.621205427255127,58.37569662000488]]]}},{"type":"Feature","properties":{"jobs":0,"pop":8,"pointCount":1,"homeWorkCommuteMedian":7674,"workHomeCommuteMedian":-1},"geometry":{"type":"Polygon","coordinates":[[[26.621205427255127,58.40267623091662],[26.621205427255127,58.411669434553865],[26.630198630892373,58.411669434553865],[26.630198630892373,58.40267623091662],[26.621205427255127,58.40267623091662]]]}},{"type":"Feature","properties":{"jobs":0,"pop":9,"pointCount":1,"homeWorkCommuteMedian":4533,"workHomeCommuteMedian":-1},"geometry":{"type":"Polygon","coordinates":[[[26.621205427255127,58.42965584182836],[26.621205427255127,58.4386490454656],[26.630198630892373,58.4386490454656],[26.630198630892373,58.42965584182836],[26.621205427255127,58.42965584182836]]]}},{"type":"Feature","properties":{"jobs":12,"pop":5,"pointCount":1,"homeWorkCommuteMedian":30076,"workHomeCommuteMedian":9162},"geometry":{"type":"Polygon","coordinates":[[[26.621205427255127,58.44764224910285],[26.621205427255127,58.456635452740095],[26.630198630892373,58.456635452740095],[26.630198630892373,58.44764224910285],[26.621205427255127,58.44764224910285]]]}},{"type":"Feature","properties":{"jobs":0,"pop":13,"pointCount":2,"homeWorkCommuteMedian":18245,"workHomeCommuteMedian":-1},"geometry":{"type":"Polygon","coordinates":[[[26.621205427255127,58.46562865637734],[26.621205427255127,58.47462186001459],[26.630198630892373,58.47462186001459],[26.630198630892373,58.46562865637734],[26.621205427255127,58.46562865637734]]]}},{"type":"Feature","properties":{"jobs":53,"pop":18,"pointCount":3,"homeWorkCommuteMedian":17231,"workHomeCommuteMedian":14874},"geometry":{"type":"Polygon","coordinates":[[[26.621205427255127,58.47462186001459],[26.621205427255127,58.48361506365183],[26.630198630892373,58.48361506365183],[26.630198630892373,58.47462186001459],[26.621205427255127,58.47462186001459]]]}},{"type":"Feature","properties":{"jobs":0,"pop":13,"pointCount":1,"homeWorkCommuteMedian":52810,"workHomeCommuteMedian":-1},"geometry":{"type":"Polygon","coordinates":[[[26.630198630892373,58.006975270877795],[26.630198630892373,58.01596847451504],[26.63919183452962,58.01596847451504],[26.63919183452962,58.006975270877795],[26.630198630892373,58.006975270877795]]]}},{"type":"Feature","properties":{"jobs":0,"pop":12,"pointCount":1,"homeWorkCommuteMedian":38196,"workHomeCommuteMedian":-1},"geometry":{"type":"Polygon","coordinates":[[[26.630198630892373,58.03395488178953],[26.630198630892373,58.04294808542678],[26.63919183452962,58.04294808542678],[26.63919183452962,58.03395488178953],[26.630198630892373,58.03395488178953]]]}},{"type":"Feature","properties":{"jobs":30,"pop":0,"pointCount":1,"homeWorkCommuteMedian":-1,"workHomeCommuteMedian":19235},"geometry":{"type":"Polygon","coordinates":[[[26.630198630892373,58.07892089997576],[26.630198630892373,58.08791410361301],[26.63919183452962,58.08791410361301],[26.63919183452962,58.07892089997576],[26.630198630892373,58.07892089997576]]]}},{"type":"Feature","properties":{"jobs":0,"pop":12,"pointCount":1,"homeWorkCommuteMedian":29556,"workHomeCommuteMedian":-1},"geometry":{"type":"Polygon","coordinates":[[[26.630198630892373,58.15985973271098],[26.630198630892373,58.16885293634822],[26.63919183452962,58.16885293634822],[26.63919183452962,58.15985973271098],[26.630198630892373,58.15985973271098]]]}},{"type":"Feature","properties":{"jobs":65,"pop":17,"pointCount":3,"homeWorkCommuteMedian":32059,"workHomeCommuteMedian":34436},"geometry":{"type":"Polygon","coordinates":[[[26.630198630892373,58.16885293634822],[26.630198630892373,58.17784613998547],[26.63919183452962,58.17784613998547],[26.63919183452962,58.16885293634822],[26.630198630892373,58.16885293634822]]]}},{"type":"Feature","properties":{"jobs":46,"pop":14,"pointCount":2,"homeWorkCommuteMedian":20212,"workHomeCommuteMedian":35372},"geometry":{"type":"Polygon","coordinates":[[[26.630198630892373,58.2228121581717],[26.630198630892373,58.231805361808945],[26.63919183452962,58.231805361808945],[26.63919183452962,58.2228121581717],[26.630198630892373,58.2228121581717]]]}},{"type":"Feature","properties":{"jobs":0,"pop":9,"pointCount":1,"homeWorkCommuteMedian":17380,"workHomeCommuteMedian":-1},"geometry":{"type":"Polygon","coordinates":[[[26.630198630892373,58.24979176908344],[26.630198630892373,58.25878497272068],[26.63919183452962,58.25878497272068],[26.63919183452962,58.24979176908344],[26.630198630892373,58.24979176908344]]]}},{"type":"Feature","properties":{"jobs":11,"pop":5,"pointCount":2,"homeWorkCommuteMedian":10580,"workHomeCommuteMedian":8985},"geometry":{"type":"Polygon","coordinates":[[[26.630198630892373,58.321737398181405],[26.630198630892373,58.33073060181865],[26.63919183452962,58.33073060181865],[26.63919183452962,58.321737398181405],[26.630198630892373,58.321737398181405]]]}},{"type":"Feature","properties":{"jobs":0,"pop":17,"pointCount":2,"homeWorkCommuteMedian":10926,"workHomeCommuteMedian":-1},"geometry":{"type":"Polygon","coordinates":[[[26.630198630892373,58.33073060181865],[26.630198630892373,58.3397238054559],[26.63919183452962,58.3397238054559],[26.63919183452962,58.33073060181865],[26.630198630892373,58.33073060181865]]]}},{"type":"Feature","properties":{"jobs":0,"pop":8,"pointCount":1,"homeWorkCommuteMedian":1560,"workHomeCommuteMedian":-1},"geometry":{"type":"Polygon","coordinates":[[[26.630198630892373,58.35771021273039],[26.630198630892373,58.366703416367635],[26.63919183452962,58.366703416367635],[26.63919183452962,58.35771021273039],[26.630198630892373,58.35771021273039]]]}},{"type":"Feature","properties":{"jobs":0,"pop":6,"pointCount":1,"homeWorkCommuteMedian":4705,"workHomeCommuteMedian":-1},"geometry":{"type":"Polygon","coordinates":[[[26.630198630892373,58.38468982364213],[26.630198630892373,58.39368302727937],[26.63919183452962,58.39368302727937],[26.63919183452962,58.38468982364213],[26.630198630892373,58.38468982364213]]]}},{"type":"Feature","properties":{"jobs":16,"pop":0,"pointCount":2,"homeWorkCommuteMedian":-1,"workHomeCommuteMedian":10979},"geometry":{"type":"Polygon","coordinates":[[[26.630198630892373,58.42965584182836],[26.630198630892373,58.4386490454656],[26.63919183452962,58.4386490454656],[26.63919183452962,58.42965584182836],[26.630198630892373,58.42965584182836]]]}},{"type":"Feature","properties":{"jobs":0,"pop":9,"pointCount":1,"homeWorkCommuteMedian":19428,"workHomeCommuteMedian":-1},"geometry":{"type":"Polygon","coordinates":[[[26.630198630892373,58.4386490454656],[26.630198630892373,58.44764224910285],[26.63919183452962,58.44764224910285],[26.63919183452962,58.4386490454656],[26.630198630892373,58.4386490454656]]]}},{"type":"Feature","properties":{"jobs":0,"pop":29,"pointCount":1,"homeWorkCommuteMedian":13004,"workHomeCommuteMedian":-1},"geometry":{"type":"Polygon","coordinates":[[[26.630198630892373,58.44764224910285],[26.630198630892373,58.456635452740095],[26.63919183452962,58.456635452740095],[26.63919183452962,58.44764224910285],[26.630198630892373,58.44764224910285]]]}},{"type":"Feature","properties":{"jobs":11,"pop":8,"pointCount":1,"homeWorkCommuteMedian":7277,"workHomeCommuteMedian":13009},"geometry":{"type":"Polygon","coordinates":[[[26.630198630892373,58.49260826728908],[26.630198630892373,58.501601470926325],[26.63919183452962,58.501601470926325],[26.63919183452962,58.49260826728908],[26.630198630892373,58.49260826728908]]]}},{"type":"Feature","properties":{"jobs":19,"pop":5,"pointCount":2,"homeWorkCommuteMedian":3393,"workHomeCommuteMedian":32665},"geometry":{"type":"Polygon","coordinates":[[[26.630198630892373,58.52858108183806],[26.630198630892373,58.53757428547531],[26.63919183452962,58.53757428547531],[26.63919183452962,58.52858108183806],[26.630198630892373,58.52858108183806]]]}},{"type":"Feature","properties":{"jobs":20,"pop":50,"pointCount":2,"homeWorkCommuteMedian":29869,"workHomeCommuteMedian":26839},"geometry":{"type":"Polygon","coordinates":[[[26.630198630892373,58.5555606927498],[26.630198630892373,58.56455389638705],[26.63919183452962,58.56455389638705],[26.63919183452962,58.5555606927498],[26.630198630892373,58.5555606927498]]]}},{"type":"Feature","properties":{"jobs":4,"pop":0,"pointCount":1,"homeWorkCommuteMedian":-1,"workHomeCommuteMedian":29156},"geometry":{"type":"Polygon","coordinates":[[[26.630198630892373,58.591533507298784],[26.630198630892373,58.60052671093603],[26.63919183452962,58.60052671093603],[26.63919183452962,58.591533507298784],[26.630198630892373,58.591533507298784]]]}},{"type":"Feature","properties":{"jobs":4,"pop":13,"pointCount":2,"homeWorkCommuteMedian":57267,"workHomeCommuteMedian":60950},"geometry":{"type":"Polygon","coordinates":[[[26.63919183452962,57.962009252691566],[26.63919183452962,57.97100245632881],[26.648185038166865,57.97100245632881],[26.648185038166865,57.962009252691566],[26.63919183452962,57.962009252691566]]]}},{"type":"Feature","properties":{"jobs":0,"pop":6,"pointCount":1,"homeWorkCommuteMedian":42972,"workHomeCommuteMedian":-1},"geometry":{"type":"Polygon","coordinates":[[[26.63919183452962,57.97100245632881],[26.63919183452962,57.97999565996606],[26.648185038166865,57.97999565996606],[26.648185038166865,57.97100245632881],[26.63919183452962,57.97100245632881]]]}},{"type":"Feature","properties":{"jobs":9,"pop":0,"pointCount":1,"homeWorkCommuteMedian":-1,"workHomeCommuteMedian":44195},"geometry":{"type":"Polygon","coordinates":[[[26.63919183452962,58.04294808542678],[26.63919183452962,58.051941289064025],[26.648185038166865,58.051941289064025],[26.648185038166865,58.04294808542678],[26.63919183452962,58.04294808542678]]]}},{"type":"Feature","properties":{"jobs":41,"pop":13,"pointCount":3,"homeWorkCommuteMedian":36740,"workHomeCommuteMedian":36989},"geometry":{"type":"Polygon","coordinates":[[[26.63919183452962,58.07892089997576],[26.63919183452962,58.08791410361301],[26.648185038166865,58.08791410361301],[26.648185038166865,58.07892089997576],[26.63919183452962,58.07892089997576]]]}},{"type":"Feature","properties":{"jobs":0,"pop":10,"pointCount":1,"homeWorkCommuteMedian":29940,"workHomeCommuteMedian":-1},"geometry":{"type":"Polygon","coordinates":[[[26.63919183452962,58.16885293634822],[26.63919183452962,58.17784613998547],[26.648185038166865,58.17784613998547],[26.648185038166865,58.16885293634822],[26.63919183452962,58.16885293634822]]]}},{"type":"Feature","properties":{"jobs":8,"pop":0,"pointCount":1,"homeWorkCommuteMedian":-1,"workHomeCommuteMedian":11672},"geometry":{"type":"Polygon","coordinates":[[[26.63919183452962,58.2228121581717],[26.63919183452962,58.231805361808945],[26.648185038166865,58.231805361808945],[26.648185038166865,58.2228121581717],[26.63919183452962,58.2228121581717]]]}},{"type":"Feature","properties":{"jobs":6,"pop":0,"pointCount":1,"homeWorkCommuteMedian":-1,"workHomeCommuteMedian":22854},"geometry":{"type":"Polygon","coordinates":[[[26.63919183452962,58.24079856544619],[26.63919183452962,58.24979176908344],[26.648185038166865,58.24979176908344],[26.648185038166865,58.24079856544619],[26.63919183452962,58.24079856544619]]]}},{"type":"Feature","properties":{"jobs":12,"pop":6,"pointCount":2,"homeWorkCommuteMedian":30179,"workHomeCommuteMedian":6764},"geometry":{"type":"Polygon","coordinates":[[[26.63919183452962,58.31274419454416],[26.63919183452962,58.321737398181405],[26.648185038166865,58.321737398181405],[26.648185038166865,58.31274419454416],[26.63919183452962,58.31274419454416]]]}},{"type":"Feature","properties":{"jobs":65,"pop":13,"pointCount":7,"homeWorkCommuteMedian":10916,"workHomeCommuteMedian":10191},"geometry":{"type":"Polygon","coordinates":[[[26.63919183452962,58.321737398181405],[26.63919183452962,58.33073060181865],[26.648185038166865,58.33073060181865],[26.648185038166865,58.321737398181405],[26.63919183452962,58.321737398181405]]]}},{"type":"Feature","properties":{"jobs":0,"pop":57,"pointCount":5,"homeWorkCommuteMedian":8137,"workHomeCommuteMedian":-1},"geometry":{"type":"Polygon","coordinates":[[[26.63919183452962,58.33073060181865],[26.63919183452962,58.3397238054559],[26.648185038166865,58.3397238054559],[26.648185038166865,58.33073060181865],[26.63919183452962,58.33073060181865]]]}},{"type":"Feature","properties":{"jobs":0,"pop":12,"pointCount":1,"homeWorkCommuteMedian":6580,"workHomeCommuteMedian":-1},"geometry":{"type":"Polygon","coordinates":[[[26.63919183452962,58.3397238054559],[26.63919183452962,58.34871700909314],[26.648185038166865,58.34871700909314],[26.648185038166865,58.3397238054559],[26.63919183452962,58.3397238054559]]]}},{"type":"Feature","properties":{"jobs":0,"pop":110,"pointCount":4,"homeWorkCommuteMedian":6698,"workHomeCommuteMedian":-1},"geometry":{"type":"Polygon","coordinates":[[[26.63919183452962,58.34871700909314],[26.63919183452962,58.35771021273039],[26.648185038166865,58.35771021273039],[26.648185038166865,58.34871700909314],[26.63919183452962,58.34871700909314]]]}},{"type":"Feature","properties":{"jobs":184,"pop":225,"pointCount":10,"homeWorkCommuteMedian":7408,"workHomeCommuteMedian":7121},"geometry":{"type":"Polygon","coordinates":[[[26.63919183452962,58.35771021273039],[26.63919183452962,58.366703416367635],[26.648185038166865,58.366703416367635],[26.648185038166865,58.35771021273039],[26.63919183452962,58.35771021273039]]]}},{"type":"Feature","properties":{"jobs":0,"pop":80,"pointCount":3,"homeWorkCommuteMedian":7121,"workHomeCommuteMedian":-1},"geometry":{"type":"Polygon","coordinates":[[[26.63919183452962,58.366703416367635],[26.63919183452962,58.37569662000488],[26.648185038166865,58.37569662000488],[26.648185038166865,58.366703416367635],[26.63919183452962,58.366703416367635]]]}},{"type":"Feature","properties":{"jobs":0,"pop":7,"pointCount":1,"homeWorkCommuteMedian":5037,"workHomeCommuteMedian":-1},"geometry":{"type":"Polygon","coordinates":[[[26.63919183452962,58.38468982364213],[26.63919183452962,58.39368302727937],[26.648185038166865,58.39368302727937],[26.648185038166865,58.38468982364213],[26.63919183452962,58.38468982364213]]]}},{"type":"Feature","properties":{"jobs":0,"pop":13,"pointCount":1,"homeWorkCommuteMedian":19225,"workHomeCommuteMedian":-1},"geometry":{"type":"Polygon","coordinates":[[[26.63919183452962,58.42965584182836],[26.63919183452962,58.4386490454656],[26.648185038166865,58.4386490454656],[26.648185038166865,58.42965584182836],[26.63919183452962,58.42965584182836]]]}},{"type":"Feature","properties":{"jobs":0,"pop":8,"pointCount":1,"homeWorkCommuteMedian":6141,"workHomeCommuteMedian":-1},"geometry":{"type":"Polygon","coordinates":[[[26.63919183452962,58.4386490454656],[26.63919183452962,58.44764224910285],[26.648185038166865,58.44764224910285],[26.648185038166865,58.4386490454656],[26.63919183452962,58.4386490454656]]]}},{"type":"Feature","properties":{"jobs":0,"pop":6,"pointCount":1,"homeWorkCommuteMedian":5629,"workHomeCommuteMedian":-1},"geometry":{"type":"Polygon","coordinates":[[[26.63919183452962,58.44764224910285],[26.63919183452962,58.456635452740095],[26.648185038166865,58.456635452740095],[26.648185038166865,58.44764224910285],[26.63919183452962,58.44764224910285]]]}},{"type":"Feature","properties":{"jobs":0,"pop":12,"pointCount":2,"homeWorkCommuteMedian":15217,"workHomeCommuteMedian":-1},"geometry":{"type":"Polygon","coordinates":[[[26.63919183452962,58.46562865637734],[26.63919183452962,58.47462186001459],[26.648185038166865,58.47462186001459],[26.648185038166865,58.46562865637734],[26.63919183452962,58.46562865637734]]]}},{"type":"Feature","properties":{"jobs":0,"pop":9,"pointCount":1,"homeWorkCommuteMedian":1029,"workHomeCommuteMedian":-1},"geometry":{"type":"Polygon","coordinates":[[[26.63919183452962,58.47462186001459],[26.63919183452962,58.48361506365183],[26.648185038166865,58.48361506365183],[26.648185038166865,58.47462186001459],[26.63919183452962,58.47462186001459]]]}},{"type":"Feature","properties":{"jobs":0,"pop":14,"pointCount":1,"homeWorkCommuteMedian":19533,"workHomeCommuteMedian":-1},"geometry":{"type":"Polygon","coordinates":[[[26.63919183452962,58.48361506365183],[26.63919183452962,58.49260826728908],[26.648185038166865,58.49260826728908],[26.648185038166865,58.48361506365183],[26.63919183452962,58.48361506365183]]]}},{"type":"Feature","properties":{"jobs":5,"pop":9,"pointCount":1,"homeWorkCommuteMedian":3863,"workHomeCommuteMedian":18537},"geometry":{"type":"Polygon","coordinates":[[[26.63919183452962,58.52858108183806],[26.63919183452962,58.53757428547531],[26.648185038166865,58.53757428547531],[26.648185038166865,58.52858108183806],[26.63919183452962,58.52858108183806]]]}},{"type":"Feature","properties":{"jobs":5,"pop":11,"pointCount":1,"homeWorkCommuteMedian":84440,"workHomeCommuteMedian":27587},"geometry":{"type":"Polygon","coordinates":[[[26.63919183452962,58.58254030366154],[26.63919183452962,58.591533507298784],[26.648185038166865,58.591533507298784],[26.648185038166865,58.58254030366154],[26.63919183452962,58.58254030366154]]]}},{"type":"Feature","properties":{"jobs":0,"pop":5,"pointCount":1,"homeWorkCommuteMedian":21411,"workHomeCommuteMedian":-1},"geometry":{"type":"Polygon","coordinates":[[[26.648185038166865,57.962009252691566],[26.648185038166865,57.97100245632881],[26.65717824180411,57.97100245632881],[26.65717824180411,57.962009252691566],[26.648185038166865,57.962009252691566]]]}},{"type":"Feature","properties":{"jobs":0,"pop":7,"pointCount":1,"homeWorkCommuteMedian":18812,"workHomeCommuteMedian":-1},"geometry":{"type":"Polygon","coordinates":[[[26.648185038166865,57.97999565996606],[26.648185038166865,57.9889888636033],[26.65717824180411,57.9889888636033],[26.65717824180411,57.97999565996606],[26.648185038166865,57.97999565996606]]]}},{"type":"Feature","properties":{"jobs":14,"pop":0,"pointCount":1,"homeWorkCommuteMedian":-1,"workHomeCommuteMedian":42715},"geometry":{"type":"Polygon","coordinates":[[[26.648185038166865,58.051941289064025],[26.648185038166865,58.06093449270127],[26.65717824180411,58.06093449270127],[26.65717824180411,58.051941289064025],[26.648185038166865,58.051941289064025]]]}},{"type":"Feature","properties":{"jobs":11,"pop":27,"pointCount":2,"homeWorkCommuteMedian":37495,"workHomeCommuteMedian":37625},"geometry":{"type":"Polygon","coordinates":[[[26.648185038166865,58.07892089997576],[26.648185038166865,58.08791410361301],[26.65717824180411,58.08791410361301],[26.65717824180411,58.07892089997576],[26.648185038166865,58.07892089997576]]]}},{"type":"Feature","properties":{"jobs":0,"pop":18,"pointCount":1,"homeWorkCommuteMedian":35278,"workHomeCommuteMedian":-1},"geometry":{"type":"Polygon","coordinates":[[[26.648185038166865,58.08791410361301],[26.648185038166865,58.096907307250255],[26.65717824180411,58.096907307250255],[26.65717824180411,58.08791410361301],[26.648185038166865,58.08791410361301]]]}},{"type":"Feature","properties":{"jobs":0,"pop":5,"pointCount":1,"homeWorkCommuteMedian":19025,"workHomeCommuteMedian":-1},"geometry":{"type":"Polygon","coordinates":[[[26.648185038166865,58.096907307250255],[26.648185038166865,58.1059005108875],[26.65717824180411,58.1059005108875],[26.65717824180411,58.096907307250255],[26.648185038166865,58.096907307250255]]]}},{"type":"Feature","properties":{"jobs":0,"pop":6,"pointCount":1,"homeWorkCommuteMedian":9952,"workHomeCommuteMedian":-1},"geometry":{"type":"Polygon","coordinates":[[[26.648185038166865,58.24079856544619],[26.648185038166865,58.24979176908344],[26.65717824180411,58.24979176908344],[26.65717824180411,58.24079856544619],[26.648185038166865,58.24079856544619]]]}},{"type":"Feature","properties":{"jobs":14,"pop":8,"pointCount":2,"homeWorkCommuteMedian":14395,"workHomeCommuteMedian":19040},"geometry":{"type":"Polygon","coordinates":[[[26.648185038166865,58.24979176908344],[26.648185038166865,58.25878497272068],[26.65717824180411,58.25878497272068],[26.65717824180411,58.24979176908344],[26.648185038166865,58.24979176908344]]]}},{"type":"Feature","properties":{"jobs":32,"pop":8,"pointCount":3,"homeWorkCommuteMedian":4114,"workHomeCommuteMedian":25969},"geometry":{"type":"Polygon","coordinates":[[[26.648185038166865,58.276771379995175],[26.648185038166865,58.28576458363242],[26.65717824180411,58.28576458363242],[26.65717824180411,58.276771379995175],[26.648185038166865,58.276771379995175]]]}},{"type":"Feature","properties":{"jobs":0,"pop":11,"pointCount":1,"homeWorkCommuteMedian":13329,"workHomeCommuteMedian":-1},"geometry":{"type":"Polygon","coordinates":[[[26.648185038166865,58.30375099090691],[26.648185038166865,58.31274419454416],[26.65717824180411,58.31274419454416],[26.65717824180411,58.30375099090691],[26.648185038166865,58.30375099090691]]]}},{"type":"Feature","properties":{"jobs":0,"pop":23,"pointCount":3,"homeWorkCommuteMedian":9063,"workHomeCommuteMedian":-1},"geometry":{"type":"Polygon","coordinates":[[[26.648185038166865,58.31274419454416],[26.648185038166865,58.321737398181405],[26.65717824180411,58.321737398181405],[26.65717824180411,58.31274419454416],[26.648185038166865,58.31274419454416]]]}},{"type":"Feature","properties":{"jobs":17,"pop":84,"pointCount":5,"homeWorkCommuteMedian":6450,"workHomeCommuteMedian":12847},"geometry":{"type":"Polygon","coordinates":[[[26.648185038166865,58.3397238054559],[26.648185038166865,58.34871700909314],[26.65717824180411,58.34871700909314],[26.65717824180411,58.3397238054559],[26.648185038166865,58.3397238054559]]]}},{"type":"Feature","properties":{"jobs":23,"pop":174,"pointCount":4,"homeWorkCommuteMedian":7022,"workHomeCommuteMedian":9039},"geometry":{"type":"Polygon","coordinates":[[[26.648185038166865,58.34871700909314],[26.648185038166865,58.35771021273039],[26.65717824180411,58.35771021273039],[26.65717824180411,58.34871700909314],[26.648185038166865,58.34871700909314]]]}},{"type":"Feature","properties":{"jobs":64,"pop":600,"pointCount":11,"homeWorkCommuteMedian":5987,"workHomeCommuteMedian":8520},"geometry":{"type":"Polygon","coordinates":[[[26.648185038166865,58.35771021273039],[26.648185038166865,58.366703416367635],[26.65717824180411,58.366703416367635],[26.65717824180411,58.35771021273039],[26.648185038166865,58.35771021273039]]]}},{"type":"Feature","properties":{"jobs":0,"pop":61,"pointCount":2,"homeWorkCommuteMedian":6151,"workHomeCommuteMedian":-1},"geometry":{"type":"Polygon","coordinates":[[[26.648185038166865,58.366703416367635],[26.648185038166865,58.37569662000488],[26.65717824180411,58.37569662000488],[26.65717824180411,58.366703416367635],[26.648185038166865,58.366703416367635]]]}},{"type":"Feature","properties":{"jobs":9,"pop":7,"pointCount":2,"homeWorkCommuteMedian":8856,"workHomeCommuteMedian":18540},"geometry":{"type":"Polygon","coordinates":[[[26.648185038166865,58.37569662000488],[26.648185038166865,58.38468982364213],[26.65717824180411,58.38468982364213],[26.65717824180411,58.37569662000488],[26.648185038166865,58.37569662000488]]]}},{"type":"Feature","properties":{"jobs":0,"pop":7,"pointCount":1,"homeWorkCommuteMedian":4953,"workHomeCommuteMedian":-1},"geometry":{"type":"Polygon","coordinates":[[[26.648185038166865,58.38468982364213],[26.648185038166865,58.39368302727937],[26.65717824180411,58.39368302727937],[26.65717824180411,58.38468982364213],[26.648185038166865,58.38468982364213]]]}},{"type":"Feature","properties":{"jobs":125,"pop":14,"pointCount":3,"homeWorkCommuteMedian":1272,"workHomeCommuteMedian":9936},"geometry":{"type":"Polygon","coordinates":[[[26.648185038166865,58.40267623091662],[26.648185038166865,58.411669434553865],[26.65717824180411,58.411669434553865],[26.65717824180411,58.40267623091662],[26.648185038166865,58.40267623091662]]]}},{"type":"Feature","properties":{"jobs":44,"pop":0,"pointCount":1,"homeWorkCommuteMedian":-1,"workHomeCommuteMedian":55552},"geometry":{"type":"Polygon","coordinates":[[[26.648185038166865,58.411669434553865],[26.648185038166865,58.42066263819111],[26.65717824180411,58.42066263819111],[26.65717824180411,58.411669434553865],[26.648185038166865,58.411669434553865]]]}},{"type":"Feature","properties":{"jobs":0,"pop":17,"pointCount":1,"homeWorkCommuteMedian":1408,"workHomeCommuteMedian":-1},"geometry":{"type":"Polygon","coordinates":[[[26.648185038166865,58.42066263819111],[26.648185038166865,58.42965584182836],[26.65717824180411,58.42965584182836],[26.65717824180411,58.42066263819111],[26.648185038166865,58.42066263819111]]]}},{"type":"Feature","properties":{"jobs":0,"pop":10,"pointCount":1,"homeWorkCommuteMedian":1971,"workHomeCommuteMedian":-1},"geometry":{"type":"Polygon","coordinates":[[[26.648185038166865,58.42965584182836],[26.648185038166865,58.4386490454656],[26.65717824180411,58.4386490454656],[26.65717824180411,58.42965584182836],[26.648185038166865,58.42965584182836]]]}},{"type":"Feature","properties":{"jobs":0,"pop":12,"pointCount":1,"homeWorkCommuteMedian":11766,"workHomeCommuteMedian":-1},"geometry":{"type":"Polygon","coordinates":[[[26.648185038166865,58.44764224910285],[26.648185038166865,58.456635452740095],[26.65717824180411,58.456635452740095],[26.65717824180411,58.44764224910285],[26.648185038166865,58.44764224910285]]]}},{"type":"Feature","properties":{"jobs":142,"pop":42,"pointCount":10,"homeWorkCommuteMedian":14215,"workHomeCommuteMedian":9523},"geometry":{"type":"Polygon","coordinates":[[[26.648185038166865,58.456635452740095],[26.648185038166865,58.46562865637734],[26.65717824180411,58.46562865637734],[26.65717824180411,58.456635452740095],[26.648185038166865,58.456635452740095]]]}},{"type":"Feature","properties":{"jobs":0,"pop":11,"pointCount":2,"homeWorkCommuteMedian":5684,"workHomeCommuteMedian":-1},"geometry":{"type":"Polygon","coordinates":[[[26.648185038166865,58.46562865637734],[26.648185038166865,58.47462186001459],[26.65717824180411,58.47462186001459],[26.65717824180411,58.46562865637734],[26.648185038166865,58.46562865637734]]]}},{"type":"Feature","properties":{"jobs":0,"pop":5,"pointCount":1,"homeWorkCommuteMedian":22346,"workHomeCommuteMedian":-1},"geometry":{"type":"Polygon","coordinates":[[[26.648185038166865,58.47462186001459],[26.648185038166865,58.48361506365183],[26.65717824180411,58.48361506365183],[26.65717824180411,58.47462186001459],[26.648185038166865,58.47462186001459]]]}},{"type":"Feature","properties":{"jobs":0,"pop":16,"pointCount":2,"homeWorkCommuteMedian":14549,"workHomeCommuteMedian":-1},"geometry":{"type":"Polygon","coordinates":[[[26.648185038166865,58.48361506365183],[26.648185038166865,58.49260826728908],[26.65717824180411,58.49260826728908],[26.65717824180411,58.48361506365183],[26.648185038166865,58.48361506365183]]]}},{"type":"Feature","properties":{"jobs":5,"pop":0,"pointCount":1,"homeWorkCommuteMedian":-1,"workHomeCommuteMedian":22930},"geometry":{"type":"Polygon","coordinates":[[[26.648185038166865,58.52858108183806],[26.648185038166865,58.53757428547531],[26.65717824180411,58.53757428547531],[26.65717824180411,58.52858108183806],[26.648185038166865,58.52858108183806]]]}},{"type":"Feature","properties":{"jobs":0,"pop":7,"pointCount":1,"homeWorkCommuteMedian":10629,"workHomeCommuteMedian":-1},"geometry":{"type":"Polygon","coordinates":[[[26.65717824180411,58.07892089997576],[26.65717824180411,58.08791410361301],[26.666171445441357,58.08791410361301],[26.666171445441357,58.07892089997576],[26.65717824180411,58.07892089997576]]]}},{"type":"Feature","properties":{"jobs":28,"pop":0,"pointCount":1,"homeWorkCommuteMedian":-1,"workHomeCommuteMedian":36462},"geometry":{"type":"Polygon","coordinates":[[[26.65717824180411,58.08791410361301],[26.65717824180411,58.096907307250255],[26.666171445441357,58.096907307250255],[26.666171445441357,58.08791410361301],[26.65717824180411,58.08791410361301]]]}},{"type":"Feature","properties":{"jobs":3,"pop":0,"pointCount":1,"homeWorkCommuteMedian":-1,"workHomeCommuteMedian":43450},"geometry":{"type":"Polygon","coordinates":[[[26.65717824180411,58.21381895453445],[26.65717824180411,58.2228121581717],[26.666171445441357,58.2228121581717],[26.666171445441357,58.21381895453445],[26.65717824180411,58.21381895453445]]]}},{"type":"Feature","properties":{"jobs":32,"pop":12,"pointCount":2,"homeWorkCommuteMedian":16536,"workHomeCommuteMedian":20332},"geometry":{"type":"Polygon","coordinates":[[[26.65717824180411,58.25878497272068],[26.65717824180411,58.26777817635793],[26.666171445441357,58.26777817635793],[26.666171445441357,58.25878497272068],[26.65717824180411,58.25878497272068]]]}},{"type":"Feature","properties":{"jobs":0,"pop":6,"pointCount":1,"homeWorkCommuteMedian":8247,"workHomeCommuteMedian":-1},"geometry":{"type":"Polygon","coordinates":[[[26.65717824180411,58.276771379995175],[26.65717824180411,58.28576458363242],[26.666171445441357,58.28576458363242],[26.666171445441357,58.276771379995175],[26.65717824180411,58.276771379995175]]]}},{"type":"Feature","properties":{"jobs":0,"pop":7,"pointCount":1,"homeWorkCommuteMedian":10563,"workHomeCommuteMedian":-1},"geometry":{"type":"Polygon","coordinates":[[[26.65717824180411,58.30375099090691],[26.65717824180411,58.31274419454416],[26.666171445441357,58.31274419454416],[26.666171445441357,58.30375099090691],[26.65717824180411,58.30375099090691]]]}},{"type":"Feature","properties":{"jobs":0,"pop":8,"pointCount":1,"homeWorkCommuteMedian":8138,"workHomeCommuteMedian":-1},"geometry":{"type":"Polygon","coordinates":[[[26.65717824180411,58.321737398181405],[26.65717824180411,58.33073060181865],[26.666171445441357,58.33073060181865],[26.666171445441357,58.321737398181405],[26.65717824180411,58.321737398181405]]]}},{"type":"Feature","properties":{"jobs":154,"pop":75,"pointCount":10,"homeWorkCommuteMedian":4035,"workHomeCommuteMedian":23876},"geometry":{"type":"Polygon","coordinates":[[[26.65717824180411,58.3397238054559],[26.65717824180411,58.34871700909314],[26.666171445441357,58.34871700909314],[26.666171445441357,58.3397238054559],[26.65717824180411,58.3397238054559]]]}},{"type":"Feature","properties":{"jobs":15,"pop":54,"pointCount":3,"homeWorkCommuteMedian":6502,"workHomeCommuteMedian":35632},"geometry":{"type":"Polygon","coordinates":[[[26.65717824180411,58.34871700909314],[26.65717824180411,58.35771021273039],[26.666171445441357,58.35771021273039],[26.666171445441357,58.34871700909314],[26.65717824180411,58.34871700909314]]]}},{"type":"Feature","properties":{"jobs":20,"pop":73,"pointCount":7,"homeWorkCommuteMedian":7014,"workHomeCommuteMedian":7116},"geometry":{"type":"Polygon","coordinates":[[[26.65717824180411,58.35771021273039],[26.65717824180411,58.366703416367635],[26.666171445441357,58.366703416367635],[26.666171445441357,58.35771021273039],[26.65717824180411,58.35771021273039]]]}},{"type":"Feature","properties":{"jobs":26,"pop":30,"pointCount":3,"homeWorkCommuteMedian":3704,"workHomeCommuteMedian":8416},"geometry":{"type":"Polygon","coordinates":[[[26.65717824180411,58.366703416367635],[26.65717824180411,58.37569662000488],[26.666171445441357,58.37569662000488],[26.666171445441357,58.366703416367635],[26.65717824180411,58.366703416367635]]]}},{"type":"Feature","properties":{"jobs":8,"pop":0,"pointCount":1,"homeWorkCommuteMedian":-1,"workHomeCommuteMedian":15231},"geometry":{"type":"Polygon","coordinates":[[[26.65717824180411,58.37569662000488],[26.65717824180411,58.38468982364213],[26.666171445441357,58.38468982364213],[26.666171445441357,58.37569662000488],[26.65717824180411,58.37569662000488]]]}},{"type":"Feature","properties":{"jobs":38,"pop":0,"pointCount":2,"homeWorkCommuteMedian":-1,"workHomeCommuteMedian":7640},"geometry":{"type":"Polygon","coordinates":[[[26.65717824180411,58.38468982364213],[26.65717824180411,58.39368302727937],[26.666171445441357,58.39368302727937],[26.666171445441357,58.38468982364213],[26.65717824180411,58.38468982364213]]]}},{"type":"Feature","properties":{"jobs":0,"pop":5,"pointCount":1,"homeWorkCommuteMedian":9410,"workHomeCommuteMedian":-1},"geometry":{"type":"Polygon","coordinates":[[[26.65717824180411,58.39368302727937],[26.65717824180411,58.40267623091662],[26.666171445441357,58.40267623091662],[26.666171445441357,58.39368302727937],[26.65717824180411,58.39368302727937]]]}},{"type":"Feature","properties":{"jobs":43,"pop":19,"pointCount":5,"homeWorkCommuteMedian":6001,"workHomeCommuteMedian":9479},"geometry":{"type":"Polygon","coordinates":[[[26.65717824180411,58.40267623091662],[26.65717824180411,58.411669434553865],[26.666171445441357,58.411669434553865],[26.666171445441357,58.40267623091662],[26.65717824180411,58.40267623091662]]]}},{"type":"Feature","properties":{"jobs":194,"pop":16,"pointCount":5,"homeWorkCommuteMedian":9930,"workHomeCommuteMedian":9984},"geometry":{"type":"Polygon","coordinates":[[[26.65717824180411,58.411669434553865],[26.65717824180411,58.42066263819111],[26.666171445441357,58.42066263819111],[26.666171445441357,58.411669434553865],[26.65717824180411,58.411669434553865]]]}},{"type":"Feature","properties":{"jobs":0,"pop":42,"pointCount":5,"homeWorkCommuteMedian":7836,"workHomeCommuteMedian":-1},"geometry":{"type":"Polygon","coordinates":[[[26.65717824180411,58.42066263819111],[26.65717824180411,58.42965584182836],[26.666171445441357,58.42965584182836],[26.666171445441357,58.42066263819111],[26.65717824180411,58.42066263819111]]]}},{"type":"Feature","properties":{"jobs":0,"pop":12,"pointCount":1,"homeWorkCommuteMedian":7294,"workHomeCommuteMedian":-1},"geometry":{"type":"Polygon","coordinates":[[[26.65717824180411,58.42965584182836],[26.65717824180411,58.4386490454656],[26.666171445441357,58.4386490454656],[26.666171445441357,58.42965584182836],[26.65717824180411,58.42965584182836]]]}},{"type":"Feature","properties":{"jobs":0,"pop":14,"pointCount":2,"homeWorkCommuteMedian":24481,"workHomeCommuteMedian":-1},"geometry":{"type":"Polygon","coordinates":[[[26.65717824180411,58.44764224910285],[26.65717824180411,58.456635452740095],[26.666171445441357,58.456635452740095],[26.666171445441357,58.44764224910285],[26.65717824180411,58.44764224910285]]]}},{"type":"Feature","properties":{"jobs":0,"pop":43,"pointCount":3,"homeWorkCommuteMedian":14871,"workHomeCommuteMedian":-1},"geometry":{"type":"Polygon","coordinates":[[[26.65717824180411,58.456635452740095],[26.65717824180411,58.46562865637734],[26.666171445441357,58.46562865637734],[26.666171445441357,58.456635452740095],[26.65717824180411,58.456635452740095]]]}},{"type":"Feature","properties":{"jobs":0,"pop":5,"pointCount":1,"homeWorkCommuteMedian":12362,"workHomeCommuteMedian":-1},"geometry":{"type":"Polygon","coordinates":[[[26.65717824180411,58.46562865637734],[26.65717824180411,58.47462186001459],[26.666171445441357,58.47462186001459],[26.666171445441357,58.46562865637734],[26.65717824180411,58.46562865637734]]]}},{"type":"Feature","properties":{"jobs":0,"pop":11,"pointCount":1,"homeWorkCommuteMedian":16215,"workHomeCommuteMedian":-1},"geometry":{"type":"Polygon","coordinates":[[[26.65717824180411,58.48361506365183],[26.65717824180411,58.49260826728908],[26.666171445441357,58.49260826728908],[26.666171445441357,58.48361506365183],[26.65717824180411,58.48361506365183]]]}},{"type":"Feature","properties":{"jobs":0,"pop":6,"pointCount":1,"homeWorkCommuteMedian":13547,"workHomeCommuteMedian":-1},"geometry":{"type":"Polygon","coordinates":[[[26.65717824180411,58.49260826728908],[26.65717824180411,58.501601470926325],[26.666171445441357,58.501601470926325],[26.666171445441357,58.49260826728908],[26.65717824180411,58.49260826728908]]]}},{"type":"Feature","properties":{"jobs":0,"pop":11,"pointCount":1,"homeWorkCommuteMedian":16679,"workHomeCommuteMedian":-1},"geometry":{"type":"Polygon","coordinates":[[[26.65717824180411,58.501601470926325],[26.65717824180411,58.51059467456357],[26.666171445441357,58.51059467456357],[26.666171445441357,58.501601470926325],[26.65717824180411,58.501601470926325]]]}},{"type":"Feature","properties":{"jobs":4,"pop":7,"pointCount":2,"homeWorkCommuteMedian":9978,"workHomeCommuteMedian":3823},"geometry":{"type":"Polygon","coordinates":[[[26.65717824180411,58.51059467456357],[26.65717824180411,58.51958787820082],[26.666171445441357,58.51958787820082],[26.666171445441357,58.51059467456357],[26.65717824180411,58.51059467456357]]]}},{"type":"Feature","properties":{"jobs":0,"pop":12,"pointCount":2,"homeWorkCommuteMedian":17280,"workHomeCommuteMedian":-1},"geometry":{"type":"Polygon","coordinates":[[[26.65717824180411,58.51958787820082],[26.65717824180411,58.52858108183806],[26.666171445441357,58.52858108183806],[26.666171445441357,58.51958787820082],[26.65717824180411,58.51958787820082]]]}},{"type":"Feature","properties":{"jobs":0,"pop":9,"pointCount":1,"homeWorkCommuteMedian":4574,"workHomeCommuteMedian":-1},"geometry":{"type":"Polygon","coordinates":[[[26.65717824180411,58.546567489112554],[26.65717824180411,58.5555606927498],[26.666171445441357,58.5555606927498],[26.666171445441357,58.546567489112554],[26.65717824180411,58.546567489112554]]]}},{"type":"Feature","properties":{"jobs":11,"pop":5,"pointCount":1,"homeWorkCommuteMedian":6943,"workHomeCommuteMedian":18118},"geometry":{"type":"Polygon","coordinates":[[[26.65717824180411,58.57354710002429],[26.65717824180411,58.58254030366154],[26.666171445441357,58.58254030366154],[26.666171445441357,58.57354710002429],[26.65717824180411,58.57354710002429]]]}},{"type":"Feature","properties":{"jobs":7,"pop":0,"pointCount":1,"homeWorkCommuteMedian":-1,"workHomeCommuteMedian":58222},"geometry":{"type":"Polygon","coordinates":[[[26.666171445441357,57.944022845417074],[26.666171445441357,57.95301604905432],[26.675164649078603,57.95301604905432],[26.675164649078603,57.944022845417074],[26.666171445441357,57.944022845417074]]]}},{"type":"Feature","properties":{"jobs":0,"pop":5,"pointCount":1,"homeWorkCommuteMedian":46280,"workHomeCommuteMedian":-1},"geometry":{"type":"Polygon","coordinates":[[[26.666171445441357,57.95301604905432],[26.666171445441357,57.962009252691566],[26.675164649078603,57.962009252691566],[26.675164649078603,57.95301604905432],[26.666171445441357,57.95301604905432]]]}},{"type":"Feature","properties":{"jobs":6,"pop":13,"pointCount":2,"homeWorkCommuteMedian":46497,"workHomeCommuteMedian":13277},"geometry":{"type":"Polygon","coordinates":[[[26.666171445441357,58.006975270877795],[26.666171445441357,58.01596847451504],[26.675164649078603,58.01596847451504],[26.675164649078603,58.006975270877795],[26.666171445441357,58.006975270877795]]]}},{"type":"Feature","properties":{"jobs":0,"pop":6,"pointCount":1,"homeWorkCommuteMedian":13390,"workHomeCommuteMedian":-1},"geometry":{"type":"Polygon","coordinates":[[[26.666171445441357,58.051941289064025],[26.666171445441357,58.06093449270127],[26.675164649078603,58.06093449270127],[26.675164649078603,58.051941289064025],[26.666171445441357,58.051941289064025]]]}},{"type":"Feature","properties":{"jobs":17,"pop":9,"pointCount":2,"homeWorkCommuteMedian":6934,"workHomeCommuteMedian":32832},"geometry":{"type":"Polygon","coordinates":[[[26.666171445441357,58.096907307250255],[26.666171445441357,58.1059005108875],[26.675164649078603,58.1059005108875],[26.675164649078603,58.096907307250255],[26.666171445441357,58.096907307250255]]]}},{"type":"Feature","properties":{"jobs":0,"pop":6,"pointCount":1,"homeWorkCommuteMedian":8665,"workHomeCommuteMedian":-1},"geometry":{"type":"Polygon","coordinates":[[[26.666171445441357,58.141873325436485],[26.666171445441357,58.15086652907373],[26.675164649078603,58.15086652907373],[26.675164649078603,58.141873325436485],[26.666171445441357,58.141873325436485]]]}},{"type":"Feature","properties":{"jobs":0,"pop":22,"pointCount":1,"homeWorkCommuteMedian":26572,"workHomeCommuteMedian":-1},"geometry":{"type":"Polygon","coordinates":[[[26.666171445441357,58.186839343622715],[26.666171445441357,58.19583254725996],[26.675164649078603,58.19583254725996],[26.675164649078603,58.186839343622715],[26.666171445441357,58.186839343622715]]]}},{"type":"Feature","properties":{"jobs":0,"pop":8,"pointCount":1,"homeWorkCommuteMedian":18313,"workHomeCommuteMedian":-1},"geometry":{"type":"Polygon","coordinates":[[[26.666171445441357,58.231805361808945],[26.666171445441357,58.24079856544619],[26.675164649078603,58.24079856544619],[26.675164649078603,58.231805361808945],[26.666171445441357,58.231805361808945]]]}},{"type":"Feature","properties":{"jobs":0,"pop":6,"pointCount":1,"homeWorkCommuteMedian":13071,"workHomeCommuteMedian":-1},"geometry":{"type":"Polygon","coordinates":[[[26.666171445441357,58.24079856544619],[26.666171445441357,58.24979176908344],[26.675164649078603,58.24979176908344],[26.675164649078603,58.24079856544619],[26.666171445441357,58.24079856544619]]]}},{"type":"Feature","properties":{"jobs":0,"pop":8,"pointCount":1,"homeWorkCommuteMedian":10409,"workHomeCommuteMedian":-1},"geometry":{"type":"Polygon","coordinates":[[[26.666171445441357,58.24979176908344],[26.666171445441357,58.25878497272068],[26.675164649078603,58.25878497272068],[26.675164649078603,58.24979176908344],[26.666171445441357,58.24979176908344]]]}},{"type":"Feature","properties":{"jobs":0,"pop":10,"pointCount":1,"homeWorkCommuteMedian":7304,"workHomeCommuteMedian":-1},"geometry":{"type":"Polygon","coordinates":[[[26.666171445441357,58.31274419454416],[26.666171445441357,58.321737398181405],[26.675164649078603,58.321737398181405],[26.675164649078603,58.31274419454416],[26.666171445441357,58.31274419454416]]]}},{"type":"Feature","properties":{"jobs":0,"pop":17,"pointCount":2,"homeWorkCommuteMedian":6814,"workHomeCommuteMedian":-1},"geometry":{"type":"Polygon","coordinates":[[[26.666171445441357,58.321737398181405],[26.666171445441357,58.33073060181865],[26.675164649078603,58.33073060181865],[26.675164649078603,58.321737398181405],[26.666171445441357,58.321737398181405]]]}},{"type":"Feature","properties":{"jobs":0,"pop":23,"pointCount":2,"homeWorkCommuteMedian":6274,"workHomeCommuteMedian":-1},"geometry":{"type":"Polygon","coordinates":[[[26.666171445441357,58.33073060181865],[26.666171445441357,58.3397238054559],[26.675164649078603,58.3397238054559],[26.675164649078603,58.33073060181865],[26.666171445441357,58.33073060181865]]]}},{"type":"Feature","properties":{"jobs":31,"pop":52,"pointCount":2,"homeWorkCommuteMedian":5229,"workHomeCommuteMedian":5871},"geometry":{"type":"Polygon","coordinates":[[[26.666171445441357,58.3397238054559],[26.666171445441357,58.34871700909314],[26.675164649078603,58.34871700909314],[26.675164649078603,58.3397238054559],[26.666171445441357,58.3397238054559]]]}},{"type":"Feature","properties":{"jobs":107,"pop":407,"pointCount":13,"homeWorkCommuteMedian":4945,"workHomeCommuteMedian":5154},"geometry":{"type":"Polygon","coordinates":[[[26.666171445441357,58.34871700909314],[26.666171445441357,58.35771021273039],[26.675164649078603,58.35771021273039],[26.675164649078603,58.34871700909314],[26.666171445441357,58.34871700909314]]]}},{"type":"Feature","properties":{"jobs":516,"pop":15,"pointCount":10,"homeWorkCommuteMedian":8844,"workHomeCommuteMedian":6978},"geometry":{"type":"Polygon","coordinates":[[[26.666171445441357,58.35771021273039],[26.666171445441357,58.366703416367635],[26.675164649078603,58.366703416367635],[26.675164649078603,58.35771021273039],[26.666171445441357,58.35771021273039]]]}},{"type":"Feature","properties":{"jobs":337,"pop":147,"pointCount":12,"homeWorkCommuteMedian":4768,"workHomeCommuteMedian":7989},"geometry":{"type":"Polygon","coordinates":[[[26.666171445441357,58.366703416367635],[26.666171445441357,58.37569662000488],[26.675164649078603,58.37569662000488],[26.675164649078603,58.366703416367635],[26.666171445441357,58.366703416367635]]]}},{"type":"Feature","properties":{"jobs":170,"pop":86,"pointCount":5,"homeWorkCommuteMedian":2688,"workHomeCommuteMedian":17794},"geometry":{"type":"Polygon","coordinates":[[[26.666171445441357,58.37569662000488],[26.666171445441357,58.38468982364213],[26.675164649078603,58.38468982364213],[26.675164649078603,58.37569662000488],[26.666171445441357,58.37569662000488]]]}},{"type":"Feature","properties":{"jobs":8,"pop":8,"pointCount":1,"homeWorkCommuteMedian":7695,"workHomeCommuteMedian":2660},"geometry":{"type":"Polygon","coordinates":[[[26.666171445441357,58.38468982364213],[26.666171445441357,58.39368302727937],[26.675164649078603,58.39368302727937],[26.675164649078603,58.38468982364213],[26.666171445441357,58.38468982364213]]]}},{"type":"Feature","properties":{"jobs":0,"pop":8,"pointCount":1,"homeWorkCommuteMedian":4961,"workHomeCommuteMedian":-1},"geometry":{"type":"Polygon","coordinates":[[[26.666171445441357,58.39368302727937],[26.666171445441357,58.40267623091662],[26.675164649078603,58.40267623091662],[26.675164649078603,58.39368302727937],[26.666171445441357,58.39368302727937]]]}},{"type":"Feature","properties":{"jobs":161,"pop":0,"pointCount":2,"homeWorkCommuteMedian":-1,"workHomeCommuteMedian":8530},"geometry":{"type":"Polygon","coordinates":[[[26.666171445441357,58.40267623091662],[26.666171445441357,58.411669434553865],[26.675164649078603,58.411669434553865],[26.675164649078603,58.40267623091662],[26.666171445441357,58.40267623091662]]]}},{"type":"Feature","properties":{"jobs":6,"pop":10,"pointCount":1,"homeWorkCommuteMedian":9416,"workHomeCommuteMedian":9037},"geometry":{"type":"Polygon","coordinates":[[[26.666171445441357,58.44764224910285],[26.666171445441357,58.456635452740095],[26.675164649078603,58.456635452740095],[26.675164649078603,58.44764224910285],[26.666171445441357,58.44764224910285]]]}},{"type":"Feature","properties":{"jobs":26,"pop":67,"pointCount":5,"homeWorkCommuteMedian":12973,"workHomeCommuteMedian":16366},"geometry":{"type":"Polygon","coordinates":[[[26.666171445441357,58.456635452740095],[26.666171445441357,58.46562865637734],[26.675164649078603,58.46562865637734],[26.675164649078603,58.456635452740095],[26.666171445441357,58.456635452740095]]]}},{"type":"Feature","properties":{"jobs":28,"pop":0,"pointCount":1,"homeWorkCommuteMedian":-1,"workHomeCommuteMedian":6255},"geometry":{"type":"Polygon","coordinates":[[[26.666171445441357,58.46562865637734],[26.666171445441357,58.47462186001459],[26.675164649078603,58.47462186001459],[26.675164649078603,58.46562865637734],[26.666171445441357,58.46562865637734]]]}},{"type":"Feature","properties":{"jobs":8,"pop":0,"pointCount":1,"homeWorkCommuteMedian":-1,"workHomeCommuteMedian":15939},"geometry":{"type":"Polygon","coordinates":[[[26.666171445441357,58.47462186001459],[26.666171445441357,58.48361506365183],[26.675164649078603,58.48361506365183],[26.675164649078603,58.47462186001459],[26.666171445441357,58.47462186001459]]]}},{"type":"Feature","properties":{"jobs":0,"pop":38,"pointCount":2,"homeWorkCommuteMedian":16646,"workHomeCommuteMedian":-1},"geometry":{"type":"Polygon","coordinates":[[[26.666171445441357,58.48361506365183],[26.666171445441357,58.49260826728908],[26.675164649078603,58.49260826728908],[26.675164649078603,58.48361506365183],[26.666171445441357,58.48361506365183]]]}},{"type":"Feature","properties":{"jobs":1,"pop":55,"pointCount":4,"homeWorkCommuteMedian":18928,"workHomeCommuteMedian":2895},"geometry":{"type":"Polygon","coordinates":[[[26.666171445441357,58.49260826728908],[26.666171445441357,58.501601470926325],[26.675164649078603,58.501601470926325],[26.675164649078603,58.49260826728908],[26.666171445441357,58.49260826728908]]]}},{"type":"Feature","properties":{"jobs":0,"pop":6,"pointCount":1,"homeWorkCommuteMedian":6185,"workHomeCommuteMedian":-1},"geometry":{"type":"Polygon","coordinates":[[[26.666171445441357,58.501601470926325],[26.666171445441357,58.51059467456357],[26.675164649078603,58.51059467456357],[26.675164649078603,58.501601470926325],[26.666171445441357,58.501601470926325]]]}},{"type":"Feature","properties":{"jobs":0,"pop":17,"pointCount":1,"homeWorkCommuteMedian":20597,"workHomeCommuteMedian":-1},"geometry":{"type":"Polygon","coordinates":[[[26.666171445441357,58.51059467456357],[26.666171445441357,58.51958787820082],[26.675164649078603,58.51958787820082],[26.675164649078603,58.51059467456357],[26.666171445441357,58.51059467456357]]]}},{"type":"Feature","properties":{"jobs":0,"pop":59,"pointCount":3,"homeWorkCommuteMedian":23248,"workHomeCommuteMedian":-1},"geometry":{"type":"Polygon","coordinates":[[[26.666171445441357,58.51958787820082],[26.666171445441357,58.52858108183806],[26.675164649078603,58.52858108183806],[26.675164649078603,58.51958787820082],[26.666171445441357,58.51958787820082]]]}},{"type":"Feature","properties":{"jobs":7,"pop":0,"pointCount":1,"homeWorkCommuteMedian":-1,"workHomeCommuteMedian":24657},"geometry":{"type":"Polygon","coordinates":[[[26.666171445441357,58.546567489112554],[26.666171445441357,58.5555606927498],[26.675164649078603,58.5555606927498],[26.675164649078603,58.546567489112554],[26.666171445441357,58.546567489112554]]]}},{"type":"Feature","properties":{"jobs":0,"pop":5,"pointCount":1,"homeWorkCommuteMedian":6390,"workHomeCommuteMedian":-1},"geometry":{"type":"Polygon","coordinates":[[[26.675164649078603,57.962009252691566],[26.675164649078603,57.97100245632881],[26.68415785271585,57.97100245632881],[26.68415785271585,57.962009252691566],[26.675164649078603,57.962009252691566]]]}},{"type":"Feature","properties":{"jobs":0,"pop":5,"pointCount":1,"homeWorkCommuteMedian":14670,"workHomeCommuteMedian":-1},"geometry":{"type":"Polygon","coordinates":[[[26.675164649078603,57.99798206724055],[26.675164649078603,58.006975270877795],[26.68415785271585,58.006975270877795],[26.68415785271585,57.99798206724055],[26.675164649078603,57.99798206724055]]]}},{"type":"Feature","properties":{"jobs":0,"pop":14,"pointCount":1,"homeWorkCommuteMedian":26366,"workHomeCommuteMedian":-1},"geometry":{"type":"Polygon","coordinates":[[[26.675164649078603,58.16885293634822],[26.675164649078603,58.17784613998547],[26.68415785271585,58.17784613998547],[26.68415785271585,58.16885293634822],[26.675164649078603,58.16885293634822]]]}},{"type":"Feature","properties":{"jobs":14,"pop":15,"pointCount":3,"homeWorkCommuteMedian":8106,"workHomeCommuteMedian":19397},"geometry":{"type":"Polygon","coordinates":[[[26.675164649078603,58.24979176908344],[26.675164649078603,58.25878497272068],[26.68415785271585,58.25878497272068],[26.68415785271585,58.24979176908344],[26.675164649078603,58.24979176908344]]]}},{"type":"Feature","properties":{"jobs":0,"pop":12,"pointCount":2,"homeWorkCommuteMedian":7151,"workHomeCommuteMedian":-1},"geometry":{"type":"Polygon","coordinates":[[[26.675164649078603,58.28576458363242],[26.675164649078603,58.29475778726967],[26.68415785271585,58.29475778726967],[26.68415785271585,58.28576458363242],[26.675164649078603,58.28576458363242]]]}},{"type":"Feature","properties":{"jobs":9,"pop":0,"pointCount":1,"homeWorkCommuteMedian":-1,"workHomeCommuteMedian":30547},"geometry":{"type":"Polygon","coordinates":[[[26.675164649078603,58.30375099090691],[26.675164649078603,58.31274419454416],[26.68415785271585,58.31274419454416],[26.68415785271585,58.30375099090691],[26.675164649078603,58.30375099090691]]]}},{"type":"Feature","properties":{"jobs":0,"pop":7,"pointCount":1,"homeWorkCommuteMedian":1615,"workHomeCommuteMedian":-1},"geometry":{"type":"Polygon","coordinates":[[[26.675164649078603,58.31274419454416],[26.675164649078603,58.321737398181405],[26.68415785271585,58.321737398181405],[26.68415785271585,58.31274419454416],[26.675164649078603,58.31274419454416]]]}},{"type":"Feature","properties":{"jobs":0,"pop":27,"pointCount":1,"homeWorkCommuteMedian":6988,"workHomeCommuteMedian":-1},"geometry":{"type":"Polygon","coordinates":[[[26.675164649078603,58.321737398181405],[26.675164649078603,58.33073060181865],[26.68415785271585,58.33073060181865],[26.68415785271585,58.321737398181405],[26.675164649078603,58.321737398181405]]]}},{"type":"Feature","properties":{"jobs":726,"pop":288,"pointCount":10,"homeWorkCommuteMedian":31734,"workHomeCommuteMedian":8641},"geometry":{"type":"Polygon","coordinates":[[[26.675164649078603,58.34871700909314],[26.675164649078603,58.35771021273039],[26.68415785271585,58.35771021273039],[26.68415785271585,58.34871700909314],[26.675164649078603,58.34871700909314]]]}},{"type":"Feature","properties":{"jobs":1837,"pop":128,"pointCount":14,"homeWorkCommuteMedian":9798,"workHomeCommuteMedian":7334},"geometry":{"type":"Polygon","coordinates":[[[26.675164649078603,58.35771021273039],[26.675164649078603,58.366703416367635],[26.68415785271585,58.366703416367635],[26.68415785271585,58.35771021273039],[26.675164649078603,58.35771021273039]]]}},{"type":"Feature","properties":{"jobs":180,"pop":937,"pointCount":9,"homeWorkCommuteMedian":3566,"workHomeCommuteMedian":6644},"geometry":{"type":"Polygon","coordinates":[[[26.675164649078603,58.366703416367635],[26.675164649078603,58.37569662000488],[26.68415785271585,58.37569662000488],[26.68415785271585,58.366703416367635],[26.675164649078603,58.366703416367635]]]}},{"type":"Feature","properties":{"jobs":98,"pop":254,"pointCount":5,"homeWorkCommuteMedian":4004,"workHomeCommuteMedian":26706},"geometry":{"type":"Polygon","coordinates":[[[26.675164649078603,58.37569662000488],[26.675164649078603,58.38468982364213],[26.68415785271585,58.38468982364213],[26.68415785271585,58.37569662000488],[26.675164649078603,58.37569662000488]]]}},{"type":"Feature","properties":{"jobs":855,"pop":0,"pointCount":6,"homeWorkCommuteMedian":-1,"workHomeCommuteMedian":8313},"geometry":{"type":"Polygon","coordinates":[[[26.675164649078603,58.38468982364213],[26.675164649078603,58.39368302727937],[26.68415785271585,58.39368302727937],[26.68415785271585,58.38468982364213],[26.675164649078603,58.38468982364213]]]}},{"type":"Feature","properties":{"jobs":410,"pop":10,"pointCount":8,"homeWorkCommuteMedian":6532,"workHomeCommuteMedian":13560},"geometry":{"type":"Polygon","coordinates":[[[26.675164649078603,58.39368302727937],[26.675164649078603,58.40267623091662],[26.68415785271585,58.40267623091662],[26.68415785271585,58.39368302727937],[26.675164649078603,58.39368302727937]]]}},{"type":"Feature","properties":{"jobs":7,"pop":15,"pointCount":3,"homeWorkCommuteMedian":6395,"workHomeCommuteMedian":4533},"geometry":{"type":"Polygon","coordinates":[[[26.675164649078603,58.40267623091662],[26.675164649078603,58.411669434553865],[26.68415785271585,58.411669434553865],[26.68415785271585,58.40267623091662],[26.675164649078603,58.40267623091662]]]}},{"type":"Feature","properties":{"jobs":0,"pop":6,"pointCount":1,"homeWorkCommuteMedian":12894,"workHomeCommuteMedian":-1},"geometry":{"type":"Polygon","coordinates":[[[26.675164649078603,58.411669434553865],[26.675164649078603,58.42066263819111],[26.68415785271585,58.42066263819111],[26.68415785271585,58.411669434553865],[26.675164649078603,58.411669434553865]]]}},{"type":"Feature","properties":{"jobs":11,"pop":51,"pointCount":5,"homeWorkCommuteMedian":10899,"workHomeCommuteMedian":8260},"geometry":{"type":"Polygon","coordinates":[[[26.675164649078603,58.42965584182836],[26.675164649078603,58.4386490454656],[26.68415785271585,58.4386490454656],[26.68415785271585,58.42965584182836],[26.675164649078603,58.42965584182836]]]}},{"type":"Feature","properties":{"jobs":0,"pop":24,"pointCount":2,"homeWorkCommuteMedian":11109,"workHomeCommuteMedian":-1},"geometry":{"type":"Polygon","coordinates":[[[26.675164649078603,58.4386490454656],[26.675164649078603,58.44764224910285],[26.68415785271585,58.44764224910285],[26.68415785271585,58.4386490454656],[26.675164649078603,58.4386490454656]]]}},{"type":"Feature","properties":{"jobs":35,"pop":0,"pointCount":1,"homeWorkCommuteMedian":-1,"workHomeCommuteMedian":12065},"geometry":{"type":"Polygon","coordinates":[[[26.675164649078603,58.44764224910285],[26.675164649078603,58.456635452740095],[26.68415785271585,58.456635452740095],[26.68415785271585,58.44764224910285],[26.675164649078603,58.44764224910285]]]}},{"type":"Feature","properties":{"jobs":36,"pop":36,"pointCount":2,"homeWorkCommuteMedian":14185,"workHomeCommuteMedian":14023},"geometry":{"type":"Polygon","coordinates":[[[26.675164649078603,58.456635452740095],[26.675164649078603,58.46562865637734],[26.68415785271585,58.46562865637734],[26.68415785271585,58.456635452740095],[26.675164649078603,58.456635452740095]]]}},{"type":"Feature","properties":{"jobs":0,"pop":11,"pointCount":2,"homeWorkCommuteMedian":4317,"workHomeCommuteMedian":-1},"geometry":{"type":"Polygon","coordinates":[[[26.675164649078603,58.47462186001459],[26.675164649078603,58.48361506365183],[26.68415785271585,58.48361506365183],[26.68415785271585,58.47462186001459],[26.675164649078603,58.47462186001459]]]}},{"type":"Feature","properties":{"jobs":18,"pop":36,"pointCount":5,"homeWorkCommuteMedian":15318,"workHomeCommuteMedian":12881},"geometry":{"type":"Polygon","coordinates":[[[26.675164649078603,58.48361506365183],[26.675164649078603,58.49260826728908],[26.68415785271585,58.49260826728908],[26.68415785271585,58.48361506365183],[26.675164649078603,58.48361506365183]]]}},{"type":"Feature","properties":{"jobs":57,"pop":161,"pointCount":10,"homeWorkCommuteMedian":17637,"workHomeCommuteMedian":9870},"geometry":{"type":"Polygon","coordinates":[[[26.675164649078603,58.49260826728908],[26.675164649078603,58.501601470926325],[26.68415785271585,58.501601470926325],[26.68415785271585,58.49260826728908],[26.675164649078603,58.49260826728908]]]}},{"type":"Feature","properties":{"jobs":0,"pop":11,"pointCount":1,"homeWorkCommuteMedian":20463,"workHomeCommuteMedian":-1},"geometry":{"type":"Polygon","coordinates":[[[26.675164649078603,58.501601470926325],[26.675164649078603,58.51059467456357],[26.68415785271585,58.51059467456357],[26.68415785271585,58.501601470926325],[26.675164649078603,58.501601470926325]]]}},{"type":"Feature","properties":{"jobs":0,"pop":8,"pointCount":1,"homeWorkCommuteMedian":81930,"workHomeCommuteMedian":-1},"geometry":{"type":"Polygon","coordinates":[[[26.675164649078603,58.51059467456357],[26.675164649078603,58.51958787820082],[26.68415785271585,58.51958787820082],[26.68415785271585,58.51059467456357],[26.675164649078603,58.51059467456357]]]}},{"type":"Feature","properties":{"jobs":34,"pop":126,"pointCount":8,"homeWorkCommuteMedian":27791,"workHomeCommuteMedian":11231},"geometry":{"type":"Polygon","coordinates":[[[26.675164649078603,58.51958787820082],[26.675164649078603,58.52858108183806],[26.68415785271585,58.52858108183806],[26.68415785271585,58.51958787820082],[26.675164649078603,58.51958787820082]]]}},{"type":"Feature","properties":{"jobs":0,"pop":18,"pointCount":2,"homeWorkCommuteMedian":14961,"workHomeCommuteMedian":-1},"geometry":{"type":"Polygon","coordinates":[[[26.675164649078603,58.53757428547531],[26.675164649078603,58.546567489112554],[26.68415785271585,58.546567489112554],[26.68415785271585,58.53757428547531],[26.675164649078603,58.53757428547531]]]}},{"type":"Feature","properties":{"jobs":0,"pop":12,"pointCount":1,"homeWorkCommuteMedian":50982,"workHomeCommuteMedian":-1},"geometry":{"type":"Polygon","coordinates":[[[26.68415785271585,58.006975270877795],[26.68415785271585,58.01596847451504],[26.693151056353095,58.01596847451504],[26.693151056353095,58.006975270877795],[26.68415785271585,58.006975270877795]]]}},{"type":"Feature","properties":{"jobs":0,"pop":11,"pointCount":1,"homeWorkCommuteMedian":28538,"workHomeCommuteMedian":-1},"geometry":{"type":"Polygon","coordinates":[[[26.68415785271585,58.12388691816199],[26.68415785271585,58.13288012179924],[26.693151056353095,58.13288012179924],[26.693151056353095,58.12388691816199],[26.68415785271585,58.12388691816199]]]}},{"type":"Feature","properties":{"jobs":0,"pop":5,"pointCount":1,"homeWorkCommuteMedian":14585,"workHomeCommuteMedian":-1},"geometry":{"type":"Polygon","coordinates":[[[26.68415785271585,58.141873325436485],[26.68415785271585,58.15086652907373],[26.693151056353095,58.15086652907373],[26.693151056353095,58.141873325436485],[26.68415785271585,58.141873325436485]]]}},{"type":"Feature","properties":{"jobs":0,"pop":7,"pointCount":1,"homeWorkCommuteMedian":27700,"workHomeCommuteMedian":-1},"geometry":{"type":"Polygon","coordinates":[[[26.68415785271585,58.15086652907373],[26.68415785271585,58.15985973271098],[26.693151056353095,58.15985973271098],[26.693151056353095,58.15086652907373],[26.68415785271585,58.15086652907373]]]}},{"type":"Feature","properties":{"jobs":0,"pop":5,"pointCount":1,"homeWorkCommuteMedian":26121,"workHomeCommuteMedian":-1},"geometry":{"type":"Polygon","coordinates":[[[26.68415785271585,58.17784613998547],[26.68415785271585,58.186839343622715],[26.693151056353095,58.186839343622715],[26.693151056353095,58.17784613998547],[26.68415785271585,58.17784613998547]]]}},{"type":"Feature","properties":{"jobs":0,"pop":13,"pointCount":1,"homeWorkCommuteMedian":21729,"workHomeCommuteMedian":-1},"geometry":{"type":"Polygon","coordinates":[[[26.68415785271585,58.20482575089721],[26.68415785271585,58.21381895453445],[26.693151056353095,58.21381895453445],[26.693151056353095,58.20482575089721],[26.68415785271585,58.20482575089721]]]}},{"type":"Feature","properties":{"jobs":36,"pop":10,"pointCount":3,"homeWorkCommuteMedian":16558,"workHomeCommuteMedian":18070},"geometry":{"type":"Polygon","coordinates":[[[26.68415785271585,58.231805361808945],[26.68415785271585,58.24079856544619],[26.693151056353095,58.24079856544619],[26.693151056353095,58.231805361808945],[26.68415785271585,58.231805361808945]]]}},{"type":"Feature","properties":{"jobs":0,"pop":6,"pointCount":1,"homeWorkCommuteMedian":1198,"workHomeCommuteMedian":-1},"geometry":{"type":"Polygon","coordinates":[[[26.68415785271585,58.24079856544619],[26.68415785271585,58.24979176908344],[26.693151056353095,58.24979176908344],[26.693151056353095,58.24079856544619],[26.68415785271585,58.24079856544619]]]}},{"type":"Feature","properties":{"jobs":13,"pop":11,"pointCount":3,"homeWorkCommuteMedian":6353,"workHomeCommuteMedian":33515},"geometry":{"type":"Polygon","coordinates":[[[26.68415785271585,58.25878497272068],[26.68415785271585,58.26777817635793],[26.693151056353095,58.26777817635793],[26.693151056353095,58.25878497272068],[26.68415785271585,58.25878497272068]]]}},{"type":"Feature","properties":{"jobs":73,"pop":25,"pointCount":3,"homeWorkCommuteMedian":10696,"workHomeCommuteMedian":12372},"geometry":{"type":"Polygon","coordinates":[[[26.68415785271585,58.30375099090691],[26.68415785271585,58.31274419454416],[26.693151056353095,58.31274419454416],[26.693151056353095,58.30375099090691],[26.68415785271585,58.30375099090691]]]}},{"type":"Feature","properties":{"jobs":5,"pop":54,"pointCount":3,"homeWorkCommuteMedian":8386,"workHomeCommuteMedian":10372},"geometry":{"type":"Polygon","coordinates":[[[26.68415785271585,58.31274419454416],[26.68415785271585,58.321737398181405],[26.693151056353095,58.321737398181405],[26.693151056353095,58.31274419454416],[26.68415785271585,58.31274419454416]]]}},{"type":"Feature","properties":{"jobs":0,"pop":88,"pointCount":4,"homeWorkCommuteMedian":7676,"workHomeCommuteMedian":-1},"geometry":{"type":"Polygon","coordinates":[[[26.68415785271585,58.321737398181405],[26.68415785271585,58.33073060181865],[26.693151056353095,58.33073060181865],[26.693151056353095,58.321737398181405],[26.68415785271585,58.321737398181405]]]}},{"type":"Feature","properties":{"jobs":0,"pop":86,"pointCount":3,"homeWorkCommuteMedian":5577,"workHomeCommuteMedian":-1},"geometry":{"type":"Polygon","coordinates":[[[26.68415785271585,58.33073060181865],[26.68415785271585,58.3397238054559],[26.693151056353095,58.3397238054559],[26.693151056353095,58.33073060181865],[26.68415785271585,58.33073060181865]]]}},{"type":"Feature","properties":{"jobs":0,"pop":112,"pointCount":4,"homeWorkCommuteMedian":7994,"workHomeCommuteMedian":-1},"geometry":{"type":"Polygon","coordinates":[[[26.68415785271585,58.3397238054559],[26.68415785271585,58.34871700909314],[26.693151056353095,58.34871700909314],[26.693151056353095,58.3397238054559],[26.68415785271585,58.3397238054559]]]}},{"type":"Feature","properties":{"jobs":365,"pop":158,"pointCount":13,"homeWorkCommuteMedian":7247,"workHomeCommuteMedian":6553},"geometry":{"type":"Polygon","coordinates":[[[26.68415785271585,58.34871700909314],[26.68415785271585,58.35771021273039],[26.693151056353095,58.35771021273039],[26.693151056353095,58.34871700909314],[26.68415785271585,58.34871700909314]]]}},{"type":"Feature","properties":{"jobs":2971,"pop":217,"pointCount":14,"homeWorkCommuteMedian":4318,"workHomeCommuteMedian":4993},"geometry":{"type":"Polygon","coordinates":[[[26.68415785271585,58.35771021273039],[26.68415785271585,58.366703416367635],[26.693151056353095,58.366703416367635],[26.693151056353095,58.35771021273039],[26.68415785271585,58.35771021273039]]]}},{"type":"Feature","properties":{"jobs":329,"pop":2176,"pointCount":11,"homeWorkCommuteMedian":3208,"workHomeCommuteMedian":5740},"geometry":{"type":"Polygon","coordinates":[[[26.68415785271585,58.366703416367635],[26.68415785271585,58.37569662000488],[26.693151056353095,58.37569662000488],[26.693151056353095,58.366703416367635],[26.68415785271585,58.366703416367635]]]}},{"type":"Feature","properties":{"jobs":1197,"pop":449,"pointCount":12,"homeWorkCommuteMedian":3833,"workHomeCommuteMedian":6801},"geometry":{"type":"Polygon","coordinates":[[[26.68415785271585,58.37569662000488],[26.68415785271585,58.38468982364213],[26.693151056353095,58.38468982364213],[26.693151056353095,58.37569662000488],[26.68415785271585,58.37569662000488]]]}},{"type":"Feature","properties":{"jobs":932,"pop":53,"pointCount":9,"homeWorkCommuteMedian":2766,"workHomeCommuteMedian":6379},"geometry":{"type":"Polygon","coordinates":[[[26.68415785271585,58.38468982364213],[26.68415785271585,58.39368302727937],[26.693151056353095,58.39368302727937],[26.693151056353095,58.38468982364213],[26.68415785271585,58.38468982364213]]]}},{"type":"Feature","properties":{"jobs":440,"pop":13,"pointCount":4,"homeWorkCommuteMedian":5364,"workHomeCommuteMedian":7282},"geometry":{"type":"Polygon","coordinates":[[[26.68415785271585,58.39368302727937],[26.68415785271585,58.40267623091662],[26.693151056353095,58.40267623091662],[26.693151056353095,58.39368302727937],[26.68415785271585,58.39368302727937]]]}},{"type":"Feature","properties":{"jobs":21,"pop":14,"pointCount":3,"homeWorkCommuteMedian":5294,"workHomeCommuteMedian":7001},"geometry":{"type":"Polygon","coordinates":[[[26.68415785271585,58.40267623091662],[26.68415785271585,58.411669434553865],[26.693151056353095,58.411669434553865],[26.693151056353095,58.40267623091662],[26.68415785271585,58.40267623091662]]]}},{"type":"Feature","properties":{"jobs":0,"pop":20,"pointCount":3,"homeWorkCommuteMedian":10367,"workHomeCommuteMedian":-1},"geometry":{"type":"Polygon","coordinates":[[[26.68415785271585,58.42066263819111],[26.68415785271585,58.42965584182836],[26.693151056353095,58.42965584182836],[26.693151056353095,58.42066263819111],[26.68415785271585,58.42066263819111]]]}},{"type":"Feature","properties":{"jobs":6,"pop":6,"pointCount":1,"homeWorkCommuteMedian":7738,"workHomeCommuteMedian":12581},"geometry":{"type":"Polygon","coordinates":[[[26.68415785271585,58.42965584182836],[26.68415785271585,58.4386490454656],[26.693151056353095,58.4386490454656],[26.693151056353095,58.42965584182836],[26.68415785271585,58.42965584182836]]]}},{"type":"Feature","properties":{"jobs":0,"pop":16,"pointCount":2,"homeWorkCommuteMedian":2928,"workHomeCommuteMedian":-1},"geometry":{"type":"Polygon","coordinates":[[[26.68415785271585,58.4386490454656],[26.68415785271585,58.44764224910285],[26.693151056353095,58.44764224910285],[26.693151056353095,58.4386490454656],[26.68415785271585,58.4386490454656]]]}},{"type":"Feature","properties":{"jobs":28,"pop":0,"pointCount":1,"homeWorkCommuteMedian":-1,"workHomeCommuteMedian":5048},"geometry":{"type":"Polygon","coordinates":[[[26.68415785271585,58.456635452740095],[26.68415785271585,58.46562865637734],[26.693151056353095,58.46562865637734],[26.693151056353095,58.456635452740095],[26.68415785271585,58.456635452740095]]]}},{"type":"Feature","properties":{"jobs":0,"pop":44,"pointCount":2,"homeWorkCommuteMedian":14454,"workHomeCommuteMedian":-1},"geometry":{"type":"Polygon","coordinates":[[[26.68415785271585,58.47462186001459],[26.68415785271585,58.48361506365183],[26.693151056353095,58.48361506365183],[26.693151056353095,58.47462186001459],[26.68415785271585,58.47462186001459]]]}},{"type":"Feature","properties":{"jobs":89,"pop":11,"pointCount":4,"homeWorkCommuteMedian":19680,"workHomeCommuteMedian":15603},"geometry":{"type":"Polygon","coordinates":[[[26.68415785271585,58.49260826728908],[26.68415785271585,58.501601470926325],[26.693151056353095,58.501601470926325],[26.693151056353095,58.49260826728908],[26.68415785271585,58.49260826728908]]]}},{"type":"Feature","properties":{"jobs":21,"pop":14,"pointCount":5,"homeWorkCommuteMedian":17019,"workHomeCommuteMedian":18405},"geometry":{"type":"Polygon","coordinates":[[[26.68415785271585,58.51059467456357],[26.68415785271585,58.51958787820082],[26.693151056353095,58.51958787820082],[26.693151056353095,58.51059467456357],[26.68415785271585,58.51059467456357]]]}},{"type":"Feature","properties":{"jobs":57,"pop":31,"pointCount":4,"homeWorkCommuteMedian":20377,"workHomeCommuteMedian":15216},"geometry":{"type":"Polygon","coordinates":[[[26.68415785271585,58.51958787820082],[26.68415785271585,58.52858108183806],[26.693151056353095,58.52858108183806],[26.693151056353095,58.51958787820082],[26.68415785271585,58.51958787820082]]]}},{"type":"Feature","properties":{"jobs":0,"pop":20,"pointCount":2,"homeWorkCommuteMedian":33515,"workHomeCommuteMedian":-1},"geometry":{"type":"Polygon","coordinates":[[[26.68415785271585,58.52858108183806],[26.68415785271585,58.53757428547531],[26.693151056353095,58.53757428547531],[26.693151056353095,58.52858108183806],[26.68415785271585,58.52858108183806]]]}},{"type":"Feature","properties":{"jobs":0,"pop":9,"pointCount":1,"homeWorkCommuteMedian":8036,"workHomeCommuteMedian":-1},"geometry":{"type":"Polygon","coordinates":[[[26.68415785271585,58.53757428547531],[26.68415785271585,58.546567489112554],[26.693151056353095,58.546567489112554],[26.693151056353095,58.53757428547531],[26.68415785271585,58.53757428547531]]]}},{"type":"Feature","properties":{"jobs":1,"pop":0,"pointCount":1,"homeWorkCommuteMedian":-1,"workHomeCommuteMedian":7941},"geometry":{"type":"Polygon","coordinates":[[[26.68415785271585,58.546567489112554],[26.68415785271585,58.5555606927498],[26.693151056353095,58.5555606927498],[26.693151056353095,58.546567489112554],[26.68415785271585,58.546567489112554]]]}},{"type":"Feature","properties":{"jobs":0,"pop":10,"pointCount":1,"homeWorkCommuteMedian":28263,"workHomeCommuteMedian":-1},"geometry":{"type":"Polygon","coordinates":[[[26.68415785271585,58.5555606927498],[26.68415785271585,58.56455389638705],[26.693151056353095,58.56455389638705],[26.693151056353095,58.5555606927498],[26.68415785271585,58.5555606927498]]]}},{"type":"Feature","properties":{"jobs":173,"pop":0,"pointCount":2,"homeWorkCommuteMedian":-1,"workHomeCommuteMedian":28176},"geometry":{"type":"Polygon","coordinates":[[[26.68415785271585,58.57354710002429],[26.68415785271585,58.58254030366154],[26.693151056353095,58.58254030366154],[26.693151056353095,58.57354710002429],[26.68415785271585,58.57354710002429]]]}},{"type":"Feature","properties":{"jobs":29,"pop":0,"pointCount":1,"homeWorkCommuteMedian":-1,"workHomeCommuteMedian":9585},"geometry":{"type":"Polygon","coordinates":[[[26.68415785271585,58.58254030366154],[26.68415785271585,58.591533507298784],[26.693151056353095,58.591533507298784],[26.693151056353095,58.58254030366154],[26.68415785271585,58.58254030366154]]]}},{"type":"Feature","properties":{"jobs":2,"pop":0,"pointCount":1,"homeWorkCommuteMedian":-1,"workHomeCommuteMedian":12646},"geometry":{"type":"Polygon","coordinates":[[[26.68415785271585,58.609519914573276],[26.68415785271585,58.61851311821052],[26.693151056353095,58.61851311821052],[26.693151056353095,58.609519914573276],[26.68415785271585,58.609519914573276]]]}},{"type":"Feature","properties":{"jobs":0,"pop":7,"pointCount":1,"homeWorkCommuteMedian":29477,"workHomeCommuteMedian":-1},"geometry":{"type":"Polygon","coordinates":[[[26.693151056353095,57.962009252691566],[26.693151056353095,57.97100245632881],[26.70214425999034,57.97100245632881],[26.70214425999034,57.962009252691566],[26.693151056353095,57.962009252691566]]]}},{"type":"Feature","properties":{"jobs":0,"pop":7,"pointCount":1,"homeWorkCommuteMedian":3604,"workHomeCommuteMedian":-1},"geometry":{"type":"Polygon","coordinates":[[[26.693151056353095,58.06992769633852],[26.693151056353095,58.07892089997576],[26.70214425999034,58.07892089997576],[26.70214425999034,58.06992769633852],[26.693151056353095,58.06992769633852]]]}},{"type":"Feature","properties":{"jobs":8,"pop":0,"pointCount":1,"homeWorkCommuteMedian":-1,"workHomeCommuteMedian":33095},"geometry":{"type":"Polygon","coordinates":[[[26.693151056353095,58.13288012179924],[26.693151056353095,58.141873325436485],[26.70214425999034,58.141873325436485],[26.70214425999034,58.13288012179924],[26.693151056353095,58.13288012179924]]]}},{"type":"Feature","properties":{"jobs":7,"pop":66,"pointCount":7,"homeWorkCommuteMedian":29259,"workHomeCommuteMedian":29430},"geometry":{"type":"Polygon","coordinates":[[[26.693151056353095,58.141873325436485],[26.693151056353095,58.15086652907373],[26.70214425999034,58.15086652907373],[26.70214425999034,58.141873325436485],[26.693151056353095,58.141873325436485]]]}},{"type":"Feature","properties":{"jobs":10,"pop":0,"pointCount":1,"homeWorkCommuteMedian":-1,"workHomeCommuteMedian":29093},"geometry":{"type":"Polygon","coordinates":[[[26.693151056353095,58.16885293634822],[26.693151056353095,58.17784613998547],[26.70214425999034,58.17784613998547],[26.70214425999034,58.16885293634822],[26.693151056353095,58.16885293634822]]]}},{"type":"Feature","properties":{"jobs":0,"pop":17,"pointCount":1,"homeWorkCommuteMedian":22991,"workHomeCommuteMedian":-1},"geometry":{"type":"Polygon","coordinates":[[[26.693151056353095,58.186839343622715],[26.693151056353095,58.19583254725996],[26.70214425999034,58.19583254725996],[26.70214425999034,58.186839343622715],[26.693151056353095,58.186839343622715]]]}},{"type":"Feature","properties":{"jobs":0,"pop":5,"pointCount":1,"homeWorkCommuteMedian":2198,"workHomeCommuteMedian":-1},"geometry":{"type":"Polygon","coordinates":[[[26.693151056353095,58.21381895453445],[26.693151056353095,58.2228121581717],[26.70214425999034,58.2228121581717],[26.70214425999034,58.21381895453445],[26.693151056353095,58.21381895453445]]]}},{"type":"Feature","properties":{"jobs":0,"pop":119,"pointCount":3,"homeWorkCommuteMedian":13094,"workHomeCommuteMedian":-1},"geometry":{"type":"Polygon","coordinates":[[[26.693151056353095,58.2228121581717],[26.693151056353095,58.231805361808945],[26.70214425999034,58.231805361808945],[26.70214425999034,58.2228121581717],[26.693151056353095,58.2228121581717]]]}},{"type":"Feature","properties":{"jobs":150,"pop":162,"pointCount":12,"homeWorkCommuteMedian":16288,"workHomeCommuteMedian":12063},"geometry":{"type":"Polygon","coordinates":[[[26.693151056353095,58.231805361808945],[26.693151056353095,58.24079856544619],[26.70214425999034,58.24079856544619],[26.70214425999034,58.231805361808945],[26.693151056353095,58.231805361808945]]]}},{"type":"Feature","properties":{"jobs":0,"pop":7,"pointCount":1,"homeWorkCommuteMedian":12038,"workHomeCommuteMedian":-1},"geometry":{"type":"Polygon","coordinates":[[[26.693151056353095,58.276771379995175],[26.693151056353095,58.28576458363242],[26.70214425999034,58.28576458363242],[26.70214425999034,58.276771379995175],[26.693151056353095,58.276771379995175]]]}},{"type":"Feature","properties":{"jobs":5,"pop":10,"pointCount":2,"homeWorkCommuteMedian":10663,"workHomeCommuteMedian":12608},"geometry":{"type":"Polygon","coordinates":[[[26.693151056353095,58.28576458363242],[26.693151056353095,58.29475778726967],[26.70214425999034,58.29475778726967],[26.70214425999034,58.28576458363242],[26.693151056353095,58.28576458363242]]]}},{"type":"Feature","properties":{"jobs":202,"pop":0,"pointCount":2,"homeWorkCommuteMedian":-1,"workHomeCommuteMedian":11674},"geometry":{"type":"Polygon","coordinates":[[[26.693151056353095,58.30375099090691],[26.693151056353095,58.31274419454416],[26.70214425999034,58.31274419454416],[26.70214425999034,58.30375099090691],[26.693151056353095,58.30375099090691]]]}},{"type":"Feature","properties":{"jobs":0,"pop":546,"pointCount":11,"homeWorkCommuteMedian":8315,"workHomeCommuteMedian":-1},"geometry":{"type":"Polygon","coordinates":[[[26.693151056353095,58.31274419454416],[26.693151056353095,58.321737398181405],[26.70214425999034,58.321737398181405],[26.70214425999034,58.31274419454416],[26.693151056353095,58.31274419454416]]]}},{"type":"Feature","properties":{"jobs":60,"pop":292,"pointCount":7,"homeWorkCommuteMedian":7700,"workHomeCommuteMedian":16379},"geometry":{"type":"Polygon","coordinates":[[[26.693151056353095,58.321737398181405],[26.693151056353095,58.33073060181865],[26.70214425999034,58.33073060181865],[26.70214425999034,58.321737398181405],[26.693151056353095,58.321737398181405]]]}},{"type":"Feature","properties":{"jobs":98,"pop":116,"pointCount":7,"homeWorkCommuteMedian":7081,"workHomeCommuteMedian":12480},"geometry":{"type":"Polygon","coordinates":[[[26.693151056353095,58.33073060181865],[26.693151056353095,58.3397238054559],[26.70214425999034,58.3397238054559],[26.70214425999034,58.33073060181865],[26.693151056353095,58.33073060181865]]]}},{"type":"Feature","properties":{"jobs":24,"pop":574,"pointCount":12,"homeWorkCommuteMedian":5133,"workHomeCommuteMedian":26856},"geometry":{"type":"Polygon","coordinates":[[[26.693151056353095,58.3397238054559],[26.693151056353095,58.34871700909314],[26.70214425999034,58.34871700909314],[26.70214425999034,58.3397238054559],[26.693151056353095,58.3397238054559]]]}},{"type":"Feature","properties":{"jobs":6,"pop":1647,"pointCount":9,"homeWorkCommuteMedian":4233,"workHomeCommuteMedian":416},"geometry":{"type":"Polygon","coordinates":[[[26.693151056353095,58.34871700909314],[26.693151056353095,58.35771021273039],[26.70214425999034,58.35771021273039],[26.70214425999034,58.34871700909314],[26.693151056353095,58.34871700909314]]]}},{"type":"Feature","properties":{"jobs":330,"pop":1335,"pointCount":13,"homeWorkCommuteMedian":3560,"workHomeCommuteMedian":4670},"geometry":{"type":"Polygon","coordinates":[[[26.693151056353095,58.35771021273039],[26.693151056353095,58.366703416367635],[26.70214425999034,58.366703416367635],[26.70214425999034,58.35771021273039],[26.693151056353095,58.35771021273039]]]}},{"type":"Feature","properties":{"jobs":11321,"pop":826,"pointCount":17,"homeWorkCommuteMedian":4165,"workHomeCommuteMedian":4527},"geometry":{"type":"Polygon","coordinates":[[[26.693151056353095,58.366703416367635],[26.693151056353095,58.37569662000488],[26.70214425999034,58.37569662000488],[26.70214425999034,58.366703416367635],[26.693151056353095,58.366703416367635]]]}},{"type":"Feature","properties":{"jobs":700,"pop":1065,"pointCount":13,"homeWorkCommuteMedian":3323,"workHomeCommuteMedian":5890},"geometry":{"type":"Polygon","coordinates":[[[26.693151056353095,58.37569662000488],[26.693151056353095,58.38468982364213],[26.70214425999034,58.38468982364213],[26.70214425999034,58.37569662000488],[26.693151056353095,58.37569662000488]]]}},{"type":"Feature","properties":{"jobs":2925,"pop":241,"pointCount":11,"homeWorkCommuteMedian":6707,"workHomeCommuteMedian":4642},"geometry":{"type":"Polygon","coordinates":[[[26.693151056353095,58.38468982364213],[26.693151056353095,58.39368302727937],[26.70214425999034,58.39368302727937],[26.70214425999034,58.38468982364213],[26.693151056353095,58.38468982364213]]]}},{"type":"Feature","properties":{"jobs":0,"pop":10,"pointCount":1,"homeWorkCommuteMedian":31812,"workHomeCommuteMedian":-1},"geometry":{"type":"Polygon","coordinates":[[[26.693151056353095,58.39368302727937],[26.693151056353095,58.40267623091662],[26.70214425999034,58.40267623091662],[26.70214425999034,58.39368302727937],[26.693151056353095,58.39368302727937]]]}},{"type":"Feature","properties":{"jobs":0,"pop":471,"pointCount":7,"homeWorkCommuteMedian":6850,"workHomeCommuteMedian":-1},"geometry":{"type":"Polygon","coordinates":[[[26.693151056353095,58.40267623091662],[26.693151056353095,58.411669434553865],[26.70214425999034,58.411669434553865],[26.70214425999034,58.40267623091662],[26.693151056353095,58.40267623091662]]]}},{"type":"Feature","properties":{"jobs":0,"pop":82,"pointCount":3,"homeWorkCommuteMedian":7457,"workHomeCommuteMedian":-1},"geometry":{"type":"Polygon","coordinates":[[[26.693151056353095,58.411669434553865],[26.693151056353095,58.42066263819111],[26.70214425999034,58.42066263819111],[26.70214425999034,58.411669434553865],[26.693151056353095,58.411669434553865]]]}},{"type":"Feature","properties":{"jobs":0,"pop":40,"pointCount":3,"homeWorkCommuteMedian":7876,"workHomeCommuteMedian":-1},"geometry":{"type":"Polygon","coordinates":[[[26.693151056353095,58.42066263819111],[26.693151056353095,58.42965584182836],[26.70214425999034,58.42965584182836],[26.70214425999034,58.42066263819111],[26.693151056353095,58.42066263819111]]]}},{"type":"Feature","properties":{"jobs":9,"pop":0,"pointCount":1,"homeWorkCommuteMedian":-1,"workHomeCommuteMedian":5095},"geometry":{"type":"Polygon","coordinates":[[[26.693151056353095,58.456635452740095],[26.693151056353095,58.46562865637734],[26.70214425999034,58.46562865637734],[26.70214425999034,58.456635452740095],[26.693151056353095,58.456635452740095]]]}},{"type":"Feature","properties":{"jobs":7,"pop":9,"pointCount":1,"homeWorkCommuteMedian":22185,"workHomeCommuteMedian":15703},"geometry":{"type":"Polygon","coordinates":[[[26.693151056353095,58.46562865637734],[26.693151056353095,58.47462186001459],[26.70214425999034,58.47462186001459],[26.70214425999034,58.46562865637734],[26.693151056353095,58.46562865637734]]]}},{"type":"Feature","properties":{"jobs":42,"pop":19,"pointCount":3,"homeWorkCommuteMedian":17908,"workHomeCommuteMedian":19419},"geometry":{"type":"Polygon","coordinates":[[[26.693151056353095,58.48361506365183],[26.693151056353095,58.49260826728908],[26.70214425999034,58.49260826728908],[26.70214425999034,58.48361506365183],[26.693151056353095,58.48361506365183]]]}},{"type":"Feature","properties":{"jobs":0,"pop":7,"pointCount":1,"homeWorkCommuteMedian":20135,"workHomeCommuteMedian":-1},"geometry":{"type":"Polygon","coordinates":[[[26.693151056353095,58.501601470926325],[26.693151056353095,58.51059467456357],[26.70214425999034,58.51059467456357],[26.70214425999034,58.501601470926325],[26.693151056353095,58.501601470926325]]]}},{"type":"Feature","properties":{"jobs":83,"pop":0,"pointCount":3,"homeWorkCommuteMedian":-1,"workHomeCommuteMedian":10300},"geometry":{"type":"Polygon","coordinates":[[[26.693151056353095,58.51059467456357],[26.693151056353095,58.51958787820082],[26.70214425999034,58.51958787820082],[26.70214425999034,58.51059467456357],[26.693151056353095,58.51059467456357]]]}},{"type":"Feature","properties":{"jobs":51,"pop":7,"pointCount":4,"homeWorkCommuteMedian":5421,"workHomeCommuteMedian":13392},"geometry":{"type":"Polygon","coordinates":[[[26.693151056353095,58.52858108183806],[26.693151056353095,58.53757428547531],[26.70214425999034,58.53757428547531],[26.70214425999034,58.52858108183806],[26.693151056353095,58.52858108183806]]]}},{"type":"Feature","properties":{"jobs":0,"pop":9,"pointCount":1,"homeWorkCommuteMedian":2146,"workHomeCommuteMedian":-1},"geometry":{"type":"Polygon","coordinates":[[[26.693151056353095,58.53757428547531],[26.693151056353095,58.546567489112554],[26.70214425999034,58.546567489112554],[26.70214425999034,58.53757428547531],[26.693151056353095,58.53757428547531]]]}},{"type":"Feature","properties":{"jobs":0,"pop":6,"pointCount":1,"homeWorkCommuteMedian":17162,"workHomeCommuteMedian":-1},"geometry":{"type":"Polygon","coordinates":[[[26.693151056353095,58.546567489112554],[26.693151056353095,58.5555606927498],[26.70214425999034,58.5555606927498],[26.70214425999034,58.546567489112554],[26.693151056353095,58.546567489112554]]]}},{"type":"Feature","properties":{"jobs":0,"pop":11,"pointCount":1,"homeWorkCommuteMedian":34022,"workHomeCommuteMedian":-1},"geometry":{"type":"Polygon","coordinates":[[[26.693151056353095,58.58254030366154],[26.693151056353095,58.591533507298784],[26.70214425999034,58.591533507298784],[26.70214425999034,58.58254030366154],[26.693151056353095,58.58254030366154]]]}},{"type":"Feature","properties":{"jobs":0,"pop":14,"pointCount":1,"homeWorkCommuteMedian":30937,"workHomeCommuteMedian":-1},"geometry":{"type":"Polygon","coordinates":[[[26.693151056353095,58.609519914573276],[26.693151056353095,58.61851311821052],[26.70214425999034,58.61851311821052],[26.70214425999034,58.609519914573276],[26.693151056353095,58.609519914573276]]]}},{"type":"Feature","properties":{"jobs":0,"pop":14,"pointCount":1,"homeWorkCommuteMedian":42955,"workHomeCommuteMedian":-1},"geometry":{"type":"Polygon","coordinates":[[[26.70214425999034,58.01596847451504],[26.70214425999034,58.02496167815229],[26.711137463627587,58.02496167815229],[26.711137463627587,58.01596847451504],[26.70214425999034,58.01596847451504]]]}},{"type":"Feature","properties":{"jobs":0,"pop":23,"pointCount":1,"homeWorkCommuteMedian":52365,"workHomeCommuteMedian":-1},"geometry":{"type":"Polygon","coordinates":[[[26.70214425999034,58.02496167815229],[26.70214425999034,58.03395488178953],[26.711137463627587,58.03395488178953],[26.711137463627587,58.02496167815229],[26.70214425999034,58.02496167815229]]]}},{"type":"Feature","properties":{"jobs":0,"pop":17,"pointCount":2,"homeWorkCommuteMedian":48502,"workHomeCommuteMedian":-1},"geometry":{"type":"Polygon","coordinates":[[[26.70214425999034,58.06992769633852],[26.70214425999034,58.07892089997576],[26.711137463627587,58.07892089997576],[26.711137463627587,58.06992769633852],[26.70214425999034,58.06992769633852]]]}},{"type":"Feature","properties":{"jobs":13,"pop":8,"pointCount":2,"homeWorkCommuteMedian":38311,"workHomeCommuteMedian":28812},"geometry":{"type":"Polygon","coordinates":[[[26.70214425999034,58.141873325436485],[26.70214425999034,58.15086652907373],[26.711137463627587,58.15086652907373],[26.711137463627587,58.141873325436485],[26.70214425999034,58.141873325436485]]]}},{"type":"Feature","properties":{"jobs":25,"pop":0,"pointCount":1,"homeWorkCommuteMedian":-1,"workHomeCommuteMedian":19760},"geometry":{"type":"Polygon","coordinates":[[[26.70214425999034,58.15086652907373],[26.70214425999034,58.15985973271098],[26.711137463627587,58.15985973271098],[26.711137463627587,58.15086652907373],[26.70214425999034,58.15086652907373]]]}},{"type":"Feature","properties":{"jobs":24,"pop":8,"pointCount":2,"homeWorkCommuteMedian":16379,"workHomeCommuteMedian":43132},"geometry":{"type":"Polygon","coordinates":[[[26.70214425999034,58.19583254725996],[26.70214425999034,58.20482575089721],[26.711137463627587,58.20482575089721],[26.711137463627587,58.19583254725996],[26.70214425999034,58.19583254725996]]]}},{"type":"Feature","properties":{"jobs":0,"pop":8,"pointCount":1,"homeWorkCommuteMedian":20294,"workHomeCommuteMedian":-1},"geometry":{"type":"Polygon","coordinates":[[[26.70214425999034,58.20482575089721],[26.70214425999034,58.21381895453445],[26.711137463627587,58.21381895453445],[26.711137463627587,58.20482575089721],[26.70214425999034,58.20482575089721]]]}},{"type":"Feature","properties":{"jobs":0,"pop":16,"pointCount":2,"homeWorkCommuteMedian":18656,"workHomeCommuteMedian":-1},"geometry":{"type":"Polygon","coordinates":[[[26.70214425999034,58.21381895453445],[26.70214425999034,58.2228121581717],[26.711137463627587,58.2228121581717],[26.711137463627587,58.21381895453445],[26.70214425999034,58.21381895453445]]]}},{"type":"Feature","properties":{"jobs":65,"pop":10,"pointCount":3,"homeWorkCommuteMedian":20167,"workHomeCommuteMedian":22186},"geometry":{"type":"Polygon","coordinates":[[[26.70214425999034,58.231805361808945],[26.70214425999034,58.24079856544619],[26.711137463627587,58.24079856544619],[26.711137463627587,58.231805361808945],[26.70214425999034,58.231805361808945]]]}},{"type":"Feature","properties":{"jobs":87,"pop":13,"pointCount":4,"homeWorkCommuteMedian":19838,"workHomeCommuteMedian":20238},"geometry":{"type":"Polygon","coordinates":[[[26.70214425999034,58.24079856544619],[26.70214425999034,58.24979176908344],[26.711137463627587,58.24979176908344],[26.711137463627587,58.24079856544619],[26.70214425999034,58.24079856544619]]]}},{"type":"Feature","properties":{"jobs":0,"pop":5,"pointCount":1,"homeWorkCommuteMedian":11842,"workHomeCommuteMedian":-1},"geometry":{"type":"Polygon","coordinates":[[[26.70214425999034,58.26777817635793],[26.70214425999034,58.276771379995175],[26.711137463627587,58.276771379995175],[26.711137463627587,58.26777817635793],[26.70214425999034,58.26777817635793]]]}},{"type":"Feature","properties":{"jobs":5,"pop":5,"pointCount":2,"homeWorkCommuteMedian":5552,"workHomeCommuteMedian":10903},"geometry":{"type":"Polygon","coordinates":[[[26.70214425999034,58.276771379995175],[26.70214425999034,58.28576458363242],[26.711137463627587,58.28576458363242],[26.711137463627587,58.276771379995175],[26.70214425999034,58.276771379995175]]]}},{"type":"Feature","properties":{"jobs":369,"pop":0,"pointCount":5,"homeWorkCommuteMedian":-1,"workHomeCommuteMedian":17353},"geometry":{"type":"Polygon","coordinates":[[[26.70214425999034,58.28576458363242],[26.70214425999034,58.29475778726967],[26.711137463627587,58.29475778726967],[26.711137463627587,58.28576458363242],[26.70214425999034,58.28576458363242]]]}},{"type":"Feature","properties":{"jobs":192,"pop":11,"pointCount":6,"homeWorkCommuteMedian":11793,"workHomeCommuteMedian":10926},"geometry":{"type":"Polygon","coordinates":[[[26.70214425999034,58.29475778726967],[26.70214425999034,58.30375099090691],[26.711137463627587,58.30375099090691],[26.711137463627587,58.29475778726967],[26.70214425999034,58.29475778726967]]]}},{"type":"Feature","properties":{"jobs":10,"pop":58,"pointCount":3,"homeWorkCommuteMedian":9520,"workHomeCommuteMedian":17049},"geometry":{"type":"Polygon","coordinates":[[[26.70214425999034,58.30375099090691],[26.70214425999034,58.31274419454416],[26.711137463627587,58.31274419454416],[26.711137463627587,58.30375099090691],[26.70214425999034,58.30375099090691]]]}},{"type":"Feature","properties":{"jobs":306,"pop":374,"pointCount":14,"homeWorkCommuteMedian":8352,"workHomeCommuteMedian":8148},"geometry":{"type":"Polygon","coordinates":[[[26.70214425999034,58.31274419454416],[26.70214425999034,58.321737398181405],[26.711137463627587,58.321737398181405],[26.711137463627587,58.31274419454416],[26.70214425999034,58.31274419454416]]]}},{"type":"Feature","properties":{"jobs":287,"pop":106,"pointCount":12,"homeWorkCommuteMedian":8765,"workHomeCommuteMedian":9863},"geometry":{"type":"Polygon","coordinates":[[[26.70214425999034,58.321737398181405],[26.70214425999034,58.33073060181865],[26.711137463627587,58.33073060181865],[26.711137463627587,58.321737398181405],[26.70214425999034,58.321737398181405]]]}},{"type":"Feature","properties":{"jobs":279,"pop":61,"pointCount":10,"homeWorkCommuteMedian":6441,"workHomeCommuteMedian":9702},"geometry":{"type":"Polygon","coordinates":[[[26.70214425999034,58.33073060181865],[26.70214425999034,58.3397238054559],[26.711137463627587,58.3397238054559],[26.711137463627587,58.33073060181865],[26.70214425999034,58.33073060181865]]]}},{"type":"Feature","properties":{"jobs":0,"pop":348,"pointCount":8,"homeWorkCommuteMedian":5092,"workHomeCommuteMedian":-1},"geometry":{"type":"Polygon","coordinates":[[[26.70214425999034,58.3397238054559],[26.70214425999034,58.34871700909314],[26.711137463627587,58.34871700909314],[26.711137463627587,58.3397238054559],[26.70214425999034,58.3397238054559]]]}},{"type":"Feature","properties":{"jobs":52,"pop":830,"pointCount":13,"homeWorkCommuteMedian":3615,"workHomeCommuteMedian":774},"geometry":{"type":"Polygon","coordinates":[[[26.70214425999034,58.34871700909314],[26.70214425999034,58.35771021273039],[26.711137463627587,58.35771021273039],[26.711137463627587,58.34871700909314],[26.70214425999034,58.34871700909314]]]}},{"type":"Feature","properties":{"jobs":174,"pop":1268,"pointCount":14,"homeWorkCommuteMedian":3787,"workHomeCommuteMedian":3749},"geometry":{"type":"Polygon","coordinates":[[[26.70214425999034,58.35771021273039],[26.70214425999034,58.366703416367635],[26.711137463627587,58.366703416367635],[26.711137463627587,58.35771021273039],[26.70214425999034,58.35771021273039]]]}},{"type":"Feature","properties":{"jobs":1575,"pop":462,"pointCount":17,"homeWorkCommuteMedian":3357,"workHomeCommuteMedian":4749},"geometry":{"type":"Polygon","coordinates":[[[26.70214425999034,58.366703416367635],[26.70214425999034,58.37569662000488],[26.711137463627587,58.37569662000488],[26.711137463627587,58.366703416367635],[26.70214425999034,58.366703416367635]]]}},{"type":"Feature","properties":{"jobs":674,"pop":1982,"pointCount":18,"homeWorkCommuteMedian":3029,"workHomeCommuteMedian":4360},"geometry":{"type":"Polygon","coordinates":[[[26.70214425999034,58.37569662000488],[26.70214425999034,58.38468982364213],[26.711137463627587,58.38468982364213],[26.711137463627587,58.37569662000488],[26.70214425999034,58.37569662000488]]]}},{"type":"Feature","properties":{"jobs":359,"pop":601,"pointCount":9,"homeWorkCommuteMedian":3743,"workHomeCommuteMedian":4940},"geometry":{"type":"Polygon","coordinates":[[[26.70214425999034,58.38468982364213],[26.70214425999034,58.39368302727937],[26.711137463627587,58.39368302727937],[26.711137463627587,58.38468982364213],[26.70214425999034,58.38468982364213]]]}},{"type":"Feature","properties":{"jobs":208,"pop":130,"pointCount":5,"homeWorkCommuteMedian":35768,"workHomeCommuteMedian":6088},"geometry":{"type":"Polygon","coordinates":[[[26.70214425999034,58.39368302727937],[26.70214425999034,58.40267623091662],[26.711137463627587,58.40267623091662],[26.711137463627587,58.39368302727937],[26.70214425999034,58.39368302727937]]]}},{"type":"Feature","properties":{"jobs":86,"pop":113,"pointCount":6,"homeWorkCommuteMedian":28491,"workHomeCommuteMedian":5883},"geometry":{"type":"Polygon","coordinates":[[[26.70214425999034,58.40267623091662],[26.70214425999034,58.411669434553865],[26.711137463627587,58.411669434553865],[26.711137463627587,58.40267623091662],[26.70214425999034,58.40267623091662]]]}},{"type":"Feature","properties":{"jobs":0,"pop":30,"pointCount":2,"homeWorkCommuteMedian":19677,"workHomeCommuteMedian":-1},"geometry":{"type":"Polygon","coordinates":[[[26.70214425999034,58.411669434553865],[26.70214425999034,58.42066263819111],[26.711137463627587,58.42066263819111],[26.711137463627587,58.411669434553865],[26.70214425999034,58.411669434553865]]]}},{"type":"Feature","properties":{"jobs":0,"pop":6,"pointCount":1,"homeWorkCommuteMedian":21264,"workHomeCommuteMedian":-1},"geometry":{"type":"Polygon","coordinates":[[[26.70214425999034,58.42066263819111],[26.70214425999034,58.42965584182836],[26.711137463627587,58.42965584182836],[26.711137463627587,58.42066263819111],[26.70214425999034,58.42066263819111]]]}},{"type":"Feature","properties":{"jobs":0,"pop":13,"pointCount":1,"homeWorkCommuteMedian":13865,"workHomeCommuteMedian":-1},"geometry":{"type":"Polygon","coordinates":[[[26.70214425999034,58.456635452740095],[26.70214425999034,58.46562865637734],[26.711137463627587,58.46562865637734],[26.711137463627587,58.456635452740095],[26.70214425999034,58.456635452740095]]]}},{"type":"Feature","properties":{"jobs":25,"pop":0,"pointCount":1,"homeWorkCommuteMedian":-1,"workHomeCommuteMedian":20637},"geometry":{"type":"Polygon","coordinates":[[[26.70214425999034,58.48361506365183],[26.70214425999034,58.49260826728908],[26.711137463627587,58.49260826728908],[26.711137463627587,58.48361506365183],[26.70214425999034,58.48361506365183]]]}},{"type":"Feature","properties":{"jobs":16,"pop":0,"pointCount":1,"homeWorkCommuteMedian":-1,"workHomeCommuteMedian":15122},"geometry":{"type":"Polygon","coordinates":[[[26.70214425999034,58.49260826728908],[26.70214425999034,58.501601470926325],[26.711137463627587,58.501601470926325],[26.711137463627587,58.49260826728908],[26.70214425999034,58.49260826728908]]]}},{"type":"Feature","properties":{"jobs":0,"pop":11,"pointCount":1,"homeWorkCommuteMedian":23286,"workHomeCommuteMedian":-1},"geometry":{"type":"Polygon","coordinates":[[[26.70214425999034,58.51059467456357],[26.70214425999034,58.51958787820082],[26.711137463627587,58.51958787820082],[26.711137463627587,58.51059467456357],[26.70214425999034,58.51059467456357]]]}},{"type":"Feature","properties":{"jobs":0,"pop":10,"pointCount":1,"homeWorkCommuteMedian":22798,"workHomeCommuteMedian":-1},"geometry":{"type":"Polygon","coordinates":[[[26.70214425999034,58.51958787820082],[26.70214425999034,58.52858108183806],[26.711137463627587,58.52858108183806],[26.711137463627587,58.51958787820082],[26.70214425999034,58.51958787820082]]]}},{"type":"Feature","properties":{"jobs":0,"pop":20,"pointCount":1,"homeWorkCommuteMedian":31453,"workHomeCommuteMedian":-1},"geometry":{"type":"Polygon","coordinates":[[[26.70214425999034,58.52858108183806],[26.70214425999034,58.53757428547531],[26.711137463627587,58.53757428547531],[26.711137463627587,58.52858108183806],[26.70214425999034,58.52858108183806]]]}},{"type":"Feature","properties":{"jobs":0,"pop":8,"pointCount":1,"homeWorkCommuteMedian":10361,"workHomeCommuteMedian":-1},"geometry":{"type":"Polygon","coordinates":[[[26.70214425999034,58.53757428547531],[26.70214425999034,58.546567489112554],[26.711137463627587,58.546567489112554],[26.711137463627587,58.53757428547531],[26.70214425999034,58.53757428547531]]]}},{"type":"Feature","properties":{"jobs":0,"pop":5,"pointCount":1,"homeWorkCommuteMedian":7941,"workHomeCommuteMedian":-1},"geometry":{"type":"Polygon","coordinates":[[[26.70214425999034,58.5555606927498],[26.70214425999034,58.56455389638705],[26.711137463627587,58.56455389638705],[26.711137463627587,58.5555606927498],[26.70214425999034,58.5555606927498]]]}},{"type":"Feature","properties":{"jobs":5,"pop":12,"pointCount":1,"homeWorkCommuteMedian":2768,"workHomeCommuteMedian":49922},"geometry":{"type":"Polygon","coordinates":[[[26.70214425999034,58.61851311821052],[26.70214425999034,58.62750632184777],[26.711137463627587,58.62750632184777],[26.711137463627587,58.61851311821052],[26.70214425999034,58.61851311821052]]]}},{"type":"Feature","properties":{"jobs":0,"pop":10,"pointCount":1,"homeWorkCommuteMedian":48435,"workHomeCommuteMedian":-1},"geometry":{"type":"Polygon","coordinates":[[[26.711137463627587,57.99798206724055],[26.711137463627587,58.006975270877795],[26.720130667264833,58.006975270877795],[26.720130667264833,57.99798206724055],[26.711137463627587,57.99798206724055]]]}},{"type":"Feature","properties":{"jobs":10,"pop":0,"pointCount":1,"homeWorkCommuteMedian":-1,"workHomeCommuteMedian":42245},"geometry":{"type":"Polygon","coordinates":[[[26.711137463627587,58.01596847451504],[26.711137463627587,58.02496167815229],[26.720130667264833,58.02496167815229],[26.720130667264833,58.01596847451504],[26.711137463627587,58.01596847451504]]]}},{"type":"Feature","properties":{"jobs":15,"pop":0,"pointCount":1,"homeWorkCommuteMedian":-1,"workHomeCommuteMedian":40843},"geometry":{"type":"Polygon","coordinates":[[[26.711137463627587,58.02496167815229],[26.711137463627587,58.03395488178953],[26.720130667264833,58.03395488178953],[26.720130667264833,58.02496167815229],[26.711137463627587,58.02496167815229]]]}},{"type":"Feature","properties":{"jobs":0,"pop":10,"pointCount":1,"homeWorkCommuteMedian":41062,"workHomeCommuteMedian":-1},"geometry":{"type":"Polygon","coordinates":[[[26.711137463627587,58.03395488178953],[26.711137463627587,58.04294808542678],[26.720130667264833,58.04294808542678],[26.720130667264833,58.03395488178953],[26.711137463627587,58.03395488178953]]]}},{"type":"Feature","properties":{"jobs":0,"pop":6,"pointCount":1,"homeWorkCommuteMedian":2326,"workHomeCommuteMedian":-1},"geometry":{"type":"Polygon","coordinates":[[[26.711137463627587,58.04294808542678],[26.711137463627587,58.051941289064025],[26.720130667264833,58.051941289064025],[26.720130667264833,58.04294808542678],[26.711137463627587,58.04294808542678]]]}},{"type":"Feature","properties":{"jobs":0,"pop":9,"pointCount":1,"homeWorkCommuteMedian":13197,"workHomeCommuteMedian":-1},"geometry":{"type":"Polygon","coordinates":[[[26.711137463627587,58.06992769633852],[26.711137463627587,58.07892089997576],[26.720130667264833,58.07892089997576],[26.720130667264833,58.06992769633852],[26.711137463627587,58.06992769633852]]]}},{"type":"Feature","properties":{"jobs":8,"pop":5,"pointCount":2,"homeWorkCommuteMedian":40845,"workHomeCommuteMedian":34409},"geometry":{"type":"Polygon","coordinates":[[[26.711137463627587,58.07892089997576],[26.711137463627587,58.08791410361301],[26.720130667264833,58.08791410361301],[26.720130667264833,58.07892089997576],[26.711137463627587,58.07892089997576]]]}},{"type":"Feature","properties":{"jobs":0,"pop":8,"pointCount":1,"homeWorkCommuteMedian":66618,"workHomeCommuteMedian":-1},"geometry":{"type":"Polygon","coordinates":[[[26.711137463627587,58.08791410361301],[26.711137463627587,58.096907307250255],[26.720130667264833,58.096907307250255],[26.720130667264833,58.08791410361301],[26.711137463627587,58.08791410361301]]]}},{"type":"Feature","properties":{"jobs":10,"pop":24,"pointCount":2,"homeWorkCommuteMedian":20875,"workHomeCommuteMedian":19869},"geometry":{"type":"Polygon","coordinates":[[[26.711137463627587,58.186839343622715],[26.711137463627587,58.19583254725996],[26.720130667264833,58.19583254725996],[26.720130667264833,58.186839343622715],[26.711137463627587,58.186839343622715]]]}},{"type":"Feature","properties":{"jobs":13,"pop":14,"pointCount":3,"homeWorkCommuteMedian":14297,"workHomeCommuteMedian":39633},"geometry":{"type":"Polygon","coordinates":[[[26.711137463627587,58.21381895453445],[26.711137463627587,58.2228121581717],[26.720130667264833,58.2228121581717],[26.720130667264833,58.21381895453445],[26.711137463627587,58.21381895453445]]]}},{"type":"Feature","properties":{"jobs":0,"pop":27,"pointCount":3,"homeWorkCommuteMedian":19111,"workHomeCommuteMedian":-1},"geometry":{"type":"Polygon","coordinates":[[[26.711137463627587,58.231805361808945],[26.711137463627587,58.24079856544619],[26.720130667264833,58.24079856544619],[26.720130667264833,58.231805361808945],[26.711137463627587,58.231805361808945]]]}},{"type":"Feature","properties":{"jobs":0,"pop":5,"pointCount":1,"homeWorkCommuteMedian":10230,"workHomeCommuteMedian":-1},"geometry":{"type":"Polygon","coordinates":[[[26.711137463627587,58.24079856544619],[26.711137463627587,58.24979176908344],[26.720130667264833,58.24979176908344],[26.720130667264833,58.24079856544619],[26.711137463627587,58.24079856544619]]]}},{"type":"Feature","properties":{"jobs":9,"pop":13,"pointCount":1,"homeWorkCommuteMedian":16049,"workHomeCommuteMedian":8165},"geometry":{"type":"Polygon","coordinates":[[[26.711137463627587,58.24979176908344],[26.711137463627587,58.25878497272068],[26.720130667264833,58.25878497272068],[26.720130667264833,58.24979176908344],[26.711137463627587,58.24979176908344]]]}},{"type":"Feature","properties":{"jobs":0,"pop":33,"pointCount":1,"homeWorkCommuteMedian":16017,"workHomeCommuteMedian":-1},"geometry":{"type":"Polygon","coordinates":[[[26.711137463627587,58.25878497272068],[26.711137463627587,58.26777817635793],[26.720130667264833,58.26777817635793],[26.720130667264833,58.25878497272068],[26.711137463627587,58.25878497272068]]]}},{"type":"Feature","properties":{"jobs":0,"pop":24,"pointCount":3,"homeWorkCommuteMedian":7092,"workHomeCommuteMedian":-1},"geometry":{"type":"Polygon","coordinates":[[[26.711137463627587,58.276771379995175],[26.711137463627587,58.28576458363242],[26.720130667264833,58.28576458363242],[26.720130667264833,58.276771379995175],[26.711137463627587,58.276771379995175]]]}},{"type":"Feature","properties":{"jobs":142,"pop":96,"pointCount":9,"homeWorkCommuteMedian":10961,"workHomeCommuteMedian":11013},"geometry":{"type":"Polygon","coordinates":[[[26.711137463627587,58.28576458363242],[26.711137463627587,58.29475778726967],[26.720130667264833,58.29475778726967],[26.720130667264833,58.28576458363242],[26.711137463627587,58.28576458363242]]]}},{"type":"Feature","properties":{"jobs":111,"pop":10,"pointCount":5,"homeWorkCommuteMedian":12033,"workHomeCommuteMedian":13811},"geometry":{"type":"Polygon","coordinates":[[[26.711137463627587,58.29475778726967],[26.711137463627587,58.30375099090691],[26.720130667264833,58.30375099090691],[26.720130667264833,58.29475778726967],[26.711137463627587,58.29475778726967]]]}},{"type":"Feature","properties":{"jobs":49,"pop":77,"pointCount":6,"homeWorkCommuteMedian":9724,"workHomeCommuteMedian":12508},"geometry":{"type":"Polygon","coordinates":[[[26.711137463627587,58.30375099090691],[26.711137463627587,58.31274419454416],[26.720130667264833,58.31274419454416],[26.720130667264833,58.30375099090691],[26.711137463627587,58.30375099090691]]]}},{"type":"Feature","properties":{"jobs":515,"pop":62,"pointCount":13,"homeWorkCommuteMedian":8594,"workHomeCommuteMedian":9945},"geometry":{"type":"Polygon","coordinates":[[[26.711137463627587,58.31274419454416],[26.711137463627587,58.321737398181405],[26.720130667264833,58.321737398181405],[26.720130667264833,58.31274419454416],[26.711137463627587,58.31274419454416]]]}},{"type":"Feature","properties":{"jobs":70,"pop":0,"pointCount":3,"homeWorkCommuteMedian":-1,"workHomeCommuteMedian":8853},"geometry":{"type":"Polygon","coordinates":[[[26.711137463627587,58.321737398181405],[26.711137463627587,58.33073060181865],[26.720130667264833,58.33073060181865],[26.720130667264833,58.321737398181405],[26.711137463627587,58.321737398181405]]]}},{"type":"Feature","properties":{"jobs":81,"pop":200,"pointCount":10,"homeWorkCommuteMedian":4894,"workHomeCommuteMedian":7080},"geometry":{"type":"Polygon","coordinates":[[[26.711137463627587,58.33073060181865],[26.711137463627587,58.3397238054559],[26.720130667264833,58.3397238054559],[26.720130667264833,58.33073060181865],[26.711137463627587,58.33073060181865]]]}},{"type":"Feature","properties":{"jobs":524,"pop":1101,"pointCount":9,"homeWorkCommuteMedian":4256,"workHomeCommuteMedian":7100},"geometry":{"type":"Polygon","coordinates":[[[26.711137463627587,58.3397238054559],[26.711137463627587,58.34871700909314],[26.720130667264833,58.34871700909314],[26.720130667264833,58.3397238054559],[26.711137463627587,58.3397238054559]]]}},{"type":"Feature","properties":{"jobs":3446,"pop":493,"pointCount":14,"homeWorkCommuteMedian":5301,"workHomeCommuteMedian":4565},"geometry":{"type":"Polygon","coordinates":[[[26.711137463627587,58.34871700909314],[26.711137463627587,58.35771021273039],[26.720130667264833,58.35771021273039],[26.720130667264833,58.34871700909314],[26.711137463627587,58.34871700909314]]]}},{"type":"Feature","properties":{"jobs":409,"pop":859,"pointCount":16,"homeWorkCommuteMedian":3480,"workHomeCommuteMedian":3073},"geometry":{"type":"Polygon","coordinates":[[[26.711137463627587,58.35771021273039],[26.711137463627587,58.366703416367635],[26.720130667264833,58.366703416367635],[26.720130667264833,58.35771021273039],[26.711137463627587,58.35771021273039]]]}},{"type":"Feature","properties":{"jobs":3104,"pop":1807,"pointCount":21,"homeWorkCommuteMedian":2351,"workHomeCommuteMedian":4181},"geometry":{"type":"Polygon","coordinates":[[[26.711137463627587,58.366703416367635],[26.711137463627587,58.37569662000488],[26.720130667264833,58.37569662000488],[26.720130667264833,58.366703416367635],[26.711137463627587,58.366703416367635]]]}},{"type":"Feature","properties":{"jobs":7090,"pop":1474,"pointCount":24,"homeWorkCommuteMedian":3176,"workHomeCommuteMedian":3566},"geometry":{"type":"Polygon","coordinates":[[[26.711137463627587,58.37569662000488],[26.711137463627587,58.38468982364213],[26.720130667264833,58.38468982364213],[26.720130667264833,58.37569662000488],[26.711137463627587,58.37569662000488]]]}},{"type":"Feature","properties":{"jobs":250,"pop":1431,"pointCount":13,"homeWorkCommuteMedian":3795,"workHomeCommuteMedian":3140},"geometry":{"type":"Polygon","coordinates":[[[26.711137463627587,58.38468982364213],[26.711137463627587,58.39368302727937],[26.720130667264833,58.39368302727937],[26.720130667264833,58.38468982364213],[26.711137463627587,58.38468982364213]]]}},{"type":"Feature","properties":{"jobs":696,"pop":1188,"pointCount":15,"homeWorkCommuteMedian":4387,"workHomeCommuteMedian":4529},"geometry":{"type":"Polygon","coordinates":[[[26.711137463627587,58.39368302727937],[26.711137463627587,58.40267623091662],[26.720130667264833,58.40267623091662],[26.720130667264833,58.39368302727937],[26.711137463627587,58.39368302727937]]]}},{"type":"Feature","properties":{"jobs":0,"pop":140,"pointCount":7,"homeWorkCommuteMedian":5558,"workHomeCommuteMedian":-1},"geometry":{"type":"Polygon","coordinates":[[[26.711137463627587,58.40267623091662],[26.711137463627587,58.411669434553865],[26.720130667264833,58.411669434553865],[26.720130667264833,58.40267623091662],[26.711137463627587,58.40267623091662]]]}},{"type":"Feature","properties":{"jobs":112,"pop":13,"pointCount":6,"homeWorkCommuteMedian":5942,"workHomeCommuteMedian":6244},"geometry":{"type":"Polygon","coordinates":[[[26.711137463627587,58.411669434553865],[26.711137463627587,58.42066263819111],[26.720130667264833,58.42066263819111],[26.720130667264833,58.411669434553865],[26.711137463627587,58.411669434553865]]]}},{"type":"Feature","properties":{"jobs":0,"pop":12,"pointCount":2,"homeWorkCommuteMedian":16119,"workHomeCommuteMedian":-1},"geometry":{"type":"Polygon","coordinates":[[[26.711137463627587,58.42965584182836],[26.711137463627587,58.4386490454656],[26.720130667264833,58.4386490454656],[26.720130667264833,58.42965584182836],[26.711137463627587,58.42965584182836]]]}},{"type":"Feature","properties":{"jobs":13,"pop":0,"pointCount":1,"homeWorkCommuteMedian":-1,"workHomeCommuteMedian":13282},"geometry":{"type":"Polygon","coordinates":[[[26.711137463627587,58.456635452740095],[26.711137463627587,58.46562865637734],[26.720130667264833,58.46562865637734],[26.720130667264833,58.456635452740095],[26.711137463627587,58.456635452740095]]]}},{"type":"Feature","properties":{"jobs":0,"pop":6,"pointCount":1,"homeWorkCommuteMedian":3120,"workHomeCommuteMedian":-1},"geometry":{"type":"Polygon","coordinates":[[[26.711137463627587,58.51059467456357],[26.711137463627587,58.51958787820082],[26.720130667264833,58.51958787820082],[26.720130667264833,58.51059467456357],[26.711137463627587,58.51059467456357]]]}},{"type":"Feature","properties":{"jobs":4,"pop":6,"pointCount":2,"homeWorkCommuteMedian":10942,"workHomeCommuteMedian":17165},"geometry":{"type":"Polygon","coordinates":[[[26.711137463627587,58.51958787820082],[26.711137463627587,58.52858108183806],[26.720130667264833,58.52858108183806],[26.720130667264833,58.51958787820082],[26.711137463627587,58.51958787820082]]]}},{"type":"Feature","properties":{"jobs":11,"pop":0,"pointCount":1,"homeWorkCommuteMedian":-1,"workHomeCommuteMedian":19506},"geometry":{"type":"Polygon","coordinates":[[[26.711137463627587,58.546567489112554],[26.711137463627587,58.5555606927498],[26.720130667264833,58.5555606927498],[26.720130667264833,58.546567489112554],[26.711137463627587,58.546567489112554]]]}},{"type":"Feature","properties":{"jobs":0,"pop":11,"pointCount":1,"homeWorkCommuteMedian":26730,"workHomeCommuteMedian":-1},"geometry":{"type":"Polygon","coordinates":[[[26.711137463627587,58.5555606927498],[26.711137463627587,58.56455389638705],[26.720130667264833,58.56455389638705],[26.720130667264833,58.5555606927498],[26.711137463627587,58.5555606927498]]]}},{"type":"Feature","properties":{"jobs":0,"pop":6,"pointCount":1,"homeWorkCommuteMedian":21703,"workHomeCommuteMedian":-1},"geometry":{"type":"Polygon","coordinates":[[[26.711137463627587,58.57354710002429],[26.711137463627587,58.58254030366154],[26.720130667264833,58.58254030366154],[26.720130667264833,58.57354710002429],[26.711137463627587,58.57354710002429]]]}},{"type":"Feature","properties":{"jobs":0,"pop":7,"pointCount":1,"homeWorkCommuteMedian":39471,"workHomeCommuteMedian":-1},"geometry":{"type":"Polygon","coordinates":[[[26.720130667264833,57.97100245632881],[26.720130667264833,57.97999565996606],[26.72912387090208,57.97999565996606],[26.72912387090208,57.97100245632881],[26.720130667264833,57.97100245632881]]]}},{"type":"Feature","properties":{"jobs":9,"pop":0,"pointCount":1,"homeWorkCommuteMedian":-1,"workHomeCommuteMedian":48655},"geometry":{"type":"Polygon","coordinates":[[[26.720130667264833,57.97999565996606],[26.720130667264833,57.9889888636033],[26.72912387090208,57.9889888636033],[26.72912387090208,57.97999565996606],[26.720130667264833,57.97999565996606]]]}},{"type":"Feature","properties":{"jobs":0,"pop":9,"pointCount":1,"homeWorkCommuteMedian":25823,"workHomeCommuteMedian":-1},"geometry":{"type":"Polygon","coordinates":[[[26.720130667264833,57.9889888636033],[26.720130667264833,57.99798206724055],[26.72912387090208,57.99798206724055],[26.72912387090208,57.9889888636033],[26.720130667264833,57.9889888636033]]]}},{"type":"Feature","properties":{"jobs":9,"pop":0,"pointCount":1,"homeWorkCommuteMedian":-1,"workHomeCommuteMedian":40437},"geometry":{"type":"Polygon","coordinates":[[[26.720130667264833,58.03395488178953],[26.720130667264833,58.04294808542678],[26.72912387090208,58.04294808542678],[26.72912387090208,58.03395488178953],[26.720130667264833,58.03395488178953]]]}},{"type":"Feature","properties":{"jobs":0,"pop":10,"pointCount":1,"homeWorkCommuteMedian":40693,"workHomeCommuteMedian":-1},"geometry":{"type":"Polygon","coordinates":[[[26.720130667264833,58.04294808542678],[26.720130667264833,58.051941289064025],[26.72912387090208,58.051941289064025],[26.72912387090208,58.04294808542678],[26.720130667264833,58.04294808542678]]]}},{"type":"Feature","properties":{"jobs":0,"pop":11,"pointCount":1,"homeWorkCommuteMedian":39771,"workHomeCommuteMedian":-1},"geometry":{"type":"Polygon","coordinates":[[[26.720130667264833,58.051941289064025],[26.720130667264833,58.06093449270127],[26.72912387090208,58.06093449270127],[26.72912387090208,58.051941289064025],[26.720130667264833,58.051941289064025]]]}},{"type":"Feature","properties":{"jobs":29,"pop":0,"pointCount":3,"homeWorkCommuteMedian":-1,"workHomeCommuteMedian":39184},"geometry":{"type":"Polygon","coordinates":[[[26.720130667264833,58.06093449270127],[26.720130667264833,58.06992769633852],[26.72912387090208,58.06992769633852],[26.72912387090208,58.06093449270127],[26.720130667264833,58.06093449270127]]]}},{"type":"Feature","properties":{"jobs":0,"pop":8,"pointCount":1,"homeWorkCommuteMedian":11379,"workHomeCommuteMedian":-1},"geometry":{"type":"Polygon","coordinates":[[[26.720130667264833,58.06992769633852],[26.720130667264833,58.07892089997576],[26.72912387090208,58.07892089997576],[26.72912387090208,58.06992769633852],[26.720130667264833,58.06992769633852]]]}},{"type":"Feature","properties":{"jobs":0,"pop":6,"pointCount":1,"homeWorkCommuteMedian":5224,"workHomeCommuteMedian":-1},"geometry":{"type":"Polygon","coordinates":[[[26.720130667264833,58.08791410361301],[26.720130667264833,58.096907307250255],[26.72912387090208,58.096907307250255],[26.72912387090208,58.08791410361301],[26.720130667264833,58.08791410361301]]]}},{"type":"Feature","properties":{"jobs":33,"pop":0,"pointCount":1,"homeWorkCommuteMedian":-1,"workHomeCommuteMedian":21411},"geometry":{"type":"Polygon","coordinates":[[[26.720130667264833,58.096907307250255],[26.720130667264833,58.1059005108875],[26.72912387090208,58.1059005108875],[26.72912387090208,58.096907307250255],[26.720130667264833,58.096907307250255]]]}},{"type":"Feature","properties":{"jobs":0,"pop":13,"pointCount":1,"homeWorkCommuteMedian":22863,"workHomeCommuteMedian":-1},"geometry":{"type":"Polygon","coordinates":[[[26.720130667264833,58.21381895453445],[26.720130667264833,58.2228121581717],[26.72912387090208,58.2228121581717],[26.72912387090208,58.21381895453445],[26.720130667264833,58.21381895453445]]]}},{"type":"Feature","properties":{"jobs":5,"pop":0,"pointCount":1,"homeWorkCommuteMedian":-1,"workHomeCommuteMedian":23972},"geometry":{"type":"Polygon","coordinates":[[[26.720130667264833,58.2228121581717],[26.720130667264833,58.231805361808945],[26.72912387090208,58.231805361808945],[26.72912387090208,58.2228121581717],[26.720130667264833,58.2228121581717]]]}},{"type":"Feature","properties":{"jobs":0,"pop":5,"pointCount":1,"homeWorkCommuteMedian":6790,"workHomeCommuteMedian":-1},"geometry":{"type":"Polygon","coordinates":[[[26.720130667264833,58.26777817635793],[26.720130667264833,58.276771379995175],[26.72912387090208,58.276771379995175],[26.72912387090208,58.26777817635793],[26.720130667264833,58.26777817635793]]]}},{"type":"Feature","properties":{"jobs":0,"pop":46,"pointCount":4,"homeWorkCommuteMedian":9217,"workHomeCommuteMedian":-1},"geometry":{"type":"Polygon","coordinates":[[[26.720130667264833,58.276771379995175],[26.720130667264833,58.28576458363242],[26.72912387090208,58.28576458363242],[26.72912387090208,58.276771379995175],[26.720130667264833,58.276771379995175]]]}},{"type":"Feature","properties":{"jobs":10,"pop":54,"pointCount":2,"homeWorkCommuteMedian":10173,"workHomeCommuteMedian":13107},"geometry":{"type":"Polygon","coordinates":[[[26.720130667264833,58.28576458363242],[26.720130667264833,58.29475778726967],[26.72912387090208,58.29475778726967],[26.72912387090208,58.28576458363242],[26.720130667264833,58.28576458363242]]]}},{"type":"Feature","properties":{"jobs":22,"pop":526,"pointCount":7,"homeWorkCommuteMedian":8687,"workHomeCommuteMedian":764},"geometry":{"type":"Polygon","coordinates":[[[26.720130667264833,58.30375099090691],[26.720130667264833,58.31274419454416],[26.72912387090208,58.31274419454416],[26.72912387090208,58.30375099090691],[26.720130667264833,58.30375099090691]]]}},{"type":"Feature","properties":{"jobs":292,"pop":285,"pointCount":11,"homeWorkCommuteMedian":7147,"workHomeCommuteMedian":8860},"geometry":{"type":"Polygon","coordinates":[[[26.720130667264833,58.31274419454416],[26.720130667264833,58.321737398181405],[26.72912387090208,58.321737398181405],[26.72912387090208,58.31274419454416],[26.720130667264833,58.31274419454416]]]}},{"type":"Feature","properties":{"jobs":214,"pop":291,"pointCount":15,"homeWorkCommuteMedian":6530,"workHomeCommuteMedian":8783},"geometry":{"type":"Polygon","coordinates":[[[26.720130667264833,58.321737398181405],[26.720130667264833,58.33073060181865],[26.72912387090208,58.33073060181865],[26.72912387090208,58.321737398181405],[26.720130667264833,58.321737398181405]]]}},{"type":"Feature","properties":{"jobs":46,"pop":159,"pointCount":8,"homeWorkCommuteMedian":5013,"workHomeCommuteMedian":8147},"geometry":{"type":"Polygon","coordinates":[[[26.720130667264833,58.33073060181865],[26.720130667264833,58.3397238054559],[26.72912387090208,58.3397238054559],[26.72912387090208,58.33073060181865],[26.720130667264833,58.33073060181865]]]}},{"type":"Feature","properties":{"jobs":548,"pop":502,"pointCount":10,"homeWorkCommuteMedian":6672,"workHomeCommuteMedian":5864},"geometry":{"type":"Polygon","coordinates":[[[26.720130667264833,58.3397238054559],[26.720130667264833,58.34871700909314],[26.72912387090208,58.34871700909314],[26.72912387090208,58.3397238054559],[26.720130667264833,58.3397238054559]]]}},{"type":"Feature","properties":{"jobs":923,"pop":2099,"pointCount":15,"homeWorkCommuteMedian":3370,"workHomeCommuteMedian":5348},"geometry":{"type":"Polygon","coordinates":[[[26.720130667264833,58.34871700909314],[26.720130667264833,58.35771021273039],[26.72912387090208,58.35771021273039],[26.72912387090208,58.34871700909314],[26.720130667264833,58.34871700909314]]]}},{"type":"Feature","properties":{"jobs":147,"pop":1391,"pointCount":15,"homeWorkCommuteMedian":3400,"workHomeCommuteMedian":3508},"geometry":{"type":"Polygon","coordinates":[[[26.720130667264833,58.35771021273039],[26.720130667264833,58.366703416367635],[26.72912387090208,58.366703416367635],[26.72912387090208,58.35771021273039],[26.720130667264833,58.35771021273039]]]}},{"type":"Feature","properties":{"jobs":1871,"pop":3699,"pointCount":19,"homeWorkCommuteMedian":2851,"workHomeCommuteMedian":3878},"geometry":{"type":"Polygon","coordinates":[[[26.720130667264833,58.366703416367635],[26.720130667264833,58.37569662000488],[26.72912387090208,58.37569662000488],[26.72912387090208,58.366703416367635],[26.720130667264833,58.366703416367635]]]}},{"type":"Feature","properties":{"jobs":7590,"pop":606,"pointCount":20,"homeWorkCommuteMedian":3247,"workHomeCommuteMedian":3765},"geometry":{"type":"Polygon","coordinates":[[[26.720130667264833,58.37569662000488],[26.720130667264833,58.38468982364213],[26.72912387090208,58.38468982364213],[26.72912387090208,58.37569662000488],[26.720130667264833,58.37569662000488]]]}},{"type":"Feature","properties":{"jobs":1779,"pop":1008,"pointCount":20,"homeWorkCommuteMedian":3897,"workHomeCommuteMedian":3278},"geometry":{"type":"Polygon","coordinates":[[[26.720130667264833,58.38468982364213],[26.720130667264833,58.39368302727937],[26.72912387090208,58.39368302727937],[26.72912387090208,58.38468982364213],[26.720130667264833,58.38468982364213]]]}},{"type":"Feature","properties":{"jobs":78,"pop":1129,"pointCount":12,"homeWorkCommuteMedian":5443,"workHomeCommuteMedian":3871},"geometry":{"type":"Polygon","coordinates":[[[26.720130667264833,58.39368302727937],[26.720130667264833,58.40267623091662],[26.72912387090208,58.40267623091662],[26.72912387090208,58.39368302727937],[26.720130667264833,58.39368302727937]]]}},{"type":"Feature","properties":{"jobs":0,"pop":112,"pointCount":3,"homeWorkCommuteMedian":7220,"workHomeCommuteMedian":-1},"geometry":{"type":"Polygon","coordinates":[[[26.720130667264833,58.40267623091662],[26.720130667264833,58.411669434553865],[26.72912387090208,58.411669434553865],[26.72912387090208,58.40267623091662],[26.720130667264833,58.40267623091662]]]}},{"type":"Feature","properties":{"jobs":372,"pop":0,"pointCount":9,"homeWorkCommuteMedian":-1,"workHomeCommuteMedian":7939},"geometry":{"type":"Polygon","coordinates":[[[26.720130667264833,58.411669434553865],[26.720130667264833,58.42066263819111],[26.72912387090208,58.42066263819111],[26.72912387090208,58.411669434553865],[26.720130667264833,58.411669434553865]]]}},{"type":"Feature","properties":{"jobs":0,"pop":6,"pointCount":1,"homeWorkCommuteMedian":15788,"workHomeCommuteMedian":-1},"geometry":{"type":"Polygon","coordinates":[[[26.720130667264833,58.42066263819111],[26.720130667264833,58.42965584182836],[26.72912387090208,58.42965584182836],[26.72912387090208,58.42066263819111],[26.720130667264833,58.42066263819111]]]}},{"type":"Feature","properties":{"jobs":29,"pop":0,"pointCount":1,"homeWorkCommuteMedian":-1,"workHomeCommuteMedian":11679},"geometry":{"type":"Polygon","coordinates":[[[26.720130667264833,58.46562865637734],[26.720130667264833,58.47462186001459],[26.72912387090208,58.47462186001459],[26.72912387090208,58.46562865637734],[26.720130667264833,58.46562865637734]]]}},{"type":"Feature","properties":{"jobs":0,"pop":12,"pointCount":1,"homeWorkCommuteMedian":18131,"workHomeCommuteMedian":-1},"geometry":{"type":"Polygon","coordinates":[[[26.720130667264833,58.47462186001459],[26.720130667264833,58.48361506365183],[26.72912387090208,58.48361506365183],[26.72912387090208,58.47462186001459],[26.720130667264833,58.47462186001459]]]}},{"type":"Feature","properties":{"jobs":29,"pop":0,"pointCount":1,"homeWorkCommuteMedian":-1,"workHomeCommuteMedian":14303},"geometry":{"type":"Polygon","coordinates":[[[26.720130667264833,58.609519914573276],[26.720130667264833,58.61851311821052],[26.72912387090208,58.61851311821052],[26.72912387090208,58.609519914573276],[26.720130667264833,58.609519914573276]]]}},{"type":"Feature","properties":{"jobs":16,"pop":6,"pointCount":2,"homeWorkCommuteMedian":23554,"workHomeCommuteMedian":2394},"geometry":{"type":"Polygon","coordinates":[[[26.72912387090208,57.9889888636033],[26.72912387090208,57.99798206724055],[26.738117074539325,57.99798206724055],[26.738117074539325,57.9889888636033],[26.72912387090208,57.9889888636033]]]}},{"type":"Feature","properties":{"jobs":13,"pop":0,"pointCount":1,"homeWorkCommuteMedian":-1,"workHomeCommuteMedian":45021},"geometry":{"type":"Polygon","coordinates":[[[26.72912387090208,57.99798206724055],[26.72912387090208,58.006975270877795],[26.738117074539325,58.006975270877795],[26.738117074539325,57.99798206724055],[26.72912387090208,57.99798206724055]]]}},{"type":"Feature","properties":{"jobs":56,"pop":67,"pointCount":9,"homeWorkCommuteMedian":38585,"workHomeCommuteMedian":39004},"geometry":{"type":"Polygon","coordinates":[[[26.72912387090208,58.06093449270127],[26.72912387090208,58.06992769633852],[26.738117074539325,58.06992769633852],[26.738117074539325,58.06093449270127],[26.72912387090208,58.06093449270127]]]}},{"type":"Feature","properties":{"jobs":0,"pop":12,"pointCount":2,"homeWorkCommuteMedian":37877,"workHomeCommuteMedian":-1},"geometry":{"type":"Polygon","coordinates":[[[26.72912387090208,58.06992769633852],[26.72912387090208,58.07892089997576],[26.738117074539325,58.07892089997576],[26.738117074539325,58.06992769633852],[26.72912387090208,58.06992769633852]]]}},{"type":"Feature","properties":{"jobs":0,"pop":8,"pointCount":1,"homeWorkCommuteMedian":24940,"workHomeCommuteMedian":-1},"geometry":{"type":"Polygon","coordinates":[[[26.72912387090208,58.07892089997576],[26.72912387090208,58.08791410361301],[26.738117074539325,58.08791410361301],[26.738117074539325,58.07892089997576],[26.72912387090208,58.07892089997576]]]}},{"type":"Feature","properties":{"jobs":0,"pop":36,"pointCount":1,"homeWorkCommuteMedian":35437,"workHomeCommuteMedian":-1},"geometry":{"type":"Polygon","coordinates":[[[26.72912387090208,58.1059005108875],[26.72912387090208,58.11489371452475],[26.738117074539325,58.11489371452475],[26.738117074539325,58.1059005108875],[26.72912387090208,58.1059005108875]]]}},{"type":"Feature","properties":{"jobs":0,"pop":7,"pointCount":1,"homeWorkCommuteMedian":21613,"workHomeCommuteMedian":-1},"geometry":{"type":"Polygon","coordinates":[[[26.72912387090208,58.2228121581717],[26.72912387090208,58.231805361808945],[26.738117074539325,58.231805361808945],[26.738117074539325,58.2228121581717],[26.72912387090208,58.2228121581717]]]}},{"type":"Feature","properties":{"jobs":0,"pop":15,"pointCount":1,"homeWorkCommuteMedian":11863,"workHomeCommuteMedian":-1},"geometry":{"type":"Polygon","coordinates":[[[26.72912387090208,58.26777817635793],[26.72912387090208,58.276771379995175],[26.738117074539325,58.276771379995175],[26.738117074539325,58.26777817635793],[26.72912387090208,58.26777817635793]]]}},{"type":"Feature","properties":{"jobs":0,"pop":10,"pointCount":2,"homeWorkCommuteMedian":4628,"workHomeCommuteMedian":-1},"geometry":{"type":"Polygon","coordinates":[[[26.72912387090208,58.276771379995175],[26.72912387090208,58.28576458363242],[26.738117074539325,58.28576458363242],[26.738117074539325,58.276771379995175],[26.72912387090208,58.276771379995175]]]}},{"type":"Feature","properties":{"jobs":0,"pop":293,"pointCount":3,"homeWorkCommuteMedian":8460,"workHomeCommuteMedian":-1},"geometry":{"type":"Polygon","coordinates":[[[26.72912387090208,58.30375099090691],[26.72912387090208,58.31274419454416],[26.738117074539325,58.31274419454416],[26.738117074539325,58.30375099090691],[26.72912387090208,58.30375099090691]]]}},{"type":"Feature","properties":{"jobs":0,"pop":412,"pointCount":4,"homeWorkCommuteMedian":8637,"workHomeCommuteMedian":-1},"geometry":{"type":"Polygon","coordinates":[[[26.72912387090208,58.31274419454416],[26.72912387090208,58.321737398181405],[26.738117074539325,58.321737398181405],[26.738117074539325,58.31274419454416],[26.72912387090208,58.31274419454416]]]}},{"type":"Feature","properties":{"jobs":0,"pop":199,"pointCount":4,"homeWorkCommuteMedian":6860,"workHomeCommuteMedian":-1},"geometry":{"type":"Polygon","coordinates":[[[26.72912387090208,58.321737398181405],[26.72912387090208,58.33073060181865],[26.738117074539325,58.33073060181865],[26.738117074539325,58.321737398181405],[26.72912387090208,58.321737398181405]]]}},{"type":"Feature","properties":{"jobs":43,"pop":12,"pointCount":3,"homeWorkCommuteMedian":5547,"workHomeCommuteMedian":7402},"geometry":{"type":"Polygon","coordinates":[[[26.72912387090208,58.33073060181865],[26.72912387090208,58.3397238054559],[26.738117074539325,58.3397238054559],[26.738117074539325,58.33073060181865],[26.72912387090208,58.33073060181865]]]}},{"type":"Feature","properties":{"jobs":1911,"pop":0,"pointCount":10,"homeWorkCommuteMedian":-1,"workHomeCommuteMedian":6311},"geometry":{"type":"Polygon","coordinates":[[[26.72912387090208,58.3397238054559],[26.72912387090208,58.34871700909314],[26.738117074539325,58.34871700909314],[26.738117074539325,58.3397238054559],[26.72912387090208,58.3397238054559]]]}},{"type":"Feature","properties":{"jobs":1059,"pop":111,"pointCount":9,"homeWorkCommuteMedian":3955,"workHomeCommuteMedian":5656},"geometry":{"type":"Polygon","coordinates":[[[26.72912387090208,58.34871700909314],[26.72912387090208,58.35771021273039],[26.738117074539325,58.35771021273039],[26.738117074539325,58.34871700909314],[26.72912387090208,58.34871700909314]]]}},{"type":"Feature","properties":{"jobs":1212,"pop":1533,"pointCount":16,"homeWorkCommuteMedian":3360,"workHomeCommuteMedian":4447},"geometry":{"type":"Polygon","coordinates":[[[26.72912387090208,58.35771021273039],[26.72912387090208,58.366703416367635],[26.738117074539325,58.366703416367635],[26.738117074539325,58.35771021273039],[26.72912387090208,58.35771021273039]]]}},{"type":"Feature","properties":{"jobs":2256,"pop":2671,"pointCount":21,"homeWorkCommuteMedian":3145,"workHomeCommuteMedian":3805},"geometry":{"type":"Polygon","coordinates":[[[26.72912387090208,58.366703416367635],[26.72912387090208,58.37569662000488],[26.738117074539325,58.37569662000488],[26.738117074539325,58.366703416367635],[26.72912387090208,58.366703416367635]]]}},{"type":"Feature","properties":{"jobs":4700,"pop":1633,"pointCount":16,"homeWorkCommuteMedian":3305,"workHomeCommuteMedian":4014},"geometry":{"type":"Polygon","coordinates":[[[26.72912387090208,58.37569662000488],[26.72912387090208,58.38468982364213],[26.738117074539325,58.38468982364213],[26.738117074539325,58.37569662000488],[26.72912387090208,58.37569662000488]]]}},{"type":"Feature","properties":{"jobs":447,"pop":1448,"pointCount":20,"homeWorkCommuteMedian":3884,"workHomeCommuteMedian":3712},"geometry":{"type":"Polygon","coordinates":[[[26.72912387090208,58.38468982364213],[26.72912387090208,58.39368302727937],[26.738117074539325,58.39368302727937],[26.738117074539325,58.38468982364213],[26.72912387090208,58.38468982364213]]]}},{"type":"Feature","properties":{"jobs":154,"pop":355,"pointCount":13,"homeWorkCommuteMedian":4911,"workHomeCommuteMedian":2961},"geometry":{"type":"Polygon","coordinates":[[[26.72912387090208,58.39368302727937],[26.72912387090208,58.40267623091662],[26.738117074539325,58.40267623091662],[26.738117074539325,58.39368302727937],[26.72912387090208,58.39368302727937]]]}},{"type":"Feature","properties":{"jobs":37,"pop":632,"pointCount":8,"homeWorkCommuteMedian":13811,"workHomeCommuteMedian":6540},"geometry":{"type":"Polygon","coordinates":[[[26.72912387090208,58.40267623091662],[26.72912387090208,58.411669434553865],[26.738117074539325,58.411669434553865],[26.738117074539325,58.40267623091662],[26.72912387090208,58.40267623091662]]]}},{"type":"Feature","properties":{"jobs":0,"pop":30,"pointCount":1,"homeWorkCommuteMedian":6293,"workHomeCommuteMedian":-1},"geometry":{"type":"Polygon","coordinates":[[[26.72912387090208,58.411669434553865],[26.72912387090208,58.42066263819111],[26.738117074539325,58.42066263819111],[26.738117074539325,58.411669434553865],[26.72912387090208,58.411669434553865]]]}},{"type":"Feature","properties":{"jobs":0,"pop":5,"pointCount":1,"homeWorkCommuteMedian":31654,"workHomeCommuteMedian":-1},"geometry":{"type":"Polygon","coordinates":[[[26.72912387090208,58.42965584182836],[26.72912387090208,58.4386490454656],[26.738117074539325,58.4386490454656],[26.738117074539325,58.42965584182836],[26.72912387090208,58.42965584182836]]]}},{"type":"Feature","properties":{"jobs":0,"pop":9,"pointCount":1,"homeWorkCommuteMedian":17907,"workHomeCommuteMedian":-1},"geometry":{"type":"Polygon","coordinates":[[[26.72912387090208,58.4386490454656],[26.72912387090208,58.44764224910285],[26.738117074539325,58.44764224910285],[26.738117074539325,58.4386490454656],[26.72912387090208,58.4386490454656]]]}},{"type":"Feature","properties":{"jobs":0,"pop":9,"pointCount":1,"homeWorkCommuteMedian":19151,"workHomeCommuteMedian":-1},"geometry":{"type":"Polygon","coordinates":[[[26.72912387090208,58.456635452740095],[26.72912387090208,58.46562865637734],[26.738117074539325,58.46562865637734],[26.738117074539325,58.456635452740095],[26.72912387090208,58.456635452740095]]]}},{"type":"Feature","properties":{"jobs":15,"pop":83,"pointCount":4,"homeWorkCommuteMedian":16346,"workHomeCommuteMedian":18567},"geometry":{"type":"Polygon","coordinates":[[[26.72912387090208,58.46562865637734],[26.72912387090208,58.47462186001459],[26.738117074539325,58.47462186001459],[26.738117074539325,58.46562865637734],[26.72912387090208,58.46562865637734]]]}},{"type":"Feature","properties":{"jobs":0,"pop":5,"pointCount":1,"homeWorkCommuteMedian":88974,"workHomeCommuteMedian":-1},"geometry":{"type":"Polygon","coordinates":[[[26.72912387090208,58.546567489112554],[26.72912387090208,58.5555606927498],[26.738117074539325,58.5555606927498],[26.738117074539325,58.546567489112554],[26.72912387090208,58.546567489112554]]]}},{"type":"Feature","properties":{"jobs":0,"pop":5,"pointCount":1,"homeWorkCommuteMedian":12266,"workHomeCommuteMedian":-1},"geometry":{"type":"Polygon","coordinates":[[[26.72912387090208,58.57354710002429],[26.72912387090208,58.58254030366154],[26.738117074539325,58.58254030366154],[26.738117074539325,58.57354710002429],[26.72912387090208,58.57354710002429]]]}},{"type":"Feature","properties":{"jobs":0,"pop":6,"pointCount":1,"homeWorkCommuteMedian":46080,"workHomeCommuteMedian":-1},"geometry":{"type":"Polygon","coordinates":[[[26.72912387090208,58.58254030366154],[26.72912387090208,58.591533507298784],[26.738117074539325,58.591533507298784],[26.738117074539325,58.58254030366154],[26.72912387090208,58.58254030366154]]]}},{"type":"Feature","properties":{"jobs":10,"pop":12,"pointCount":2,"homeWorkCommuteMedian":28197,"workHomeCommuteMedian":2768},"geometry":{"type":"Polygon","coordinates":[[[26.72912387090208,58.60052671093603],[26.72912387090208,58.609519914573276],[26.738117074539325,58.609519914573276],[26.738117074539325,58.60052671093603],[26.72912387090208,58.60052671093603]]]}},{"type":"Feature","properties":{"jobs":0,"pop":53,"pointCount":4,"homeWorkCommuteMedian":70274,"workHomeCommuteMedian":-1},"geometry":{"type":"Polygon","coordinates":[[[26.72912387090208,58.609519914573276],[26.72912387090208,58.61851311821052],[26.738117074539325,58.61851311821052],[26.738117074539325,58.609519914573276],[26.72912387090208,58.609519914573276]]]}},{"type":"Feature","properties":{"jobs":5,"pop":18,"pointCount":3,"homeWorkCommuteMedian":49780,"workHomeCommuteMedian":33877},"geometry":{"type":"Polygon","coordinates":[[[26.72912387090208,58.62750632184777],[26.72912387090208,58.636499525485014],[26.738117074539325,58.636499525485014],[26.738117074539325,58.62750632184777],[26.72912387090208,58.62750632184777]]]}},{"type":"Feature","properties":{"jobs":0,"pop":6,"pointCount":1,"homeWorkCommuteMedian":4325,"workHomeCommuteMedian":-1},"geometry":{"type":"Polygon","coordinates":[[[26.738117074539325,57.97999565996606],[26.738117074539325,57.9889888636033],[26.74711027817657,57.9889888636033],[26.74711027817657,57.97999565996606],[26.738117074539325,57.97999565996606]]]}},{"type":"Feature","properties":{"jobs":9,"pop":0,"pointCount":1,"homeWorkCommuteMedian":-1,"workHomeCommuteMedian":42343},"geometry":{"type":"Polygon","coordinates":[[[26.738117074539325,57.9889888636033],[26.738117074539325,57.99798206724055],[26.74711027817657,57.99798206724055],[26.74711027817657,57.9889888636033],[26.738117074539325,57.9889888636033]]]}},{"type":"Feature","properties":{"jobs":0,"pop":8,"pointCount":1,"homeWorkCommuteMedian":7151,"workHomeCommuteMedian":-1},"geometry":{"type":"Polygon","coordinates":[[[26.738117074539325,58.051941289064025],[26.738117074539325,58.06093449270127],[26.74711027817657,58.06093449270127],[26.74711027817657,58.051941289064025],[26.738117074539325,58.051941289064025]]]}},{"type":"Feature","properties":{"jobs":11,"pop":49,"pointCount":5,"homeWorkCommuteMedian":35956,"workHomeCommuteMedian":86626},"geometry":{"type":"Polygon","coordinates":[[[26.738117074539325,58.06093449270127],[26.738117074539325,58.06992769633852],[26.74711027817657,58.06992769633852],[26.74711027817657,58.06093449270127],[26.738117074539325,58.06093449270127]]]}},{"type":"Feature","properties":{"jobs":32,"pop":11,"pointCount":2,"homeWorkCommuteMedian":38178,"workHomeCommuteMedian":37436},"geometry":{"type":"Polygon","coordinates":[[[26.738117074539325,58.06992769633852],[26.738117074539325,58.07892089997576],[26.74711027817657,58.07892089997576],[26.74711027817657,58.06992769633852],[26.738117074539325,58.06992769633852]]]}},{"type":"Feature","properties":{"jobs":21,"pop":7,"pointCount":2,"homeWorkCommuteMedian":21882,"workHomeCommuteMedian":33519},"geometry":{"type":"Polygon","coordinates":[[[26.738117074539325,58.2228121581717],[26.738117074539325,58.231805361808945],[26.74711027817657,58.231805361808945],[26.74711027817657,58.2228121581717],[26.738117074539325,58.2228121581717]]]}},{"type":"Feature","properties":{"jobs":0,"pop":10,"pointCount":1,"homeWorkCommuteMedian":13459,"workHomeCommuteMedian":-1},"geometry":{"type":"Polygon","coordinates":[[[26.738117074539325,58.24079856544619],[26.738117074539325,58.24979176908344],[26.74711027817657,58.24979176908344],[26.74711027817657,58.24079856544619],[26.738117074539325,58.24079856544619]]]}},{"type":"Feature","properties":{"jobs":0,"pop":10,"pointCount":1,"homeWorkCommuteMedian":15164,"workHomeCommuteMedian":-1},"geometry":{"type":"Polygon","coordinates":[[[26.738117074539325,58.24979176908344],[26.738117074539325,58.25878497272068],[26.74711027817657,58.25878497272068],[26.74711027817657,58.24979176908344],[26.738117074539325,58.24979176908344]]]}},{"type":"Feature","properties":{"jobs":9,"pop":0,"pointCount":1,"homeWorkCommuteMedian":-1,"workHomeCommuteMedian":10764},"geometry":{"type":"Polygon","coordinates":[[[26.738117074539325,58.321737398181405],[26.738117074539325,58.33073060181865],[26.74711027817657,58.33073060181865],[26.74711027817657,58.321737398181405],[26.738117074539325,58.321737398181405]]]}},{"type":"Feature","properties":{"jobs":1301,"pop":0,"pointCount":8,"homeWorkCommuteMedian":-1,"workHomeCommuteMedian":6561},"geometry":{"type":"Polygon","coordinates":[[[26.738117074539325,58.3397238054559],[26.738117074539325,58.34871700909314],[26.74711027817657,58.34871700909314],[26.74711027817657,58.3397238054559],[26.738117074539325,58.3397238054559]]]}},{"type":"Feature","properties":{"jobs":896,"pop":0,"pointCount":4,"homeWorkCommuteMedian":-1,"workHomeCommuteMedian":5154},"geometry":{"type":"Polygon","coordinates":[[[26.738117074539325,58.34871700909314],[26.738117074539325,58.35771021273039],[26.74711027817657,58.35771021273039],[26.74711027817657,58.34871700909314],[26.738117074539325,58.34871700909314]]]}},{"type":"Feature","properties":{"jobs":1874,"pop":309,"pointCount":15,"homeWorkCommuteMedian":7602,"workHomeCommuteMedian":4629},"geometry":{"type":"Polygon","coordinates":[[[26.738117074539325,58.35771021273039],[26.738117074539325,58.366703416367635],[26.74711027817657,58.366703416367635],[26.74711027817657,58.35771021273039],[26.738117074539325,58.35771021273039]]]}},{"type":"Feature","properties":{"jobs":543,"pop":268,"pointCount":6,"homeWorkCommuteMedian":3641,"workHomeCommuteMedian":3435},"geometry":{"type":"Polygon","coordinates":[[[26.738117074539325,58.366703416367635],[26.738117074539325,58.37569662000488],[26.74711027817657,58.37569662000488],[26.74711027817657,58.366703416367635],[26.738117074539325,58.366703416367635]]]}},{"type":"Feature","properties":{"jobs":696,"pop":2244,"pointCount":14,"homeWorkCommuteMedian":3611,"workHomeCommuteMedian":3193},"geometry":{"type":"Polygon","coordinates":[[[26.738117074539325,58.37569662000488],[26.738117074539325,58.38468982364213],[26.74711027817657,58.38468982364213],[26.74711027817657,58.37569662000488],[26.738117074539325,58.37569662000488]]]}},{"type":"Feature","properties":{"jobs":329,"pop":350,"pointCount":7,"homeWorkCommuteMedian":4560,"workHomeCommuteMedian":4165},"geometry":{"type":"Polygon","coordinates":[[[26.738117074539325,58.38468982364213],[26.738117074539325,58.39368302727937],[26.74711027817657,58.39368302727937],[26.74711027817657,58.38468982364213],[26.738117074539325,58.38468982364213]]]}},{"type":"Feature","properties":{"jobs":695,"pop":0,"pointCount":3,"homeWorkCommuteMedian":-1,"workHomeCommuteMedian":4345},"geometry":{"type":"Polygon","coordinates":[[[26.738117074539325,58.39368302727937],[26.738117074539325,58.40267623091662],[26.74711027817657,58.40267623091662],[26.74711027817657,58.39368302727937],[26.738117074539325,58.39368302727937]]]}},{"type":"Feature","properties":{"jobs":74,"pop":470,"pointCount":11,"homeWorkCommuteMedian":20956,"workHomeCommuteMedian":6827},"geometry":{"type":"Polygon","coordinates":[[[26.738117074539325,58.40267623091662],[26.738117074539325,58.411669434553865],[26.74711027817657,58.411669434553865],[26.74711027817657,58.40267623091662],[26.738117074539325,58.40267623091662]]]}},{"type":"Feature","properties":{"jobs":0,"pop":22,"pointCount":3,"homeWorkCommuteMedian":11679,"workHomeCommuteMedian":-1},"geometry":{"type":"Polygon","coordinates":[[[26.738117074539325,58.411669434553865],[26.738117074539325,58.42066263819111],[26.74711027817657,58.42066263819111],[26.74711027817657,58.411669434553865],[26.738117074539325,58.411669434553865]]]}},{"type":"Feature","properties":{"jobs":0,"pop":10,"pointCount":2,"homeWorkCommuteMedian":11624,"workHomeCommuteMedian":-1},"geometry":{"type":"Polygon","coordinates":[[[26.738117074539325,58.4386490454656],[26.738117074539325,58.44764224910285],[26.74711027817657,58.44764224910285],[26.74711027817657,58.4386490454656],[26.738117074539325,58.4386490454656]]]}},{"type":"Feature","properties":{"jobs":0,"pop":22,"pointCount":1,"homeWorkCommuteMedian":13809,"workHomeCommuteMedian":-1},"geometry":{"type":"Polygon","coordinates":[[[26.738117074539325,58.44764224910285],[26.738117074539325,58.456635452740095],[26.74711027817657,58.456635452740095],[26.74711027817657,58.44764224910285],[26.738117074539325,58.44764224910285]]]}},{"type":"Feature","properties":{"jobs":6,"pop":19,"pointCount":3,"homeWorkCommuteMedian":3637,"workHomeCommuteMedian":5756},"geometry":{"type":"Polygon","coordinates":[[[26.738117074539325,58.46562865637734],[26.738117074539325,58.47462186001459],[26.74711027817657,58.47462186001459],[26.74711027817657,58.46562865637734],[26.738117074539325,58.46562865637734]]]}},{"type":"Feature","properties":{"jobs":6,"pop":8,"pointCount":2,"homeWorkCommuteMedian":14833,"workHomeCommuteMedian":16445},"geometry":{"type":"Polygon","coordinates":[[[26.738117074539325,58.56455389638705],[26.738117074539325,58.57354710002429],[26.74711027817657,58.57354710002429],[26.74711027817657,58.56455389638705],[26.738117074539325,58.56455389638705]]]}},{"type":"Feature","properties":{"jobs":12,"pop":8,"pointCount":2,"homeWorkCommuteMedian":31193,"workHomeCommuteMedian":27464},"geometry":{"type":"Polygon","coordinates":[[[26.738117074539325,58.60052671093603],[26.738117074539325,58.609519914573276],[26.74711027817657,58.609519914573276],[26.74711027817657,58.60052671093603],[26.738117074539325,58.60052671093603]]]}},{"type":"Feature","properties":{"jobs":16,"pop":37,"pointCount":4,"homeWorkCommuteMedian":31553,"workHomeCommuteMedian":33343},"geometry":{"type":"Polygon","coordinates":[[[26.738117074539325,58.609519914573276],[26.738117074539325,58.61851311821052],[26.74711027817657,58.61851311821052],[26.74711027817657,58.609519914573276],[26.738117074539325,58.609519914573276]]]}},{"type":"Feature","properties":{"jobs":37,"pop":0,"pointCount":1,"homeWorkCommuteMedian":-1,"workHomeCommuteMedian":10441},"geometry":{"type":"Polygon","coordinates":[[[26.738117074539325,58.61851311821052],[26.738117074539325,58.62750632184777],[26.74711027817657,58.62750632184777],[26.74711027817657,58.61851311821052],[26.738117074539325,58.61851311821052]]]}},{"type":"Feature","properties":{"jobs":5,"pop":17,"pointCount":2,"homeWorkCommuteMedian":52669,"workHomeCommuteMedian":58889},"geometry":{"type":"Polygon","coordinates":[[[26.74711027817657,57.93502964177983],[26.74711027817657,57.944022845417074],[26.756103481813817,57.944022845417074],[26.756103481813817,57.93502964177983],[26.74711027817657,57.93502964177983]]]}},{"type":"Feature","properties":{"jobs":0,"pop":97,"pointCount":4,"homeWorkCommuteMedian":46692,"workHomeCommuteMedian":-1},"geometry":{"type":"Polygon","coordinates":[[[26.74711027817657,57.97999565996606],[26.74711027817657,57.9889888636033],[26.756103481813817,57.9889888636033],[26.756103481813817,57.97999565996606],[26.74711027817657,57.97999565996606]]]}},{"type":"Feature","properties":{"jobs":0,"pop":12,"pointCount":1,"homeWorkCommuteMedian":47505,"workHomeCommuteMedian":-1},"geometry":{"type":"Polygon","coordinates":[[[26.74711027817657,57.9889888636033],[26.74711027817657,57.99798206724055],[26.756103481813817,57.99798206724055],[26.756103481813817,57.9889888636033],[26.74711027817657,57.9889888636033]]]}},{"type":"Feature","properties":{"jobs":0,"pop":5,"pointCount":1,"homeWorkCommuteMedian":7838,"workHomeCommuteMedian":-1},"geometry":{"type":"Polygon","coordinates":[[[26.74711027817657,57.99798206724055],[26.74711027817657,58.006975270877795],[26.756103481813817,58.006975270877795],[26.756103481813817,57.99798206724055],[26.74711027817657,57.99798206724055]]]}},{"type":"Feature","properties":{"jobs":0,"pop":10,"pointCount":1,"homeWorkCommuteMedian":44109,"workHomeCommuteMedian":-1},"geometry":{"type":"Polygon","coordinates":[[[26.74711027817657,58.006975270877795],[26.74711027817657,58.01596847451504],[26.756103481813817,58.01596847451504],[26.756103481813817,58.006975270877795],[26.74711027817657,58.006975270877795]]]}},{"type":"Feature","properties":{"jobs":0,"pop":7,"pointCount":1,"homeWorkCommuteMedian":14252,"workHomeCommuteMedian":-1},"geometry":{"type":"Polygon","coordinates":[[[26.74711027817657,58.19583254725996],[26.74711027817657,58.20482575089721],[26.756103481813817,58.20482575089721],[26.756103481813817,58.19583254725996],[26.74711027817657,58.19583254725996]]]}},{"type":"Feature","properties":{"jobs":0,"pop":6,"pointCount":1,"homeWorkCommuteMedian":11013,"workHomeCommuteMedian":-1},"geometry":{"type":"Polygon","coordinates":[[[26.74711027817657,58.2228121581717],[26.74711027817657,58.231805361808945],[26.756103481813817,58.231805361808945],[26.756103481813817,58.2228121581717],[26.74711027817657,58.2228121581717]]]}},{"type":"Feature","properties":{"jobs":380,"pop":0,"pointCount":1,"homeWorkCommuteMedian":-1,"workHomeCommuteMedian":6211},"geometry":{"type":"Polygon","coordinates":[[[26.74711027817657,58.3397238054559],[26.74711027817657,58.34871700909314],[26.756103481813817,58.34871700909314],[26.756103481813817,58.3397238054559],[26.74711027817657,58.3397238054559]]]}},{"type":"Feature","properties":{"jobs":0,"pop":71,"pointCount":3,"homeWorkCommuteMedian":4068,"workHomeCommuteMedian":-1},"geometry":{"type":"Polygon","coordinates":[[[26.74711027817657,58.35771021273039],[26.74711027817657,58.366703416367635],[26.756103481813817,58.366703416367635],[26.756103481813817,58.35771021273039],[26.74711027817657,58.35771021273039]]]}},{"type":"Feature","properties":{"jobs":1107,"pop":169,"pointCount":9,"homeWorkCommuteMedian":4545,"workHomeCommuteMedian":4275},"geometry":{"type":"Polygon","coordinates":[[[26.74711027817657,58.366703416367635],[26.74711027817657,58.37569662000488],[26.756103481813817,58.37569662000488],[26.756103481813817,58.366703416367635],[26.74711027817657,58.366703416367635]]]}},{"type":"Feature","properties":{"jobs":363,"pop":3437,"pointCount":18,"homeWorkCommuteMedian":4082,"workHomeCommuteMedian":3769},"geometry":{"type":"Polygon","coordinates":[[[26.74711027817657,58.37569662000488],[26.74711027817657,58.38468982364213],[26.756103481813817,58.38468982364213],[26.756103481813817,58.37569662000488],[26.74711027817657,58.37569662000488]]]}},{"type":"Feature","properties":{"jobs":135,"pop":282,"pointCount":7,"homeWorkCommuteMedian":6133,"workHomeCommuteMedian":4287},"geometry":{"type":"Polygon","coordinates":[[[26.74711027817657,58.38468982364213],[26.74711027817657,58.39368302727937],[26.756103481813817,58.39368302727937],[26.756103481813817,58.38468982364213],[26.74711027817657,58.38468982364213]]]}},{"type":"Feature","properties":{"jobs":159,"pop":150,"pointCount":9,"homeWorkCommuteMedian":5176,"workHomeCommuteMedian":4218},"geometry":{"type":"Polygon","coordinates":[[[26.74711027817657,58.39368302727937],[26.74711027817657,58.40267623091662],[26.756103481813817,58.40267623091662],[26.756103481813817,58.39368302727937],[26.74711027817657,58.39368302727937]]]}},{"type":"Feature","properties":{"jobs":61,"pop":146,"pointCount":7,"homeWorkCommuteMedian":4585,"workHomeCommuteMedian":7296},"geometry":{"type":"Polygon","coordinates":[[[26.74711027817657,58.40267623091662],[26.74711027817657,58.411669434553865],[26.756103481813817,58.411669434553865],[26.756103481813817,58.40267623091662],[26.74711027817657,58.40267623091662]]]}},{"type":"Feature","properties":{"jobs":0,"pop":40,"pointCount":3,"homeWorkCommuteMedian":5612,"workHomeCommuteMedian":-1},"geometry":{"type":"Polygon","coordinates":[[[26.74711027817657,58.411669434553865],[26.74711027817657,58.42066263819111],[26.756103481813817,58.42066263819111],[26.756103481813817,58.411669434553865],[26.74711027817657,58.411669434553865]]]}},{"type":"Feature","properties":{"jobs":0,"pop":99,"pointCount":4,"homeWorkCommuteMedian":8807,"workHomeCommuteMedian":-1},"geometry":{"type":"Polygon","coordinates":[[[26.74711027817657,58.42066263819111],[26.74711027817657,58.42965584182836],[26.756103481813817,58.42965584182836],[26.756103481813817,58.42066263819111],[26.74711027817657,58.42066263819111]]]}},{"type":"Feature","properties":{"jobs":34,"pop":0,"pointCount":1,"homeWorkCommuteMedian":-1,"workHomeCommuteMedian":13113},"geometry":{"type":"Polygon","coordinates":[[[26.74711027817657,58.42965584182836],[26.74711027817657,58.4386490454656],[26.756103481813817,58.4386490454656],[26.756103481813817,58.42965584182836],[26.74711027817657,58.42965584182836]]]}},{"type":"Feature","properties":{"jobs":0,"pop":10,"pointCount":1,"homeWorkCommuteMedian":22298,"workHomeCommuteMedian":-1},"geometry":{"type":"Polygon","coordinates":[[[26.74711027817657,58.501601470926325],[26.74711027817657,58.51059467456357],[26.756103481813817,58.51059467456357],[26.756103481813817,58.501601470926325],[26.74711027817657,58.501601470926325]]]}},{"type":"Feature","properties":{"jobs":1,"pop":13,"pointCount":2,"homeWorkCommuteMedian":22118,"workHomeCommuteMedian":20889},"geometry":{"type":"Polygon","coordinates":[[[26.74711027817657,58.52858108183806],[26.74711027817657,58.53757428547531],[26.756103481813817,58.53757428547531],[26.756103481813817,58.52858108183806],[26.74711027817657,58.52858108183806]]]}},{"type":"Feature","properties":{"jobs":0,"pop":8,"pointCount":1,"homeWorkCommuteMedian":12409,"workHomeCommuteMedian":-1},"geometry":{"type":"Polygon","coordinates":[[[26.74711027817657,58.546567489112554],[26.74711027817657,58.5555606927498],[26.756103481813817,58.5555606927498],[26.756103481813817,58.546567489112554],[26.74711027817657,58.546567489112554]]]}},{"type":"Feature","properties":{"jobs":26,"pop":0,"pointCount":2,"homeWorkCommuteMedian":-1,"workHomeCommuteMedian":14910},"geometry":{"type":"Polygon","coordinates":[[[26.74711027817657,58.60052671093603],[26.74711027817657,58.609519914573276],[26.756103481813817,58.609519914573276],[26.756103481813817,58.60052671093603],[26.74711027817657,58.60052671093603]]]}},{"type":"Feature","properties":{"jobs":5,"pop":0,"pointCount":1,"homeWorkCommuteMedian":-1,"workHomeCommuteMedian":25006},"geometry":{"type":"Polygon","coordinates":[[[26.756103481813817,57.97100245632881],[26.756103481813817,57.97999565996606],[26.765096685451063,57.97999565996606],[26.765096685451063,57.97100245632881],[26.756103481813817,57.97100245632881]]]}},{"type":"Feature","properties":{"jobs":126,"pop":100,"pointCount":13,"homeWorkCommuteMedian":47440,"workHomeCommuteMedian":44475},"geometry":{"type":"Polygon","coordinates":[[[26.756103481813817,57.97999565996606],[26.756103481813817,57.9889888636033],[26.765096685451063,57.9889888636033],[26.765096685451063,57.97999565996606],[26.756103481813817,57.97999565996606]]]}},{"type":"Feature","properties":{"jobs":24,"pop":18,"pointCount":2,"homeWorkCommuteMedian":47861,"workHomeCommuteMedian":47804},"geometry":{"type":"Polygon","coordinates":[[[26.756103481813817,57.9889888636033],[26.756103481813817,57.99798206724055],[26.765096685451063,57.99798206724055],[26.765096685451063,57.9889888636033],[26.756103481813817,57.9889888636033]]]}},{"type":"Feature","properties":{"jobs":8,"pop":0,"pointCount":1,"homeWorkCommuteMedian":-1,"workHomeCommuteMedian":33340},"geometry":{"type":"Polygon","coordinates":[[[26.756103481813817,58.08791410361301],[26.756103481813817,58.096907307250255],[26.765096685451063,58.096907307250255],[26.765096685451063,58.08791410361301],[26.756103481813817,58.08791410361301]]]}},{"type":"Feature","properties":{"jobs":0,"pop":7,"pointCount":1,"homeWorkCommuteMedian":25524,"workHomeCommuteMedian":-1},"geometry":{"type":"Polygon","coordinates":[[[26.756103481813817,58.1059005108875],[26.756103481813817,58.11489371452475],[26.765096685451063,58.11489371452475],[26.765096685451063,58.1059005108875],[26.756103481813817,58.1059005108875]]]}},{"type":"Feature","properties":{"jobs":0,"pop":8,"pointCount":1,"homeWorkCommuteMedian":42290,"workHomeCommuteMedian":-1},"geometry":{"type":"Polygon","coordinates":[[[26.756103481813817,58.15985973271098],[26.756103481813817,58.16885293634822],[26.765096685451063,58.16885293634822],[26.765096685451063,58.15985973271098],[26.756103481813817,58.15985973271098]]]}},{"type":"Feature","properties":{"jobs":20,"pop":22,"pointCount":1,"homeWorkCommuteMedian":54113,"workHomeCommuteMedian":16741},"geometry":{"type":"Polygon","coordinates":[[[26.756103481813817,58.20482575089721],[26.756103481813817,58.21381895453445],[26.765096685451063,58.21381895453445],[26.765096685451063,58.20482575089721],[26.756103481813817,58.20482575089721]]]}},{"type":"Feature","properties":{"jobs":0,"pop":7,"pointCount":1,"homeWorkCommuteMedian":15804,"workHomeCommuteMedian":-1},"geometry":{"type":"Polygon","coordinates":[[[26.756103481813817,58.21381895453445],[26.756103481813817,58.2228121581717],[26.765096685451063,58.2228121581717],[26.765096685451063,58.21381895453445],[26.756103481813817,58.21381895453445]]]}},{"type":"Feature","properties":{"jobs":6,"pop":5,"pointCount":2,"homeWorkCommuteMedian":25456,"workHomeCommuteMedian":29666},"geometry":{"type":"Polygon","coordinates":[[[26.756103481813817,58.28576458363242],[26.756103481813817,58.29475778726967],[26.765096685451063,58.29475778726967],[26.765096685451063,58.28576458363242],[26.756103481813817,58.28576458363242]]]}},{"type":"Feature","properties":{"jobs":0,"pop":12,"pointCount":1,"homeWorkCommuteMedian":9334,"workHomeCommuteMedian":-1},"geometry":{"type":"Polygon","coordinates":[[[26.756103481813817,58.3397238054559],[26.756103481813817,58.34871700909314],[26.765096685451063,58.34871700909314],[26.765096685451063,58.3397238054559],[26.756103481813817,58.3397238054559]]]}},{"type":"Feature","properties":{"jobs":0,"pop":86,"pointCount":3,"homeWorkCommuteMedian":3855,"workHomeCommuteMedian":-1},"geometry":{"type":"Polygon","coordinates":[[[26.756103481813817,58.35771021273039],[26.756103481813817,58.366703416367635],[26.765096685451063,58.366703416367635],[26.765096685451063,58.35771021273039],[26.756103481813817,58.35771021273039]]]}},{"type":"Feature","properties":{"jobs":381,"pop":1478,"pointCount":10,"homeWorkCommuteMedian":4802,"workHomeCommuteMedian":5012},"geometry":{"type":"Polygon","coordinates":[[[26.756103481813817,58.366703416367635],[26.756103481813817,58.37569662000488],[26.765096685451063,58.37569662000488],[26.765096685451063,58.366703416367635],[26.756103481813817,58.366703416367635]]]}},{"type":"Feature","properties":{"jobs":592,"pop":5369,"pointCount":14,"homeWorkCommuteMedian":4283,"workHomeCommuteMedian":3874},"geometry":{"type":"Polygon","coordinates":[[[26.756103481813817,58.37569662000488],[26.756103481813817,58.38468982364213],[26.765096685451063,58.38468982364213],[26.765096685451063,58.37569662000488],[26.756103481813817,58.37569662000488]]]}},{"type":"Feature","properties":{"jobs":0,"pop":10,"pointCount":1,"homeWorkCommuteMedian":6833,"workHomeCommuteMedian":-1},"geometry":{"type":"Polygon","coordinates":[[[26.756103481813817,58.40267623091662],[26.756103481813817,58.411669434553865],[26.765096685451063,58.411669434553865],[26.765096685451063,58.40267623091662],[26.756103481813817,58.40267623091662]]]}},{"type":"Feature","properties":{"jobs":61,"pop":116,"pointCount":9,"homeWorkCommuteMedian":6228,"workHomeCommuteMedian":8136},"geometry":{"type":"Polygon","coordinates":[[[26.756103481813817,58.411669434553865],[26.756103481813817,58.42066263819111],[26.765096685451063,58.42066263819111],[26.765096685451063,58.411669434553865],[26.756103481813817,58.411669434553865]]]}},{"type":"Feature","properties":{"jobs":143,"pop":124,"pointCount":7,"homeWorkCommuteMedian":14158,"workHomeCommuteMedian":5555},"geometry":{"type":"Polygon","coordinates":[[[26.756103481813817,58.42066263819111],[26.756103481813817,58.42965584182836],[26.765096685451063,58.42965584182836],[26.765096685451063,58.42066263819111],[26.756103481813817,58.42066263819111]]]}},{"type":"Feature","properties":{"jobs":27,"pop":12,"pointCount":2,"homeWorkCommuteMedian":6979,"workHomeCommuteMedian":13004},"geometry":{"type":"Polygon","coordinates":[[[26.756103481813817,58.42965584182836],[26.756103481813817,58.4386490454656],[26.765096685451063,58.4386490454656],[26.765096685451063,58.42965584182836],[26.756103481813817,58.42965584182836]]]}},{"type":"Feature","properties":{"jobs":108,"pop":41,"pointCount":3,"homeWorkCommuteMedian":26816,"workHomeCommuteMedian":16842},"geometry":{"type":"Polygon","coordinates":[[[26.756103481813817,58.49260826728908],[26.756103481813817,58.501601470926325],[26.765096685451063,58.501601470926325],[26.765096685451063,58.49260826728908],[26.756103481813817,58.49260826728908]]]}},{"type":"Feature","properties":{"jobs":0,"pop":7,"pointCount":1,"homeWorkCommuteMedian":9261,"workHomeCommuteMedian":-1},"geometry":{"type":"Polygon","coordinates":[[[26.756103481813817,58.53757428547531],[26.756103481813817,58.546567489112554],[26.765096685451063,58.546567489112554],[26.765096685451063,58.53757428547531],[26.756103481813817,58.53757428547531]]]}},{"type":"Feature","properties":{"jobs":4,"pop":13,"pointCount":3,"homeWorkCommuteMedian":17182,"workHomeCommuteMedian":1187},"geometry":{"type":"Polygon","coordinates":[[[26.756103481813817,58.57354710002429],[26.756103481813817,58.58254030366154],[26.765096685451063,58.58254030366154],[26.765096685451063,58.57354710002429],[26.756103481813817,58.57354710002429]]]}},{"type":"Feature","properties":{"jobs":33,"pop":13,"pointCount":2,"homeWorkCommuteMedian":49068,"workHomeCommuteMedian":13690},"geometry":{"type":"Polygon","coordinates":[[[26.765096685451063,57.97999565996606],[26.765096685451063,57.9889888636033],[26.77408988908831,57.9889888636033],[26.77408988908831,57.97999565996606],[26.765096685451063,57.97999565996606]]]}},{"type":"Feature","properties":{"jobs":0,"pop":28,"pointCount":1,"homeWorkCommuteMedian":30001,"workHomeCommuteMedian":-1},"geometry":{"type":"Polygon","coordinates":[[[26.765096685451063,57.9889888636033],[26.765096685451063,57.99798206724055],[26.77408988908831,57.99798206724055],[26.77408988908831,57.9889888636033],[26.765096685451063,57.9889888636033]]]}},{"type":"Feature","properties":{"jobs":0,"pop":8,"pointCount":1,"homeWorkCommuteMedian":9573,"workHomeCommuteMedian":-1},"geometry":{"type":"Polygon","coordinates":[[[26.765096685451063,58.07892089997576],[26.765096685451063,58.08791410361301],[26.77408988908831,58.08791410361301],[26.77408988908831,58.07892089997576],[26.765096685451063,58.07892089997576]]]}},{"type":"Feature","properties":{"jobs":0,"pop":5,"pointCount":1,"homeWorkCommuteMedian":3153,"workHomeCommuteMedian":-1},"geometry":{"type":"Polygon","coordinates":[[[26.765096685451063,58.096907307250255],[26.765096685451063,58.1059005108875],[26.77408988908831,58.1059005108875],[26.77408988908831,58.096907307250255],[26.765096685451063,58.096907307250255]]]}},{"type":"Feature","properties":{"jobs":0,"pop":6,"pointCount":1,"homeWorkCommuteMedian":28876,"workHomeCommuteMedian":-1},"geometry":{"type":"Polygon","coordinates":[[[26.765096685451063,58.141873325436485],[26.765096685451063,58.15086652907373],[26.77408988908831,58.15086652907373],[26.77408988908831,58.141873325436485],[26.765096685451063,58.141873325436485]]]}},{"type":"Feature","properties":{"jobs":11,"pop":23,"pointCount":2,"homeWorkCommuteMedian":37823,"workHomeCommuteMedian":33753},"geometry":{"type":"Polygon","coordinates":[[[26.765096685451063,58.15985973271098],[26.765096685451063,58.16885293634822],[26.77408988908831,58.16885293634822],[26.77408988908831,58.15985973271098],[26.765096685451063,58.15985973271098]]]}},{"type":"Feature","properties":{"jobs":0,"pop":5,"pointCount":1,"homeWorkCommuteMedian":19783,"workHomeCommuteMedian":-1},"geometry":{"type":"Polygon","coordinates":[[[26.765096685451063,58.21381895453445],[26.765096685451063,58.2228121581717],[26.77408988908831,58.2228121581717],[26.77408988908831,58.21381895453445],[26.765096685451063,58.21381895453445]]]}},{"type":"Feature","properties":{"jobs":0,"pop":9,"pointCount":1,"homeWorkCommuteMedian":8165,"workHomeCommuteMedian":-1},"geometry":{"type":"Polygon","coordinates":[[[26.765096685451063,58.24079856544619],[26.765096685451063,58.24979176908344],[26.77408988908831,58.24979176908344],[26.77408988908831,58.24079856544619],[26.765096685451063,58.24079856544619]]]}},{"type":"Feature","properties":{"jobs":16,"pop":16,"pointCount":3,"homeWorkCommuteMedian":15498,"workHomeCommuteMedian":11858},"geometry":{"type":"Polygon","coordinates":[[[26.765096685451063,58.26777817635793],[26.765096685451063,58.276771379995175],[26.77408988908831,58.276771379995175],[26.77408988908831,58.26777817635793],[26.765096685451063,58.26777817635793]]]}},{"type":"Feature","properties":{"jobs":68,"pop":7,"pointCount":2,"homeWorkCommuteMedian":23548,"workHomeCommuteMedian":15595},"geometry":{"type":"Polygon","coordinates":[[[26.765096685451063,58.28576458363242],[26.765096685451063,58.29475778726967],[26.77408988908831,58.29475778726967],[26.77408988908831,58.28576458363242],[26.765096685451063,58.28576458363242]]]}},{"type":"Feature","properties":{"jobs":46,"pop":6,"pointCount":2,"homeWorkCommuteMedian":25310,"workHomeCommuteMedian":28358},"geometry":{"type":"Polygon","coordinates":[[[26.765096685451063,58.29475778726967],[26.765096685451063,58.30375099090691],[26.77408988908831,58.30375099090691],[26.77408988908831,58.29475778726967],[26.765096685451063,58.29475778726967]]]}},{"type":"Feature","properties":{"jobs":9,"pop":18,"pointCount":2,"homeWorkCommuteMedian":9431,"workHomeCommuteMedian":31595},"geometry":{"type":"Polygon","coordinates":[[[26.765096685451063,58.30375099090691],[26.765096685451063,58.31274419454416],[26.77408988908831,58.31274419454416],[26.77408988908831,58.30375099090691],[26.765096685451063,58.30375099090691]]]}},{"type":"Feature","properties":{"jobs":0,"pop":20,"pointCount":1,"homeWorkCommuteMedian":14741,"workHomeCommuteMedian":-1},"geometry":{"type":"Polygon","coordinates":[[[26.765096685451063,58.31274419454416],[26.765096685451063,58.321737398181405],[26.77408988908831,58.321737398181405],[26.77408988908831,58.31274419454416],[26.765096685451063,58.31274419454416]]]}},{"type":"Feature","properties":{"jobs":0,"pop":30,"pointCount":2,"homeWorkCommuteMedian":10168,"workHomeCommuteMedian":-1},"geometry":{"type":"Polygon","coordinates":[[[26.765096685451063,58.321737398181405],[26.765096685451063,58.33073060181865],[26.77408988908831,58.33073060181865],[26.77408988908831,58.321737398181405],[26.765096685451063,58.321737398181405]]]}},{"type":"Feature","properties":{"jobs":23,"pop":59,"pointCount":5,"homeWorkCommuteMedian":12876,"workHomeCommuteMedian":43176},"geometry":{"type":"Polygon","coordinates":[[[26.765096685451063,58.3397238054559],[26.765096685451063,58.34871700909314],[26.77408988908831,58.34871700909314],[26.77408988908831,58.3397238054559],[26.765096685451063,58.3397238054559]]]}},{"type":"Feature","properties":{"jobs":0,"pop":130,"pointCount":9,"homeWorkCommuteMedian":49362,"workHomeCommuteMedian":-1},"geometry":{"type":"Polygon","coordinates":[[[26.765096685451063,58.34871700909314],[26.765096685451063,58.35771021273039],[26.77408988908831,58.35771021273039],[26.77408988908831,58.34871700909314],[26.765096685451063,58.34871700909314]]]}},{"type":"Feature","properties":{"jobs":0,"pop":313,"pointCount":4,"homeWorkCommuteMedian":4952,"workHomeCommuteMedian":-1},"geometry":{"type":"Polygon","coordinates":[[[26.765096685451063,58.35771021273039],[26.765096685451063,58.366703416367635],[26.77408988908831,58.366703416367635],[26.77408988908831,58.35771021273039],[26.765096685451063,58.35771021273039]]]}},{"type":"Feature","properties":{"jobs":757,"pop":3959,"pointCount":16,"homeWorkCommuteMedian":5490,"workHomeCommuteMedian":4660},"geometry":{"type":"Polygon","coordinates":[[[26.765096685451063,58.366703416367635],[26.765096685451063,58.37569662000488],[26.77408988908831,58.37569662000488],[26.77408988908831,58.366703416367635],[26.765096685451063,58.366703416367635]]]}},{"type":"Feature","properties":{"jobs":384,"pop":879,"pointCount":11,"homeWorkCommuteMedian":4260,"workHomeCommuteMedian":3876},"geometry":{"type":"Polygon","coordinates":[[[26.765096685451063,58.37569662000488],[26.765096685451063,58.38468982364213],[26.77408988908831,58.38468982364213],[26.77408988908831,58.37569662000488],[26.765096685451063,58.37569662000488]]]}},{"type":"Feature","properties":{"jobs":11,"pop":0,"pointCount":1,"homeWorkCommuteMedian":-1,"workHomeCommuteMedian":5184},"geometry":{"type":"Polygon","coordinates":[[[26.765096685451063,58.39368302727937],[26.765096685451063,58.40267623091662],[26.77408988908831,58.40267623091662],[26.77408988908831,58.39368302727937],[26.765096685451063,58.39368302727937]]]}},{"type":"Feature","properties":{"jobs":35,"pop":40,"pointCount":4,"homeWorkCommuteMedian":6067,"workHomeCommuteMedian":7849},"geometry":{"type":"Polygon","coordinates":[[[26.765096685451063,58.411669434553865],[26.765096685451063,58.42066263819111],[26.77408988908831,58.42066263819111],[26.77408988908831,58.411669434553865],[26.765096685451063,58.411669434553865]]]}},{"type":"Feature","properties":{"jobs":33,"pop":210,"pointCount":11,"homeWorkCommuteMedian":9664,"workHomeCommuteMedian":4593},"geometry":{"type":"Polygon","coordinates":[[[26.765096685451063,58.42066263819111],[26.765096685451063,58.42965584182836],[26.77408988908831,58.42965584182836],[26.77408988908831,58.42066263819111],[26.765096685451063,58.42066263819111]]]}},{"type":"Feature","properties":{"jobs":0,"pop":5,"pointCount":1,"homeWorkCommuteMedian":12718,"workHomeCommuteMedian":-1},"geometry":{"type":"Polygon","coordinates":[[[26.765096685451063,58.42965584182836],[26.765096685451063,58.4386490454656],[26.77408988908831,58.4386490454656],[26.77408988908831,58.42965584182836],[26.765096685451063,58.42965584182836]]]}},{"type":"Feature","properties":{"jobs":0,"pop":6,"pointCount":1,"homeWorkCommuteMedian":20161,"workHomeCommuteMedian":-1},"geometry":{"type":"Polygon","coordinates":[[[26.765096685451063,58.4386490454656],[26.765096685451063,58.44764224910285],[26.77408988908831,58.44764224910285],[26.77408988908831,58.4386490454656],[26.765096685451063,58.4386490454656]]]}},{"type":"Feature","properties":{"jobs":6,"pop":0,"pointCount":1,"homeWorkCommuteMedian":-1,"workHomeCommuteMedian":5989},"geometry":{"type":"Polygon","coordinates":[[[26.765096685451063,58.456635452740095],[26.765096685451063,58.46562865637734],[26.77408988908831,58.46562865637734],[26.77408988908831,58.456635452740095],[26.765096685451063,58.456635452740095]]]}},{"type":"Feature","properties":{"jobs":25,"pop":60,"pointCount":5,"homeWorkCommuteMedian":16580,"workHomeCommuteMedian":14175},"geometry":{"type":"Polygon","coordinates":[[[26.765096685451063,58.49260826728908],[26.765096685451063,58.501601470926325],[26.77408988908831,58.501601470926325],[26.77408988908831,58.49260826728908],[26.765096685451063,58.49260826728908]]]}},{"type":"Feature","properties":{"jobs":0,"pop":11,"pointCount":1,"homeWorkCommuteMedian":17239,"workHomeCommuteMedian":-1},"geometry":{"type":"Polygon","coordinates":[[[26.765096685451063,58.501601470926325],[26.765096685451063,58.51059467456357],[26.77408988908831,58.51059467456357],[26.77408988908831,58.501601470926325],[26.765096685451063,58.501601470926325]]]}},{"type":"Feature","properties":{"jobs":0,"pop":37,"pointCount":2,"homeWorkCommuteMedian":20299,"workHomeCommuteMedian":-1},"geometry":{"type":"Polygon","coordinates":[[[26.765096685451063,58.51958787820082],[26.765096685451063,58.52858108183806],[26.77408988908831,58.52858108183806],[26.77408988908831,58.51958787820082],[26.765096685451063,58.51958787820082]]]}},{"type":"Feature","properties":{"jobs":15,"pop":26,"pointCount":2,"homeWorkCommuteMedian":19250,"workHomeCommuteMedian":28049},"geometry":{"type":"Polygon","coordinates":[[[26.765096685451063,58.52858108183806],[26.765096685451063,58.53757428547531],[26.77408988908831,58.53757428547531],[26.77408988908831,58.52858108183806],[26.765096685451063,58.52858108183806]]]}},{"type":"Feature","properties":{"jobs":3,"pop":8,"pointCount":1,"homeWorkCommuteMedian":15079,"workHomeCommuteMedian":32377},"geometry":{"type":"Polygon","coordinates":[[[26.765096685451063,58.546567489112554],[26.765096685451063,58.5555606927498],[26.77408988908831,58.5555606927498],[26.77408988908831,58.546567489112554],[26.765096685451063,58.546567489112554]]]}},{"type":"Feature","properties":{"jobs":2,"pop":0,"pointCount":1,"homeWorkCommuteMedian":-1,"workHomeCommuteMedian":5071},"geometry":{"type":"Polygon","coordinates":[[[26.765096685451063,58.5555606927498],[26.765096685451063,58.56455389638705],[26.77408988908831,58.56455389638705],[26.77408988908831,58.5555606927498],[26.765096685451063,58.5555606927498]]]}},{"type":"Feature","properties":{"jobs":0,"pop":10,"pointCount":1,"homeWorkCommuteMedian":44951,"workHomeCommuteMedian":-1},"geometry":{"type":"Polygon","coordinates":[[[26.765096685451063,58.57354710002429],[26.765096685451063,58.58254030366154],[26.77408988908831,58.58254030366154],[26.77408988908831,58.57354710002429],[26.765096685451063,58.57354710002429]]]}},{"type":"Feature","properties":{"jobs":0,"pop":6,"pointCount":1,"homeWorkCommuteMedian":18537,"workHomeCommuteMedian":-1},"geometry":{"type":"Polygon","coordinates":[[[26.765096685451063,58.61851311821052],[26.765096685451063,58.62750632184777],[26.77408988908831,58.62750632184777],[26.77408988908831,58.61851311821052],[26.765096685451063,58.61851311821052]]]}},{"type":"Feature","properties":{"jobs":0,"pop":5,"pointCount":1,"homeWorkCommuteMedian":31586,"workHomeCommuteMedian":-1},"geometry":{"type":"Polygon","coordinates":[[[26.77408988908831,58.1059005108875],[26.77408988908831,58.11489371452475],[26.783083092725555,58.11489371452475],[26.783083092725555,58.1059005108875],[26.77408988908831,58.1059005108875]]]}},{"type":"Feature","properties":{"jobs":0,"pop":5,"pointCount":1,"homeWorkCommuteMedian":46239,"workHomeCommuteMedian":-1},"geometry":{"type":"Polygon","coordinates":[[[26.77408988908831,58.11489371452475],[26.77408988908831,58.12388691816199],[26.783083092725555,58.12388691816199],[26.783083092725555,58.11489371452475],[26.77408988908831,58.11489371452475]]]}},{"type":"Feature","properties":{"jobs":0,"pop":7,"pointCount":1,"homeWorkCommuteMedian":23434,"workHomeCommuteMedian":-1},"geometry":{"type":"Polygon","coordinates":[[[26.77408988908831,58.15985973271098],[26.77408988908831,58.16885293634822],[26.783083092725555,58.16885293634822],[26.783083092725555,58.15985973271098],[26.77408988908831,58.15985973271098]]]}},{"type":"Feature","properties":{"jobs":0,"pop":6,"pointCount":1,"homeWorkCommuteMedian":16419,"workHomeCommuteMedian":-1},"geometry":{"type":"Polygon","coordinates":[[[26.77408988908831,58.19583254725996],[26.77408988908831,58.20482575089721],[26.783083092725555,58.20482575089721],[26.783083092725555,58.19583254725996],[26.77408988908831,58.19583254725996]]]}},{"type":"Feature","properties":{"jobs":45,"pop":5,"pointCount":2,"homeWorkCommuteMedian":13056,"workHomeCommuteMedian":31313},"geometry":{"type":"Polygon","coordinates":[[[26.77408988908831,58.231805361808945],[26.77408988908831,58.24079856544619],[26.783083092725555,58.24079856544619],[26.783083092725555,58.231805361808945],[26.77408988908831,58.231805361808945]]]}},{"type":"Feature","properties":{"jobs":0,"pop":11,"pointCount":2,"homeWorkCommuteMedian":13285,"workHomeCommuteMedian":-1},"geometry":{"type":"Polygon","coordinates":[[[26.77408988908831,58.24079856544619],[26.77408988908831,58.24979176908344],[26.783083092725555,58.24979176908344],[26.783083092725555,58.24079856544619],[26.77408988908831,58.24079856544619]]]}},{"type":"Feature","properties":{"jobs":49,"pop":59,"pointCount":5,"homeWorkCommuteMedian":19260,"workHomeCommuteMedian":50599},"geometry":{"type":"Polygon","coordinates":[[[26.77408988908831,58.24979176908344],[26.77408988908831,58.25878497272068],[26.783083092725555,58.25878497272068],[26.783083092725555,58.24979176908344],[26.77408988908831,58.24979176908344]]]}},{"type":"Feature","properties":{"jobs":0,"pop":15,"pointCount":1,"homeWorkCommuteMedian":18704,"workHomeCommuteMedian":-1},"geometry":{"type":"Polygon","coordinates":[[[26.77408988908831,58.25878497272068],[26.77408988908831,58.26777817635793],[26.783083092725555,58.26777817635793],[26.783083092725555,58.25878497272068],[26.77408988908831,58.25878497272068]]]}},{"type":"Feature","properties":{"jobs":0,"pop":9,"pointCount":1,"homeWorkCommuteMedian":22559,"workHomeCommuteMedian":-1},"geometry":{"type":"Polygon","coordinates":[[[26.77408988908831,58.26777817635793],[26.77408988908831,58.276771379995175],[26.783083092725555,58.276771379995175],[26.783083092725555,58.26777817635793],[26.77408988908831,58.26777817635793]]]}},{"type":"Feature","properties":{"jobs":0,"pop":11,"pointCount":2,"homeWorkCommuteMedian":9567,"workHomeCommuteMedian":-1},"geometry":{"type":"Polygon","coordinates":[[[26.77408988908831,58.28576458363242],[26.77408988908831,58.29475778726967],[26.783083092725555,58.29475778726967],[26.783083092725555,58.28576458363242],[26.77408988908831,58.28576458363242]]]}},{"type":"Feature","properties":{"jobs":0,"pop":5,"pointCount":1,"homeWorkCommuteMedian":11691,"workHomeCommuteMedian":-1},"geometry":{"type":"Polygon","coordinates":[[[26.77408988908831,58.29475778726967],[26.77408988908831,58.30375099090691],[26.783083092725555,58.30375099090691],[26.783083092725555,58.29475778726967],[26.77408988908831,58.29475778726967]]]}},{"type":"Feature","properties":{"jobs":31,"pop":11,"pointCount":3,"homeWorkCommuteMedian":15718,"workHomeCommuteMedian":11509},"geometry":{"type":"Polygon","coordinates":[[[26.77408988908831,58.31274419454416],[26.77408988908831,58.321737398181405],[26.783083092725555,58.321737398181405],[26.783083092725555,58.31274419454416],[26.77408988908831,58.31274419454416]]]}},{"type":"Feature","properties":{"jobs":3,"pop":15,"pointCount":3,"homeWorkCommuteMedian":11165,"workHomeCommuteMedian":4850},"geometry":{"type":"Polygon","coordinates":[[[26.77408988908831,58.321737398181405],[26.77408988908831,58.33073060181865],[26.783083092725555,58.33073060181865],[26.783083092725555,58.321737398181405],[26.77408988908831,58.321737398181405]]]}},{"type":"Feature","properties":{"jobs":0,"pop":6,"pointCount":1,"homeWorkCommuteMedian":18296,"workHomeCommuteMedian":-1},"geometry":{"type":"Polygon","coordinates":[[[26.77408988908831,58.33073060181865],[26.77408988908831,58.3397238054559],[26.783083092725555,58.3397238054559],[26.783083092725555,58.33073060181865],[26.77408988908831,58.33073060181865]]]}},{"type":"Feature","properties":{"jobs":13,"pop":217,"pointCount":9,"homeWorkCommuteMedian":8886,"workHomeCommuteMedian":52972},"geometry":{"type":"Polygon","coordinates":[[[26.77408988908831,58.3397238054559],[26.77408988908831,58.34871700909314],[26.783083092725555,58.34871700909314],[26.783083092725555,58.3397238054559],[26.77408988908831,58.3397238054559]]]}},{"type":"Feature","properties":{"jobs":0,"pop":322,"pointCount":8,"homeWorkCommuteMedian":7851,"workHomeCommuteMedian":-1},"geometry":{"type":"Polygon","coordinates":[[[26.77408988908831,58.34871700909314],[26.77408988908831,58.35771021273039],[26.783083092725555,58.35771021273039],[26.783083092725555,58.34871700909314],[26.77408988908831,58.34871700909314]]]}},{"type":"Feature","properties":{"jobs":51,"pop":277,"pointCount":7,"homeWorkCommuteMedian":6905,"workHomeCommuteMedian":2332},"geometry":{"type":"Polygon","coordinates":[[[26.77408988908831,58.35771021273039],[26.77408988908831,58.366703416367635],[26.783083092725555,58.366703416367635],[26.783083092725555,58.35771021273039],[26.77408988908831,58.35771021273039]]]}},{"type":"Feature","properties":{"jobs":208,"pop":1373,"pointCount":6,"homeWorkCommuteMedian":5961,"workHomeCommuteMedian":4821},"geometry":{"type":"Polygon","coordinates":[[[26.77408988908831,58.366703416367635],[26.77408988908831,58.37569662000488],[26.783083092725555,58.37569662000488],[26.783083092725555,58.366703416367635],[26.77408988908831,58.366703416367635]]]}},{"type":"Feature","properties":{"jobs":544,"pop":494,"pointCount":11,"homeWorkCommuteMedian":5723,"workHomeCommuteMedian":5206},"geometry":{"type":"Polygon","coordinates":[[[26.77408988908831,58.37569662000488],[26.77408988908831,58.38468982364213],[26.783083092725555,58.38468982364213],[26.783083092725555,58.37569662000488],[26.77408988908831,58.37569662000488]]]}},{"type":"Feature","properties":{"jobs":23,"pop":0,"pointCount":2,"homeWorkCommuteMedian":-1,"workHomeCommuteMedian":7851},"geometry":{"type":"Polygon","coordinates":[[[26.77408988908831,58.39368302727937],[26.77408988908831,58.40267623091662],[26.783083092725555,58.40267623091662],[26.783083092725555,58.39368302727937],[26.77408988908831,58.39368302727937]]]}},{"type":"Feature","properties":{"jobs":107,"pop":13,"pointCount":6,"homeWorkCommuteMedian":34364,"workHomeCommuteMedian":10480},"geometry":{"type":"Polygon","coordinates":[[[26.77408988908831,58.411669434553865],[26.77408988908831,58.42066263819111],[26.783083092725555,58.42066263819111],[26.783083092725555,58.411669434553865],[26.77408988908831,58.411669434553865]]]}},{"type":"Feature","properties":{"jobs":14,"pop":15,"pointCount":3,"homeWorkCommuteMedian":1197,"workHomeCommuteMedian":1537},"geometry":{"type":"Polygon","coordinates":[[[26.77408988908831,58.42066263819111],[26.77408988908831,58.42965584182836],[26.783083092725555,58.42965584182836],[26.783083092725555,58.42066263819111],[26.77408988908831,58.42066263819111]]]}},{"type":"Feature","properties":{"jobs":30,"pop":17,"pointCount":4,"homeWorkCommuteMedian":11174,"workHomeCommuteMedian":12342},"geometry":{"type":"Polygon","coordinates":[[[26.77408988908831,58.42965584182836],[26.77408988908831,58.4386490454656],[26.783083092725555,58.4386490454656],[26.783083092725555,58.42965584182836],[26.77408988908831,58.42965584182836]]]}},{"type":"Feature","properties":{"jobs":16,"pop":12,"pointCount":2,"homeWorkCommuteMedian":14922,"workHomeCommuteMedian":3637},"geometry":{"type":"Polygon","coordinates":[[[26.77408988908831,58.456635452740095],[26.77408988908831,58.46562865637734],[26.783083092725555,58.46562865637734],[26.783083092725555,58.456635452740095],[26.77408988908831,58.456635452740095]]]}},{"type":"Feature","properties":{"jobs":0,"pop":24,"pointCount":2,"homeWorkCommuteMedian":17184,"workHomeCommuteMedian":-1},"geometry":{"type":"Polygon","coordinates":[[[26.77408988908831,58.46562865637734],[26.77408988908831,58.47462186001459],[26.783083092725555,58.47462186001459],[26.783083092725555,58.46562865637734],[26.77408988908831,58.46562865637734]]]}},{"type":"Feature","properties":{"jobs":10,"pop":0,"pointCount":1,"homeWorkCommuteMedian":-1,"workHomeCommuteMedian":10361},"geometry":{"type":"Polygon","coordinates":[[[26.77408988908831,58.47462186001459],[26.77408988908831,58.48361506365183],[26.783083092725555,58.48361506365183],[26.783083092725555,58.47462186001459],[26.77408988908831,58.47462186001459]]]}},{"type":"Feature","properties":{"jobs":0,"pop":6,"pointCount":1,"homeWorkCommuteMedian":22523,"workHomeCommuteMedian":-1},"geometry":{"type":"Polygon","coordinates":[[[26.77408988908831,58.48361506365183],[26.77408988908831,58.49260826728908],[26.783083092725555,58.49260826728908],[26.783083092725555,58.48361506365183],[26.77408988908831,58.48361506365183]]]}},{"type":"Feature","properties":{"jobs":0,"pop":5,"pointCount":1,"homeWorkCommuteMedian":18015,"workHomeCommuteMedian":-1},"geometry":{"type":"Polygon","coordinates":[[[26.77408988908831,58.49260826728908],[26.77408988908831,58.501601470926325],[26.783083092725555,58.501601470926325],[26.783083092725555,58.49260826728908],[26.77408988908831,58.49260826728908]]]}},{"type":"Feature","properties":{"jobs":0,"pop":12,"pointCount":1,"homeWorkCommuteMedian":18345,"workHomeCommuteMedian":-1},"geometry":{"type":"Polygon","coordinates":[[[26.77408988908831,58.501601470926325],[26.77408988908831,58.51059467456357],[26.783083092725555,58.51059467456357],[26.783083092725555,58.501601470926325],[26.77408988908831,58.501601470926325]]]}},{"type":"Feature","properties":{"jobs":0,"pop":5,"pointCount":1,"homeWorkCommuteMedian":8418,"workHomeCommuteMedian":-1},"geometry":{"type":"Polygon","coordinates":[[[26.77408988908831,58.53757428547531],[26.77408988908831,58.546567489112554],[26.783083092725555,58.546567489112554],[26.783083092725555,58.53757428547531],[26.77408988908831,58.53757428547531]]]}},{"type":"Feature","properties":{"jobs":0,"pop":6,"pointCount":1,"homeWorkCommuteMedian":23850,"workHomeCommuteMedian":-1},"geometry":{"type":"Polygon","coordinates":[[[26.77408988908831,58.546567489112554],[26.77408988908831,58.5555606927498],[26.783083092725555,58.5555606927498],[26.783083092725555,58.546567489112554],[26.77408988908831,58.546567489112554]]]}},{"type":"Feature","properties":{"jobs":0,"pop":8,"pointCount":1,"homeWorkCommuteMedian":5071,"workHomeCommuteMedian":-1},"geometry":{"type":"Polygon","coordinates":[[[26.77408988908831,58.57354710002429],[26.77408988908831,58.58254030366154],[26.783083092725555,58.58254030366154],[26.783083092725555,58.57354710002429],[26.77408988908831,58.57354710002429]]]}},{"type":"Feature","properties":{"jobs":0,"pop":6,"pointCount":1,"homeWorkCommuteMedian":86108,"workHomeCommuteMedian":-1},"geometry":{"type":"Polygon","coordinates":[[[26.77408988908831,58.609519914573276],[26.77408988908831,58.61851311821052],[26.783083092725555,58.61851311821052],[26.783083092725555,58.609519914573276],[26.77408988908831,58.609519914573276]]]}},{"type":"Feature","properties":{"jobs":72,"pop":17,"pointCount":3,"homeWorkCommuteMedian":59077,"workHomeCommuteMedian":51773},"geometry":{"type":"Polygon","coordinates":[[[26.783083092725555,57.97100245632881],[26.783083092725555,57.97999565996606],[26.7920762963628,57.97999565996606],[26.7920762963628,57.97100245632881],[26.783083092725555,57.97100245632881]]]}},{"type":"Feature","properties":{"jobs":0,"pop":13,"pointCount":2,"homeWorkCommuteMedian":50047,"workHomeCommuteMedian":-1},"geometry":{"type":"Polygon","coordinates":[[[26.783083092725555,57.97999565996606],[26.783083092725555,57.9889888636033],[26.7920762963628,57.9889888636033],[26.7920762963628,57.97999565996606],[26.783083092725555,57.97999565996606]]]}},{"type":"Feature","properties":{"jobs":0,"pop":5,"pointCount":1,"homeWorkCommuteMedian":68700,"workHomeCommuteMedian":-1},"geometry":{"type":"Polygon","coordinates":[[[26.783083092725555,57.99798206724055],[26.783083092725555,58.006975270877795],[26.7920762963628,58.006975270877795],[26.7920762963628,57.99798206724055],[26.783083092725555,57.99798206724055]]]}},{"type":"Feature","properties":{"jobs":0,"pop":5,"pointCount":1,"homeWorkCommuteMedian":8894,"workHomeCommuteMedian":-1},"geometry":{"type":"Polygon","coordinates":[[[26.783083092725555,58.006975270877795],[26.783083092725555,58.01596847451504],[26.7920762963628,58.01596847451504],[26.7920762963628,58.006975270877795],[26.783083092725555,58.006975270877795]]]}},{"type":"Feature","properties":{"jobs":2,"pop":11,"pointCount":1,"homeWorkCommuteMedian":53398,"workHomeCommuteMedian":48662},"geometry":{"type":"Polygon","coordinates":[[[26.783083092725555,58.02496167815229],[26.783083092725555,58.03395488178953],[26.7920762963628,58.03395488178953],[26.7920762963628,58.02496167815229],[26.783083092725555,58.02496167815229]]]}},{"type":"Feature","properties":{"jobs":9,"pop":0,"pointCount":1,"homeWorkCommuteMedian":-1,"workHomeCommuteMedian":15175},"geometry":{"type":"Polygon","coordinates":[[[26.783083092725555,58.11489371452475],[26.783083092725555,58.12388691816199],[26.7920762963628,58.12388691816199],[26.7920762963628,58.11489371452475],[26.783083092725555,58.11489371452475]]]}},{"type":"Feature","properties":{"jobs":0,"pop":8,"pointCount":1,"homeWorkCommuteMedian":16128,"workHomeCommuteMedian":-1},"geometry":{"type":"Polygon","coordinates":[[[26.783083092725555,58.20482575089721],[26.783083092725555,58.21381895453445],[26.7920762963628,58.21381895453445],[26.7920762963628,58.20482575089721],[26.783083092725555,58.20482575089721]]]}},{"type":"Feature","properties":{"jobs":0,"pop":7,"pointCount":1,"homeWorkCommuteMedian":13063,"workHomeCommuteMedian":-1},"geometry":{"type":"Polygon","coordinates":[[[26.783083092725555,58.21381895453445],[26.783083092725555,58.2228121581717],[26.7920762963628,58.2228121581717],[26.7920762963628,58.21381895453445],[26.783083092725555,58.21381895453445]]]}},{"type":"Feature","properties":{"jobs":0,"pop":8,"pointCount":1,"homeWorkCommuteMedian":12792,"workHomeCommuteMedian":-1},"geometry":{"type":"Polygon","coordinates":[[[26.783083092725555,58.231805361808945],[26.783083092725555,58.24079856544619],[26.7920762963628,58.24079856544619],[26.7920762963628,58.231805361808945],[26.783083092725555,58.231805361808945]]]}},{"type":"Feature","properties":{"jobs":0,"pop":25,"pointCount":2,"homeWorkCommuteMedian":15577,"workHomeCommuteMedian":-1},"geometry":{"type":"Polygon","coordinates":[[[26.783083092725555,58.24079856544619],[26.783083092725555,58.24979176908344],[26.7920762963628,58.24979176908344],[26.7920762963628,58.24079856544619],[26.783083092725555,58.24079856544619]]]}},{"type":"Feature","properties":{"jobs":0,"pop":14,"pointCount":2,"homeWorkCommuteMedian":17471,"workHomeCommuteMedian":-1},"geometry":{"type":"Polygon","coordinates":[[[26.783083092725555,58.24979176908344],[26.783083092725555,58.25878497272068],[26.7920762963628,58.25878497272068],[26.7920762963628,58.24979176908344],[26.783083092725555,58.24979176908344]]]}},{"type":"Feature","properties":{"jobs":0,"pop":7,"pointCount":1,"homeWorkCommuteMedian":17403,"workHomeCommuteMedian":-1},"geometry":{"type":"Polygon","coordinates":[[[26.783083092725555,58.25878497272068],[26.783083092725555,58.26777817635793],[26.7920762963628,58.26777817635793],[26.7920762963628,58.25878497272068],[26.783083092725555,58.25878497272068]]]}},{"type":"Feature","properties":{"jobs":0,"pop":32,"pointCount":2,"homeWorkCommuteMedian":12501,"workHomeCommuteMedian":-1},"geometry":{"type":"Polygon","coordinates":[[[26.783083092725555,58.321737398181405],[26.783083092725555,58.33073060181865],[26.7920762963628,58.33073060181865],[26.7920762963628,58.321737398181405],[26.783083092725555,58.321737398181405]]]}},{"type":"Feature","properties":{"jobs":0,"pop":24,"pointCount":3,"homeWorkCommuteMedian":7130,"workHomeCommuteMedian":-1},"geometry":{"type":"Polygon","coordinates":[[[26.783083092725555,58.33073060181865],[26.783083092725555,58.3397238054559],[26.7920762963628,58.3397238054559],[26.7920762963628,58.33073060181865],[26.783083092725555,58.33073060181865]]]}},{"type":"Feature","properties":{"jobs":0,"pop":404,"pointCount":13,"homeWorkCommuteMedian":9582,"workHomeCommuteMedian":-1},"geometry":{"type":"Polygon","coordinates":[[[26.783083092725555,58.3397238054559],[26.783083092725555,58.34871700909314],[26.7920762963628,58.34871700909314],[26.7920762963628,58.3397238054559],[26.783083092725555,58.3397238054559]]]}},{"type":"Feature","properties":{"jobs":15,"pop":550,"pointCount":14,"homeWorkCommuteMedian":8437,"workHomeCommuteMedian":32233},"geometry":{"type":"Polygon","coordinates":[[[26.783083092725555,58.34871700909314],[26.783083092725555,58.35771021273039],[26.7920762963628,58.35771021273039],[26.7920762963628,58.34871700909314],[26.783083092725555,58.34871700909314]]]}},{"type":"Feature","properties":{"jobs":74,"pop":235,"pointCount":5,"homeWorkCommuteMedian":23002,"workHomeCommuteMedian":1828},"geometry":{"type":"Polygon","coordinates":[[[26.783083092725555,58.35771021273039],[26.783083092725555,58.366703416367635],[26.7920762963628,58.366703416367635],[26.7920762963628,58.35771021273039],[26.783083092725555,58.35771021273039]]]}},{"type":"Feature","properties":{"jobs":278,"pop":187,"pointCount":11,"homeWorkCommuteMedian":6888,"workHomeCommuteMedian":6935},"geometry":{"type":"Polygon","coordinates":[[[26.783083092725555,58.366703416367635],[26.783083092725555,58.37569662000488],[26.7920762963628,58.37569662000488],[26.7920762963628,58.366703416367635],[26.783083092725555,58.366703416367635]]]}},{"type":"Feature","properties":{"jobs":23,"pop":91,"pointCount":3,"homeWorkCommuteMedian":5283,"workHomeCommuteMedian":3112},"geometry":{"type":"Polygon","coordinates":[[[26.783083092725555,58.37569662000488],[26.783083092725555,58.38468982364213],[26.7920762963628,58.38468982364213],[26.7920762963628,58.37569662000488],[26.783083092725555,58.37569662000488]]]}},{"type":"Feature","properties":{"jobs":0,"pop":12,"pointCount":2,"homeWorkCommuteMedian":7953,"workHomeCommuteMedian":-1},"geometry":{"type":"Polygon","coordinates":[[[26.783083092725555,58.38468982364213],[26.783083092725555,58.39368302727937],[26.7920762963628,58.39368302727937],[26.7920762963628,58.38468982364213],[26.783083092725555,58.38468982364213]]]}},{"type":"Feature","properties":{"jobs":79,"pop":0,"pointCount":4,"homeWorkCommuteMedian":-1,"workHomeCommuteMedian":11849},"geometry":{"type":"Polygon","coordinates":[[[26.783083092725555,58.411669434553865],[26.783083092725555,58.42066263819111],[26.7920762963628,58.42066263819111],[26.7920762963628,58.411669434553865],[26.783083092725555,58.411669434553865]]]}},{"type":"Feature","properties":{"jobs":0,"pop":6,"pointCount":1,"homeWorkCommuteMedian":18742,"workHomeCommuteMedian":-1},"geometry":{"type":"Polygon","coordinates":[[[26.783083092725555,58.42066263819111],[26.783083092725555,58.42965584182836],[26.7920762963628,58.42965584182836],[26.7920762963628,58.42066263819111],[26.783083092725555,58.42066263819111]]]}},{"type":"Feature","properties":{"jobs":0,"pop":7,"pointCount":1,"homeWorkCommuteMedian":1915,"workHomeCommuteMedian":-1},"geometry":{"type":"Polygon","coordinates":[[[26.783083092725555,58.42965584182836],[26.783083092725555,58.4386490454656],[26.7920762963628,58.4386490454656],[26.7920762963628,58.42965584182836],[26.783083092725555,58.42965584182836]]]}},{"type":"Feature","properties":{"jobs":0,"pop":9,"pointCount":1,"homeWorkCommuteMedian":19744,"workHomeCommuteMedian":-1},"geometry":{"type":"Polygon","coordinates":[[[26.783083092725555,58.46562865637734],[26.783083092725555,58.47462186001459],[26.7920762963628,58.47462186001459],[26.7920762963628,58.46562865637734],[26.783083092725555,58.46562865637734]]]}},{"type":"Feature","properties":{"jobs":0,"pop":11,"pointCount":1,"homeWorkCommuteMedian":71302,"workHomeCommuteMedian":-1},"geometry":{"type":"Polygon","coordinates":[[[26.783083092725555,58.52858108183806],[26.783083092725555,58.53757428547531],[26.7920762963628,58.53757428547531],[26.7920762963628,58.52858108183806],[26.783083092725555,58.52858108183806]]]}},{"type":"Feature","properties":{"jobs":0,"pop":11,"pointCount":1,"homeWorkCommuteMedian":27989,"workHomeCommuteMedian":-1},"geometry":{"type":"Polygon","coordinates":[[[26.783083092725555,58.56455389638705],[26.783083092725555,58.57354710002429],[26.7920762963628,58.57354710002429],[26.7920762963628,58.56455389638705],[26.783083092725555,58.56455389638705]]]}},{"type":"Feature","properties":{"jobs":6,"pop":0,"pointCount":1,"homeWorkCommuteMedian":-1,"workHomeCommuteMedian":27435},"geometry":{"type":"Polygon","coordinates":[[[26.783083092725555,58.61851311821052],[26.783083092725555,58.62750632184777],[26.7920762963628,58.62750632184777],[26.7920762963628,58.61851311821052],[26.783083092725555,58.61851311821052]]]}},{"type":"Feature","properties":{"jobs":0,"pop":8,"pointCount":1,"homeWorkCommuteMedian":53886,"workHomeCommuteMedian":-1},"geometry":{"type":"Polygon","coordinates":[[[26.7920762963628,57.97999565996606],[26.7920762963628,57.9889888636033],[26.801069500000047,57.9889888636033],[26.801069500000047,57.97999565996606],[26.7920762963628,57.97999565996606]]]}},{"type":"Feature","properties":{"jobs":0,"pop":5,"pointCount":1,"homeWorkCommuteMedian":13072,"workHomeCommuteMedian":-1},"geometry":{"type":"Polygon","coordinates":[[[26.7920762963628,57.99798206724055],[26.7920762963628,58.006975270877795],[26.801069500000047,58.006975270877795],[26.801069500000047,57.99798206724055],[26.7920762963628,57.99798206724055]]]}},{"type":"Feature","properties":{"jobs":0,"pop":5,"pointCount":1,"homeWorkCommuteMedian":10811,"workHomeCommuteMedian":-1},"geometry":{"type":"Polygon","coordinates":[[[26.7920762963628,58.006975270877795],[26.7920762963628,58.01596847451504],[26.801069500000047,58.01596847451504],[26.801069500000047,58.006975270877795],[26.7920762963628,58.006975270877795]]]}},{"type":"Feature","properties":{"jobs":0,"pop":5,"pointCount":1,"homeWorkCommuteMedian":17480,"workHomeCommuteMedian":-1},"geometry":{"type":"Polygon","coordinates":[[[26.7920762963628,58.01596847451504],[26.7920762963628,58.02496167815229],[26.801069500000047,58.02496167815229],[26.801069500000047,58.01596847451504],[26.7920762963628,58.01596847451504]]]}},{"type":"Feature","properties":{"jobs":0,"pop":5,"pointCount":1,"homeWorkCommuteMedian":14530,"workHomeCommuteMedian":-1},"geometry":{"type":"Polygon","coordinates":[[[26.7920762963628,58.07892089997576],[26.7920762963628,58.08791410361301],[26.801069500000047,58.08791410361301],[26.801069500000047,58.07892089997576],[26.7920762963628,58.07892089997576]]]}},{"type":"Feature","properties":{"jobs":0,"pop":10,"pointCount":1,"homeWorkCommuteMedian":35580,"workHomeCommuteMedian":-1},"geometry":{"type":"Polygon","coordinates":[[[26.7920762963628,58.1059005108875],[26.7920762963628,58.11489371452475],[26.801069500000047,58.11489371452475],[26.801069500000047,58.1059005108875],[26.7920762963628,58.1059005108875]]]}},{"type":"Feature","properties":{"jobs":16,"pop":14,"pointCount":2,"homeWorkCommuteMedian":22789,"workHomeCommuteMedian":19914},"geometry":{"type":"Polygon","coordinates":[[[26.7920762963628,58.20482575089721],[26.7920762963628,58.21381895453445],[26.801069500000047,58.21381895453445],[26.801069500000047,58.20482575089721],[26.7920762963628,58.20482575089721]]]}},{"type":"Feature","properties":{"jobs":0,"pop":8,"pointCount":1,"homeWorkCommuteMedian":22161,"workHomeCommuteMedian":-1},"geometry":{"type":"Polygon","coordinates":[[[26.7920762963628,58.21381895453445],[26.7920762963628,58.2228121581717],[26.801069500000047,58.2228121581717],[26.801069500000047,58.21381895453445],[26.7920762963628,58.21381895453445]]]}},{"type":"Feature","properties":{"jobs":7,"pop":0,"pointCount":1,"homeWorkCommuteMedian":-1,"workHomeCommuteMedian":30311},"geometry":{"type":"Polygon","coordinates":[[[26.7920762963628,58.2228121581717],[26.7920762963628,58.231805361808945],[26.801069500000047,58.231805361808945],[26.801069500000047,58.2228121581717],[26.7920762963628,58.2228121581717]]]}},{"type":"Feature","properties":{"jobs":54,"pop":18,"pointCount":4,"homeWorkCommuteMedian":18630,"workHomeCommuteMedian":29199},"geometry":{"type":"Polygon","coordinates":[[[26.7920762963628,58.231805361808945],[26.7920762963628,58.24079856544619],[26.801069500000047,58.24079856544619],[26.801069500000047,58.231805361808945],[26.7920762963628,58.231805361808945]]]}},{"type":"Feature","properties":{"jobs":0,"pop":7,"pointCount":1,"homeWorkCommuteMedian":13421,"workHomeCommuteMedian":-1},"geometry":{"type":"Polygon","coordinates":[[[26.7920762963628,58.25878497272068],[26.7920762963628,58.26777817635793],[26.801069500000047,58.26777817635793],[26.801069500000047,58.25878497272068],[26.7920762963628,58.25878497272068]]]}},{"type":"Feature","properties":{"jobs":0,"pop":9,"pointCount":1,"homeWorkCommuteMedian":21329,"workHomeCommuteMedian":-1},"geometry":{"type":"Polygon","coordinates":[[[26.7920762963628,58.31274419454416],[26.7920762963628,58.321737398181405],[26.801069500000047,58.321737398181405],[26.801069500000047,58.31274419454416],[26.7920762963628,58.31274419454416]]]}},{"type":"Feature","properties":{"jobs":5,"pop":180,"pointCount":8,"homeWorkCommuteMedian":10186,"workHomeCommuteMedian":7966},"geometry":{"type":"Polygon","coordinates":[[[26.7920762963628,58.321737398181405],[26.7920762963628,58.33073060181865],[26.801069500000047,58.33073060181865],[26.801069500000047,58.321737398181405],[26.7920762963628,58.321737398181405]]]}},{"type":"Feature","properties":{"jobs":5,"pop":78,"pointCount":4,"homeWorkCommuteMedian":9404,"workHomeCommuteMedian":30043},"geometry":{"type":"Polygon","coordinates":[[[26.7920762963628,58.3397238054559],[26.7920762963628,58.34871700909314],[26.801069500000047,58.34871700909314],[26.801069500000047,58.3397238054559],[26.7920762963628,58.3397238054559]]]}},{"type":"Feature","properties":{"jobs":0,"pop":247,"pointCount":6,"homeWorkCommuteMedian":7296,"workHomeCommuteMedian":-1},"geometry":{"type":"Polygon","coordinates":[[[26.7920762963628,58.34871700909314],[26.7920762963628,58.35771021273039],[26.801069500000047,58.35771021273039],[26.801069500000047,58.34871700909314],[26.7920762963628,58.34871700909314]]]}},{"type":"Feature","properties":{"jobs":23,"pop":527,"pointCount":14,"homeWorkCommuteMedian":7721,"workHomeCommuteMedian":3692},"geometry":{"type":"Polygon","coordinates":[[[26.7920762963628,58.35771021273039],[26.7920762963628,58.366703416367635],[26.801069500000047,58.366703416367635],[26.801069500000047,58.35771021273039],[26.7920762963628,58.35771021273039]]]}},{"type":"Feature","properties":{"jobs":155,"pop":120,"pointCount":11,"homeWorkCommuteMedian":6605,"workHomeCommuteMedian":6463},"geometry":{"type":"Polygon","coordinates":[[[26.7920762963628,58.366703416367635],[26.7920762963628,58.37569662000488],[26.801069500000047,58.37569662000488],[26.801069500000047,58.366703416367635],[26.7920762963628,58.366703416367635]]]}},{"type":"Feature","properties":{"jobs":0,"pop":260,"pointCount":4,"homeWorkCommuteMedian":7389,"workHomeCommuteMedian":-1},"geometry":{"type":"Polygon","coordinates":[[[26.7920762963628,58.37569662000488],[26.7920762963628,58.38468982364213],[26.801069500000047,58.38468982364213],[26.801069500000047,58.37569662000488],[26.7920762963628,58.37569662000488]]]}},{"type":"Feature","properties":{"jobs":0,"pop":17,"pointCount":2,"homeWorkCommuteMedian":26100,"workHomeCommuteMedian":-1},"geometry":{"type":"Polygon","coordinates":[[[26.7920762963628,58.38468982364213],[26.7920762963628,58.39368302727937],[26.801069500000047,58.39368302727937],[26.801069500000047,58.38468982364213],[26.7920762963628,58.38468982364213]]]}},{"type":"Feature","properties":{"jobs":35,"pop":0,"pointCount":2,"homeWorkCommuteMedian":-1,"workHomeCommuteMedian":5942},"geometry":{"type":"Polygon","coordinates":[[[26.7920762963628,58.42066263819111],[26.7920762963628,58.42965584182836],[26.801069500000047,58.42965584182836],[26.801069500000047,58.42066263819111],[26.7920762963628,58.42066263819111]]]}},{"type":"Feature","properties":{"jobs":12,"pop":9,"pointCount":2,"homeWorkCommuteMedian":10300,"workHomeCommuteMedian":12483},"geometry":{"type":"Polygon","coordinates":[[[26.7920762963628,58.46562865637734],[26.7920762963628,58.47462186001459],[26.801069500000047,58.47462186001459],[26.801069500000047,58.46562865637734],[26.7920762963628,58.46562865637734]]]}},{"type":"Feature","properties":{"jobs":7,"pop":0,"pointCount":1,"homeWorkCommuteMedian":-1,"workHomeCommuteMedian":20680},"geometry":{"type":"Polygon","coordinates":[[[26.7920762963628,58.49260826728908],[26.7920762963628,58.501601470926325],[26.801069500000047,58.501601470926325],[26.801069500000047,58.49260826728908],[26.7920762963628,58.49260826728908]]]}},{"type":"Feature","properties":{"jobs":8,"pop":0,"pointCount":1,"homeWorkCommuteMedian":-1,"workHomeCommuteMedian":14492},"geometry":{"type":"Polygon","coordinates":[[[26.7920762963628,58.51958787820082],[26.7920762963628,58.52858108183806],[26.801069500000047,58.52858108183806],[26.801069500000047,58.51958787820082],[26.7920762963628,58.51958787820082]]]}},{"type":"Feature","properties":{"jobs":25,"pop":0,"pointCount":2,"homeWorkCommuteMedian":-1,"workHomeCommuteMedian":16965},"geometry":{"type":"Polygon","coordinates":[[[26.7920762963628,58.52858108183806],[26.7920762963628,58.53757428547531],[26.801069500000047,58.53757428547531],[26.801069500000047,58.52858108183806],[26.7920762963628,58.52858108183806]]]}},{"type":"Feature","properties":{"jobs":21,"pop":0,"pointCount":1,"homeWorkCommuteMedian":-1,"workHomeCommuteMedian":27700},"geometry":{"type":"Polygon","coordinates":[[[26.801069500000047,57.93502964177983],[26.801069500000047,57.944022845417074],[26.810062703637293,57.944022845417074],[26.810062703637293,57.93502964177983],[26.801069500000047,57.93502964177983]]]}},{"type":"Feature","properties":{"jobs":0,"pop":11,"pointCount":2,"homeWorkCommuteMedian":19235,"workHomeCommuteMedian":-1},"geometry":{"type":"Polygon","coordinates":[[[26.801069500000047,57.962009252691566],[26.801069500000047,57.97100245632881],[26.810062703637293,57.97100245632881],[26.810062703637293,57.962009252691566],[26.801069500000047,57.962009252691566]]]}},{"type":"Feature","properties":{"jobs":0,"pop":6,"pointCount":1,"homeWorkCommuteMedian":4794,"workHomeCommuteMedian":-1},"geometry":{"type":"Polygon","coordinates":[[[26.801069500000047,57.97100245632881],[26.801069500000047,57.97999565996606],[26.810062703637293,57.97999565996606],[26.810062703637293,57.97100245632881],[26.801069500000047,57.97100245632881]]]}},{"type":"Feature","properties":{"jobs":0,"pop":8,"pointCount":1,"homeWorkCommuteMedian":2802,"workHomeCommuteMedian":-1},"geometry":{"type":"Polygon","coordinates":[[[26.801069500000047,57.9889888636033],[26.801069500000047,57.99798206724055],[26.810062703637293,57.99798206724055],[26.810062703637293,57.9889888636033],[26.801069500000047,57.9889888636033]]]}},{"type":"Feature","properties":{"jobs":2,"pop":0,"pointCount":1,"homeWorkCommuteMedian":-1,"workHomeCommuteMedian":44393},"geometry":{"type":"Polygon","coordinates":[[[26.801069500000047,58.06093449270127],[26.801069500000047,58.06992769633852],[26.810062703637293,58.06992769633852],[26.810062703637293,58.06093449270127],[26.801069500000047,58.06093449270127]]]}},{"type":"Feature","properties":{"jobs":0,"pop":7,"pointCount":1,"homeWorkCommuteMedian":14659,"workHomeCommuteMedian":-1},"geometry":{"type":"Polygon","coordinates":[[[26.801069500000047,58.231805361808945],[26.801069500000047,58.24079856544619],[26.810062703637293,58.24079856544619],[26.810062703637293,58.231805361808945],[26.801069500000047,58.231805361808945]]]}},{"type":"Feature","properties":{"jobs":0,"pop":14,"pointCount":2,"homeWorkCommuteMedian":2215,"workHomeCommuteMedian":-1},"geometry":{"type":"Polygon","coordinates":[[[26.801069500000047,58.24079856544619],[26.801069500000047,58.24979176908344],[26.810062703637293,58.24979176908344],[26.810062703637293,58.24079856544619],[26.801069500000047,58.24079856544619]]]}},{"type":"Feature","properties":{"jobs":19,"pop":119,"pointCount":5,"homeWorkCommuteMedian":11141,"workHomeCommuteMedian":13670},"geometry":{"type":"Polygon","coordinates":[[[26.801069500000047,58.321737398181405],[26.801069500000047,58.33073060181865],[26.810062703637293,58.33073060181865],[26.810062703637293,58.321737398181405],[26.801069500000047,58.321737398181405]]]}},{"type":"Feature","properties":{"jobs":0,"pop":29,"pointCount":2,"homeWorkCommuteMedian":11475,"workHomeCommuteMedian":-1},"geometry":{"type":"Polygon","coordinates":[[[26.801069500000047,58.3397238054559],[26.801069500000047,58.34871700909314],[26.810062703637293,58.34871700909314],[26.810062703637293,58.3397238054559],[26.801069500000047,58.3397238054559]]]}},{"type":"Feature","properties":{"jobs":0,"pop":33,"pointCount":2,"homeWorkCommuteMedian":8272,"workHomeCommuteMedian":-1},"geometry":{"type":"Polygon","coordinates":[[[26.801069500000047,58.34871700909314],[26.801069500000047,58.35771021273039],[26.810062703637293,58.35771021273039],[26.810062703637293,58.34871700909314],[26.801069500000047,58.34871700909314]]]}},{"type":"Feature","properties":{"jobs":0,"pop":73,"pointCount":3,"homeWorkCommuteMedian":8808,"workHomeCommuteMedian":-1},"geometry":{"type":"Polygon","coordinates":[[[26.801069500000047,58.35771021273039],[26.801069500000047,58.366703416367635],[26.810062703637293,58.366703416367635],[26.810062703637293,58.35771021273039],[26.801069500000047,58.35771021273039]]]}},{"type":"Feature","properties":{"jobs":0,"pop":10,"pointCount":1,"homeWorkCommuteMedian":4182,"workHomeCommuteMedian":-1},"geometry":{"type":"Polygon","coordinates":[[[26.801069500000047,58.37569662000488],[26.801069500000047,58.38468982364213],[26.810062703637293,58.38468982364213],[26.810062703637293,58.37569662000488],[26.801069500000047,58.37569662000488]]]}},{"type":"Feature","properties":{"jobs":0,"pop":21,"pointCount":3,"homeWorkCommuteMedian":3112,"workHomeCommuteMedian":-1},"geometry":{"type":"Polygon","coordinates":[[[26.801069500000047,58.38468982364213],[26.801069500000047,58.39368302727937],[26.810062703637293,58.39368302727937],[26.810062703637293,58.38468982364213],[26.801069500000047,58.38468982364213]]]}},{"type":"Feature","properties":{"jobs":0,"pop":10,"pointCount":1,"homeWorkCommuteMedian":13313,"workHomeCommuteMedian":-1},"geometry":{"type":"Polygon","coordinates":[[[26.801069500000047,58.42066263819111],[26.801069500000047,58.42965584182836],[26.810062703637293,58.42965584182836],[26.810062703637293,58.42066263819111],[26.801069500000047,58.42066263819111]]]}},{"type":"Feature","properties":{"jobs":0,"pop":5,"pointCount":1,"homeWorkCommuteMedian":8047,"workHomeCommuteMedian":-1},"geometry":{"type":"Polygon","coordinates":[[[26.801069500000047,58.42965584182836],[26.801069500000047,58.4386490454656],[26.810062703637293,58.4386490454656],[26.810062703637293,58.42965584182836],[26.801069500000047,58.42965584182836]]]}},{"type":"Feature","properties":{"jobs":5,"pop":6,"pointCount":2,"homeWorkCommuteMedian":36775,"workHomeCommuteMedian":12362},"geometry":{"type":"Polygon","coordinates":[[[26.801069500000047,58.4386490454656],[26.801069500000047,58.44764224910285],[26.810062703637293,58.44764224910285],[26.810062703637293,58.4386490454656],[26.801069500000047,58.4386490454656]]]}},{"type":"Feature","properties":{"jobs":0,"pop":6,"pointCount":1,"homeWorkCommuteMedian":2749,"workHomeCommuteMedian":-1},"geometry":{"type":"Polygon","coordinates":[[[26.801069500000047,58.46562865637734],[26.801069500000047,58.47462186001459],[26.810062703637293,58.47462186001459],[26.810062703637293,58.46562865637734],[26.801069500000047,58.46562865637734]]]}},{"type":"Feature","properties":{"jobs":0,"pop":12,"pointCount":1,"homeWorkCommuteMedian":18400,"workHomeCommuteMedian":-1},"geometry":{"type":"Polygon","coordinates":[[[26.801069500000047,58.47462186001459],[26.801069500000047,58.48361506365183],[26.810062703637293,58.48361506365183],[26.810062703637293,58.47462186001459],[26.801069500000047,58.47462186001459]]]}},{"type":"Feature","properties":{"jobs":0,"pop":6,"pointCount":1,"homeWorkCommuteMedian":17826,"workHomeCommuteMedian":-1},"geometry":{"type":"Polygon","coordinates":[[[26.801069500000047,58.51958787820082],[26.801069500000047,58.52858108183806],[26.810062703637293,58.52858108183806],[26.810062703637293,58.51958787820082],[26.801069500000047,58.51958787820082]]]}},{"type":"Feature","properties":{"jobs":0,"pop":6,"pointCount":1,"homeWorkCommuteMedian":21466,"workHomeCommuteMedian":-1},"geometry":{"type":"Polygon","coordinates":[[[26.801069500000047,58.5555606927498],[26.801069500000047,58.56455389638705],[26.810062703637293,58.56455389638705],[26.810062703637293,58.5555606927498],[26.801069500000047,58.5555606927498]]]}},{"type":"Feature","properties":{"jobs":0,"pop":5,"pointCount":1,"homeWorkCommuteMedian":14492,"workHomeCommuteMedian":-1},"geometry":{"type":"Polygon","coordinates":[[[26.801069500000047,58.62750632184777],[26.801069500000047,58.636499525485014],[26.810062703637293,58.636499525485014],[26.810062703637293,58.62750632184777],[26.801069500000047,58.62750632184777]]]}},{"type":"Feature","properties":{"jobs":0,"pop":16,"pointCount":1,"homeWorkCommuteMedian":58989,"workHomeCommuteMedian":-1},"geometry":{"type":"Polygon","coordinates":[[[26.810062703637293,57.917043234505336],[26.810062703637293,57.92603643814258],[26.81905590727454,57.92603643814258],[26.81905590727454,57.917043234505336],[26.810062703637293,57.917043234505336]]]}},{"type":"Feature","properties":{"jobs":0,"pop":8,"pointCount":1,"homeWorkCommuteMedian":104821,"workHomeCommuteMedian":-1},"geometry":{"type":"Polygon","coordinates":[[[26.810062703637293,57.92603643814258],[26.810062703637293,57.93502964177983],[26.81905590727454,57.93502964177983],[26.81905590727454,57.92603643814258],[26.810062703637293,57.92603643814258]]]}},{"type":"Feature","properties":{"jobs":0,"pop":17,"pointCount":2,"homeWorkCommuteMedian":50290,"workHomeCommuteMedian":-1},"geometry":{"type":"Polygon","coordinates":[[[26.810062703637293,57.95301604905432],[26.810062703637293,57.962009252691566],[26.81905590727454,57.962009252691566],[26.81905590727454,57.95301604905432],[26.810062703637293,57.95301604905432]]]}},{"type":"Feature","properties":{"jobs":0,"pop":26,"pointCount":1,"homeWorkCommuteMedian":44788,"workHomeCommuteMedian":-1},"geometry":{"type":"Polygon","coordinates":[[[26.810062703637293,58.06992769633852],[26.810062703637293,58.07892089997576],[26.81905590727454,58.07892089997576],[26.81905590727454,58.06992769633852],[26.810062703637293,58.06992769633852]]]}},{"type":"Feature","properties":{"jobs":18,"pop":6,"pointCount":2,"homeWorkCommuteMedian":12211,"workHomeCommuteMedian":17910},"geometry":{"type":"Polygon","coordinates":[[[26.810062703637293,58.17784613998547],[26.810062703637293,58.186839343622715],[26.81905590727454,58.186839343622715],[26.81905590727454,58.17784613998547],[26.810062703637293,58.17784613998547]]]}},{"type":"Feature","properties":{"jobs":6,"pop":0,"pointCount":1,"homeWorkCommuteMedian":-1,"workHomeCommuteMedian":19467},"geometry":{"type":"Polygon","coordinates":[[[26.810062703637293,58.186839343622715],[26.810062703637293,58.19583254725996],[26.81905590727454,58.19583254725996],[26.81905590727454,58.186839343622715],[26.810062703637293,58.186839343622715]]]}},{"type":"Feature","properties":{"jobs":0,"pop":8,"pointCount":1,"homeWorkCommuteMedian":15704,"workHomeCommuteMedian":-1},"geometry":{"type":"Polygon","coordinates":[[[26.810062703637293,58.20482575089721],[26.810062703637293,58.21381895453445],[26.81905590727454,58.21381895453445],[26.81905590727454,58.20482575089721],[26.810062703637293,58.20482575089721]]]}},{"type":"Feature","properties":{"jobs":0,"pop":10,"pointCount":1,"homeWorkCommuteMedian":19508,"workHomeCommuteMedian":-1},"geometry":{"type":"Polygon","coordinates":[[[26.810062703637293,58.231805361808945],[26.810062703637293,58.24079856544619],[26.81905590727454,58.24079856544619],[26.81905590727454,58.231805361808945],[26.810062703637293,58.231805361808945]]]}},{"type":"Feature","properties":{"jobs":7,"pop":0,"pointCount":1,"homeWorkCommuteMedian":-1,"workHomeCommuteMedian":9599},"geometry":{"type":"Polygon","coordinates":[[[26.810062703637293,58.24079856544619],[26.810062703637293,58.24979176908344],[26.81905590727454,58.24979176908344],[26.81905590727454,58.24079856544619],[26.810062703637293,58.24079856544619]]]}},{"type":"Feature","properties":{"jobs":6,"pop":5,"pointCount":2,"homeWorkCommuteMedian":6643,"workHomeCommuteMedian":24646},"geometry":{"type":"Polygon","coordinates":[[[26.810062703637293,58.276771379995175],[26.810062703637293,58.28576458363242],[26.81905590727454,58.28576458363242],[26.81905590727454,58.276771379995175],[26.810062703637293,58.276771379995175]]]}},{"type":"Feature","properties":{"jobs":17,"pop":34,"pointCount":5,"homeWorkCommuteMedian":9996,"workHomeCommuteMedian":35092},"geometry":{"type":"Polygon","coordinates":[[[26.810062703637293,58.30375099090691],[26.810062703637293,58.31274419454416],[26.81905590727454,58.31274419454416],[26.81905590727454,58.30375099090691],[26.810062703637293,58.30375099090691]]]}},{"type":"Feature","properties":{"jobs":0,"pop":53,"pointCount":3,"homeWorkCommuteMedian":12583,"workHomeCommuteMedian":-1},"geometry":{"type":"Polygon","coordinates":[[[26.810062703637293,58.31274419454416],[26.810062703637293,58.321737398181405],[26.81905590727454,58.321737398181405],[26.81905590727454,58.31274419454416],[26.810062703637293,58.31274419454416]]]}},{"type":"Feature","properties":{"jobs":11,"pop":33,"pointCount":3,"homeWorkCommuteMedian":16352,"workHomeCommuteMedian":31021},"geometry":{"type":"Polygon","coordinates":[[[26.810062703637293,58.321737398181405],[26.810062703637293,58.33073060181865],[26.81905590727454,58.33073060181865],[26.81905590727454,58.321737398181405],[26.810062703637293,58.321737398181405]]]}},{"type":"Feature","properties":{"jobs":0,"pop":6,"pointCount":1,"homeWorkCommuteMedian":13271,"workHomeCommuteMedian":-1},"geometry":{"type":"Polygon","coordinates":[[[26.810062703637293,58.34871700909314],[26.810062703637293,58.35771021273039],[26.81905590727454,58.35771021273039],[26.81905590727454,58.34871700909314],[26.810062703637293,58.34871700909314]]]}},{"type":"Feature","properties":{"jobs":0,"pop":11,"pointCount":1,"homeWorkCommuteMedian":6294,"workHomeCommuteMedian":-1},"geometry":{"type":"Polygon","coordinates":[[[26.810062703637293,58.35771021273039],[26.810062703637293,58.366703416367635],[26.81905590727454,58.366703416367635],[26.81905590727454,58.35771021273039],[26.810062703637293,58.35771021273039]]]}},{"type":"Feature","properties":{"jobs":8,"pop":0,"pointCount":1,"homeWorkCommuteMedian":-1,"workHomeCommuteMedian":3010},"geometry":{"type":"Polygon","coordinates":[[[26.810062703637293,58.38468982364213],[26.810062703637293,58.39368302727937],[26.81905590727454,58.39368302727937],[26.81905590727454,58.38468982364213],[26.810062703637293,58.38468982364213]]]}},{"type":"Feature","properties":{"jobs":7,"pop":0,"pointCount":1,"homeWorkCommuteMedian":-1,"workHomeCommuteMedian":4974},"geometry":{"type":"Polygon","coordinates":[[[26.810062703637293,58.39368302727937],[26.810062703637293,58.40267623091662],[26.81905590727454,58.40267623091662],[26.81905590727454,58.39368302727937],[26.810062703637293,58.39368302727937]]]}},{"type":"Feature","properties":{"jobs":0,"pop":6,"pointCount":1,"homeWorkCommuteMedian":9602,"workHomeCommuteMedian":-1},"geometry":{"type":"Polygon","coordinates":[[[26.810062703637293,58.42066263819111],[26.810062703637293,58.42965584182836],[26.81905590727454,58.42965584182836],[26.81905590727454,58.42066263819111],[26.810062703637293,58.42066263819111]]]}},{"type":"Feature","properties":{"jobs":0,"pop":16,"pointCount":2,"homeWorkCommuteMedian":20063,"workHomeCommuteMedian":-1},"geometry":{"type":"Polygon","coordinates":[[[26.810062703637293,58.42965584182836],[26.810062703637293,58.4386490454656],[26.81905590727454,58.4386490454656],[26.81905590727454,58.42965584182836],[26.810062703637293,58.42965584182836]]]}},{"type":"Feature","properties":{"jobs":0,"pop":10,"pointCount":1,"homeWorkCommuteMedian":12026,"workHomeCommuteMedian":-1},"geometry":{"type":"Polygon","coordinates":[[[26.810062703637293,58.4386490454656],[26.810062703637293,58.44764224910285],[26.81905590727454,58.44764224910285],[26.81905590727454,58.4386490454656],[26.810062703637293,58.4386490454656]]]}},{"type":"Feature","properties":{"jobs":26,"pop":5,"pointCount":1,"homeWorkCommuteMedian":14688,"workHomeCommuteMedian":11379},"geometry":{"type":"Polygon","coordinates":[[[26.810062703637293,58.44764224910285],[26.810062703637293,58.456635452740095],[26.81905590727454,58.456635452740095],[26.81905590727454,58.44764224910285],[26.810062703637293,58.44764224910285]]]}},{"type":"Feature","properties":{"jobs":0,"pop":7,"pointCount":1,"homeWorkCommuteMedian":46185,"workHomeCommuteMedian":-1},"geometry":{"type":"Polygon","coordinates":[[[26.810062703637293,58.57354710002429],[26.810062703637293,58.58254030366154],[26.81905590727454,58.58254030366154],[26.81905590727454,58.57354710002429],[26.810062703637293,58.57354710002429]]]}},{"type":"Feature","properties":{"jobs":31,"pop":0,"pointCount":2,"homeWorkCommuteMedian":-1,"workHomeCommuteMedian":51160},"geometry":{"type":"Polygon","coordinates":[[[26.81905590727454,57.944022845417074],[26.81905590727454,57.95301604905432],[26.828049110911785,57.95301604905432],[26.828049110911785,57.944022845417074],[26.81905590727454,57.944022845417074]]]}},{"type":"Feature","properties":{"jobs":7,"pop":33,"pointCount":5,"homeWorkCommuteMedian":15056,"workHomeCommuteMedian":56286},"geometry":{"type":"Polygon","coordinates":[[[26.81905590727454,57.95301604905432],[26.81905590727454,57.962009252691566],[26.828049110911785,57.962009252691566],[26.828049110911785,57.95301604905432],[26.81905590727454,57.95301604905432]]]}},{"type":"Feature","properties":{"jobs":0,"pop":7,"pointCount":1,"homeWorkCommuteMedian":6491,"workHomeCommuteMedian":-1},"geometry":{"type":"Polygon","coordinates":[[[26.81905590727454,57.962009252691566],[26.81905590727454,57.97100245632881],[26.828049110911785,57.97100245632881],[26.828049110911785,57.962009252691566],[26.81905590727454,57.962009252691566]]]}},{"type":"Feature","properties":{"jobs":23,"pop":21,"pointCount":3,"homeWorkCommuteMedian":39421,"workHomeCommuteMedian":8894},"geometry":{"type":"Polygon","coordinates":[[[26.81905590727454,58.06992769633852],[26.81905590727454,58.07892089997576],[26.828049110911785,58.07892089997576],[26.828049110911785,58.06992769633852],[26.81905590727454,58.06992769633852]]]}},{"type":"Feature","properties":{"jobs":15,"pop":7,"pointCount":2,"homeWorkCommuteMedian":14912,"workHomeCommuteMedian":40860},"geometry":{"type":"Polygon","coordinates":[[[26.81905590727454,58.08791410361301],[26.81905590727454,58.096907307250255],[26.828049110911785,58.096907307250255],[26.828049110911785,58.08791410361301],[26.81905590727454,58.08791410361301]]]}},{"type":"Feature","properties":{"jobs":0,"pop":12,"pointCount":1,"homeWorkCommuteMedian":23390,"workHomeCommuteMedian":-1},"geometry":{"type":"Polygon","coordinates":[[[26.81905590727454,58.17784613998547],[26.81905590727454,58.186839343622715],[26.828049110911785,58.186839343622715],[26.828049110911785,58.17784613998547],[26.81905590727454,58.17784613998547]]]}},{"type":"Feature","properties":{"jobs":4,"pop":0,"pointCount":1,"homeWorkCommuteMedian":-1,"workHomeCommuteMedian":22786},"geometry":{"type":"Polygon","coordinates":[[[26.81905590727454,58.19583254725996],[26.81905590727454,58.20482575089721],[26.828049110911785,58.20482575089721],[26.828049110911785,58.19583254725996],[26.81905590727454,58.19583254725996]]]}},{"type":"Feature","properties":{"jobs":0,"pop":14,"pointCount":1,"homeWorkCommuteMedian":23041,"workHomeCommuteMedian":-1},"geometry":{"type":"Polygon","coordinates":[[[26.81905590727454,58.24079856544619],[26.81905590727454,58.24979176908344],[26.828049110911785,58.24979176908344],[26.828049110911785,58.24079856544619],[26.81905590727454,58.24079856544619]]]}},{"type":"Feature","properties":{"jobs":13,"pop":8,"pointCount":1,"homeWorkCommuteMedian":16769,"workHomeCommuteMedian":12695},"geometry":{"type":"Polygon","coordinates":[[[26.81905590727454,58.26777817635793],[26.81905590727454,58.276771379995175],[26.828049110911785,58.276771379995175],[26.828049110911785,58.26777817635793],[26.81905590727454,58.26777817635793]]]}},{"type":"Feature","properties":{"jobs":0,"pop":11,"pointCount":1,"homeWorkCommuteMedian":24113,"workHomeCommuteMedian":-1},"geometry":{"type":"Polygon","coordinates":[[[26.81905590727454,58.28576458363242],[26.81905590727454,58.29475778726967],[26.828049110911785,58.29475778726967],[26.828049110911785,58.28576458363242],[26.81905590727454,58.28576458363242]]]}},{"type":"Feature","properties":{"jobs":0,"pop":6,"pointCount":1,"homeWorkCommuteMedian":17062,"workHomeCommuteMedian":-1},"geometry":{"type":"Polygon","coordinates":[[[26.81905590727454,58.30375099090691],[26.81905590727454,58.31274419454416],[26.828049110911785,58.31274419454416],[26.828049110911785,58.30375099090691],[26.81905590727454,58.30375099090691]]]}},{"type":"Feature","properties":{"jobs":0,"pop":51,"pointCount":4,"homeWorkCommuteMedian":11471,"workHomeCommuteMedian":-1},"geometry":{"type":"Polygon","coordinates":[[[26.81905590727454,58.31274419454416],[26.81905590727454,58.321737398181405],[26.828049110911785,58.321737398181405],[26.828049110911785,58.31274419454416],[26.81905590727454,58.31274419454416]]]}},{"type":"Feature","properties":{"jobs":0,"pop":22,"pointCount":2,"homeWorkCommuteMedian":13469,"workHomeCommuteMedian":-1},"geometry":{"type":"Polygon","coordinates":[[[26.81905590727454,58.321737398181405],[26.81905590727454,58.33073060181865],[26.828049110911785,58.33073060181865],[26.828049110911785,58.321737398181405],[26.81905590727454,58.321737398181405]]]}},{"type":"Feature","properties":{"jobs":0,"pop":39,"pointCount":4,"homeWorkCommuteMedian":12108,"workHomeCommuteMedian":-1},"geometry":{"type":"Polygon","coordinates":[[[26.81905590727454,58.3397238054559],[26.81905590727454,58.34871700909314],[26.828049110911785,58.34871700909314],[26.828049110911785,58.3397238054559],[26.81905590727454,58.3397238054559]]]}},{"type":"Feature","properties":{"jobs":0,"pop":15,"pointCount":1,"homeWorkCommuteMedian":12714,"workHomeCommuteMedian":-1},"geometry":{"type":"Polygon","coordinates":[[[26.81905590727454,58.34871700909314],[26.81905590727454,58.35771021273039],[26.828049110911785,58.35771021273039],[26.828049110911785,58.34871700909314],[26.81905590727454,58.34871700909314]]]}},{"type":"Feature","properties":{"jobs":17,"pop":7,"pointCount":1,"homeWorkCommuteMedian":17033,"workHomeCommuteMedian":3989},"geometry":{"type":"Polygon","coordinates":[[[26.81905590727454,58.37569662000488],[26.81905590727454,58.38468982364213],[26.828049110911785,58.38468982364213],[26.828049110911785,58.37569662000488],[26.81905590727454,58.37569662000488]]]}},{"type":"Feature","properties":{"jobs":6,"pop":0,"pointCount":1,"homeWorkCommuteMedian":-1,"workHomeCommuteMedian":8134},"geometry":{"type":"Polygon","coordinates":[[[26.81905590727454,58.39368302727937],[26.81905590727454,58.40267623091662],[26.828049110911785,58.40267623091662],[26.828049110911785,58.39368302727937],[26.81905590727454,58.39368302727937]]]}},{"type":"Feature","properties":{"jobs":34,"pop":0,"pointCount":1,"homeWorkCommuteMedian":-1,"workHomeCommuteMedian":12503},"geometry":{"type":"Polygon","coordinates":[[[26.81905590727454,58.40267623091662],[26.81905590727454,58.411669434553865],[26.828049110911785,58.411669434553865],[26.828049110911785,58.40267623091662],[26.81905590727454,58.40267623091662]]]}},{"type":"Feature","properties":{"jobs":7,"pop":5,"pointCount":2,"homeWorkCommuteMedian":5543,"workHomeCommuteMedian":11460},"geometry":{"type":"Polygon","coordinates":[[[26.81905590727454,58.4386490454656],[26.81905590727454,58.44764224910285],[26.828049110911785,58.44764224910285],[26.828049110911785,58.4386490454656],[26.81905590727454,58.4386490454656]]]}},{"type":"Feature","properties":{"jobs":0,"pop":25,"pointCount":2,"homeWorkCommuteMedian":12881,"workHomeCommuteMedian":-1},"geometry":{"type":"Polygon","coordinates":[[[26.81905590727454,58.44764224910285],[26.81905590727454,58.456635452740095],[26.828049110911785,58.456635452740095],[26.828049110911785,58.44764224910285],[26.81905590727454,58.44764224910285]]]}},{"type":"Feature","properties":{"jobs":18,"pop":0,"pointCount":1,"homeWorkCommuteMedian":-1,"workHomeCommuteMedian":19285},"geometry":{"type":"Polygon","coordinates":[[[26.81905590727454,58.46562865637734],[26.81905590727454,58.47462186001459],[26.828049110911785,58.47462186001459],[26.828049110911785,58.46562865637734],[26.81905590727454,58.46562865637734]]]}},{"type":"Feature","properties":{"jobs":10,"pop":0,"pointCount":1,"homeWorkCommuteMedian":-1,"workHomeCommuteMedian":14357},"geometry":{"type":"Polygon","coordinates":[[[26.81905590727454,58.47462186001459],[26.81905590727454,58.48361506365183],[26.828049110911785,58.48361506365183],[26.828049110911785,58.47462186001459],[26.81905590727454,58.47462186001459]]]}},{"type":"Feature","properties":{"jobs":0,"pop":5,"pointCount":1,"homeWorkCommuteMedian":85947,"workHomeCommuteMedian":-1},"geometry":{"type":"Polygon","coordinates":[[[26.81905590727454,58.57354710002429],[26.81905590727454,58.58254030366154],[26.828049110911785,58.58254030366154],[26.828049110911785,58.57354710002429],[26.81905590727454,58.57354710002429]]]}},{"type":"Feature","properties":{"jobs":0,"pop":11,"pointCount":1,"homeWorkCommuteMedian":53397,"workHomeCommuteMedian":-1},"geometry":{"type":"Polygon","coordinates":[[[26.828049110911785,57.97100245632881],[26.828049110911785,57.97999565996606],[26.83704231454903,57.97999565996606],[26.83704231454903,57.97100245632881],[26.828049110911785,57.97100245632881]]]}},{"type":"Feature","properties":{"jobs":3,"pop":26,"pointCount":3,"homeWorkCommuteMedian":53978,"workHomeCommuteMedian":50478},"geometry":{"type":"Polygon","coordinates":[[[26.828049110911785,58.006975270877795],[26.828049110911785,58.01596847451504],[26.83704231454903,58.01596847451504],[26.83704231454903,58.006975270877795],[26.828049110911785,58.006975270877795]]]}},{"type":"Feature","properties":{"jobs":0,"pop":13,"pointCount":1,"homeWorkCommuteMedian":44412,"workHomeCommuteMedian":-1},"geometry":{"type":"Polygon","coordinates":[[[26.828049110911785,58.051941289064025],[26.828049110911785,58.06093449270127],[26.83704231454903,58.06093449270127],[26.83704231454903,58.051941289064025],[26.828049110911785,58.051941289064025]]]}},{"type":"Feature","properties":{"jobs":5,"pop":0,"pointCount":1,"homeWorkCommuteMedian":-1,"workHomeCommuteMedian":43873},"geometry":{"type":"Polygon","coordinates":[[[26.828049110911785,58.06093449270127],[26.828049110911785,58.06992769633852],[26.83704231454903,58.06992769633852],[26.83704231454903,58.06093449270127],[26.828049110911785,58.06093449270127]]]}},{"type":"Feature","properties":{"jobs":38,"pop":111,"pointCount":6,"homeWorkCommuteMedian":20105,"workHomeCommuteMedian":16033},"geometry":{"type":"Polygon","coordinates":[[[26.828049110911785,58.06992769633852],[26.828049110911785,58.07892089997576],[26.83704231454903,58.07892089997576],[26.83704231454903,58.06992769633852],[26.828049110911785,58.06992769633852]]]}},{"type":"Feature","properties":{"jobs":5,"pop":11,"pointCount":2,"homeWorkCommuteMedian":19616,"workHomeCommuteMedian":32927},"geometry":{"type":"Polygon","coordinates":[[[26.828049110911785,58.15086652907373],[26.828049110911785,58.15985973271098],[26.83704231454903,58.15985973271098],[26.83704231454903,58.15086652907373],[26.828049110911785,58.15086652907373]]]}},{"type":"Feature","properties":{"jobs":0,"pop":7,"pointCount":1,"homeWorkCommuteMedian":11466,"workHomeCommuteMedian":-1},"geometry":{"type":"Polygon","coordinates":[[[26.828049110911785,58.19583254725996],[26.828049110911785,58.20482575089721],[26.83704231454903,58.20482575089721],[26.83704231454903,58.19583254725996],[26.828049110911785,58.19583254725996]]]}},{"type":"Feature","properties":{"jobs":5,"pop":45,"pointCount":6,"homeWorkCommuteMedian":12821,"workHomeCommuteMedian":6643},"geometry":{"type":"Polygon","coordinates":[[[26.828049110911785,58.31274419454416],[26.828049110911785,58.321737398181405],[26.83704231454903,58.321737398181405],[26.83704231454903,58.31274419454416],[26.828049110911785,58.31274419454416]]]}},{"type":"Feature","properties":{"jobs":0,"pop":8,"pointCount":1,"homeWorkCommuteMedian":14590,"workHomeCommuteMedian":-1},"geometry":{"type":"Polygon","coordinates":[[[26.828049110911785,58.33073060181865],[26.828049110911785,58.3397238054559],[26.83704231454903,58.3397238054559],[26.83704231454903,58.33073060181865],[26.828049110911785,58.33073060181865]]]}},{"type":"Feature","properties":{"jobs":0,"pop":58,"pointCount":4,"homeWorkCommuteMedian":10946,"workHomeCommuteMedian":-1},"geometry":{"type":"Polygon","coordinates":[[[26.828049110911785,58.34871700909314],[26.828049110911785,58.35771021273039],[26.83704231454903,58.35771021273039],[26.83704231454903,58.34871700909314],[26.828049110911785,58.34871700909314]]]}},{"type":"Feature","properties":{"jobs":0,"pop":7,"pointCount":1,"homeWorkCommuteMedian":10246,"workHomeCommuteMedian":-1},"geometry":{"type":"Polygon","coordinates":[[[26.828049110911785,58.35771021273039],[26.828049110911785,58.366703416367635],[26.83704231454903,58.366703416367635],[26.83704231454903,58.35771021273039],[26.828049110911785,58.35771021273039]]]}},{"type":"Feature","properties":{"jobs":0,"pop":49,"pointCount":3,"homeWorkCommuteMedian":10537,"workHomeCommuteMedian":-1},"geometry":{"type":"Polygon","coordinates":[[[26.828049110911785,58.366703416367635],[26.828049110911785,58.37569662000488],[26.83704231454903,58.37569662000488],[26.83704231454903,58.366703416367635],[26.828049110911785,58.366703416367635]]]}},{"type":"Feature","properties":{"jobs":0,"pop":10,"pointCount":1,"homeWorkCommuteMedian":10519,"workHomeCommuteMedian":-1},"geometry":{"type":"Polygon","coordinates":[[[26.828049110911785,58.37569662000488],[26.828049110911785,58.38468982364213],[26.83704231454903,58.38468982364213],[26.83704231454903,58.37569662000488],[26.828049110911785,58.37569662000488]]]}},{"type":"Feature","properties":{"jobs":0,"pop":15,"pointCount":1,"homeWorkCommuteMedian":9929,"workHomeCommuteMedian":-1},"geometry":{"type":"Polygon","coordinates":[[[26.828049110911785,58.38468982364213],[26.828049110911785,58.39368302727937],[26.83704231454903,58.39368302727937],[26.83704231454903,58.38468982364213],[26.828049110911785,58.38468982364213]]]}},{"type":"Feature","properties":{"jobs":74,"pop":13,"pointCount":3,"homeWorkCommuteMedian":59204,"workHomeCommuteMedian":15643},"geometry":{"type":"Polygon","coordinates":[[[26.828049110911785,58.42965584182836],[26.828049110911785,58.4386490454656],[26.83704231454903,58.4386490454656],[26.83704231454903,58.42965584182836],[26.828049110911785,58.42965584182836]]]}},{"type":"Feature","properties":{"jobs":0,"pop":13,"pointCount":1,"homeWorkCommuteMedian":12779,"workHomeCommuteMedian":-1},"geometry":{"type":"Polygon","coordinates":[[[26.828049110911785,58.4386490454656],[26.828049110911785,58.44764224910285],[26.83704231454903,58.44764224910285],[26.83704231454903,58.4386490454656],[26.828049110911785,58.4386490454656]]]}},{"type":"Feature","properties":{"jobs":0,"pop":13,"pointCount":1,"homeWorkCommuteMedian":26391,"workHomeCommuteMedian":-1},"geometry":{"type":"Polygon","coordinates":[[[26.828049110911785,58.46562865637734],[26.828049110911785,58.47462186001459],[26.83704231454903,58.47462186001459],[26.83704231454903,58.46562865637734],[26.828049110911785,58.46562865637734]]]}},{"type":"Feature","properties":{"jobs":9,"pop":7,"pointCount":2,"homeWorkCommuteMedian":5776,"workHomeCommuteMedian":55522},"geometry":{"type":"Polygon","coordinates":[[[26.83704231454903,57.97100245632881],[26.83704231454903,57.97999565996606],[26.846035518186277,57.97999565996606],[26.846035518186277,57.97100245632881],[26.83704231454903,57.97100245632881]]]}},{"type":"Feature","properties":{"jobs":24,"pop":0,"pointCount":1,"homeWorkCommuteMedian":-1,"workHomeCommuteMedian":42061},"geometry":{"type":"Polygon","coordinates":[[[26.83704231454903,58.06093449270127],[26.83704231454903,58.06992769633852],[26.846035518186277,58.06992769633852],[26.846035518186277,58.06093449270127],[26.83704231454903,58.06093449270127]]]}},{"type":"Feature","properties":{"jobs":32,"pop":51,"pointCount":5,"homeWorkCommuteMedian":43082,"workHomeCommuteMedian":38451},"geometry":{"type":"Polygon","coordinates":[[[26.83704231454903,58.06992769633852],[26.83704231454903,58.07892089997576],[26.846035518186277,58.07892089997576],[26.846035518186277,58.06992769633852],[26.83704231454903,58.06992769633852]]]}},{"type":"Feature","properties":{"jobs":10,"pop":0,"pointCount":1,"homeWorkCommuteMedian":-1,"workHomeCommuteMedian":31819},"geometry":{"type":"Polygon","coordinates":[[[26.83704231454903,58.15086652907373],[26.83704231454903,58.15985973271098],[26.846035518186277,58.15985973271098],[26.846035518186277,58.15086652907373],[26.83704231454903,58.15086652907373]]]}},{"type":"Feature","properties":{"jobs":0,"pop":6,"pointCount":1,"homeWorkCommuteMedian":1673,"workHomeCommuteMedian":-1},"geometry":{"type":"Polygon","coordinates":[[[26.83704231454903,58.16885293634822],[26.83704231454903,58.17784613998547],[26.846035518186277,58.17784613998547],[26.846035518186277,58.16885293634822],[26.83704231454903,58.16885293634822]]]}},{"type":"Feature","properties":{"jobs":13,"pop":17,"pointCount":3,"homeWorkCommuteMedian":18834,"workHomeCommuteMedian":18291},"geometry":{"type":"Polygon","coordinates":[[[26.83704231454903,58.25878497272068],[26.83704231454903,58.26777817635793],[26.846035518186277,58.26777817635793],[26.846035518186277,58.25878497272068],[26.83704231454903,58.25878497272068]]]}},{"type":"Feature","properties":{"jobs":0,"pop":8,"pointCount":1,"homeWorkCommuteMedian":13537,"workHomeCommuteMedian":-1},"geometry":{"type":"Polygon","coordinates":[[[26.83704231454903,58.28576458363242],[26.83704231454903,58.29475778726967],[26.846035518186277,58.29475778726967],[26.846035518186277,58.28576458363242],[26.83704231454903,58.28576458363242]]]}},{"type":"Feature","properties":{"jobs":14,"pop":53,"pointCount":5,"homeWorkCommuteMedian":10508,"workHomeCommuteMedian":16225},"geometry":{"type":"Polygon","coordinates":[[[26.83704231454903,58.30375099090691],[26.83704231454903,58.31274419454416],[26.846035518186277,58.31274419454416],[26.846035518186277,58.30375099090691],[26.83704231454903,58.30375099090691]]]}},{"type":"Feature","properties":{"jobs":9,"pop":11,"pointCount":3,"homeWorkCommuteMedian":8292,"workHomeCommuteMedian":15171},"geometry":{"type":"Polygon","coordinates":[[[26.83704231454903,58.31274419454416],[26.83704231454903,58.321737398181405],[26.846035518186277,58.321737398181405],[26.846035518186277,58.31274419454416],[26.83704231454903,58.31274419454416]]]}},{"type":"Feature","properties":{"jobs":53,"pop":0,"pointCount":4,"homeWorkCommuteMedian":-1,"workHomeCommuteMedian":14198},"geometry":{"type":"Polygon","coordinates":[[[26.83704231454903,58.3397238054559],[26.83704231454903,58.34871700909314],[26.846035518186277,58.34871700909314],[26.846035518186277,58.3397238054559],[26.83704231454903,58.3397238054559]]]}},{"type":"Feature","properties":{"jobs":0,"pop":15,"pointCount":2,"homeWorkCommuteMedian":10883,"workHomeCommuteMedian":-1},"geometry":{"type":"Polygon","coordinates":[[[26.83704231454903,58.35771021273039],[26.83704231454903,58.366703416367635],[26.846035518186277,58.366703416367635],[26.846035518186277,58.35771021273039],[26.83704231454903,58.35771021273039]]]}},{"type":"Feature","properties":{"jobs":0,"pop":88,"pointCount":4,"homeWorkCommuteMedian":6514,"workHomeCommuteMedian":-1},"geometry":{"type":"Polygon","coordinates":[[[26.83704231454903,58.366703416367635],[26.83704231454903,58.37569662000488],[26.846035518186277,58.37569662000488],[26.846035518186277,58.366703416367635],[26.83704231454903,58.366703416367635]]]}},{"type":"Feature","properties":{"jobs":0,"pop":5,"pointCount":1,"homeWorkCommuteMedian":4600,"workHomeCommuteMedian":-1},"geometry":{"type":"Polygon","coordinates":[[[26.83704231454903,58.38468982364213],[26.83704231454903,58.39368302727937],[26.846035518186277,58.39368302727937],[26.846035518186277,58.38468982364213],[26.83704231454903,58.38468982364213]]]}},{"type":"Feature","properties":{"jobs":0,"pop":39,"pointCount":2,"homeWorkCommuteMedian":14285,"workHomeCommuteMedian":-1},"geometry":{"type":"Polygon","coordinates":[[[26.83704231454903,58.42965584182836],[26.83704231454903,58.4386490454656],[26.846035518186277,58.4386490454656],[26.846035518186277,58.42965584182836],[26.83704231454903,58.42965584182836]]]}},{"type":"Feature","properties":{"jobs":5,"pop":0,"pointCount":1,"homeWorkCommuteMedian":-1,"workHomeCommuteMedian":15318},"geometry":{"type":"Polygon","coordinates":[[[26.83704231454903,58.4386490454656],[26.83704231454903,58.44764224910285],[26.846035518186277,58.44764224910285],[26.846035518186277,58.4386490454656],[26.83704231454903,58.4386490454656]]]}},{"type":"Feature","properties":{"jobs":6,"pop":10,"pointCount":1,"homeWorkCommuteMedian":17382,"workHomeCommuteMedian":16988},"geometry":{"type":"Polygon","coordinates":[[[26.83704231454903,58.44764224910285],[26.83704231454903,58.456635452740095],[26.846035518186277,58.456635452740095],[26.846035518186277,58.44764224910285],[26.83704231454903,58.44764224910285]]]}},{"type":"Feature","properties":{"jobs":11,"pop":28,"pointCount":3,"homeWorkCommuteMedian":14995,"workHomeCommuteMedian":13261},"geometry":{"type":"Polygon","coordinates":[[[26.83704231454903,58.46562865637734],[26.83704231454903,58.47462186001459],[26.846035518186277,58.47462186001459],[26.846035518186277,58.46562865637734],[26.83704231454903,58.46562865637734]]]}},{"type":"Feature","properties":{"jobs":0,"pop":6,"pointCount":1,"homeWorkCommuteMedian":15631,"workHomeCommuteMedian":-1},"geometry":{"type":"Polygon","coordinates":[[[26.83704231454903,58.49260826728908],[26.83704231454903,58.501601470926325],[26.846035518186277,58.501601470926325],[26.846035518186277,58.49260826728908],[26.83704231454903,58.49260826728908]]]}},{"type":"Feature","properties":{"jobs":0,"pop":12,"pointCount":2,"homeWorkCommuteMedian":29877,"workHomeCommuteMedian":-1},"geometry":{"type":"Polygon","coordinates":[[[26.83704231454903,58.56455389638705],[26.83704231454903,58.57354710002429],[26.846035518186277,58.57354710002429],[26.846035518186277,58.56455389638705],[26.83704231454903,58.56455389638705]]]}},{"type":"Feature","properties":{"jobs":0,"pop":6,"pointCount":1,"homeWorkCommuteMedian":58131,"workHomeCommuteMedian":-1},"geometry":{"type":"Polygon","coordinates":[[[26.846035518186277,57.95301604905432],[26.846035518186277,57.962009252691566],[26.855028721823523,57.962009252691566],[26.855028721823523,57.95301604905432],[26.846035518186277,57.95301604905432]]]}},{"type":"Feature","properties":{"jobs":0,"pop":3,"pointCount":1,"homeWorkCommuteMedian":8411,"workHomeCommuteMedian":-1},"geometry":{"type":"Polygon","coordinates":[[[26.846035518186277,57.97999565996606],[26.846035518186277,57.9889888636033],[26.855028721823523,57.9889888636033],[26.855028721823523,57.97999565996606],[26.846035518186277,57.97999565996606]]]}},{"type":"Feature","properties":{"jobs":10,"pop":0,"pointCount":1,"homeWorkCommuteMedian":-1,"workHomeCommuteMedian":58083},"geometry":{"type":"Polygon","coordinates":[[[26.846035518186277,57.9889888636033],[26.846035518186277,57.99798206724055],[26.855028721823523,57.99798206724055],[26.855028721823523,57.9889888636033],[26.846035518186277,57.9889888636033]]]}},{"type":"Feature","properties":{"jobs":0,"pop":5,"pointCount":1,"homeWorkCommuteMedian":50638,"workHomeCommuteMedian":-1},"geometry":{"type":"Polygon","coordinates":[[[26.846035518186277,58.06992769633852],[26.846035518186277,58.07892089997576],[26.855028721823523,58.07892089997576],[26.855028721823523,58.06992769633852],[26.846035518186277,58.06992769633852]]]}},{"type":"Feature","properties":{"jobs":6,"pop":27,"pointCount":2,"homeWorkCommuteMedian":23411,"workHomeCommuteMedian":51997},"geometry":{"type":"Polygon","coordinates":[[[26.846035518186277,58.25878497272068],[26.846035518186277,58.26777817635793],[26.855028721823523,58.26777817635793],[26.855028721823523,58.25878497272068],[26.846035518186277,58.25878497272068]]]}},{"type":"Feature","properties":{"jobs":8,"pop":0,"pointCount":1,"homeWorkCommuteMedian":-1,"workHomeCommuteMedian":5658},"geometry":{"type":"Polygon","coordinates":[[[26.846035518186277,58.28576458363242],[26.846035518186277,58.29475778726967],[26.855028721823523,58.29475778726967],[26.855028721823523,58.28576458363242],[26.846035518186277,58.28576458363242]]]}},{"type":"Feature","properties":{"jobs":0,"pop":35,"pointCount":2,"homeWorkCommuteMedian":15844,"workHomeCommuteMedian":-1},"geometry":{"type":"Polygon","coordinates":[[[26.846035518186277,58.29475778726967],[26.846035518186277,58.30375099090691],[26.855028721823523,58.30375099090691],[26.855028721823523,58.29475778726967],[26.846035518186277,58.29475778726967]]]}},{"type":"Feature","properties":{"jobs":0,"pop":13,"pointCount":2,"homeWorkCommuteMedian":7582,"workHomeCommuteMedian":-1},"geometry":{"type":"Polygon","coordinates":[[[26.846035518186277,58.31274419454416],[26.846035518186277,58.321737398181405],[26.855028721823523,58.321737398181405],[26.855028721823523,58.31274419454416],[26.846035518186277,58.31274419454416]]]}},{"type":"Feature","properties":{"jobs":0,"pop":5,"pointCount":1,"homeWorkCommuteMedian":3673,"workHomeCommuteMedian":-1},"geometry":{"type":"Polygon","coordinates":[[[26.846035518186277,58.3397238054559],[26.846035518186277,58.34871700909314],[26.855028721823523,58.34871700909314],[26.855028721823523,58.3397238054559],[26.846035518186277,58.3397238054559]]]}},{"type":"Feature","properties":{"jobs":0,"pop":27,"pointCount":2,"homeWorkCommuteMedian":16056,"workHomeCommuteMedian":-1},"geometry":{"type":"Polygon","coordinates":[[[26.846035518186277,58.35771021273039],[26.846035518186277,58.366703416367635],[26.855028721823523,58.366703416367635],[26.855028721823523,58.35771021273039],[26.846035518186277,58.35771021273039]]]}},{"type":"Feature","properties":{"jobs":0,"pop":77,"pointCount":4,"homeWorkCommuteMedian":9512,"workHomeCommuteMedian":-1},"geometry":{"type":"Polygon","coordinates":[[[26.846035518186277,58.366703416367635],[26.846035518186277,58.37569662000488],[26.855028721823523,58.37569662000488],[26.855028721823523,58.366703416367635],[26.846035518186277,58.366703416367635]]]}},{"type":"Feature","properties":{"jobs":0,"pop":7,"pointCount":1,"homeWorkCommuteMedian":3862,"workHomeCommuteMedian":-1},"geometry":{"type":"Polygon","coordinates":[[[26.846035518186277,58.39368302727937],[26.846035518186277,58.40267623091662],[26.855028721823523,58.40267623091662],[26.855028721823523,58.39368302727937],[26.846035518186277,58.39368302727937]]]}},{"type":"Feature","properties":{"jobs":0,"pop":33,"pointCount":1,"homeWorkCommuteMedian":16073,"workHomeCommuteMedian":-1},"geometry":{"type":"Polygon","coordinates":[[[26.846035518186277,58.42066263819111],[26.846035518186277,58.42965584182836],[26.855028721823523,58.42965584182836],[26.855028721823523,58.42066263819111],[26.846035518186277,58.42066263819111]]]}},{"type":"Feature","properties":{"jobs":6,"pop":0,"pointCount":1,"homeWorkCommuteMedian":-1,"workHomeCommuteMedian":12575},"geometry":{"type":"Polygon","coordinates":[[[26.846035518186277,58.42965584182836],[26.846035518186277,58.4386490454656],[26.855028721823523,58.4386490454656],[26.855028721823523,58.42965584182836],[26.846035518186277,58.42965584182836]]]}},{"type":"Feature","properties":{"jobs":0,"pop":7,"pointCount":1,"homeWorkCommuteMedian":14487,"workHomeCommuteMedian":-1},"geometry":{"type":"Polygon","coordinates":[[[26.846035518186277,58.456635452740095],[26.846035518186277,58.46562865637734],[26.855028721823523,58.46562865637734],[26.855028721823523,58.456635452740095],[26.846035518186277,58.456635452740095]]]}},{"type":"Feature","properties":{"jobs":0,"pop":8,"pointCount":1,"homeWorkCommuteMedian":15539,"workHomeCommuteMedian":-1},"geometry":{"type":"Polygon","coordinates":[[[26.846035518186277,58.46562865637734],[26.846035518186277,58.47462186001459],[26.855028721823523,58.47462186001459],[26.855028721823523,58.46562865637734],[26.846035518186277,58.46562865637734]]]}},{"type":"Feature","properties":{"jobs":6,"pop":0,"pointCount":1,"homeWorkCommuteMedian":-1,"workHomeCommuteMedian":42326},"geometry":{"type":"Polygon","coordinates":[[[26.846035518186277,58.47462186001459],[26.846035518186277,58.48361506365183],[26.855028721823523,58.48361506365183],[26.855028721823523,58.47462186001459],[26.846035518186277,58.47462186001459]]]}},{"type":"Feature","properties":{"jobs":0,"pop":6,"pointCount":1,"homeWorkCommuteMedian":6053,"workHomeCommuteMedian":-1},"geometry":{"type":"Polygon","coordinates":[[[26.846035518186277,58.49260826728908],[26.846035518186277,58.501601470926325],[26.855028721823523,58.501601470926325],[26.855028721823523,58.49260826728908],[26.846035518186277,58.49260826728908]]]}},{"type":"Feature","properties":{"jobs":0,"pop":10,"pointCount":1,"homeWorkCommuteMedian":56961,"workHomeCommuteMedian":-1},"geometry":{"type":"Polygon","coordinates":[[[26.855028721823523,57.944022845417074],[26.855028721823523,57.95301604905432],[26.86402192546077,57.95301604905432],[26.86402192546077,57.944022845417074],[26.855028721823523,57.944022845417074]]]}},{"type":"Feature","properties":{"jobs":9,"pop":0,"pointCount":1,"homeWorkCommuteMedian":-1,"workHomeCommuteMedian":45018},"geometry":{"type":"Polygon","coordinates":[[[26.855028721823523,58.04294808542678],[26.855028721823523,58.051941289064025],[26.86402192546077,58.051941289064025],[26.86402192546077,58.04294808542678],[26.855028721823523,58.04294808542678]]]}},{"type":"Feature","properties":{"jobs":0,"pop":15,"pointCount":2,"homeWorkCommuteMedian":16565,"workHomeCommuteMedian":-1},"geometry":{"type":"Polygon","coordinates":[[[26.855028721823523,58.07892089997576],[26.855028721823523,58.08791410361301],[26.86402192546077,58.08791410361301],[26.86402192546077,58.07892089997576],[26.855028721823523,58.07892089997576]]]}},{"type":"Feature","properties":{"jobs":0,"pop":10,"pointCount":1,"homeWorkCommuteMedian":33400,"workHomeCommuteMedian":-1},"geometry":{"type":"Polygon","coordinates":[[[26.855028721823523,58.141873325436485],[26.855028721823523,58.15086652907373],[26.86402192546077,58.15086652907373],[26.86402192546077,58.141873325436485],[26.855028721823523,58.141873325436485]]]}},{"type":"Feature","properties":{"jobs":7,"pop":7,"pointCount":1,"homeWorkCommuteMedian":21177,"workHomeCommuteMedian":29466},"geometry":{"type":"Polygon","coordinates":[[[26.855028721823523,58.17784613998547],[26.855028721823523,58.186839343622715],[26.86402192546077,58.186839343622715],[26.86402192546077,58.17784613998547],[26.855028721823523,58.17784613998547]]]}},{"type":"Feature","properties":{"jobs":0,"pop":11,"pointCount":2,"homeWorkCommuteMedian":39252,"workHomeCommuteMedian":-1},"geometry":{"type":"Polygon","coordinates":[[[26.855028721823523,58.24079856544619],[26.855028721823523,58.24979176908344],[26.86402192546077,58.24979176908344],[26.86402192546077,58.24079856544619],[26.855028721823523,58.24079856544619]]]}},{"type":"Feature","properties":{"jobs":0,"pop":5,"pointCount":1,"homeWorkCommuteMedian":1689,"workHomeCommuteMedian":-1},"geometry":{"type":"Polygon","coordinates":[[[26.855028721823523,58.28576458363242],[26.855028721823523,58.29475778726967],[26.86402192546077,58.29475778726967],[26.86402192546077,58.28576458363242],[26.855028721823523,58.28576458363242]]]}},{"type":"Feature","properties":{"jobs":0,"pop":68,"pointCount":4,"homeWorkCommuteMedian":14862,"workHomeCommuteMedian":-1},"geometry":{"type":"Polygon","coordinates":[[[26.855028721823523,58.29475778726967],[26.855028721823523,58.30375099090691],[26.86402192546077,58.30375099090691],[26.86402192546077,58.29475778726967],[26.855028721823523,58.29475778726967]]]}},{"type":"Feature","properties":{"jobs":22,"pop":0,"pointCount":1,"homeWorkCommuteMedian":-1,"workHomeCommuteMedian":18769},"geometry":{"type":"Polygon","coordinates":[[[26.855028721823523,58.30375099090691],[26.855028721823523,58.31274419454416],[26.86402192546077,58.31274419454416],[26.86402192546077,58.30375099090691],[26.855028721823523,58.30375099090691]]]}},{"type":"Feature","properties":{"jobs":0,"pop":37,"pointCount":2,"homeWorkCommuteMedian":11782,"workHomeCommuteMedian":-1},"geometry":{"type":"Polygon","coordinates":[[[26.855028721823523,58.34871700909314],[26.855028721823523,58.35771021273039],[26.86402192546077,58.35771021273039],[26.86402192546077,58.34871700909314],[26.855028721823523,58.34871700909314]]]}},{"type":"Feature","properties":{"jobs":5,"pop":11,"pointCount":1,"homeWorkCommuteMedian":14237,"workHomeCommuteMedian":11624},"geometry":{"type":"Polygon","coordinates":[[[26.855028721823523,58.42965584182836],[26.855028721823523,58.4386490454656],[26.86402192546077,58.4386490454656],[26.86402192546077,58.42965584182836],[26.855028721823523,58.42965584182836]]]}},{"type":"Feature","properties":{"jobs":8,"pop":6,"pointCount":1,"homeWorkCommuteMedian":6415,"workHomeCommuteMedian":19248},"geometry":{"type":"Polygon","coordinates":[[[26.855028721823523,58.456635452740095],[26.855028721823523,58.46562865637734],[26.86402192546077,58.46562865637734],[26.86402192546077,58.456635452740095],[26.855028721823523,58.456635452740095]]]}},{"type":"Feature","properties":{"jobs":0,"pop":7,"pointCount":1,"homeWorkCommuteMedian":29913,"workHomeCommuteMedian":-1},"geometry":{"type":"Polygon","coordinates":[[[26.855028721823523,58.48361506365183],[26.855028721823523,58.49260826728908],[26.86402192546077,58.49260826728908],[26.86402192546077,58.48361506365183],[26.855028721823523,58.48361506365183]]]}},{"type":"Feature","properties":{"jobs":0,"pop":16,"pointCount":1,"homeWorkCommuteMedian":20684,"workHomeCommuteMedian":-1},"geometry":{"type":"Polygon","coordinates":[[[26.855028721823523,58.51059467456357],[26.855028721823523,58.51958787820082],[26.86402192546077,58.51958787820082],[26.86402192546077,58.51059467456357],[26.855028721823523,58.51059467456357]]]}},{"type":"Feature","properties":{"jobs":2,"pop":0,"pointCount":1,"homeWorkCommuteMedian":-1,"workHomeCommuteMedian":4321},"geometry":{"type":"Polygon","coordinates":[[[26.855028721823523,58.58254030366154],[26.855028721823523,58.591533507298784],[26.86402192546077,58.591533507298784],[26.86402192546077,58.58254030366154],[26.855028721823523,58.58254030366154]]]}},{"type":"Feature","properties":{"jobs":7,"pop":13,"pointCount":1,"homeWorkCommuteMedian":37512,"workHomeCommuteMedian":18812},"geometry":{"type":"Polygon","coordinates":[[[26.86402192546077,57.944022845417074],[26.86402192546077,57.95301604905432],[26.873015129098015,57.95301604905432],[26.873015129098015,57.944022845417074],[26.86402192546077,57.944022845417074]]]}},{"type":"Feature","properties":{"jobs":0,"pop":6,"pointCount":1,"homeWorkCommuteMedian":13277,"workHomeCommuteMedian":-1},"geometry":{"type":"Polygon","coordinates":[[[26.86402192546077,57.97100245632881],[26.86402192546077,57.97999565996606],[26.873015129098015,57.97999565996606],[26.873015129098015,57.97100245632881],[26.86402192546077,57.97100245632881]]]}},{"type":"Feature","properties":{"jobs":0,"pop":8,"pointCount":1,"homeWorkCommuteMedian":11097,"workHomeCommuteMedian":-1},"geometry":{"type":"Polygon","coordinates":[[[26.86402192546077,58.03395488178953],[26.86402192546077,58.04294808542678],[26.873015129098015,58.04294808542678],[26.873015129098015,58.03395488178953],[26.86402192546077,58.03395488178953]]]}},{"type":"Feature","properties":{"jobs":0,"pop":7,"pointCount":1,"homeWorkCommuteMedian":43532,"workHomeCommuteMedian":-1},"geometry":{"type":"Polygon","coordinates":[[[26.86402192546077,58.04294808542678],[26.86402192546077,58.051941289064025],[26.873015129098015,58.051941289064025],[26.873015129098015,58.04294808542678],[26.86402192546077,58.04294808542678]]]}},{"type":"Feature","properties":{"jobs":0,"pop":7,"pointCount":1,"homeWorkCommuteMedian":10418,"workHomeCommuteMedian":-1},"geometry":{"type":"Polygon","coordinates":[[[26.86402192546077,58.28576458363242],[26.86402192546077,58.29475778726967],[26.873015129098015,58.29475778726967],[26.873015129098015,58.28576458363242],[26.86402192546077,58.28576458363242]]]}},{"type":"Feature","properties":{"jobs":60,"pop":94,"pointCount":8,"homeWorkCommuteMedian":15172,"workHomeCommuteMedian":9161},"geometry":{"type":"Polygon","coordinates":[[[26.86402192546077,58.29475778726967],[26.86402192546077,58.30375099090691],[26.873015129098015,58.30375099090691],[26.873015129098015,58.29475778726967],[26.86402192546077,58.29475778726967]]]}},{"type":"Feature","properties":{"jobs":58,"pop":0,"pointCount":3,"homeWorkCommuteMedian":-1,"workHomeCommuteMedian":11473},"geometry":{"type":"Polygon","coordinates":[[[26.86402192546077,58.30375099090691],[26.86402192546077,58.31274419454416],[26.873015129098015,58.31274419454416],[26.873015129098015,58.30375099090691],[26.86402192546077,58.30375099090691]]]}},{"type":"Feature","properties":{"jobs":0,"pop":5,"pointCount":1,"homeWorkCommuteMedian":6661,"workHomeCommuteMedian":-1},"geometry":{"type":"Polygon","coordinates":[[[26.86402192546077,58.321737398181405],[26.86402192546077,58.33073060181865],[26.873015129098015,58.33073060181865],[26.873015129098015,58.321737398181405],[26.86402192546077,58.321737398181405]]]}},{"type":"Feature","properties":{"jobs":0,"pop":163,"pointCount":4,"homeWorkCommuteMedian":6597,"workHomeCommuteMedian":-1},"geometry":{"type":"Polygon","coordinates":[[[26.86402192546077,58.34871700909314],[26.86402192546077,58.35771021273039],[26.873015129098015,58.35771021273039],[26.873015129098015,58.34871700909314],[26.86402192546077,58.34871700909314]]]}},{"type":"Feature","properties":{"jobs":12,"pop":0,"pointCount":1,"homeWorkCommuteMedian":-1,"workHomeCommuteMedian":11070},"geometry":{"type":"Polygon","coordinates":[[[26.86402192546077,58.366703416367635],[26.86402192546077,58.37569662000488],[26.873015129098015,58.37569662000488],[26.873015129098015,58.366703416367635],[26.86402192546077,58.366703416367635]]]}},{"type":"Feature","properties":{"jobs":5,"pop":5,"pointCount":2,"homeWorkCommuteMedian":11734,"workHomeCommuteMedian":7250},"geometry":{"type":"Polygon","coordinates":[[[26.86402192546077,58.37569662000488],[26.86402192546077,58.38468982364213],[26.873015129098015,58.38468982364213],[26.873015129098015,58.37569662000488],[26.86402192546077,58.37569662000488]]]}},{"type":"Feature","properties":{"jobs":5,"pop":10,"pointCount":1,"homeWorkCommuteMedian":10319,"workHomeCommuteMedian":9413},"geometry":{"type":"Polygon","coordinates":[[[26.86402192546077,58.38468982364213],[26.86402192546077,58.39368302727937],[26.873015129098015,58.39368302727937],[26.873015129098015,58.38468982364213],[26.86402192546077,58.38468982364213]]]}},{"type":"Feature","properties":{"jobs":0,"pop":6,"pointCount":1,"homeWorkCommuteMedian":8441,"workHomeCommuteMedian":-1},"geometry":{"type":"Polygon","coordinates":[[[26.86402192546077,58.40267623091662],[26.86402192546077,58.411669434553865],[26.873015129098015,58.411669434553865],[26.873015129098015,58.40267623091662],[26.86402192546077,58.40267623091662]]]}},{"type":"Feature","properties":{"jobs":5,"pop":36,"pointCount":2,"homeWorkCommuteMedian":20323,"workHomeCommuteMedian":28779},"geometry":{"type":"Polygon","coordinates":[[[26.86402192546077,58.501601470926325],[26.86402192546077,58.51059467456357],[26.873015129098015,58.51059467456357],[26.873015129098015,58.501601470926325],[26.86402192546077,58.501601470926325]]]}},{"type":"Feature","properties":{"jobs":1,"pop":0,"pointCount":1,"homeWorkCommuteMedian":-1,"workHomeCommuteMedian":27735},"geometry":{"type":"Polygon","coordinates":[[[26.86402192546077,58.51059467456357],[26.86402192546077,58.51958787820082],[26.873015129098015,58.51958787820082],[26.873015129098015,58.51059467456357],[26.86402192546077,58.51059467456357]]]}},{"type":"Feature","properties":{"jobs":54,"pop":11,"pointCount":4,"homeWorkCommuteMedian":22209,"workHomeCommuteMedian":21056},"geometry":{"type":"Polygon","coordinates":[[[26.86402192546077,58.51958787820082],[26.86402192546077,58.52858108183806],[26.873015129098015,58.52858108183806],[26.873015129098015,58.51958787820082],[26.86402192546077,58.51958787820082]]]}},{"type":"Feature","properties":{"jobs":0,"pop":7,"pointCount":1,"homeWorkCommuteMedian":10908,"workHomeCommuteMedian":-1},"geometry":{"type":"Polygon","coordinates":[[[26.86402192546077,58.58254030366154],[26.86402192546077,58.591533507298784],[26.873015129098015,58.591533507298784],[26.873015129098015,58.58254030366154],[26.86402192546077,58.58254030366154]]]}},{"type":"Feature","properties":{"jobs":0,"pop":36,"pointCount":3,"homeWorkCommuteMedian":47746,"workHomeCommuteMedian":-1},"geometry":{"type":"Polygon","coordinates":[[[26.873015129098015,57.97100245632881],[26.873015129098015,57.97999565996606],[26.88200833273526,57.97999565996606],[26.88200833273526,57.97100245632881],[26.873015129098015,57.97100245632881]]]}},{"type":"Feature","properties":{"jobs":25,"pop":87,"pointCount":5,"homeWorkCommuteMedian":29033,"workHomeCommuteMedian":57100},"geometry":{"type":"Polygon","coordinates":[[[26.873015129098015,57.97999565996606],[26.873015129098015,57.9889888636033],[26.88200833273526,57.9889888636033],[26.88200833273526,57.97999565996606],[26.873015129098015,57.97999565996606]]]}},{"type":"Feature","properties":{"jobs":0,"pop":9,"pointCount":1,"homeWorkCommuteMedian":6633,"workHomeCommuteMedian":-1},"geometry":{"type":"Polygon","coordinates":[[[26.873015129098015,58.006975270877795],[26.873015129098015,58.01596847451504],[26.88200833273526,58.01596847451504],[26.88200833273526,58.006975270877795],[26.873015129098015,58.006975270877795]]]}},{"type":"Feature","properties":{"jobs":0,"pop":5,"pointCount":1,"homeWorkCommuteMedian":39657,"workHomeCommuteMedian":-1},"geometry":{"type":"Polygon","coordinates":[[[26.873015129098015,58.051941289064025],[26.873015129098015,58.06093449270127],[26.88200833273526,58.06093449270127],[26.88200833273526,58.051941289064025],[26.873015129098015,58.051941289064025]]]}},{"type":"Feature","properties":{"jobs":0,"pop":23,"pointCount":1,"homeWorkCommuteMedian":26270,"workHomeCommuteMedian":-1},"geometry":{"type":"Polygon","coordinates":[[[26.873015129098015,58.24079856544619],[26.873015129098015,58.24979176908344],[26.88200833273526,58.24979176908344],[26.88200833273526,58.24079856544619],[26.873015129098015,58.24079856544619]]]}},{"type":"Feature","properties":{"jobs":0,"pop":18,"pointCount":2,"homeWorkCommuteMedian":20014,"workHomeCommuteMedian":-1},"geometry":{"type":"Polygon","coordinates":[[[26.873015129098015,58.28576458363242],[26.873015129098015,58.29475778726967],[26.88200833273526,58.29475778726967],[26.88200833273526,58.28576458363242],[26.873015129098015,58.28576458363242]]]}},{"type":"Feature","properties":{"jobs":33,"pop":23,"pointCount":4,"homeWorkCommuteMedian":19923,"workHomeCommuteMedian":14993},"geometry":{"type":"Polygon","coordinates":[[[26.873015129098015,58.29475778726967],[26.873015129098015,58.30375099090691],[26.88200833273526,58.30375099090691],[26.88200833273526,58.29475778726967],[26.873015129098015,58.29475778726967]]]}},{"type":"Feature","properties":{"jobs":0,"pop":11,"pointCount":1,"homeWorkCommuteMedian":18163,"workHomeCommuteMedian":-1},"geometry":{"type":"Polygon","coordinates":[[[26.873015129098015,58.31274419454416],[26.873015129098015,58.321737398181405],[26.88200833273526,58.321737398181405],[26.88200833273526,58.31274419454416],[26.873015129098015,58.31274419454416]]]}},{"type":"Feature","properties":{"jobs":246,"pop":124,"pointCount":7,"homeWorkCommuteMedian":13589,"workHomeCommuteMedian":10541},"geometry":{"type":"Polygon","coordinates":[[[26.873015129098015,58.34871700909314],[26.873015129098015,58.35771021273039],[26.88200833273526,58.35771021273039],[26.88200833273526,58.34871700909314],[26.873015129098015,58.34871700909314]]]}},{"type":"Feature","properties":{"jobs":129,"pop":0,"pointCount":6,"homeWorkCommuteMedian":-1,"workHomeCommuteMedian":12262},"geometry":{"type":"Polygon","coordinates":[[[26.873015129098015,58.35771021273039],[26.873015129098015,58.366703416367635],[26.88200833273526,58.366703416367635],[26.88200833273526,58.35771021273039],[26.873015129098015,58.35771021273039]]]}},{"type":"Feature","properties":{"jobs":0,"pop":11,"pointCount":1,"homeWorkCommuteMedian":14431,"workHomeCommuteMedian":-1},"geometry":{"type":"Polygon","coordinates":[[[26.873015129098015,58.37569662000488],[26.873015129098015,58.38468982364213],[26.88200833273526,58.38468982364213],[26.88200833273526,58.37569662000488],[26.873015129098015,58.37569662000488]]]}},{"type":"Feature","properties":{"jobs":18,"pop":0,"pointCount":1,"homeWorkCommuteMedian":-1,"workHomeCommuteMedian":10378},"geometry":{"type":"Polygon","coordinates":[[[26.873015129098015,58.39368302727937],[26.873015129098015,58.40267623091662],[26.88200833273526,58.40267623091662],[26.88200833273526,58.39368302727937],[26.873015129098015,58.39368302727937]]]}},{"type":"Feature","properties":{"jobs":0,"pop":5,"pointCount":1,"homeWorkCommuteMedian":19629,"workHomeCommuteMedian":-1},"geometry":{"type":"Polygon","coordinates":[[[26.873015129098015,58.456635452740095],[26.873015129098015,58.46562865637734],[26.88200833273526,58.46562865637734],[26.88200833273526,58.456635452740095],[26.873015129098015,58.456635452740095]]]}},{"type":"Feature","properties":{"jobs":11,"pop":6,"pointCount":2,"homeWorkCommuteMedian":22514,"workHomeCommuteMedian":22935},"geometry":{"type":"Polygon","coordinates":[[[26.873015129098015,58.501601470926325],[26.873015129098015,58.51059467456357],[26.88200833273526,58.51059467456357],[26.88200833273526,58.501601470926325],[26.873015129098015,58.501601470926325]]]}},{"type":"Feature","properties":{"jobs":0,"pop":19,"pointCount":1,"homeWorkCommuteMedian":18891,"workHomeCommuteMedian":-1},"geometry":{"type":"Polygon","coordinates":[[[26.873015129098015,58.51958787820082],[26.873015129098015,58.52858108183806],[26.88200833273526,58.52858108183806],[26.88200833273526,58.51958787820082],[26.873015129098015,58.51958787820082]]]}},{"type":"Feature","properties":{"jobs":0,"pop":33,"pointCount":3,"homeWorkCommuteMedian":23847,"workHomeCommuteMedian":-1},"geometry":{"type":"Polygon","coordinates":[[[26.873015129098015,58.52858108183806],[26.873015129098015,58.53757428547531],[26.88200833273526,58.53757428547531],[26.88200833273526,58.52858108183806],[26.873015129098015,58.52858108183806]]]}},{"type":"Feature","properties":{"jobs":5,"pop":0,"pointCount":1,"homeWorkCommuteMedian":-1,"workHomeCommuteMedian":54705},"geometry":{"type":"Polygon","coordinates":[[[26.88200833273526,57.962009252691566],[26.88200833273526,57.97100245632881],[26.891001536372507,57.97100245632881],[26.891001536372507,57.962009252691566],[26.88200833273526,57.962009252691566]]]}},{"type":"Feature","properties":{"jobs":92,"pop":32,"pointCount":8,"homeWorkCommuteMedian":53074,"workHomeCommuteMedian":57226},"geometry":{"type":"Polygon","coordinates":[[[26.88200833273526,57.97100245632881],[26.88200833273526,57.97999565996606],[26.891001536372507,57.97999565996606],[26.891001536372507,57.97100245632881],[26.88200833273526,57.97100245632881]]]}},{"type":"Feature","properties":{"jobs":0,"pop":10,"pointCount":1,"homeWorkCommuteMedian":56039,"workHomeCommuteMedian":-1},"geometry":{"type":"Polygon","coordinates":[[[26.88200833273526,57.9889888636033],[26.88200833273526,57.99798206724055],[26.891001536372507,57.99798206724055],[26.891001536372507,57.9889888636033],[26.88200833273526,57.9889888636033]]]}},{"type":"Feature","properties":{"jobs":0,"pop":8,"pointCount":1,"homeWorkCommuteMedian":5755,"workHomeCommuteMedian":-1},"geometry":{"type":"Polygon","coordinates":[[[26.88200833273526,57.99798206724055],[26.88200833273526,58.006975270877795],[26.891001536372507,58.006975270877795],[26.891001536372507,57.99798206724055],[26.88200833273526,57.99798206724055]]]}},{"type":"Feature","properties":{"jobs":21,"pop":0,"pointCount":2,"homeWorkCommuteMedian":-1,"workHomeCommuteMedian":24743},"geometry":{"type":"Polygon","coordinates":[[[26.88200833273526,58.006975270877795],[26.88200833273526,58.01596847451504],[26.891001536372507,58.01596847451504],[26.891001536372507,58.006975270877795],[26.88200833273526,58.006975270877795]]]}},{"type":"Feature","properties":{"jobs":0,"pop":5,"pointCount":1,"homeWorkCommuteMedian":9945,"workHomeCommuteMedian":-1},"geometry":{"type":"Polygon","coordinates":[[[26.88200833273526,58.01596847451504],[26.88200833273526,58.02496167815229],[26.891001536372507,58.02496167815229],[26.891001536372507,58.01596847451504],[26.88200833273526,58.01596847451504]]]}},{"type":"Feature","properties":{"jobs":0,"pop":7,"pointCount":1,"homeWorkCommuteMedian":5236,"workHomeCommuteMedian":-1},"geometry":{"type":"Polygon","coordinates":[[[26.88200833273526,58.051941289064025],[26.88200833273526,58.06093449270127],[26.891001536372507,58.06093449270127],[26.891001536372507,58.051941289064025],[26.88200833273526,58.051941289064025]]]}},{"type":"Feature","properties":{"jobs":2,"pop":0,"pointCount":1,"homeWorkCommuteMedian":-1,"workHomeCommuteMedian":2013},"geometry":{"type":"Polygon","coordinates":[[[26.88200833273526,58.1059005108875],[26.88200833273526,58.11489371452475],[26.891001536372507,58.11489371452475],[26.891001536372507,58.1059005108875],[26.88200833273526,58.1059005108875]]]}},{"type":"Feature","properties":{"jobs":0,"pop":6,"pointCount":1,"homeWorkCommuteMedian":17495,"workHomeCommuteMedian":-1},"geometry":{"type":"Polygon","coordinates":[[[26.88200833273526,58.11489371452475],[26.88200833273526,58.12388691816199],[26.891001536372507,58.12388691816199],[26.891001536372507,58.11489371452475],[26.88200833273526,58.11489371452475]]]}},{"type":"Feature","properties":{"jobs":0,"pop":13,"pointCount":1,"homeWorkCommuteMedian":35560,"workHomeCommuteMedian":-1},"geometry":{"type":"Polygon","coordinates":[[[26.88200833273526,58.12388691816199],[26.88200833273526,58.13288012179924],[26.891001536372507,58.13288012179924],[26.891001536372507,58.12388691816199],[26.88200833273526,58.12388691816199]]]}},{"type":"Feature","properties":{"jobs":0,"pop":5,"pointCount":1,"homeWorkCommuteMedian":20047,"workHomeCommuteMedian":-1},"geometry":{"type":"Polygon","coordinates":[[[26.88200833273526,58.141873325436485],[26.88200833273526,58.15086652907373],[26.891001536372507,58.15086652907373],[26.891001536372507,58.141873325436485],[26.88200833273526,58.141873325436485]]]}},{"type":"Feature","properties":{"jobs":0,"pop":8,"pointCount":1,"homeWorkCommuteMedian":1607,"workHomeCommuteMedian":-1},"geometry":{"type":"Polygon","coordinates":[[[26.88200833273526,58.17784613998547],[26.88200833273526,58.186839343622715],[26.891001536372507,58.186839343622715],[26.891001536372507,58.17784613998547],[26.88200833273526,58.17784613998547]]]}},{"type":"Feature","properties":{"jobs":0,"pop":10,"pointCount":1,"homeWorkCommuteMedian":20851,"workHomeCommuteMedian":-1},"geometry":{"type":"Polygon","coordinates":[[[26.88200833273526,58.21381895453445],[26.88200833273526,58.2228121581717],[26.891001536372507,58.2228121581717],[26.891001536372507,58.21381895453445],[26.88200833273526,58.21381895453445]]]}},{"type":"Feature","properties":{"jobs":8,"pop":0,"pointCount":1,"homeWorkCommuteMedian":-1,"workHomeCommuteMedian":28259},"geometry":{"type":"Polygon","coordinates":[[[26.88200833273526,58.2228121581717],[26.88200833273526,58.231805361808945],[26.891001536372507,58.231805361808945],[26.891001536372507,58.2228121581717],[26.88200833273526,58.2228121581717]]]}},{"type":"Feature","properties":{"jobs":9,"pop":0,"pointCount":1,"homeWorkCommuteMedian":-1,"workHomeCommuteMedian":28634},"geometry":{"type":"Polygon","coordinates":[[[26.88200833273526,58.24079856544619],[26.88200833273526,58.24979176908344],[26.891001536372507,58.24979176908344],[26.891001536372507,58.24079856544619],[26.88200833273526,58.24079856544619]]]}},{"type":"Feature","properties":{"jobs":0,"pop":20,"pointCount":1,"homeWorkCommuteMedian":23816,"workHomeCommuteMedian":-1},"geometry":{"type":"Polygon","coordinates":[[[26.88200833273526,58.24979176908344],[26.88200833273526,58.25878497272068],[26.891001536372507,58.25878497272068],[26.891001536372507,58.24979176908344],[26.88200833273526,58.24979176908344]]]}},{"type":"Feature","properties":{"jobs":0,"pop":12,"pointCount":1,"homeWorkCommuteMedian":19015,"workHomeCommuteMedian":-1},"geometry":{"type":"Polygon","coordinates":[[[26.88200833273526,58.28576458363242],[26.88200833273526,58.29475778726967],[26.891001536372507,58.29475778726967],[26.891001536372507,58.28576458363242],[26.88200833273526,58.28576458363242]]]}},{"type":"Feature","properties":{"jobs":35,"pop":11,"pointCount":3,"homeWorkCommuteMedian":15557,"workHomeCommuteMedian":15440},"geometry":{"type":"Polygon","coordinates":[[[26.88200833273526,58.31274419454416],[26.88200833273526,58.321737398181405],[26.891001536372507,58.321737398181405],[26.891001536372507,58.31274419454416],[26.88200833273526,58.31274419454416]]]}},{"type":"Feature","properties":{"jobs":1,"pop":16,"pointCount":3,"homeWorkCommuteMedian":21268,"workHomeCommuteMedian":17540},"geometry":{"type":"Polygon","coordinates":[[[26.88200833273526,58.33073060181865],[26.88200833273526,58.3397238054559],[26.891001536372507,58.3397238054559],[26.891001536372507,58.33073060181865],[26.88200833273526,58.33073060181865]]]}},{"type":"Feature","properties":{"jobs":49,"pop":70,"pointCount":5,"homeWorkCommuteMedian":15727,"workHomeCommuteMedian":9395},"geometry":{"type":"Polygon","coordinates":[[[26.88200833273526,58.3397238054559],[26.88200833273526,58.34871700909314],[26.891001536372507,58.34871700909314],[26.891001536372507,58.3397238054559],[26.88200833273526,58.3397238054559]]]}},{"type":"Feature","properties":{"jobs":14,"pop":24,"pointCount":2,"homeWorkCommuteMedian":15247,"workHomeCommuteMedian":40959},"geometry":{"type":"Polygon","coordinates":[[[26.88200833273526,58.34871700909314],[26.88200833273526,58.35771021273039],[26.891001536372507,58.35771021273039],[26.891001536372507,58.34871700909314],[26.88200833273526,58.34871700909314]]]}},{"type":"Feature","properties":{"jobs":42,"pop":9,"pointCount":3,"homeWorkCommuteMedian":12469,"workHomeCommuteMedian":13274},"geometry":{"type":"Polygon","coordinates":[[[26.88200833273526,58.35771021273039],[26.88200833273526,58.366703416367635],[26.891001536372507,58.366703416367635],[26.891001536372507,58.35771021273039],[26.88200833273526,58.35771021273039]]]}},{"type":"Feature","properties":{"jobs":196,"pop":0,"pointCount":2,"homeWorkCommuteMedian":-1,"workHomeCommuteMedian":12511},"geometry":{"type":"Polygon","coordinates":[[[26.88200833273526,58.366703416367635],[26.88200833273526,58.37569662000488],[26.891001536372507,58.37569662000488],[26.891001536372507,58.366703416367635],[26.88200833273526,58.366703416367635]]]}},{"type":"Feature","properties":{"jobs":0,"pop":24,"pointCount":2,"homeWorkCommuteMedian":18395,"workHomeCommuteMedian":-1},"geometry":{"type":"Polygon","coordinates":[[[26.88200833273526,58.411669434553865],[26.88200833273526,58.42066263819111],[26.891001536372507,58.42066263819111],[26.891001536372507,58.411669434553865],[26.88200833273526,58.411669434553865]]]}},{"type":"Feature","properties":{"jobs":8,"pop":11,"pointCount":2,"homeWorkCommuteMedian":19418,"workHomeCommuteMedian":21466},"geometry":{"type":"Polygon","coordinates":[[[26.88200833273526,58.456635452740095],[26.88200833273526,58.46562865637734],[26.891001536372507,58.46562865637734],[26.891001536372507,58.456635452740095],[26.88200833273526,58.456635452740095]]]}},{"type":"Feature","properties":{"jobs":8,"pop":0,"pointCount":1,"homeWorkCommuteMedian":-1,"workHomeCommuteMedian":44598},"geometry":{"type":"Polygon","coordinates":[[[26.88200833273526,58.47462186001459],[26.88200833273526,58.48361506365183],[26.891001536372507,58.48361506365183],[26.891001536372507,58.47462186001459],[26.88200833273526,58.47462186001459]]]}},{"type":"Feature","properties":{"jobs":11,"pop":63,"pointCount":3,"homeWorkCommuteMedian":20921,"workHomeCommuteMedian":35823},"geometry":{"type":"Polygon","coordinates":[[[26.88200833273526,58.501601470926325],[26.88200833273526,58.51059467456357],[26.891001536372507,58.51059467456357],[26.891001536372507,58.501601470926325],[26.88200833273526,58.501601470926325]]]}},{"type":"Feature","properties":{"jobs":26,"pop":59,"pointCount":2,"homeWorkCommuteMedian":24129,"workHomeCommuteMedian":13597},"geometry":{"type":"Polygon","coordinates":[[[26.88200833273526,58.51059467456357],[26.88200833273526,58.51958787820082],[26.891001536372507,58.51958787820082],[26.891001536372507,58.51059467456357],[26.88200833273526,58.51059467456357]]]}},{"type":"Feature","properties":{"jobs":0,"pop":9,"pointCount":1,"homeWorkCommuteMedian":17359,"workHomeCommuteMedian":-1},"geometry":{"type":"Polygon","coordinates":[[[26.88200833273526,58.57354710002429],[26.88200833273526,58.58254030366154],[26.891001536372507,58.58254030366154],[26.891001536372507,58.57354710002429],[26.88200833273526,58.57354710002429]]]}},{"type":"Feature","properties":{"jobs":4,"pop":0,"pointCount":1,"homeWorkCommuteMedian":-1,"workHomeCommuteMedian":17930},"geometry":{"type":"Polygon","coordinates":[[[26.88200833273526,58.58254030366154],[26.88200833273526,58.591533507298784],[26.891001536372507,58.591533507298784],[26.891001536372507,58.58254030366154],[26.88200833273526,58.58254030366154]]]}},{"type":"Feature","properties":{"jobs":26,"pop":0,"pointCount":2,"homeWorkCommuteMedian":-1,"workHomeCommuteMedian":17187},"geometry":{"type":"Polygon","coordinates":[[[26.891001536372507,57.97100245632881],[26.891001536372507,57.97999565996606],[26.899994740009753,57.97999565996606],[26.899994740009753,57.97100245632881],[26.891001536372507,57.97100245632881]]]}},{"type":"Feature","properties":{"jobs":0,"pop":12,"pointCount":2,"homeWorkCommuteMedian":51788,"workHomeCommuteMedian":-1},"geometry":{"type":"Polygon","coordinates":[[[26.891001536372507,58.006975270877795],[26.891001536372507,58.01596847451504],[26.899994740009753,58.01596847451504],[26.899994740009753,58.006975270877795],[26.891001536372507,58.006975270877795]]]}},{"type":"Feature","properties":{"jobs":10,"pop":0,"pointCount":1,"homeWorkCommuteMedian":-1,"workHomeCommuteMedian":11598},"geometry":{"type":"Polygon","coordinates":[[[26.891001536372507,58.051941289064025],[26.891001536372507,58.06093449270127],[26.899994740009753,58.06093449270127],[26.899994740009753,58.051941289064025],[26.891001536372507,58.051941289064025]]]}},{"type":"Feature","properties":{"jobs":0,"pop":18,"pointCount":1,"homeWorkCommuteMedian":45169,"workHomeCommuteMedian":-1},"geometry":{"type":"Polygon","coordinates":[[[26.891001536372507,58.06093449270127],[26.891001536372507,58.06992769633852],[26.899994740009753,58.06992769633852],[26.899994740009753,58.06093449270127],[26.891001536372507,58.06093449270127]]]}},{"type":"Feature","properties":{"jobs":0,"pop":7,"pointCount":1,"homeWorkCommuteMedian":19760,"workHomeCommuteMedian":-1},"geometry":{"type":"Polygon","coordinates":[[[26.891001536372507,58.1059005108875],[26.891001536372507,58.11489371452475],[26.899994740009753,58.11489371452475],[26.899994740009753,58.1059005108875],[26.891001536372507,58.1059005108875]]]}},{"type":"Feature","properties":{"jobs":7,"pop":0,"pointCount":1,"homeWorkCommuteMedian":-1,"workHomeCommuteMedian":12211},"geometry":{"type":"Polygon","coordinates":[[[26.891001536372507,58.11489371452475],[26.891001536372507,58.12388691816199],[26.899994740009753,58.12388691816199],[26.899994740009753,58.11489371452475],[26.891001536372507,58.11489371452475]]]}},{"type":"Feature","properties":{"jobs":0,"pop":14,"pointCount":1,"homeWorkCommuteMedian":33080,"workHomeCommuteMedian":-1},"geometry":{"type":"Polygon","coordinates":[[[26.891001536372507,58.141873325436485],[26.891001536372507,58.15086652907373],[26.899994740009753,58.15086652907373],[26.899994740009753,58.141873325436485],[26.891001536372507,58.141873325436485]]]}},{"type":"Feature","properties":{"jobs":0,"pop":10,"pointCount":1,"homeWorkCommuteMedian":29757,"workHomeCommuteMedian":-1},"geometry":{"type":"Polygon","coordinates":[[[26.891001536372507,58.17784613998547],[26.891001536372507,58.186839343622715],[26.899994740009753,58.186839343622715],[26.899994740009753,58.17784613998547],[26.891001536372507,58.17784613998547]]]}},{"type":"Feature","properties":{"jobs":0,"pop":12,"pointCount":1,"homeWorkCommuteMedian":26480,"workHomeCommuteMedian":-1},"geometry":{"type":"Polygon","coordinates":[[[26.891001536372507,58.24979176908344],[26.891001536372507,58.25878497272068],[26.899994740009753,58.25878497272068],[26.899994740009753,58.24979176908344],[26.891001536372507,58.24979176908344]]]}},{"type":"Feature","properties":{"jobs":0,"pop":9,"pointCount":1,"homeWorkCommuteMedian":14318,"workHomeCommuteMedian":-1},"geometry":{"type":"Polygon","coordinates":[[[26.891001536372507,58.25878497272068],[26.891001536372507,58.26777817635793],[26.899994740009753,58.26777817635793],[26.899994740009753,58.25878497272068],[26.891001536372507,58.25878497272068]]]}},{"type":"Feature","properties":{"jobs":23,"pop":45,"pointCount":4,"homeWorkCommuteMedian":17490,"workHomeCommuteMedian":10983},"geometry":{"type":"Polygon","coordinates":[[[26.891001536372507,58.28576458363242],[26.891001536372507,58.29475778726967],[26.899994740009753,58.29475778726967],[26.899994740009753,58.28576458363242],[26.891001536372507,58.28576458363242]]]}},{"type":"Feature","properties":{"jobs":0,"pop":10,"pointCount":1,"homeWorkCommuteMedian":15913,"workHomeCommuteMedian":-1},"geometry":{"type":"Polygon","coordinates":[[[26.891001536372507,58.34871700909314],[26.891001536372507,58.35771021273039],[26.899994740009753,58.35771021273039],[26.899994740009753,58.34871700909314],[26.891001536372507,58.34871700909314]]]}},{"type":"Feature","properties":{"jobs":0,"pop":8,"pointCount":1,"homeWorkCommuteMedian":9390,"workHomeCommuteMedian":-1},"geometry":{"type":"Polygon","coordinates":[[[26.891001536372507,58.35771021273039],[26.891001536372507,58.366703416367635],[26.899994740009753,58.366703416367635],[26.899994740009753,58.35771021273039],[26.891001536372507,58.35771021273039]]]}},{"type":"Feature","properties":{"jobs":41,"pop":0,"pointCount":2,"homeWorkCommuteMedian":-1,"workHomeCommuteMedian":13717},"geometry":{"type":"Polygon","coordinates":[[[26.891001536372507,58.366703416367635],[26.891001536372507,58.37569662000488],[26.899994740009753,58.37569662000488],[26.899994740009753,58.366703416367635],[26.891001536372507,58.366703416367635]]]}},{"type":"Feature","properties":{"jobs":12,"pop":0,"pointCount":1,"homeWorkCommuteMedian":-1,"workHomeCommuteMedian":16769},"geometry":{"type":"Polygon","coordinates":[[[26.891001536372507,58.37569662000488],[26.891001536372507,58.38468982364213],[26.899994740009753,58.38468982364213],[26.899994740009753,58.37569662000488],[26.891001536372507,58.37569662000488]]]}},{"type":"Feature","properties":{"jobs":0,"pop":13,"pointCount":1,"homeWorkCommuteMedian":16359,"workHomeCommuteMedian":-1},"geometry":{"type":"Polygon","coordinates":[[[26.891001536372507,58.39368302727937],[26.891001536372507,58.40267623091662],[26.899994740009753,58.40267623091662],[26.899994740009753,58.39368302727937],[26.891001536372507,58.39368302727937]]]}},{"type":"Feature","properties":{"jobs":29,"pop":44,"pointCount":4,"homeWorkCommuteMedian":15937,"workHomeCommuteMedian":59739},"geometry":{"type":"Polygon","coordinates":[[[26.891001536372507,58.40267623091662],[26.891001536372507,58.411669434553865],[26.899994740009753,58.411669434553865],[26.899994740009753,58.40267623091662],[26.891001536372507,58.40267623091662]]]}},{"type":"Feature","properties":{"jobs":0,"pop":13,"pointCount":1,"homeWorkCommuteMedian":33277,"workHomeCommuteMedian":-1},"geometry":{"type":"Polygon","coordinates":[[[26.891001536372507,58.46562865637734],[26.891001536372507,58.47462186001459],[26.899994740009753,58.47462186001459],[26.899994740009753,58.46562865637734],[26.891001536372507,58.46562865637734]]]}},{"type":"Feature","properties":{"jobs":29,"pop":18,"pointCount":2,"homeWorkCommuteMedian":23142,"workHomeCommuteMedian":21414},"geometry":{"type":"Polygon","coordinates":[[[26.891001536372507,58.51059467456357],[26.891001536372507,58.51958787820082],[26.899994740009753,58.51958787820082],[26.899994740009753,58.51059467456357],[26.891001536372507,58.51059467456357]]]}},{"type":"Feature","properties":{"jobs":0,"pop":10,"pointCount":1,"homeWorkCommuteMedian":57477,"workHomeCommuteMedian":-1},"geometry":{"type":"Polygon","coordinates":[[[26.899994740009753,57.93502964177983],[26.899994740009753,57.944022845417074],[26.908987943647,57.944022845417074],[26.908987943647,57.93502964177983],[26.899994740009753,57.93502964177983]]]}},{"type":"Feature","properties":{"jobs":9,"pop":0,"pointCount":1,"homeWorkCommuteMedian":-1,"workHomeCommuteMedian":44180},"geometry":{"type":"Polygon","coordinates":[[[26.899994740009753,57.9889888636033],[26.899994740009753,57.99798206724055],[26.908987943647,57.99798206724055],[26.908987943647,57.9889888636033],[26.899994740009753,57.9889888636033]]]}},{"type":"Feature","properties":{"jobs":0,"pop":10,"pointCount":1,"homeWorkCommuteMedian":43052,"workHomeCommuteMedian":-1},"geometry":{"type":"Polygon","coordinates":[[[26.899994740009753,58.04294808542678],[26.899994740009753,58.051941289064025],[26.908987943647,58.051941289064025],[26.908987943647,58.04294808542678],[26.899994740009753,58.04294808542678]]]}},{"type":"Feature","properties":{"jobs":0,"pop":5,"pointCount":1,"homeWorkCommuteMedian":747,"workHomeCommuteMedian":-1},"geometry":{"type":"Polygon","coordinates":[[[26.899994740009753,58.051941289064025],[26.899994740009753,58.06093449270127],[26.908987943647,58.06093449270127],[26.908987943647,58.051941289064025],[26.899994740009753,58.051941289064025]]]}},{"type":"Feature","properties":{"jobs":25,"pop":8,"pointCount":2,"homeWorkCommuteMedian":44743,"workHomeCommuteMedian":11376},"geometry":{"type":"Polygon","coordinates":[[[26.899994740009753,58.06093449270127],[26.899994740009753,58.06992769633852],[26.908987943647,58.06992769633852],[26.908987943647,58.06093449270127],[26.899994740009753,58.06093449270127]]]}},{"type":"Feature","properties":{"jobs":0,"pop":7,"pointCount":1,"homeWorkCommuteMedian":15146,"workHomeCommuteMedian":-1},"geometry":{"type":"Polygon","coordinates":[[[26.899994740009753,58.06992769633852],[26.899994740009753,58.07892089997576],[26.908987943647,58.07892089997576],[26.908987943647,58.06992769633852],[26.899994740009753,58.06992769633852]]]}},{"type":"Feature","properties":{"jobs":0,"pop":6,"pointCount":1,"homeWorkCommuteMedian":42840,"workHomeCommuteMedian":-1},"geometry":{"type":"Polygon","coordinates":[[[26.899994740009753,58.07892089997576],[26.899994740009753,58.08791410361301],[26.908987943647,58.08791410361301],[26.908987943647,58.07892089997576],[26.899994740009753,58.07892089997576]]]}},{"type":"Feature","properties":{"jobs":0,"pop":8,"pointCount":1,"homeWorkCommuteMedian":2530,"workHomeCommuteMedian":-1},"geometry":{"type":"Polygon","coordinates":[[[26.899994740009753,58.096907307250255],[26.899994740009753,58.1059005108875],[26.908987943647,58.1059005108875],[26.908987943647,58.096907307250255],[26.899994740009753,58.096907307250255]]]}},{"type":"Feature","properties":{"jobs":12,"pop":0,"pointCount":1,"homeWorkCommuteMedian":-1,"workHomeCommuteMedian":41588},"geometry":{"type":"Polygon","coordinates":[[[26.899994740009753,58.16885293634822],[26.899994740009753,58.17784613998547],[26.908987943647,58.17784613998547],[26.908987943647,58.16885293634822],[26.899994740009753,58.16885293634822]]]}},{"type":"Feature","properties":{"jobs":15,"pop":0,"pointCount":1,"homeWorkCommuteMedian":-1,"workHomeCommuteMedian":28380},"geometry":{"type":"Polygon","coordinates":[[[26.899994740009753,58.26777817635793],[26.899994740009753,58.276771379995175],[26.908987943647,58.276771379995175],[26.908987943647,58.26777817635793],[26.899994740009753,58.26777817635793]]]}},{"type":"Feature","properties":{"jobs":0,"pop":11,"pointCount":1,"homeWorkCommuteMedian":19018,"workHomeCommuteMedian":-1},"geometry":{"type":"Polygon","coordinates":[[[26.899994740009753,58.276771379995175],[26.899994740009753,58.28576458363242],[26.908987943647,58.28576458363242],[26.908987943647,58.276771379995175],[26.899994740009753,58.276771379995175]]]}},{"type":"Feature","properties":{"jobs":0,"pop":8,"pointCount":1,"homeWorkCommuteMedian":4423,"workHomeCommuteMedian":-1},"geometry":{"type":"Polygon","coordinates":[[[26.899994740009753,58.30375099090691],[26.899994740009753,58.31274419454416],[26.908987943647,58.31274419454416],[26.908987943647,58.30375099090691],[26.899994740009753,58.30375099090691]]]}},{"type":"Feature","properties":{"jobs":0,"pop":12,"pointCount":1,"homeWorkCommuteMedian":16404,"workHomeCommuteMedian":-1},"geometry":{"type":"Polygon","coordinates":[[[26.899994740009753,58.3397238054559],[26.899994740009753,58.34871700909314],[26.908987943647,58.34871700909314],[26.908987943647,58.3397238054559],[26.899994740009753,58.3397238054559]]]}},{"type":"Feature","properties":{"jobs":0,"pop":12,"pointCount":1,"homeWorkCommuteMedian":14712,"workHomeCommuteMedian":-1},"geometry":{"type":"Polygon","coordinates":[[[26.899994740009753,58.34871700909314],[26.899994740009753,58.35771021273039],[26.908987943647,58.35771021273039],[26.908987943647,58.34871700909314],[26.899994740009753,58.34871700909314]]]}},{"type":"Feature","properties":{"jobs":0,"pop":10,"pointCount":1,"homeWorkCommuteMedian":12271,"workHomeCommuteMedian":-1},"geometry":{"type":"Polygon","coordinates":[[[26.899994740009753,58.35771021273039],[26.899994740009753,58.366703416367635],[26.908987943647,58.366703416367635],[26.908987943647,58.35771021273039],[26.899994740009753,58.35771021273039]]]}},{"type":"Feature","properties":{"jobs":5,"pop":7,"pointCount":2,"homeWorkCommuteMedian":12527,"workHomeCommuteMedian":11923},"geometry":{"type":"Polygon","coordinates":[[[26.899994740009753,58.366703416367635],[26.899994740009753,58.37569662000488],[26.908987943647,58.37569662000488],[26.908987943647,58.366703416367635],[26.899994740009753,58.366703416367635]]]}},{"type":"Feature","properties":{"jobs":0,"pop":6,"pointCount":1,"homeWorkCommuteMedian":9989,"workHomeCommuteMedian":-1},"geometry":{"type":"Polygon","coordinates":[[[26.899994740009753,58.37569662000488],[26.899994740009753,58.38468982364213],[26.908987943647,58.38468982364213],[26.908987943647,58.37569662000488],[26.899994740009753,58.37569662000488]]]}},{"type":"Feature","properties":{"jobs":22,"pop":11,"pointCount":2,"homeWorkCommuteMedian":16083,"workHomeCommuteMedian":36879},"geometry":{"type":"Polygon","coordinates":[[[26.899994740009753,58.40267623091662],[26.899994740009753,58.411669434553865],[26.908987943647,58.411669434553865],[26.908987943647,58.40267623091662],[26.899994740009753,58.40267623091662]]]}},{"type":"Feature","properties":{"jobs":0,"pop":9,"pointCount":1,"homeWorkCommuteMedian":46666,"workHomeCommuteMedian":-1},"geometry":{"type":"Polygon","coordinates":[[[26.899994740009753,58.44764224910285],[26.899994740009753,58.456635452740095],[26.908987943647,58.456635452740095],[26.908987943647,58.44764224910285],[26.899994740009753,58.44764224910285]]]}},{"type":"Feature","properties":{"jobs":6,"pop":0,"pointCount":1,"homeWorkCommuteMedian":-1,"workHomeCommuteMedian":69502},"geometry":{"type":"Polygon","coordinates":[[[26.899994740009753,58.48361506365183],[26.899994740009753,58.49260826728908],[26.908987943647,58.49260826728908],[26.908987943647,58.48361506365183],[26.899994740009753,58.48361506365183]]]}},{"type":"Feature","properties":{"jobs":0,"pop":16,"pointCount":1,"homeWorkCommuteMedian":21775,"workHomeCommuteMedian":-1},"geometry":{"type":"Polygon","coordinates":[[[26.899994740009753,58.49260826728908],[26.899994740009753,58.501601470926325],[26.908987943647,58.501601470926325],[26.908987943647,58.49260826728908],[26.899994740009753,58.49260826728908]]]}},{"type":"Feature","properties":{"jobs":7,"pop":0,"pointCount":1,"homeWorkCommuteMedian":-1,"workHomeCommuteMedian":2338},"geometry":{"type":"Polygon","coordinates":[[[26.899994740009753,58.58254030366154],[26.899994740009753,58.591533507298784],[26.908987943647,58.591533507298784],[26.908987943647,58.58254030366154],[26.899994740009753,58.58254030366154]]]}},{"type":"Feature","properties":{"jobs":0,"pop":5,"pointCount":1,"homeWorkCommuteMedian":13597,"workHomeCommuteMedian":-1},"geometry":{"type":"Polygon","coordinates":[[[26.899994740009753,58.591533507298784],[26.899994740009753,58.60052671093603],[26.908987943647,58.60052671093603],[26.908987943647,58.591533507298784],[26.899994740009753,58.591533507298784]]]}},{"type":"Feature","properties":{"jobs":0,"pop":14,"pointCount":1,"homeWorkCommuteMedian":57423,"workHomeCommuteMedian":-1},"geometry":{"type":"Polygon","coordinates":[[[26.908987943647,57.97999565996606],[26.908987943647,57.9889888636033],[26.917981147284245,57.9889888636033],[26.917981147284245,57.97999565996606],[26.908987943647,57.97999565996606]]]}},{"type":"Feature","properties":{"jobs":32,"pop":0,"pointCount":1,"homeWorkCommuteMedian":-1,"workHomeCommuteMedian":14324},"geometry":{"type":"Polygon","coordinates":[[[26.908987943647,58.006975270877795],[26.908987943647,58.01596847451504],[26.917981147284245,58.01596847451504],[26.917981147284245,58.006975270877795],[26.908987943647,58.006975270877795]]]}},{"type":"Feature","properties":{"jobs":0,"pop":15,"pointCount":1,"homeWorkCommuteMedian":34116,"workHomeCommuteMedian":-1},"geometry":{"type":"Polygon","coordinates":[[[26.908987943647,58.02496167815229],[26.908987943647,58.03395488178953],[26.917981147284245,58.03395488178953],[26.917981147284245,58.02496167815229],[26.908987943647,58.02496167815229]]]}},{"type":"Feature","properties":{"jobs":0,"pop":26,"pointCount":3,"homeWorkCommuteMedian":14245,"workHomeCommuteMedian":-1},"geometry":{"type":"Polygon","coordinates":[[[26.908987943647,58.13288012179924],[26.908987943647,58.141873325436485],[26.917981147284245,58.141873325436485],[26.917981147284245,58.13288012179924],[26.908987943647,58.13288012179924]]]}},{"type":"Feature","properties":{"jobs":18,"pop":10,"pointCount":2,"homeWorkCommuteMedian":37607,"workHomeCommuteMedian":33957},"geometry":{"type":"Polygon","coordinates":[[[26.908987943647,58.141873325436485],[26.908987943647,58.15086652907373],[26.917981147284245,58.15086652907373],[26.917981147284245,58.141873325436485],[26.908987943647,58.141873325436485]]]}},{"type":"Feature","properties":{"jobs":0,"pop":5,"pointCount":1,"homeWorkCommuteMedian":19336,"workHomeCommuteMedian":-1},"geometry":{"type":"Polygon","coordinates":[[[26.908987943647,58.15985973271098],[26.908987943647,58.16885293634822],[26.917981147284245,58.16885293634822],[26.917981147284245,58.15985973271098],[26.908987943647,58.15985973271098]]]}},{"type":"Feature","properties":{"jobs":0,"pop":10,"pointCount":1,"homeWorkCommuteMedian":17925,"workHomeCommuteMedian":-1},"geometry":{"type":"Polygon","coordinates":[[[26.908987943647,58.25878497272068],[26.908987943647,58.26777817635793],[26.917981147284245,58.26777817635793],[26.917981147284245,58.25878497272068],[26.908987943647,58.25878497272068]]]}},{"type":"Feature","properties":{"jobs":0,"pop":20,"pointCount":1,"homeWorkCommuteMedian":23745,"workHomeCommuteMedian":-1},"geometry":{"type":"Polygon","coordinates":[[[26.908987943647,58.26777817635793],[26.908987943647,58.276771379995175],[26.917981147284245,58.276771379995175],[26.917981147284245,58.26777817635793],[26.908987943647,58.26777817635793]]]}},{"type":"Feature","properties":{"jobs":31,"pop":8,"pointCount":2,"homeWorkCommuteMedian":14832,"workHomeCommuteMedian":15607},"geometry":{"type":"Polygon","coordinates":[[[26.908987943647,58.28576458363242],[26.908987943647,58.29475778726967],[26.917981147284245,58.29475778726967],[26.917981147284245,58.28576458363242],[26.908987943647,58.28576458363242]]]}},{"type":"Feature","properties":{"jobs":0,"pop":7,"pointCount":1,"homeWorkCommuteMedian":15581,"workHomeCommuteMedian":-1},"geometry":{"type":"Polygon","coordinates":[[[26.908987943647,58.31274419454416],[26.908987943647,58.321737398181405],[26.917981147284245,58.321737398181405],[26.917981147284245,58.31274419454416],[26.908987943647,58.31274419454416]]]}},{"type":"Feature","properties":{"jobs":5,"pop":0,"pointCount":1,"homeWorkCommuteMedian":-1,"workHomeCommuteMedian":5733},"geometry":{"type":"Polygon","coordinates":[[[26.908987943647,58.3397238054559],[26.908987943647,58.34871700909314],[26.917981147284245,58.34871700909314],[26.917981147284245,58.3397238054559],[26.908987943647,58.3397238054559]]]}},{"type":"Feature","properties":{"jobs":0,"pop":26,"pointCount":2,"homeWorkCommuteMedian":12661,"workHomeCommuteMedian":-1},"geometry":{"type":"Polygon","coordinates":[[[26.908987943647,58.34871700909314],[26.908987943647,58.35771021273039],[26.917981147284245,58.35771021273039],[26.917981147284245,58.34871700909314],[26.908987943647,58.34871700909314]]]}},{"type":"Feature","properties":{"jobs":0,"pop":8,"pointCount":1,"homeWorkCommuteMedian":5215,"workHomeCommuteMedian":-1},"geometry":{"type":"Polygon","coordinates":[[[26.908987943647,58.366703416367635],[26.908987943647,58.37569662000488],[26.917981147284245,58.37569662000488],[26.917981147284245,58.366703416367635],[26.908987943647,58.366703416367635]]]}},{"type":"Feature","properties":{"jobs":0,"pop":11,"pointCount":1,"homeWorkCommuteMedian":17287,"workHomeCommuteMedian":-1},"geometry":{"type":"Polygon","coordinates":[[[26.908987943647,58.38468982364213],[26.908987943647,58.39368302727937],[26.917981147284245,58.39368302727937],[26.917981147284245,58.38468982364213],[26.908987943647,58.38468982364213]]]}},{"type":"Feature","properties":{"jobs":0,"pop":10,"pointCount":1,"homeWorkCommuteMedian":19876,"workHomeCommuteMedian":-1},"geometry":{"type":"Polygon","coordinates":[[[26.908987943647,58.40267623091662],[26.908987943647,58.411669434553865],[26.917981147284245,58.411669434553865],[26.917981147284245,58.40267623091662],[26.908987943647,58.40267623091662]]]}},{"type":"Feature","properties":{"jobs":0,"pop":10,"pointCount":1,"homeWorkCommuteMedian":20020,"workHomeCommuteMedian":-1},"geometry":{"type":"Polygon","coordinates":[[[26.908987943647,58.42066263819111],[26.908987943647,58.42965584182836],[26.917981147284245,58.42965584182836],[26.917981147284245,58.42066263819111],[26.908987943647,58.42066263819111]]]}},{"type":"Feature","properties":{"jobs":65,"pop":0,"pointCount":4,"homeWorkCommuteMedian":-1,"workHomeCommuteMedian":9831},"geometry":{"type":"Polygon","coordinates":[[[26.908987943647,58.42965584182836],[26.908987943647,58.4386490454656],[26.917981147284245,58.4386490454656],[26.917981147284245,58.42965584182836],[26.908987943647,58.42965584182836]]]}},{"type":"Feature","properties":{"jobs":1,"pop":7,"pointCount":2,"homeWorkCommuteMedian":17551,"workHomeCommuteMedian":28797},"geometry":{"type":"Polygon","coordinates":[[[26.908987943647,58.636499525485014],[26.908987943647,58.64549272912226],[26.917981147284245,58.64549272912226],[26.917981147284245,58.636499525485014],[26.908987943647,58.636499525485014]]]}},{"type":"Feature","properties":{"jobs":26,"pop":0,"pointCount":2,"homeWorkCommuteMedian":-1,"workHomeCommuteMedian":25823},"geometry":{"type":"Polygon","coordinates":[[[26.917981147284245,58.11489371452475],[26.917981147284245,58.12388691816199],[26.92697435092149,58.12388691816199],[26.92697435092149,58.11489371452475],[26.917981147284245,58.11489371452475]]]}},{"type":"Feature","properties":{"jobs":0,"pop":6,"pointCount":1,"homeWorkCommuteMedian":9867,"workHomeCommuteMedian":-1},"geometry":{"type":"Polygon","coordinates":[[[26.917981147284245,58.12388691816199],[26.917981147284245,58.13288012179924],[26.92697435092149,58.13288012179924],[26.92697435092149,58.12388691816199],[26.917981147284245,58.12388691816199]]]}},{"type":"Feature","properties":{"jobs":0,"pop":7,"pointCount":1,"homeWorkCommuteMedian":3815,"workHomeCommuteMedian":-1},"geometry":{"type":"Polygon","coordinates":[[[26.917981147284245,58.141873325436485],[26.917981147284245,58.15086652907373],[26.92697435092149,58.15086652907373],[26.92697435092149,58.141873325436485],[26.917981147284245,58.141873325436485]]]}},{"type":"Feature","properties":{"jobs":0,"pop":9,"pointCount":1,"homeWorkCommuteMedian":21108,"workHomeCommuteMedian":-1},"geometry":{"type":"Polygon","coordinates":[[[26.917981147284245,58.2228121581717],[26.917981147284245,58.231805361808945],[26.92697435092149,58.231805361808945],[26.92697435092149,58.2228121581717],[26.917981147284245,58.2228121581717]]]}},{"type":"Feature","properties":{"jobs":0,"pop":4,"pointCount":1,"homeWorkCommuteMedian":11424,"workHomeCommuteMedian":-1},"geometry":{"type":"Polygon","coordinates":[[[26.917981147284245,58.231805361808945],[26.917981147284245,58.24079856544619],[26.92697435092149,58.24079856544619],[26.92697435092149,58.231805361808945],[26.917981147284245,58.231805361808945]]]}},{"type":"Feature","properties":{"jobs":2,"pop":0,"pointCount":1,"homeWorkCommuteMedian":-1,"workHomeCommuteMedian":24955},"geometry":{"type":"Polygon","coordinates":[[[26.917981147284245,58.24079856544619],[26.917981147284245,58.24979176908344],[26.92697435092149,58.24979176908344],[26.92697435092149,58.24079856544619],[26.917981147284245,58.24079856544619]]]}},{"type":"Feature","properties":{"jobs":0,"pop":6,"pointCount":1,"homeWorkCommuteMedian":9767,"workHomeCommuteMedian":-1},"geometry":{"type":"Polygon","coordinates":[[[26.917981147284245,58.25878497272068],[26.917981147284245,58.26777817635793],[26.92697435092149,58.26777817635793],[26.92697435092149,58.25878497272068],[26.917981147284245,58.25878497272068]]]}},{"type":"Feature","properties":{"jobs":0,"pop":7,"pointCount":1,"homeWorkCommuteMedian":38451,"workHomeCommuteMedian":-1},"geometry":{"type":"Polygon","coordinates":[[[26.917981147284245,58.321737398181405],[26.917981147284245,58.33073060181865],[26.92697435092149,58.33073060181865],[26.92697435092149,58.321737398181405],[26.917981147284245,58.321737398181405]]]}},{"type":"Feature","properties":{"jobs":0,"pop":9,"pointCount":1,"homeWorkCommuteMedian":4847,"workHomeCommuteMedian":-1},"geometry":{"type":"Polygon","coordinates":[[[26.917981147284245,58.33073060181865],[26.917981147284245,58.3397238054559],[26.92697435092149,58.3397238054559],[26.92697435092149,58.33073060181865],[26.917981147284245,58.33073060181865]]]}},{"type":"Feature","properties":{"jobs":0,"pop":6,"pointCount":1,"homeWorkCommuteMedian":12695,"workHomeCommuteMedian":-1},"geometry":{"type":"Polygon","coordinates":[[[26.917981147284245,58.3397238054559],[26.917981147284245,58.34871700909314],[26.92697435092149,58.34871700909314],[26.92697435092149,58.3397238054559],[26.917981147284245,58.3397238054559]]]}},{"type":"Feature","properties":{"jobs":73,"pop":0,"pointCount":3,"homeWorkCommuteMedian":-1,"workHomeCommuteMedian":11811},"geometry":{"type":"Polygon","coordinates":[[[26.917981147284245,58.34871700909314],[26.917981147284245,58.35771021273039],[26.92697435092149,58.35771021273039],[26.92697435092149,58.34871700909314],[26.917981147284245,58.34871700909314]]]}},{"type":"Feature","properties":{"jobs":13,"pop":7,"pointCount":1,"homeWorkCommuteMedian":2988,"workHomeCommuteMedian":4112},"geometry":{"type":"Polygon","coordinates":[[[26.917981147284245,58.366703416367635],[26.917981147284245,58.37569662000488],[26.92697435092149,58.37569662000488],[26.92697435092149,58.366703416367635],[26.917981147284245,58.366703416367635]]]}},{"type":"Feature","properties":{"jobs":0,"pop":5,"pointCount":1,"homeWorkCommuteMedian":4508,"workHomeCommuteMedian":-1},"geometry":{"type":"Polygon","coordinates":[[[26.917981147284245,58.37569662000488],[26.917981147284245,58.38468982364213],[26.92697435092149,58.38468982364213],[26.92697435092149,58.37569662000488],[26.917981147284245,58.37569662000488]]]}},{"type":"Feature","properties":{"jobs":12,"pop":0,"pointCount":1,"homeWorkCommuteMedian":-1,"workHomeCommuteMedian":10246},"geometry":{"type":"Polygon","coordinates":[[[26.917981147284245,58.39368302727937],[26.917981147284245,58.40267623091662],[26.92697435092149,58.40267623091662],[26.92697435092149,58.39368302727937],[26.917981147284245,58.39368302727937]]]}},{"type":"Feature","properties":{"jobs":0,"pop":7,"pointCount":1,"homeWorkCommuteMedian":3445,"workHomeCommuteMedian":-1},"geometry":{"type":"Polygon","coordinates":[[[26.917981147284245,58.411669434553865],[26.917981147284245,58.42066263819111],[26.92697435092149,58.42066263819111],[26.92697435092149,58.411669434553865],[26.917981147284245,58.411669434553865]]]}},{"type":"Feature","properties":{"jobs":28,"pop":0,"pointCount":2,"homeWorkCommuteMedian":-1,"workHomeCommuteMedian":12692},"geometry":{"type":"Polygon","coordinates":[[[26.917981147284245,58.42066263819111],[26.917981147284245,58.42965584182836],[26.92697435092149,58.42965584182836],[26.92697435092149,58.42066263819111],[26.917981147284245,58.42066263819111]]]}},{"type":"Feature","properties":{"jobs":6,"pop":0,"pointCount":1,"homeWorkCommuteMedian":-1,"workHomeCommuteMedian":19821},"geometry":{"type":"Polygon","coordinates":[[[26.917981147284245,58.4386490454656],[26.917981147284245,58.44764224910285],[26.92697435092149,58.44764224910285],[26.92697435092149,58.4386490454656],[26.917981147284245,58.4386490454656]]]}},{"type":"Feature","properties":{"jobs":0,"pop":19,"pointCount":2,"homeWorkCommuteMedian":17930,"workHomeCommuteMedian":-1},"geometry":{"type":"Polygon","coordinates":[[[26.917981147284245,58.501601470926325],[26.917981147284245,58.51059467456357],[26.92697435092149,58.51059467456357],[26.92697435092149,58.501601470926325],[26.917981147284245,58.501601470926325]]]}},{"type":"Feature","properties":{"jobs":0,"pop":8,"pointCount":1,"homeWorkCommuteMedian":16248,"workHomeCommuteMedian":-1},"geometry":{"type":"Polygon","coordinates":[[[26.917981147284245,58.58254030366154],[26.917981147284245,58.591533507298784],[26.92697435092149,58.591533507298784],[26.92697435092149,58.58254030366154],[26.917981147284245,58.58254030366154]]]}},{"type":"Feature","properties":{"jobs":0,"pop":13,"pointCount":2,"homeWorkCommuteMedian":17811,"workHomeCommuteMedian":-1},"geometry":{"type":"Polygon","coordinates":[[[26.92697435092149,57.93502964177983],[26.92697435092149,57.944022845417074],[26.935967554558736,57.944022845417074],[26.935967554558736,57.93502964177983],[26.92697435092149,57.93502964177983]]]}},{"type":"Feature","properties":{"jobs":5,"pop":0,"pointCount":1,"homeWorkCommuteMedian":-1,"workHomeCommuteMedian":11367},"geometry":{"type":"Polygon","coordinates":[[[26.92697435092149,57.944022845417074],[26.92697435092149,57.95301604905432],[26.935967554558736,57.95301604905432],[26.935967554558736,57.944022845417074],[26.92697435092149,57.944022845417074]]]}},{"type":"Feature","properties":{"jobs":0,"pop":5,"pointCount":1,"homeWorkCommuteMedian":13083,"workHomeCommuteMedian":-1},"geometry":{"type":"Polygon","coordinates":[[[26.92697435092149,57.97100245632881],[26.92697435092149,57.97999565996606],[26.935967554558736,57.97999565996606],[26.935967554558736,57.97100245632881],[26.92697435092149,57.97100245632881]]]}},{"type":"Feature","properties":{"jobs":5,"pop":0,"pointCount":1,"homeWorkCommuteMedian":-1,"workHomeCommuteMedian":41234},"geometry":{"type":"Polygon","coordinates":[[[26.92697435092149,57.99798206724055],[26.92697435092149,58.006975270877795],[26.935967554558736,58.006975270877795],[26.935967554558736,57.99798206724055],[26.92697435092149,57.99798206724055]]]}},{"type":"Feature","properties":{"jobs":0,"pop":18,"pointCount":1,"homeWorkCommuteMedian":35850,"workHomeCommuteMedian":-1},"geometry":{"type":"Polygon","coordinates":[[[26.92697435092149,58.11489371452475],[26.92697435092149,58.12388691816199],[26.935967554558736,58.12388691816199],[26.935967554558736,58.11489371452475],[26.92697435092149,58.11489371452475]]]}},{"type":"Feature","properties":{"jobs":0,"pop":7,"pointCount":1,"homeWorkCommuteMedian":29164,"workHomeCommuteMedian":-1},"geometry":{"type":"Polygon","coordinates":[[[26.92697435092149,58.141873325436485],[26.92697435092149,58.15086652907373],[26.935967554558736,58.15086652907373],[26.935967554558736,58.141873325436485],[26.92697435092149,58.141873325436485]]]}},{"type":"Feature","properties":{"jobs":29,"pop":0,"pointCount":1,"homeWorkCommuteMedian":-1,"workHomeCommuteMedian":28721},"geometry":{"type":"Polygon","coordinates":[[[26.92697435092149,58.15086652907373],[26.92697435092149,58.15985973271098],[26.935967554558736,58.15985973271098],[26.935967554558736,58.15086652907373],[26.92697435092149,58.15086652907373]]]}},{"type":"Feature","properties":{"jobs":85,"pop":111,"pointCount":8,"homeWorkCommuteMedian":30054,"workHomeCommuteMedian":31542},"geometry":{"type":"Polygon","coordinates":[[[26.92697435092149,58.15985973271098],[26.92697435092149,58.16885293634822],[26.935967554558736,58.16885293634822],[26.935967554558736,58.15985973271098],[26.92697435092149,58.15985973271098]]]}},{"type":"Feature","properties":{"jobs":0,"pop":25,"pointCount":3,"homeWorkCommuteMedian":19841,"workHomeCommuteMedian":-1},"geometry":{"type":"Polygon","coordinates":[[[26.92697435092149,58.16885293634822],[26.92697435092149,58.17784613998547],[26.935967554558736,58.17784613998547],[26.935967554558736,58.16885293634822],[26.92697435092149,58.16885293634822]]]}},{"type":"Feature","properties":{"jobs":1,"pop":0,"pointCount":1,"homeWorkCommuteMedian":-1,"workHomeCommuteMedian":29099},"geometry":{"type":"Polygon","coordinates":[[[26.92697435092149,58.25878497272068],[26.92697435092149,58.26777817635793],[26.935967554558736,58.26777817635793],[26.935967554558736,58.25878497272068],[26.92697435092149,58.25878497272068]]]}},{"type":"Feature","properties":{"jobs":8,"pop":0,"pointCount":1,"homeWorkCommuteMedian":-1,"workHomeCommuteMedian":23644},"geometry":{"type":"Polygon","coordinates":[[[26.92697435092149,58.30375099090691],[26.92697435092149,58.31274419454416],[26.935967554558736,58.31274419454416],[26.935967554558736,58.30375099090691],[26.92697435092149,58.30375099090691]]]}},{"type":"Feature","properties":{"jobs":29,"pop":0,"pointCount":1,"homeWorkCommuteMedian":-1,"workHomeCommuteMedian":12394},"geometry":{"type":"Polygon","coordinates":[[[26.92697435092149,58.3397238054559],[26.92697435092149,58.34871700909314],[26.935967554558736,58.34871700909314],[26.935967554558736,58.3397238054559],[26.92697435092149,58.3397238054559]]]}},{"type":"Feature","properties":{"jobs":0,"pop":7,"pointCount":1,"homeWorkCommuteMedian":3336,"workHomeCommuteMedian":-1},"geometry":{"type":"Polygon","coordinates":[[[26.92697435092149,58.34871700909314],[26.92697435092149,58.35771021273039],[26.935967554558736,58.35771021273039],[26.935967554558736,58.34871700909314],[26.92697435092149,58.34871700909314]]]}},{"type":"Feature","properties":{"jobs":0,"pop":12,"pointCount":1,"homeWorkCommuteMedian":17350,"workHomeCommuteMedian":-1},"geometry":{"type":"Polygon","coordinates":[[[26.92697435092149,58.35771021273039],[26.92697435092149,58.366703416367635],[26.935967554558736,58.366703416367635],[26.935967554558736,58.35771021273039],[26.92697435092149,58.35771021273039]]]}},{"type":"Feature","properties":{"jobs":0,"pop":8,"pointCount":1,"homeWorkCommuteMedian":3514,"workHomeCommuteMedian":-1},"geometry":{"type":"Polygon","coordinates":[[[26.92697435092149,58.366703416367635],[26.92697435092149,58.37569662000488],[26.935967554558736,58.37569662000488],[26.935967554558736,58.366703416367635],[26.92697435092149,58.366703416367635]]]}},{"type":"Feature","properties":{"jobs":0,"pop":12,"pointCount":2,"homeWorkCommuteMedian":1606,"workHomeCommuteMedian":-1},"geometry":{"type":"Polygon","coordinates":[[[26.92697435092149,58.42965584182836],[26.92697435092149,58.4386490454656],[26.935967554558736,58.4386490454656],[26.935967554558736,58.42965584182836],[26.92697435092149,58.42965584182836]]]}},{"type":"Feature","properties":{"jobs":10,"pop":44,"pointCount":5,"homeWorkCommuteMedian":56661,"workHomeCommuteMedian":17959},"geometry":{"type":"Polygon","coordinates":[[[26.92697435092149,58.4386490454656],[26.92697435092149,58.44764224910285],[26.935967554558736,58.44764224910285],[26.935967554558736,58.4386490454656],[26.92697435092149,58.4386490454656]]]}},{"type":"Feature","properties":{"jobs":5,"pop":0,"pointCount":1,"homeWorkCommuteMedian":-1,"workHomeCommuteMedian":17813},"geometry":{"type":"Polygon","coordinates":[[[26.92697435092149,58.44764224910285],[26.92697435092149,58.456635452740095],[26.935967554558736,58.456635452740095],[26.935967554558736,58.44764224910285],[26.92697435092149,58.44764224910285]]]}},{"type":"Feature","properties":{"jobs":5,"pop":14,"pointCount":1,"homeWorkCommuteMedian":21012,"workHomeCommuteMedian":22185},"geometry":{"type":"Polygon","coordinates":[[[26.92697435092149,58.456635452740095],[26.92697435092149,58.46562865637734],[26.935967554558736,58.46562865637734],[26.935967554558736,58.456635452740095],[26.92697435092149,58.456635452740095]]]}},{"type":"Feature","properties":{"jobs":1,"pop":0,"pointCount":1,"homeWorkCommuteMedian":-1,"workHomeCommuteMedian":3493},"geometry":{"type":"Polygon","coordinates":[[[26.92697435092149,58.49260826728908],[26.92697435092149,58.501601470926325],[26.935967554558736,58.501601470926325],[26.935967554558736,58.49260826728908],[26.92697435092149,58.49260826728908]]]}},{"type":"Feature","properties":{"jobs":21,"pop":5,"pointCount":3,"homeWorkCommuteMedian":19994,"workHomeCommuteMedian":18015},"geometry":{"type":"Polygon","coordinates":[[[26.935967554558736,57.93502964177983],[26.935967554558736,57.944022845417074],[26.944960758195982,57.944022845417074],[26.944960758195982,57.93502964177983],[26.935967554558736,57.93502964177983]]]}},{"type":"Feature","properties":{"jobs":0,"pop":5,"pointCount":1,"homeWorkCommuteMedian":17481,"workHomeCommuteMedian":-1},"geometry":{"type":"Polygon","coordinates":[[[26.935967554558736,57.97100245632881],[26.935967554558736,57.97999565996606],[26.944960758195982,57.97999565996606],[26.944960758195982,57.97100245632881],[26.935967554558736,57.97100245632881]]]}},{"type":"Feature","properties":{"jobs":0,"pop":10,"pointCount":1,"homeWorkCommuteMedian":48669,"workHomeCommuteMedian":-1},"geometry":{"type":"Polygon","coordinates":[[[26.935967554558736,58.051941289064025],[26.935967554558736,58.06093449270127],[26.944960758195982,58.06093449270127],[26.944960758195982,58.051941289064025],[26.935967554558736,58.051941289064025]]]}},{"type":"Feature","properties":{"jobs":9,"pop":15,"pointCount":3,"homeWorkCommuteMedian":32459,"workHomeCommuteMedian":32590},"geometry":{"type":"Polygon","coordinates":[[[26.935967554558736,58.15086652907373],[26.935967554558736,58.15985973271098],[26.944960758195982,58.15985973271098],[26.944960758195982,58.15086652907373],[26.935967554558736,58.15086652907373]]]}},{"type":"Feature","properties":{"jobs":111,"pop":8,"pointCount":5,"homeWorkCommuteMedian":17807,"workHomeCommuteMedian":31619},"geometry":{"type":"Polygon","coordinates":[[[26.935967554558736,58.15985973271098],[26.935967554558736,58.16885293634822],[26.944960758195982,58.16885293634822],[26.944960758195982,58.15985973271098],[26.935967554558736,58.15985973271098]]]}},{"type":"Feature","properties":{"jobs":0,"pop":42,"pointCount":4,"homeWorkCommuteMedian":34317,"workHomeCommuteMedian":-1},"geometry":{"type":"Polygon","coordinates":[[[26.935967554558736,58.16885293634822],[26.935967554558736,58.17784613998547],[26.944960758195982,58.17784613998547],[26.944960758195982,58.16885293634822],[26.935967554558736,58.16885293634822]]]}},{"type":"Feature","properties":{"jobs":0,"pop":43,"pointCount":2,"homeWorkCommuteMedian":29460,"workHomeCommuteMedian":-1},"geometry":{"type":"Polygon","coordinates":[[[26.935967554558736,58.2228121581717],[26.935967554558736,58.231805361808945],[26.944960758195982,58.231805361808945],[26.944960758195982,58.2228121581717],[26.935967554558736,58.2228121581717]]]}},{"type":"Feature","properties":{"jobs":0,"pop":49,"pointCount":2,"homeWorkCommuteMedian":25106,"workHomeCommuteMedian":-1},"geometry":{"type":"Polygon","coordinates":[[[26.935967554558736,58.28576458363242],[26.935967554558736,58.29475778726967],[26.944960758195982,58.29475778726967],[26.944960758195982,58.28576458363242],[26.935967554558736,58.28576458363242]]]}},{"type":"Feature","properties":{"jobs":6,"pop":0,"pointCount":1,"homeWorkCommuteMedian":-1,"workHomeCommuteMedian":11421},"geometry":{"type":"Polygon","coordinates":[[[26.935967554558736,58.29475778726967],[26.935967554558736,58.30375099090691],[26.944960758195982,58.30375099090691],[26.944960758195982,58.29475778726967],[26.935967554558736,58.29475778726967]]]}},{"type":"Feature","properties":{"jobs":0,"pop":10,"pointCount":1,"homeWorkCommuteMedian":22085,"workHomeCommuteMedian":-1},"geometry":{"type":"Polygon","coordinates":[[[26.935967554558736,58.30375099090691],[26.935967554558736,58.31274419454416],[26.944960758195982,58.31274419454416],[26.944960758195982,58.30375099090691],[26.935967554558736,58.30375099090691]]]}},{"type":"Feature","properties":{"jobs":0,"pop":11,"pointCount":1,"homeWorkCommuteMedian":20330,"workHomeCommuteMedian":-1},"geometry":{"type":"Polygon","coordinates":[[[26.935967554558736,58.31274419454416],[26.935967554558736,58.321737398181405],[26.944960758195982,58.321737398181405],[26.944960758195982,58.31274419454416],[26.935967554558736,58.31274419454416]]]}},{"type":"Feature","properties":{"jobs":0,"pop":6,"pointCount":1,"homeWorkCommuteMedian":4169,"workHomeCommuteMedian":-1},"geometry":{"type":"Polygon","coordinates":[[[26.935967554558736,58.33073060181865],[26.935967554558736,58.3397238054559],[26.944960758195982,58.3397238054559],[26.944960758195982,58.33073060181865],[26.935967554558736,58.33073060181865]]]}},{"type":"Feature","properties":{"jobs":0,"pop":11,"pointCount":1,"homeWorkCommuteMedian":18229,"workHomeCommuteMedian":-1},"geometry":{"type":"Polygon","coordinates":[[[26.935967554558736,58.3397238054559],[26.935967554558736,58.34871700909314],[26.944960758195982,58.34871700909314],[26.944960758195982,58.3397238054559],[26.935967554558736,58.3397238054559]]]}},{"type":"Feature","properties":{"jobs":0,"pop":6,"pointCount":1,"homeWorkCommuteMedian":15227,"workHomeCommuteMedian":-1},"geometry":{"type":"Polygon","coordinates":[[[26.935967554558736,58.34871700909314],[26.935967554558736,58.35771021273039],[26.944960758195982,58.35771021273039],[26.944960758195982,58.34871700909314],[26.935967554558736,58.34871700909314]]]}},{"type":"Feature","properties":{"jobs":0,"pop":8,"pointCount":1,"homeWorkCommuteMedian":7058,"workHomeCommuteMedian":-1},"geometry":{"type":"Polygon","coordinates":[[[26.935967554558736,58.366703416367635],[26.935967554558736,58.37569662000488],[26.944960758195982,58.37569662000488],[26.944960758195982,58.366703416367635],[26.935967554558736,58.366703416367635]]]}},{"type":"Feature","properties":{"jobs":19,"pop":0,"pointCount":1,"homeWorkCommuteMedian":-1,"workHomeCommuteMedian":17833},"geometry":{"type":"Polygon","coordinates":[[[26.935967554558736,58.42965584182836],[26.935967554558736,58.4386490454656],[26.944960758195982,58.4386490454656],[26.944960758195982,58.42965584182836],[26.935967554558736,58.42965584182836]]]}},{"type":"Feature","properties":{"jobs":8,"pop":7,"pointCount":1,"homeWorkCommuteMedian":3808,"workHomeCommuteMedian":19266},"geometry":{"type":"Polygon","coordinates":[[[26.935967554558736,58.4386490454656],[26.935967554558736,58.44764224910285],[26.944960758195982,58.44764224910285],[26.944960758195982,58.4386490454656],[26.935967554558736,58.4386490454656]]]}},{"type":"Feature","properties":{"jobs":0,"pop":9,"pointCount":1,"homeWorkCommuteMedian":18279,"workHomeCommuteMedian":-1},"geometry":{"type":"Polygon","coordinates":[[[26.935967554558736,58.51059467456357],[26.935967554558736,58.51958787820082],[26.944960758195982,58.51958787820082],[26.944960758195982,58.51059467456357],[26.935967554558736,58.51059467456357]]]}},{"type":"Feature","properties":{"jobs":0,"pop":9,"pointCount":1,"homeWorkCommuteMedian":14692,"workHomeCommuteMedian":-1},"geometry":{"type":"Polygon","coordinates":[[[26.935967554558736,58.56455389638705],[26.935967554558736,58.57354710002429],[26.944960758195982,58.57354710002429],[26.944960758195982,58.56455389638705],[26.935967554558736,58.56455389638705]]]}},{"type":"Feature","properties":{"jobs":0,"pop":5,"pointCount":1,"homeWorkCommuteMedian":17471,"workHomeCommuteMedian":-1},"geometry":{"type":"Polygon","coordinates":[[[26.944960758195982,57.944022845417074],[26.944960758195982,57.95301604905432],[26.95395396183323,57.95301604905432],[26.95395396183323,57.944022845417074],[26.944960758195982,57.944022845417074]]]}},{"type":"Feature","properties":{"jobs":0,"pop":5,"pointCount":1,"homeWorkCommuteMedian":26999,"workHomeCommuteMedian":-1},"geometry":{"type":"Polygon","coordinates":[[[26.944960758195982,57.97999565996606],[26.944960758195982,57.9889888636033],[26.95395396183323,57.9889888636033],[26.95395396183323,57.97999565996606],[26.944960758195982,57.97999565996606]]]}},{"type":"Feature","properties":{"jobs":0,"pop":25,"pointCount":2,"homeWorkCommuteMedian":60235,"workHomeCommuteMedian":-1},"geometry":{"type":"Polygon","coordinates":[[[26.944960758195982,57.99798206724055],[26.944960758195982,58.006975270877795],[26.95395396183323,58.006975270877795],[26.95395396183323,57.99798206724055],[26.944960758195982,57.99798206724055]]]}},{"type":"Feature","properties":{"jobs":0,"pop":5,"pointCount":1,"homeWorkCommuteMedian":10203,"workHomeCommuteMedian":-1},"geometry":{"type":"Polygon","coordinates":[[[26.944960758195982,58.01596847451504],[26.944960758195982,58.02496167815229],[26.95395396183323,58.02496167815229],[26.95395396183323,58.01596847451504],[26.944960758195982,58.01596847451504]]]}},{"type":"Feature","properties":{"jobs":0,"pop":6,"pointCount":1,"homeWorkCommuteMedian":8169,"workHomeCommuteMedian":-1},"geometry":{"type":"Polygon","coordinates":[[[26.944960758195982,58.02496167815229],[26.944960758195982,58.03395488178953],[26.95395396183323,58.03395488178953],[26.95395396183323,58.02496167815229],[26.944960758195982,58.02496167815229]]]}},{"type":"Feature","properties":{"jobs":18,"pop":0,"pointCount":1,"homeWorkCommuteMedian":-1,"workHomeCommuteMedian":8312},"geometry":{"type":"Polygon","coordinates":[[[26.944960758195982,58.03395488178953],[26.944960758195982,58.04294808542678],[26.95395396183323,58.04294808542678],[26.95395396183323,58.03395488178953],[26.944960758195982,58.03395488178953]]]}},{"type":"Feature","properties":{"jobs":0,"pop":5,"pointCount":1,"homeWorkCommuteMedian":6845,"workHomeCommuteMedian":-1},"geometry":{"type":"Polygon","coordinates":[[[26.944960758195982,58.06093449270127],[26.944960758195982,58.06992769633852],[26.95395396183323,58.06992769633852],[26.95395396183323,58.06093449270127],[26.944960758195982,58.06093449270127]]]}},{"type":"Feature","properties":{"jobs":0,"pop":13,"pointCount":1,"homeWorkCommuteMedian":37328,"workHomeCommuteMedian":-1},"geometry":{"type":"Polygon","coordinates":[[[26.944960758195982,58.12388691816199],[26.944960758195982,58.13288012179924],[26.95395396183323,58.13288012179924],[26.95395396183323,58.12388691816199],[26.944960758195982,58.12388691816199]]]}},{"type":"Feature","properties":{"jobs":0,"pop":12,"pointCount":1,"homeWorkCommuteMedian":37171,"workHomeCommuteMedian":-1},"geometry":{"type":"Polygon","coordinates":[[[26.944960758195982,58.141873325436485],[26.944960758195982,58.15086652907373],[26.95395396183323,58.15086652907373],[26.95395396183323,58.141873325436485],[26.944960758195982,58.141873325436485]]]}},{"type":"Feature","properties":{"jobs":0,"pop":7,"pointCount":1,"homeWorkCommuteMedian":16004,"workHomeCommuteMedian":-1},"geometry":{"type":"Polygon","coordinates":[[[26.944960758195982,58.15086652907373],[26.944960758195982,58.15985973271098],[26.95395396183323,58.15985973271098],[26.95395396183323,58.15086652907373],[26.944960758195982,58.15086652907373]]]}},{"type":"Feature","properties":{"jobs":15,"pop":11,"pointCount":2,"homeWorkCommuteMedian":32311,"workHomeCommuteMedian":31878},"geometry":{"type":"Polygon","coordinates":[[[26.944960758195982,58.20482575089721],[26.944960758195982,58.21381895453445],[26.95395396183323,58.21381895453445],[26.95395396183323,58.20482575089721],[26.944960758195982,58.20482575089721]]]}},{"type":"Feature","properties":{"jobs":0,"pop":10,"pointCount":1,"homeWorkCommuteMedian":29030,"workHomeCommuteMedian":-1},"geometry":{"type":"Polygon","coordinates":[[[26.944960758195982,58.21381895453445],[26.944960758195982,58.2228121581717],[26.95395396183323,58.2228121581717],[26.95395396183323,58.21381895453445],[26.944960758195982,58.21381895453445]]]}},{"type":"Feature","properties":{"jobs":0,"pop":7,"pointCount":1,"homeWorkCommuteMedian":10143,"workHomeCommuteMedian":-1},"geometry":{"type":"Polygon","coordinates":[[[26.944960758195982,58.26777817635793],[26.944960758195982,58.276771379995175],[26.95395396183323,58.276771379995175],[26.95395396183323,58.26777817635793],[26.944960758195982,58.26777817635793]]]}},{"type":"Feature","properties":{"jobs":8,"pop":0,"pointCount":1,"homeWorkCommuteMedian":-1,"workHomeCommuteMedian":44193},"geometry":{"type":"Polygon","coordinates":[[[26.944960758195982,58.28576458363242],[26.944960758195982,58.29475778726967],[26.95395396183323,58.29475778726967],[26.95395396183323,58.28576458363242],[26.944960758195982,58.28576458363242]]]}},{"type":"Feature","properties":{"jobs":0,"pop":6,"pointCount":1,"homeWorkCommuteMedian":8079,"workHomeCommuteMedian":-1},"geometry":{"type":"Polygon","coordinates":[[[26.944960758195982,58.30375099090691],[26.944960758195982,58.31274419454416],[26.95395396183323,58.31274419454416],[26.95395396183323,58.30375099090691],[26.944960758195982,58.30375099090691]]]}},{"type":"Feature","properties":{"jobs":0,"pop":16,"pointCount":2,"homeWorkCommuteMedian":10467,"workHomeCommuteMedian":-1},"geometry":{"type":"Polygon","coordinates":[[[26.944960758195982,58.3397238054559],[26.944960758195982,58.34871700909314],[26.95395396183323,58.34871700909314],[26.95395396183323,58.3397238054559],[26.944960758195982,58.3397238054559]]]}},{"type":"Feature","properties":{"jobs":13,"pop":0,"pointCount":1,"homeWorkCommuteMedian":-1,"workHomeCommuteMedian":16962},"geometry":{"type":"Polygon","coordinates":[[[26.944960758195982,58.35771021273039],[26.944960758195982,58.366703416367635],[26.95395396183323,58.366703416367635],[26.95395396183323,58.35771021273039],[26.944960758195982,58.35771021273039]]]}},{"type":"Feature","properties":{"jobs":9,"pop":11,"pointCount":2,"homeWorkCommuteMedian":16014,"workHomeCommuteMedian":17975},"geometry":{"type":"Polygon","coordinates":[[[26.944960758195982,58.37569662000488],[26.944960758195982,58.38468982364213],[26.95395396183323,58.38468982364213],[26.95395396183323,58.37569662000488],[26.944960758195982,58.37569662000488]]]}},{"type":"Feature","properties":{"jobs":0,"pop":6,"pointCount":1,"homeWorkCommuteMedian":31880,"workHomeCommuteMedian":-1},"geometry":{"type":"Polygon","coordinates":[[[26.944960758195982,58.4386490454656],[26.944960758195982,58.44764224910285],[26.95395396183323,58.44764224910285],[26.95395396183323,58.4386490454656],[26.944960758195982,58.4386490454656]]]}},{"type":"Feature","properties":{"jobs":0,"pop":38,"pointCount":2,"homeWorkCommuteMedian":26567,"workHomeCommuteMedian":-1},"geometry":{"type":"Polygon","coordinates":[[[26.944960758195982,58.51059467456357],[26.944960758195982,58.51958787820082],[26.95395396183323,58.51958787820082],[26.95395396183323,58.51059467456357],[26.944960758195982,58.51059467456357]]]}},{"type":"Feature","properties":{"jobs":0,"pop":5,"pointCount":1,"homeWorkCommuteMedian":17373,"workHomeCommuteMedian":-1},"geometry":{"type":"Polygon","coordinates":[[[26.944960758195982,58.51958787820082],[26.944960758195982,58.52858108183806],[26.95395396183323,58.52858108183806],[26.95395396183323,58.51958787820082],[26.944960758195982,58.51958787820082]]]}},{"type":"Feature","properties":{"jobs":0,"pop":8,"pointCount":1,"homeWorkCommuteMedian":19240,"workHomeCommuteMedian":-1},"geometry":{"type":"Polygon","coordinates":[[[26.944960758195982,58.52858108183806],[26.944960758195982,58.53757428547531],[26.95395396183323,58.53757428547531],[26.95395396183323,58.52858108183806],[26.944960758195982,58.52858108183806]]]}},{"type":"Feature","properties":{"jobs":0,"pop":6,"pointCount":1,"homeWorkCommuteMedian":16093,"workHomeCommuteMedian":-1},"geometry":{"type":"Polygon","coordinates":[[[26.95395396183323,57.93502964177983],[26.95395396183323,57.944022845417074],[26.962947165470474,57.944022845417074],[26.962947165470474,57.93502964177983],[26.95395396183323,57.93502964177983]]]}},{"type":"Feature","properties":{"jobs":0,"pop":15,"pointCount":1,"homeWorkCommuteMedian":62886,"workHomeCommuteMedian":-1},"geometry":{"type":"Polygon","coordinates":[[[26.95395396183323,57.962009252691566],[26.95395396183323,57.97100245632881],[26.962947165470474,57.97100245632881],[26.962947165470474,57.962009252691566],[26.95395396183323,57.962009252691566]]]}},{"type":"Feature","properties":{"jobs":5,"pop":0,"pointCount":1,"homeWorkCommuteMedian":-1,"workHomeCommuteMedian":32377},"geometry":{"type":"Polygon","coordinates":[[[26.95395396183323,57.97100245632881],[26.95395396183323,57.97999565996606],[26.962947165470474,57.97999565996606],[26.962947165470474,57.97100245632881],[26.95395396183323,57.97100245632881]]]}},{"type":"Feature","properties":{"jobs":13,"pop":0,"pointCount":1,"homeWorkCommuteMedian":-1,"workHomeCommuteMedian":50142},"geometry":{"type":"Polygon","coordinates":[[[26.95395396183323,58.03395488178953],[26.95395396183323,58.04294808542678],[26.962947165470474,58.04294808542678],[26.962947165470474,58.03395488178953],[26.95395396183323,58.03395488178953]]]}},{"type":"Feature","properties":{"jobs":0,"pop":24,"pointCount":2,"homeWorkCommuteMedian":43840,"workHomeCommuteMedian":-1},"geometry":{"type":"Polygon","coordinates":[[[26.95395396183323,58.051941289064025],[26.95395396183323,58.06093449270127],[26.962947165470474,58.06093449270127],[26.962947165470474,58.051941289064025],[26.95395396183323,58.051941289064025]]]}},{"type":"Feature","properties":{"jobs":44,"pop":13,"pointCount":2,"homeWorkCommuteMedian":44005,"workHomeCommuteMedian":23640},"geometry":{"type":"Polygon","coordinates":[[[26.95395396183323,58.06093449270127],[26.95395396183323,58.06992769633852],[26.962947165470474,58.06992769633852],[26.962947165470474,58.06093449270127],[26.95395396183323,58.06093449270127]]]}},{"type":"Feature","properties":{"jobs":0,"pop":9,"pointCount":1,"homeWorkCommuteMedian":21042,"workHomeCommuteMedian":-1},"geometry":{"type":"Polygon","coordinates":[[[26.95395396183323,58.06992769633852],[26.95395396183323,58.07892089997576],[26.962947165470474,58.07892089997576],[26.962947165470474,58.06992769633852],[26.95395396183323,58.06992769633852]]]}},{"type":"Feature","properties":{"jobs":5,"pop":0,"pointCount":1,"homeWorkCommuteMedian":-1,"workHomeCommuteMedian":35980},"geometry":{"type":"Polygon","coordinates":[[[26.95395396183323,58.11489371452475],[26.95395396183323,58.12388691816199],[26.962947165470474,58.12388691816199],[26.962947165470474,58.11489371452475],[26.95395396183323,58.11489371452475]]]}},{"type":"Feature","properties":{"jobs":0,"pop":7,"pointCount":1,"homeWorkCommuteMedian":65942,"workHomeCommuteMedian":-1},"geometry":{"type":"Polygon","coordinates":[[[26.95395396183323,58.25878497272068],[26.95395396183323,58.26777817635793],[26.962947165470474,58.26777817635793],[26.962947165470474,58.25878497272068],[26.95395396183323,58.25878497272068]]]}},{"type":"Feature","properties":{"jobs":0,"pop":8,"pointCount":1,"homeWorkCommuteMedian":38303,"workHomeCommuteMedian":-1},"geometry":{"type":"Polygon","coordinates":[[[26.95395396183323,58.276771379995175],[26.95395396183323,58.28576458363242],[26.962947165470474,58.28576458363242],[26.962947165470474,58.276771379995175],[26.95395396183323,58.276771379995175]]]}},{"type":"Feature","properties":{"jobs":9,"pop":10,"pointCount":2,"homeWorkCommuteMedian":19112,"workHomeCommuteMedian":20912},"geometry":{"type":"Polygon","coordinates":[[[26.95395396183323,58.31274419454416],[26.95395396183323,58.321737398181405],[26.962947165470474,58.321737398181405],[26.962947165470474,58.31274419454416],[26.95395396183323,58.31274419454416]]]}},{"type":"Feature","properties":{"jobs":0,"pop":8,"pointCount":1,"homeWorkCommuteMedian":2935,"workHomeCommuteMedian":-1},"geometry":{"type":"Polygon","coordinates":[[[26.95395396183323,58.3397238054559],[26.95395396183323,58.34871700909314],[26.962947165470474,58.34871700909314],[26.962947165470474,58.3397238054559],[26.95395396183323,58.3397238054559]]]}},{"type":"Feature","properties":{"jobs":0,"pop":9,"pointCount":1,"homeWorkCommuteMedian":10327,"workHomeCommuteMedian":-1},"geometry":{"type":"Polygon","coordinates":[[[26.95395396183323,58.366703416367635],[26.95395396183323,58.37569662000488],[26.962947165470474,58.37569662000488],[26.962947165470474,58.366703416367635],[26.95395396183323,58.366703416367635]]]}},{"type":"Feature","properties":{"jobs":8,"pop":0,"pointCount":1,"homeWorkCommuteMedian":-1,"workHomeCommuteMedian":18977},"geometry":{"type":"Polygon","coordinates":[[[26.95395396183323,58.456635452740095],[26.95395396183323,58.46562865637734],[26.962947165470474,58.46562865637734],[26.962947165470474,58.456635452740095],[26.95395396183323,58.456635452740095]]]}},{"type":"Feature","properties":{"jobs":0,"pop":12,"pointCount":1,"homeWorkCommuteMedian":27125,"workHomeCommuteMedian":-1},"geometry":{"type":"Polygon","coordinates":[[[26.95395396183323,58.501601470926325],[26.95395396183323,58.51059467456357],[26.962947165470474,58.51059467456357],[26.962947165470474,58.501601470926325],[26.95395396183323,58.501601470926325]]]}},{"type":"Feature","properties":{"jobs":7,"pop":0,"pointCount":1,"homeWorkCommuteMedian":-1,"workHomeCommuteMedian":9706},"geometry":{"type":"Polygon","coordinates":[[[26.95395396183323,58.51059467456357],[26.95395396183323,58.51958787820082],[26.962947165470474,58.51958787820082],[26.962947165470474,58.51059467456357],[26.95395396183323,58.51059467456357]]]}},{"type":"Feature","properties":{"jobs":0,"pop":2,"pointCount":1,"homeWorkCommuteMedian":80672,"workHomeCommuteMedian":-1},"geometry":{"type":"Polygon","coordinates":[[[26.95395396183323,58.672472340034],[26.95395396183323,58.681465543671244],[26.962947165470474,58.681465543671244],[26.962947165470474,58.672472340034],[26.95395396183323,58.672472340034]]]}},{"type":"Feature","properties":{"jobs":0,"pop":5,"pointCount":1,"homeWorkCommuteMedian":15504,"workHomeCommuteMedian":-1},"geometry":{"type":"Polygon","coordinates":[[[26.95395396183323,58.70844515458298],[26.95395396183323,58.71743835822023],[26.962947165470474,58.71743835822023],[26.962947165470474,58.70844515458298],[26.95395396183323,58.70844515458298]]]}},{"type":"Feature","properties":{"jobs":0,"pop":3,"pointCount":1,"homeWorkCommuteMedian":19369,"workHomeCommuteMedian":-1},"geometry":{"type":"Polygon","coordinates":[[[26.95395396183323,58.726431561857474],[26.95395396183323,58.73542476549472],[26.962947165470474,58.73542476549472],[26.962947165470474,58.726431561857474],[26.95395396183323,58.726431561857474]]]}},{"type":"Feature","properties":{"jobs":0,"pop":7,"pointCount":1,"homeWorkCommuteMedian":29334,"workHomeCommuteMedian":-1},"geometry":{"type":"Polygon","coordinates":[[[26.962947165470474,58.01596847451504],[26.962947165470474,58.02496167815229],[26.97194036910772,58.02496167815229],[26.97194036910772,58.01596847451504],[26.962947165470474,58.01596847451504]]]}},{"type":"Feature","properties":{"jobs":9,"pop":19,"pointCount":2,"homeWorkCommuteMedian":26460,"workHomeCommuteMedian":7480},"geometry":{"type":"Polygon","coordinates":[[[26.962947165470474,58.03395488178953],[26.962947165470474,58.04294808542678],[26.97194036910772,58.04294808542678],[26.97194036910772,58.03395488178953],[26.962947165470474,58.03395488178953]]]}},{"type":"Feature","properties":{"jobs":48,"pop":30,"pointCount":3,"homeWorkCommuteMedian":45282,"workHomeCommuteMedian":36378},"geometry":{"type":"Polygon","coordinates":[[[26.962947165470474,58.06093449270127],[26.962947165470474,58.06992769633852],[26.97194036910772,58.06992769633852],[26.97194036910772,58.06093449270127],[26.962947165470474,58.06093449270127]]]}},{"type":"Feature","properties":{"jobs":0,"pop":9,"pointCount":1,"homeWorkCommuteMedian":7237,"workHomeCommuteMedian":-1},"geometry":{"type":"Polygon","coordinates":[[[26.962947165470474,58.06992769633852],[26.962947165470474,58.07892089997576],[26.97194036910772,58.07892089997576],[26.97194036910772,58.06992769633852],[26.962947165470474,58.06992769633852]]]}},{"type":"Feature","properties":{"jobs":32,"pop":24,"pointCount":4,"homeWorkCommuteMedian":36178,"workHomeCommuteMedian":34504},"geometry":{"type":"Polygon","coordinates":[[[26.962947165470474,58.141873325436485],[26.962947165470474,58.15086652907373],[26.97194036910772,58.15086652907373],[26.97194036910772,58.141873325436485],[26.962947165470474,58.141873325436485]]]}},{"type":"Feature","properties":{"jobs":0,"pop":7,"pointCount":1,"homeWorkCommuteMedian":22395,"workHomeCommuteMedian":-1},"geometry":{"type":"Polygon","coordinates":[[[26.962947165470474,58.28576458363242],[26.962947165470474,58.29475778726967],[26.97194036910772,58.29475778726967],[26.97194036910772,58.28576458363242],[26.962947165470474,58.28576458363242]]]}},{"type":"Feature","properties":{"jobs":0,"pop":7,"pointCount":1,"homeWorkCommuteMedian":883,"workHomeCommuteMedian":-1},"geometry":{"type":"Polygon","coordinates":[[[26.962947165470474,58.30375099090691],[26.962947165470474,58.31274419454416],[26.97194036910772,58.31274419454416],[26.97194036910772,58.30375099090691],[26.962947165470474,58.30375099090691]]]}},{"type":"Feature","properties":{"jobs":11,"pop":42,"pointCount":4,"homeWorkCommuteMedian":22179,"workHomeCommuteMedian":10327},"geometry":{"type":"Polygon","coordinates":[[[26.962947165470474,58.31274419454416],[26.962947165470474,58.321737398181405],[26.97194036910772,58.321737398181405],[26.97194036910772,58.31274419454416],[26.962947165470474,58.31274419454416]]]}},{"type":"Feature","properties":{"jobs":0,"pop":50,"pointCount":2,"homeWorkCommuteMedian":20992,"workHomeCommuteMedian":-1},"geometry":{"type":"Polygon","coordinates":[[[26.962947165470474,58.321737398181405],[26.962947165470474,58.33073060181865],[26.97194036910772,58.33073060181865],[26.97194036910772,58.321737398181405],[26.962947165470474,58.321737398181405]]]}},{"type":"Feature","properties":{"jobs":0,"pop":7,"pointCount":1,"homeWorkCommuteMedian":10555,"workHomeCommuteMedian":-1},"geometry":{"type":"Polygon","coordinates":[[[26.962947165470474,58.33073060181865],[26.962947165470474,58.3397238054559],[26.97194036910772,58.3397238054559],[26.97194036910772,58.33073060181865],[26.962947165470474,58.33073060181865]]]}},{"type":"Feature","properties":{"jobs":0,"pop":8,"pointCount":1,"homeWorkCommuteMedian":6260,"workHomeCommuteMedian":-1},"geometry":{"type":"Polygon","coordinates":[[[26.962947165470474,58.35771021273039],[26.962947165470474,58.366703416367635],[26.97194036910772,58.366703416367635],[26.97194036910772,58.35771021273039],[26.962947165470474,58.35771021273039]]]}},{"type":"Feature","properties":{"jobs":10,"pop":11,"pointCount":1,"homeWorkCommuteMedian":17038,"workHomeCommuteMedian":16041},"geometry":{"type":"Polygon","coordinates":[[[26.962947165470474,58.37569662000488],[26.962947165470474,58.38468982364213],[26.97194036910772,58.38468982364213],[26.97194036910772,58.37569662000488],[26.962947165470474,58.37569662000488]]]}},{"type":"Feature","properties":{"jobs":10,"pop":0,"pointCount":1,"homeWorkCommuteMedian":-1,"workHomeCommuteMedian":18534},"geometry":{"type":"Polygon","coordinates":[[[26.962947165470474,58.38468982364213],[26.962947165470474,58.39368302727937],[26.97194036910772,58.39368302727937],[26.97194036910772,58.38468982364213],[26.962947165470474,58.38468982364213]]]}},{"type":"Feature","properties":{"jobs":0,"pop":7,"pointCount":1,"homeWorkCommuteMedian":16990,"workHomeCommuteMedian":-1},"geometry":{"type":"Polygon","coordinates":[[[26.962947165470474,58.39368302727937],[26.962947165470474,58.40267623091662],[26.97194036910772,58.40267623091662],[26.97194036910772,58.39368302727937],[26.962947165470474,58.39368302727937]]]}},{"type":"Feature","properties":{"jobs":9,"pop":0,"pointCount":1,"homeWorkCommuteMedian":-1,"workHomeCommuteMedian":18093},"geometry":{"type":"Polygon","coordinates":[[[26.962947165470474,58.40267623091662],[26.962947165470474,58.411669434553865],[26.97194036910772,58.411669434553865],[26.97194036910772,58.40267623091662],[26.962947165470474,58.40267623091662]]]}},{"type":"Feature","properties":{"jobs":5,"pop":35,"pointCount":2,"homeWorkCommuteMedian":20119,"workHomeCommuteMedian":21960},"geometry":{"type":"Polygon","coordinates":[[[26.962947165470474,58.411669434553865],[26.962947165470474,58.42066263819111],[26.97194036910772,58.42066263819111],[26.97194036910772,58.411669434553865],[26.962947165470474,58.411669434553865]]]}},{"type":"Feature","properties":{"jobs":0,"pop":15,"pointCount":1,"homeWorkCommuteMedian":25209,"workHomeCommuteMedian":-1},"geometry":{"type":"Polygon","coordinates":[[[26.962947165470474,58.44764224910285],[26.962947165470474,58.456635452740095],[26.97194036910772,58.456635452740095],[26.97194036910772,58.44764224910285],[26.962947165470474,58.44764224910285]]]}},{"type":"Feature","properties":{"jobs":7,"pop":0,"pointCount":1,"homeWorkCommuteMedian":-1,"workHomeCommuteMedian":6653},"geometry":{"type":"Polygon","coordinates":[[[26.962947165470474,58.609519914573276],[26.962947165470474,58.61851311821052],[26.97194036910772,58.61851311821052],[26.97194036910772,58.609519914573276],[26.962947165470474,58.609519914573276]]]}},{"type":"Feature","properties":{"jobs":11,"pop":0,"pointCount":1,"homeWorkCommuteMedian":-1,"workHomeCommuteMedian":11787},"geometry":{"type":"Polygon","coordinates":[[[26.962947165470474,58.70844515458298],[26.962947165470474,58.71743835822023],[26.97194036910772,58.71743835822023],[26.97194036910772,58.70844515458298],[26.962947165470474,58.70844515458298]]]}},{"type":"Feature","properties":{"jobs":0,"pop":11,"pointCount":1,"homeWorkCommuteMedian":54643,"workHomeCommuteMedian":-1},"geometry":{"type":"Polygon","coordinates":[[[26.962947165470474,58.71743835822023],[26.962947165470474,58.726431561857474],[26.97194036910772,58.726431561857474],[26.97194036910772,58.71743835822023],[26.962947165470474,58.71743835822023]]]}},{"type":"Feature","properties":{"jobs":1,"pop":0,"pointCount":1,"homeWorkCommuteMedian":-1,"workHomeCommuteMedian":51934},"geometry":{"type":"Polygon","coordinates":[[[26.962947165470474,58.73542476549472],[26.962947165470474,58.744417969131966],[26.97194036910772,58.744417969131966],[26.97194036910772,58.73542476549472],[26.962947165470474,58.73542476549472]]]}},{"type":"Feature","properties":{"jobs":0,"pop":10,"pointCount":1,"homeWorkCommuteMedian":62865,"workHomeCommuteMedian":-1},"geometry":{"type":"Polygon","coordinates":[[[26.97194036910772,57.93502964177983],[26.97194036910772,57.944022845417074],[26.980933572744966,57.944022845417074],[26.980933572744966,57.93502964177983],[26.97194036910772,57.93502964177983]]]}},{"type":"Feature","properties":{"jobs":9,"pop":0,"pointCount":1,"homeWorkCommuteMedian":-1,"workHomeCommuteMedian":62320},"geometry":{"type":"Polygon","coordinates":[[[26.97194036910772,58.006975270877795],[26.97194036910772,58.01596847451504],[26.980933572744966,58.01596847451504],[26.980933572744966,58.006975270877795],[26.97194036910772,58.006975270877795]]]}},{"type":"Feature","properties":{"jobs":9,"pop":0,"pointCount":1,"homeWorkCommuteMedian":-1,"workHomeCommuteMedian":34639},"geometry":{"type":"Polygon","coordinates":[[[26.97194036910772,58.141873325436485],[26.97194036910772,58.15086652907373],[26.980933572744966,58.15086652907373],[26.980933572744966,58.141873325436485],[26.97194036910772,58.141873325436485]]]}},{"type":"Feature","properties":{"jobs":0,"pop":11,"pointCount":1,"homeWorkCommuteMedian":38046,"workHomeCommuteMedian":-1},"geometry":{"type":"Polygon","coordinates":[[[26.97194036910772,58.15086652907373],[26.97194036910772,58.15985973271098],[26.980933572744966,58.15985973271098],[26.980933572744966,58.15086652907373],[26.97194036910772,58.15086652907373]]]}},{"type":"Feature","properties":{"jobs":0,"pop":5,"pointCount":1,"homeWorkCommuteMedian":2353,"workHomeCommuteMedian":-1},"geometry":{"type":"Polygon","coordinates":[[[26.97194036910772,58.15985973271098],[26.97194036910772,58.16885293634822],[26.980933572744966,58.16885293634822],[26.980933572744966,58.15985973271098],[26.97194036910772,58.15985973271098]]]}},{"type":"Feature","properties":{"jobs":0,"pop":11,"pointCount":1,"homeWorkCommuteMedian":30207,"workHomeCommuteMedian":-1},"geometry":{"type":"Polygon","coordinates":[[[26.97194036910772,58.20482575089721],[26.97194036910772,58.21381895453445],[26.980933572744966,58.21381895453445],[26.980933572744966,58.20482575089721],[26.97194036910772,58.20482575089721]]]}},{"type":"Feature","properties":{"jobs":0,"pop":7,"pointCount":1,"homeWorkCommuteMedian":17865,"workHomeCommuteMedian":-1},"geometry":{"type":"Polygon","coordinates":[[[26.97194036910772,58.26777817635793],[26.97194036910772,58.276771379995175],[26.980933572744966,58.276771379995175],[26.980933572744966,58.26777817635793],[26.97194036910772,58.26777817635793]]]}},{"type":"Feature","properties":{"jobs":49,"pop":0,"pointCount":1,"homeWorkCommuteMedian":-1,"workHomeCommuteMedian":45399},"geometry":{"type":"Polygon","coordinates":[[[26.97194036910772,58.31274419454416],[26.97194036910772,58.321737398181405],[26.980933572744966,58.321737398181405],[26.980933572744966,58.31274419454416],[26.97194036910772,58.31274419454416]]]}},{"type":"Feature","properties":{"jobs":18,"pop":29,"pointCount":2,"homeWorkCommuteMedian":19864,"workHomeCommuteMedian":12982},"geometry":{"type":"Polygon","coordinates":[[[26.97194036910772,58.321737398181405],[26.97194036910772,58.33073060181865],[26.980933572744966,58.33073060181865],[26.980933572744966,58.321737398181405],[26.97194036910772,58.321737398181405]]]}},{"type":"Feature","properties":{"jobs":6,"pop":110,"pointCount":4,"homeWorkCommuteMedian":19628,"workHomeCommuteMedian":13805},"geometry":{"type":"Polygon","coordinates":[[[26.97194036910772,58.33073060181865],[26.97194036910772,58.3397238054559],[26.980933572744966,58.3397238054559],[26.980933572744966,58.33073060181865],[26.97194036910772,58.33073060181865]]]}},{"type":"Feature","properties":{"jobs":0,"pop":5,"pointCount":1,"homeWorkCommuteMedian":13214,"workHomeCommuteMedian":-1},"geometry":{"type":"Polygon","coordinates":[[[26.97194036910772,58.34871700909314],[26.97194036910772,58.35771021273039],[26.980933572744966,58.35771021273039],[26.980933572744966,58.34871700909314],[26.97194036910772,58.34871700909314]]]}},{"type":"Feature","properties":{"jobs":0,"pop":49,"pointCount":2,"homeWorkCommuteMedian":19366,"workHomeCommuteMedian":-1},"geometry":{"type":"Polygon","coordinates":[[[26.97194036910772,58.366703416367635],[26.97194036910772,58.37569662000488],[26.980933572744966,58.37569662000488],[26.980933572744966,58.366703416367635],[26.97194036910772,58.366703416367635]]]}},{"type":"Feature","properties":{"jobs":0,"pop":21,"pointCount":1,"homeWorkCommuteMedian":18951,"workHomeCommuteMedian":-1},"geometry":{"type":"Polygon","coordinates":[[[26.97194036910772,58.39368302727937],[26.97194036910772,58.40267623091662],[26.980933572744966,58.40267623091662],[26.980933572744966,58.39368302727937],[26.97194036910772,58.39368302727937]]]}},{"type":"Feature","properties":{"jobs":0,"pop":14,"pointCount":1,"homeWorkCommuteMedian":26509,"workHomeCommuteMedian":-1},"geometry":{"type":"Polygon","coordinates":[[[26.97194036910772,58.49260826728908],[26.97194036910772,58.501601470926325],[26.980933572744966,58.501601470926325],[26.980933572744966,58.49260826728908],[26.97194036910772,58.49260826728908]]]}},{"type":"Feature","properties":{"jobs":9,"pop":0,"pointCount":1,"homeWorkCommuteMedian":-1,"workHomeCommuteMedian":10102},"geometry":{"type":"Polygon","coordinates":[[[26.97194036910772,58.501601470926325],[26.97194036910772,58.51059467456357],[26.980933572744966,58.51059467456357],[26.980933572744966,58.501601470926325],[26.97194036910772,58.501601470926325]]]}},{"type":"Feature","properties":{"jobs":0,"pop":12,"pointCount":1,"homeWorkCommuteMedian":24656,"workHomeCommuteMedian":-1},"geometry":{"type":"Polygon","coordinates":[[[26.97194036910772,58.51059467456357],[26.97194036910772,58.51958787820082],[26.980933572744966,58.51958787820082],[26.980933572744966,58.51059467456357],[26.97194036910772,58.51059467456357]]]}},{"type":"Feature","properties":{"jobs":0,"pop":12,"pointCount":1,"homeWorkCommuteMedian":68966,"workHomeCommuteMedian":-1},"geometry":{"type":"Polygon","coordinates":[[[26.97194036910772,58.70844515458298],[26.97194036910772,58.71743835822023],[26.980933572744966,58.71743835822023],[26.980933572744966,58.70844515458298],[26.97194036910772,58.70844515458298]]]}},{"type":"Feature","properties":{"jobs":0,"pop":12,"pointCount":1,"homeWorkCommuteMedian":53337,"workHomeCommuteMedian":-1},"geometry":{"type":"Polygon","coordinates":[[[26.97194036910772,58.71743835822023],[26.97194036910772,58.726431561857474],[26.980933572744966,58.726431561857474],[26.980933572744966,58.71743835822023],[26.97194036910772,58.71743835822023]]]}},{"type":"Feature","properties":{"jobs":5,"pop":0,"pointCount":1,"homeWorkCommuteMedian":-1,"workHomeCommuteMedian":86529},"geometry":{"type":"Polygon","coordinates":[[[26.980933572744966,57.95301604905432],[26.980933572744966,57.962009252691566],[26.989926776382212,57.962009252691566],[26.989926776382212,57.95301604905432],[26.980933572744966,57.95301604905432]]]}},{"type":"Feature","properties":{"jobs":0,"pop":8,"pointCount":1,"homeWorkCommuteMedian":13700,"workHomeCommuteMedian":-1},"geometry":{"type":"Polygon","coordinates":[[[26.980933572744966,57.97100245632881],[26.980933572744966,57.97999565996606],[26.989926776382212,57.97999565996606],[26.989926776382212,57.97100245632881],[26.980933572744966,57.97100245632881]]]}},{"type":"Feature","properties":{"jobs":0,"pop":10,"pointCount":1,"homeWorkCommuteMedian":55597,"workHomeCommuteMedian":-1},"geometry":{"type":"Polygon","coordinates":[[[26.980933572744966,58.006975270877795],[26.980933572744966,58.01596847451504],[26.989926776382212,58.01596847451504],[26.989926776382212,58.006975270877795],[26.980933572744966,58.006975270877795]]]}},{"type":"Feature","properties":{"jobs":0,"pop":8,"pointCount":1,"homeWorkCommuteMedian":4880,"workHomeCommuteMedian":-1},"geometry":{"type":"Polygon","coordinates":[[[26.980933572744966,58.02496167815229],[26.980933572744966,58.03395488178953],[26.989926776382212,58.03395488178953],[26.989926776382212,58.02496167815229],[26.980933572744966,58.02496167815229]]]}},{"type":"Feature","properties":{"jobs":4,"pop":0,"pointCount":1,"homeWorkCommuteMedian":-1,"workHomeCommuteMedian":17099},"geometry":{"type":"Polygon","coordinates":[[[26.980933572744966,58.15985973271098],[26.980933572744966,58.16885293634822],[26.989926776382212,58.16885293634822],[26.989926776382212,58.15985973271098],[26.980933572744966,58.15985973271098]]]}},{"type":"Feature","properties":{"jobs":0,"pop":6,"pointCount":1,"homeWorkCommuteMedian":9133,"workHomeCommuteMedian":-1},"geometry":{"type":"Polygon","coordinates":[[[26.980933572744966,58.25878497272068],[26.980933572744966,58.26777817635793],[26.989926776382212,58.26777817635793],[26.989926776382212,58.25878497272068],[26.980933572744966,58.25878497272068]]]}},{"type":"Feature","properties":{"jobs":0,"pop":39,"pointCount":1,"homeWorkCommuteMedian":19094,"workHomeCommuteMedian":-1},"geometry":{"type":"Polygon","coordinates":[[[26.980933572744966,58.321737398181405],[26.980933572744966,58.33073060181865],[26.989926776382212,58.33073060181865],[26.989926776382212,58.321737398181405],[26.980933572744966,58.321737398181405]]]}},{"type":"Feature","properties":{"jobs":94,"pop":0,"pointCount":4,"homeWorkCommuteMedian":-1,"workHomeCommuteMedian":10143},"geometry":{"type":"Polygon","coordinates":[[[26.980933572744966,58.33073060181865],[26.980933572744966,58.3397238054559],[26.989926776382212,58.3397238054559],[26.989926776382212,58.33073060181865],[26.980933572744966,58.33073060181865]]]}},{"type":"Feature","properties":{"jobs":19,"pop":5,"pointCount":2,"homeWorkCommuteMedian":18881,"workHomeCommuteMedian":5826},"geometry":{"type":"Polygon","coordinates":[[[26.980933572744966,58.3397238054559],[26.980933572744966,58.34871700909314],[26.989926776382212,58.34871700909314],[26.989926776382212,58.3397238054559],[26.980933572744966,58.3397238054559]]]}},{"type":"Feature","properties":{"jobs":0,"pop":10,"pointCount":1,"homeWorkCommuteMedian":20055,"workHomeCommuteMedian":-1},"geometry":{"type":"Polygon","coordinates":[[[26.980933572744966,58.34871700909314],[26.980933572744966,58.35771021273039],[26.989926776382212,58.35771021273039],[26.989926776382212,58.34871700909314],[26.980933572744966,58.34871700909314]]]}},{"type":"Feature","properties":{"jobs":0,"pop":6,"pointCount":1,"homeWorkCommuteMedian":5680,"workHomeCommuteMedian":-1},"geometry":{"type":"Polygon","coordinates":[[[26.980933572744966,58.366703416367635],[26.980933572744966,58.37569662000488],[26.989926776382212,58.37569662000488],[26.989926776382212,58.366703416367635],[26.980933572744966,58.366703416367635]]]}},{"type":"Feature","properties":{"jobs":19,"pop":18,"pointCount":3,"homeWorkCommuteMedian":17793,"workHomeCommuteMedian":23757},"geometry":{"type":"Polygon","coordinates":[[[26.980933572744966,58.37569662000488],[26.980933572744966,58.38468982364213],[26.989926776382212,58.38468982364213],[26.989926776382212,58.37569662000488],[26.980933572744966,58.37569662000488]]]}},{"type":"Feature","properties":{"jobs":0,"pop":6,"pointCount":1,"homeWorkCommuteMedian":13343,"workHomeCommuteMedian":-1},"geometry":{"type":"Polygon","coordinates":[[[26.980933572744966,58.38468982364213],[26.980933572744966,58.39368302727937],[26.989926776382212,58.39368302727937],[26.989926776382212,58.38468982364213],[26.980933572744966,58.38468982364213]]]}},{"type":"Feature","properties":{"jobs":10,"pop":0,"pointCount":1,"homeWorkCommuteMedian":-1,"workHomeCommuteMedian":19582},"geometry":{"type":"Polygon","coordinates":[[[26.980933572744966,58.411669434553865],[26.980933572744966,58.42066263819111],[26.989926776382212,58.42066263819111],[26.989926776382212,58.411669434553865],[26.980933572744966,58.411669434553865]]]}},{"type":"Feature","properties":{"jobs":0,"pop":10,"pointCount":1,"homeWorkCommuteMedian":25069,"workHomeCommuteMedian":-1},"geometry":{"type":"Polygon","coordinates":[[[26.980933572744966,58.456635452740095],[26.980933572744966,58.46562865637734],[26.989926776382212,58.46562865637734],[26.989926776382212,58.456635452740095],[26.980933572744966,58.456635452740095]]]}},{"type":"Feature","properties":{"jobs":4,"pop":0,"pointCount":1,"homeWorkCommuteMedian":-1,"workHomeCommuteMedian":16248},"geometry":{"type":"Polygon","coordinates":[[[26.980933572744966,58.47462186001459],[26.980933572744966,58.48361506365183],[26.989926776382212,58.48361506365183],[26.989926776382212,58.47462186001459],[26.980933572744966,58.47462186001459]]]}},{"type":"Feature","properties":{"jobs":0,"pop":31,"pointCount":1,"homeWorkCommuteMedian":31321,"workHomeCommuteMedian":-1},"geometry":{"type":"Polygon","coordinates":[[[26.980933572744966,58.57354710002429],[26.980933572744966,58.58254030366154],[26.989926776382212,58.58254030366154],[26.989926776382212,58.57354710002429],[26.980933572744966,58.57354710002429]]]}},{"type":"Feature","properties":{"jobs":4,"pop":0,"pointCount":1,"homeWorkCommuteMedian":-1,"workHomeCommuteMedian":8414},"geometry":{"type":"Polygon","coordinates":[[[26.980933572744966,58.636499525485014],[26.980933572744966,58.64549272912226],[26.989926776382212,58.64549272912226],[26.989926776382212,58.636499525485014],[26.980933572744966,58.636499525485014]]]}},{"type":"Feature","properties":{"jobs":7,"pop":10,"pointCount":2,"homeWorkCommuteMedian":54501,"workHomeCommuteMedian":5975},"geometry":{"type":"Polygon","coordinates":[[[26.980933572744966,58.69045874730849],[26.980933572744966,58.699451950945736],[26.989926776382212,58.699451950945736],[26.989926776382212,58.69045874730849],[26.980933572744966,58.69045874730849]]]}},{"type":"Feature","properties":{"jobs":5,"pop":0,"pointCount":1,"homeWorkCommuteMedian":-1,"workHomeCommuteMedian":8908},"geometry":{"type":"Polygon","coordinates":[[[26.980933572744966,58.699451950945736],[26.980933572744966,58.70844515458298],[26.989926776382212,58.70844515458298],[26.989926776382212,58.699451950945736],[26.980933572744966,58.699451950945736]]]}},{"type":"Feature","properties":{"jobs":0,"pop":34,"pointCount":1,"homeWorkCommuteMedian":53908,"workHomeCommuteMedian":-1},"geometry":{"type":"Polygon","coordinates":[[[26.980933572744966,58.70844515458298],[26.980933572744966,58.71743835822023],[26.989926776382212,58.71743835822023],[26.989926776382212,58.70844515458298],[26.980933572744966,58.70844515458298]]]}},{"type":"Feature","properties":{"jobs":0,"pop":7,"pointCount":1,"homeWorkCommuteMedian":36997,"workHomeCommuteMedian":-1},"geometry":{"type":"Polygon","coordinates":[[[26.989926776382212,57.944022845417074],[26.989926776382212,57.95301604905432],[26.99891998001946,57.95301604905432],[26.99891998001946,57.944022845417074],[26.989926776382212,57.944022845417074]]]}},{"type":"Feature","properties":{"jobs":0,"pop":62,"pointCount":3,"homeWorkCommuteMedian":43132,"workHomeCommuteMedian":-1},"geometry":{"type":"Polygon","coordinates":[[[26.989926776382212,57.962009252691566],[26.989926776382212,57.97100245632881],[26.99891998001946,57.97100245632881],[26.99891998001946,57.962009252691566],[26.989926776382212,57.962009252691566]]]}},{"type":"Feature","properties":{"jobs":0,"pop":5,"pointCount":1,"homeWorkCommuteMedian":11478,"workHomeCommuteMedian":-1},"geometry":{"type":"Polygon","coordinates":[[[26.989926776382212,58.01596847451504],[26.989926776382212,58.02496167815229],[26.99891998001946,58.02496167815229],[26.99891998001946,58.01596847451504],[26.989926776382212,58.01596847451504]]]}},{"type":"Feature","properties":{"jobs":21,"pop":19,"pointCount":4,"homeWorkCommuteMedian":5058,"workHomeCommuteMedian":54811},"geometry":{"type":"Polygon","coordinates":[[[26.989926776382212,58.02496167815229],[26.989926776382212,58.03395488178953],[26.99891998001946,58.03395488178953],[26.99891998001946,58.02496167815229],[26.989926776382212,58.02496167815229]]]}},{"type":"Feature","properties":{"jobs":0,"pop":9,"pointCount":1,"homeWorkCommuteMedian":7309,"workHomeCommuteMedian":-1},"geometry":{"type":"Polygon","coordinates":[[[26.989926776382212,58.04294808542678],[26.989926776382212,58.051941289064025],[26.99891998001946,58.051941289064025],[26.99891998001946,58.04294808542678],[26.989926776382212,58.04294808542678]]]}},{"type":"Feature","properties":{"jobs":0,"pop":14,"pointCount":2,"homeWorkCommuteMedian":8923,"workHomeCommuteMedian":-1},"geometry":{"type":"Polygon","coordinates":[[[26.989926776382212,58.08791410361301],[26.989926776382212,58.096907307250255],[26.99891998001946,58.096907307250255],[26.99891998001946,58.08791410361301],[26.989926776382212,58.08791410361301]]]}},{"type":"Feature","properties":{"jobs":0,"pop":13,"pointCount":1,"homeWorkCommuteMedian":43176,"workHomeCommuteMedian":-1},"geometry":{"type":"Polygon","coordinates":[[[26.989926776382212,58.12388691816199],[26.989926776382212,58.13288012179924],[26.99891998001946,58.13288012179924],[26.99891998001946,58.12388691816199],[26.989926776382212,58.12388691816199]]]}},{"type":"Feature","properties":{"jobs":5,"pop":0,"pointCount":1,"homeWorkCommuteMedian":-1,"workHomeCommuteMedian":33436},"geometry":{"type":"Polygon","coordinates":[[[26.989926776382212,58.2228121581717],[26.989926776382212,58.231805361808945],[26.99891998001946,58.231805361808945],[26.99891998001946,58.2228121581717],[26.989926776382212,58.2228121581717]]]}},{"type":"Feature","properties":{"jobs":0,"pop":9,"pointCount":1,"homeWorkCommuteMedian":7534,"workHomeCommuteMedian":-1},"geometry":{"type":"Polygon","coordinates":[[[26.989926776382212,58.24079856544619],[26.989926776382212,58.24979176908344],[26.99891998001946,58.24979176908344],[26.99891998001946,58.24079856544619],[26.989926776382212,58.24079856544619]]]}},{"type":"Feature","properties":{"jobs":0,"pop":10,"pointCount":1,"homeWorkCommuteMedian":33403,"workHomeCommuteMedian":-1},"geometry":{"type":"Polygon","coordinates":[[[26.989926776382212,58.24979176908344],[26.989926776382212,58.25878497272068],[26.99891998001946,58.25878497272068],[26.99891998001946,58.24979176908344],[26.989926776382212,58.24979176908344]]]}},{"type":"Feature","properties":{"jobs":8,"pop":0,"pointCount":1,"homeWorkCommuteMedian":-1,"workHomeCommuteMedian":76287},"geometry":{"type":"Polygon","coordinates":[[[26.989926776382212,58.276771379995175],[26.989926776382212,58.28576458363242],[26.99891998001946,58.28576458363242],[26.99891998001946,58.276771379995175],[26.989926776382212,58.276771379995175]]]}},{"type":"Feature","properties":{"jobs":0,"pop":13,"pointCount":2,"homeWorkCommuteMedian":19420,"workHomeCommuteMedian":-1},"geometry":{"type":"Polygon","coordinates":[[[26.989926776382212,58.321737398181405],[26.989926776382212,58.33073060181865],[26.99891998001946,58.33073060181865],[26.99891998001946,58.321737398181405],[26.989926776382212,58.321737398181405]]]}},{"type":"Feature","properties":{"jobs":0,"pop":28,"pointCount":1,"homeWorkCommuteMedian":71685,"workHomeCommuteMedian":-1},"geometry":{"type":"Polygon","coordinates":[[[26.989926776382212,58.33073060181865],[26.989926776382212,58.3397238054559],[26.99891998001946,58.3397238054559],[26.99891998001946,58.33073060181865],[26.989926776382212,58.33073060181865]]]}},{"type":"Feature","properties":{"jobs":0,"pop":18,"pointCount":2,"homeWorkCommuteMedian":49220,"workHomeCommuteMedian":-1},"geometry":{"type":"Polygon","coordinates":[[[26.989926776382212,58.366703416367635],[26.989926776382212,58.37569662000488],[26.99891998001946,58.37569662000488],[26.99891998001946,58.366703416367635],[26.989926776382212,58.366703416367635]]]}},{"type":"Feature","properties":{"jobs":13,"pop":8,"pointCount":2,"homeWorkCommuteMedian":38116,"workHomeCommuteMedian":39660},"geometry":{"type":"Polygon","coordinates":[[[26.989926776382212,58.37569662000488],[26.989926776382212,58.38468982364213],[26.99891998001946,58.38468982364213],[26.99891998001946,58.37569662000488],[26.989926776382212,58.37569662000488]]]}},{"type":"Feature","properties":{"jobs":0,"pop":31,"pointCount":1,"homeWorkCommuteMedian":21521,"workHomeCommuteMedian":-1},"geometry":{"type":"Polygon","coordinates":[[[26.989926776382212,58.39368302727937],[26.989926776382212,58.40267623091662],[26.99891998001946,58.40267623091662],[26.99891998001946,58.39368302727937],[26.989926776382212,58.39368302727937]]]}},{"type":"Feature","properties":{"jobs":5,"pop":0,"pointCount":1,"homeWorkCommuteMedian":-1,"workHomeCommuteMedian":27791},"geometry":{"type":"Polygon","coordinates":[[[26.989926776382212,58.40267623091662],[26.989926776382212,58.411669434553865],[26.99891998001946,58.411669434553865],[26.99891998001946,58.40267623091662],[26.989926776382212,58.40267623091662]]]}},{"type":"Feature","properties":{"jobs":0,"pop":12,"pointCount":1,"homeWorkCommuteMedian":23629,"workHomeCommuteMedian":-1},"geometry":{"type":"Polygon","coordinates":[[[26.989926776382212,58.411669434553865],[26.989926776382212,58.42066263819111],[26.99891998001946,58.42066263819111],[26.99891998001946,58.411669434553865],[26.989926776382212,58.411669434553865]]]}},{"type":"Feature","properties":{"jobs":5,"pop":0,"pointCount":1,"homeWorkCommuteMedian":-1,"workHomeCommuteMedian":24988},"geometry":{"type":"Polygon","coordinates":[[[26.989926776382212,58.456635452740095],[26.989926776382212,58.46562865637734],[26.99891998001946,58.46562865637734],[26.99891998001946,58.456635452740095],[26.989926776382212,58.456635452740095]]]}},{"type":"Feature","properties":{"jobs":0,"pop":12,"pointCount":1,"homeWorkCommuteMedian":50971,"workHomeCommuteMedian":-1},"geometry":{"type":"Polygon","coordinates":[[[26.989926776382212,58.62750632184777],[26.989926776382212,58.636499525485014],[26.99891998001946,58.636499525485014],[26.99891998001946,58.62750632184777],[26.989926776382212,58.62750632184777]]]}},{"type":"Feature","properties":{"jobs":0,"pop":7,"pointCount":1,"homeWorkCommuteMedian":13287,"workHomeCommuteMedian":-1},"geometry":{"type":"Polygon","coordinates":[[[26.989926776382212,58.64549272912226],[26.989926776382212,58.654485932759506],[26.99891998001946,58.654485932759506],[26.99891998001946,58.64549272912226],[26.989926776382212,58.64549272912226]]]}},{"type":"Feature","properties":{"jobs":0,"pop":10,"pointCount":1,"homeWorkCommuteMedian":52922,"workHomeCommuteMedian":-1},"geometry":{"type":"Polygon","coordinates":[[[26.989926776382212,58.672472340034],[26.989926776382212,58.681465543671244],[26.99891998001946,58.681465543671244],[26.99891998001946,58.672472340034],[26.989926776382212,58.672472340034]]]}},{"type":"Feature","properties":{"jobs":0,"pop":6,"pointCount":1,"homeWorkCommuteMedian":2718,"workHomeCommuteMedian":-1},"geometry":{"type":"Polygon","coordinates":[[[26.989926776382212,58.681465543671244],[26.989926776382212,58.69045874730849],[26.99891998001946,58.69045874730849],[26.99891998001946,58.681465543671244],[26.989926776382212,58.681465543671244]]]}},{"type":"Feature","properties":{"jobs":26,"pop":0,"pointCount":1,"homeWorkCommuteMedian":-1,"workHomeCommuteMedian":29164},"geometry":{"type":"Polygon","coordinates":[[[26.99891998001946,57.944022845417074],[26.99891998001946,57.95301604905432],[27.007913183656704,57.95301604905432],[27.007913183656704,57.944022845417074],[26.99891998001946,57.944022845417074]]]}},{"type":"Feature","properties":{"jobs":90,"pop":42,"pointCount":6,"homeWorkCommuteMedian":59526,"workHomeCommuteMedian":12504},"geometry":{"type":"Polygon","coordinates":[[[26.99891998001946,57.962009252691566],[26.99891998001946,57.97100245632881],[27.007913183656704,57.97100245632881],[27.007913183656704,57.962009252691566],[26.99891998001946,57.962009252691566]]]}},{"type":"Feature","properties":{"jobs":11,"pop":48,"pointCount":3,"homeWorkCommuteMedian":12080,"workHomeCommuteMedian":65939},"geometry":{"type":"Polygon","coordinates":[[[26.99891998001946,57.97100245632881],[26.99891998001946,57.97999565996606],[27.007913183656704,57.97999565996606],[27.007913183656704,57.97100245632881],[26.99891998001946,57.97100245632881]]]}},{"type":"Feature","properties":{"jobs":0,"pop":14,"pointCount":1,"homeWorkCommuteMedian":52028,"workHomeCommuteMedian":-1},"geometry":{"type":"Polygon","coordinates":[[[26.99891998001946,58.01596847451504],[26.99891998001946,58.02496167815229],[27.007913183656704,58.02496167815229],[27.007913183656704,58.01596847451504],[26.99891998001946,58.01596847451504]]]}},{"type":"Feature","properties":{"jobs":6,"pop":10,"pointCount":3,"homeWorkCommuteMedian":20385,"workHomeCommuteMedian":61751},"geometry":{"type":"Polygon","coordinates":[[[26.99891998001946,58.02496167815229],[26.99891998001946,58.03395488178953],[27.007913183656704,58.03395488178953],[27.007913183656704,58.02496167815229],[26.99891998001946,58.02496167815229]]]}},{"type":"Feature","properties":{"jobs":5,"pop":42,"pointCount":4,"homeWorkCommuteMedian":50218,"workHomeCommuteMedian":19841},"geometry":{"type":"Polygon","coordinates":[[[26.99891998001946,58.03395488178953],[26.99891998001946,58.04294808542678],[27.007913183656704,58.04294808542678],[27.007913183656704,58.03395488178953],[26.99891998001946,58.03395488178953]]]}},{"type":"Feature","properties":{"jobs":0,"pop":10,"pointCount":1,"homeWorkCommuteMedian":41240,"workHomeCommuteMedian":-1},"geometry":{"type":"Polygon","coordinates":[[[26.99891998001946,58.08791410361301],[26.99891998001946,58.096907307250255],[27.007913183656704,58.096907307250255],[27.007913183656704,58.08791410361301],[26.99891998001946,58.08791410361301]]]}},{"type":"Feature","properties":{"jobs":0,"pop":9,"pointCount":1,"homeWorkCommuteMedian":17394,"workHomeCommuteMedian":-1},"geometry":{"type":"Polygon","coordinates":[[[26.99891998001946,58.13288012179924],[26.99891998001946,58.141873325436485],[27.007913183656704,58.141873325436485],[27.007913183656704,58.13288012179924],[26.99891998001946,58.13288012179924]]]}},{"type":"Feature","properties":{"jobs":0,"pop":9,"pointCount":1,"homeWorkCommuteMedian":8414,"workHomeCommuteMedian":-1},"geometry":{"type":"Polygon","coordinates":[[[26.99891998001946,58.141873325436485],[26.99891998001946,58.15086652907373],[27.007913183656704,58.15086652907373],[27.007913183656704,58.141873325436485],[26.99891998001946,58.141873325436485]]]}},{"type":"Feature","properties":{"jobs":0,"pop":5,"pointCount":1,"homeWorkCommuteMedian":15607,"workHomeCommuteMedian":-1},"geometry":{"type":"Polygon","coordinates":[[[26.99891998001946,58.15086652907373],[26.99891998001946,58.15985973271098],[27.007913183656704,58.15985973271098],[27.007913183656704,58.15086652907373],[26.99891998001946,58.15086652907373]]]}},{"type":"Feature","properties":{"jobs":5,"pop":19,"pointCount":2,"homeWorkCommuteMedian":38179,"workHomeCommuteMedian":33930},"geometry":{"type":"Polygon","coordinates":[[[26.99891998001946,58.186839343622715],[26.99891998001946,58.19583254725996],[27.007913183656704,58.19583254725996],[27.007913183656704,58.186839343622715],[26.99891998001946,58.186839343622715]]]}},{"type":"Feature","properties":{"jobs":0,"pop":5,"pointCount":1,"homeWorkCommuteMedian":7605,"workHomeCommuteMedian":-1},"geometry":{"type":"Polygon","coordinates":[[[26.99891998001946,58.20482575089721],[26.99891998001946,58.21381895453445],[27.007913183656704,58.21381895453445],[27.007913183656704,58.20482575089721],[26.99891998001946,58.20482575089721]]]}},{"type":"Feature","properties":{"jobs":0,"pop":10,"pointCount":1,"homeWorkCommuteMedian":27530,"workHomeCommuteMedian":-1},"geometry":{"type":"Polygon","coordinates":[[[26.99891998001946,58.24079856544619],[26.99891998001946,58.24979176908344],[27.007913183656704,58.24979176908344],[27.007913183656704,58.24079856544619],[26.99891998001946,58.24079856544619]]]}},{"type":"Feature","properties":{"jobs":0,"pop":6,"pointCount":1,"homeWorkCommuteMedian":32623,"workHomeCommuteMedian":-1},"geometry":{"type":"Polygon","coordinates":[[[26.99891998001946,58.24979176908344],[26.99891998001946,58.25878497272068],[27.007913183656704,58.25878497272068],[27.007913183656704,58.24979176908344],[26.99891998001946,58.24979176908344]]]}},{"type":"Feature","properties":{"jobs":19,"pop":5,"pointCount":3,"homeWorkCommuteMedian":14729,"workHomeCommuteMedian":34494},"geometry":{"type":"Polygon","coordinates":[[[26.99891998001946,58.25878497272068],[26.99891998001946,58.26777817635793],[27.007913183656704,58.26777817635793],[27.007913183656704,58.25878497272068],[26.99891998001946,58.25878497272068]]]}},{"type":"Feature","properties":{"jobs":0,"pop":6,"pointCount":1,"homeWorkCommuteMedian":1195,"workHomeCommuteMedian":-1},"geometry":{"type":"Polygon","coordinates":[[[26.99891998001946,58.26777817635793],[26.99891998001946,58.276771379995175],[27.007913183656704,58.276771379995175],[27.007913183656704,58.26777817635793],[26.99891998001946,58.26777817635793]]]}},{"type":"Feature","properties":{"jobs":0,"pop":14,"pointCount":2,"homeWorkCommuteMedian":9779,"workHomeCommuteMedian":-1},"geometry":{"type":"Polygon","coordinates":[[[26.99891998001946,58.276771379995175],[26.99891998001946,58.28576458363242],[27.007913183656704,58.28576458363242],[27.007913183656704,58.276771379995175],[26.99891998001946,58.276771379995175]]]}},{"type":"Feature","properties":{"jobs":9,"pop":8,"pointCount":1,"homeWorkCommuteMedian":4026,"workHomeCommuteMedian":37896},"geometry":{"type":"Polygon","coordinates":[[[26.99891998001946,58.29475778726967],[26.99891998001946,58.30375099090691],[27.007913183656704,58.30375099090691],[27.007913183656704,58.29475778726967],[26.99891998001946,58.29475778726967]]]}},{"type":"Feature","properties":{"jobs":0,"pop":8,"pointCount":1,"homeWorkCommuteMedian":20383,"workHomeCommuteMedian":-1},"geometry":{"type":"Polygon","coordinates":[[[26.99891998001946,58.321737398181405],[26.99891998001946,58.33073060181865],[27.007913183656704,58.33073060181865],[27.007913183656704,58.321737398181405],[26.99891998001946,58.321737398181405]]]}},{"type":"Feature","properties":{"jobs":0,"pop":5,"pointCount":1,"homeWorkCommuteMedian":5688,"workHomeCommuteMedian":-1},"geometry":{"type":"Polygon","coordinates":[[[26.99891998001946,58.366703416367635],[26.99891998001946,58.37569662000488],[27.007913183656704,58.37569662000488],[27.007913183656704,58.366703416367635],[26.99891998001946,58.366703416367635]]]}},{"type":"Feature","properties":{"jobs":0,"pop":6,"pointCount":1,"homeWorkCommuteMedian":21492,"workHomeCommuteMedian":-1},"geometry":{"type":"Polygon","coordinates":[[[26.99891998001946,58.38468982364213],[26.99891998001946,58.39368302727937],[27.007913183656704,58.39368302727937],[27.007913183656704,58.38468982364213],[26.99891998001946,58.38468982364213]]]}},{"type":"Feature","properties":{"jobs":5,"pop":0,"pointCount":1,"homeWorkCommuteMedian":-1,"workHomeCommuteMedian":14883},"geometry":{"type":"Polygon","coordinates":[[[26.99891998001946,58.51059467456357],[26.99891998001946,58.51958787820082],[27.007913183656704,58.51958787820082],[27.007913183656704,58.51059467456357],[26.99891998001946,58.51059467456357]]]}},{"type":"Feature","properties":{"jobs":5,"pop":0,"pointCount":1,"homeWorkCommuteMedian":-1,"workHomeCommuteMedian":15504},"geometry":{"type":"Polygon","coordinates":[[[26.99891998001946,58.61851311821052],[26.99891998001946,58.62750632184777],[27.007913183656704,58.62750632184777],[27.007913183656704,58.61851311821052],[26.99891998001946,58.61851311821052]]]}},{"type":"Feature","properties":{"jobs":0,"pop":11,"pointCount":1,"homeWorkCommuteMedian":49740,"workHomeCommuteMedian":-1},"geometry":{"type":"Polygon","coordinates":[[[26.99891998001946,58.62750632184777],[26.99891998001946,58.636499525485014],[27.007913183656704,58.636499525485014],[27.007913183656704,58.62750632184777],[26.99891998001946,58.62750632184777]]]}},{"type":"Feature","properties":{"jobs":0,"pop":6,"pointCount":1,"homeWorkCommuteMedian":31768,"workHomeCommuteMedian":-1},"geometry":{"type":"Polygon","coordinates":[[[27.007913183656704,57.944022845417074],[27.007913183656704,57.95301604905432],[27.01690638729395,57.95301604905432],[27.01690638729395,57.944022845417074],[27.007913183656704,57.944022845417074]]]}},{"type":"Feature","properties":{"jobs":0,"pop":7,"pointCount":1,"homeWorkCommuteMedian":32613,"workHomeCommuteMedian":-1},"geometry":{"type":"Polygon","coordinates":[[[27.007913183656704,57.962009252691566],[27.007913183656704,57.97100245632881],[27.01690638729395,57.97100245632881],[27.01690638729395,57.962009252691566],[27.007913183656704,57.962009252691566]]]}},{"type":"Feature","properties":{"jobs":0,"pop":5,"pointCount":1,"homeWorkCommuteMedian":28721,"workHomeCommuteMedian":-1},"geometry":{"type":"Polygon","coordinates":[[[27.007913183656704,57.97100245632881],[27.007913183656704,57.97999565996606],[27.01690638729395,57.97999565996606],[27.01690638729395,57.97100245632881],[27.007913183656704,57.97100245632881]]]}},{"type":"Feature","properties":{"jobs":0,"pop":11,"pointCount":1,"homeWorkCommuteMedian":56404,"workHomeCommuteMedian":-1},"geometry":{"type":"Polygon","coordinates":[[[27.007913183656704,57.97999565996606],[27.007913183656704,57.9889888636033],[27.01690638729395,57.9889888636033],[27.01690638729395,57.97999565996606],[27.007913183656704,57.97999565996606]]]}},{"type":"Feature","properties":{"jobs":0,"pop":5,"pointCount":1,"homeWorkCommuteMedian":3783,"workHomeCommuteMedian":-1},"geometry":{"type":"Polygon","coordinates":[[[27.007913183656704,58.03395488178953],[27.007913183656704,58.04294808542678],[27.01690638729395,58.04294808542678],[27.01690638729395,58.03395488178953],[27.007913183656704,58.03395488178953]]]}},{"type":"Feature","properties":{"jobs":0,"pop":8,"pointCount":1,"homeWorkCommuteMedian":10787,"workHomeCommuteMedian":-1},"geometry":{"type":"Polygon","coordinates":[[[27.007913183656704,58.04294808542678],[27.007913183656704,58.051941289064025],[27.01690638729395,58.051941289064025],[27.01690638729395,58.04294808542678],[27.007913183656704,58.04294808542678]]]}},{"type":"Feature","properties":{"jobs":8,"pop":6,"pointCount":2,"homeWorkCommuteMedian":10264,"workHomeCommuteMedian":39239},"geometry":{"type":"Polygon","coordinates":[[[27.007913183656704,58.13288012179924],[27.007913183656704,58.141873325436485],[27.01690638729395,58.141873325436485],[27.01690638729395,58.13288012179924],[27.007913183656704,58.13288012179924]]]}},{"type":"Feature","properties":{"jobs":0,"pop":7,"pointCount":1,"homeWorkCommuteMedian":15130,"workHomeCommuteMedian":-1},"geometry":{"type":"Polygon","coordinates":[[[27.007913183656704,58.141873325436485],[27.007913183656704,58.15086652907373],[27.01690638729395,58.15086652907373],[27.01690638729395,58.141873325436485],[27.007913183656704,58.141873325436485]]]}},{"type":"Feature","properties":{"jobs":0,"pop":11,"pointCount":1,"homeWorkCommuteMedian":34240,"workHomeCommuteMedian":-1},"geometry":{"type":"Polygon","coordinates":[[[27.007913183656704,58.20482575089721],[27.007913183656704,58.21381895453445],[27.01690638729395,58.21381895453445],[27.01690638729395,58.20482575089721],[27.007913183656704,58.20482575089721]]]}},{"type":"Feature","properties":{"jobs":7,"pop":6,"pointCount":2,"homeWorkCommuteMedian":17540,"workHomeCommuteMedian":32308},"geometry":{"type":"Polygon","coordinates":[[[27.007913183656704,58.24079856544619],[27.007913183656704,58.24979176908344],[27.01690638729395,58.24979176908344],[27.01690638729395,58.24079856544619],[27.007913183656704,58.24079856544619]]]}},{"type":"Feature","properties":{"jobs":0,"pop":16,"pointCount":2,"homeWorkCommuteMedian":11473,"workHomeCommuteMedian":-1},"geometry":{"type":"Polygon","coordinates":[[[27.007913183656704,58.276771379995175],[27.007913183656704,58.28576458363242],[27.01690638729395,58.28576458363242],[27.01690638729395,58.276771379995175],[27.007913183656704,58.276771379995175]]]}},{"type":"Feature","properties":{"jobs":0,"pop":24,"pointCount":1,"homeWorkCommuteMedian":39492,"workHomeCommuteMedian":-1},"geometry":{"type":"Polygon","coordinates":[[[27.007913183656704,58.28576458363242],[27.007913183656704,58.29475778726967],[27.01690638729395,58.29475778726967],[27.01690638729395,58.28576458363242],[27.007913183656704,58.28576458363242]]]}},{"type":"Feature","properties":{"jobs":0,"pop":15,"pointCount":2,"homeWorkCommuteMedian":19547,"workHomeCommuteMedian":-1},"geometry":{"type":"Polygon","coordinates":[[[27.007913183656704,58.35771021273039],[27.007913183656704,58.366703416367635],[27.01690638729395,58.366703416367635],[27.01690638729395,58.35771021273039],[27.007913183656704,58.35771021273039]]]}},{"type":"Feature","properties":{"jobs":0,"pop":7,"pointCount":1,"homeWorkCommuteMedian":9806,"workHomeCommuteMedian":-1},"geometry":{"type":"Polygon","coordinates":[[[27.007913183656704,58.366703416367635],[27.007913183656704,58.37569662000488],[27.01690638729395,58.37569662000488],[27.01690638729395,58.366703416367635],[27.007913183656704,58.366703416367635]]]}},{"type":"Feature","properties":{"jobs":5,"pop":0,"pointCount":1,"homeWorkCommuteMedian":-1,"workHomeCommuteMedian":98195},"geometry":{"type":"Polygon","coordinates":[[[27.007913183656704,58.61851311821052],[27.007913183656704,58.62750632184777],[27.01690638729395,58.62750632184777],[27.01690638729395,58.61851311821052],[27.007913183656704,58.61851311821052]]]}},{"type":"Feature","properties":{"jobs":8,"pop":0,"pointCount":1,"homeWorkCommuteMedian":-1,"workHomeCommuteMedian":29877},"geometry":{"type":"Polygon","coordinates":[[[27.007913183656704,58.672472340034],[27.007913183656704,58.681465543671244],[27.01690638729395,58.681465543671244],[27.01690638729395,58.672472340034],[27.007913183656704,58.672472340034]]]}},{"type":"Feature","properties":{"jobs":0,"pop":6,"pointCount":1,"homeWorkCommuteMedian":13077,"workHomeCommuteMedian":-1},"geometry":{"type":"Polygon","coordinates":[[[27.007913183656704,58.681465543671244],[27.007913183656704,58.69045874730849],[27.01690638729395,58.69045874730849],[27.01690638729395,58.681465543671244],[27.007913183656704,58.681465543671244]]]}},{"type":"Feature","properties":{"jobs":14,"pop":0,"pointCount":1,"homeWorkCommuteMedian":-1,"workHomeCommuteMedian":23362},"geometry":{"type":"Polygon","coordinates":[[[27.007913183656704,58.69045874730849],[27.007913183656704,58.699451950945736],[27.01690638729395,58.699451950945736],[27.01690638729395,58.69045874730849],[27.007913183656704,58.69045874730849]]]}},{"type":"Feature","properties":{"jobs":1,"pop":0,"pointCount":1,"homeWorkCommuteMedian":-1,"workHomeCommuteMedian":61489},"geometry":{"type":"Polygon","coordinates":[[[27.007913183656704,58.744417969131966],[27.007913183656704,58.75341117276921],[27.01690638729395,58.75341117276921],[27.01690638729395,58.744417969131966],[27.007913183656704,58.744417969131966]]]}},{"type":"Feature","properties":{"jobs":0,"pop":14,"pointCount":1,"homeWorkCommuteMedian":63851,"workHomeCommuteMedian":-1},"geometry":{"type":"Polygon","coordinates":[[[27.01690638729395,57.917043234505336],[27.01690638729395,57.92603643814258],[27.025899590931196,57.92603643814258],[27.025899590931196,57.917043234505336],[27.01690638729395,57.917043234505336]]]}},{"type":"Feature","properties":{"jobs":0,"pop":8,"pointCount":1,"homeWorkCommuteMedian":15298,"workHomeCommuteMedian":-1},"geometry":{"type":"Polygon","coordinates":[[[27.01690638729395,57.962009252691566],[27.01690638729395,57.97100245632881],[27.025899590931196,57.97100245632881],[27.025899590931196,57.962009252691566],[27.01690638729395,57.962009252691566]]]}},{"type":"Feature","properties":{"jobs":0,"pop":6,"pointCount":1,"homeWorkCommuteMedian":11439,"workHomeCommuteMedian":-1},"geometry":{"type":"Polygon","coordinates":[[[27.01690638729395,57.97100245632881],[27.01690638729395,57.97999565996606],[27.025899590931196,57.97999565996606],[27.025899590931196,57.97100245632881],[27.01690638729395,57.97100245632881]]]}},{"type":"Feature","properties":{"jobs":0,"pop":11,"pointCount":1,"homeWorkCommuteMedian":48651,"workHomeCommuteMedian":-1},"geometry":{"type":"Polygon","coordinates":[[[27.01690638729395,58.04294808542678],[27.01690638729395,58.051941289064025],[27.025899590931196,58.051941289064025],[27.025899590931196,58.04294808542678],[27.01690638729395,58.04294808542678]]]}},{"type":"Feature","properties":{"jobs":0,"pop":5,"pointCount":1,"homeWorkCommuteMedian":3223,"workHomeCommuteMedian":-1},"geometry":{"type":"Polygon","coordinates":[[[27.01690638729395,58.051941289064025],[27.01690638729395,58.06093449270127],[27.025899590931196,58.06093449270127],[27.025899590931196,58.051941289064025],[27.01690638729395,58.051941289064025]]]}},{"type":"Feature","properties":{"jobs":112,"pop":0,"pointCount":2,"homeWorkCommuteMedian":-1,"workHomeCommuteMedian":40034},"geometry":{"type":"Polygon","coordinates":[[[27.01690638729395,58.13288012179924],[27.01690638729395,58.141873325436485],[27.025899590931196,58.141873325436485],[27.025899590931196,58.13288012179924],[27.01690638729395,58.13288012179924]]]}},{"type":"Feature","properties":{"jobs":0,"pop":15,"pointCount":1,"homeWorkCommuteMedian":31497,"workHomeCommuteMedian":-1},"geometry":{"type":"Polygon","coordinates":[[[27.01690638729395,58.21381895453445],[27.01690638729395,58.2228121581717],[27.025899590931196,58.2228121581717],[27.025899590931196,58.21381895453445],[27.01690638729395,58.21381895453445]]]}},{"type":"Feature","properties":{"jobs":0,"pop":6,"pointCount":1,"homeWorkCommuteMedian":30165,"workHomeCommuteMedian":-1},"geometry":{"type":"Polygon","coordinates":[[[27.01690638729395,58.24079856544619],[27.01690638729395,58.24979176908344],[27.025899590931196,58.24979176908344],[27.025899590931196,58.24079856544619],[27.01690638729395,58.24079856544619]]]}},{"type":"Feature","properties":{"jobs":0,"pop":12,"pointCount":1,"homeWorkCommuteMedian":27403,"workHomeCommuteMedian":-1},"geometry":{"type":"Polygon","coordinates":[[[27.01690638729395,58.26777817635793],[27.01690638729395,58.276771379995175],[27.025899590931196,58.276771379995175],[27.025899590931196,58.26777817635793],[27.01690638729395,58.26777817635793]]]}},{"type":"Feature","properties":{"jobs":4,"pop":6,"pointCount":2,"homeWorkCommuteMedian":8003,"workHomeCommuteMedian":2687},"geometry":{"type":"Polygon","coordinates":[[[27.01690638729395,58.276771379995175],[27.01690638729395,58.28576458363242],[27.025899590931196,58.28576458363242],[27.025899590931196,58.276771379995175],[27.01690638729395,58.276771379995175]]]}},{"type":"Feature","properties":{"jobs":0,"pop":6,"pointCount":1,"homeWorkCommuteMedian":3807,"workHomeCommuteMedian":-1},"geometry":{"type":"Polygon","coordinates":[[[27.01690638729395,58.321737398181405],[27.01690638729395,58.33073060181865],[27.025899590931196,58.33073060181865],[27.025899590931196,58.321737398181405],[27.01690638729395,58.321737398181405]]]}},{"type":"Feature","properties":{"jobs":0,"pop":7,"pointCount":1,"homeWorkCommuteMedian":43081,"workHomeCommuteMedian":-1},"geometry":{"type":"Polygon","coordinates":[[[27.01690638729395,58.3397238054559],[27.01690638729395,58.34871700909314],[27.025899590931196,58.34871700909314],[27.025899590931196,58.3397238054559],[27.01690638729395,58.3397238054559]]]}},{"type":"Feature","properties":{"jobs":14,"pop":0,"pointCount":1,"homeWorkCommuteMedian":-1,"workHomeCommuteMedian":38538},"geometry":{"type":"Polygon","coordinates":[[[27.01690638729395,58.34871700909314],[27.01690638729395,58.35771021273039],[27.025899590931196,58.35771021273039],[27.025899590931196,58.34871700909314],[27.01690638729395,58.34871700909314]]]}},{"type":"Feature","properties":{"jobs":7,"pop":0,"pointCount":1,"homeWorkCommuteMedian":-1,"workHomeCommuteMedian":66514},"geometry":{"type":"Polygon","coordinates":[[[27.01690638729395,58.37569662000488],[27.01690638729395,58.38468982364213],[27.025899590931196,58.38468982364213],[27.025899590931196,58.37569662000488],[27.01690638729395,58.37569662000488]]]}},{"type":"Feature","properties":{"jobs":0,"pop":8,"pointCount":1,"homeWorkCommuteMedian":43858,"workHomeCommuteMedian":-1},"geometry":{"type":"Polygon","coordinates":[[[27.01690638729395,58.39368302727937],[27.01690638729395,58.40267623091662],[27.025899590931196,58.40267623091662],[27.025899590931196,58.39368302727937],[27.01690638729395,58.39368302727937]]]}},{"type":"Feature","properties":{"jobs":0,"pop":7,"pointCount":1,"homeWorkCommuteMedian":9774,"workHomeCommuteMedian":-1},"geometry":{"type":"Polygon","coordinates":[[[27.01690638729395,58.52858108183806],[27.01690638729395,58.53757428547531],[27.025899590931196,58.53757428547531],[27.025899590931196,58.52858108183806],[27.01690638729395,58.52858108183806]]]}},{"type":"Feature","properties":{"jobs":0,"pop":9,"pointCount":1,"homeWorkCommuteMedian":5975,"workHomeCommuteMedian":-1},"geometry":{"type":"Polygon","coordinates":[[[27.01690638729395,58.654485932759506],[27.01690638729395,58.66347913639675],[27.025899590931196,58.66347913639675],[27.025899590931196,58.654485932759506],[27.01690638729395,58.654485932759506]]]}},{"type":"Feature","properties":{"jobs":36,"pop":38,"pointCount":5,"homeWorkCommuteMedian":13858,"workHomeCommuteMedian":8402},"geometry":{"type":"Polygon","coordinates":[[[27.01690638729395,58.66347913639675],[27.01690638729395,58.672472340034],[27.025899590931196,58.672472340034],[27.025899590931196,58.66347913639675],[27.01690638729395,58.66347913639675]]]}},{"type":"Feature","properties":{"jobs":16,"pop":59,"pointCount":3,"homeWorkCommuteMedian":48736,"workHomeCommuteMedian":5030},"geometry":{"type":"Polygon","coordinates":[[[27.01690638729395,58.672472340034],[27.01690638729395,58.681465543671244],[27.025899590931196,58.681465543671244],[27.025899590931196,58.672472340034],[27.01690638729395,58.672472340034]]]}},{"type":"Feature","properties":{"jobs":0,"pop":9,"pointCount":1,"homeWorkCommuteMedian":35823,"workHomeCommuteMedian":-1},"geometry":{"type":"Polygon","coordinates":[[[27.01690638729395,58.699451950945736],[27.01690638729395,58.70844515458298],[27.025899590931196,58.70844515458298],[27.025899590931196,58.699451950945736],[27.01690638729395,58.699451950945736]]]}},{"type":"Feature","properties":{"jobs":0,"pop":6,"pointCount":1,"homeWorkCommuteMedian":14593,"workHomeCommuteMedian":-1},"geometry":{"type":"Polygon","coordinates":[[[27.01690638729395,58.744417969131966],[27.01690638729395,58.75341117276921],[27.025899590931196,58.75341117276921],[27.025899590931196,58.744417969131966],[27.01690638729395,58.744417969131966]]]}},{"type":"Feature","properties":{"jobs":15,"pop":0,"pointCount":1,"homeWorkCommuteMedian":-1,"workHomeCommuteMedian":12371},"geometry":{"type":"Polygon","coordinates":[[[27.025899590931196,57.92603643814258],[27.025899590931196,57.93502964177983],[27.034892794568442,57.93502964177983],[27.034892794568442,57.92603643814258],[27.025899590931196,57.92603643814258]]]}},{"type":"Feature","properties":{"jobs":0,"pop":7,"pointCount":1,"homeWorkCommuteMedian":3247,"workHomeCommuteMedian":-1},"geometry":{"type":"Polygon","coordinates":[[[27.025899590931196,57.97100245632881],[27.025899590931196,57.97999565996606],[27.034892794568442,57.97999565996606],[27.034892794568442,57.97100245632881],[27.025899590931196,57.97100245632881]]]}},{"type":"Feature","properties":{"jobs":0,"pop":7,"pointCount":1,"homeWorkCommuteMedian":24582,"workHomeCommuteMedian":-1},"geometry":{"type":"Polygon","coordinates":[[[27.025899590931196,57.97999565996606],[27.025899590931196,57.9889888636033],[27.034892794568442,57.9889888636033],[27.034892794568442,57.97999565996606],[27.025899590931196,57.97999565996606]]]}},{"type":"Feature","properties":{"jobs":0,"pop":9,"pointCount":1,"homeWorkCommuteMedian":12253,"workHomeCommuteMedian":-1},"geometry":{"type":"Polygon","coordinates":[[[27.025899590931196,58.04294808542678],[27.025899590931196,58.051941289064025],[27.034892794568442,58.051941289064025],[27.034892794568442,58.04294808542678],[27.025899590931196,58.04294808542678]]]}},{"type":"Feature","properties":{"jobs":9,"pop":11,"pointCount":2,"homeWorkCommuteMedian":6049,"workHomeCommuteMedian":46041},"geometry":{"type":"Polygon","coordinates":[[[27.025899590931196,58.07892089997576],[27.025899590931196,58.08791410361301],[27.034892794568442,58.08791410361301],[27.034892794568442,58.07892089997576],[27.025899590931196,58.07892089997576]]]}},{"type":"Feature","properties":{"jobs":0,"pop":24,"pointCount":2,"homeWorkCommuteMedian":46842,"workHomeCommuteMedian":-1},"geometry":{"type":"Polygon","coordinates":[[[27.025899590931196,58.096907307250255],[27.025899590931196,58.1059005108875],[27.034892794568442,58.1059005108875],[27.034892794568442,58.096907307250255],[27.025899590931196,58.096907307250255]]]}},{"type":"Feature","properties":{"jobs":5,"pop":0,"pointCount":1,"homeWorkCommuteMedian":-1,"workHomeCommuteMedian":2825},"geometry":{"type":"Polygon","coordinates":[[[27.025899590931196,58.21381895453445],[27.025899590931196,58.2228121581717],[27.034892794568442,58.2228121581717],[27.034892794568442,58.21381895453445],[27.025899590931196,58.21381895453445]]]}},{"type":"Feature","properties":{"jobs":5,"pop":0,"pointCount":1,"homeWorkCommuteMedian":-1,"workHomeCommuteMedian":32351},"geometry":{"type":"Polygon","coordinates":[[[27.025899590931196,58.2228121581717],[27.025899590931196,58.231805361808945],[27.034892794568442,58.231805361808945],[27.034892794568442,58.2228121581717],[27.025899590931196,58.2228121581717]]]}},{"type":"Feature","properties":{"jobs":0,"pop":9,"pointCount":1,"homeWorkCommuteMedian":10983,"workHomeCommuteMedian":-1},"geometry":{"type":"Polygon","coordinates":[[[27.025899590931196,58.25878497272068],[27.025899590931196,58.26777817635793],[27.034892794568442,58.26777817635793],[27.034892794568442,58.25878497272068],[27.025899590931196,58.25878497272068]]]}},{"type":"Feature","properties":{"jobs":0,"pop":5,"pointCount":1,"homeWorkCommuteMedian":12150,"workHomeCommuteMedian":-1},"geometry":{"type":"Polygon","coordinates":[[[27.025899590931196,58.34871700909314],[27.025899590931196,58.35771021273039],[27.034892794568442,58.35771021273039],[27.034892794568442,58.34871700909314],[27.025899590931196,58.34871700909314]]]}},{"type":"Feature","properties":{"jobs":0,"pop":11,"pointCount":2,"homeWorkCommuteMedian":10845,"workHomeCommuteMedian":-1},"geometry":{"type":"Polygon","coordinates":[[[27.025899590931196,58.37569662000488],[27.025899590931196,58.38468982364213],[27.034892794568442,58.38468982364213],[27.034892794568442,58.37569662000488],[27.025899590931196,58.37569662000488]]]}},{"type":"Feature","properties":{"jobs":0,"pop":5,"pointCount":1,"homeWorkCommuteMedian":14198,"workHomeCommuteMedian":-1},"geometry":{"type":"Polygon","coordinates":[[[27.025899590931196,58.39368302727937],[27.025899590931196,58.40267623091662],[27.034892794568442,58.40267623091662],[27.034892794568442,58.39368302727937],[27.025899590931196,58.39368302727937]]]}},{"type":"Feature","properties":{"jobs":0,"pop":7,"pointCount":1,"homeWorkCommuteMedian":27643,"workHomeCommuteMedian":-1},"geometry":{"type":"Polygon","coordinates":[[[27.025899590931196,58.456635452740095],[27.025899590931196,58.46562865637734],[27.034892794568442,58.46562865637734],[27.034892794568442,58.456635452740095],[27.025899590931196,58.456635452740095]]]}},{"type":"Feature","properties":{"jobs":0,"pop":6,"pointCount":1,"homeWorkCommuteMedian":1049,"workHomeCommuteMedian":-1},"geometry":{"type":"Polygon","coordinates":[[[27.025899590931196,58.66347913639675],[27.025899590931196,58.672472340034],[27.034892794568442,58.672472340034],[27.034892794568442,58.66347913639675],[27.025899590931196,58.66347913639675]]]}},{"type":"Feature","properties":{"jobs":0,"pop":25,"pointCount":3,"homeWorkCommuteMedian":11442,"workHomeCommuteMedian":-1},"geometry":{"type":"Polygon","coordinates":[[[27.025899590931196,58.672472340034],[27.025899590931196,58.681465543671244],[27.034892794568442,58.681465543671244],[27.034892794568442,58.672472340034],[27.025899590931196,58.672472340034]]]}},{"type":"Feature","properties":{"jobs":0,"pop":6,"pointCount":1,"homeWorkCommuteMedian":11367,"workHomeCommuteMedian":-1},"geometry":{"type":"Polygon","coordinates":[[[27.034892794568442,57.917043234505336],[27.034892794568442,57.92603643814258],[27.04388599820569,57.92603643814258],[27.04388599820569,57.917043234505336],[27.034892794568442,57.917043234505336]]]}},{"type":"Feature","properties":{"jobs":0,"pop":9,"pointCount":1,"homeWorkCommuteMedian":15348,"workHomeCommuteMedian":-1},"geometry":{"type":"Polygon","coordinates":[[[27.034892794568442,57.92603643814258],[27.034892794568442,57.93502964177983],[27.04388599820569,57.93502964177983],[27.04388599820569,57.92603643814258],[27.034892794568442,57.92603643814258]]]}},{"type":"Feature","properties":{"jobs":0,"pop":6,"pointCount":1,"homeWorkCommuteMedian":10662,"workHomeCommuteMedian":-1},"geometry":{"type":"Polygon","coordinates":[[[27.034892794568442,57.962009252691566],[27.034892794568442,57.97100245632881],[27.04388599820569,57.97100245632881],[27.04388599820569,57.962009252691566],[27.034892794568442,57.962009252691566]]]}},{"type":"Feature","properties":{"jobs":24,"pop":0,"pointCount":1,"homeWorkCommuteMedian":-1,"workHomeCommuteMedian":80551},"geometry":{"type":"Polygon","coordinates":[[[27.034892794568442,57.97100245632881],[27.034892794568442,57.97999565996606],[27.04388599820569,57.97999565996606],[27.04388599820569,57.97100245632881],[27.034892794568442,57.97100245632881]]]}},{"type":"Feature","properties":{"jobs":4,"pop":12,"pointCount":2,"homeWorkCommuteMedian":59631,"workHomeCommuteMedian":79478},"geometry":{"type":"Polygon","coordinates":[[[27.034892794568442,57.97999565996606],[27.034892794568442,57.9889888636033],[27.04388599820569,57.9889888636033],[27.04388599820569,57.97999565996606],[27.034892794568442,57.97999565996606]]]}},{"type":"Feature","properties":{"jobs":9,"pop":14,"pointCount":2,"homeWorkCommuteMedian":53782,"workHomeCommuteMedian":6277},"geometry":{"type":"Polygon","coordinates":[[[27.034892794568442,58.01596847451504],[27.034892794568442,58.02496167815229],[27.04388599820569,58.02496167815229],[27.04388599820569,58.01596847451504],[27.034892794568442,58.01596847451504]]]}},{"type":"Feature","properties":{"jobs":0,"pop":23,"pointCount":3,"homeWorkCommuteMedian":33519,"workHomeCommuteMedian":-1},"geometry":{"type":"Polygon","coordinates":[[[27.034892794568442,58.03395488178953],[27.034892794568442,58.04294808542678],[27.04388599820569,58.04294808542678],[27.04388599820569,58.03395488178953],[27.034892794568442,58.03395488178953]]]}},{"type":"Feature","properties":{"jobs":25,"pop":27,"pointCount":3,"homeWorkCommuteMedian":3985,"workHomeCommuteMedian":21177},"geometry":{"type":"Polygon","coordinates":[[[27.034892794568442,58.04294808542678],[27.034892794568442,58.051941289064025],[27.04388599820569,58.051941289064025],[27.04388599820569,58.04294808542678],[27.034892794568442,58.04294808542678]]]}},{"type":"Feature","properties":{"jobs":53,"pop":43,"pointCount":4,"homeWorkCommuteMedian":38234,"workHomeCommuteMedian":19269},"geometry":{"type":"Polygon","coordinates":[[[27.034892794568442,58.051941289064025],[27.034892794568442,58.06093449270127],[27.04388599820569,58.06093449270127],[27.04388599820569,58.051941289064025],[27.034892794568442,58.051941289064025]]]}},{"type":"Feature","properties":{"jobs":126,"pop":0,"pointCount":4,"homeWorkCommuteMedian":-1,"workHomeCommuteMedian":45662},"geometry":{"type":"Polygon","coordinates":[[[27.034892794568442,58.06093449270127],[27.034892794568442,58.06992769633852],[27.04388599820569,58.06992769633852],[27.04388599820569,58.06093449270127],[27.034892794568442,58.06093449270127]]]}},{"type":"Feature","properties":{"jobs":0,"pop":5,"pointCount":1,"homeWorkCommuteMedian":12648,"workHomeCommuteMedian":-1},"geometry":{"type":"Polygon","coordinates":[[[27.034892794568442,58.07892089997576],[27.034892794568442,58.08791410361301],[27.04388599820569,58.08791410361301],[27.04388599820569,58.07892089997576],[27.034892794568442,58.07892089997576]]]}},{"type":"Feature","properties":{"jobs":8,"pop":38,"pointCount":2,"homeWorkCommuteMedian":42855,"workHomeCommuteMedian":46417},"geometry":{"type":"Polygon","coordinates":[[[27.034892794568442,58.096907307250255],[27.034892794568442,58.1059005108875],[27.04388599820569,58.1059005108875],[27.04388599820569,58.096907307250255],[27.034892794568442,58.096907307250255]]]}},{"type":"Feature","properties":{"jobs":5,"pop":8,"pointCount":1,"homeWorkCommuteMedian":19478,"workHomeCommuteMedian":1992},"geometry":{"type":"Polygon","coordinates":[[[27.034892794568442,58.11489371452475],[27.034892794568442,58.12388691816199],[27.04388599820569,58.12388691816199],[27.04388599820569,58.11489371452475],[27.034892794568442,58.11489371452475]]]}},{"type":"Feature","properties":{"jobs":0,"pop":8,"pointCount":1,"homeWorkCommuteMedian":2641,"workHomeCommuteMedian":-1},"geometry":{"type":"Polygon","coordinates":[[[27.034892794568442,58.12388691816199],[27.034892794568442,58.13288012179924],[27.04388599820569,58.13288012179924],[27.04388599820569,58.12388691816199],[27.034892794568442,58.12388691816199]]]}},{"type":"Feature","properties":{"jobs":0,"pop":8,"pointCount":1,"homeWorkCommuteMedian":23662,"workHomeCommuteMedian":-1},"geometry":{"type":"Polygon","coordinates":[[[27.034892794568442,58.17784613998547],[27.034892794568442,58.186839343622715],[27.04388599820569,58.186839343622715],[27.04388599820569,58.17784613998547],[27.034892794568442,58.17784613998547]]]}},{"type":"Feature","properties":{"jobs":0,"pop":15,"pointCount":2,"homeWorkCommuteMedian":34287,"workHomeCommuteMedian":-1},"geometry":{"type":"Polygon","coordinates":[[[27.034892794568442,58.21381895453445],[27.034892794568442,58.2228121581717],[27.04388599820569,58.2228121581717],[27.04388599820569,58.21381895453445],[27.034892794568442,58.21381895453445]]]}},{"type":"Feature","properties":{"jobs":0,"pop":61,"pointCount":1,"homeWorkCommuteMedian":25671,"workHomeCommuteMedian":-1},"geometry":{"type":"Polygon","coordinates":[[[27.034892794568442,58.276771379995175],[27.034892794568442,58.28576458363242],[27.04388599820569,58.28576458363242],[27.04388599820569,58.276771379995175],[27.034892794568442,58.276771379995175]]]}},{"type":"Feature","properties":{"jobs":0,"pop":15,"pointCount":1,"homeWorkCommuteMedian":27151,"workHomeCommuteMedian":-1},"geometry":{"type":"Polygon","coordinates":[[[27.034892794568442,58.28576458363242],[27.034892794568442,58.29475778726967],[27.04388599820569,58.29475778726967],[27.04388599820569,58.28576458363242],[27.034892794568442,58.28576458363242]]]}},{"type":"Feature","properties":{"jobs":2,"pop":12,"pointCount":2,"homeWorkCommuteMedian":26612,"workHomeCommuteMedian":5962},"geometry":{"type":"Polygon","coordinates":[[[27.034892794568442,58.29475778726967],[27.034892794568442,58.30375099090691],[27.04388599820569,58.30375099090691],[27.04388599820569,58.29475778726967],[27.034892794568442,58.29475778726967]]]}},{"type":"Feature","properties":{"jobs":0,"pop":9,"pointCount":1,"homeWorkCommuteMedian":5826,"workHomeCommuteMedian":-1},"geometry":{"type":"Polygon","coordinates":[[[27.034892794568442,58.35771021273039],[27.034892794568442,58.366703416367635],[27.04388599820569,58.366703416367635],[27.04388599820569,58.35771021273039],[27.034892794568442,58.35771021273039]]]}},{"type":"Feature","properties":{"jobs":0,"pop":7,"pointCount":1,"homeWorkCommuteMedian":18390,"workHomeCommuteMedian":-1},"geometry":{"type":"Polygon","coordinates":[[[27.034892794568442,58.366703416367635],[27.034892794568442,58.37569662000488],[27.04388599820569,58.37569662000488],[27.04388599820569,58.366703416367635],[27.034892794568442,58.366703416367635]]]}},{"type":"Feature","properties":{"jobs":17,"pop":72,"pointCount":4,"homeWorkCommuteMedian":21077,"workHomeCommuteMedian":23288},"geometry":{"type":"Polygon","coordinates":[[[27.034892794568442,58.37569662000488],[27.034892794568442,58.38468982364213],[27.04388599820569,58.38468982364213],[27.04388599820569,58.37569662000488],[27.034892794568442,58.37569662000488]]]}},{"type":"Feature","properties":{"jobs":22,"pop":0,"pointCount":1,"homeWorkCommuteMedian":-1,"workHomeCommuteMedian":18325},"geometry":{"type":"Polygon","coordinates":[[[27.034892794568442,58.39368302727937],[27.034892794568442,58.40267623091662],[27.04388599820569,58.40267623091662],[27.04388599820569,58.39368302727937],[27.034892794568442,58.39368302727937]]]}},{"type":"Feature","properties":{"jobs":6,"pop":0,"pointCount":1,"homeWorkCommuteMedian":-1,"workHomeCommuteMedian":2160},"geometry":{"type":"Polygon","coordinates":[[[27.034892794568442,58.53757428547531],[27.034892794568442,58.546567489112554],[27.04388599820569,58.546567489112554],[27.04388599820569,58.53757428547531],[27.034892794568442,58.53757428547531]]]}},{"type":"Feature","properties":{"jobs":0,"pop":7,"pointCount":1,"homeWorkCommuteMedian":2816,"workHomeCommuteMedian":-1},"geometry":{"type":"Polygon","coordinates":[[[27.034892794568442,58.654485932759506],[27.034892794568442,58.66347913639675],[27.04388599820569,58.66347913639675],[27.04388599820569,58.654485932759506],[27.034892794568442,58.654485932759506]]]}},{"type":"Feature","properties":{"jobs":7,"pop":0,"pointCount":1,"homeWorkCommuteMedian":-1,"workHomeCommuteMedian":52248},"geometry":{"type":"Polygon","coordinates":[[[27.034892794568442,58.672472340034],[27.034892794568442,58.681465543671244],[27.04388599820569,58.681465543671244],[27.04388599820569,58.672472340034],[27.034892794568442,58.672472340034]]]}},{"type":"Feature","properties":{"jobs":0,"pop":11,"pointCount":1,"homeWorkCommuteMedian":55733,"workHomeCommuteMedian":-1},"geometry":{"type":"Polygon","coordinates":[[[27.034892794568442,58.681465543671244],[27.034892794568442,58.69045874730849],[27.04388599820569,58.69045874730849],[27.04388599820569,58.681465543671244],[27.034892794568442,58.681465543671244]]]}},{"type":"Feature","properties":{"jobs":0,"pop":5,"pointCount":1,"homeWorkCommuteMedian":4144,"workHomeCommuteMedian":-1},"geometry":{"type":"Polygon","coordinates":[[[27.034892794568442,58.744417969131966],[27.034892794568442,58.75341117276921],[27.04388599820569,58.75341117276921],[27.04388599820569,58.744417969131966],[27.034892794568442,58.744417969131966]]]}},{"type":"Feature","properties":{"jobs":0,"pop":7,"pointCount":1,"homeWorkCommuteMedian":12580,"workHomeCommuteMedian":-1},"geometry":{"type":"Polygon","coordinates":[[[27.04388599820569,57.944022845417074],[27.04388599820569,57.95301604905432],[27.052879201842934,57.95301604905432],[27.052879201842934,57.944022845417074],[27.04388599820569,57.944022845417074]]]}},{"type":"Feature","properties":{"jobs":14,"pop":5,"pointCount":2,"homeWorkCommuteMedian":59427,"workHomeCommuteMedian":58413},"geometry":{"type":"Polygon","coordinates":[[[27.04388599820569,57.95301604905432],[27.04388599820569,57.962009252691566],[27.052879201842934,57.962009252691566],[27.052879201842934,57.95301604905432],[27.04388599820569,57.95301604905432]]]}},{"type":"Feature","properties":{"jobs":16,"pop":12,"pointCount":2,"homeWorkCommuteMedian":56198,"workHomeCommuteMedian":60198},"geometry":{"type":"Polygon","coordinates":[[[27.04388599820569,57.97100245632881],[27.04388599820569,57.97999565996606],[27.052879201842934,57.97999565996606],[27.052879201842934,57.97100245632881],[27.04388599820569,57.97100245632881]]]}},{"type":"Feature","properties":{"jobs":0,"pop":15,"pointCount":2,"homeWorkCommuteMedian":57201,"workHomeCommuteMedian":-1},"geometry":{"type":"Polygon","coordinates":[[[27.04388599820569,57.99798206724055],[27.04388599820569,58.006975270877795],[27.052879201842934,58.006975270877795],[27.052879201842934,57.99798206724055],[27.04388599820569,57.99798206724055]]]}},{"type":"Feature","properties":{"jobs":0,"pop":5,"pointCount":1,"homeWorkCommuteMedian":11793,"workHomeCommuteMedian":-1},"geometry":{"type":"Polygon","coordinates":[[[27.04388599820569,58.01596847451504],[27.04388599820569,58.02496167815229],[27.052879201842934,58.02496167815229],[27.052879201842934,58.01596847451504],[27.04388599820569,58.01596847451504]]]}},{"type":"Feature","properties":{"jobs":0,"pop":8,"pointCount":1,"homeWorkCommuteMedian":2132,"workHomeCommuteMedian":-1},"geometry":{"type":"Polygon","coordinates":[[[27.04388599820569,58.03395488178953],[27.04388599820569,58.04294808542678],[27.052879201842934,58.04294808542678],[27.052879201842934,58.03395488178953],[27.04388599820569,58.03395488178953]]]}},{"type":"Feature","properties":{"jobs":72,"pop":220,"pointCount":7,"homeWorkCommuteMedian":46922,"workHomeCommuteMedian":15607},"geometry":{"type":"Polygon","coordinates":[[[27.04388599820569,58.04294808542678],[27.04388599820569,58.051941289064025],[27.052879201842934,58.051941289064025],[27.052879201842934,58.04294808542678],[27.04388599820569,58.04294808542678]]]}},{"type":"Feature","properties":{"jobs":678,"pop":786,"pointCount":14,"homeWorkCommuteMedian":16355,"workHomeCommuteMedian":6500},"geometry":{"type":"Polygon","coordinates":[[[27.04388599820569,58.051941289064025],[27.04388599820569,58.06093449270127],[27.052879201842934,58.06093449270127],[27.052879201842934,58.051941289064025],[27.04388599820569,58.051941289064025]]]}},{"type":"Feature","properties":{"jobs":47,"pop":69,"pointCount":8,"homeWorkCommuteMedian":3804,"workHomeCommuteMedian":46916},"geometry":{"type":"Polygon","coordinates":[[[27.04388599820569,58.06093449270127],[27.04388599820569,58.06992769633852],[27.052879201842934,58.06992769633852],[27.052879201842934,58.06093449270127],[27.04388599820569,58.06093449270127]]]}},{"type":"Feature","properties":{"jobs":46,"pop":6,"pointCount":3,"homeWorkCommuteMedian":562,"workHomeCommuteMedian":1866},"geometry":{"type":"Polygon","coordinates":[[[27.04388599820569,58.06992769633852],[27.04388599820569,58.07892089997576],[27.052879201842934,58.07892089997576],[27.052879201842934,58.06992769633852],[27.04388599820569,58.06992769633852]]]}},{"type":"Feature","properties":{"jobs":0,"pop":7,"pointCount":1,"homeWorkCommuteMedian":16774,"workHomeCommuteMedian":-1},"geometry":{"type":"Polygon","coordinates":[[[27.04388599820569,58.08791410361301],[27.04388599820569,58.096907307250255],[27.052879201842934,58.096907307250255],[27.052879201842934,58.08791410361301],[27.04388599820569,58.08791410361301]]]}},{"type":"Feature","properties":{"jobs":16,"pop":6,"pointCount":3,"homeWorkCommuteMedian":6875,"workHomeCommuteMedian":29994},"geometry":{"type":"Polygon","coordinates":[[[27.04388599820569,58.096907307250255],[27.04388599820569,58.1059005108875],[27.052879201842934,58.1059005108875],[27.052879201842934,58.096907307250255],[27.04388599820569,58.096907307250255]]]}},{"type":"Feature","properties":{"jobs":227,"pop":0,"pointCount":1,"homeWorkCommuteMedian":-1,"workHomeCommuteMedian":41389},"geometry":{"type":"Polygon","coordinates":[[[27.04388599820569,58.1059005108875],[27.04388599820569,58.11489371452475],[27.052879201842934,58.11489371452475],[27.052879201842934,58.1059005108875],[27.04388599820569,58.1059005108875]]]}},{"type":"Feature","properties":{"jobs":0,"pop":8,"pointCount":1,"homeWorkCommuteMedian":38841,"workHomeCommuteMedian":-1},"geometry":{"type":"Polygon","coordinates":[[[27.04388599820569,58.20482575089721],[27.04388599820569,58.21381895453445],[27.052879201842934,58.21381895453445],[27.052879201842934,58.20482575089721],[27.04388599820569,58.20482575089721]]]}},{"type":"Feature","properties":{"jobs":0,"pop":22,"pointCount":1,"homeWorkCommuteMedian":33490,"workHomeCommuteMedian":-1},"geometry":{"type":"Polygon","coordinates":[[[27.04388599820569,58.21381895453445],[27.04388599820569,58.2228121581717],[27.052879201842934,58.2228121581717],[27.052879201842934,58.21381895453445],[27.04388599820569,58.21381895453445]]]}},{"type":"Feature","properties":{"jobs":0,"pop":7,"pointCount":1,"homeWorkCommuteMedian":4276,"workHomeCommuteMedian":-1},"geometry":{"type":"Polygon","coordinates":[[[27.04388599820569,58.24079856544619],[27.04388599820569,58.24979176908344],[27.052879201842934,58.24979176908344],[27.052879201842934,58.24079856544619],[27.04388599820569,58.24079856544619]]]}},{"type":"Feature","properties":{"jobs":74,"pop":164,"pointCount":7,"homeWorkCommuteMedian":26115,"workHomeCommuteMedian":29788},"geometry":{"type":"Polygon","coordinates":[[[27.04388599820569,58.276771379995175],[27.04388599820569,58.28576458363242],[27.052879201842934,58.28576458363242],[27.052879201842934,58.276771379995175],[27.04388599820569,58.276771379995175]]]}},{"type":"Feature","properties":{"jobs":26,"pop":11,"pointCount":3,"homeWorkCommuteMedian":26246,"workHomeCommuteMedian":17627},"geometry":{"type":"Polygon","coordinates":[[[27.04388599820569,58.28576458363242],[27.04388599820569,58.29475778726967],[27.052879201842934,58.29475778726967],[27.052879201842934,58.28576458363242],[27.04388599820569,58.28576458363242]]]}},{"type":"Feature","properties":{"jobs":0,"pop":8,"pointCount":1,"homeWorkCommuteMedian":30140,"workHomeCommuteMedian":-1},"geometry":{"type":"Polygon","coordinates":[[[27.04388599820569,58.35771021273039],[27.04388599820569,58.366703416367635],[27.052879201842934,58.366703416367635],[27.052879201842934,58.35771021273039],[27.04388599820569,58.35771021273039]]]}},{"type":"Feature","properties":{"jobs":141,"pop":20,"pointCount":4,"homeWorkCommuteMedian":21530,"workHomeCommuteMedian":21585},"geometry":{"type":"Polygon","coordinates":[[[27.04388599820569,58.37569662000488],[27.04388599820569,58.38468982364213],[27.052879201842934,58.38468982364213],[27.052879201842934,58.37569662000488],[27.04388599820569,58.37569662000488]]]}},{"type":"Feature","properties":{"jobs":0,"pop":9,"pointCount":1,"homeWorkCommuteMedian":5939,"workHomeCommuteMedian":-1},"geometry":{"type":"Polygon","coordinates":[[[27.04388599820569,58.38468982364213],[27.04388599820569,58.39368302727937],[27.052879201842934,58.39368302727937],[27.052879201842934,58.38468982364213],[27.04388599820569,58.38468982364213]]]}},{"type":"Feature","properties":{"jobs":3,"pop":0,"pointCount":1,"homeWorkCommuteMedian":-1,"workHomeCommuteMedian":23629},"geometry":{"type":"Polygon","coordinates":[[[27.04388599820569,58.411669434553865],[27.04388599820569,58.42066263819111],[27.052879201842934,58.42066263819111],[27.052879201842934,58.411669434553865],[27.04388599820569,58.411669434553865]]]}},{"type":"Feature","properties":{"jobs":0,"pop":6,"pointCount":1,"homeWorkCommuteMedian":2579,"workHomeCommuteMedian":-1},"geometry":{"type":"Polygon","coordinates":[[[27.04388599820569,58.51958787820082],[27.04388599820569,58.52858108183806],[27.052879201842934,58.52858108183806],[27.052879201842934,58.51958787820082],[27.04388599820569,58.51958787820082]]]}},{"type":"Feature","properties":{"jobs":0,"pop":12,"pointCount":1,"homeWorkCommuteMedian":53624,"workHomeCommuteMedian":-1},"geometry":{"type":"Polygon","coordinates":[[[27.04388599820569,58.681465543671244],[27.04388599820569,58.69045874730849],[27.052879201842934,58.69045874730849],[27.052879201842934,58.681465543671244],[27.04388599820569,58.681465543671244]]]}},{"type":"Feature","properties":{"jobs":0,"pop":5,"pointCount":1,"homeWorkCommuteMedian":13509,"workHomeCommuteMedian":-1},"geometry":{"type":"Polygon","coordinates":[[[27.052879201842934,57.944022845417074],[27.052879201842934,57.95301604905432],[27.06187240548018,57.95301604905432],[27.06187240548018,57.944022845417074],[27.052879201842934,57.944022845417074]]]}},{"type":"Feature","properties":{"jobs":0,"pop":20,"pointCount":2,"homeWorkCommuteMedian":62979,"workHomeCommuteMedian":-1},"geometry":{"type":"Polygon","coordinates":[[[27.052879201842934,57.95301604905432],[27.052879201842934,57.962009252691566],[27.06187240548018,57.962009252691566],[27.06187240548018,57.95301604905432],[27.052879201842934,57.95301604905432]]]}},{"type":"Feature","properties":{"jobs":0,"pop":33,"pointCount":4,"homeWorkCommuteMedian":54712,"workHomeCommuteMedian":-1},"geometry":{"type":"Polygon","coordinates":[[[27.052879201842934,57.97100245632881],[27.052879201842934,57.97999565996606],[27.06187240548018,57.97999565996606],[27.06187240548018,57.97100245632881],[27.052879201842934,57.97100245632881]]]}},{"type":"Feature","properties":{"jobs":0,"pop":18,"pointCount":2,"homeWorkCommuteMedian":24384,"workHomeCommuteMedian":-1},"geometry":{"type":"Polygon","coordinates":[[[27.052879201842934,57.97999565996606],[27.052879201842934,57.9889888636033],[27.06187240548018,57.9889888636033],[27.06187240548018,57.97999565996606],[27.052879201842934,57.97999565996606]]]}},{"type":"Feature","properties":{"jobs":0,"pop":9,"pointCount":1,"homeWorkCommuteMedian":9037,"workHomeCommuteMedian":-1},"geometry":{"type":"Polygon","coordinates":[[[27.052879201842934,57.9889888636033],[27.052879201842934,57.99798206724055],[27.06187240548018,57.99798206724055],[27.06187240548018,57.9889888636033],[27.052879201842934,57.9889888636033]]]}},{"type":"Feature","properties":{"jobs":0,"pop":8,"pointCount":1,"homeWorkCommuteMedian":5602,"workHomeCommuteMedian":-1},"geometry":{"type":"Polygon","coordinates":[[[27.052879201842934,58.006975270877795],[27.052879201842934,58.01596847451504],[27.06187240548018,58.01596847451504],[27.06187240548018,58.006975270877795],[27.052879201842934,58.006975270877795]]]}},{"type":"Feature","properties":{"jobs":29,"pop":8,"pointCount":3,"homeWorkCommuteMedian":5366,"workHomeCommuteMedian":52180},"geometry":{"type":"Polygon","coordinates":[[[27.052879201842934,58.01596847451504],[27.052879201842934,58.02496167815229],[27.06187240548018,58.02496167815229],[27.06187240548018,58.01596847451504],[27.052879201842934,58.01596847451504]]]}},{"type":"Feature","properties":{"jobs":0,"pop":13,"pointCount":1,"homeWorkCommuteMedian":52135,"workHomeCommuteMedian":-1},"geometry":{"type":"Polygon","coordinates":[[[27.052879201842934,58.02496167815229],[27.052879201842934,58.03395488178953],[27.06187240548018,58.03395488178953],[27.06187240548018,58.02496167815229],[27.052879201842934,58.02496167815229]]]}},{"type":"Feature","properties":{"jobs":0,"pop":144,"pointCount":3,"homeWorkCommuteMedian":6885,"workHomeCommuteMedian":-1},"geometry":{"type":"Polygon","coordinates":[[[27.052879201842934,58.03395488178953],[27.052879201842934,58.04294808542678],[27.06187240548018,58.04294808542678],[27.06187240548018,58.03395488178953],[27.052879201842934,58.03395488178953]]]}},{"type":"Feature","properties":{"jobs":64,"pop":104,"pointCount":6,"homeWorkCommuteMedian":4464,"workHomeCommuteMedian":3375},"geometry":{"type":"Polygon","coordinates":[[[27.052879201842934,58.04294808542678],[27.052879201842934,58.051941289064025],[27.06187240548018,58.051941289064025],[27.06187240548018,58.04294808542678],[27.052879201842934,58.04294808542678]]]}},{"type":"Feature","properties":{"jobs":239,"pop":161,"pointCount":13,"homeWorkCommuteMedian":40643,"workHomeCommuteMedian":13149},"geometry":{"type":"Polygon","coordinates":[[[27.052879201842934,58.051941289064025],[27.052879201842934,58.06093449270127],[27.06187240548018,58.06093449270127],[27.06187240548018,58.051941289064025],[27.052879201842934,58.051941289064025]]]}},{"type":"Feature","properties":{"jobs":33,"pop":58,"pointCount":6,"homeWorkCommuteMedian":3646,"workHomeCommuteMedian":11449},"geometry":{"type":"Polygon","coordinates":[[[27.052879201842934,58.06093449270127],[27.052879201842934,58.06992769633852],[27.06187240548018,58.06992769633852],[27.06187240548018,58.06093449270127],[27.052879201842934,58.06093449270127]]]}},{"type":"Feature","properties":{"jobs":0,"pop":9,"pointCount":1,"homeWorkCommuteMedian":3044,"workHomeCommuteMedian":-1},"geometry":{"type":"Polygon","coordinates":[[[27.052879201842934,58.06992769633852],[27.052879201842934,58.07892089997576],[27.06187240548018,58.07892089997576],[27.06187240548018,58.06992769633852],[27.052879201842934,58.06992769633852]]]}},{"type":"Feature","properties":{"jobs":0,"pop":28,"pointCount":1,"homeWorkCommuteMedian":40845,"workHomeCommuteMedian":-1},"geometry":{"type":"Polygon","coordinates":[[[27.052879201842934,58.19583254725996],[27.052879201842934,58.20482575089721],[27.06187240548018,58.20482575089721],[27.06187240548018,58.19583254725996],[27.052879201842934,58.19583254725996]]]}},{"type":"Feature","properties":{"jobs":12,"pop":43,"pointCount":3,"homeWorkCommuteMedian":25816,"workHomeCommuteMedian":30306},"geometry":{"type":"Polygon","coordinates":[[[27.052879201842934,58.20482575089721],[27.052879201842934,58.21381895453445],[27.06187240548018,58.21381895453445],[27.06187240548018,58.20482575089721],[27.052879201842934,58.20482575089721]]]}},{"type":"Feature","properties":{"jobs":0,"pop":36,"pointCount":3,"homeWorkCommuteMedian":24931,"workHomeCommuteMedian":-1},"geometry":{"type":"Polygon","coordinates":[[[27.052879201842934,58.276771379995175],[27.052879201842934,58.28576458363242],[27.06187240548018,58.28576458363242],[27.06187240548018,58.276771379995175],[27.052879201842934,58.276771379995175]]]}},{"type":"Feature","properties":{"jobs":19,"pop":16,"pointCount":4,"homeWorkCommuteMedian":25877,"workHomeCommuteMedian":55205},"geometry":{"type":"Polygon","coordinates":[[[27.052879201842934,58.28576458363242],[27.052879201842934,58.29475778726967],[27.06187240548018,58.29475778726967],[27.06187240548018,58.28576458363242],[27.052879201842934,58.28576458363242]]]}},{"type":"Feature","properties":{"jobs":0,"pop":5,"pointCount":1,"homeWorkCommuteMedian":5997,"workHomeCommuteMedian":-1},"geometry":{"type":"Polygon","coordinates":[[[27.052879201842934,58.34871700909314],[27.052879201842934,58.35771021273039],[27.06187240548018,58.35771021273039],[27.06187240548018,58.34871700909314],[27.052879201842934,58.34871700909314]]]}},{"type":"Feature","properties":{"jobs":9,"pop":0,"pointCount":1,"homeWorkCommuteMedian":-1,"workHomeCommuteMedian":24870},"geometry":{"type":"Polygon","coordinates":[[[27.052879201842934,58.35771021273039],[27.052879201842934,58.366703416367635],[27.06187240548018,58.366703416367635],[27.06187240548018,58.35771021273039],[27.052879201842934,58.35771021273039]]]}},{"type":"Feature","properties":{"jobs":0,"pop":7,"pointCount":1,"homeWorkCommuteMedian":22838,"workHomeCommuteMedian":-1},"geometry":{"type":"Polygon","coordinates":[[[27.052879201842934,58.411669434553865],[27.052879201842934,58.42066263819111],[27.06187240548018,58.42066263819111],[27.06187240548018,58.411669434553865],[27.052879201842934,58.411669434553865]]]}},{"type":"Feature","properties":{"jobs":0,"pop":11,"pointCount":1,"homeWorkCommuteMedian":27448,"workHomeCommuteMedian":-1},"geometry":{"type":"Polygon","coordinates":[[[27.052879201842934,58.42066263819111],[27.052879201842934,58.42965584182836],[27.06187240548018,58.42965584182836],[27.06187240548018,58.42066263819111],[27.052879201842934,58.42066263819111]]]}},{"type":"Feature","properties":{"jobs":0,"pop":5,"pointCount":1,"homeWorkCommuteMedian":4775,"workHomeCommuteMedian":-1},"geometry":{"type":"Polygon","coordinates":[[[27.052879201842934,58.58254030366154],[27.052879201842934,58.591533507298784],[27.06187240548018,58.591533507298784],[27.06187240548018,58.58254030366154],[27.052879201842934,58.58254030366154]]]}},{"type":"Feature","properties":{"jobs":1,"pop":0,"pointCount":1,"homeWorkCommuteMedian":-1,"workHomeCommuteMedian":1648},"geometry":{"type":"Polygon","coordinates":[[[27.052879201842934,58.61851311821052],[27.052879201842934,58.62750632184777],[27.06187240548018,58.62750632184777],[27.06187240548018,58.61851311821052],[27.052879201842934,58.61851311821052]]]}},{"type":"Feature","properties":{"jobs":20,"pop":23,"pointCount":4,"homeWorkCommuteMedian":7538,"workHomeCommuteMedian":4993},"geometry":{"type":"Polygon","coordinates":[[[27.052879201842934,58.62750632184777],[27.052879201842934,58.636499525485014],[27.06187240548018,58.636499525485014],[27.06187240548018,58.62750632184777],[27.052879201842934,58.62750632184777]]]}},{"type":"Feature","properties":{"jobs":0,"pop":15,"pointCount":2,"homeWorkCommuteMedian":6653,"workHomeCommuteMedian":-1},"geometry":{"type":"Polygon","coordinates":[[[27.052879201842934,58.636499525485014],[27.052879201842934,58.64549272912226],[27.06187240548018,58.64549272912226],[27.06187240548018,58.636499525485014],[27.052879201842934,58.636499525485014]]]}},{"type":"Feature","properties":{"jobs":2,"pop":0,"pointCount":1,"homeWorkCommuteMedian":-1,"workHomeCommuteMedian":1810},"geometry":{"type":"Polygon","coordinates":[[[27.052879201842934,58.66347913639675],[27.052879201842934,58.672472340034],[27.06187240548018,58.672472340034],[27.06187240548018,58.66347913639675],[27.052879201842934,58.66347913639675]]]}},{"type":"Feature","properties":{"jobs":3,"pop":0,"pointCount":1,"homeWorkCommuteMedian":-1,"workHomeCommuteMedian":53882},"geometry":{"type":"Polygon","coordinates":[[[27.052879201842934,58.672472340034],[27.052879201842934,58.681465543671244],[27.06187240548018,58.681465543671244],[27.06187240548018,58.672472340034],[27.052879201842934,58.672472340034]]]}},{"type":"Feature","properties":{"jobs":0,"pop":8,"pointCount":1,"homeWorkCommuteMedian":5381,"workHomeCommuteMedian":-1},"geometry":{"type":"Polygon","coordinates":[[[27.052879201842934,58.71743835822023],[27.052879201842934,58.726431561857474],[27.06187240548018,58.726431561857474],[27.06187240548018,58.71743835822023],[27.052879201842934,58.71743835822023]]]}},{"type":"Feature","properties":{"jobs":0,"pop":9,"pointCount":1,"homeWorkCommuteMedian":19269,"workHomeCommuteMedian":-1},"geometry":{"type":"Polygon","coordinates":[[[27.06187240548018,57.90805003086809],[27.06187240548018,57.917043234505336],[27.070865609117426,57.917043234505336],[27.070865609117426,57.90805003086809],[27.06187240548018,57.90805003086809]]]}},{"type":"Feature","properties":{"jobs":0,"pop":6,"pointCount":1,"homeWorkCommuteMedian":16196,"workHomeCommuteMedian":-1},"geometry":{"type":"Polygon","coordinates":[[[27.06187240548018,57.917043234505336],[27.06187240548018,57.92603643814258],[27.070865609117426,57.92603643814258],[27.070865609117426,57.917043234505336],[27.06187240548018,57.917043234505336]]]}},{"type":"Feature","properties":{"jobs":35,"pop":0,"pointCount":1,"homeWorkCommuteMedian":-1,"workHomeCommuteMedian":55829},"geometry":{"type":"Polygon","coordinates":[[[27.06187240548018,57.97999565996606],[27.06187240548018,57.9889888636033],[27.070865609117426,57.9889888636033],[27.070865609117426,57.97999565996606],[27.06187240548018,57.97999565996606]]]}},{"type":"Feature","properties":{"jobs":22,"pop":0,"pointCount":1,"homeWorkCommuteMedian":-1,"workHomeCommuteMedian":31472},"geometry":{"type":"Polygon","coordinates":[[[27.06187240548018,58.01596847451504],[27.06187240548018,58.02496167815229],[27.070865609117426,58.02496167815229],[27.070865609117426,58.01596847451504],[27.06187240548018,58.01596847451504]]]}},{"type":"Feature","properties":{"jobs":0,"pop":30,"pointCount":3,"homeWorkCommuteMedian":49350,"workHomeCommuteMedian":-1},"geometry":{"type":"Polygon","coordinates":[[[27.06187240548018,58.03395488178953],[27.06187240548018,58.04294808542678],[27.070865609117426,58.04294808542678],[27.070865609117426,58.03395488178953],[27.06187240548018,58.03395488178953]]]}},{"type":"Feature","properties":{"jobs":64,"pop":108,"pointCount":7,"homeWorkCommuteMedian":48573,"workHomeCommuteMedian":11155},"geometry":{"type":"Polygon","coordinates":[[[27.06187240548018,58.04294808542678],[27.06187240548018,58.051941289064025],[27.070865609117426,58.051941289064025],[27.070865609117426,58.04294808542678],[27.06187240548018,58.04294808542678]]]}},{"type":"Feature","properties":{"jobs":28,"pop":207,"pointCount":9,"homeWorkCommuteMedian":15839,"workHomeCommuteMedian":6791},"geometry":{"type":"Polygon","coordinates":[[[27.06187240548018,58.051941289064025],[27.06187240548018,58.06093449270127],[27.070865609117426,58.06093449270127],[27.070865609117426,58.051941289064025],[27.06187240548018,58.051941289064025]]]}},{"type":"Feature","properties":{"jobs":59,"pop":148,"pointCount":8,"homeWorkCommuteMedian":56086,"workHomeCommuteMedian":50001},"geometry":{"type":"Polygon","coordinates":[[[27.06187240548018,58.06093449270127],[27.06187240548018,58.06992769633852],[27.070865609117426,58.06992769633852],[27.070865609117426,58.06093449270127],[27.06187240548018,58.06093449270127]]]}},{"type":"Feature","properties":{"jobs":7,"pop":18,"pointCount":3,"homeWorkCommuteMedian":47821,"workHomeCommuteMedian":51040},"geometry":{"type":"Polygon","coordinates":[[[27.06187240548018,58.06992769633852],[27.06187240548018,58.07892089997576],[27.070865609117426,58.07892089997576],[27.070865609117426,58.06992769633852],[27.06187240548018,58.06992769633852]]]}},{"type":"Feature","properties":{"jobs":0,"pop":10,"pointCount":1,"homeWorkCommuteMedian":46636,"workHomeCommuteMedian":-1},"geometry":{"type":"Polygon","coordinates":[[[27.06187240548018,58.11489371452475],[27.06187240548018,58.12388691816199],[27.070865609117426,58.12388691816199],[27.070865609117426,58.11489371452475],[27.06187240548018,58.11489371452475]]]}},{"type":"Feature","properties":{"jobs":0,"pop":10,"pointCount":1,"homeWorkCommuteMedian":45361,"workHomeCommuteMedian":-1},"geometry":{"type":"Polygon","coordinates":[[[27.06187240548018,58.15985973271098],[27.06187240548018,58.16885293634822],[27.070865609117426,58.16885293634822],[27.070865609117426,58.15985973271098],[27.06187240548018,58.15985973271098]]]}},{"type":"Feature","properties":{"jobs":5,"pop":0,"pointCount":1,"homeWorkCommuteMedian":-1,"workHomeCommuteMedian":46621},"geometry":{"type":"Polygon","coordinates":[[[27.06187240548018,58.16885293634822],[27.06187240548018,58.17784613998547],[27.070865609117426,58.17784613998547],[27.070865609117426,58.16885293634822],[27.06187240548018,58.16885293634822]]]}},{"type":"Feature","properties":{"jobs":0,"pop":5,"pointCount":1,"homeWorkCommuteMedian":19796,"workHomeCommuteMedian":-1},"geometry":{"type":"Polygon","coordinates":[[[27.06187240548018,58.186839343622715],[27.06187240548018,58.19583254725996],[27.070865609117426,58.19583254725996],[27.070865609117426,58.186839343622715],[27.06187240548018,58.186839343622715]]]}},{"type":"Feature","properties":{"jobs":5,"pop":0,"pointCount":1,"homeWorkCommuteMedian":-1,"workHomeCommuteMedian":41857},"geometry":{"type":"Polygon","coordinates":[[[27.06187240548018,58.19583254725996],[27.06187240548018,58.20482575089721],[27.070865609117426,58.20482575089721],[27.070865609117426,58.19583254725996],[27.06187240548018,58.19583254725996]]]}},{"type":"Feature","properties":{"jobs":25,"pop":77,"pointCount":7,"homeWorkCommuteMedian":42216,"workHomeCommuteMedian":26460},"geometry":{"type":"Polygon","coordinates":[[[27.06187240548018,58.20482575089721],[27.06187240548018,58.21381895453445],[27.070865609117426,58.21381895453445],[27.070865609117426,58.20482575089721],[27.06187240548018,58.20482575089721]]]}},{"type":"Feature","properties":{"jobs":35,"pop":9,"pointCount":3,"homeWorkCommuteMedian":1143,"workHomeCommuteMedian":34485},"geometry":{"type":"Polygon","coordinates":[[[27.06187240548018,58.21381895453445],[27.06187240548018,58.2228121581717],[27.070865609117426,58.2228121581717],[27.070865609117426,58.21381895453445],[27.06187240548018,58.21381895453445]]]}},{"type":"Feature","properties":{"jobs":51,"pop":6,"pointCount":3,"homeWorkCommuteMedian":11421,"workHomeCommuteMedian":21329},"geometry":{"type":"Polygon","coordinates":[[[27.06187240548018,58.28576458363242],[27.06187240548018,58.29475778726967],[27.070865609117426,58.29475778726967],[27.070865609117426,58.28576458363242],[27.06187240548018,58.28576458363242]]]}},{"type":"Feature","properties":{"jobs":0,"pop":10,"pointCount":1,"homeWorkCommuteMedian":25683,"workHomeCommuteMedian":-1},"geometry":{"type":"Polygon","coordinates":[[[27.06187240548018,58.35771021273039],[27.06187240548018,58.366703416367635],[27.070865609117426,58.366703416367635],[27.070865609117426,58.35771021273039],[27.06187240548018,58.35771021273039]]]}},{"type":"Feature","properties":{"jobs":13,"pop":13,"pointCount":2,"homeWorkCommuteMedian":19286,"workHomeCommuteMedian":24366},"geometry":{"type":"Polygon","coordinates":[[[27.06187240548018,58.37569662000488],[27.06187240548018,58.38468982364213],[27.070865609117426,58.38468982364213],[27.070865609117426,58.37569662000488],[27.06187240548018,58.37569662000488]]]}},{"type":"Feature","properties":{"jobs":0,"pop":8,"pointCount":1,"homeWorkCommuteMedian":23448,"workHomeCommuteMedian":-1},"geometry":{"type":"Polygon","coordinates":[[[27.06187240548018,58.411669434553865],[27.06187240548018,58.42066263819111],[27.070865609117426,58.42066263819111],[27.070865609117426,58.411669434553865],[27.06187240548018,58.411669434553865]]]}},{"type":"Feature","properties":{"jobs":0,"pop":11,"pointCount":2,"homeWorkCommuteMedian":24109,"workHomeCommuteMedian":-1},"geometry":{"type":"Polygon","coordinates":[[[27.06187240548018,58.46562865637734],[27.06187240548018,58.47462186001459],[27.070865609117426,58.47462186001459],[27.070865609117426,58.46562865637734],[27.06187240548018,58.46562865637734]]]}},{"type":"Feature","properties":{"jobs":0,"pop":5,"pointCount":1,"homeWorkCommuteMedian":9209,"workHomeCommuteMedian":-1},"geometry":{"type":"Polygon","coordinates":[[[27.06187240548018,58.51059467456357],[27.06187240548018,58.51958787820082],[27.070865609117426,58.51958787820082],[27.070865609117426,58.51059467456357],[27.06187240548018,58.51059467456357]]]}},{"type":"Feature","properties":{"jobs":2,"pop":14,"pointCount":3,"homeWorkCommuteMedian":9690,"workHomeCommuteMedian":2419},"geometry":{"type":"Polygon","coordinates":[[[27.06187240548018,58.53757428547531],[27.06187240548018,58.546567489112554],[27.070865609117426,58.546567489112554],[27.070865609117426,58.53757428547531],[27.06187240548018,58.53757428547531]]]}},{"type":"Feature","properties":{"jobs":0,"pop":10,"pointCount":1,"homeWorkCommuteMedian":37108,"workHomeCommuteMedian":-1},"geometry":{"type":"Polygon","coordinates":[[[27.06187240548018,58.546567489112554],[27.06187240548018,58.5555606927498],[27.070865609117426,58.5555606927498],[27.070865609117426,58.546567489112554],[27.06187240548018,58.546567489112554]]]}},{"type":"Feature","properties":{"jobs":0,"pop":5,"pointCount":1,"homeWorkCommuteMedian":4987,"workHomeCommuteMedian":-1},"geometry":{"type":"Polygon","coordinates":[[[27.06187240548018,58.609519914573276],[27.06187240548018,58.61851311821052],[27.070865609117426,58.61851311821052],[27.070865609117426,58.609519914573276],[27.06187240548018,58.609519914573276]]]}},{"type":"Feature","properties":{"jobs":0,"pop":5,"pointCount":1,"homeWorkCommuteMedian":72929,"workHomeCommuteMedian":-1},"geometry":{"type":"Polygon","coordinates":[[[27.06187240548018,58.62750632184777],[27.06187240548018,58.636499525485014],[27.070865609117426,58.636499525485014],[27.070865609117426,58.62750632184777],[27.06187240548018,58.62750632184777]]]}},{"type":"Feature","properties":{"jobs":0,"pop":15,"pointCount":1,"homeWorkCommuteMedian":58097,"workHomeCommuteMedian":-1},"geometry":{"type":"Polygon","coordinates":[[[27.06187240548018,58.64549272912226],[27.06187240548018,58.654485932759506],[27.070865609117426,58.654485932759506],[27.070865609117426,58.64549272912226],[27.06187240548018,58.64549272912226]]]}},{"type":"Feature","properties":{"jobs":0,"pop":6,"pointCount":1,"homeWorkCommuteMedian":15169,"workHomeCommuteMedian":-1},"geometry":{"type":"Polygon","coordinates":[[[27.06187240548018,58.654485932759506],[27.06187240548018,58.66347913639675],[27.070865609117426,58.66347913639675],[27.070865609117426,58.654485932759506],[27.06187240548018,58.654485932759506]]]}},{"type":"Feature","properties":{"jobs":0,"pop":10,"pointCount":1,"homeWorkCommuteMedian":59182,"workHomeCommuteMedian":-1},"geometry":{"type":"Polygon","coordinates":[[[27.06187240548018,58.66347913639675],[27.06187240548018,58.672472340034],[27.070865609117426,58.672472340034],[27.070865609117426,58.66347913639675],[27.06187240548018,58.66347913639675]]]}},{"type":"Feature","properties":{"jobs":14,"pop":17,"pointCount":1,"homeWorkCommuteMedian":61680,"workHomeCommuteMedian":7657},"geometry":{"type":"Polygon","coordinates":[[[27.06187240548018,58.70844515458298],[27.06187240548018,58.71743835822023],[27.070865609117426,58.71743835822023],[27.070865609117426,58.70844515458298],[27.06187240548018,58.70844515458298]]]}},{"type":"Feature","properties":{"jobs":2,"pop":1,"pointCount":2,"homeWorkCommuteMedian":17504,"workHomeCommuteMedian":60615},"geometry":{"type":"Polygon","coordinates":[[[27.06187240548018,58.73542476549472],[27.06187240548018,58.744417969131966],[27.070865609117426,58.744417969131966],[27.070865609117426,58.73542476549472],[27.06187240548018,58.73542476549472]]]}},{"type":"Feature","properties":{"jobs":0,"pop":5,"pointCount":1,"homeWorkCommuteMedian":24723,"workHomeCommuteMedian":-1},"geometry":{"type":"Polygon","coordinates":[[[27.070865609117426,57.962009252691566],[27.070865609117426,57.97100245632881],[27.079858812754672,57.97100245632881],[27.079858812754672,57.962009252691566],[27.070865609117426,57.962009252691566]]]}},{"type":"Feature","properties":{"jobs":0,"pop":12,"pointCount":1,"homeWorkCommuteMedian":67026,"workHomeCommuteMedian":-1},"geometry":{"type":"Polygon","coordinates":[[[27.070865609117426,57.97999565996606],[27.070865609117426,57.9889888636033],[27.079858812754672,57.9889888636033],[27.079858812754672,57.97999565996606],[27.070865609117426,57.97999565996606]]]}},{"type":"Feature","properties":{"jobs":7,"pop":45,"pointCount":3,"homeWorkCommuteMedian":3222,"workHomeCommuteMedian":56661},"geometry":{"type":"Polygon","coordinates":[[[27.070865609117426,58.03395488178953],[27.070865609117426,58.04294808542678],[27.079858812754672,58.04294808542678],[27.079858812754672,58.03395488178953],[27.070865609117426,58.03395488178953]]]}},{"type":"Feature","properties":{"jobs":29,"pop":18,"pointCount":2,"homeWorkCommuteMedian":48746,"workHomeCommuteMedian":22048},"geometry":{"type":"Polygon","coordinates":[[[27.070865609117426,58.04294808542678],[27.070865609117426,58.051941289064025],[27.079858812754672,58.051941289064025],[27.079858812754672,58.04294808542678],[27.070865609117426,58.04294808542678]]]}},{"type":"Feature","properties":{"jobs":55,"pop":227,"pointCount":9,"homeWorkCommuteMedian":11598,"workHomeCommuteMedian":10203},"geometry":{"type":"Polygon","coordinates":[[[27.070865609117426,58.051941289064025],[27.070865609117426,58.06093449270127],[27.079858812754672,58.06093449270127],[27.079858812754672,58.051941289064025],[27.070865609117426,58.051941289064025]]]}},{"type":"Feature","properties":{"jobs":176,"pop":183,"pointCount":11,"homeWorkCommuteMedian":31313,"workHomeCommuteMedian":29314},"geometry":{"type":"Polygon","coordinates":[[[27.070865609117426,58.06093449270127],[27.070865609117426,58.06992769633852],[27.079858812754672,58.06992769633852],[27.079858812754672,58.06093449270127],[27.070865609117426,58.06093449270127]]]}},{"type":"Feature","properties":{"jobs":89,"pop":8,"pointCount":5,"homeWorkCommuteMedian":13109,"workHomeCommuteMedian":14995},"geometry":{"type":"Polygon","coordinates":[[[27.070865609117426,58.06992769633852],[27.070865609117426,58.07892089997576],[27.079858812754672,58.07892089997576],[27.079858812754672,58.06992769633852],[27.070865609117426,58.06992769633852]]]}},{"type":"Feature","properties":{"jobs":0,"pop":19,"pointCount":2,"homeWorkCommuteMedian":48327,"workHomeCommuteMedian":-1},"geometry":{"type":"Polygon","coordinates":[[[27.070865609117426,58.07892089997576],[27.070865609117426,58.08791410361301],[27.079858812754672,58.08791410361301],[27.079858812754672,58.07892089997576],[27.070865609117426,58.07892089997576]]]}},{"type":"Feature","properties":{"jobs":0,"pop":23,"pointCount":1,"homeWorkCommuteMedian":47871,"workHomeCommuteMedian":-1},"geometry":{"type":"Polygon","coordinates":[[[27.070865609117426,58.08791410361301],[27.070865609117426,58.096907307250255],[27.079858812754672,58.096907307250255],[27.079858812754672,58.08791410361301],[27.070865609117426,58.08791410361301]]]}},{"type":"Feature","properties":{"jobs":17,"pop":0,"pointCount":1,"homeWorkCommuteMedian":-1,"workHomeCommuteMedian":44850},"geometry":{"type":"Polygon","coordinates":[[[27.070865609117426,58.11489371452475],[27.070865609117426,58.12388691816199],[27.079858812754672,58.12388691816199],[27.079858812754672,58.11489371452475],[27.070865609117426,58.11489371452475]]]}},{"type":"Feature","properties":{"jobs":0,"pop":6,"pointCount":1,"homeWorkCommuteMedian":2120,"workHomeCommuteMedian":-1},"geometry":{"type":"Polygon","coordinates":[[[27.070865609117426,58.186839343622715],[27.070865609117426,58.19583254725996],[27.079858812754672,58.19583254725996],[27.079858812754672,58.186839343622715],[27.070865609117426,58.186839343622715]]]}},{"type":"Feature","properties":{"jobs":22,"pop":11,"pointCount":4,"homeWorkCommuteMedian":43514,"workHomeCommuteMedian":34445},"geometry":{"type":"Polygon","coordinates":[[[27.070865609117426,58.19583254725996],[27.070865609117426,58.20482575089721],[27.079858812754672,58.20482575089721],[27.079858812754672,58.19583254725996],[27.070865609117426,58.19583254725996]]]}},{"type":"Feature","properties":{"jobs":53,"pop":72,"pointCount":9,"homeWorkCommuteMedian":23640,"workHomeCommuteMedian":10264},"geometry":{"type":"Polygon","coordinates":[[[27.070865609117426,58.20482575089721],[27.070865609117426,58.21381895453445],[27.079858812754672,58.21381895453445],[27.079858812754672,58.20482575089721],[27.070865609117426,58.20482575089721]]]}},{"type":"Feature","properties":{"jobs":0,"pop":36,"pointCount":1,"homeWorkCommuteMedian":41757,"workHomeCommuteMedian":-1},"geometry":{"type":"Polygon","coordinates":[[[27.070865609117426,58.21381895453445],[27.070865609117426,58.2228121581717],[27.079858812754672,58.2228121581717],[27.079858812754672,58.21381895453445],[27.070865609117426,58.21381895453445]]]}},{"type":"Feature","properties":{"jobs":2,"pop":7,"pointCount":2,"homeWorkCommuteMedian":4008,"workHomeCommuteMedian":621},"geometry":{"type":"Polygon","coordinates":[[[27.070865609117426,58.25878497272068],[27.070865609117426,58.26777817635793],[27.079858812754672,58.26777817635793],[27.079858812754672,58.25878497272068],[27.070865609117426,58.25878497272068]]]}},{"type":"Feature","properties":{"jobs":0,"pop":9,"pointCount":1,"homeWorkCommuteMedian":36399,"workHomeCommuteMedian":-1},"geometry":{"type":"Polygon","coordinates":[[[27.070865609117426,58.321737398181405],[27.070865609117426,58.33073060181865],[27.079858812754672,58.33073060181865],[27.079858812754672,58.321737398181405],[27.070865609117426,58.321737398181405]]]}},{"type":"Feature","properties":{"jobs":0,"pop":11,"pointCount":2,"homeWorkCommuteMedian":32743,"workHomeCommuteMedian":-1},"geometry":{"type":"Polygon","coordinates":[[[27.070865609117426,58.3397238054559],[27.070865609117426,58.34871700909314],[27.079858812754672,58.34871700909314],[27.079858812754672,58.3397238054559],[27.070865609117426,58.3397238054559]]]}},{"type":"Feature","properties":{"jobs":11,"pop":9,"pointCount":2,"homeWorkCommuteMedian":19465,"workHomeCommuteMedian":44623},"geometry":{"type":"Polygon","coordinates":[[[27.070865609117426,58.34871700909314],[27.070865609117426,58.35771021273039],[27.079858812754672,58.35771021273039],[27.079858812754672,58.34871700909314],[27.070865609117426,58.34871700909314]]]}},{"type":"Feature","properties":{"jobs":7,"pop":20,"pointCount":3,"homeWorkCommuteMedian":27196,"workHomeCommuteMedian":25671},"geometry":{"type":"Polygon","coordinates":[[[27.070865609117426,58.35771021273039],[27.070865609117426,58.366703416367635],[27.079858812754672,58.366703416367635],[27.079858812754672,58.35771021273039],[27.070865609117426,58.35771021273039]]]}},{"type":"Feature","properties":{"jobs":0,"pop":19,"pointCount":2,"homeWorkCommuteMedian":28359,"workHomeCommuteMedian":-1},"geometry":{"type":"Polygon","coordinates":[[[27.070865609117426,58.37569662000488],[27.070865609117426,58.38468982364213],[27.079858812754672,58.38468982364213],[27.079858812754672,58.37569662000488],[27.070865609117426,58.37569662000488]]]}},{"type":"Feature","properties":{"jobs":7,"pop":7,"pointCount":2,"homeWorkCommuteMedian":20426,"workHomeCommuteMedian":26525},"geometry":{"type":"Polygon","coordinates":[[[27.070865609117426,58.44764224910285],[27.070865609117426,58.456635452740095],[27.079858812754672,58.456635452740095],[27.079858812754672,58.44764224910285],[27.070865609117426,58.44764224910285]]]}},{"type":"Feature","properties":{"jobs":0,"pop":7,"pointCount":1,"homeWorkCommuteMedian":18881,"workHomeCommuteMedian":-1},"geometry":{"type":"Polygon","coordinates":[[[27.070865609117426,58.48361506365183],[27.070865609117426,58.49260826728908],[27.079858812754672,58.49260826728908],[27.079858812754672,58.48361506365183],[27.070865609117426,58.48361506365183]]]}},{"type":"Feature","properties":{"jobs":0,"pop":6,"pointCount":1,"homeWorkCommuteMedian":1629,"workHomeCommuteMedian":-1},"geometry":{"type":"Polygon","coordinates":[[[27.070865609117426,58.51059467456357],[27.070865609117426,58.51958787820082],[27.079858812754672,58.51958787820082],[27.079858812754672,58.51059467456357],[27.070865609117426,58.51059467456357]]]}},{"type":"Feature","properties":{"jobs":47,"pop":84,"pointCount":7,"homeWorkCommuteMedian":31739,"workHomeCommuteMedian":11715},"geometry":{"type":"Polygon","coordinates":[[[27.070865609117426,58.51958787820082],[27.070865609117426,58.52858108183806],[27.079858812754672,58.52858108183806],[27.079858812754672,58.51958787820082],[27.070865609117426,58.51958787820082]]]}},{"type":"Feature","properties":{"jobs":0,"pop":5,"pointCount":1,"homeWorkCommuteMedian":10102,"workHomeCommuteMedian":-1},"geometry":{"type":"Polygon","coordinates":[[[27.070865609117426,58.546567489112554],[27.070865609117426,58.5555606927498],[27.079858812754672,58.5555606927498],[27.079858812754672,58.546567489112554],[27.070865609117426,58.546567489112554]]]}},{"type":"Feature","properties":{"jobs":4,"pop":0,"pointCount":1,"homeWorkCommuteMedian":-1,"workHomeCommuteMedian":43234},"geometry":{"type":"Polygon","coordinates":[[[27.070865609117426,58.609519914573276],[27.070865609117426,58.61851311821052],[27.079858812754672,58.61851311821052],[27.079858812754672,58.609519914573276],[27.070865609117426,58.609519914573276]]]}},{"type":"Feature","properties":{"jobs":0,"pop":12,"pointCount":1,"homeWorkCommuteMedian":53471,"workHomeCommuteMedian":-1},"geometry":{"type":"Polygon","coordinates":[[[27.070865609117426,58.64549272912226],[27.070865609117426,58.654485932759506],[27.079858812754672,58.654485932759506],[27.079858812754672,58.64549272912226],[27.070865609117426,58.64549272912226]]]}},{"type":"Feature","properties":{"jobs":0,"pop":6,"pointCount":1,"homeWorkCommuteMedian":5030,"workHomeCommuteMedian":-1},"geometry":{"type":"Polygon","coordinates":[[[27.070865609117426,58.69045874730849],[27.070865609117426,58.699451950945736],[27.079858812754672,58.699451950945736],[27.079858812754672,58.69045874730849],[27.070865609117426,58.69045874730849]]]}},{"type":"Feature","properties":{"jobs":0,"pop":5,"pointCount":1,"homeWorkCommuteMedian":36489,"workHomeCommuteMedian":-1},"geometry":{"type":"Polygon","coordinates":[[[27.070865609117426,58.744417969131966],[27.070865609117426,58.75341117276921],[27.079858812754672,58.75341117276921],[27.079858812754672,58.744417969131966],[27.070865609117426,58.744417969131966]]]}},{"type":"Feature","properties":{"jobs":0,"pop":8,"pointCount":1,"homeWorkCommuteMedian":9127,"workHomeCommuteMedian":-1},"geometry":{"type":"Polygon","coordinates":[[[27.079858812754672,57.9889888636033],[27.079858812754672,57.99798206724055],[27.088852016391918,57.99798206724055],[27.088852016391918,57.9889888636033],[27.079858812754672,57.9889888636033]]]}},{"type":"Feature","properties":{"jobs":0,"pop":74,"pointCount":3,"homeWorkCommuteMedian":11048,"workHomeCommuteMedian":-1},"geometry":{"type":"Polygon","coordinates":[[[27.079858812754672,58.006975270877795],[27.079858812754672,58.01596847451504],[27.088852016391918,58.01596847451504],[27.088852016391918,58.006975270877795],[27.079858812754672,58.006975270877795]]]}},{"type":"Feature","properties":{"jobs":19,"pop":0,"pointCount":1,"homeWorkCommuteMedian":-1,"workHomeCommuteMedian":53192},"geometry":{"type":"Polygon","coordinates":[[[27.079858812754672,58.01596847451504],[27.079858812754672,58.02496167815229],[27.088852016391918,58.02496167815229],[27.088852016391918,58.01596847451504],[27.079858812754672,58.01596847451504]]]}},{"type":"Feature","properties":{"jobs":0,"pop":12,"pointCount":2,"homeWorkCommuteMedian":3577,"workHomeCommuteMedian":-1},"geometry":{"type":"Polygon","coordinates":[[[27.079858812754672,58.02496167815229],[27.079858812754672,58.03395488178953],[27.088852016391918,58.03395488178953],[27.088852016391918,58.02496167815229],[27.079858812754672,58.02496167815229]]]}},{"type":"Feature","properties":{"jobs":18,"pop":0,"pointCount":1,"homeWorkCommuteMedian":-1,"workHomeCommuteMedian":19032},"geometry":{"type":"Polygon","coordinates":[[[27.079858812754672,58.03395488178953],[27.079858812754672,58.04294808542678],[27.088852016391918,58.04294808542678],[27.088852016391918,58.03395488178953],[27.079858812754672,58.03395488178953]]]}},{"type":"Feature","properties":{"jobs":34,"pop":11,"pointCount":3,"homeWorkCommuteMedian":49804,"workHomeCommuteMedian":3985},"geometry":{"type":"Polygon","coordinates":[[[27.079858812754672,58.04294808542678],[27.079858812754672,58.051941289064025],[27.088852016391918,58.051941289064025],[27.088852016391918,58.04294808542678],[27.079858812754672,58.04294808542678]]]}},{"type":"Feature","properties":{"jobs":0,"pop":40,"pointCount":4,"homeWorkCommuteMedian":47606,"workHomeCommuteMedian":-1},"geometry":{"type":"Polygon","coordinates":[[[27.079858812754672,58.051941289064025],[27.079858812754672,58.06093449270127],[27.088852016391918,58.06093449270127],[27.088852016391918,58.051941289064025],[27.079858812754672,58.051941289064025]]]}},{"type":"Feature","properties":{"jobs":341,"pop":354,"pointCount":16,"homeWorkCommuteMedian":38538,"workHomeCommuteMedian":14459},"geometry":{"type":"Polygon","coordinates":[[[27.079858812754672,58.06093449270127],[27.079858812754672,58.06992769633852],[27.088852016391918,58.06992769633852],[27.088852016391918,58.06093449270127],[27.079858812754672,58.06093449270127]]]}},{"type":"Feature","properties":{"jobs":103,"pop":21,"pointCount":5,"homeWorkCommuteMedian":48878,"workHomeCommuteMedian":48973},"geometry":{"type":"Polygon","coordinates":[[[27.079858812754672,58.06992769633852],[27.079858812754672,58.07892089997576],[27.088852016391918,58.07892089997576],[27.088852016391918,58.06992769633852],[27.079858812754672,58.06992769633852]]]}},{"type":"Feature","properties":{"jobs":24,"pop":119,"pointCount":7,"homeWorkCommuteMedian":15314,"workHomeCommuteMedian":16647},"geometry":{"type":"Polygon","coordinates":[[[27.079858812754672,58.07892089997576],[27.079858812754672,58.08791410361301],[27.088852016391918,58.08791410361301],[27.088852016391918,58.07892089997576],[27.079858812754672,58.07892089997576]]]}},{"type":"Feature","properties":{"jobs":158,"pop":0,"pointCount":7,"homeWorkCommuteMedian":-1,"workHomeCommuteMedian":49627},"geometry":{"type":"Polygon","coordinates":[[[27.079858812754672,58.08791410361301],[27.079858812754672,58.096907307250255],[27.088852016391918,58.096907307250255],[27.088852016391918,58.08791410361301],[27.079858812754672,58.08791410361301]]]}},{"type":"Feature","properties":{"jobs":0,"pop":10,"pointCount":1,"homeWorkCommuteMedian":38274,"workHomeCommuteMedian":-1},"geometry":{"type":"Polygon","coordinates":[[[27.079858812754672,58.15985973271098],[27.079858812754672,58.16885293634822],[27.088852016391918,58.16885293634822],[27.088852016391918,58.15985973271098],[27.079858812754672,58.15985973271098]]]}},{"type":"Feature","properties":{"jobs":0,"pop":9,"pointCount":1,"homeWorkCommuteMedian":16556,"workHomeCommuteMedian":-1},"geometry":{"type":"Polygon","coordinates":[[[27.079858812754672,58.16885293634822],[27.079858812754672,58.17784613998547],[27.088852016391918,58.17784613998547],[27.088852016391918,58.16885293634822],[27.079858812754672,58.16885293634822]]]}},{"type":"Feature","properties":{"jobs":15,"pop":11,"pointCount":2,"homeWorkCommuteMedian":36840,"workHomeCommuteMedian":44342},"geometry":{"type":"Polygon","coordinates":[[[27.079858812754672,58.186839343622715],[27.079858812754672,58.19583254725996],[27.088852016391918,58.19583254725996],[27.088852016391918,58.186839343622715],[27.079858812754672,58.186839343622715]]]}},{"type":"Feature","properties":{"jobs":58,"pop":0,"pointCount":2,"homeWorkCommuteMedian":-1,"workHomeCommuteMedian":35043},"geometry":{"type":"Polygon","coordinates":[[[27.079858812754672,58.19583254725996],[27.079858812754672,58.20482575089721],[27.088852016391918,58.20482575089721],[27.088852016391918,58.19583254725996],[27.079858812754672,58.19583254725996]]]}},{"type":"Feature","properties":{"jobs":0,"pop":49,"pointCount":1,"homeWorkCommuteMedian":33402,"workHomeCommuteMedian":-1},"geometry":{"type":"Polygon","coordinates":[[[27.079858812754672,58.30375099090691],[27.079858812754672,58.31274419454416],[27.088852016391918,58.31274419454416],[27.088852016391918,58.30375099090691],[27.079858812754672,58.30375099090691]]]}},{"type":"Feature","properties":{"jobs":0,"pop":18,"pointCount":2,"homeWorkCommuteMedian":28485,"workHomeCommuteMedian":-1},"geometry":{"type":"Polygon","coordinates":[[[27.079858812754672,58.35771021273039],[27.079858812754672,58.366703416367635],[27.088852016391918,58.366703416367635],[27.088852016391918,58.35771021273039],[27.079858812754672,58.35771021273039]]]}},{"type":"Feature","properties":{"jobs":3,"pop":0,"pointCount":1,"homeWorkCommuteMedian":-1,"workHomeCommuteMedian":25737},"geometry":{"type":"Polygon","coordinates":[[[27.079858812754672,58.40267623091662],[27.079858812754672,58.411669434553865],[27.088852016391918,58.411669434553865],[27.088852016391918,58.40267623091662],[27.079858812754672,58.40267623091662]]]}},{"type":"Feature","properties":{"jobs":18,"pop":99,"pointCount":3,"homeWorkCommuteMedian":23362,"workHomeCommuteMedian":9976},"geometry":{"type":"Polygon","coordinates":[[[27.079858812754672,58.51958787820082],[27.079858812754672,58.52858108183806],[27.088852016391918,58.52858108183806],[27.088852016391918,58.51958787820082],[27.079858812754672,58.51958787820082]]]}},{"type":"Feature","properties":{"jobs":2,"pop":6,"pointCount":2,"homeWorkCommuteMedian":62073,"workHomeCommuteMedian":7535},"geometry":{"type":"Polygon","coordinates":[[[27.079858812754672,58.61851311821052],[27.079858812754672,58.62750632184777],[27.088852016391918,58.62750632184777],[27.088852016391918,58.61851311821052],[27.079858812754672,58.61851311821052]]]}},{"type":"Feature","properties":{"jobs":0,"pop":6,"pointCount":1,"homeWorkCommuteMedian":7604,"workHomeCommuteMedian":-1},"geometry":{"type":"Polygon","coordinates":[[[27.079858812754672,58.62750632184777],[27.079858812754672,58.636499525485014],[27.088852016391918,58.636499525485014],[27.088852016391918,58.62750632184777],[27.079858812754672,58.62750632184777]]]}},{"type":"Feature","properties":{"jobs":2,"pop":0,"pointCount":1,"homeWorkCommuteMedian":-1,"workHomeCommuteMedian":11865},"geometry":{"type":"Polygon","coordinates":[[[27.079858812754672,58.636499525485014],[27.079858812754672,58.64549272912226],[27.088852016391918,58.64549272912226],[27.088852016391918,58.636499525485014],[27.079858812754672,58.636499525485014]]]}},{"type":"Feature","properties":{"jobs":0,"pop":14,"pointCount":1,"homeWorkCommuteMedian":55940,"workHomeCommuteMedian":-1},"geometry":{"type":"Polygon","coordinates":[[[27.079858812754672,58.699451950945736],[27.079858812754672,58.70844515458298],[27.088852016391918,58.70844515458298],[27.088852016391918,58.699451950945736],[27.079858812754672,58.699451950945736]]]}},{"type":"Feature","properties":{"jobs":11,"pop":0,"pointCount":1,"homeWorkCommuteMedian":-1,"workHomeCommuteMedian":4144},"geometry":{"type":"Polygon","coordinates":[[[27.079858812754672,58.726431561857474],[27.079858812754672,58.73542476549472],[27.088852016391918,58.73542476549472],[27.088852016391918,58.726431561857474],[27.079858812754672,58.726431561857474]]]}},{"type":"Feature","properties":{"jobs":4,"pop":5,"pointCount":2,"homeWorkCommuteMedian":10860,"workHomeCommuteMedian":29674},"geometry":{"type":"Polygon","coordinates":[[[27.079858812754672,58.744417969131966],[27.079858812754672,58.75341117276921],[27.088852016391918,58.75341117276921],[27.088852016391918,58.744417969131966],[27.079858812754672,58.744417969131966]]]}},{"type":"Feature","properties":{"jobs":6,"pop":0,"pointCount":1,"homeWorkCommuteMedian":-1,"workHomeCommuteMedian":28353},"geometry":{"type":"Polygon","coordinates":[[[27.088852016391918,57.97999565996606],[27.088852016391918,57.9889888636033],[27.097845220029164,57.9889888636033],[27.097845220029164,57.97999565996606],[27.088852016391918,57.97999565996606]]]}},{"type":"Feature","properties":{"jobs":35,"pop":61,"pointCount":5,"homeWorkCommuteMedian":12371,"workHomeCommuteMedian":52421},"geometry":{"type":"Polygon","coordinates":[[[27.088852016391918,58.006975270877795],[27.088852016391918,58.01596847451504],[27.097845220029164,58.01596847451504],[27.097845220029164,58.006975270877795],[27.088852016391918,58.006975270877795]]]}},{"type":"Feature","properties":{"jobs":42,"pop":27,"pointCount":5,"homeWorkCommuteMedian":6500,"workHomeCommuteMedian":55091},"geometry":{"type":"Polygon","coordinates":[[[27.088852016391918,58.01596847451504],[27.088852016391918,58.02496167815229],[27.097845220029164,58.02496167815229],[27.097845220029164,58.01596847451504],[27.088852016391918,58.01596847451504]]]}},{"type":"Feature","properties":{"jobs":0,"pop":10,"pointCount":1,"homeWorkCommuteMedian":52972,"workHomeCommuteMedian":-1},"geometry":{"type":"Polygon","coordinates":[[[27.088852016391918,58.051941289064025],[27.088852016391918,58.06093449270127],[27.097845220029164,58.06093449270127],[27.097845220029164,58.051941289064025],[27.088852016391918,58.051941289064025]]]}},{"type":"Feature","properties":{"jobs":155,"pop":155,"pointCount":12,"homeWorkCommuteMedian":19455,"workHomeCommuteMedian":19336},"geometry":{"type":"Polygon","coordinates":[[[27.088852016391918,58.06093449270127],[27.088852016391918,58.06992769633852],[27.097845220029164,58.06992769633852],[27.097845220029164,58.06093449270127],[27.088852016391918,58.06093449270127]]]}},{"type":"Feature","properties":{"jobs":0,"pop":29,"pointCount":2,"homeWorkCommuteMedian":51397,"workHomeCommuteMedian":-1},"geometry":{"type":"Polygon","coordinates":[[[27.088852016391918,58.06992769633852],[27.088852016391918,58.07892089997576],[27.097845220029164,58.07892089997576],[27.097845220029164,58.06992769633852],[27.088852016391918,58.06992769633852]]]}},{"type":"Feature","properties":{"jobs":0,"pop":29,"pointCount":4,"homeWorkCommuteMedian":10548,"workHomeCommuteMedian":-1},"geometry":{"type":"Polygon","coordinates":[[[27.088852016391918,58.07892089997576],[27.088852016391918,58.08791410361301],[27.097845220029164,58.08791410361301],[27.097845220029164,58.07892089997576],[27.088852016391918,58.07892089997576]]]}},{"type":"Feature","properties":{"jobs":0,"pop":11,"pointCount":1,"homeWorkCommuteMedian":5628,"workHomeCommuteMedian":-1},"geometry":{"type":"Polygon","coordinates":[[[27.088852016391918,58.08791410361301],[27.088852016391918,58.096907307250255],[27.097845220029164,58.096907307250255],[27.097845220029164,58.08791410361301],[27.088852016391918,58.08791410361301]]]}},{"type":"Feature","properties":{"jobs":16,"pop":0,"pointCount":1,"homeWorkCommuteMedian":-1,"workHomeCommuteMedian":49686},"geometry":{"type":"Polygon","coordinates":[[[27.088852016391918,58.096907307250255],[27.088852016391918,58.1059005108875],[27.097845220029164,58.1059005108875],[27.097845220029164,58.096907307250255],[27.088852016391918,58.096907307250255]]]}},{"type":"Feature","properties":{"jobs":5,"pop":0,"pointCount":1,"homeWorkCommuteMedian":-1,"workHomeCommuteMedian":53950},"geometry":{"type":"Polygon","coordinates":[[[27.088852016391918,58.1059005108875],[27.088852016391918,58.11489371452475],[27.097845220029164,58.11489371452475],[27.097845220029164,58.1059005108875],[27.088852016391918,58.1059005108875]]]}},{"type":"Feature","properties":{"jobs":0,"pop":6,"pointCount":1,"homeWorkCommuteMedian":14630,"workHomeCommuteMedian":-1},"geometry":{"type":"Polygon","coordinates":[[[27.088852016391918,58.15086652907373],[27.088852016391918,58.15985973271098],[27.097845220029164,58.15985973271098],[27.097845220029164,58.15086652907373],[27.088852016391918,58.15086652907373]]]}},{"type":"Feature","properties":{"jobs":0,"pop":14,"pointCount":1,"homeWorkCommuteMedian":44956,"workHomeCommuteMedian":-1},"geometry":{"type":"Polygon","coordinates":[[[27.088852016391918,58.186839343622715],[27.088852016391918,58.19583254725996],[27.097845220029164,58.19583254725996],[27.097845220029164,58.186839343622715],[27.088852016391918,58.186839343622715]]]}},{"type":"Feature","properties":{"jobs":0,"pop":10,"pointCount":1,"homeWorkCommuteMedian":36314,"workHomeCommuteMedian":-1},"geometry":{"type":"Polygon","coordinates":[[[27.088852016391918,58.2228121581717],[27.088852016391918,58.231805361808945],[27.097845220029164,58.231805361808945],[27.097845220029164,58.2228121581717],[27.088852016391918,58.2228121581717]]]}},{"type":"Feature","properties":{"jobs":0,"pop":8,"pointCount":1,"homeWorkCommuteMedian":28220,"workHomeCommuteMedian":-1},"geometry":{"type":"Polygon","coordinates":[[[27.088852016391918,58.31274419454416],[27.088852016391918,58.321737398181405],[27.097845220029164,58.321737398181405],[27.097845220029164,58.31274419454416],[27.088852016391918,58.31274419454416]]]}},{"type":"Feature","properties":{"jobs":0,"pop":13,"pointCount":1,"homeWorkCommuteMedian":32277,"workHomeCommuteMedian":-1},"geometry":{"type":"Polygon","coordinates":[[[27.088852016391918,58.51958787820082],[27.088852016391918,58.52858108183806],[27.097845220029164,58.52858108183806],[27.097845220029164,58.51958787820082],[27.088852016391918,58.51958787820082]]]}},{"type":"Feature","properties":{"jobs":3,"pop":5,"pointCount":2,"homeWorkCommuteMedian":14152,"workHomeCommuteMedian":43233},"geometry":{"type":"Polygon","coordinates":[[[27.088852016391918,58.62750632184777],[27.088852016391918,58.636499525485014],[27.097845220029164,58.636499525485014],[27.097845220029164,58.62750632184777],[27.088852016391918,58.62750632184777]]]}},{"type":"Feature","properties":{"jobs":0,"pop":9,"pointCount":1,"homeWorkCommuteMedian":7252,"workHomeCommuteMedian":-1},"geometry":{"type":"Polygon","coordinates":[[[27.088852016391918,58.636499525485014],[27.088852016391918,58.64549272912226],[27.097845220029164,58.64549272912226],[27.097845220029164,58.636499525485014],[27.088852016391918,58.636499525485014]]]}},{"type":"Feature","properties":{"jobs":17,"pop":0,"pointCount":1,"homeWorkCommuteMedian":-1,"workHomeCommuteMedian":8441},"geometry":{"type":"Polygon","coordinates":[[[27.088852016391918,58.699451950945736],[27.088852016391918,58.70844515458298],[27.097845220029164,58.70844515458298],[27.097845220029164,58.699451950945736],[27.088852016391918,58.699451950945736]]]}},{"type":"Feature","properties":{"jobs":0,"pop":12,"pointCount":1,"homeWorkCommuteMedian":57649,"workHomeCommuteMedian":-1},"geometry":{"type":"Polygon","coordinates":[[[27.088852016391918,58.70844515458298],[27.088852016391918,58.71743835822023],[27.097845220029164,58.71743835822023],[27.097845220029164,58.70844515458298],[27.088852016391918,58.70844515458298]]]}},{"type":"Feature","properties":{"jobs":0,"pop":6,"pointCount":1,"homeWorkCommuteMedian":8908,"workHomeCommuteMedian":-1},"geometry":{"type":"Polygon","coordinates":[[[27.088852016391918,58.71743835822023],[27.088852016391918,58.726431561857474],[27.097845220029164,58.726431561857474],[27.097845220029164,58.71743835822023],[27.088852016391918,58.71743835822023]]]}},{"type":"Feature","properties":{"jobs":0,"pop":13,"pointCount":1,"homeWorkCommuteMedian":56369,"workHomeCommuteMedian":-1},"geometry":{"type":"Polygon","coordinates":[[[27.097845220029164,57.97100245632881],[27.097845220029164,57.97999565996606],[27.10683842366641,57.97999565996606],[27.10683842366641,57.97100245632881],[27.097845220029164,57.97100245632881]]]}},{"type":"Feature","properties":{"jobs":0,"pop":15,"pointCount":2,"homeWorkCommuteMedian":9532,"workHomeCommuteMedian":-1},"geometry":{"type":"Polygon","coordinates":[[[27.097845220029164,57.9889888636033],[27.097845220029164,57.99798206724055],[27.10683842366641,57.99798206724055],[27.10683842366641,57.9889888636033],[27.097845220029164,57.9889888636033]]]}},{"type":"Feature","properties":{"jobs":13,"pop":0,"pointCount":1,"homeWorkCommuteMedian":-1,"workHomeCommuteMedian":28418},"geometry":{"type":"Polygon","coordinates":[[[27.097845220029164,57.99798206724055],[27.097845220029164,58.006975270877795],[27.10683842366641,58.006975270877795],[27.10683842366641,57.99798206724055],[27.097845220029164,57.99798206724055]]]}},{"type":"Feature","properties":{"jobs":0,"pop":6,"pointCount":1,"homeWorkCommuteMedian":5434,"workHomeCommuteMedian":-1},"geometry":{"type":"Polygon","coordinates":[[[27.097845220029164,58.051941289064025],[27.097845220029164,58.06093449270127],[27.10683842366641,58.06093449270127],[27.10683842366641,58.051941289064025],[27.097845220029164,58.051941289064025]]]}},{"type":"Feature","properties":{"jobs":136,"pop":7,"pointCount":5,"homeWorkCommuteMedian":4781,"workHomeCommuteMedian":17394},"geometry":{"type":"Polygon","coordinates":[[[27.097845220029164,58.06093449270127],[27.097845220029164,58.06992769633852],[27.10683842366641,58.06992769633852],[27.10683842366641,58.06093449270127],[27.097845220029164,58.06093449270127]]]}},{"type":"Feature","properties":{"jobs":0,"pop":11,"pointCount":1,"homeWorkCommuteMedian":48270,"workHomeCommuteMedian":-1},"geometry":{"type":"Polygon","coordinates":[[[27.097845220029164,58.07892089997576],[27.097845220029164,58.08791410361301],[27.10683842366641,58.08791410361301],[27.10683842366641,58.07892089997576],[27.097845220029164,58.07892089997576]]]}},{"type":"Feature","properties":{"jobs":15,"pop":0,"pointCount":1,"homeWorkCommuteMedian":-1,"workHomeCommuteMedian":45547},"geometry":{"type":"Polygon","coordinates":[[[27.097845220029164,58.08791410361301],[27.097845220029164,58.096907307250255],[27.10683842366641,58.096907307250255],[27.10683842366641,58.08791410361301],[27.097845220029164,58.08791410361301]]]}},{"type":"Feature","properties":{"jobs":33,"pop":0,"pointCount":1,"homeWorkCommuteMedian":-1,"workHomeCommuteMedian":12342},"geometry":{"type":"Polygon","coordinates":[[[27.097845220029164,58.096907307250255],[27.097845220029164,58.1059005108875],[27.10683842366641,58.1059005108875],[27.10683842366641,58.096907307250255],[27.097845220029164,58.096907307250255]]]}},{"type":"Feature","properties":{"jobs":5,"pop":0,"pointCount":1,"homeWorkCommuteMedian":-1,"workHomeCommuteMedian":16330},"geometry":{"type":"Polygon","coordinates":[[[27.097845220029164,58.21381895453445],[27.097845220029164,58.2228121581717],[27.10683842366641,58.2228121581717],[27.10683842366641,58.21381895453445],[27.097845220029164,58.21381895453445]]]}},{"type":"Feature","properties":{"jobs":13,"pop":0,"pointCount":1,"homeWorkCommuteMedian":-1,"workHomeCommuteMedian":12527},"geometry":{"type":"Polygon","coordinates":[[[27.097845220029164,58.37569662000488],[27.097845220029164,58.38468982364213],[27.10683842366641,58.38468982364213],[27.10683842366641,58.37569662000488],[27.097845220029164,58.37569662000488]]]}},{"type":"Feature","properties":{"jobs":0,"pop":9,"pointCount":1,"homeWorkCommuteMedian":7950,"workHomeCommuteMedian":-1},"geometry":{"type":"Polygon","coordinates":[[[27.097845220029164,58.53757428547531],[27.097845220029164,58.546567489112554],[27.10683842366641,58.546567489112554],[27.10683842366641,58.53757428547531],[27.097845220029164,58.53757428547531]]]}},{"type":"Feature","properties":{"jobs":1,"pop":8,"pointCount":2,"homeWorkCommuteMedian":11136,"workHomeCommuteMedian":40634},"geometry":{"type":"Polygon","coordinates":[[[27.097845220029164,58.60052671093603],[27.097845220029164,58.609519914573276],[27.10683842366641,58.609519914573276],[27.10683842366641,58.60052671093603],[27.097845220029164,58.60052671093603]]]}},{"type":"Feature","properties":{"jobs":0,"pop":1,"pointCount":1,"homeWorkCommuteMedian":18352,"workHomeCommuteMedian":-1},"geometry":{"type":"Polygon","coordinates":[[[27.097845220029164,58.609519914573276],[27.097845220029164,58.61851311821052],[27.10683842366641,58.61851311821052],[27.10683842366641,58.609519914573276],[27.097845220029164,58.609519914573276]]]}},{"type":"Feature","properties":{"jobs":0,"pop":4,"pointCount":1,"homeWorkCommuteMedian":34559,"workHomeCommuteMedian":-1},"geometry":{"type":"Polygon","coordinates":[[[27.097845220029164,58.64549272912226],[27.097845220029164,58.654485932759506],[27.10683842366641,58.654485932759506],[27.10683842366641,58.64549272912226],[27.097845220029164,58.64549272912226]]]}},{"type":"Feature","properties":{"jobs":3,"pop":0,"pointCount":1,"homeWorkCommuteMedian":-1,"workHomeCommuteMedian":19777},"geometry":{"type":"Polygon","coordinates":[[[27.097845220029164,58.69045874730849],[27.097845220029164,58.699451950945736],[27.10683842366641,58.699451950945736],[27.10683842366641,58.69045874730849],[27.097845220029164,58.69045874730849]]]}},{"type":"Feature","properties":{"jobs":3,"pop":9,"pointCount":2,"homeWorkCommuteMedian":1177,"workHomeCommuteMedian":108149},"geometry":{"type":"Polygon","coordinates":[[[27.097845220029164,58.70844515458298],[27.097845220029164,58.71743835822023],[27.10683842366641,58.71743835822023],[27.10683842366641,58.70844515458298],[27.097845220029164,58.70844515458298]]]}},{"type":"Feature","properties":{"jobs":0,"pop":5,"pointCount":1,"homeWorkCommuteMedian":18233,"workHomeCommuteMedian":-1},"geometry":{"type":"Polygon","coordinates":[[[27.097845220029164,58.726431561857474],[27.097845220029164,58.73542476549472],[27.10683842366641,58.73542476549472],[27.10683842366641,58.726431561857474],[27.097845220029164,58.726431561857474]]]}},{"type":"Feature","properties":{"jobs":0,"pop":10,"pointCount":1,"homeWorkCommuteMedian":56322,"workHomeCommuteMedian":-1},"geometry":{"type":"Polygon","coordinates":[[[27.097845220029164,58.73542476549472],[27.097845220029164,58.744417969131966],[27.10683842366641,58.744417969131966],[27.10683842366641,58.73542476549472],[27.097845220029164,58.73542476549472]]]}},{"type":"Feature","properties":{"jobs":0,"pop":7,"pointCount":1,"homeWorkCommuteMedian":19215,"workHomeCommuteMedian":-1},"geometry":{"type":"Polygon","coordinates":[[[27.10683842366641,58.03395488178953],[27.10683842366641,58.04294808542678],[27.115831627303656,58.04294808542678],[27.115831627303656,58.03395488178953],[27.10683842366641,58.03395488178953]]]}},{"type":"Feature","properties":{"jobs":0,"pop":8,"pointCount":1,"homeWorkCommuteMedian":19738,"workHomeCommuteMedian":-1},"geometry":{"type":"Polygon","coordinates":[[[27.10683842366641,58.06093449270127],[27.10683842366641,58.06992769633852],[27.115831627303656,58.06992769633852],[27.115831627303656,58.06093449270127],[27.10683842366641,58.06093449270127]]]}},{"type":"Feature","properties":{"jobs":18,"pop":0,"pointCount":1,"homeWorkCommuteMedian":-1,"workHomeCommuteMedian":54437},"geometry":{"type":"Polygon","coordinates":[[[27.10683842366641,58.06992769633852],[27.10683842366641,58.07892089997576],[27.115831627303656,58.07892089997576],[27.115831627303656,58.06992769633852],[27.10683842366641,58.06992769633852]]]}},{"type":"Feature","properties":{"jobs":14,"pop":6,"pointCount":2,"homeWorkCommuteMedian":28418,"workHomeCommuteMedian":35607},"geometry":{"type":"Polygon","coordinates":[[[27.10683842366641,58.20482575089721],[27.10683842366641,58.21381895453445],[27.115831627303656,58.21381895453445],[27.115831627303656,58.20482575089721],[27.10683842366641,58.20482575089721]]]}},{"type":"Feature","properties":{"jobs":12,"pop":0,"pointCount":1,"homeWorkCommuteMedian":-1,"workHomeCommuteMedian":39304},"geometry":{"type":"Polygon","coordinates":[[[27.10683842366641,58.28576458363242],[27.10683842366641,58.29475778726967],[27.115831627303656,58.29475778726967],[27.115831627303656,58.28576458363242],[27.10683842366641,58.28576458363242]]]}},{"type":"Feature","properties":{"jobs":0,"pop":11,"pointCount":1,"homeWorkCommuteMedian":44080,"workHomeCommuteMedian":-1},"geometry":{"type":"Polygon","coordinates":[[[27.10683842366641,58.51958787820082],[27.10683842366641,58.52858108183806],[27.115831627303656,58.52858108183806],[27.115831627303656,58.51958787820082],[27.10683842366641,58.51958787820082]]]}},{"type":"Feature","properties":{"jobs":0,"pop":3,"pointCount":1,"homeWorkCommuteMedian":19777,"workHomeCommuteMedian":-1},"geometry":{"type":"Polygon","coordinates":[[[27.10683842366641,58.546567489112554],[27.10683842366641,58.5555606927498],[27.115831627303656,58.5555606927498],[27.115831627303656,58.546567489112554],[27.10683842366641,58.546567489112554]]]}},{"type":"Feature","properties":{"jobs":2,"pop":0,"pointCount":1,"homeWorkCommuteMedian":-1,"workHomeCommuteMedian":12564},"geometry":{"type":"Polygon","coordinates":[[[27.10683842366641,58.609519914573276],[27.10683842366641,58.61851311821052],[27.115831627303656,58.61851311821052],[27.115831627303656,58.609519914573276],[27.10683842366641,58.609519914573276]]]}},{"type":"Feature","properties":{"jobs":0,"pop":2,"pointCount":1,"homeWorkCommuteMedian":7339,"workHomeCommuteMedian":-1},"geometry":{"type":"Polygon","coordinates":[[[27.10683842366641,58.69045874730849],[27.10683842366641,58.699451950945736],[27.115831627303656,58.699451950945736],[27.115831627303656,58.69045874730849],[27.10683842366641,58.69045874730849]]]}},{"type":"Feature","properties":{"jobs":0,"pop":21,"pointCount":1,"homeWorkCommuteMedian":22440,"workHomeCommuteMedian":-1},"geometry":{"type":"Polygon","coordinates":[[[27.115831627303656,58.006975270877795],[27.115831627303656,58.01596847451504],[27.124824830940902,58.01596847451504],[27.124824830940902,58.006975270877795],[27.115831627303656,58.006975270877795]]]}},{"type":"Feature","properties":{"jobs":0,"pop":16,"pointCount":1,"homeWorkCommuteMedian":46850,"workHomeCommuteMedian":-1},"geometry":{"type":"Polygon","coordinates":[[[27.115831627303656,58.11489371452475],[27.115831627303656,58.12388691816199],[27.124824830940902,58.12388691816199],[27.124824830940902,58.11489371452475],[27.115831627303656,58.11489371452475]]]}},{"type":"Feature","properties":{"jobs":0,"pop":9,"pointCount":1,"homeWorkCommuteMedian":18045,"workHomeCommuteMedian":-1},"geometry":{"type":"Polygon","coordinates":[[[27.115831627303656,58.20482575089721],[27.115831627303656,58.21381895453445],[27.124824830940902,58.21381895453445],[27.124824830940902,58.20482575089721],[27.115831627303656,58.20482575089721]]]}},{"type":"Feature","properties":{"jobs":4,"pop":0,"pointCount":1,"homeWorkCommuteMedian":-1,"workHomeCommuteMedian":35199},"geometry":{"type":"Polygon","coordinates":[[[27.115831627303656,58.2228121581717],[27.115831627303656,58.231805361808945],[27.124824830940902,58.231805361808945],[27.124824830940902,58.2228121581717],[27.115831627303656,58.2228121581717]]]}},{"type":"Feature","properties":{"jobs":13,"pop":0,"pointCount":1,"homeWorkCommuteMedian":-1,"workHomeCommuteMedian":21268},"geometry":{"type":"Polygon","coordinates":[[[27.115831627303656,58.25878497272068],[27.115831627303656,58.26777817635793],[27.124824830940902,58.26777817635793],[27.124824830940902,58.25878497272068],[27.115831627303656,58.25878497272068]]]}},{"type":"Feature","properties":{"jobs":0,"pop":13,"pointCount":1,"homeWorkCommuteMedian":30904,"workHomeCommuteMedian":-1},"geometry":{"type":"Polygon","coordinates":[[[27.115831627303656,58.26777817635793],[27.115831627303656,58.276771379995175],[27.124824830940902,58.276771379995175],[27.124824830940902,58.26777817635793],[27.115831627303656,58.26777817635793]]]}},{"type":"Feature","properties":{"jobs":6,"pop":7,"pointCount":2,"homeWorkCommuteMedian":4200,"workHomeCommuteMedian":9774},"geometry":{"type":"Polygon","coordinates":[[[27.115831627303656,58.56455389638705],[27.115831627303656,58.57354710002429],[27.124824830940902,58.57354710002429],[27.124824830940902,58.56455389638705],[27.115831627303656,58.56455389638705]]]}},{"type":"Feature","properties":{"jobs":8,"pop":17,"pointCount":1,"homeWorkCommuteMedian":44221,"workHomeCommuteMedian":38053},"geometry":{"type":"Polygon","coordinates":[[[27.115831627303656,58.58254030366154],[27.115831627303656,58.591533507298784],[27.124824830940902,58.591533507298784],[27.124824830940902,58.58254030366154],[27.115831627303656,58.58254030366154]]]}},{"type":"Feature","properties":{"jobs":21,"pop":0,"pointCount":1,"homeWorkCommuteMedian":-1,"workHomeCommuteMedian":11700},"geometry":{"type":"Polygon","coordinates":[[[27.115831627303656,58.591533507298784],[27.115831627303656,58.60052671093603],[27.124824830940902,58.60052671093603],[27.124824830940902,58.591533507298784],[27.115831627303656,58.591533507298784]]]}},{"type":"Feature","properties":{"jobs":0,"pop":11,"pointCount":2,"homeWorkCommuteMedian":11715,"workHomeCommuteMedian":-1},"geometry":{"type":"Polygon","coordinates":[[[27.115831627303656,58.609519914573276],[27.115831627303656,58.61851311821052],[27.124824830940902,58.61851311821052],[27.124824830940902,58.609519914573276],[27.115831627303656,58.609519914573276]]]}},{"type":"Feature","properties":{"jobs":0,"pop":5,"pointCount":1,"homeWorkCommuteMedian":14878,"workHomeCommuteMedian":-1},"geometry":{"type":"Polygon","coordinates":[[[27.115831627303656,58.62750632184777],[27.115831627303656,58.636499525485014],[27.124824830940902,58.636499525485014],[27.124824830940902,58.62750632184777],[27.115831627303656,58.62750632184777]]]}},{"type":"Feature","properties":{"jobs":12,"pop":0,"pointCount":1,"homeWorkCommuteMedian":-1,"workHomeCommuteMedian":82788},"geometry":{"type":"Polygon","coordinates":[[[27.115831627303656,58.70844515458298],[27.115831627303656,58.71743835822023],[27.124824830940902,58.71743835822023],[27.124824830940902,58.70844515458298],[27.115831627303656,58.70844515458298]]]}},{"type":"Feature","properties":{"jobs":33,"pop":0,"pointCount":1,"homeWorkCommuteMedian":-1,"workHomeCommuteMedian":56963},"geometry":{"type":"Polygon","coordinates":[[[27.124824830940902,58.03395488178953],[27.124824830940902,58.04294808542678],[27.133818034578148,58.04294808542678],[27.133818034578148,58.03395488178953],[27.124824830940902,58.03395488178953]]]}},{"type":"Feature","properties":{"jobs":0,"pop":7,"pointCount":1,"homeWorkCommuteMedian":3815,"workHomeCommuteMedian":-1},"geometry":{"type":"Polygon","coordinates":[[[27.124824830940902,58.1059005108875],[27.124824830940902,58.11489371452475],[27.133818034578148,58.11489371452475],[27.133818034578148,58.1059005108875],[27.124824830940902,58.1059005108875]]]}},{"type":"Feature","properties":{"jobs":7,"pop":15,"pointCount":3,"homeWorkCommuteMedian":13805,"workHomeCommuteMedian":5375},"geometry":{"type":"Polygon","coordinates":[[[27.124824830940902,58.25878497272068],[27.124824830940902,58.26777817635793],[27.133818034578148,58.26777817635793],[27.133818034578148,58.25878497272068],[27.124824830940902,58.25878497272068]]]}},{"type":"Feature","properties":{"jobs":12,"pop":9,"pointCount":2,"homeWorkCommuteMedian":12982,"workHomeCommuteMedian":22559},"geometry":{"type":"Polygon","coordinates":[[[27.124824830940902,58.26777817635793],[27.124824830940902,58.276771379995175],[27.133818034578148,58.276771379995175],[27.133818034578148,58.26777817635793],[27.124824830940902,58.26777817635793]]]}},{"type":"Feature","properties":{"jobs":0,"pop":5,"pointCount":1,"homeWorkCommuteMedian":21929,"workHomeCommuteMedian":-1},"geometry":{"type":"Polygon","coordinates":[[[27.124824830940902,58.501601470926325],[27.124824830940902,58.51059467456357],[27.133818034578148,58.51059467456357],[27.133818034578148,58.501601470926325],[27.124824830940902,58.501601470926325]]]}},{"type":"Feature","properties":{"jobs":33,"pop":91,"pointCount":4,"homeWorkCommuteMedian":19004,"workHomeCommuteMedian":4775},"geometry":{"type":"Polygon","coordinates":[[[27.124824830940902,58.591533507298784],[27.124824830940902,58.60052671093603],[27.133818034578148,58.60052671093603],[27.133818034578148,58.591533507298784],[27.124824830940902,58.591533507298784]]]}},{"type":"Feature","properties":{"jobs":104,"pop":30,"pointCount":6,"homeWorkCommuteMedian":42094,"workHomeCommuteMedian":39954},"geometry":{"type":"Polygon","coordinates":[[[27.124824830940902,58.60052671093603],[27.124824830940902,58.609519914573276],[27.133818034578148,58.609519914573276],[27.133818034578148,58.60052671093603],[27.124824830940902,58.60052671093603]]]}},{"type":"Feature","properties":{"jobs":0,"pop":5,"pointCount":1,"homeWorkCommuteMedian":12333,"workHomeCommuteMedian":-1},"geometry":{"type":"Polygon","coordinates":[[[27.124824830940902,58.61851311821052],[27.124824830940902,58.62750632184777],[27.133818034578148,58.62750632184777],[27.133818034578148,58.61851311821052],[27.124824830940902,58.61851311821052]]]}},{"type":"Feature","properties":{"jobs":0,"pop":6,"pointCount":1,"homeWorkCommuteMedian":4993,"workHomeCommuteMedian":-1},"geometry":{"type":"Polygon","coordinates":[[[27.124824830940902,58.62750632184777],[27.124824830940902,58.636499525485014],[27.133818034578148,58.636499525485014],[27.133818034578148,58.62750632184777],[27.124824830940902,58.62750632184777]]]}},{"type":"Feature","properties":{"jobs":0,"pop":13,"pointCount":1,"homeWorkCommuteMedian":48532,"workHomeCommuteMedian":-1},"geometry":{"type":"Polygon","coordinates":[[[27.124824830940902,58.66347913639675],[27.124824830940902,58.672472340034],[27.133818034578148,58.672472340034],[27.133818034578148,58.66347913639675],[27.124824830940902,58.66347913639675]]]}},{"type":"Feature","properties":{"jobs":0,"pop":9,"pointCount":1,"homeWorkCommuteMedian":6488,"workHomeCommuteMedian":-1},"geometry":{"type":"Polygon","coordinates":[[[27.133818034578148,58.03395488178953],[27.133818034578148,58.04294808542678],[27.142811238215394,58.04294808542678],[27.142811238215394,58.03395488178953],[27.133818034578148,58.03395488178953]]]}},{"type":"Feature","properties":{"jobs":0,"pop":8,"pointCount":1,"homeWorkCommuteMedian":23752,"workHomeCommuteMedian":-1},"geometry":{"type":"Polygon","coordinates":[[[27.133818034578148,58.06992769633852],[27.133818034578148,58.07892089997576],[27.142811238215394,58.07892089997576],[27.142811238215394,58.06992769633852],[27.133818034578148,58.06992769633852]]]}},{"type":"Feature","properties":{"jobs":0,"pop":7,"pointCount":1,"homeWorkCommuteMedian":7052,"workHomeCommuteMedian":-1},"geometry":{"type":"Polygon","coordinates":[[[27.133818034578148,58.07892089997576],[27.133818034578148,58.08791410361301],[27.142811238215394,58.08791410361301],[27.142811238215394,58.07892089997576],[27.133818034578148,58.07892089997576]]]}},{"type":"Feature","properties":{"jobs":0,"pop":5,"pointCount":1,"homeWorkCommuteMedian":6791,"workHomeCommuteMedian":-1},"geometry":{"type":"Polygon","coordinates":[[[27.133818034578148,58.08791410361301],[27.133818034578148,58.096907307250255],[27.142811238215394,58.096907307250255],[27.142811238215394,58.08791410361301],[27.133818034578148,58.08791410361301]]]}},{"type":"Feature","properties":{"jobs":8,"pop":18,"pointCount":3,"homeWorkCommuteMedian":54820,"workHomeCommuteMedian":46860},"geometry":{"type":"Polygon","coordinates":[[[27.133818034578148,58.096907307250255],[27.133818034578148,58.1059005108875],[27.142811238215394,58.1059005108875],[27.142811238215394,58.096907307250255],[27.133818034578148,58.096907307250255]]]}},{"type":"Feature","properties":{"jobs":0,"pop":10,"pointCount":1,"homeWorkCommuteMedian":54634,"workHomeCommuteMedian":-1},"geometry":{"type":"Polygon","coordinates":[[[27.133818034578148,58.11489371452475],[27.133818034578148,58.12388691816199],[27.142811238215394,58.12388691816199],[27.142811238215394,58.11489371452475],[27.133818034578148,58.11489371452475]]]}},{"type":"Feature","properties":{"jobs":0,"pop":9,"pointCount":1,"homeWorkCommuteMedian":22906,"workHomeCommuteMedian":-1},"geometry":{"type":"Polygon","coordinates":[[[27.133818034578148,58.26777817635793],[27.133818034578148,58.276771379995175],[27.142811238215394,58.276771379995175],[27.142811238215394,58.26777817635793],[27.133818034578148,58.26777817635793]]]}},{"type":"Feature","properties":{"jobs":57,"pop":34,"pointCount":4,"homeWorkCommuteMedian":9023,"workHomeCommuteMedian":8654},"geometry":{"type":"Polygon","coordinates":[[[27.133818034578148,58.591533507298784],[27.133818034578148,58.60052671093603],[27.142811238215394,58.60052671093603],[27.142811238215394,58.591533507298784],[27.133818034578148,58.591533507298784]]]}},{"type":"Feature","properties":{"jobs":50,"pop":20,"pointCount":5,"homeWorkCommuteMedian":7782,"workHomeCommuteMedian":7940},"geometry":{"type":"Polygon","coordinates":[[[27.133818034578148,58.60052671093603],[27.133818034578148,58.609519914573276],[27.142811238215394,58.609519914573276],[27.142811238215394,58.60052671093603],[27.133818034578148,58.60052671093603]]]}},{"type":"Feature","properties":{"jobs":1,"pop":10,"pointCount":3,"homeWorkCommuteMedian":10457,"workHomeCommuteMedian":16652},"geometry":{"type":"Polygon","coordinates":[[[27.133818034578148,58.609519914573276],[27.133818034578148,58.61851311821052],[27.142811238215394,58.61851311821052],[27.142811238215394,58.609519914573276],[27.133818034578148,58.609519914573276]]]}},{"type":"Feature","properties":{"jobs":9,"pop":0,"pointCount":1,"homeWorkCommuteMedian":-1,"workHomeCommuteMedian":18453},"geometry":{"type":"Polygon","coordinates":[[[27.133818034578148,58.66347913639675],[27.133818034578148,58.672472340034],[27.142811238215394,58.672472340034],[27.142811238215394,58.66347913639675],[27.133818034578148,58.66347913639675]]]}},{"type":"Feature","properties":{"jobs":0,"pop":6,"pointCount":1,"homeWorkCommuteMedian":11700,"workHomeCommuteMedian":-1},"geometry":{"type":"Polygon","coordinates":[[[27.133818034578148,58.69045874730849],[27.133818034578148,58.699451950945736],[27.142811238215394,58.699451950945736],[27.142811238215394,58.69045874730849],[27.133818034578148,58.69045874730849]]]}},{"type":"Feature","properties":{"jobs":0,"pop":8,"pointCount":1,"homeWorkCommuteMedian":29573,"workHomeCommuteMedian":-1},"geometry":{"type":"Polygon","coordinates":[[[27.142811238215394,57.962009252691566],[27.142811238215394,57.97100245632881],[27.15180444185264,57.97100245632881],[27.15180444185264,57.962009252691566],[27.142811238215394,57.962009252691566]]]}},{"type":"Feature","properties":{"jobs":5,"pop":0,"pointCount":1,"homeWorkCommuteMedian":-1,"workHomeCommuteMedian":75623},"geometry":{"type":"Polygon","coordinates":[[[27.142811238215394,57.99798206724055],[27.142811238215394,58.006975270877795],[27.15180444185264,58.006975270877795],[27.15180444185264,57.99798206724055],[27.142811238215394,57.99798206724055]]]}},{"type":"Feature","properties":{"jobs":58,"pop":0,"pointCount":1,"homeWorkCommuteMedian":-1,"workHomeCommuteMedian":24051},"geometry":{"type":"Polygon","coordinates":[[[27.142811238215394,58.04294808542678],[27.142811238215394,58.051941289064025],[27.15180444185264,58.051941289064025],[27.15180444185264,58.04294808542678],[27.142811238215394,58.04294808542678]]]}},{"type":"Feature","properties":{"jobs":7,"pop":0,"pointCount":1,"homeWorkCommuteMedian":-1,"workHomeCommuteMedian":55461},"geometry":{"type":"Polygon","coordinates":[[[27.142811238215394,58.06093449270127],[27.142811238215394,58.06992769633852],[27.15180444185264,58.06992769633852],[27.15180444185264,58.06093449270127],[27.142811238215394,58.06093449270127]]]}},{"type":"Feature","properties":{"jobs":0,"pop":5,"pointCount":1,"homeWorkCommuteMedian":8879,"workHomeCommuteMedian":-1},"geometry":{"type":"Polygon","coordinates":[[[27.142811238215394,58.11489371452475],[27.142811238215394,58.12388691816199],[27.15180444185264,58.12388691816199],[27.15180444185264,58.11489371452475],[27.142811238215394,58.11489371452475]]]}},{"type":"Feature","properties":{"jobs":0,"pop":7,"pointCount":1,"homeWorkCommuteMedian":24128,"workHomeCommuteMedian":-1},"geometry":{"type":"Polygon","coordinates":[[[27.142811238215394,58.28576458363242],[27.142811238215394,58.29475778726967],[27.15180444185264,58.29475778726967],[27.15180444185264,58.28576458363242],[27.142811238215394,58.28576458363242]]]}},{"type":"Feature","properties":{"jobs":0,"pop":12,"pointCount":1,"homeWorkCommuteMedian":40505,"workHomeCommuteMedian":-1},"geometry":{"type":"Polygon","coordinates":[[[27.142811238215394,58.58254030366154],[27.142811238215394,58.591533507298784],[27.15180444185264,58.591533507298784],[27.15180444185264,58.58254030366154],[27.142811238215394,58.58254030366154]]]}},{"type":"Feature","properties":{"jobs":0,"pop":6,"pointCount":1,"homeWorkCommuteMedian":1559,"workHomeCommuteMedian":-1},"geometry":{"type":"Polygon","coordinates":[[[27.142811238215394,58.609519914573276],[27.142811238215394,58.61851311821052],[27.15180444185264,58.61851311821052],[27.15180444185264,58.609519914573276],[27.142811238215394,58.609519914573276]]]}},{"type":"Feature","properties":{"jobs":3,"pop":15,"pointCount":2,"homeWorkCommuteMedian":45855,"workHomeCommuteMedian":6624},"geometry":{"type":"Polygon","coordinates":[[[27.142811238215394,58.61851311821052],[27.142811238215394,58.62750632184777],[27.15180444185264,58.62750632184777],[27.15180444185264,58.61851311821052],[27.142811238215394,58.61851311821052]]]}},{"type":"Feature","properties":{"jobs":0,"pop":13,"pointCount":1,"homeWorkCommuteMedian":49302,"workHomeCommuteMedian":-1},"geometry":{"type":"Polygon","coordinates":[[[27.142811238215394,58.62750632184777],[27.142811238215394,58.636499525485014],[27.15180444185264,58.636499525485014],[27.15180444185264,58.62750632184777],[27.142811238215394,58.62750632184777]]]}},{"type":"Feature","properties":{"jobs":4,"pop":11,"pointCount":2,"homeWorkCommuteMedian":95880,"workHomeCommuteMedian":91360},"geometry":{"type":"Polygon","coordinates":[[[27.142811238215394,58.636499525485014],[27.142811238215394,58.64549272912226],[27.15180444185264,58.64549272912226],[27.15180444185264,58.636499525485014],[27.142811238215394,58.636499525485014]]]}},{"type":"Feature","properties":{"jobs":0,"pop":9,"pointCount":1,"homeWorkCommuteMedian":30970,"workHomeCommuteMedian":-1},"geometry":{"type":"Polygon","coordinates":[[[27.142811238215394,58.681465543671244],[27.142811238215394,58.69045874730849],[27.15180444185264,58.69045874730849],[27.15180444185264,58.681465543671244],[27.142811238215394,58.681465543671244]]]}},{"type":"Feature","properties":{"jobs":4,"pop":9,"pointCount":2,"homeWorkCommuteMedian":5036,"workHomeCommuteMedian":21002},"geometry":{"type":"Polygon","coordinates":[[[27.142811238215394,58.69045874730849],[27.142811238215394,58.699451950945736],[27.15180444185264,58.699451950945736],[27.15180444185264,58.69045874730849],[27.142811238215394,58.69045874730849]]]}},{"type":"Feature","properties":{"jobs":1,"pop":0,"pointCount":1,"homeWorkCommuteMedian":-1,"workHomeCommuteMedian":62124},"geometry":{"type":"Polygon","coordinates":[[[27.15180444185264,57.95301604905432],[27.15180444185264,57.962009252691566],[27.160797645489886,57.962009252691566],[27.160797645489886,57.95301604905432],[27.15180444185264,57.95301604905432]]]}},{"type":"Feature","properties":{"jobs":0,"pop":8,"pointCount":1,"homeWorkCommuteMedian":8820,"workHomeCommuteMedian":-1},"geometry":{"type":"Polygon","coordinates":[[[27.15180444185264,58.04294808542678],[27.15180444185264,58.051941289064025],[27.160797645489886,58.051941289064025],[27.160797645489886,58.04294808542678],[27.15180444185264,58.04294808542678]]]}},{"type":"Feature","properties":{"jobs":6,"pop":8,"pointCount":1,"homeWorkCommuteMedian":5570,"workHomeCommuteMedian":25404},"geometry":{"type":"Polygon","coordinates":[[[27.15180444185264,58.06093449270127],[27.15180444185264,58.06992769633852],[27.160797645489886,58.06992769633852],[27.160797645489886,58.06093449270127],[27.15180444185264,58.06093449270127]]]}},{"type":"Feature","properties":{"jobs":0,"pop":3,"pointCount":1,"homeWorkCommuteMedian":18222,"workHomeCommuteMedian":-1},"geometry":{"type":"Polygon","coordinates":[[[27.15180444185264,58.47462186001459],[27.15180444185264,58.48361506365183],[27.160797645489886,58.48361506365183],[27.160797645489886,58.47462186001459],[27.15180444185264,58.47462186001459]]]}},{"type":"Feature","properties":{"jobs":0,"pop":36,"pointCount":1,"homeWorkCommuteMedian":36937,"workHomeCommuteMedian":-1},"geometry":{"type":"Polygon","coordinates":[[[27.15180444185264,58.501601470926325],[27.15180444185264,58.51059467456357],[27.160797645489886,58.51059467456357],[27.160797645489886,58.501601470926325],[27.15180444185264,58.501601470926325]]]}},{"type":"Feature","properties":{"jobs":0,"pop":12,"pointCount":1,"homeWorkCommuteMedian":42248,"workHomeCommuteMedian":-1},"geometry":{"type":"Polygon","coordinates":[[[27.15180444185264,58.58254030366154],[27.15180444185264,58.591533507298784],[27.160797645489886,58.591533507298784],[27.160797645489886,58.58254030366154],[27.15180444185264,58.58254030366154]]]}},{"type":"Feature","properties":{"jobs":0,"pop":11,"pointCount":1,"homeWorkCommuteMedian":43689,"workHomeCommuteMedian":-1},"geometry":{"type":"Polygon","coordinates":[[[27.15180444185264,58.62750632184777],[27.15180444185264,58.636499525485014],[27.160797645489886,58.636499525485014],[27.160797645489886,58.62750632184777],[27.15180444185264,58.62750632184777]]]}},{"type":"Feature","properties":{"jobs":0,"pop":18,"pointCount":2,"homeWorkCommuteMedian":1799,"workHomeCommuteMedian":-1},"geometry":{"type":"Polygon","coordinates":[[[27.15180444185264,58.654485932759506],[27.15180444185264,58.66347913639675],[27.160797645489886,58.66347913639675],[27.160797645489886,58.654485932759506],[27.15180444185264,58.654485932759506]]]}},{"type":"Feature","properties":{"jobs":50,"pop":53,"pointCount":7,"homeWorkCommuteMedian":8441,"workHomeCommuteMedian":17531},"geometry":{"type":"Polygon","coordinates":[[[27.15180444185264,58.66347913639675],[27.15180444185264,58.672472340034],[27.160797645489886,58.672472340034],[27.160797645489886,58.66347913639675],[27.15180444185264,58.66347913639675]]]}},{"type":"Feature","properties":{"jobs":41,"pop":0,"pointCount":2,"homeWorkCommuteMedian":-1,"workHomeCommuteMedian":13723},"geometry":{"type":"Polygon","coordinates":[[[27.15180444185264,58.672472340034],[27.15180444185264,58.681465543671244],[27.160797645489886,58.681465543671244],[27.160797645489886,58.672472340034],[27.15180444185264,58.672472340034]]]}},{"type":"Feature","properties":{"jobs":0,"pop":3,"pointCount":1,"homeWorkCommuteMedian":4270,"workHomeCommuteMedian":-1},"geometry":{"type":"Polygon","coordinates":[[[27.160797645489886,57.92603643814258],[27.160797645489886,57.93502964177983],[27.169790849127132,57.93502964177983],[27.169790849127132,57.92603643814258],[27.160797645489886,57.92603643814258]]]}},{"type":"Feature","properties":{"jobs":0,"pop":4,"pointCount":1,"homeWorkCommuteMedian":8123,"workHomeCommuteMedian":-1},"geometry":{"type":"Polygon","coordinates":[[[27.160797645489886,57.95301604905432],[27.160797645489886,57.962009252691566],[27.169790849127132,57.962009252691566],[27.169790849127132,57.95301604905432],[27.160797645489886,57.95301604905432]]]}},{"type":"Feature","properties":{"jobs":0,"pop":10,"pointCount":1,"homeWorkCommuteMedian":55886,"workHomeCommuteMedian":-1},"geometry":{"type":"Polygon","coordinates":[[[27.160797645489886,58.01596847451504],[27.160797645489886,58.02496167815229],[27.169790849127132,58.02496167815229],[27.169790849127132,58.01596847451504],[27.160797645489886,58.01596847451504]]]}},{"type":"Feature","properties":{"jobs":0,"pop":13,"pointCount":1,"homeWorkCommuteMedian":6071,"workHomeCommuteMedian":-1},"geometry":{"type":"Polygon","coordinates":[[[27.160797645489886,58.02496167815229],[27.160797645489886,58.03395488178953],[27.169790849127132,58.03395488178953],[27.169790849127132,58.02496167815229],[27.160797645489886,58.02496167815229]]]}},{"type":"Feature","properties":{"jobs":10,"pop":0,"pointCount":1,"homeWorkCommuteMedian":-1,"workHomeCommuteMedian":51795},"geometry":{"type":"Polygon","coordinates":[[[27.160797645489886,58.15985973271098],[27.160797645489886,58.16885293634822],[27.169790849127132,58.16885293634822],[27.169790849127132,58.15985973271098],[27.160797645489886,58.15985973271098]]]}},{"type":"Feature","properties":{"jobs":5,"pop":0,"pointCount":1,"homeWorkCommuteMedian":-1,"workHomeCommuteMedian":46790},"geometry":{"type":"Polygon","coordinates":[[[27.160797645489886,58.20482575089721],[27.160797645489886,58.21381895453445],[27.169790849127132,58.21381895453445],[27.169790849127132,58.20482575089721],[27.160797645489886,58.20482575089721]]]}},{"type":"Feature","properties":{"jobs":13,"pop":0,"pointCount":2,"homeWorkCommuteMedian":-1,"workHomeCommuteMedian":18233},"geometry":{"type":"Polygon","coordinates":[[[27.160797645489886,58.58254030366154],[27.160797645489886,58.591533507298784],[27.169790849127132,58.591533507298784],[27.169790849127132,58.58254030366154],[27.160797645489886,58.58254030366154]]]}},{"type":"Feature","properties":{"jobs":6,"pop":0,"pointCount":1,"homeWorkCommuteMedian":-1,"workHomeCommuteMedian":9636},"geometry":{"type":"Polygon","coordinates":[[[27.160797645489886,58.636499525485014],[27.160797645489886,58.64549272912226],[27.169790849127132,58.64549272912226],[27.169790849127132,58.636499525485014],[27.160797645489886,58.636499525485014]]]}},{"type":"Feature","properties":{"jobs":0,"pop":4,"pointCount":1,"homeWorkCommuteMedian":1558,"workHomeCommuteMedian":-1},"geometry":{"type":"Polygon","coordinates":[[[27.160797645489886,58.64549272912226],[27.160797645489886,58.654485932759506],[27.169790849127132,58.654485932759506],[27.169790849127132,58.64549272912226],[27.160797645489886,58.64549272912226]]]}},{"type":"Feature","properties":{"jobs":50,"pop":62,"pointCount":6,"homeWorkCommuteMedian":48189,"workHomeCommuteMedian":13858},"geometry":{"type":"Polygon","coordinates":[[[27.160797645489886,58.654485932759506],[27.160797645489886,58.66347913639675],[27.169790849127132,58.66347913639675],[27.169790849127132,58.654485932759506],[27.160797645489886,58.654485932759506]]]}},{"type":"Feature","properties":{"jobs":61,"pop":116,"pointCount":8,"homeWorkCommuteMedian":48281,"workHomeCommuteMedian":16968},"geometry":{"type":"Polygon","coordinates":[[[27.160797645489886,58.66347913639675],[27.160797645489886,58.672472340034],[27.169790849127132,58.672472340034],[27.169790849127132,58.66347913639675],[27.160797645489886,58.66347913639675]]]}},{"type":"Feature","properties":{"jobs":8,"pop":6,"pointCount":2,"homeWorkCommuteMedian":12342,"workHomeCommuteMedian":53977},"geometry":{"type":"Polygon","coordinates":[[[27.169790849127132,58.006975270877795],[27.169790849127132,58.01596847451504],[27.178784052764378,58.01596847451504],[27.178784052764378,58.006975270877795],[27.169790849127132,58.006975270877795]]]}},{"type":"Feature","properties":{"jobs":0,"pop":11,"pointCount":1,"homeWorkCommuteMedian":36908,"workHomeCommuteMedian":-1},"geometry":{"type":"Polygon","coordinates":[[[27.169790849127132,58.06093449270127],[27.169790849127132,58.06992769633852],[27.178784052764378,58.06992769633852],[27.178784052764378,58.06093449270127],[27.169790849127132,58.06093449270127]]]}},{"type":"Feature","properties":{"jobs":0,"pop":14,"pointCount":1,"homeWorkCommuteMedian":54579,"workHomeCommuteMedian":-1},"geometry":{"type":"Polygon","coordinates":[[[27.169790849127132,58.08791410361301],[27.169790849127132,58.096907307250255],[27.178784052764378,58.096907307250255],[27.178784052764378,58.08791410361301],[27.169790849127132,58.08791410361301]]]}},{"type":"Feature","properties":{"jobs":17,"pop":0,"pointCount":1,"homeWorkCommuteMedian":-1,"workHomeCommuteMedian":21866},"geometry":{"type":"Polygon","coordinates":[[[27.169790849127132,58.096907307250255],[27.169790849127132,58.1059005108875],[27.178784052764378,58.1059005108875],[27.178784052764378,58.096907307250255],[27.169790849127132,58.096907307250255]]]}},{"type":"Feature","properties":{"jobs":0,"pop":10,"pointCount":1,"homeWorkCommuteMedian":34035,"workHomeCommuteMedian":-1},"geometry":{"type":"Polygon","coordinates":[[[27.169790849127132,58.15086652907373],[27.169790849127132,58.15985973271098],[27.178784052764378,58.15985973271098],[27.178784052764378,58.15086652907373],[27.169790849127132,58.15086652907373]]]}},{"type":"Feature","properties":{"jobs":0,"pop":7,"pointCount":1,"homeWorkCommuteMedian":13682,"workHomeCommuteMedian":-1},"geometry":{"type":"Polygon","coordinates":[[[27.169790849127132,58.17784613998547],[27.169790849127132,58.186839343622715],[27.178784052764378,58.186839343622715],[27.178784052764378,58.17784613998547],[27.169790849127132,58.17784613998547]]]}},{"type":"Feature","properties":{"jobs":5,"pop":0,"pointCount":1,"homeWorkCommuteMedian":-1,"workHomeCommuteMedian":9209},"geometry":{"type":"Polygon","coordinates":[[[27.169790849127132,58.501601470926325],[27.169790849127132,58.51059467456357],[27.178784052764378,58.51059467456357],[27.178784052764378,58.501601470926325],[27.169790849127132,58.501601470926325]]]}},{"type":"Feature","properties":{"jobs":1,"pop":0,"pointCount":1,"homeWorkCommuteMedian":-1,"workHomeCommuteMedian":1069},"geometry":{"type":"Polygon","coordinates":[[[27.169790849127132,58.609519914573276],[27.169790849127132,58.61851311821052],[27.178784052764378,58.61851311821052],[27.178784052764378,58.609519914573276],[27.169790849127132,58.609519914573276]]]}},{"type":"Feature","properties":{"jobs":0,"pop":5,"pointCount":1,"homeWorkCommuteMedian":27735,"workHomeCommuteMedian":-1},"geometry":{"type":"Polygon","coordinates":[[[27.169790849127132,58.61851311821052],[27.169790849127132,58.62750632184777],[27.178784052764378,58.62750632184777],[27.178784052764378,58.61851311821052],[27.169790849127132,58.61851311821052]]]}},{"type":"Feature","properties":{"jobs":2,"pop":7,"pointCount":2,"homeWorkCommuteMedian":57893,"workHomeCommuteMedian":72358},"geometry":{"type":"Polygon","coordinates":[[[27.178784052764378,57.93502964177983],[27.178784052764378,57.944022845417074],[27.187777256401624,57.944022845417074],[27.187777256401624,57.93502964177983],[27.178784052764378,57.93502964177983]]]}},{"type":"Feature","properties":{"jobs":9,"pop":0,"pointCount":1,"homeWorkCommuteMedian":-1,"workHomeCommuteMedian":61867},"geometry":{"type":"Polygon","coordinates":[[[27.178784052764378,57.9889888636033],[27.178784052764378,57.99798206724055],[27.187777256401624,57.99798206724055],[27.187777256401624,57.9889888636033],[27.178784052764378,57.9889888636033]]]}},{"type":"Feature","properties":{"jobs":0,"pop":9,"pointCount":1,"homeWorkCommuteMedian":7177,"workHomeCommuteMedian":-1},"geometry":{"type":"Polygon","coordinates":[[[27.178784052764378,58.01596847451504],[27.178784052764378,58.02496167815229],[27.187777256401624,58.02496167815229],[27.187777256401624,58.01596847451504],[27.178784052764378,58.01596847451504]]]}},{"type":"Feature","properties":{"jobs":5,"pop":10,"pointCount":1,"homeWorkCommuteMedian":76668,"workHomeCommuteMedian":21611},"geometry":{"type":"Polygon","coordinates":[[[27.178784052764378,58.06992769633852],[27.178784052764378,58.07892089997576],[27.187777256401624,58.07892089997576],[27.187777256401624,58.06992769633852],[27.178784052764378,58.06992769633852]]]}},{"type":"Feature","properties":{"jobs":0,"pop":5,"pointCount":1,"homeWorkCommuteMedian":1991,"workHomeCommuteMedian":-1},"geometry":{"type":"Polygon","coordinates":[[[27.178784052764378,58.141873325436485],[27.178784052764378,58.15086652907373],[27.187777256401624,58.15086652907373],[27.187777256401624,58.141873325436485],[27.178784052764378,58.141873325436485]]]}},{"type":"Feature","properties":{"jobs":0,"pop":12,"pointCount":1,"homeWorkCommuteMedian":43940,"workHomeCommuteMedian":-1},"geometry":{"type":"Polygon","coordinates":[[[27.178784052764378,58.15086652907373],[27.178784052764378,58.15985973271098],[27.187777256401624,58.15985973271098],[27.187777256401624,58.15086652907373],[27.178784052764378,58.15086652907373]]]}},{"type":"Feature","properties":{"jobs":0,"pop":9,"pointCount":1,"homeWorkCommuteMedian":17099,"workHomeCommuteMedian":-1},"geometry":{"type":"Polygon","coordinates":[[[27.178784052764378,58.15985973271098],[27.178784052764378,58.16885293634822],[27.187777256401624,58.16885293634822],[27.187777256401624,58.15985973271098],[27.178784052764378,58.15985973271098]]]}},{"type":"Feature","properties":{"jobs":10,"pop":0,"pointCount":1,"homeWorkCommuteMedian":-1,"workHomeCommuteMedian":53147},"geometry":{"type":"Polygon","coordinates":[[[27.178784052764378,58.17784613998547],[27.178784052764378,58.186839343622715],[27.187777256401624,58.186839343622715],[27.187777256401624,58.17784613998547],[27.178784052764378,58.17784613998547]]]}},{"type":"Feature","properties":{"jobs":0,"pop":7,"pointCount":1,"homeWorkCommuteMedian":21414,"workHomeCommuteMedian":-1},"geometry":{"type":"Polygon","coordinates":[[[27.178784052764378,58.48361506365183],[27.178784052764378,58.49260826728908],[27.187777256401624,58.49260826728908],[27.187777256401624,58.48361506365183],[27.178784052764378,58.48361506365183]]]}},{"type":"Feature","properties":{"jobs":0,"pop":9,"pointCount":1,"homeWorkCommuteMedian":29674,"workHomeCommuteMedian":-1},"geometry":{"type":"Polygon","coordinates":[[[27.178784052764378,58.53757428547531],[27.178784052764378,58.546567489112554],[27.187777256401624,58.546567489112554],[27.187777256401624,58.53757428547531],[27.178784052764378,58.53757428547531]]]}},{"type":"Feature","properties":{"jobs":3,"pop":4,"pointCount":2,"homeWorkCommuteMedian":4295,"workHomeCommuteMedian":25642},"geometry":{"type":"Polygon","coordinates":[[[27.178784052764378,58.57354710002429],[27.178784052764378,58.58254030366154],[27.187777256401624,58.58254030366154],[27.187777256401624,58.57354710002429],[27.178784052764378,58.57354710002429]]]}},{"type":"Feature","properties":{"jobs":0,"pop":15,"pointCount":2,"homeWorkCommuteMedian":9636,"workHomeCommuteMedian":-1},"geometry":{"type":"Polygon","coordinates":[[[27.178784052764378,58.61851311821052],[27.178784052764378,58.62750632184777],[27.187777256401624,58.62750632184777],[27.187777256401624,58.61851311821052],[27.178784052764378,58.61851311821052]]]}},{"type":"Feature","properties":{"jobs":0,"pop":9,"pointCount":1,"homeWorkCommuteMedian":24137,"workHomeCommuteMedian":-1},"geometry":{"type":"Polygon","coordinates":[[[27.187777256401624,57.9889888636033],[27.187777256401624,57.99798206724055],[27.19677046003887,57.99798206724055],[27.19677046003887,57.9889888636033],[27.187777256401624,57.9889888636033]]]}},{"type":"Feature","properties":{"jobs":0,"pop":8,"pointCount":1,"homeWorkCommuteMedian":9419,"workHomeCommuteMedian":-1},"geometry":{"type":"Polygon","coordinates":[[[27.187777256401624,58.04294808542678],[27.187777256401624,58.051941289064025],[27.19677046003887,58.051941289064025],[27.19677046003887,58.04294808542678],[27.187777256401624,58.04294808542678]]]}},{"type":"Feature","properties":{"jobs":17,"pop":0,"pointCount":2,"homeWorkCommuteMedian":-1,"workHomeCommuteMedian":8071},"geometry":{"type":"Polygon","coordinates":[[[27.187777256401624,58.06093449270127],[27.187777256401624,58.06992769633852],[27.19677046003887,58.06992769633852],[27.19677046003887,58.06093449270127],[27.187777256401624,58.06093449270127]]]}},{"type":"Feature","properties":{"jobs":0,"pop":5,"pointCount":1,"homeWorkCommuteMedian":6239,"workHomeCommuteMedian":-1},"geometry":{"type":"Polygon","coordinates":[[[27.187777256401624,58.07892089997576],[27.187777256401624,58.08791410361301],[27.19677046003887,58.08791410361301],[27.19677046003887,58.07892089997576],[27.187777256401624,58.07892089997576]]]}},{"type":"Feature","properties":{"jobs":0,"pop":5,"pointCount":1,"homeWorkCommuteMedian":10707,"workHomeCommuteMedian":-1},"geometry":{"type":"Polygon","coordinates":[[[27.187777256401624,58.08791410361301],[27.187777256401624,58.096907307250255],[27.19677046003887,58.096907307250255],[27.19677046003887,58.08791410361301],[27.187777256401624,58.08791410361301]]]}},{"type":"Feature","properties":{"jobs":7,"pop":7,"pointCount":2,"homeWorkCommuteMedian":16330,"workHomeCommuteMedian":23898},"geometry":{"type":"Polygon","coordinates":[[[27.187777256401624,58.12388691816199],[27.187777256401624,58.13288012179924],[27.19677046003887,58.13288012179924],[27.19677046003887,58.12388691816199],[27.187777256401624,58.12388691816199]]]}},{"type":"Feature","properties":{"jobs":15,"pop":158,"pointCount":4,"homeWorkCommuteMedian":26654,"workHomeCommuteMedian":1306},"geometry":{"type":"Polygon","coordinates":[[[27.187777256401624,58.15086652907373],[27.187777256401624,58.15985973271098],[27.19677046003887,58.15985973271098],[27.19677046003887,58.15086652907373],[27.187777256401624,58.15086652907373]]]}},{"type":"Feature","properties":{"jobs":98,"pop":10,"pointCount":5,"homeWorkCommuteMedian":13311,"workHomeCommuteMedian":41563},"geometry":{"type":"Polygon","coordinates":[[[27.187777256401624,58.15985973271098],[27.187777256401624,58.16885293634822],[27.19677046003887,58.16885293634822],[27.19677046003887,58.15985973271098],[27.187777256401624,58.15985973271098]]]}},{"type":"Feature","properties":{"jobs":0,"pop":14,"pointCount":1,"homeWorkCommuteMedian":40273,"workHomeCommuteMedian":-1},"geometry":{"type":"Polygon","coordinates":[[[27.187777256401624,58.21381895453445],[27.187777256401624,58.2228121581717],[27.19677046003887,58.2228121581717],[27.19677046003887,58.21381895453445],[27.187777256401624,58.21381895453445]]]}},{"type":"Feature","properties":{"jobs":1,"pop":0,"pointCount":1,"homeWorkCommuteMedian":-1,"workHomeCommuteMedian":433},"geometry":{"type":"Polygon","coordinates":[[[27.187777256401624,58.48361506365183],[27.187777256401624,58.49260826728908],[27.19677046003887,58.49260826728908],[27.19677046003887,58.48361506365183],[27.187777256401624,58.48361506365183]]]}},{"type":"Feature","properties":{"jobs":0,"pop":2,"pointCount":1,"homeWorkCommuteMedian":11865,"workHomeCommuteMedian":-1},"geometry":{"type":"Polygon","coordinates":[[[27.187777256401624,58.58254030366154],[27.187777256401624,58.591533507298784],[27.19677046003887,58.591533507298784],[27.19677046003887,58.58254030366154],[27.187777256401624,58.58254030366154]]]}},{"type":"Feature","properties":{"jobs":0,"pop":8,"pointCount":1,"homeWorkCommuteMedian":11968,"workHomeCommuteMedian":-1},"geometry":{"type":"Polygon","coordinates":[[[27.19677046003887,57.944022845417074],[27.19677046003887,57.95301604905432],[27.205763663676116,57.95301604905432],[27.205763663676116,57.944022845417074],[27.19677046003887,57.944022845417074]]]}},{"type":"Feature","properties":{"jobs":3,"pop":6,"pointCount":2,"homeWorkCommuteMedian":17257,"workHomeCommuteMedian":37048},"geometry":{"type":"Polygon","coordinates":[[[27.19677046003887,57.95301604905432],[27.19677046003887,57.962009252691566],[27.205763663676116,57.962009252691566],[27.205763663676116,57.95301604905432],[27.19677046003887,57.95301604905432]]]}},{"type":"Feature","properties":{"jobs":0,"pop":4,"pointCount":1,"homeWorkCommuteMedian":41788,"workHomeCommuteMedian":-1},"geometry":{"type":"Polygon","coordinates":[[[27.19677046003887,57.97100245632881],[27.19677046003887,57.97999565996606],[27.205763663676116,57.97999565996606],[27.205763663676116,57.97100245632881],[27.19677046003887,57.97100245632881]]]}},{"type":"Feature","properties":{"jobs":6,"pop":14,"pointCount":1,"homeWorkCommuteMedian":58986,"workHomeCommuteMedian":59204},"geometry":{"type":"Polygon","coordinates":[[[27.19677046003887,58.02496167815229],[27.19677046003887,58.03395488178953],[27.205763663676116,58.03395488178953],[27.205763663676116,58.02496167815229],[27.19677046003887,58.02496167815229]]]}},{"type":"Feature","properties":{"jobs":0,"pop":12,"pointCount":1,"homeWorkCommuteMedian":54567,"workHomeCommuteMedian":-1},"geometry":{"type":"Polygon","coordinates":[[[27.19677046003887,58.06093449270127],[27.19677046003887,58.06992769633852],[27.205763663676116,58.06992769633852],[27.205763663676116,58.06093449270127],[27.19677046003887,58.06093449270127]]]}},{"type":"Feature","properties":{"jobs":0,"pop":9,"pointCount":1,"homeWorkCommuteMedian":14025,"workHomeCommuteMedian":-1},"geometry":{"type":"Polygon","coordinates":[[[27.19677046003887,58.11489371452475],[27.19677046003887,58.12388691816199],[27.205763663676116,58.12388691816199],[27.205763663676116,58.11489371452475],[27.19677046003887,58.11489371452475]]]}},{"type":"Feature","properties":{"jobs":0,"pop":10,"pointCount":1,"homeWorkCommuteMedian":50260,"workHomeCommuteMedian":-1},"geometry":{"type":"Polygon","coordinates":[[[27.19677046003887,58.12388691816199],[27.19677046003887,58.13288012179924],[27.205763663676116,58.13288012179924],[27.205763663676116,58.12388691816199],[27.19677046003887,58.12388691816199]]]}},{"type":"Feature","properties":{"jobs":40,"pop":0,"pointCount":1,"homeWorkCommuteMedian":-1,"workHomeCommuteMedian":42695},"geometry":{"type":"Polygon","coordinates":[[[27.19677046003887,58.15086652907373],[27.19677046003887,58.15985973271098],[27.205763663676116,58.15985973271098],[27.205763663676116,58.15086652907373],[27.19677046003887,58.15086652907373]]]}},{"type":"Feature","properties":{"jobs":75,"pop":0,"pointCount":3,"homeWorkCommuteMedian":-1,"workHomeCommuteMedian":16282},"geometry":{"type":"Polygon","coordinates":[[[27.19677046003887,58.15985973271098],[27.19677046003887,58.16885293634822],[27.205763663676116,58.16885293634822],[27.205763663676116,58.15985973271098],[27.19677046003887,58.15985973271098]]]}},{"type":"Feature","properties":{"jobs":0,"pop":7,"pointCount":1,"homeWorkCommuteMedian":22048,"workHomeCommuteMedian":-1},"geometry":{"type":"Polygon","coordinates":[[[27.19677046003887,58.186839343622715],[27.19677046003887,58.19583254725996],[27.205763663676116,58.19583254725996],[27.205763663676116,58.186839343622715],[27.19677046003887,58.186839343622715]]]}},{"type":"Feature","properties":{"jobs":0,"pop":8,"pointCount":1,"homeWorkCommuteMedian":17922,"workHomeCommuteMedian":-1},"geometry":{"type":"Polygon","coordinates":[[[27.19677046003887,58.49260826728908],[27.19677046003887,58.501601470926325],[27.205763663676116,58.501601470926325],[27.205763663676116,58.49260826728908],[27.19677046003887,58.49260826728908]]]}},{"type":"Feature","properties":{"jobs":0,"pop":6,"pointCount":1,"homeWorkCommuteMedian":9976,"workHomeCommuteMedian":-1},"geometry":{"type":"Polygon","coordinates":[[[27.19677046003887,58.52858108183806],[27.19677046003887,58.53757428547531],[27.205763663676116,58.53757428547531],[27.205763663676116,58.52858108183806],[27.19677046003887,58.52858108183806]]]}},{"type":"Feature","properties":{"jobs":0,"pop":6,"pointCount":1,"homeWorkCommuteMedian":67495,"workHomeCommuteMedian":-1},"geometry":{"type":"Polygon","coordinates":[[[27.19677046003887,58.5555606927498],[27.19677046003887,58.56455389638705],[27.205763663676116,58.56455389638705],[27.205763663676116,58.5555606927498],[27.19677046003887,58.5555606927498]]]}},{"type":"Feature","properties":{"jobs":0,"pop":3,"pointCount":1,"homeWorkCommuteMedian":4408,"workHomeCommuteMedian":-1},"geometry":{"type":"Polygon","coordinates":[[[27.19677046003887,58.57354710002429],[27.19677046003887,58.58254030366154],[27.205763663676116,58.58254030366154],[27.205763663676116,58.57354710002429],[27.19677046003887,58.57354710002429]]]}},{"type":"Feature","properties":{"jobs":0,"pop":18,"pointCount":2,"homeWorkCommuteMedian":46125,"workHomeCommuteMedian":-1},"geometry":{"type":"Polygon","coordinates":[[[27.19677046003887,58.60052671093603],[27.19677046003887,58.609519914573276],[27.205763663676116,58.609519914573276],[27.205763663676116,58.60052671093603],[27.19677046003887,58.60052671093603]]]}},{"type":"Feature","properties":{"jobs":0,"pop":16,"pointCount":1,"homeWorkCommuteMedian":25062,"workHomeCommuteMedian":-1},"geometry":{"type":"Polygon","coordinates":[[[27.205763663676116,57.93502964177983],[27.205763663676116,57.944022845417074],[27.214756867313362,57.944022845417074],[27.214756867313362,57.93502964177983],[27.205763663676116,57.93502964177983]]]}},{"type":"Feature","properties":{"jobs":33,"pop":32,"pointCount":3,"homeWorkCommuteMedian":69908,"workHomeCommuteMedian":69952},"geometry":{"type":"Polygon","coordinates":[[[27.205763663676116,57.944022845417074],[27.205763663676116,57.95301604905432],[27.214756867313362,57.95301604905432],[27.214756867313362,57.944022845417074],[27.205763663676116,57.944022845417074]]]}},{"type":"Feature","properties":{"jobs":2,"pop":7,"pointCount":2,"homeWorkCommuteMedian":48163,"workHomeCommuteMedian":6968},"geometry":{"type":"Polygon","coordinates":[[[27.205763663676116,57.962009252691566],[27.205763663676116,57.97100245632881],[27.214756867313362,57.97100245632881],[27.214756867313362,57.962009252691566],[27.205763663676116,57.962009252691566]]]}},{"type":"Feature","properties":{"jobs":15,"pop":0,"pointCount":1,"homeWorkCommuteMedian":-1,"workHomeCommuteMedian":18656},"geometry":{"type":"Polygon","coordinates":[[[27.205763663676116,58.051941289064025],[27.205763663676116,58.06093449270127],[27.214756867313362,58.06093449270127],[27.214756867313362,58.051941289064025],[27.205763663676116,58.051941289064025]]]}},{"type":"Feature","properties":{"jobs":0,"pop":6,"pointCount":1,"homeWorkCommuteMedian":26825,"workHomeCommuteMedian":-1},"geometry":{"type":"Polygon","coordinates":[[[27.205763663676116,58.08791410361301],[27.205763663676116,58.096907307250255],[27.214756867313362,58.096907307250255],[27.214756867313362,58.08791410361301],[27.205763663676116,58.08791410361301]]]}},{"type":"Feature","properties":{"jobs":0,"pop":5,"pointCount":1,"homeWorkCommuteMedian":13847,"workHomeCommuteMedian":-1},"geometry":{"type":"Polygon","coordinates":[[[27.205763663676116,58.12388691816199],[27.205763663676116,58.13288012179924],[27.214756867313362,58.13288012179924],[27.214756867313362,58.12388691816199],[27.205763663676116,58.12388691816199]]]}},{"type":"Feature","properties":{"jobs":0,"pop":5,"pointCount":1,"homeWorkCommuteMedian":19032,"workHomeCommuteMedian":-1},"geometry":{"type":"Polygon","coordinates":[[[27.205763663676116,58.16885293634822],[27.205763663676116,58.17784613998547],[27.214756867313362,58.17784613998547],[27.214756867313362,58.16885293634822],[27.205763663676116,58.16885293634822]]]}},{"type":"Feature","properties":{"jobs":0,"pop":12,"pointCount":1,"homeWorkCommuteMedian":44252,"workHomeCommuteMedian":-1},"geometry":{"type":"Polygon","coordinates":[[[27.205763663676116,58.17784613998547],[27.205763663676116,58.186839343622715],[27.214756867313362,58.186839343622715],[27.214756867313362,58.17784613998547],[27.205763663676116,58.17784613998547]]]}},{"type":"Feature","properties":{"jobs":0,"pop":3,"pointCount":1,"homeWorkCommuteMedian":31472,"workHomeCommuteMedian":-1},"geometry":{"type":"Polygon","coordinates":[[[27.205763663676116,58.231805361808945],[27.205763663676116,58.24079856544619],[27.214756867313362,58.24079856544619],[27.214756867313362,58.231805361808945],[27.205763663676116,58.231805361808945]]]}},{"type":"Feature","properties":{"jobs":2,"pop":13,"pointCount":1,"homeWorkCommuteMedian":36078,"workHomeCommuteMedian":30852},"geometry":{"type":"Polygon","coordinates":[[[27.205763663676116,58.26777817635793],[27.205763663676116,58.276771379995175],[27.214756867313362,58.276771379995175],[27.214756867313362,58.26777817635793],[27.205763663676116,58.26777817635793]]]}},{"type":"Feature","properties":{"jobs":17,"pop":0,"pointCount":1,"homeWorkCommuteMedian":-1,"workHomeCommuteMedian":5728},"geometry":{"type":"Polygon","coordinates":[[[27.205763663676116,58.49260826728908],[27.205763663676116,58.501601470926325],[27.214756867313362,58.501601470926325],[27.214756867313362,58.49260826728908],[27.205763663676116,58.49260826728908]]]}},{"type":"Feature","properties":{"jobs":23,"pop":32,"pointCount":5,"homeWorkCommuteMedian":36879,"workHomeCommuteMedian":15723},"geometry":{"type":"Polygon","coordinates":[[[27.205763663676116,58.546567489112554],[27.205763663676116,58.5555606927498],[27.214756867313362,58.5555606927498],[27.214756867313362,58.546567489112554],[27.205763663676116,58.546567489112554]]]}},{"type":"Feature","properties":{"jobs":1,"pop":9,"pointCount":1,"homeWorkCommuteMedian":16310,"workHomeCommuteMedian":40788},"geometry":{"type":"Polygon","coordinates":[[[27.205763663676116,58.5555606927498],[27.205763663676116,58.56455389638705],[27.214756867313362,58.56455389638705],[27.214756867313362,58.5555606927498],[27.205763663676116,58.5555606927498]]]}},{"type":"Feature","properties":{"jobs":17,"pop":17,"pointCount":2,"homeWorkCommuteMedian":48108,"workHomeCommuteMedian":4408},"geometry":{"type":"Polygon","coordinates":[[[27.205763663676116,58.60052671093603],[27.205763663676116,58.609519914573276],[27.214756867313362,58.609519914573276],[27.214756867313362,58.60052671093603],[27.205763663676116,58.60052671093603]]]}},{"type":"Feature","properties":{"jobs":35,"pop":0,"pointCount":1,"homeWorkCommuteMedian":-1,"workHomeCommuteMedian":41514},"geometry":{"type":"Polygon","coordinates":[[[27.214756867313362,57.944022845417074],[27.214756867313362,57.95301604905432],[27.223750070950608,57.95301604905432],[27.223750070950608,57.944022845417074],[27.214756867313362,57.944022845417074]]]}},{"type":"Feature","properties":{"jobs":10,"pop":0,"pointCount":1,"homeWorkCommuteMedian":-1,"workHomeCommuteMedian":62393},"geometry":{"type":"Polygon","coordinates":[[[27.214756867313362,57.99798206724055],[27.214756867313362,58.006975270877795],[27.223750070950608,58.006975270877795],[27.223750070950608,57.99798206724055],[27.214756867313362,57.99798206724055]]]}},{"type":"Feature","properties":{"jobs":0,"pop":13,"pointCount":1,"homeWorkCommuteMedian":57357,"workHomeCommuteMedian":-1},"geometry":{"type":"Polygon","coordinates":[[[27.214756867313362,58.051941289064025],[27.214756867313362,58.06093449270127],[27.223750070950608,58.06093449270127],[27.223750070950608,58.051941289064025],[27.214756867313362,58.051941289064025]]]}},{"type":"Feature","properties":{"jobs":0,"pop":16,"pointCount":2,"homeWorkCommuteMedian":12573,"workHomeCommuteMedian":-1},"geometry":{"type":"Polygon","coordinates":[[[27.214756867313362,58.08791410361301],[27.214756867313362,58.096907307250255],[27.223750070950608,58.096907307250255],[27.223750070950608,58.08791410361301],[27.214756867313362,58.08791410361301]]]}},{"type":"Feature","properties":{"jobs":0,"pop":11,"pointCount":1,"homeWorkCommuteMedian":61937,"workHomeCommuteMedian":-1},"geometry":{"type":"Polygon","coordinates":[[[27.214756867313362,58.096907307250255],[27.214756867313362,58.1059005108875],[27.223750070950608,58.1059005108875],[27.223750070950608,58.096907307250255],[27.214756867313362,58.096907307250255]]]}},{"type":"Feature","properties":{"jobs":0,"pop":8,"pointCount":1,"homeWorkCommuteMedian":21018,"workHomeCommuteMedian":-1},"geometry":{"type":"Polygon","coordinates":[[[27.214756867313362,58.11489371452475],[27.214756867313362,58.12388691816199],[27.223750070950608,58.12388691816199],[27.223750070950608,58.11489371452475],[27.214756867313362,58.11489371452475]]]}},{"type":"Feature","properties":{"jobs":6,"pop":15,"pointCount":2,"homeWorkCommuteMedian":56534,"workHomeCommuteMedian":21608},"geometry":{"type":"Polygon","coordinates":[[[27.214756867313362,58.15985973271098],[27.214756867313362,58.16885293634822],[27.223750070950608,58.16885293634822],[27.223750070950608,58.15985973271098],[27.214756867313362,58.15985973271098]]]}},{"type":"Feature","properties":{"jobs":0,"pop":11,"pointCount":1,"homeWorkCommuteMedian":46952,"workHomeCommuteMedian":-1},"geometry":{"type":"Polygon","coordinates":[[[27.214756867313362,58.16885293634822],[27.214756867313362,58.17784613998547],[27.223750070950608,58.17784613998547],[27.223750070950608,58.16885293634822],[27.214756867313362,58.16885293634822]]]}},{"type":"Feature","properties":{"jobs":5,"pop":0,"pointCount":1,"homeWorkCommuteMedian":-1,"workHomeCommuteMedian":42091},"geometry":{"type":"Polygon","coordinates":[[[27.214756867313362,58.231805361808945],[27.214756867313362,58.24079856544619],[27.223750070950608,58.24079856544619],[27.223750070950608,58.231805361808945],[27.214756867313362,58.231805361808945]]]}},{"type":"Feature","properties":{"jobs":0,"pop":19,"pointCount":3,"homeWorkCommuteMedian":21002,"workHomeCommuteMedian":-1},"geometry":{"type":"Polygon","coordinates":[[[27.214756867313362,58.53757428547531],[27.214756867313362,58.546567489112554],[27.223750070950608,58.546567489112554],[27.223750070950608,58.53757428547531],[27.214756867313362,58.53757428547531]]]}},{"type":"Feature","properties":{"jobs":19,"pop":13,"pointCount":5,"homeWorkCommuteMedian":17531,"workHomeCommuteMedian":10457},"geometry":{"type":"Polygon","coordinates":[[[27.214756867313362,58.546567489112554],[27.214756867313362,58.5555606927498],[27.223750070950608,58.5555606927498],[27.223750070950608,58.546567489112554],[27.214756867313362,58.546567489112554]]]}},{"type":"Feature","properties":{"jobs":0,"pop":7,"pointCount":1,"homeWorkCommuteMedian":95956,"workHomeCommuteMedian":-1},"geometry":{"type":"Polygon","coordinates":[[[27.214756867313362,58.5555606927498],[27.214756867313362,58.56455389638705],[27.223750070950608,58.56455389638705],[27.223750070950608,58.5555606927498],[27.214756867313362,58.5555606927498]]]}},{"type":"Feature","properties":{"jobs":0,"pop":10,"pointCount":1,"homeWorkCommuteMedian":23995,"workHomeCommuteMedian":-1},"geometry":{"type":"Polygon","coordinates":[[[27.223750070950608,57.944022845417074],[27.223750070950608,57.95301604905432],[27.232743274587854,57.95301604905432],[27.232743274587854,57.944022845417074],[27.223750070950608,57.944022845417074]]]}},{"type":"Feature","properties":{"jobs":0,"pop":4,"pointCount":1,"homeWorkCommuteMedian":13506,"workHomeCommuteMedian":-1},"geometry":{"type":"Polygon","coordinates":[[[27.223750070950608,57.97999565996606],[27.223750070950608,57.9889888636033],[27.232743274587854,57.9889888636033],[27.232743274587854,57.97999565996606],[27.223750070950608,57.97999565996606]]]}},{"type":"Feature","properties":{"jobs":0,"pop":3,"pointCount":1,"homeWorkCommuteMedian":8389,"workHomeCommuteMedian":-1},"geometry":{"type":"Polygon","coordinates":[[[27.223750070950608,57.99798206724055],[27.223750070950608,58.006975270877795],[27.232743274587854,58.006975270877795],[27.232743274587854,57.99798206724055],[27.223750070950608,57.99798206724055]]]}},{"type":"Feature","properties":{"jobs":31,"pop":0,"pointCount":1,"homeWorkCommuteMedian":-1,"workHomeCommuteMedian":17816},"geometry":{"type":"Polygon","coordinates":[[[27.223750070950608,58.07892089997576],[27.223750070950608,58.08791410361301],[27.232743274587854,58.08791410361301],[27.232743274587854,58.07892089997576],[27.223750070950608,58.07892089997576]]]}},{"type":"Feature","properties":{"jobs":17,"pop":58,"pointCount":3,"homeWorkCommuteMedian":17565,"workHomeCommuteMedian":14863},"geometry":{"type":"Polygon","coordinates":[[[27.223750070950608,58.08791410361301],[27.223750070950608,58.096907307250255],[27.232743274587854,58.096907307250255],[27.232743274587854,58.08791410361301],[27.223750070950608,58.08791410361301]]]}},{"type":"Feature","properties":{"jobs":0,"pop":7,"pointCount":1,"homeWorkCommuteMedian":26274,"workHomeCommuteMedian":-1},"geometry":{"type":"Polygon","coordinates":[[[27.223750070950608,58.11489371452475],[27.223750070950608,58.12388691816199],[27.232743274587854,58.12388691816199],[27.232743274587854,58.11489371452475],[27.223750070950608,58.11489371452475]]]}},{"type":"Feature","properties":{"jobs":4,"pop":0,"pointCount":1,"homeWorkCommuteMedian":-1,"workHomeCommuteMedian":14120},"geometry":{"type":"Polygon","coordinates":[[[27.223750070950608,58.13288012179924],[27.223750070950608,58.141873325436485],[27.232743274587854,58.141873325436485],[27.232743274587854,58.13288012179924],[27.223750070950608,58.13288012179924]]]}},{"type":"Feature","properties":{"jobs":0,"pop":5,"pointCount":1,"homeWorkCommuteMedian":7636,"workHomeCommuteMedian":-1},"geometry":{"type":"Polygon","coordinates":[[[27.223750070950608,58.141873325436485],[27.223750070950608,58.15086652907373],[27.232743274587854,58.15086652907373],[27.232743274587854,58.141873325436485],[27.223750070950608,58.141873325436485]]]}},{"type":"Feature","properties":{"jobs":0,"pop":22,"pointCount":1,"homeWorkCommuteMedian":44309,"workHomeCommuteMedian":-1},"geometry":{"type":"Polygon","coordinates":[[[27.223750070950608,58.52858108183806],[27.223750070950608,58.53757428547531],[27.232743274587854,58.53757428547531],[27.232743274587854,58.52858108183806],[27.223750070950608,58.52858108183806]]]}},{"type":"Feature","properties":{"jobs":0,"pop":11,"pointCount":1,"homeWorkCommuteMedian":13431,"workHomeCommuteMedian":-1},"geometry":{"type":"Polygon","coordinates":[[[27.232743274587854,57.90805003086809],[27.232743274587854,57.917043234505336],[27.2417364782251,57.917043234505336],[27.2417364782251,57.90805003086809],[27.232743274587854,57.90805003086809]]]}},{"type":"Feature","properties":{"jobs":0,"pop":6,"pointCount":1,"homeWorkCommuteMedian":26901,"workHomeCommuteMedian":-1},"geometry":{"type":"Polygon","coordinates":[[[27.232743274587854,57.92603643814258],[27.232743274587854,57.93502964177983],[27.2417364782251,57.93502964177983],[27.2417364782251,57.92603643814258],[27.232743274587854,57.92603643814258]]]}},{"type":"Feature","properties":{"jobs":0,"pop":8,"pointCount":1,"homeWorkCommuteMedian":23152,"workHomeCommuteMedian":-1},"geometry":{"type":"Polygon","coordinates":[[[27.232743274587854,57.944022845417074],[27.232743274587854,57.95301604905432],[27.2417364782251,57.95301604905432],[27.2417364782251,57.944022845417074],[27.232743274587854,57.944022845417074]]]}},{"type":"Feature","properties":{"jobs":0,"pop":5,"pointCount":1,"homeWorkCommuteMedian":25706,"workHomeCommuteMedian":-1},"geometry":{"type":"Polygon","coordinates":[[[27.232743274587854,58.186839343622715],[27.232743274587854,58.19583254725996],[27.2417364782251,58.19583254725996],[27.2417364782251,58.186839343622715],[27.232743274587854,58.186839343622715]]]}},{"type":"Feature","properties":{"jobs":35,"pop":12,"pointCount":4,"homeWorkCommuteMedian":45279,"workHomeCommuteMedian":43479},"geometry":{"type":"Polygon","coordinates":[[[27.232743274587854,58.48361506365183],[27.232743274587854,58.49260826728908],[27.2417364782251,58.49260826728908],[27.2417364782251,58.48361506365183],[27.232743274587854,58.48361506365183]]]}},{"type":"Feature","properties":{"jobs":6,"pop":15,"pointCount":2,"homeWorkCommuteMedian":16652,"workHomeCommuteMedian":78346},"geometry":{"type":"Polygon","coordinates":[[[27.232743274587854,58.49260826728908],[27.232743274587854,58.501601470926325],[27.2417364782251,58.501601470926325],[27.2417364782251,58.49260826728908],[27.232743274587854,58.49260826728908]]]}},{"type":"Feature","properties":{"jobs":0,"pop":17,"pointCount":1,"homeWorkCommuteMedian":43611,"workHomeCommuteMedian":-1},"geometry":{"type":"Polygon","coordinates":[[[27.232743274587854,58.51059467456357],[27.232743274587854,58.51958787820082],[27.2417364782251,58.51958787820082],[27.2417364782251,58.51059467456357],[27.232743274587854,58.51059467456357]]]}},{"type":"Feature","properties":{"jobs":4,"pop":13,"pointCount":3,"homeWorkCommuteMedian":13527,"workHomeCommuteMedian":21011},"geometry":{"type":"Polygon","coordinates":[[[27.232743274587854,58.51958787820082],[27.232743274587854,58.52858108183806],[27.2417364782251,58.52858108183806],[27.2417364782251,58.51958787820082],[27.232743274587854,58.51958787820082]]]}},{"type":"Feature","properties":{"jobs":2,"pop":0,"pointCount":1,"homeWorkCommuteMedian":-1,"workHomeCommuteMedian":1429},"geometry":{"type":"Polygon","coordinates":[[[27.2417364782251,57.962009252691566],[27.2417364782251,57.97100245632881],[27.250729681862346,57.97100245632881],[27.250729681862346,57.962009252691566],[27.2417364782251,57.962009252691566]]]}},{"type":"Feature","properties":{"jobs":1,"pop":0,"pointCount":1,"homeWorkCommuteMedian":-1,"workHomeCommuteMedian":9763},"geometry":{"type":"Polygon","coordinates":[[[27.2417364782251,57.99798206724055],[27.2417364782251,58.006975270877795],[27.250729681862346,58.006975270877795],[27.250729681862346,57.99798206724055],[27.2417364782251,57.99798206724055]]]}},{"type":"Feature","properties":{"jobs":3,"pop":0,"pointCount":1,"homeWorkCommuteMedian":-1,"workHomeCommuteMedian":60080},"geometry":{"type":"Polygon","coordinates":[[[27.2417364782251,58.02496167815229],[27.2417364782251,58.03395488178953],[27.250729681862346,58.03395488178953],[27.250729681862346,58.02496167815229],[27.2417364782251,58.02496167815229]]]}},{"type":"Feature","properties":{"jobs":0,"pop":10,"pointCount":1,"homeWorkCommuteMedian":50270,"workHomeCommuteMedian":-1},"geometry":{"type":"Polygon","coordinates":[[[27.2417364782251,58.12388691816199],[27.2417364782251,58.13288012179924],[27.250729681862346,58.13288012179924],[27.250729681862346,58.12388691816199],[27.2417364782251,58.12388691816199]]]}},{"type":"Feature","properties":{"jobs":0,"pop":7,"pointCount":1,"homeWorkCommuteMedian":32377,"workHomeCommuteMedian":-1},"geometry":{"type":"Polygon","coordinates":[[[27.2417364782251,58.13288012179924],[27.2417364782251,58.141873325436485],[27.250729681862346,58.141873325436485],[27.250729681862346,58.13288012179924],[27.2417364782251,58.13288012179924]]]}},{"type":"Feature","properties":{"jobs":0,"pop":12,"pointCount":1,"homeWorkCommuteMedian":43379,"workHomeCommuteMedian":-1},"geometry":{"type":"Polygon","coordinates":[[[27.2417364782251,58.186839343622715],[27.2417364782251,58.19583254725996],[27.250729681862346,58.19583254725996],[27.250729681862346,58.186839343622715],[27.2417364782251,58.186839343622715]]]}},{"type":"Feature","properties":{"jobs":0,"pop":8,"pointCount":1,"homeWorkCommuteMedian":17091,"workHomeCommuteMedian":-1},"geometry":{"type":"Polygon","coordinates":[[[27.2417364782251,58.47462186001459],[27.2417364782251,58.48361506365183],[27.250729681862346,58.48361506365183],[27.250729681862346,58.47462186001459],[27.2417364782251,58.47462186001459]]]}},{"type":"Feature","properties":{"jobs":0,"pop":10,"pointCount":1,"homeWorkCommuteMedian":22852,"workHomeCommuteMedian":-1},"geometry":{"type":"Polygon","coordinates":[[[27.250729681862346,57.9889888636033],[27.250729681862346,57.99798206724055],[27.259722885499592,57.99798206724055],[27.259722885499592,57.9889888636033],[27.250729681862346,57.9889888636033]]]}},{"type":"Feature","properties":{"jobs":0,"pop":3,"pointCount":1,"homeWorkCommuteMedian":3809,"workHomeCommuteMedian":-1},"geometry":{"type":"Polygon","coordinates":[[[27.250729681862346,58.02496167815229],[27.250729681862346,58.03395488178953],[27.259722885499592,58.03395488178953],[27.259722885499592,58.02496167815229],[27.250729681862346,58.02496167815229]]]}},{"type":"Feature","properties":{"jobs":0,"pop":7,"pointCount":1,"homeWorkCommuteMedian":14166,"workHomeCommuteMedian":-1},"geometry":{"type":"Polygon","coordinates":[[[27.250729681862346,58.06093449270127],[27.250729681862346,58.06992769633852],[27.259722885499592,58.06992769633852],[27.259722885499592,58.06093449270127],[27.250729681862346,58.06093449270127]]]}},{"type":"Feature","properties":{"jobs":30,"pop":0,"pointCount":1,"homeWorkCommuteMedian":-1,"workHomeCommuteMedian":10911},"geometry":{"type":"Polygon","coordinates":[[[27.250729681862346,58.07892089997576],[27.250729681862346,58.08791410361301],[27.259722885499592,58.08791410361301],[27.259722885499592,58.07892089997576],[27.250729681862346,58.07892089997576]]]}},{"type":"Feature","properties":{"jobs":6,"pop":11,"pointCount":2,"homeWorkCommuteMedian":54455,"workHomeCommuteMedian":12598},"geometry":{"type":"Polygon","coordinates":[[[27.250729681862346,58.141873325436485],[27.250729681862346,58.15086652907373],[27.259722885499592,58.15086652907373],[27.259722885499592,58.141873325436485],[27.250729681862346,58.141873325436485]]]}},{"type":"Feature","properties":{"jobs":17,"pop":0,"pointCount":2,"homeWorkCommuteMedian":-1,"workHomeCommuteMedian":42715},"geometry":{"type":"Polygon","coordinates":[[[27.250729681862346,58.20482575089721],[27.250729681862346,58.21381895453445],[27.259722885499592,58.21381895453445],[27.259722885499592,58.20482575089721],[27.250729681862346,58.20482575089721]]]}},{"type":"Feature","properties":{"jobs":1,"pop":10,"pointCount":1,"homeWorkCommuteMedian":6968,"workHomeCommuteMedian":66045},"geometry":{"type":"Polygon","coordinates":[[[27.259722885499592,57.962009252691566],[27.259722885499592,57.97100245632881],[27.268716089136838,57.97100245632881],[27.268716089136838,57.962009252691566],[27.259722885499592,57.962009252691566]]]}},{"type":"Feature","properties":{"jobs":0,"pop":12,"pointCount":1,"homeWorkCommuteMedian":58925,"workHomeCommuteMedian":-1},"geometry":{"type":"Polygon","coordinates":[[[27.259722885499592,57.99798206724055],[27.259722885499592,58.006975270877795],[27.268716089136838,58.006975270877795],[27.268716089136838,57.99798206724055],[27.259722885499592,57.99798206724055]]]}},{"type":"Feature","properties":{"jobs":0,"pop":11,"pointCount":1,"homeWorkCommuteMedian":57616,"workHomeCommuteMedian":-1},"geometry":{"type":"Polygon","coordinates":[[[27.259722885499592,58.11489371452475],[27.259722885499592,58.12388691816199],[27.268716089136838,58.12388691816199],[27.268716089136838,58.11489371452475],[27.259722885499592,58.11489371452475]]]}},{"type":"Feature","properties":{"jobs":4,"pop":0,"pointCount":1,"homeWorkCommuteMedian":-1,"workHomeCommuteMedian":20143},"geometry":{"type":"Polygon","coordinates":[[[27.259722885499592,58.16885293634822],[27.259722885499592,58.17784613998547],[27.268716089136838,58.17784613998547],[27.268716089136838,58.16885293634822],[27.259722885499592,58.16885293634822]]]}},{"type":"Feature","properties":{"jobs":0,"pop":19,"pointCount":1,"homeWorkCommuteMedian":20667,"workHomeCommuteMedian":-1},"geometry":{"type":"Polygon","coordinates":[[[27.259722885499592,58.19583254725996],[27.259722885499592,58.20482575089721],[27.268716089136838,58.20482575089721],[27.268716089136838,58.19583254725996],[27.259722885499592,58.19583254725996]]]}},{"type":"Feature","properties":{"jobs":23,"pop":12,"pointCount":2,"homeWorkCommuteMedian":42730,"workHomeCommuteMedian":38901},"geometry":{"type":"Polygon","coordinates":[[[27.259722885499592,58.20482575089721],[27.259722885499592,58.21381895453445],[27.268716089136838,58.21381895453445],[27.268716089136838,58.20482575089721],[27.259722885499592,58.20482575089721]]]}},{"type":"Feature","properties":{"jobs":0,"pop":6,"pointCount":1,"homeWorkCommuteMedian":15682,"workHomeCommuteMedian":-1},"geometry":{"type":"Polygon","coordinates":[[[27.259722885499592,58.26777817635793],[27.259722885499592,58.276771379995175],[27.268716089136838,58.276771379995175],[27.268716089136838,58.26777817635793],[27.259722885499592,58.26777817635793]]]}},{"type":"Feature","properties":{"jobs":2,"pop":8,"pointCount":2,"homeWorkCommuteMedian":7507,"workHomeCommuteMedian":6313},"geometry":{"type":"Polygon","coordinates":[[[27.268716089136838,57.97999565996606],[27.268716089136838,57.9889888636033],[27.277709292774084,57.9889888636033],[27.277709292774084,57.97999565996606],[27.268716089136838,57.97999565996606]]]}},{"type":"Feature","properties":{"jobs":9,"pop":0,"pointCount":1,"homeWorkCommuteMedian":-1,"workHomeCommuteMedian":20348},"geometry":{"type":"Polygon","coordinates":[[[27.268716089136838,58.12388691816199],[27.268716089136838,58.13288012179924],[27.277709292774084,58.13288012179924],[27.277709292774084,58.12388691816199],[27.268716089136838,58.12388691816199]]]}},{"type":"Feature","properties":{"jobs":0,"pop":6,"pointCount":1,"homeWorkCommuteMedian":26002,"workHomeCommuteMedian":-1},"geometry":{"type":"Polygon","coordinates":[[[27.268716089136838,58.13288012179924],[27.268716089136838,58.141873325436485],[27.277709292774084,58.141873325436485],[27.277709292774084,58.13288012179924],[27.268716089136838,58.13288012179924]]]}},{"type":"Feature","properties":{"jobs":22,"pop":4,"pointCount":2,"homeWorkCommuteMedian":8897,"workHomeCommuteMedian":32613},"geometry":{"type":"Polygon","coordinates":[[[27.268716089136838,58.141873325436485],[27.268716089136838,58.15086652907373],[27.277709292774084,58.15086652907373],[27.277709292774084,58.141873325436485],[27.268716089136838,58.141873325436485]]]}},{"type":"Feature","properties":{"jobs":0,"pop":12,"pointCount":1,"homeWorkCommuteMedian":44057,"workHomeCommuteMedian":-1},"geometry":{"type":"Polygon","coordinates":[[[27.268716089136838,58.19583254725996],[27.268716089136838,58.20482575089721],[27.277709292774084,58.20482575089721],[27.277709292774084,58.19583254725996],[27.268716089136838,58.19583254725996]]]}},{"type":"Feature","properties":{"jobs":3,"pop":0,"pointCount":1,"homeWorkCommuteMedian":-1,"workHomeCommuteMedian":63399},"geometry":{"type":"Polygon","coordinates":[[[27.277709292774084,57.99798206724055],[27.277709292774084,58.006975270877795],[27.28670249641133,58.006975270877795],[27.28670249641133,57.99798206724055],[27.277709292774084,57.99798206724055]]]}},{"type":"Feature","properties":{"jobs":0,"pop":8,"pointCount":1,"homeWorkCommuteMedian":25855,"workHomeCommuteMedian":-1},"geometry":{"type":"Polygon","coordinates":[[[27.277709292774084,58.06992769633852],[27.277709292774084,58.07892089997576],[27.28670249641133,58.07892089997576],[27.28670249641133,58.06992769633852],[27.277709292774084,58.06992769633852]]]}},{"type":"Feature","properties":{"jobs":0,"pop":32,"pointCount":1,"homeWorkCommuteMedian":43956,"workHomeCommuteMedian":-1},"geometry":{"type":"Polygon","coordinates":[[[27.277709292774084,58.20482575089721],[27.277709292774084,58.21381895453445],[27.28670249641133,58.21381895453445],[27.28670249641133,58.20482575089721],[27.277709292774084,58.20482575089721]]]}},{"type":"Feature","properties":{"jobs":2,"pop":11,"pointCount":2,"homeWorkCommuteMedian":53337,"workHomeCommuteMedian":34356},"geometry":{"type":"Polygon","coordinates":[[[27.277709292774084,58.321737398181405],[27.277709292774084,58.33073060181865],[27.28670249641133,58.33073060181865],[27.28670249641133,58.321737398181405],[27.277709292774084,58.321737398181405]]]}},{"type":"Feature","properties":{"jobs":0,"pop":11,"pointCount":1,"homeWorkCommuteMedian":66510,"workHomeCommuteMedian":-1},"geometry":{"type":"Polygon","coordinates":[[[27.28670249641133,58.006975270877795],[27.28670249641133,58.01596847451504],[27.295695700048576,58.01596847451504],[27.295695700048576,58.006975270877795],[27.28670249641133,58.006975270877795]]]}},{"type":"Feature","properties":{"jobs":0,"pop":19,"pointCount":1,"homeWorkCommuteMedian":72392,"workHomeCommuteMedian":-1},"geometry":{"type":"Polygon","coordinates":[[[27.28670249641133,58.03395488178953],[27.28670249641133,58.04294808542678],[27.295695700048576,58.04294808542678],[27.295695700048576,58.03395488178953],[27.28670249641133,58.03395488178953]]]}},{"type":"Feature","properties":{"jobs":54,"pop":28,"pointCount":4,"homeWorkCommuteMedian":12955,"workHomeCommuteMedian":62082},"geometry":{"type":"Polygon","coordinates":[[[27.28670249641133,58.04294808542678],[27.28670249641133,58.051941289064025],[27.295695700048576,58.051941289064025],[27.295695700048576,58.04294808542678],[27.28670249641133,58.04294808542678]]]}},{"type":"Feature","properties":{"jobs":1,"pop":0,"pointCount":1,"homeWorkCommuteMedian":-1,"workHomeCommuteMedian":26500},"geometry":{"type":"Polygon","coordinates":[[[27.28670249641133,58.24979176908344],[27.28670249641133,58.25878497272068],[27.295695700048576,58.25878497272068],[27.295695700048576,58.24979176908344],[27.28670249641133,58.24979176908344]]]}},{"type":"Feature","properties":{"jobs":0,"pop":10,"pointCount":1,"homeWorkCommuteMedian":45800,"workHomeCommuteMedian":-1},"geometry":{"type":"Polygon","coordinates":[[[27.28670249641133,58.28576458363242],[27.28670249641133,58.29475778726967],[27.295695700048576,58.29475778726967],[27.295695700048576,58.28576458363242],[27.28670249641133,58.28576458363242]]]}},{"type":"Feature","properties":{"jobs":0,"pop":4,"pointCount":1,"homeWorkCommuteMedian":6311,"workHomeCommuteMedian":-1},"geometry":{"type":"Polygon","coordinates":[[[27.295695700048576,58.006975270877795],[27.295695700048576,58.01596847451504],[27.304688903685822,58.01596847451504],[27.304688903685822,58.006975270877795],[27.295695700048576,58.006975270877795]]]}},{"type":"Feature","properties":{"jobs":0,"pop":15,"pointCount":1,"homeWorkCommuteMedian":64301,"workHomeCommuteMedian":-1},"geometry":{"type":"Polygon","coordinates":[[[27.295695700048576,58.02496167815229],[27.295695700048576,58.03395488178953],[27.304688903685822,58.03395488178953],[27.304688903685822,58.02496167815229],[27.295695700048576,58.02496167815229]]]}},{"type":"Feature","properties":{"jobs":0,"pop":33,"pointCount":2,"homeWorkCommuteMedian":54893,"workHomeCommuteMedian":-1},"geometry":{"type":"Polygon","coordinates":[[[27.295695700048576,58.03395488178953],[27.295695700048576,58.04294808542678],[27.304688903685822,58.04294808542678],[27.304688903685822,58.03395488178953],[27.295695700048576,58.03395488178953]]]}},{"type":"Feature","properties":{"jobs":0,"pop":6,"pointCount":1,"homeWorkCommuteMedian":12114,"workHomeCommuteMedian":-1},"geometry":{"type":"Polygon","coordinates":[[[27.295695700048576,58.06093449270127],[27.295695700048576,58.06992769633852],[27.304688903685822,58.06992769633852],[27.304688903685822,58.06093449270127],[27.295695700048576,58.06093449270127]]]}},{"type":"Feature","properties":{"jobs":0,"pop":7,"pointCount":1,"homeWorkCommuteMedian":28592,"workHomeCommuteMedian":-1},"geometry":{"type":"Polygon","coordinates":[[[27.295695700048576,58.24079856544619],[27.295695700048576,58.24979176908344],[27.304688903685822,58.24979176908344],[27.304688903685822,58.24079856544619],[27.295695700048576,58.24079856544619]]]}},{"type":"Feature","properties":{"jobs":8,"pop":0,"pointCount":1,"homeWorkCommuteMedian":-1,"workHomeCommuteMedian":70558},"geometry":{"type":"Polygon","coordinates":[[[27.295695700048576,58.26777817635793],[27.295695700048576,58.276771379995175],[27.304688903685822,58.276771379995175],[27.304688903685822,58.26777817635793],[27.295695700048576,58.26777817635793]]]}},{"type":"Feature","properties":{"jobs":0,"pop":5,"pointCount":1,"homeWorkCommuteMedian":7713,"workHomeCommuteMedian":-1},"geometry":{"type":"Polygon","coordinates":[[[27.304688903685822,58.006975270877795],[27.304688903685822,58.01596847451504],[27.313682107323068,58.01596847451504],[27.313682107323068,58.006975270877795],[27.304688903685822,58.006975270877795]]]}},{"type":"Feature","properties":{"jobs":3,"pop":0,"pointCount":1,"homeWorkCommuteMedian":-1,"workHomeCommuteMedian":2113},"geometry":{"type":"Polygon","coordinates":[[[27.304688903685822,58.02496167815229],[27.304688903685822,58.03395488178953],[27.313682107323068,58.03395488178953],[27.313682107323068,58.02496167815229],[27.304688903685822,58.02496167815229]]]}},{"type":"Feature","properties":{"jobs":13,"pop":12,"pointCount":3,"homeWorkCommuteMedian":18113,"workHomeCommuteMedian":69036},"geometry":{"type":"Polygon","coordinates":[[[27.304688903685822,58.06093449270127],[27.304688903685822,58.06992769633852],[27.313682107323068,58.06992769633852],[27.313682107323068,58.06093449270127],[27.304688903685822,58.06093449270127]]]}},{"type":"Feature","properties":{"jobs":13,"pop":11,"pointCount":2,"homeWorkCommuteMedian":43282,"workHomeCommuteMedian":36897},"geometry":{"type":"Polygon","coordinates":[[[27.304688903685822,58.25878497272068],[27.304688903685822,58.26777817635793],[27.313682107323068,58.26777817635793],[27.313682107323068,58.25878497272068],[27.304688903685822,58.25878497272068]]]}},{"type":"Feature","properties":{"jobs":5,"pop":0,"pointCount":1,"homeWorkCommuteMedian":-1,"workHomeCommuteMedian":28297},"geometry":{"type":"Polygon","coordinates":[[[27.304688903685822,58.26777817635793],[27.304688903685822,58.276771379995175],[27.313682107323068,58.276771379995175],[27.313682107323068,58.26777817635793],[27.304688903685822,58.26777817635793]]]}},{"type":"Feature","properties":{"jobs":76,"pop":0,"pointCount":1,"homeWorkCommuteMedian":-1,"workHomeCommuteMedian":71909},"geometry":{"type":"Polygon","coordinates":[[[27.313682107323068,57.93502964177983],[27.313682107323068,57.944022845417074],[27.322675310960314,57.944022845417074],[27.322675310960314,57.93502964177983],[27.313682107323068,57.93502964177983]]]}},{"type":"Feature","properties":{"jobs":0,"pop":7,"pointCount":1,"homeWorkCommuteMedian":15186,"workHomeCommuteMedian":-1},"geometry":{"type":"Polygon","coordinates":[[[27.313682107323068,57.97999565996606],[27.313682107323068,57.9889888636033],[27.322675310960314,57.9889888636033],[27.322675310960314,57.97999565996606],[27.313682107323068,57.97999565996606]]]}},{"type":"Feature","properties":{"jobs":0,"pop":5,"pointCount":1,"homeWorkCommuteMedian":10580,"workHomeCommuteMedian":-1},"geometry":{"type":"Polygon","coordinates":[[[27.313682107323068,58.096907307250255],[27.313682107323068,58.1059005108875],[27.322675310960314,58.1059005108875],[27.322675310960314,58.096907307250255],[27.313682107323068,58.096907307250255]]]}},{"type":"Feature","properties":{"jobs":7,"pop":0,"pointCount":1,"homeWorkCommuteMedian":-1,"workHomeCommuteMedian":23660},"geometry":{"type":"Polygon","coordinates":[[[27.313682107323068,58.19583254725996],[27.313682107323068,58.20482575089721],[27.322675310960314,58.20482575089721],[27.322675310960314,58.19583254725996],[27.313682107323068,58.19583254725996]]]}},{"type":"Feature","properties":{"jobs":2,"pop":0,"pointCount":1,"homeWorkCommuteMedian":-1,"workHomeCommuteMedian":49369},"geometry":{"type":"Polygon","coordinates":[[[27.313682107323068,58.2228121581717],[27.313682107323068,58.231805361808945],[27.322675310960314,58.231805361808945],[27.322675310960314,58.2228121581717],[27.313682107323068,58.2228121581717]]]}},{"type":"Feature","properties":{"jobs":14,"pop":0,"pointCount":1,"homeWorkCommuteMedian":-1,"workHomeCommuteMedian":30140},"geometry":{"type":"Polygon","coordinates":[[[27.313682107323068,58.25878497272068],[27.313682107323068,58.26777817635793],[27.322675310960314,58.26777817635793],[27.322675310960314,58.25878497272068],[27.313682107323068,58.25878497272068]]]}},{"type":"Feature","properties":{"jobs":8,"pop":0,"pointCount":1,"homeWorkCommuteMedian":-1,"workHomeCommuteMedian":71627},"geometry":{"type":"Polygon","coordinates":[[[27.322675310960314,57.97999565996606],[27.322675310960314,57.9889888636033],[27.33166851459756,57.9889888636033],[27.33166851459756,57.97999565996606],[27.322675310960314,57.97999565996606]]]}},{"type":"Feature","properties":{"jobs":26,"pop":20,"pointCount":3,"homeWorkCommuteMedian":72048,"workHomeCommuteMedian":13506},"geometry":{"type":"Polygon","coordinates":[[[27.322675310960314,57.9889888636033],[27.322675310960314,57.99798206724055],[27.33166851459756,57.99798206724055],[27.33166851459756,57.9889888636033],[27.322675310960314,57.9889888636033]]]}},{"type":"Feature","properties":{"jobs":0,"pop":1,"pointCount":1,"homeWorkCommuteMedian":11579,"workHomeCommuteMedian":-1},"geometry":{"type":"Polygon","coordinates":[[[27.322675310960314,58.006975270877795],[27.322675310960314,58.01596847451504],[27.33166851459756,58.01596847451504],[27.33166851459756,58.006975270877795],[27.322675310960314,58.006975270877795]]]}},{"type":"Feature","properties":{"jobs":0,"pop":5,"pointCount":1,"homeWorkCommuteMedian":10782,"workHomeCommuteMedian":-1},"geometry":{"type":"Polygon","coordinates":[[[27.322675310960314,58.07892089997576],[27.322675310960314,58.08791410361301],[27.33166851459756,58.08791410361301],[27.33166851459756,58.07892089997576],[27.322675310960314,58.07892089997576]]]}},{"type":"Feature","properties":{"jobs":0,"pop":4,"pointCount":1,"homeWorkCommuteMedian":21665,"workHomeCommuteMedian":-1},"geometry":{"type":"Polygon","coordinates":[[[27.322675310960314,58.231805361808945],[27.322675310960314,58.24079856544619],[27.33166851459756,58.24079856544619],[27.33166851459756,58.231805361808945],[27.322675310960314,58.231805361808945]]]}},{"type":"Feature","properties":{"jobs":55,"pop":19,"pointCount":5,"homeWorkCommuteMedian":2661,"workHomeCommuteMedian":72093},"geometry":{"type":"Polygon","coordinates":[[[27.33166851459756,57.9889888636033],[27.33166851459756,57.99798206724055],[27.340661718234806,57.99798206724055],[27.340661718234806,57.9889888636033],[27.33166851459756,57.9889888636033]]]}},{"type":"Feature","properties":{"jobs":0,"pop":6,"pointCount":1,"homeWorkCommuteMedian":15800,"workHomeCommuteMedian":-1},"geometry":{"type":"Polygon","coordinates":[[[27.33166851459756,57.99798206724055],[27.33166851459756,58.006975270877795],[27.340661718234806,58.006975270877795],[27.340661718234806,57.99798206724055],[27.33166851459756,57.99798206724055]]]}},{"type":"Feature","properties":{"jobs":1,"pop":0,"pointCount":1,"homeWorkCommuteMedian":-1,"workHomeCommuteMedian":12163},"geometry":{"type":"Polygon","coordinates":[[[27.33166851459756,58.01596847451504],[27.33166851459756,58.02496167815229],[27.340661718234806,58.02496167815229],[27.340661718234806,58.01596847451504],[27.33166851459756,58.01596847451504]]]}},{"type":"Feature","properties":{"jobs":0,"pop":32,"pointCount":3,"homeWorkCommuteMedian":16647,"workHomeCommuteMedian":-1},"geometry":{"type":"Polygon","coordinates":[[[27.33166851459756,58.07892089997576],[27.33166851459756,58.08791410361301],[27.340661718234806,58.08791410361301],[27.340661718234806,58.07892089997576],[27.33166851459756,58.07892089997576]]]}},{"type":"Feature","properties":{"jobs":31,"pop":8,"pointCount":2,"homeWorkCommuteMedian":11258,"workHomeCommuteMedian":14790},"geometry":{"type":"Polygon","coordinates":[[[27.33166851459756,58.08791410361301],[27.33166851459756,58.096907307250255],[27.340661718234806,58.096907307250255],[27.340661718234806,58.08791410361301],[27.33166851459756,58.08791410361301]]]}},{"type":"Feature","properties":{"jobs":0,"pop":10,"pointCount":1,"homeWorkCommuteMedian":12598,"workHomeCommuteMedian":-1},"geometry":{"type":"Polygon","coordinates":[[[27.33166851459756,58.11489371452475],[27.33166851459756,58.12388691816199],[27.340661718234806,58.12388691816199],[27.340661718234806,58.11489371452475],[27.33166851459756,58.11489371452475]]]}},{"type":"Feature","properties":{"jobs":0,"pop":4,"pointCount":1,"homeWorkCommuteMedian":37895,"workHomeCommuteMedian":-1},"geometry":{"type":"Polygon","coordinates":[[[27.340661718234806,57.944022845417074],[27.340661718234806,57.95301604905432],[27.34965492187205,57.95301604905432],[27.34965492187205,57.944022845417074],[27.340661718234806,57.944022845417074]]]}},{"type":"Feature","properties":{"jobs":0,"pop":13,"pointCount":1,"homeWorkCommuteMedian":1576,"workHomeCommuteMedian":-1},"geometry":{"type":"Polygon","coordinates":[[[27.340661718234806,57.97100245632881],[27.340661718234806,57.97999565996606],[27.34965492187205,57.97999565996606],[27.34965492187205,57.97100245632881],[27.340661718234806,57.97100245632881]]]}},{"type":"Feature","properties":{"jobs":41,"pop":0,"pointCount":2,"homeWorkCommuteMedian":-1,"workHomeCommuteMedian":16176},"geometry":{"type":"Polygon","coordinates":[[[27.340661718234806,57.9889888636033],[27.340661718234806,57.99798206724055],[27.34965492187205,57.99798206724055],[27.34965492187205,57.9889888636033],[27.340661718234806,57.9889888636033]]]}},{"type":"Feature","properties":{"jobs":11,"pop":33,"pointCount":4,"homeWorkCommuteMedian":67719,"workHomeCommuteMedian":68061},"geometry":{"type":"Polygon","coordinates":[[[27.340661718234806,57.99798206724055],[27.340661718234806,58.006975270877795],[27.34965492187205,58.006975270877795],[27.34965492187205,57.99798206724055],[27.340661718234806,57.99798206724055]]]}},{"type":"Feature","properties":{"jobs":0,"pop":35,"pointCount":3,"homeWorkCommuteMedian":20920,"workHomeCommuteMedian":-1},"geometry":{"type":"Polygon","coordinates":[[[27.340661718234806,58.006975270877795],[27.340661718234806,58.01596847451504],[27.34965492187205,58.01596847451504],[27.34965492187205,58.006975270877795],[27.340661718234806,58.006975270877795]]]}},{"type":"Feature","properties":{"jobs":0,"pop":15,"pointCount":1,"homeWorkCommuteMedian":54679,"workHomeCommuteMedian":-1},"geometry":{"type":"Polygon","coordinates":[[[27.340661718234806,58.08791410361301],[27.340661718234806,58.096907307250255],[27.34965492187205,58.096907307250255],[27.34965492187205,58.08791410361301],[27.340661718234806,58.08791410361301]]]}},{"type":"Feature","properties":{"jobs":3,"pop":0,"pointCount":1,"homeWorkCommuteMedian":-1,"workHomeCommuteMedian":8534},"geometry":{"type":"Polygon","coordinates":[[[27.340661718234806,58.1059005108875],[27.340661718234806,58.11489371452475],[27.34965492187205,58.11489371452475],[27.34965492187205,58.1059005108875],[27.340661718234806,58.1059005108875]]]}},{"type":"Feature","properties":{"jobs":9,"pop":0,"pointCount":1,"homeWorkCommuteMedian":-1,"workHomeCommuteMedian":88974},"geometry":{"type":"Polygon","coordinates":[[[27.34965492187205,57.95301604905432],[27.34965492187205,57.962009252691566],[27.358648125509298,57.962009252691566],[27.358648125509298,57.95301604905432],[27.34965492187205,57.95301604905432]]]}},{"type":"Feature","properties":{"jobs":6,"pop":0,"pointCount":1,"homeWorkCommuteMedian":-1,"workHomeCommuteMedian":1243},"geometry":{"type":"Polygon","coordinates":[[[27.34965492187205,57.97100245632881],[27.34965492187205,57.97999565996606],[27.358648125509298,57.97999565996606],[27.358648125509298,57.97100245632881],[27.34965492187205,57.97100245632881]]]}},{"type":"Feature","properties":{"jobs":5,"pop":0,"pointCount":1,"homeWorkCommuteMedian":-1,"workHomeCommuteMedian":1576},"geometry":{"type":"Polygon","coordinates":[[[27.34965492187205,57.9889888636033],[27.34965492187205,57.99798206724055],[27.358648125509298,57.99798206724055],[27.358648125509298,57.9889888636033],[27.34965492187205,57.9889888636033]]]}},{"type":"Feature","properties":{"jobs":13,"pop":62,"pointCount":3,"homeWorkCommuteMedian":70706,"workHomeCommuteMedian":7507},"geometry":{"type":"Polygon","coordinates":[[[27.34965492187205,57.99798206724055],[27.34965492187205,58.006975270877795],[27.358648125509298,58.006975270877795],[27.358648125509298,57.99798206724055],[27.34965492187205,57.99798206724055]]]}},{"type":"Feature","properties":{"jobs":13,"pop":77,"pointCount":5,"homeWorkCommuteMedian":66623,"workHomeCommuteMedian":11968},"geometry":{"type":"Polygon","coordinates":[[[27.34965492187205,58.006975270877795],[27.34965492187205,58.01596847451504],[27.358648125509298,58.01596847451504],[27.358648125509298,58.006975270877795],[27.34965492187205,58.006975270877795]]]}},{"type":"Feature","properties":{"jobs":0,"pop":7,"pointCount":1,"homeWorkCommuteMedian":45802,"workHomeCommuteMedian":-1},"geometry":{"type":"Polygon","coordinates":[[[27.34965492187205,58.04294808542678],[27.34965492187205,58.051941289064025],[27.358648125509298,58.051941289064025],[27.358648125509298,58.04294808542678],[27.34965492187205,58.04294808542678]]]}},{"type":"Feature","properties":{"jobs":0,"pop":6,"pointCount":1,"homeWorkCommuteMedian":9992,"workHomeCommuteMedian":-1},"geometry":{"type":"Polygon","coordinates":[[[27.34965492187205,58.11489371452475],[27.34965492187205,58.12388691816199],[27.358648125509298,58.12388691816199],[27.358648125509298,58.11489371452475],[27.34965492187205,58.11489371452475]]]}},{"type":"Feature","properties":{"jobs":1,"pop":0,"pointCount":1,"homeWorkCommuteMedian":-1,"workHomeCommuteMedian":51942},"geometry":{"type":"Polygon","coordinates":[[[27.34965492187205,58.25878497272068],[27.34965492187205,58.26777817635793],[27.358648125509298,58.26777817635793],[27.358648125509298,58.25878497272068],[27.34965492187205,58.25878497272068]]]}},{"type":"Feature","properties":{"jobs":0,"pop":3,"pointCount":1,"homeWorkCommuteMedian":15977,"workHomeCommuteMedian":-1},"geometry":{"type":"Polygon","coordinates":[[[27.34965492187205,58.26777817635793],[27.34965492187205,58.276771379995175],[27.358648125509298,58.276771379995175],[27.358648125509298,58.26777817635793],[27.34965492187205,58.26777817635793]]]}},{"type":"Feature","properties":{"jobs":2,"pop":3,"pointCount":1,"homeWorkCommuteMedian":36930,"workHomeCommuteMedian":65878},"geometry":{"type":"Polygon","coordinates":[[[27.34965492187205,58.38468982364213],[27.34965492187205,58.39368302727937],[27.358648125509298,58.39368302727937],[27.358648125509298,58.38468982364213],[27.34965492187205,58.38468982364213]]]}},{"type":"Feature","properties":{"jobs":0,"pop":10,"pointCount":1,"homeWorkCommuteMedian":10646,"workHomeCommuteMedian":-1},"geometry":{"type":"Polygon","coordinates":[[[27.358648125509298,57.97100245632881],[27.358648125509298,57.97999565996606],[27.367641329146544,57.97999565996606],[27.367641329146544,57.97100245632881],[27.358648125509298,57.97100245632881]]]}},{"type":"Feature","properties":{"jobs":0,"pop":6,"pointCount":1,"homeWorkCommuteMedian":19888,"workHomeCommuteMedian":-1},"geometry":{"type":"Polygon","coordinates":[[[27.358648125509298,57.97999565996606],[27.358648125509298,57.9889888636033],[27.367641329146544,57.9889888636033],[27.367641329146544,57.97999565996606],[27.358648125509298,57.97999565996606]]]}},{"type":"Feature","properties":{"jobs":0,"pop":7,"pointCount":1,"homeWorkCommuteMedian":5382,"workHomeCommuteMedian":-1},"geometry":{"type":"Polygon","coordinates":[[[27.358648125509298,57.9889888636033],[27.358648125509298,57.99798206724055],[27.367641329146544,57.99798206724055],[27.367641329146544,57.9889888636033],[27.358648125509298,57.9889888636033]]]}},{"type":"Feature","properties":{"jobs":5,"pop":0,"pointCount":1,"homeWorkCommuteMedian":-1,"workHomeCommuteMedian":5382},"geometry":{"type":"Polygon","coordinates":[[[27.358648125509298,57.99798206724055],[27.358648125509298,58.006975270877795],[27.367641329146544,58.006975270877795],[27.367641329146544,57.99798206724055],[27.358648125509298,57.99798206724055]]]}},{"type":"Feature","properties":{"jobs":0,"pop":7,"pointCount":1,"homeWorkCommuteMedian":23017,"workHomeCommuteMedian":-1},"geometry":{"type":"Polygon","coordinates":[[[27.358648125509298,58.02496167815229],[27.358648125509298,58.03395488178953],[27.367641329146544,58.03395488178953],[27.367641329146544,58.02496167815229],[27.358648125509298,58.02496167815229]]]}},{"type":"Feature","properties":{"jobs":0,"pop":7,"pointCount":1,"homeWorkCommuteMedian":12887,"workHomeCommuteMedian":-1},"geometry":{"type":"Polygon","coordinates":[[[27.358648125509298,58.03395488178953],[27.358648125509298,58.04294808542678],[27.367641329146544,58.04294808542678],[27.367641329146544,58.03395488178953],[27.358648125509298,58.03395488178953]]]}},{"type":"Feature","properties":{"jobs":5,"pop":7,"pointCount":2,"homeWorkCommuteMedian":17044,"workHomeCommuteMedian":16224},"geometry":{"type":"Polygon","coordinates":[[[27.358648125509298,58.06093449270127],[27.358648125509298,58.06992769633852],[27.367641329146544,58.06992769633852],[27.367641329146544,58.06093449270127],[27.358648125509298,58.06093449270127]]]}},{"type":"Feature","properties":{"jobs":10,"pop":6,"pointCount":2,"homeWorkCommuteMedian":52049,"workHomeCommuteMedian":65004},"geometry":{"type":"Polygon","coordinates":[[[27.358648125509298,58.38468982364213],[27.358648125509298,58.39368302727937],[27.367641329146544,58.39368302727937],[27.367641329146544,58.38468982364213],[27.358648125509298,58.38468982364213]]]}},{"type":"Feature","properties":{"jobs":0,"pop":12,"pointCount":1,"homeWorkCommuteMedian":70701,"workHomeCommuteMedian":-1},"geometry":{"type":"Polygon","coordinates":[[[27.367641329146544,58.006975270877795],[27.367641329146544,58.01596847451504],[27.37663453278379,58.01596847451504],[27.37663453278379,58.006975270877795],[27.367641329146544,58.006975270877795]]]}},{"type":"Feature","properties":{"jobs":13,"pop":0,"pointCount":2,"homeWorkCommuteMedian":-1,"workHomeCommuteMedian":19015},"geometry":{"type":"Polygon","coordinates":[[[27.367641329146544,58.01596847451504],[27.367641329146544,58.02496167815229],[27.37663453278379,58.02496167815229],[27.37663453278379,58.01596847451504],[27.367641329146544,58.01596847451504]]]}},{"type":"Feature","properties":{"jobs":0,"pop":6,"pointCount":1,"homeWorkCommuteMedian":5450,"workHomeCommuteMedian":-1},"geometry":{"type":"Polygon","coordinates":[[[27.367641329146544,58.02496167815229],[27.367641329146544,58.03395488178953],[27.37663453278379,58.03395488178953],[27.37663453278379,58.02496167815229],[27.367641329146544,58.02496167815229]]]}},{"type":"Feature","properties":{"jobs":4,"pop":0,"pointCount":1,"homeWorkCommuteMedian":-1,"workHomeCommuteMedian":8232},"geometry":{"type":"Polygon","coordinates":[[[27.367641329146544,58.07892089997576],[27.367641329146544,58.08791410361301],[27.37663453278379,58.08791410361301],[27.37663453278379,58.07892089997576],[27.367641329146544,58.07892089997576]]]}},{"type":"Feature","properties":{"jobs":0,"pop":7,"pointCount":1,"homeWorkCommuteMedian":4999,"workHomeCommuteMedian":-1},"geometry":{"type":"Polygon","coordinates":[[[27.367641329146544,58.096907307250255],[27.367641329146544,58.1059005108875],[27.37663453278379,58.1059005108875],[27.37663453278379,58.096907307250255],[27.367641329146544,58.096907307250255]]]}},{"type":"Feature","properties":{"jobs":0,"pop":7,"pointCount":1,"homeWorkCommuteMedian":44884,"workHomeCommuteMedian":-1},"geometry":{"type":"Polygon","coordinates":[[[27.367641329146544,58.141873325436485],[27.367641329146544,58.15086652907373],[27.37663453278379,58.15086652907373],[27.37663453278379,58.141873325436485],[27.367641329146544,58.141873325436485]]]}},{"type":"Feature","properties":{"jobs":5,"pop":0,"pointCount":1,"homeWorkCommuteMedian":-1,"workHomeCommuteMedian":13513},"geometry":{"type":"Polygon","coordinates":[[[27.367641329146544,58.15985973271098],[27.367641329146544,58.16885293634822],[27.37663453278379,58.16885293634822],[27.37663453278379,58.15985973271098],[27.367641329146544,58.15985973271098]]]}},{"type":"Feature","properties":{"jobs":0,"pop":13,"pointCount":1,"homeWorkCommuteMedian":25292,"workHomeCommuteMedian":-1},"geometry":{"type":"Polygon","coordinates":[[[27.37663453278379,57.97999565996606],[27.37663453278379,57.9889888636033],[27.385627736421036,57.9889888636033],[27.385627736421036,57.97999565996606],[27.37663453278379,57.97999565996606]]]}},{"type":"Feature","properties":{"jobs":0,"pop":6,"pointCount":1,"homeWorkCommuteMedian":14790,"workHomeCommuteMedian":-1},"geometry":{"type":"Polygon","coordinates":[[[27.37663453278379,57.9889888636033],[27.37663453278379,57.99798206724055],[27.385627736421036,57.99798206724055],[27.385627736421036,57.9889888636033],[27.37663453278379,57.9889888636033]]]}},{"type":"Feature","properties":{"jobs":0,"pop":5,"pointCount":1,"homeWorkCommuteMedian":51917,"workHomeCommuteMedian":-1},"geometry":{"type":"Polygon","coordinates":[[[27.37663453278379,58.01596847451504],[27.37663453278379,58.02496167815229],[27.385627736421036,58.02496167815229],[27.385627736421036,58.01596847451504],[27.37663453278379,58.01596847451504]]]}},{"type":"Feature","properties":{"jobs":0,"pop":7,"pointCount":1,"homeWorkCommuteMedian":9714,"workHomeCommuteMedian":-1},"geometry":{"type":"Polygon","coordinates":[[[27.37663453278379,58.02496167815229],[27.37663453278379,58.03395488178953],[27.385627736421036,58.03395488178953],[27.385627736421036,58.02496167815229],[27.37663453278379,58.02496167815229]]]}},{"type":"Feature","properties":{"jobs":1,"pop":0,"pointCount":1,"homeWorkCommuteMedian":-1,"workHomeCommuteMedian":65806},"geometry":{"type":"Polygon","coordinates":[[[27.37663453278379,58.04294808542678],[27.37663453278379,58.051941289064025],[27.385627736421036,58.051941289064025],[27.385627736421036,58.04294808542678],[27.37663453278379,58.04294808542678]]]}},{"type":"Feature","properties":{"jobs":0,"pop":13,"pointCount":1,"homeWorkCommuteMedian":66959,"workHomeCommuteMedian":-1},"geometry":{"type":"Polygon","coordinates":[[[27.37663453278379,58.06992769633852],[27.37663453278379,58.07892089997576],[27.385627736421036,58.07892089997576],[27.385627736421036,58.06992769633852],[27.37663453278379,58.06992769633852]]]}},{"type":"Feature","properties":{"jobs":0,"pop":6,"pointCount":1,"homeWorkCommuteMedian":48987,"workHomeCommuteMedian":-1},"geometry":{"type":"Polygon","coordinates":[[[27.37663453278379,58.096907307250255],[27.37663453278379,58.1059005108875],[27.385627736421036,58.1059005108875],[27.385627736421036,58.096907307250255],[27.37663453278379,58.096907307250255]]]}},{"type":"Feature","properties":{"jobs":0,"pop":7,"pointCount":1,"homeWorkCommuteMedian":33368,"workHomeCommuteMedian":-1},"geometry":{"type":"Polygon","coordinates":[[[27.37663453278379,58.2228121581717],[27.37663453278379,58.231805361808945],[27.385627736421036,58.231805361808945],[27.385627736421036,58.2228121581717],[27.37663453278379,58.2228121581717]]]}},{"type":"Feature","properties":{"jobs":3,"pop":0,"pointCount":1,"homeWorkCommuteMedian":-1,"workHomeCommuteMedian":90998},"geometry":{"type":"Polygon","coordinates":[[[27.385627736421036,57.9889888636033],[27.385627736421036,57.99798206724055],[27.39462094005828,57.99798206724055],[27.39462094005828,57.9889888636033],[27.385627736421036,57.9889888636033]]]}},{"type":"Feature","properties":{"jobs":0,"pop":10,"pointCount":1,"homeWorkCommuteMedian":62352,"workHomeCommuteMedian":-1},"geometry":{"type":"Polygon","coordinates":[[[27.385627736421036,58.03395488178953],[27.385627736421036,58.04294808542678],[27.39462094005828,58.04294808542678],[27.39462094005828,58.03395488178953],[27.385627736421036,58.03395488178953]]]}},{"type":"Feature","properties":{"jobs":0,"pop":7,"pointCount":1,"homeWorkCommuteMedian":7508,"workHomeCommuteMedian":-1},"geometry":{"type":"Polygon","coordinates":[[[27.385627736421036,58.06093449270127],[27.385627736421036,58.06992769633852],[27.39462094005828,58.06992769633852],[27.39462094005828,58.06093449270127],[27.385627736421036,58.06093449270127]]]}},{"type":"Feature","properties":{"jobs":31,"pop":6,"pointCount":3,"homeWorkCommuteMedian":8923,"workHomeCommuteMedian":11863},"geometry":{"type":"Polygon","coordinates":[[[27.385627736421036,58.1059005108875],[27.385627736421036,58.11489371452475],[27.39462094005828,58.11489371452475],[27.39462094005828,58.1059005108875],[27.385627736421036,58.1059005108875]]]}},{"type":"Feature","properties":{"jobs":10,"pop":21,"pointCount":3,"homeWorkCommuteMedian":58178,"workHomeCommuteMedian":16112},"geometry":{"type":"Polygon","coordinates":[[[27.385627736421036,58.13288012179924],[27.385627736421036,58.141873325436485],[27.39462094005828,58.141873325436485],[27.39462094005828,58.13288012179924],[27.385627736421036,58.13288012179924]]]}},{"type":"Feature","properties":{"jobs":0,"pop":5,"pointCount":1,"homeWorkCommuteMedian":9029,"workHomeCommuteMedian":-1},"geometry":{"type":"Polygon","coordinates":[[[27.385627736421036,58.15086652907373],[27.385627736421036,58.15985973271098],[27.39462094005828,58.15985973271098],[27.39462094005828,58.15086652907373],[27.385627736421036,58.15086652907373]]]}},{"type":"Feature","properties":{"jobs":0,"pop":5,"pointCount":1,"homeWorkCommuteMedian":5587,"workHomeCommuteMedian":-1},"geometry":{"type":"Polygon","coordinates":[[[27.385627736421036,58.15985973271098],[27.385627736421036,58.16885293634822],[27.39462094005828,58.16885293634822],[27.39462094005828,58.15985973271098],[27.385627736421036,58.15985973271098]]]}},{"type":"Feature","properties":{"jobs":19,"pop":0,"pointCount":2,"homeWorkCommuteMedian":-1,"workHomeCommuteMedian":53031},"geometry":{"type":"Polygon","coordinates":[[[27.385627736421036,58.2228121581717],[27.385627736421036,58.231805361808945],[27.39462094005828,58.231805361808945],[27.39462094005828,58.2228121581717],[27.385627736421036,58.2228121581717]]]}},{"type":"Feature","properties":{"jobs":0,"pop":17,"pointCount":1,"homeWorkCommuteMedian":57023,"workHomeCommuteMedian":-1},"geometry":{"type":"Polygon","coordinates":[[[27.385627736421036,58.231805361808945],[27.385627736421036,58.24079856544619],[27.39462094005828,58.24079856544619],[27.39462094005828,58.231805361808945],[27.385627736421036,58.231805361808945]]]}},{"type":"Feature","properties":{"jobs":5,"pop":5,"pointCount":2,"homeWorkCommuteMedian":10667,"workHomeCommuteMedian":11610},"geometry":{"type":"Polygon","coordinates":[[[27.39462094005828,58.01596847451504],[27.39462094005828,58.02496167815229],[27.403614143695528,58.02496167815229],[27.403614143695528,58.01596847451504],[27.39462094005828,58.01596847451504]]]}},{"type":"Feature","properties":{"jobs":8,"pop":0,"pointCount":1,"homeWorkCommuteMedian":-1,"workHomeCommuteMedian":64953},"geometry":{"type":"Polygon","coordinates":[[[27.39462094005828,58.03395488178953],[27.39462094005828,58.04294808542678],[27.403614143695528,58.04294808542678],[27.403614143695528,58.03395488178953],[27.39462094005828,58.03395488178953]]]}},{"type":"Feature","properties":{"jobs":0,"pop":16,"pointCount":2,"homeWorkCommuteMedian":12342,"workHomeCommuteMedian":-1},"geometry":{"type":"Polygon","coordinates":[[[27.39462094005828,58.16885293634822],[27.39462094005828,58.17784613998547],[27.403614143695528,58.17784613998547],[27.403614143695528,58.16885293634822],[27.39462094005828,58.16885293634822]]]}},{"type":"Feature","properties":{"jobs":0,"pop":5,"pointCount":1,"homeWorkCommuteMedian":6920,"workHomeCommuteMedian":-1},"geometry":{"type":"Polygon","coordinates":[[[27.403614143695528,58.141873325436485],[27.403614143695528,58.15086652907373],[27.412607347332774,58.15086652907373],[27.412607347332774,58.141873325436485],[27.403614143695528,58.141873325436485]]]}},{"type":"Feature","properties":{"jobs":17,"pop":0,"pointCount":1,"homeWorkCommuteMedian":-1,"workHomeCommuteMedian":10310},"geometry":{"type":"Polygon","coordinates":[[[27.403614143695528,58.16885293634822],[27.403614143695528,58.17784613998547],[27.412607347332774,58.17784613998547],[27.412607347332774,58.16885293634822],[27.403614143695528,58.16885293634822]]]}},{"type":"Feature","properties":{"jobs":0,"pop":5,"pointCount":1,"homeWorkCommuteMedian":16715,"workHomeCommuteMedian":-1},"geometry":{"type":"Polygon","coordinates":[[[27.403614143695528,58.2228121581717],[27.403614143695528,58.231805361808945],[27.412607347332774,58.231805361808945],[27.412607347332774,58.2228121581717],[27.403614143695528,58.2228121581717]]]}},{"type":"Feature","properties":{"jobs":16,"pop":6,"pointCount":1,"homeWorkCommuteMedian":30729,"workHomeCommuteMedian":59554},"geometry":{"type":"Polygon","coordinates":[[[27.403614143695528,58.33073060181865],[27.403614143695528,58.3397238054559],[27.412607347332774,58.3397238054559],[27.412607347332774,58.33073060181865],[27.403614143695528,58.33073060181865]]]}},{"type":"Feature","properties":{"jobs":12,"pop":8,"pointCount":1,"homeWorkCommuteMedian":4450,"workHomeCommuteMedian":2721},"geometry":{"type":"Polygon","coordinates":[[[27.412607347332774,58.06093449270127],[27.412607347332774,58.06992769633852],[27.42160055097002,58.06992769633852],[27.42160055097002,58.06093449270127],[27.412607347332774,58.06093449270127]]]}},{"type":"Feature","properties":{"jobs":0,"pop":28,"pointCount":2,"homeWorkCommuteMedian":14019,"workHomeCommuteMedian":-1},"geometry":{"type":"Polygon","coordinates":[[[27.412607347332774,58.06992769633852],[27.412607347332774,58.07892089997576],[27.42160055097002,58.07892089997576],[27.42160055097002,58.06992769633852],[27.412607347332774,58.06992769633852]]]}},{"type":"Feature","properties":{"jobs":0,"pop":8,"pointCount":1,"homeWorkCommuteMedian":4338,"workHomeCommuteMedian":-1},"geometry":{"type":"Polygon","coordinates":[[[27.412607347332774,58.07892089997576],[27.412607347332774,58.08791410361301],[27.42160055097002,58.08791410361301],[27.42160055097002,58.07892089997576],[27.412607347332774,58.07892089997576]]]}},{"type":"Feature","properties":{"jobs":0,"pop":16,"pointCount":2,"homeWorkCommuteMedian":69947,"workHomeCommuteMedian":-1},"geometry":{"type":"Polygon","coordinates":[[[27.412607347332774,58.08791410361301],[27.412607347332774,58.096907307250255],[27.42160055097002,58.096907307250255],[27.42160055097002,58.08791410361301],[27.412607347332774,58.08791410361301]]]}},{"type":"Feature","properties":{"jobs":16,"pop":0,"pointCount":1,"homeWorkCommuteMedian":-1,"workHomeCommuteMedian":56815},"geometry":{"type":"Polygon","coordinates":[[[27.412607347332774,58.13288012179924],[27.412607347332774,58.141873325436485],[27.42160055097002,58.141873325436485],[27.42160055097002,58.13288012179924],[27.412607347332774,58.13288012179924]]]}},{"type":"Feature","properties":{"jobs":7,"pop":12,"pointCount":2,"homeWorkCommuteMedian":57624,"workHomeCommuteMedian":48163},"geometry":{"type":"Polygon","coordinates":[[[27.412607347332774,58.276771379995175],[27.412607347332774,58.28576458363242],[27.42160055097002,58.28576458363242],[27.42160055097002,58.276771379995175],[27.412607347332774,58.276771379995175]]]}},{"type":"Feature","properties":{"jobs":37,"pop":7,"pointCount":1,"homeWorkCommuteMedian":3614,"workHomeCommuteMedian":6704},"geometry":{"type":"Polygon","coordinates":[[[27.42160055097002,58.08791410361301],[27.42160055097002,58.096907307250255],[27.430593754607266,58.096907307250255],[27.430593754607266,58.08791410361301],[27.42160055097002,58.08791410361301]]]}},{"type":"Feature","properties":{"jobs":0,"pop":7,"pointCount":1,"homeWorkCommuteMedian":4767,"workHomeCommuteMedian":-1},"geometry":{"type":"Polygon","coordinates":[[[27.42160055097002,58.12388691816199],[27.42160055097002,58.13288012179924],[27.430593754607266,58.13288012179924],[27.430593754607266,58.12388691816199],[27.42160055097002,58.12388691816199]]]}},{"type":"Feature","properties":{"jobs":0,"pop":9,"pointCount":1,"homeWorkCommuteMedian":5433,"workHomeCommuteMedian":-1},"geometry":{"type":"Polygon","coordinates":[[[27.42160055097002,58.13288012179924],[27.42160055097002,58.141873325436485],[27.430593754607266,58.141873325436485],[27.430593754607266,58.13288012179924],[27.42160055097002,58.13288012179924]]]}},{"type":"Feature","properties":{"jobs":0,"pop":9,"pointCount":1,"homeWorkCommuteMedian":29397,"workHomeCommuteMedian":-1},"geometry":{"type":"Polygon","coordinates":[[[27.42160055097002,58.141873325436485],[27.42160055097002,58.15086652907373],[27.430593754607266,58.15086652907373],[27.430593754607266,58.141873325436485],[27.42160055097002,58.141873325436485]]]}},{"type":"Feature","properties":{"jobs":0,"pop":9,"pointCount":1,"homeWorkCommuteMedian":5958,"workHomeCommuteMedian":-1},"geometry":{"type":"Polygon","coordinates":[[[27.42160055097002,58.2228121581717],[27.42160055097002,58.231805361808945],[27.430593754607266,58.231805361808945],[27.430593754607266,58.2228121581717],[27.42160055097002,58.2228121581717]]]}},{"type":"Feature","properties":{"jobs":27,"pop":16,"pointCount":4,"homeWorkCommuteMedian":12163,"workHomeCommuteMedian":63984},"geometry":{"type":"Polygon","coordinates":[[[27.430593754607266,58.08791410361301],[27.430593754607266,58.096907307250255],[27.43958695824451,58.096907307250255],[27.43958695824451,58.08791410361301],[27.430593754607266,58.08791410361301]]]}},{"type":"Feature","properties":{"jobs":0,"pop":11,"pointCount":2,"homeWorkCommuteMedian":6443,"workHomeCommuteMedian":-1},"geometry":{"type":"Polygon","coordinates":[[[27.430593754607266,58.096907307250255],[27.430593754607266,58.1059005108875],[27.43958695824451,58.1059005108875],[27.43958695824451,58.096907307250255],[27.430593754607266,58.096907307250255]]]}},{"type":"Feature","properties":{"jobs":36,"pop":7,"pointCount":2,"homeWorkCommuteMedian":2224,"workHomeCommuteMedian":13227},"geometry":{"type":"Polygon","coordinates":[[[27.430593754607266,58.11489371452475],[27.430593754607266,58.12388691816199],[27.43958695824451,58.12388691816199],[27.43958695824451,58.11489371452475],[27.430593754607266,58.11489371452475]]]}},{"type":"Feature","properties":{"jobs":0,"pop":10,"pointCount":1,"homeWorkCommuteMedian":60688,"workHomeCommuteMedian":-1},"geometry":{"type":"Polygon","coordinates":[[[27.430593754607266,58.12388691816199],[27.430593754607266,58.13288012179924],[27.43958695824451,58.13288012179924],[27.43958695824451,58.12388691816199],[27.430593754607266,58.12388691816199]]]}},{"type":"Feature","properties":{"jobs":0,"pop":5,"pointCount":1,"homeWorkCommuteMedian":6524,"workHomeCommuteMedian":-1},"geometry":{"type":"Polygon","coordinates":[[[27.430593754607266,58.13288012179924],[27.430593754607266,58.141873325436485],[27.43958695824451,58.141873325436485],[27.43958695824451,58.13288012179924],[27.430593754607266,58.13288012179924]]]}},{"type":"Feature","properties":{"jobs":11,"pop":8,"pointCount":2,"homeWorkCommuteMedian":6211,"workHomeCommuteMedian":57772},"geometry":{"type":"Polygon","coordinates":[[[27.430593754607266,58.141873325436485],[27.430593754607266,58.15086652907373],[27.43958695824451,58.15086652907373],[27.43958695824451,58.141873325436485],[27.430593754607266,58.141873325436485]]]}},{"type":"Feature","properties":{"jobs":9,"pop":0,"pointCount":1,"homeWorkCommuteMedian":-1,"workHomeCommuteMedian":59041},"geometry":{"type":"Polygon","coordinates":[[[27.430593754607266,58.16885293634822],[27.430593754607266,58.17784613998547],[27.43958695824451,58.17784613998547],[27.43958695824451,58.16885293634822],[27.430593754607266,58.16885293634822]]]}},{"type":"Feature","properties":{"jobs":0,"pop":7,"pointCount":1,"homeWorkCommuteMedian":12279,"workHomeCommuteMedian":-1},"geometry":{"type":"Polygon","coordinates":[[[27.430593754607266,58.17784613998547],[27.430593754607266,58.186839343622715],[27.43958695824451,58.186839343622715],[27.43958695824451,58.17784613998547],[27.430593754607266,58.17784613998547]]]}},{"type":"Feature","properties":{"jobs":0,"pop":6,"pointCount":1,"homeWorkCommuteMedian":37048,"workHomeCommuteMedian":-1},"geometry":{"type":"Polygon","coordinates":[[[27.430593754607266,58.186839343622715],[27.430593754607266,58.19583254725996],[27.43958695824451,58.19583254725996],[27.43958695824451,58.186839343622715],[27.430593754607266,58.186839343622715]]]}},{"type":"Feature","properties":{"jobs":8,"pop":0,"pointCount":1,"homeWorkCommuteMedian":-1,"workHomeCommuteMedian":41788},"geometry":{"type":"Polygon","coordinates":[[[27.430593754607266,58.21381895453445],[27.430593754607266,58.2228121581717],[27.43958695824451,58.2228121581717],[27.43958695824451,58.21381895453445],[27.430593754607266,58.21381895453445]]]}},{"type":"Feature","properties":{"jobs":0,"pop":12,"pointCount":1,"homeWorkCommuteMedian":52171,"workHomeCommuteMedian":-1},"geometry":{"type":"Polygon","coordinates":[[[27.430593754607266,58.2228121581717],[27.430593754607266,58.231805361808945],[27.43958695824451,58.231805361808945],[27.43958695824451,58.2228121581717],[27.430593754607266,58.2228121581717]]]}},{"type":"Feature","properties":{"jobs":0,"pop":6,"pointCount":1,"homeWorkCommuteMedian":11045,"workHomeCommuteMedian":-1},"geometry":{"type":"Polygon","coordinates":[[[27.430593754607266,58.231805361808945],[27.430593754607266,58.24079856544619],[27.43958695824451,58.24079856544619],[27.43958695824451,58.231805361808945],[27.430593754607266,58.231805361808945]]]}},{"type":"Feature","properties":{"jobs":0,"pop":6,"pointCount":1,"homeWorkCommuteMedian":13939,"workHomeCommuteMedian":-1},"geometry":{"type":"Polygon","coordinates":[[[27.43958695824451,58.006975270877795],[27.43958695824451,58.01596847451504],[27.448580161881758,58.01596847451504],[27.448580161881758,58.006975270877795],[27.43958695824451,58.006975270877795]]]}},{"type":"Feature","properties":{"jobs":4,"pop":0,"pointCount":1,"homeWorkCommuteMedian":-1,"workHomeCommuteMedian":68466},"geometry":{"type":"Polygon","coordinates":[[[27.43958695824451,58.01596847451504],[27.43958695824451,58.02496167815229],[27.448580161881758,58.02496167815229],[27.448580161881758,58.01596847451504],[27.43958695824451,58.01596847451504]]]}},{"type":"Feature","properties":{"jobs":0,"pop":8,"pointCount":1,"homeWorkCommuteMedian":1989,"workHomeCommuteMedian":-1},"geometry":{"type":"Polygon","coordinates":[[[27.43958695824451,58.07892089997576],[27.43958695824451,58.08791410361301],[27.448580161881758,58.08791410361301],[27.448580161881758,58.07892089997576],[27.43958695824451,58.07892089997576]]]}},{"type":"Feature","properties":{"jobs":658,"pop":22,"pointCount":7,"homeWorkCommuteMedian":8169,"workHomeCommuteMedian":29858},"geometry":{"type":"Polygon","coordinates":[[[27.43958695824451,58.08791410361301],[27.43958695824451,58.096907307250255],[27.448580161881758,58.096907307250255],[27.448580161881758,58.08791410361301],[27.43958695824451,58.08791410361301]]]}},{"type":"Feature","properties":{"jobs":0,"pop":72,"pointCount":6,"homeWorkCommuteMedian":4598,"workHomeCommuteMedian":-1},"geometry":{"type":"Polygon","coordinates":[[[27.43958695824451,58.096907307250255],[27.43958695824451,58.1059005108875],[27.448580161881758,58.1059005108875],[27.448580161881758,58.096907307250255],[27.43958695824451,58.096907307250255]]]}},{"type":"Feature","properties":{"jobs":0,"pop":21,"pointCount":2,"homeWorkCommuteMedian":2640,"workHomeCommuteMedian":-1},"geometry":{"type":"Polygon","coordinates":[[[27.43958695824451,58.1059005108875],[27.43958695824451,58.11489371452475],[27.448580161881758,58.11489371452475],[27.448580161881758,58.1059005108875],[27.43958695824451,58.1059005108875]]]}},{"type":"Feature","properties":{"jobs":25,"pop":28,"pointCount":4,"homeWorkCommuteMedian":19573,"workHomeCommuteMedian":5587},"geometry":{"type":"Polygon","coordinates":[[[27.43958695824451,58.141873325436485],[27.43958695824451,58.15086652907373],[27.448580161881758,58.15086652907373],[27.448580161881758,58.141873325436485],[27.43958695824451,58.141873325436485]]]}},{"type":"Feature","properties":{"jobs":8,"pop":15,"pointCount":1,"homeWorkCommuteMedian":11863,"workHomeCommuteMedian":5958},"geometry":{"type":"Polygon","coordinates":[[[27.43958695824451,58.17784613998547],[27.43958695824451,58.186839343622715],[27.448580161881758,58.186839343622715],[27.448580161881758,58.17784613998547],[27.43958695824451,58.17784613998547]]]}},{"type":"Feature","properties":{"jobs":5,"pop":0,"pointCount":1,"homeWorkCommuteMedian":-1,"workHomeCommuteMedian":57346},"geometry":{"type":"Polygon","coordinates":[[[27.43958695824451,58.231805361808945],[27.43958695824451,58.24079856544619],[27.448580161881758,58.24079856544619],[27.448580161881758,58.231805361808945],[27.43958695824451,58.231805361808945]]]}},{"type":"Feature","properties":{"jobs":177,"pop":210,"pointCount":10,"homeWorkCommuteMedian":21611,"workHomeCommuteMedian":6211},"geometry":{"type":"Polygon","coordinates":[[[27.448580161881758,58.08791410361301],[27.448580161881758,58.096907307250255],[27.457573365519004,58.096907307250255],[27.457573365519004,58.08791410361301],[27.448580161881758,58.08791410361301]]]}},{"type":"Feature","properties":{"jobs":63,"pop":88,"pointCount":7,"homeWorkCommuteMedian":15770,"workHomeCommuteMedian":13939},"geometry":{"type":"Polygon","coordinates":[[[27.448580161881758,58.096907307250255],[27.448580161881758,58.1059005108875],[27.457573365519004,58.1059005108875],[27.457573365519004,58.096907307250255],[27.448580161881758,58.096907307250255]]]}},{"type":"Feature","properties":{"jobs":10,"pop":42,"pointCount":3,"homeWorkCommuteMedian":35596,"workHomeCommuteMedian":30729},"geometry":{"type":"Polygon","coordinates":[[[27.448580161881758,58.1059005108875],[27.448580161881758,58.11489371452475],[27.457573365519004,58.11489371452475],[27.457573365519004,58.1059005108875],[27.448580161881758,58.1059005108875]]]}},{"type":"Feature","properties":{"jobs":0,"pop":13,"pointCount":1,"homeWorkCommuteMedian":16224,"workHomeCommuteMedian":-1},"geometry":{"type":"Polygon","coordinates":[[[27.448580161881758,58.141873325436485],[27.448580161881758,58.15086652907373],[27.457573365519004,58.15086652907373],[27.457573365519004,58.141873325436485],[27.448580161881758,58.141873325436485]]]}},{"type":"Feature","properties":{"jobs":0,"pop":13,"pointCount":1,"homeWorkCommuteMedian":19015,"workHomeCommuteMedian":-1},"geometry":{"type":"Polygon","coordinates":[[[27.448580161881758,58.15086652907373],[27.448580161881758,58.15985973271098],[27.457573365519004,58.15985973271098],[27.457573365519004,58.15086652907373],[27.448580161881758,58.15086652907373]]]}},{"type":"Feature","properties":{"jobs":0,"pop":13,"pointCount":1,"homeWorkCommuteMedian":9453,"workHomeCommuteMedian":-1},"geometry":{"type":"Polygon","coordinates":[[[27.448580161881758,58.16885293634822],[27.448580161881758,58.17784613998547],[27.457573365519004,58.17784613998547],[27.457573365519004,58.16885293634822],[27.448580161881758,58.16885293634822]]]}},{"type":"Feature","properties":{"jobs":0,"pop":6,"pointCount":1,"homeWorkCommuteMedian":17094,"workHomeCommuteMedian":-1},"geometry":{"type":"Polygon","coordinates":[[[27.448580161881758,58.231805361808945],[27.448580161881758,58.24079856544619],[27.457573365519004,58.24079856544619],[27.457573365519004,58.231805361808945],[27.448580161881758,58.231805361808945]]]}},{"type":"Feature","properties":{"jobs":0,"pop":9,"pointCount":1,"homeWorkCommuteMedian":22114,"workHomeCommuteMedian":-1},"geometry":{"type":"Polygon","coordinates":[[[27.448580161881758,58.24079856544619],[27.448580161881758,58.24979176908344],[27.457573365519004,58.24979176908344],[27.457573365519004,58.24079856544619],[27.448580161881758,58.24079856544619]]]}},{"type":"Feature","properties":{"jobs":0,"pop":7,"pointCount":1,"homeWorkCommuteMedian":18949,"workHomeCommuteMedian":-1},"geometry":{"type":"Polygon","coordinates":[[[27.448580161881758,58.24979176908344],[27.448580161881758,58.25878497272068],[27.457573365519004,58.25878497272068],[27.457573365519004,58.24979176908344],[27.448580161881758,58.24979176908344]]]}},{"type":"Feature","properties":{"jobs":100,"pop":254,"pointCount":12,"homeWorkCommuteMedian":57703,"workHomeCommuteMedian":4450},"geometry":{"type":"Polygon","coordinates":[[[27.457573365519004,58.08791410361301],[27.457573365519004,58.096907307250255],[27.46656656915625,58.096907307250255],[27.46656656915625,58.08791410361301],[27.457573365519004,58.08791410361301]]]}},{"type":"Feature","properties":{"jobs":83,"pop":182,"pointCount":9,"homeWorkCommuteMedian":17467,"workHomeCommuteMedian":6920},"geometry":{"type":"Polygon","coordinates":[[[27.457573365519004,58.096907307250255],[27.457573365519004,58.1059005108875],[27.46656656915625,58.1059005108875],[27.46656656915625,58.096907307250255],[27.457573365519004,58.096907307250255]]]}},{"type":"Feature","properties":{"jobs":35,"pop":24,"pointCount":3,"homeWorkCommuteMedian":1249,"workHomeCommuteMedian":10666},"geometry":{"type":"Polygon","coordinates":[[[27.457573365519004,58.1059005108875],[27.457573365519004,58.11489371452475],[27.46656656915625,58.11489371452475],[27.46656656915625,58.1059005108875],[27.457573365519004,58.1059005108875]]]}},{"type":"Feature","properties":{"jobs":0,"pop":33,"pointCount":1,"homeWorkCommuteMedian":30561,"workHomeCommuteMedian":-1},"geometry":{"type":"Polygon","coordinates":[[[27.457573365519004,58.11489371452475],[27.457573365519004,58.12388691816199],[27.46656656915625,58.12388691816199],[27.46656656915625,58.11489371452475],[27.457573365519004,58.11489371452475]]]}},{"type":"Feature","properties":{"jobs":58,"pop":15,"pointCount":3,"homeWorkCommuteMedian":7418,"workHomeCommuteMedian":12099},"geometry":{"type":"Polygon","coordinates":[[[27.457573365519004,58.15086652907373],[27.457573365519004,58.15985973271098],[27.46656656915625,58.15985973271098],[27.46656656915625,58.15086652907373],[27.457573365519004,58.15086652907373]]]}},{"type":"Feature","properties":{"jobs":18,"pop":0,"pointCount":1,"homeWorkCommuteMedian":-1,"workHomeCommuteMedian":54312},"geometry":{"type":"Polygon","coordinates":[[[27.457573365519004,58.231805361808945],[27.457573365519004,58.24079856544619],[27.46656656915625,58.24079856544619],[27.46656656915625,58.231805361808945],[27.457573365519004,58.231805361808945]]]}},{"type":"Feature","properties":{"jobs":8,"pop":0,"pointCount":1,"homeWorkCommuteMedian":-1,"workHomeCommuteMedian":70342},"geometry":{"type":"Polygon","coordinates":[[[27.46656656915625,58.02496167815229],[27.46656656915625,58.03395488178953],[27.475559772793495,58.03395488178953],[27.475559772793495,58.02496167815229],[27.46656656915625,58.02496167815229]]]}},{"type":"Feature","properties":{"jobs":0,"pop":3,"pointCount":1,"homeWorkCommuteMedian":9127,"workHomeCommuteMedian":-1},"geometry":{"type":"Polygon","coordinates":[[[27.46656656915625,58.03395488178953],[27.46656656915625,58.04294808542678],[27.475559772793495,58.04294808542678],[27.475559772793495,58.03395488178953],[27.46656656915625,58.03395488178953]]]}},{"type":"Feature","properties":{"jobs":0,"pop":8,"pointCount":1,"homeWorkCommuteMedian":8232,"workHomeCommuteMedian":-1},"geometry":{"type":"Polygon","coordinates":[[[27.46656656915625,58.07892089997576],[27.46656656915625,58.08791410361301],[27.475559772793495,58.08791410361301],[27.475559772793495,58.07892089997576],[27.46656656915625,58.07892089997576]]]}},{"type":"Feature","properties":{"jobs":117,"pop":151,"pointCount":11,"homeWorkCommuteMedian":23898,"workHomeCommuteMedian":4298},"geometry":{"type":"Polygon","coordinates":[[[27.46656656915625,58.08791410361301],[27.46656656915625,58.096907307250255],[27.475559772793495,58.096907307250255],[27.475559772793495,58.08791410361301],[27.46656656915625,58.08791410361301]]]}},{"type":"Feature","properties":{"jobs":8,"pop":106,"pointCount":8,"homeWorkCommuteMedian":9137,"workHomeCommuteMedian":71382},"geometry":{"type":"Polygon","coordinates":[[[27.46656656915625,58.096907307250255],[27.46656656915625,58.1059005108875],[27.475559772793495,58.1059005108875],[27.475559772793495,58.096907307250255],[27.46656656915625,58.096907307250255]]]}},{"type":"Feature","properties":{"jobs":0,"pop":8,"pointCount":1,"homeWorkCommuteMedian":4896,"workHomeCommuteMedian":-1},"geometry":{"type":"Polygon","coordinates":[[[27.46656656915625,58.12388691816199],[27.46656656915625,58.13288012179924],[27.475559772793495,58.13288012179924],[27.475559772793495,58.12388691816199],[27.46656656915625,58.12388691816199]]]}},{"type":"Feature","properties":{"jobs":7,"pop":15,"pointCount":2,"homeWorkCommuteMedian":5751,"workHomeCommuteMedian":4817},"geometry":{"type":"Polygon","coordinates":[[[27.46656656915625,58.13288012179924],[27.46656656915625,58.141873325436485],[27.475559772793495,58.141873325436485],[27.475559772793495,58.13288012179924],[27.46656656915625,58.13288012179924]]]}},{"type":"Feature","properties":{"jobs":0,"pop":5,"pointCount":1,"homeWorkCommuteMedian":91360,"workHomeCommuteMedian":-1},"geometry":{"type":"Polygon","coordinates":[[[27.46656656915625,58.141873325436485],[27.46656656915625,58.15086652907373],[27.475559772793495,58.15086652907373],[27.475559772793495,58.141873325436485],[27.46656656915625,58.141873325436485]]]}},{"type":"Feature","properties":{"jobs":0,"pop":6,"pointCount":1,"homeWorkCommuteMedian":18419,"workHomeCommuteMedian":-1},"geometry":{"type":"Polygon","coordinates":[[[27.46656656915625,58.2228121581717],[27.46656656915625,58.231805361808945],[27.475559772793495,58.231805361808945],[27.475559772793495,58.2228121581717],[27.46656656915625,58.2228121581717]]]}},{"type":"Feature","properties":{"jobs":27,"pop":114,"pointCount":9,"homeWorkCommuteMedian":41514,"workHomeCommuteMedian":9453},"geometry":{"type":"Polygon","coordinates":[[[27.46656656915625,58.231805361808945],[27.46656656915625,58.24079856544619],[27.475559772793495,58.24079856544619],[27.475559772793495,58.231805361808945],[27.46656656915625,58.231805361808945]]]}},{"type":"Feature","properties":{"jobs":84,"pop":14,"pointCount":5,"homeWorkCommuteMedian":27172,"workHomeCommuteMedian":9127},"geometry":{"type":"Polygon","coordinates":[[[27.475559772793495,58.08791410361301],[27.475559772793495,58.096907307250255],[27.48455297643074,58.096907307250255],[27.48455297643074,58.08791410361301],[27.475559772793495,58.08791410361301]]]}},{"type":"Feature","properties":{"jobs":0,"pop":12,"pointCount":1,"homeWorkCommuteMedian":63767,"workHomeCommuteMedian":-1},"geometry":{"type":"Polygon","coordinates":[[[27.475559772793495,58.096907307250255],[27.475559772793495,58.1059005108875],[27.48455297643074,58.1059005108875],[27.48455297643074,58.096907307250255],[27.475559772793495,58.096907307250255]]]}},{"type":"Feature","properties":{"jobs":0,"pop":5,"pointCount":1,"homeWorkCommuteMedian":3162,"workHomeCommuteMedian":-1},"geometry":{"type":"Polygon","coordinates":[[[27.475559772793495,58.12388691816199],[27.475559772793495,58.13288012179924],[27.48455297643074,58.13288012179924],[27.48455297643074,58.12388691816199],[27.475559772793495,58.12388691816199]]]}},{"type":"Feature","properties":{"jobs":8,"pop":0,"pointCount":1,"homeWorkCommuteMedian":-1,"workHomeCommuteMedian":19118},"geometry":{"type":"Polygon","coordinates":[[[27.475559772793495,58.231805361808945],[27.475559772793495,58.24079856544619],[27.48455297643074,58.24079856544619],[27.48455297643074,58.231805361808945],[27.475559772793495,58.231805361808945]]]}},{"type":"Feature","properties":{"jobs":48,"pop":28,"pointCount":4,"homeWorkCommuteMedian":69491,"workHomeCommuteMedian":17447},"geometry":{"type":"Polygon","coordinates":[[[27.48455297643074,58.07892089997576],[27.48455297643074,58.08791410361301],[27.493546180067987,58.08791410361301],[27.493546180067987,58.07892089997576],[27.48455297643074,58.07892089997576]]]}},{"type":"Feature","properties":{"jobs":13,"pop":8,"pointCount":2,"homeWorkCommuteMedian":4971,"workHomeCommuteMedian":73709},"geometry":{"type":"Polygon","coordinates":[[[27.48455297643074,58.08791410361301],[27.48455297643074,58.096907307250255],[27.493546180067987,58.096907307250255],[27.493546180067987,58.08791410361301],[27.48455297643074,58.08791410361301]]]}},{"type":"Feature","properties":{"jobs":8,"pop":30,"pointCount":2,"homeWorkCommuteMedian":23828,"workHomeCommuteMedian":19888},"geometry":{"type":"Polygon","coordinates":[[[27.48455297643074,58.096907307250255],[27.48455297643074,58.1059005108875],[27.493546180067987,58.1059005108875],[27.493546180067987,58.096907307250255],[27.48455297643074,58.096907307250255]]]}},{"type":"Feature","properties":{"jobs":19,"pop":5,"pointCount":2,"homeWorkCommuteMedian":7804,"workHomeCommuteMedian":22114},"geometry":{"type":"Polygon","coordinates":[[[27.493546180067987,58.06093449270127],[27.493546180067987,58.06992769633852],[27.502539383705233,58.06992769633852],[27.502539383705233,58.06093449270127],[27.493546180067987,58.06093449270127]]]}},{"type":"Feature","properties":{"jobs":20,"pop":25,"pointCount":2,"homeWorkCommuteMedian":75007,"workHomeCommuteMedian":66468},"geometry":{"type":"Polygon","coordinates":[[[27.493546180067987,58.07892089997576],[27.493546180067987,58.08791410361301],[27.502539383705233,58.08791410361301],[27.502539383705233,58.07892089997576],[27.493546180067987,58.07892089997576]]]}},{"type":"Feature","properties":{"jobs":0,"pop":15,"pointCount":1,"homeWorkCommuteMedian":11607,"workHomeCommuteMedian":-1},"geometry":{"type":"Polygon","coordinates":[[[27.493546180067987,58.096907307250255],[27.493546180067987,58.1059005108875],[27.502539383705233,58.1059005108875],[27.502539383705233,58.096907307250255],[27.493546180067987,58.096907307250255]]]}},{"type":"Feature","properties":{"jobs":0,"pop":11,"pointCount":1,"homeWorkCommuteMedian":76442,"workHomeCommuteMedian":-1},"geometry":{"type":"Polygon","coordinates":[[[27.502539383705233,58.06992769633852],[27.502539383705233,58.07892089997576],[27.51153258734248,58.07892089997576],[27.51153258734248,58.06992769633852],[27.502539383705233,58.06992769633852]]]}},{"type":"Feature","properties":{"jobs":5,"pop":8,"pointCount":1,"homeWorkCommuteMedian":3773,"workHomeCommuteMedian":7804},"geometry":{"type":"Polygon","coordinates":[[[27.502539383705233,58.07892089997576],[27.502539383705233,58.08791410361301],[27.51153258734248,58.08791410361301],[27.51153258734248,58.07892089997576],[27.502539383705233,58.07892089997576]]]}},{"type":"Feature","properties":{"jobs":45,"pop":0,"pointCount":2,"homeWorkCommuteMedian":-1,"workHomeCommuteMedian":4450},"geometry":{"type":"Polygon","coordinates":[[[27.51153258734248,58.096907307250255],[27.51153258734248,58.1059005108875],[27.520525790979725,58.1059005108875],[27.520525790979725,58.096907307250255],[27.51153258734248,58.096907307250255]]]}},{"type":"Feature","properties":{"jobs":23,"pop":15,"pointCount":3,"homeWorkCommuteMedian":91625,"workHomeCommuteMedian":79281},"geometry":{"type":"Polygon","coordinates":[[[27.51153258734248,58.37569662000488],[27.51153258734248,58.38468982364213],[27.520525790979725,58.38468982364213],[27.520525790979725,58.37569662000488],[27.51153258734248,58.37569662000488]]]}},{"type":"Feature","properties":{"jobs":0,"pop":3,"pointCount":1,"homeWorkCommuteMedian":984,"workHomeCommuteMedian":-1},"geometry":{"type":"Polygon","coordinates":[[[27.520525790979725,58.366703416367635],[27.520525790979725,58.37569662000488],[27.52951899461697,58.37569662000488],[27.52951899461697,58.366703416367635],[27.520525790979725,58.366703416367635]]]}},{"type":"Feature","properties":{"jobs":10,"pop":15,"pointCount":2,"homeWorkCommuteMedian":7584,"workHomeCommuteMedian":87402},"geometry":{"type":"Polygon","coordinates":[[[27.52951899461697,58.07892089997576],[27.52951899461697,58.08791410361301],[27.538512198254217,58.08791410361301],[27.538512198254217,58.07892089997576],[27.52951899461697,58.07892089997576]]]}}],"properties":{"residentWeightedNearestNeighborKm":{"p10":0.09669254075885932,"p25":0.11303353654516071,"p50":0.1344278372440516,"p75":0.1722863986249123,"p90":0.33878607638860625,"mean":0.19761464086712274},"workerWeightedNearestNeighborKm":{"p10":0.08369435163096901,"p25":0.10022605286537538,"p50":0.11999815252901141,"p75":0.14927986131006615,"p90":0.23004831805381362,"mean":0.15590848027940207},"commuteDistanceKm":{"p10":1808,"p25":3367,"p50":7141,"p75":21960,"p90":45018,"mean":15651.881726047435},"residentCellDensity":{"p10":5,"p25":7,"p50":11,"p75":20,"p90":73,"mean":57.471641791044775},"workerCellDensity":{"p10":4,"p25":7,"p50":14,"p75":38,"p90":126,"mean":101.56854130052724},"detail":{"radiusKm":0.127008236417001,"expectedPointSpacingKm":0.6650777567815486,"normalizedRadius":0.19096749984786837,"activityPerPoint":20.766259432267336,"playableAreaKm2":4720,"playableAreaPerPointKm2":0.8480057491915199,"playableCatchmentRadiusKm":0.5195465460460236,"localityScore":1,"deaggregationScore":1,"score":1},"polycentrism":{"activity":{"score":0,"continuousScore":0.16027315029018877,"detectedCenterCount":1,"effectiveCenterCount":1,"largestCenterShare":1,"bandwidthKm":1.3,"reliabilityScore":1,"supportLevel":"high","usedFallback":false,"topCenters":[{"longitude":26.732816090292744,"latitude":58.33132263995334,"massShare":1,"assignedMass":231170,"assignedPointCount":5566,"prominenceRatio":1}],"debug":{"rawPeakCount":167,"mergedPeakCount":114,"filteredPeakCount":1,"prominenceThreshold":0.22,"minPointsPerCenter":10,"rejectedCenters":[{"longitude":27.06479220950146,"latitude":58.05676743377985,"massShare":0.031323268590214996,"assignedMass":7241,"assignedPointCount":276,"prominenceRatio":1,"strongestCompetitorDistanceKm":40.69129192880869,"strongestCompetitorPotential":65312.09305311669,"localConsolidatedShare":0.031323268590214996,"localConsolidatedMass":7241,"localContributorCount":1,"localContributorDistancesKm":[],"rejectionReasons":["below_secondary_share_floor"]},{"longitude":26.41396942309648,"latitude":58.224945022553825,"massShare":0.025509365402085045,"assignedMass":5897,"assignedPointCount":263,"prominenceRatio":1,"strongestCompetitorDistanceKm":24.707641513547095,"strongestCompetitorPotential":65312.09305311669,"localConsolidatedShare":0.025509365402085045,"localConsolidatedMass":5897,"localContributorCount":1,"localContributorDistancesKm":[],"rejectionReasons":["below_secondary_share_floor"]},{"longitude":27.459209165330044,"latitude":58.09594911412712,"massShare":0.014024311113033698,"assignedMass":3242,"assignedPointCount":135,"prominenceRatio":1,"strongestCompetitorDistanceKm":53.00496962957722,"strongestCompetitorPotential":null,"localConsolidatedShare":0.014024311113033698,"localConsolidatedMass":3242,"localContributorCount":1,"localContributorDistancesKm":[],"rejectionReasons":["below_secondary_share_floor"]},{"longitude":26.49107733596161,"latitude":58.05634725711349,"massShare":0.012618419345070728,"assignedMass":2917,"assignedPointCount":136,"prominenceRatio":1,"strongestCompetitorDistanceKm":37.80736089687785,"strongestCompetitorPotential":65312.09305311669,"localConsolidatedShare":0.012618419345070728,"localConsolidatedMass":2917,"localContributorCount":1,"localContributorDistancesKm":[],"rejectionReasons":["below_secondary_share_floor"]},{"longitude":26.534603152448916,"latitude":58.27703897178073,"massShare":0.013336505601937968,"assignedMass":3083,"assignedPointCount":183,"prominenceRatio":1,"strongestCompetitorDistanceKm":15.526753340509517,"strongestCompetitorPotential":65312.09305311669,"localConsolidatedShare":0.013336505601937968,"localConsolidatedMass":3083,"localContributorCount":1,"localContributorDistancesKm":[],"rejectionReasons":["below_secondary_share_floor"]},{"longitude":26.873911908906877,"latitude":58.359739219635635,"massShare":0.008547821949214864,"assignedMass":1976,"assignedPointCount":101,"prominenceRatio":0.9999999998974463,"strongestCompetitorDistanceKm":9.582982016375984,"strongestCompetitorPotential":65312.09305311669,"localConsolidatedShare":0.008547821949214864,"localConsolidatedMass":1976,"localContributorCount":1,"localContributorDistancesKm":[],"rejectionReasons":["below_secondary_share_floor"]},{"longitude":26.240883616336635,"latitude":58.14443653795378,"massShare":0.005242894839295757,"assignedMass":1212,"assignedPointCount":71,"prominenceRatio":1,"strongestCompetitorDistanceKm":37.710755112744295,"strongestCompetitorPotential":65312.09305311669,"localConsolidatedShare":0.005242894839295757,"localConsolidatedMass":1212,"localContributorCount":1,"localContributorDistancesKm":[],"rejectionReasons":["below_secondary_share_floor"]},{"longitude":26.588204563607082,"latitude":58.55518667713367,"massShare":0.0053726694640308,"assignedMass":1242,"assignedPointCount":73,"prominenceRatio":1,"strongestCompetitorDistanceKm":20.932021468598197,"strongestCompetitorPotential":65312.09305311669,"localConsolidatedShare":0.0053726694640308,"localConsolidatedMass":1242,"localContributorCount":1,"localContributorDistancesKm":[],"rejectionReasons":["below_secondary_share_floor"]},{"longitude":26.57724266027398,"latitude":58.384587693835634,"massShare":0.006315698403772115,"assignedMass":1460,"assignedPointCount":67,"prominenceRatio":0.9999999997173767,"strongestCompetitorDistanceKm":9.448275341893554,"strongestCompetitorPotential":65312.09305311669,"localConsolidatedShare":0.006315698403772115,"localConsolidatedMass":1460,"localContributorCount":1,"localContributorDistancesKm":[],"rejectionReasons":["below_secondary_share_floor"]},{"longitude":26.318148769158878,"latitude":58.333620539252315,"massShare":0.0046286282822165506,"assignedMass":1070,"assignedPointCount":68,"prominenceRatio":1,"strongestCompetitorDistanceKm":24.300269920698415,"strongestCompetitorPotential":65312.09305311669,"localConsolidatedShare":0.0046286282822165506,"localConsolidatedMass":1070,"localContributorCount":1,"localContributorDistancesKm":[],"rejectionReasons":["below_secondary_share_floor"]},{"longitude":26.70169989656731,"latitude":58.261018528003625,"massShare":0.009577367305446208,"assignedMass":2214,"assignedPointCount":113,"prominenceRatio":1,"strongestCompetitorDistanceKm":15.613943436520653,"strongestCompetitorPotential":65312.09305311669,"localConsolidatedShare":0.009577367305446208,"localConsolidatedMass":2214,"localContributorCount":1,"localContributorDistancesKm":[],"rejectionReasons":["below_secondary_share_floor"]},{"longitude":26.681161027061854,"latitude":58.491233518041234,"massShare":0.0033568369598131246,"assignedMass":776,"assignedPointCount":47,"prominenceRatio":1,"strongestCompetitorDistanceKm":13.385352787616734,"strongestCompetitorPotential":65312.09305311669,"localConsolidatedShare":0.0033568369598131246,"localConsolidatedMass":776,"localContributorCount":1,"localContributorDistancesKm":[],"rejectionReasons":["below_secondary_share_floor"]},{"longitude":26.66336334790366,"latitude":58.455830423728834,"massShare":0.0048492451442661245,"assignedMass":1121,"assignedPointCount":82,"prominenceRatio":0.9999999999903072,"strongestCompetitorDistanceKm":10.09667880559279,"strongestCompetitorPotential":65312.09305311669,"localConsolidatedShare":0.0048492451442661245,"localConsolidatedMass":1121,"localContributorCount":1,"localContributorDistancesKm":[],"rejectionReasons":["below_secondary_share_floor"]},{"longitude":26.68467988645691,"latitude":58.52564850205199,"massShare":0.0031621750227105593,"assignedMass":731,"assignedPointCount":55,"prominenceRatio":1,"strongestCompetitorDistanceKm":16.306791857389673,"strongestCompetitorPotential":65312.09305311669,"localConsolidatedShare":0.0031621750227105593,"localConsolidatedMass":731,"localContributorCount":1,"localContributorDistancesKm":[],"rejectionReasons":["below_secondary_share_floor"]},{"longitude":26.76233356993464,"latitude":57.988524667973856,"massShare":0.0033092529307436084,"assignedMass":765,"assignedPointCount":55,"prominenceRatio":1,"strongestCompetitorDistanceKm":43.18834582876897,"strongestCompetitorPotential":65312.09305311669,"localConsolidatedShare":0.0033092529307436084,"localConsolidatedMass":765,"localContributorCount":1,"localContributorDistancesKm":[],"rejectionReasons":["below_secondary_share_floor"]},{"longitude":26.847279939393935,"latitude":58.30655563965738,"massShare":0.0065665960115931996,"assignedMass":1518,"assignedPointCount":107,"prominenceRatio":0.9999999999999999,"strongestCompetitorDistanceKm":11.80717506784045,"strongestCompetitorPotential":65312.09305311669,"localConsolidatedShare":0.0065665960115931996,"localConsolidatedMass":1518,"localContributorCount":1,"localContributorDistancesKm":[],"rejectionReasons":["below_secondary_share_floor"]},{"longitude":27.04193418170267,"latitude":58.2842209237611,"massShare":0.0034044209888826403,"assignedMass":787,"assignedPointCount":54,"prominenceRatio":1,"strongestCompetitorDistanceKm":21.772305681483704,"strongestCompetitorPotential":65312.09305311669,"localConsolidatedShare":0.0034044209888826403,"localConsolidatedMass":787,"localContributorCount":1,"localContributorDistancesKm":[],"rejectionReasons":["below_secondary_share_floor"]},{"longitude":27.139478277858174,"latitude":58.60167098986972,"massShare":0.0029891421897305015,"assignedMass":691,"assignedPointCount":56,"prominenceRatio":1,"strongestCompetitorDistanceKm":34.841365922621364,"strongestCompetitorPotential":65312.09305311669,"localConsolidatedShare":0.0029891421897305015,"localConsolidatedMass":691,"localContributorCount":1,"localContributorDistancesKm":[],"rejectionReasons":["below_secondary_share_floor"]},{"longitude":27.066205592,"latitude":58.20652149333333,"massShare":0.003244365618376087,"assignedMass":750,"assignedPointCount":60,"prominenceRatio":1,"strongestCompetitorDistanceKm":27.75597107390176,"strongestCompetitorPotential":65312.09305311669,"localConsolidatedShare":0.003244365618376087,"localConsolidatedMass":750,"localContributorCount":1,"localContributorDistancesKm":[],"rejectionReasons":["below_secondary_share_floor"]},{"longitude":26.97287222876713,"latitude":58.3296202780822,"massShare":0.0031578492018860577,"assignedMass":730,"assignedPointCount":47,"prominenceRatio":1,"strongestCompetitorDistanceKm":15.927185600899781,"strongestCompetitorPotential":65312.09305311669,"localConsolidatedShare":0.0031578492018860577,"localConsolidatedMass":730,"localContributorCount":1,"localContributorDistancesKm":[],"rejectionReasons":["below_secondary_share_floor"]},{"longitude":27.201882592169657,"latitude":58.158047536704714,"massShare":0.002651728165419388,"assignedMass":613,"assignedPointCount":39,"prominenceRatio":1,"strongestCompetitorDistanceKm":36.74481286731773,"strongestCompetitorPotential":65312.09305311669,"localConsolidatedShare":0.002651728165419388,"localConsolidatedMass":613,"localContributorCount":1,"localContributorDistancesKm":[],"rejectionReasons":["below_secondary_share_floor"]},{"longitude":26.22342892085236,"latitude":58.238297035007626,"massShare":0.0028420642816974523,"assignedMass":657,"assignedPointCount":50,"prominenceRatio":1,"strongestCompetitorDistanceKm":32.92836791239273,"strongestCompetitorPotential":65312.09305311669,"localConsolidatedShare":0.0028420642816974523,"localConsolidatedMass":657,"localContributorCount":1,"localContributorDistancesKm":[],"rejectionReasons":["below_secondary_share_floor"]},{"longitude":27.158145909760584,"latitude":58.6655630976059,"massShare":0.002348920707704287,"assignedMass":543,"assignedPointCount":37,"prominenceRatio":1,"strongestCompetitorDistanceKm":41.277280193714766,"strongestCompetitorPotential":65312.09305311669,"localConsolidatedShare":0.002348920707704287,"localConsolidatedMass":543,"localContributorCount":1,"localContributorDistancesKm":[],"rejectionReasons":["below_secondary_share_floor"]},{"longitude":26.931965567105276,"latitude":58.15672205394737,"massShare":0.0032876238266211014,"assignedMass":760,"assignedPointCount":56,"prominenceRatio":1,"strongestCompetitorDistanceKm":26.429379141653193,"strongestCompetitorPotential":65312.09305311669,"localConsolidatedShare":0.0032876238266211014,"localConsolidatedMass":760,"localContributorCount":1,"localContributorDistancesKm":[],"rejectionReasons":["below_secondary_share_floor"]},{"longitude":26.232259778341795,"latitude":58.05430035194584,"massShare":0.0025565601072803563,"assignedMass":591,"assignedPointCount":49,"prominenceRatio":1,"strongestCompetitorDistanceKm":45.94943534932525,"strongestCompetitorPotential":65312.09305311669,"localConsolidatedShare":0.0025565601072803563,"localConsolidatedMass":591,"localContributorCount":1,"localContributorDistancesKm":[],"rejectionReasons":["below_secondary_share_floor"]},{"longitude":26.313383882271477,"latitude":58.26623483933518,"massShare":0.0031232426352900463,"assignedMass":722,"assignedPointCount":53,"prominenceRatio":1,"strongestCompetitorDistanceKm":26.825819689852253,"strongestCompetitorPotential":65312.09305311669,"localConsolidatedShare":0.0031232426352900463,"localConsolidatedMass":722,"localContributorCount":1,"localContributorDistancesKm":[],"rejectionReasons":["below_secondary_share_floor"]},{"longitude":26.378087258943783,"latitude":58.48643179386711,"massShare":0.002539256823982351,"assignedMass":587,"assignedPointCount":37,"prominenceRatio":1,"strongestCompetitorDistanceKm":23.262929709804443,"strongestCompetitorPotential":65312.09305311669,"localConsolidatedShare":0.002539256823982351,"localConsolidatedMass":587,"localContributorCount":1,"localContributorDistancesKm":[],"rejectionReasons":["below_secondary_share_floor"]},{"longitude":27.06175040659341,"latitude":58.105819397435894,"massShare":0.0023618981701777914,"assignedMass":546,"assignedPointCount":26,"prominenceRatio":1,"strongestCompetitorDistanceKm":35.429076684594236,"strongestCompetitorPotential":65312.09305311669,"localConsolidatedShare":0.0023618981701777914,"localConsolidatedMass":546,"localContributorCount":1,"localContributorDistancesKm":[],"rejectionReasons":["below_secondary_share_floor"]},{"longitude":27.348400780715405,"latitude":58.00310695645411,"massShare":0.002781502790154432,"assignedMass":643,"assignedPointCount":62,"prominenceRatio":1,"strongestCompetitorDistanceKm":55.30086406697859,"strongestCompetitorPotential":null,"localConsolidatedShare":0.002781502790154432,"localConsolidatedMass":643,"localContributorCount":1,"localContributorDistancesKm":[],"rejectionReasons":["below_secondary_share_floor"]},{"longitude":27.05240822429906,"latitude":58.37699794205608,"massShare":0.0023143141411082753,"assignedMass":535,"assignedPointCount":42,"prominenceRatio":1,"strongestCompetitorDistanceKm":19.116559255351525,"strongestCompetitorPotential":65312.09305311669,"localConsolidatedShare":0.0023143141411082753,"localConsolidatedMass":535,"localContributorCount":1,"localContributorDistancesKm":[],"rejectionReasons":["below_secondary_share_floor"]},{"longitude":26.328182332844584,"latitude":57.922768832844575,"massShare":0.0029502098023099885,"assignedMass":682,"assignedPointCount":49,"prominenceRatio":1,"strongestCompetitorDistanceKm":55.26594958738647,"strongestCompetitorPotential":null,"localConsolidatedShare":0.0029502098023099885,"localConsolidatedMass":682,"localContributorCount":1,"localContributorDistancesKm":[],"rejectionReasons":["below_secondary_share_floor"]},{"longitude":26.83436935011441,"latitude":58.075103654462254,"massShare":0.0018903837003071333,"assignedMass":437,"assignedPointCount":31,"prominenceRatio":1,"strongestCompetitorDistanceKm":34.39360212056879,"strongestCompetitorPotential":65312.09305311669,"localConsolidatedShare":0.0018903837003071333,"localConsolidatedMass":437,"localContributorCount":1,"localContributorDistancesKm":[],"rejectionReasons":["below_secondary_share_floor"]},{"longitude":26.180134751908398,"latitude":58.277246486641225,"massShare":0.0022667301120387596,"assignedMass":524,"assignedPointCount":33,"prominenceRatio":1,"strongestCompetitorDistanceKm":32.76979114518054,"strongestCompetitorPotential":65312.09305311669,"localConsolidatedShare":0.0022667301120387596,"localConsolidatedMass":524,"localContributorCount":1,"localContributorDistancesKm":[],"rejectionReasons":["below_secondary_share_floor"]},{"longitude":26.894600675200003,"latitude":58.51039322560001,"massShare":0.002703638015313406,"assignedMass":625,"assignedPointCount":45,"prominenceRatio":1,"strongestCompetitorDistanceKm":18.15336475869105,"strongestCompetitorPotential":65312.09305311669,"localConsolidatedShare":0.002703638015313406,"localConsolidatedMass":625,"localContributorCount":1,"localContributorDistancesKm":[],"rejectionReasons":["below_secondary_share_floor"]},{"longitude":27.02466159620596,"latitude":57.96880550542005,"massShare":0.0031924557684820695,"assignedMass":738,"assignedPointCount":62,"prominenceRatio":1,"strongestCompetitorDistanceKm":48.084331891514836,"strongestCompetitorPotential":65312.09305311669,"localConsolidatedShare":0.0031924557684820695,"localConsolidatedMass":738,"localContributorCount":1,"localContributorDistancesKm":[],"rejectionReasons":["below_secondary_share_floor"]},{"longitude":26.873942989280252,"latitude":57.980276036753466,"massShare":0.0028247609983994464,"assignedMass":653,"assignedPointCount":55,"prominenceRatio":1,"strongestCompetitorDistanceKm":45.28368668708805,"strongestCompetitorPotential":65312.09305311669,"localConsolidatedShare":0.0028247609983994464,"localConsolidatedMass":653,"localContributorCount":1,"localContributorDistancesKm":[],"rejectionReasons":["below_secondary_share_floor"]},{"longitude":26.39154219402985,"latitude":58.14077802985075,"massShare":0.0017389799714495825,"assignedMass":402,"assignedPointCount":31,"prominenceRatio":1,"strongestCompetitorDistanceKm":32.83304197851138,"strongestCompetitorPotential":65312.09305311669,"localConsolidatedShare":0.0017389799714495825,"localConsolidatedMass":402,"localContributorCount":1,"localContributorDistancesKm":[],"rejectionReasons":["below_secondary_share_floor"]},{"longitude":26.401679999999995,"latitude":58.359064919003124,"massShare":0.0027771769693299302,"assignedMass":642,"assignedPointCount":49,"prominenceRatio":1,"strongestCompetitorDistanceKm":19.222857686193255,"strongestCompetitorPotential":65312.09305311669,"localConsolidatedShare":0.0027771769693299302,"localConsolidatedMass":642,"localContributorCount":1,"localContributorDistancesKm":[],"rejectionReasons":["below_secondary_share_floor"]},{"longitude":26.73135062075848,"latitude":58.06840068662674,"massShare":0.002167236233075226,"assignedMass":501,"assignedPointCount":45,"prominenceRatio":1,"strongestCompetitorDistanceKm":34.236964582023475,"strongestCompetitorPotential":65312.09305311669,"localConsolidatedShare":0.002167236233075226,"localConsolidatedMass":501,"localContributorCount":1,"localContributorDistancesKm":[],"rejectionReasons":["below_secondary_share_floor"]},{"longitude":26.774572837878793,"latitude":58.47991378333332,"massShare":0.0028550417441709566,"assignedMass":660,"assignedPointCount":42,"prominenceRatio":1,"strongestCompetitorDistanceKm":13.596422480434622,"strongestCompetitorPotential":65312.09305311669,"localConsolidatedShare":0.0028550417441709566,"localConsolidatedMass":660,"localContributorCount":1,"localContributorDistancesKm":[],"rejectionReasons":["below_secondary_share_floor"]},{"longitude":26.790496274456533,"latitude":58.25298167255435,"massShare":0.0031838041268330668,"assignedMass":736,"assignedPointCount":55,"prominenceRatio":1,"strongestCompetitorDistanceKm":14.835309275157861,"strongestCompetitorPotential":65312.09305311669,"localConsolidatedShare":0.0031838041268330668,"localConsolidatedMass":736,"localContributorCount":1,"localContributorDistancesKm":[],"rejectionReasons":["below_secondary_share_floor"]},{"longitude":27.07660374229692,"latitude":58.52669157703081,"massShare":0.0015443180343470175,"assignedMass":357,"assignedPointCount":26,"prominenceRatio":1,"strongestCompetitorDistanceKm":26.93858595623184,"strongestCompetitorPotential":65312.09305311669,"localConsolidatedShare":0.0015443180343470175,"localConsolidatedMass":357,"localContributorCount":1,"localContributorDistancesKm":[],"rejectionReasons":["below_secondary_share_floor"]},{"longitude":26.529464621444205,"latitude":58.344163245076594,"massShare":0.0019769001167971624,"assignedMass":457,"assignedPointCount":27,"prominenceRatio":1,"strongestCompetitorDistanceKm":12.05856614845019,"strongestCompetitorPotential":65312.09305311669,"localConsolidatedShare":0.0019769001167971624,"localConsolidatedMass":457,"localContributorCount":1,"localContributorDistancesKm":[],"rejectionReasons":["below_secondary_share_floor"]},{"longitude":26.278031800000004,"latitude":57.95611179230769,"massShare":0.0011247134143703768,"assignedMass":260,"assignedPointCount":19,"prominenceRatio":1,"strongestCompetitorDistanceKm":53.43739681735239,"strongestCompetitorPotential":null,"localConsolidatedShare":0.0011247134143703768,"localConsolidatedMass":260,"localContributorCount":1,"localContributorDistancesKm":[],"rejectionReasons":["below_secondary_share_floor"]},{"longitude":26.200215664705887,"latitude":58.09579003529412,"massShare":0.0014707790803304927,"assignedMass":340,"assignedPointCount":31,"prominenceRatio":1,"strongestCompetitorDistanceKm":43.20392161573103,"strongestCompetitorPotential":65312.09305311669,"localConsolidatedShare":0.0014707790803304927,"localConsolidatedMass":340,"localContributorCount":1,"localContributorDistancesKm":[],"rejectionReasons":["below_secondary_share_floor"]},{"longitude":26.56635567692308,"latitude":58.19670684835165,"massShare":0.0019682484751481592,"assignedMass":455,"assignedPointCount":35,"prominenceRatio":1,"strongestCompetitorDistanceKm":21.318716777070808,"strongestCompetitorPotential":65312.09305311669,"localConsolidatedShare":0.0019682484751481592,"localConsolidatedMass":455,"localContributorCount":1,"localContributorDistancesKm":[],"rejectionReasons":["below_secondary_share_floor"]},{"longitude":26.418036461352656,"latitude":58.00939640821255,"massShare":0.0017908898213436,"assignedMass":414,"assignedPointCount":31,"prominenceRatio":1,"strongestCompetitorDistanceKm":44.07023292339417,"strongestCompetitorPotential":65312.09305311669,"localConsolidatedShare":0.0017908898213436,"localConsolidatedMass":414,"localContributorCount":1,"localContributorDistancesKm":[],"rejectionReasons":["below_secondary_share_floor"]},{"longitude":26.740402552777773,"latitude":58.60979489166666,"massShare":0.0015572954968205218,"assignedMass":360,"assignedPointCount":32,"prominenceRatio":1,"strongestCompetitorDistanceKm":26.26490395204737,"strongestCompetitorPotential":65312.09305311669,"localConsolidatedShare":0.0015572954968205218,"localConsolidatedMass":360,"localContributorCount":1,"localContributorDistancesKm":[],"rejectionReasons":["below_secondary_share_floor"]},{"longitude":26.20038251006711,"latitude":58.18621193959732,"massShare":0.001289094605701432,"assignedMass":298,"assignedPointCount":21,"prominenceRatio":1,"strongestCompetitorDistanceKm":36.77946922294572,"strongestCompetitorPotential":65312.09305311669,"localConsolidatedShare":0.001289094605701432,"localConsolidatedMass":298,"localContributorCount":1,"localContributorDistancesKm":[],"rejectionReasons":["below_secondary_share_floor"]},{"longitude":26.688325796721315,"latitude":58.57672582295083,"massShare":0.001319375351472942,"assignedMass":305,"assignedPointCount":15,"prominenceRatio":1,"strongestCompetitorDistanceKm":22.478650648947156,"strongestCompetitorPotential":65312.09305311669,"localConsolidatedShare":0.001319375351472942,"localConsolidatedMass":305,"localContributorCount":1,"localContributorDistancesKm":[],"rejectionReasons":["below_secondary_share_floor"]},{"longitude":27.022848518151815,"latitude":58.67491246204621,"massShare":0.0013107237098239392,"assignedMass":303,"assignedPointCount":28,"prominenceRatio":1,"strongestCompetitorDistanceKm":37.51665354417316,"strongestCompetitorPotential":65312.09305311669,"localConsolidatedShare":0.0013107237098239392,"localConsolidatedMass":303,"localContributorCount":1,"localContributorDistancesKm":[],"rejectionReasons":["below_secondary_share_floor"]},{"longitude":26.97832152706552,"latitude":58.38659368091169,"massShare":0.0015183631094000086,"assignedMass":351,"assignedPointCount":28,"prominenceRatio":1,"strongestCompetitorDistanceKm":15.709106648855022,"strongestCompetitorPotential":65312.09305311669,"localConsolidatedShare":0.0015183631094000086,"localConsolidatedMass":351,"localContributorCount":1,"localContributorDistancesKm":[],"rejectionReasons":["below_secondary_share_floor"]},{"longitude":27.449532795052995,"latitude":58.23522798233215,"massShare":0.00122420729333391,"assignedMass":283,"assignedPointCount":25,"prominenceRatio":1,"strongestCompetitorDistanceKm":46.37586174984903,"strongestCompetitorPotential":65312.09305311669,"localConsolidatedShare":0.00122420729333391,"localConsolidatedMass":283,"localContributorCount":1,"localContributorDistancesKm":[],"rejectionReasons":["below_secondary_share_floor"]},{"longitude":27.434688093264253,"latitude":58.15415265803108,"massShare":0.0016697668382575593,"assignedMass":386,"assignedPointCount":34,"prominenceRatio":1,"strongestCompetitorDistanceKm":49.478988638446936,"strongestCompetitorPotential":65312.09305311669,"localConsolidatedShare":0.0016697668382575593,"localConsolidatedMass":386,"localContributorCount":1,"localContributorDistancesKm":[],"rejectionReasons":["below_secondary_share_floor"]},{"longitude":26.86624696545106,"latitude":58.42017593090211,"massShare":0.002253752649565255,"assignedMass":521,"assignedPointCount":36,"prominenceRatio":0.999999999999976,"strongestCompetitorDistanceKm":11.218196580993377,"strongestCompetitorPotential":65312.09305311669,"localConsolidatedShare":0.002253752649565255,"localConsolidatedMass":521,"localContributorCount":1,"localContributorDistancesKm":[],"rejectionReasons":["below_secondary_share_floor"]},{"longitude":26.63984686754967,"latitude":58.08544567549669,"massShare":0.0013063978889994376,"assignedMass":302,"assignedPointCount":24,"prominenceRatio":1,"strongestCompetitorDistanceKm":32.24061447029437,"strongestCompetitorPotential":65312.09305311669,"localConsolidatedShare":0.0013063978889994376,"localConsolidatedMass":302,"localContributorCount":1,"localContributorDistancesKm":[],"rejectionReasons":["below_secondary_share_floor"]},{"longitude":26.920367312138723,"latitude":58.44616184971099,"massShare":0.0014967340052775013,"assignedMass":346,"assignedPointCount":32,"prominenceRatio":1,"strongestCompetitorDistanceKm":13.882943381469095,"strongestCompetitorPotential":65312.09305311669,"localConsolidatedShare":0.0014967340052775013,"localConsolidatedMass":346,"localContributorCount":1,"localContributorDistancesKm":[],"rejectionReasons":["below_secondary_share_floor"]},{"longitude":26.30184301133144,"latitude":58.18571532577904,"massShare":0.0015270147510490115,"assignedMass":353,"assignedPointCount":25,"prominenceRatio":1,"strongestCompetitorDistanceKm":32.9905661774452,"strongestCompetitorPotential":65312.09305311669,"localConsolidatedShare":0.0015270147510490115,"localConsolidatedMass":353,"localContributorCount":1,"localContributorDistancesKm":[],"rejectionReasons":["below_secondary_share_floor"]},{"longitude":27.014872099999998,"latitude":58.13924542777778,"massShare":0.0007786477484102609,"assignedMass":180,"assignedPointCount":11,"prominenceRatio":1,"strongestCompetitorDistanceKm":31.710872187957108,"strongestCompetitorPotential":65312.09305311669,"localConsolidatedShare":0.0007786477484102609,"localConsolidatedMass":180,"localContributorCount":1,"localContributorDistancesKm":[],"rejectionReasons":["below_secondary_share_floor"]},{"longitude":26.515294553921564,"latitude":58.13032089460783,"massShare":0.0017649348963965912,"assignedMass":408,"assignedPointCount":36,"prominenceRatio":1,"strongestCompetitorDistanceKm":29.517529392962306,"strongestCompetitorPotential":65312.09305311669,"localConsolidatedShare":0.0017649348963965912,"localConsolidatedMass":408,"localContributorCount":1,"localContributorDistancesKm":[],"rejectionReasons":["below_secondary_share_floor"]},{"longitude":27.295731393364925,"latitude":58.0472828957346,"massShare":0.0009127481939698057,"assignedMass":211,"assignedPointCount":18,"prominenceRatio":1,"strongestCompetitorDistanceKm":49.88125014793322,"strongestCompetitorPotential":65312.09305311669,"localConsolidatedShare":0.0009127481939698057,"localConsolidatedMass":211,"localContributorCount":1,"localContributorDistancesKm":[],"rejectionReasons":["below_secondary_share_floor"]},{"longitude":26.332030794999994,"latitude":58.116532039999996,"massShare":0.0008651641649002898,"assignedMass":200,"assignedPointCount":21,"prominenceRatio":1,"strongestCompetitorDistanceKm":36.385880232616735,"strongestCompetitorPotential":65312.09305311669,"localConsolidatedShare":0.0008651641649002898,"localConsolidatedMass":200,"localContributorCount":1,"localContributorDistancesKm":[],"rejectionReasons":["below_secondary_share_floor"]},{"longitude":27.212997748858452,"latitude":57.947930210045655,"massShare":0.0009473547605658173,"assignedMass":219,"assignedPointCount":23,"prominenceRatio":1,"strongestCompetitorDistanceKm":55.68039330637562,"strongestCompetitorPotential":null,"localConsolidatedShare":0.0009473547605658173,"localConsolidatedMass":219,"localContributorCount":1,"localContributorDistancesKm":[],"rejectionReasons":["below_secondary_share_floor"]},{"longitude":27.219909899641586,"latitude":58.096516924731176,"massShare":0.0012069040100359044,"assignedMass":279,"assignedPointCount":21,"prominenceRatio":1,"strongestCompetitorDistanceKm":43.340237834015085,"strongestCompetitorPotential":65312.09305311669,"localConsolidatedShare":0.0012069040100359044,"localConsolidatedMass":279,"localContributorCount":1,"localContributorDistancesKm":[],"rejectionReasons":["below_secondary_share_floor"]},{"longitude":26.179196844290658,"latitude":58.33096071280276,"massShare":0.0012501622182809187,"assignedMass":289,"assignedPointCount":24,"prominenceRatio":1,"strongestCompetitorDistanceKm":31.528884769270615,"strongestCompetitorPotential":65312.09305311669,"localConsolidatedShare":0.0012501622182809187,"localConsolidatedMass":289,"localContributorCount":1,"localContributorDistancesKm":[],"rejectionReasons":["below_secondary_share_floor"]},{"longitude":26.70325589814815,"latitude":58.143024375,"massShare":0.000934377298092313,"assignedMass":216,"assignedPointCount":18,"prominenceRatio":1,"strongestCompetitorDistanceKm":25.176567858624804,"strongestCompetitorPotential":65312.09305311669,"localConsolidatedShare":0.000934377298092313,"localConsolidatedMass":216,"localContributorCount":1,"localContributorDistancesKm":[],"rejectionReasons":["below_secondary_share_floor"]},{"longitude":26.777372005050513,"latitude":58.53575853030302,"massShare":0.0008565125232512869,"assignedMass":198,"assignedPointCount":19,"prominenceRatio":1,"strongestCompetitorDistanceKm":17.314285376935914,"strongestCompetitorPotential":65312.09305311669,"localConsolidatedShare":0.0008565125232512869,"localConsolidatedMass":198,"localContributorCount":1,"localContributorDistancesKm":[],"rejectionReasons":["below_secondary_share_floor"]},{"longitude":26.328524719576716,"latitude":58.02668776190476,"massShare":0.0008175801358307739,"assignedMass":189,"assignedPointCount":12,"prominenceRatio":1,"strongestCompetitorDistanceKm":45.1989689878509,"strongestCompetitorPotential":65312.09305311669,"localConsolidatedShare":0.0008175801358307739,"localConsolidatedMass":189,"localContributorCount":1,"localContributorDistancesKm":[],"rejectionReasons":["below_secondary_share_floor"]},{"longitude":27.215814164835162,"latitude":58.54647333516482,"massShare":0.0007872993900592637,"assignedMass":182,"assignedPointCount":22,"prominenceRatio":1,"strongestCompetitorDistanceKm":35.03881808827649,"strongestCompetitorPotential":65312.09305311669,"localConsolidatedShare":0.0007872993900592637,"localConsolidatedMass":182,"localContributorCount":1,"localContributorDistancesKm":[],"rejectionReasons":["below_secondary_share_floor"]},{"longitude":26.639578168316834,"latitude":58.17433624752476,"massShare":0.0008738158065492927,"assignedMass":202,"assignedPointCount":14,"prominenceRatio":1,"strongestCompetitorDistanceKm":22.7785114090028,"strongestCompetitorPotential":65312.09305311669,"localConsolidatedShare":0.0008738158065492927,"localConsolidatedMass":202,"localContributorCount":1,"localContributorDistancesKm":[],"rejectionReasons":["below_secondary_share_floor"]},{"longitude":27.26848553900709,"latitude":58.204255964539016,"massShare":0.0006099407362547043,"assignedMass":141,"assignedPointCount":11,"prominenceRatio":1,"strongestCompetitorDistanceKm":37.02165688579506,"strongestCompetitorPotential":65312.09305311669,"localConsolidatedShare":0.0006099407362547043,"localConsolidatedMass":141,"localContributorCount":1,"localContributorDistancesKm":[],"rejectionReasons":["below_secondary_share_floor"]},{"longitude":26.47801122463768,"latitude":58.43847692753623,"massShare":0.0005969632737812,"assignedMass":138,"assignedPointCount":15,"prominenceRatio":1,"strongestCompetitorDistanceKm":15.238507338943817,"strongestCompetitorPotential":65312.09305311669,"localConsolidatedShare":0.0005969632737812,"localConsolidatedMass":138,"localContributorCount":1,"localContributorDistancesKm":[],"rejectionReasons":["below_secondary_share_floor"]},{"longitude":26.928400297491045,"latitude":58.057282078853035,"massShare":0.0012069040100359044,"assignedMass":279,"assignedPointCount":24,"prominenceRatio":1,"strongestCompetitorDistanceKm":36.18092450874403,"strongestCompetitorPotential":65312.09305311669,"localConsolidatedShare":0.0012069040100359044,"localConsolidatedMass":279,"localContributorCount":1,"localContributorDistancesKm":[],"rejectionReasons":["below_secondary_share_floor"]},{"longitude":26.113930392857146,"latitude":58.209147779761906,"massShare":0.0007267378985162435,"assignedMass":168,"assignedPointCount":13,"prominenceRatio":1,"strongestCompetitorDistanceKm":39.878427586817295,"strongestCompetitorPotential":65312.09305311669,"localConsolidatedShare":0.0007267378985162435,"localConsolidatedMass":168,"localContributorCount":1,"localContributorDistancesKm":[],"rejectionReasons":["below_secondary_share_floor"]},{"longitude":27.344840006622515,"latitude":58.09103047682119,"massShare":0.0006531989444997188,"assignedMass":151,"assignedPointCount":16,"prominenceRatio":1,"strongestCompetitorDistanceKm":48.228963035297085,"strongestCompetitorPotential":65312.09305311669,"localConsolidatedShare":0.0006531989444997188,"localConsolidatedMass":151,"localContributorCount":1,"localContributorDistancesKm":[],"rejectionReasons":["below_secondary_share_floor"]},{"longitude":27.069981422222217,"latitude":58.63718502962963,"massShare":0.0005839858113076956,"assignedMass":135,"assignedPointCount":19,"prominenceRatio":1,"strongestCompetitorDistanceKm":35.490859203847116,"strongestCompetitorPotential":65312.09305311669,"localConsolidatedShare":0.0005839858113076956,"localConsolidatedMass":135,"localContributorCount":1,"localContributorDistancesKm":[],"rejectionReasons":["below_secondary_share_floor"]},{"longitude":27.23061248461538,"latitude":58.49535705384616,"massShare":0.0005623567071851884,"assignedMass":130,"assignedPointCount":13,"prominenceRatio":1,"strongestCompetitorDistanceKm":32.93865467755651,"strongestCompetitorPotential":65312.09305311669,"localConsolidatedShare":0.0005623567071851884,"localConsolidatedMass":130,"localContributorCount":1,"localContributorDistancesKm":[],"rejectionReasons":["below_secondary_share_floor"]},{"longitude":26.98674455639098,"latitude":58.71924984210526,"massShare":0.0005753341696586927,"assignedMass":133,"assignedPointCount":15,"prominenceRatio":1,"strongestCompetitorDistanceKm":40.96550287204548,"strongestCompetitorPotential":65312.09305311669,"localConsolidatedShare":0.0005753341696586927,"localConsolidatedMass":133,"localContributorCount":1,"localContributorDistancesKm":[],"rejectionReasons":["below_secondary_share_floor"]},{"longitude":27.184265018987336,"latitude":58.05562060126583,"massShare":0.0006834796902712289,"assignedMass":158,"assignedPointCount":14,"prominenceRatio":1,"strongestCompetitorDistanceKm":44.453085288324246,"strongestCompetitorPotential":65312.09305311669,"localConsolidatedShare":0.0006834796902712289,"localConsolidatedMass":158,"localContributorCount":1,"localContributorDistancesKm":[],"rejectionReasons":["below_secondary_share_floor"]},{"longitude":26.480163096069866,"latitude":57.96867268558952,"massShare":0.0009906129688108318,"assignedMass":229,"assignedPointCount":24,"prominenceRatio":1,"strongestCompetitorDistanceKm":47.58137058608538,"strongestCompetitorPotential":65312.09305311669,"localConsolidatedShare":0.0009906129688108318,"localConsolidatedMass":229,"localContributorCount":1,"localContributorDistancesKm":[],"rejectionReasons":["below_secondary_share_floor"]},{"longitude":27.08712414457831,"latitude":58.717830801204826,"massShare":0.0007180862568672405,"assignedMass":166,"assignedPointCount":20,"prominenceRatio":1,"strongestCompetitorDistanceKm":43.187258615205295,"strongestCompetitorPotential":65312.09305311669,"localConsolidatedShare":0.0007180862568672405,"localConsolidatedMass":166,"localContributorCount":1,"localContributorDistancesKm":[],"rejectionReasons":["below_secondary_share_floor"]},{"longitude":27.323495022471914,"latitude":57.941792528089884,"massShare":0.00038499805338062897,"assignedMass":89,"assignedPointCount":3,"prominenceRatio":1,"strongestCompetitorDistanceKm":59.79686281001929,"strongestCompetitorPotential":null,"localConsolidatedShare":0.00038499805338062897,"localConsolidatedMass":89,"localContributorCount":1,"localContributorDistancesKm":[],"rejectionReasons":["below_min_points_per_center"]},{"longitude":27.129724729411762,"latitude":58.268103200000006,"massShare":0.00036769477008262316,"assignedMass":85,"assignedPointCount":9,"prominenceRatio":1,"strongestCompetitorDistanceKm":26.742237196443735,"strongestCompetitorPotential":65312.09305311669,"localConsolidatedShare":0.00036769477008262316,"localConsolidatedMass":85,"localContributorCount":1,"localContributorDistancesKm":[],"rejectionReasons":["below_min_points_per_center"]},{"longitude":26.55670570967742,"latitude":58.46188570967741,"massShare":0.0006705022277977246,"assignedMass":155,"assignedPointCount":13,"prominenceRatio":1,"strongestCompetitorDistanceKm":13.96446107554417,"strongestCompetitorPotential":65312.09305311669,"localConsolidatedShare":0.0006705022277977246,"localConsolidatedMass":155,"localContributorCount":1,"localContributorDistancesKm":[],"rejectionReasons":["below_secondary_share_floor"]},{"longitude":26.932677983240225,"latitude":58.22902359776536,"massShare":0.0007743219275857594,"assignedMass":179,"assignedPointCount":17,"prominenceRatio":1,"strongestCompetitorDistanceKm":21.181369544610128,"strongestCompetitorPotential":65312.09305311669,"localConsolidatedShare":0.0007743219275857594,"localConsolidatedMass":179,"localContributorCount":1,"localContributorDistancesKm":[],"rejectionReasons":["below_secondary_share_floor"]},{"longitude":26.939767653333334,"latitude":57.94252228,"massShare":0.0003244365618376087,"assignedMass":75,"assignedPointCount":10,"prominenceRatio":1,"strongestCompetitorDistanceKm":49.756077422523184,"strongestCompetitorPotential":65312.09305311669,"localConsolidatedShare":0.0003244365618376087,"localConsolidatedMass":75,"localContributorCount":1,"localContributorDistancesKm":[],"rejectionReasons":["below_secondary_share_floor"]},{"longitude":26.819091629921264,"latitude":58.1908790551181,"massShare":0.0005493792447116841,"assignedMass":127,"assignedPointCount":13,"prominenceRatio":1,"strongestCompetitorDistanceKm":21.57165081580581,"strongestCompetitorPotential":65312.09305311669,"localConsolidatedShare":0.0005493792447116841,"localConsolidatedMass":127,"localContributorCount":1,"localContributorDistancesKm":[],"rejectionReasons":["below_secondary_share_floor"]},{"longitude":27.306000602409643,"latitude":58.26658921686747,"massShare":0.00035904312843362026,"assignedMass":83,"assignedPointCount":12,"prominenceRatio":1,"strongestCompetitorDistanceKm":36.65581235967874,"strongestCompetitorPotential":65312.09305311669,"localConsolidatedShare":0.00035904312843362026,"localConsolidatedMass":83,"localContributorCount":1,"localContributorDistancesKm":[],"rejectionReasons":["below_secondary_share_floor"]},{"longitude":26.25591482089552,"latitude":57.998389537313436,"massShare":0.0002898299952415971,"assignedMass":67,"assignedPointCount":6,"prominenceRatio":1,"strongestCompetitorDistanceKm":49.87005910660338,"strongestCompetitorPotential":65312.09305311669,"localConsolidatedShare":0.0002898299952415971,"localConsolidatedMass":67,"localContributorCount":1,"localContributorDistancesKm":[],"rejectionReasons":["below_min_points_per_center"]},{"longitude":26.78439040789474,"latitude":58.158430328947375,"massShare":0.00032876238266211014,"assignedMass":76,"assignedPointCount":8,"prominenceRatio":1,"strongestCompetitorDistanceKm":23.8499706850471,"strongestCompetitorPotential":65312.09305311669,"localConsolidatedShare":0.00032876238266211014,"localConsolidatedMass":76,"localContributorCount":1,"localContributorDistancesKm":[],"rejectionReasons":["below_min_points_per_center"]},{"longitude":26.108516203703704,"latitude":58.099953185185186,"massShare":0.00023359432452307825,"assignedMass":54,"assignedPointCount":5,"prominenceRatio":1,"strongestCompetitorDistanceKm":46.42874000633043,"strongestCompetitorPotential":65312.09305311669,"localConsolidatedShare":0.00023359432452307825,"localConsolidatedMass":54,"localContributorCount":1,"localContributorDistancesKm":[],"rejectionReasons":["below_min_points_per_center"]},{"longitude":27.154566530612243,"latitude":58.50636716326531,"massShare":0.000211965220400571,"assignedMass":49,"assignedPointCount":4,"prominenceRatio":1,"strongestCompetitorDistanceKm":29.588164687983948,"strongestCompetitorPotential":65312.09305311669,"localConsolidatedShare":0.000211965220400571,"localConsolidatedMass":49,"localContributorCount":1,"localContributorDistancesKm":[],"rejectionReasons":["below_min_points_per_center"]},{"longitude":26.194668764705884,"latitude":58.01136664705883,"massShare":0.0002206168620495739,"assignedMass":51,"assignedPointCount":6,"prominenceRatio":1,"strongestCompetitorDistanceKm":50.581163055996576,"strongestCompetitorPotential":null,"localConsolidatedShare":0.0002206168620495739,"localConsolidatedMass":51,"localContributorCount":1,"localContributorDistancesKm":[],"rejectionReasons":["below_min_points_per_center"]},{"longitude":26.63660067256637,"latitude":58.013118371681415,"massShare":0.0004888177531686637,"assignedMass":113,"assignedPointCount":12,"prominenceRatio":1,"strongestCompetitorDistanceKm":41.171497348549494,"strongestCompetitorPotential":65312.09305311669,"localConsolidatedShare":0.0004888177531686637,"localConsolidatedMass":113,"localContributorCount":1,"localContributorDistancesKm":[],"rejectionReasons":["below_secondary_share_floor"]},{"longitude":27.517541902439024,"latitude":58.38069356097561,"massShare":0.00017735865380455942,"assignedMass":41,"assignedPointCount":4,"prominenceRatio":1,"strongestCompetitorDistanceKm":46.58747080260215,"strongestCompetitorPotential":65312.09305311669,"localConsolidatedShare":0.00017735865380455942,"localConsolidatedMass":41,"localContributorCount":1,"localContributorDistancesKm":[],"rejectionReasons":["below_min_points_per_center"]},{"longitude":26.99372393181818,"latitude":58.627638204545455,"massShare":0.00019033611627806377,"assignedMass":44,"assignedPointCount":6,"prominenceRatio":1,"strongestCompetitorDistanceKm":32.70680158991561,"strongestCompetitorPotential":65312.09305311669,"localConsolidatedShare":0.00019033611627806377,"localConsolidatedMass":44,"localContributorCount":1,"localContributorDistancesKm":[],"rejectionReasons":["below_min_points_per_center"]},{"longitude":26.653352053571428,"latitude":57.96392958928571,"massShare":0.00024224596617208115,"assignedMass":56,"assignedPointCount":9,"prominenceRatio":1,"strongestCompetitorDistanceKm":45.95821506648711,"strongestCompetitorPotential":65312.09305311669,"localConsolidatedShare":0.00024224596617208115,"localConsolidatedMass":56,"localContributorCount":1,"localContributorDistancesKm":[],"rejectionReasons":["below_min_points_per_center"]},{"longitude":26.974608625000002,"latitude":58.575879,"massShare":0.00017303283298005797,"assignedMass":40,"assignedPointCount":2,"prominenceRatio":1,"strongestCompetitorDistanceKm":27.400110823997224,"strongestCompetitorPotential":65312.09305311669,"localConsolidatedShare":0.00017303283298005797,"localConsolidatedMass":40,"localContributorCount":1,"localContributorDistancesKm":[],"rejectionReasons":["below_min_points_per_center"]},{"longitude":27.197151226190478,"latitude":58.00439840476191,"massShare":0.00036336894925812174,"assignedMass":84,"assignedPointCount":12,"prominenceRatio":1,"strongestCompetitorDistanceKm":50.6151860314906,"strongestCompetitorPotential":null,"localConsolidatedShare":0.00036336894925812174,"localConsolidatedMass":84,"localContributorCount":1,"localContributorDistancesKm":[],"rejectionReasons":["below_secondary_share_floor"]},{"longitude":26.87186562121212,"latitude":58.581491303030305,"massShare":0.00028550417441709563,"assignedMass":66,"assignedPointCount":11,"prominenceRatio":1,"strongestCompetitorDistanceKm":25.621241110638152,"strongestCompetitorPotential":65312.09305311669,"localConsolidatedShare":0.00028550417441709563,"localConsolidatedMass":66,"localContributorCount":1,"localContributorDistancesKm":[],"rejectionReasons":["below_secondary_share_floor"]},{"longitude":26.791535835820895,"latitude":57.93168183582089,"massShare":0.0002898299952415971,"assignedMass":67,"assignedPointCount":5,"prominenceRatio":1,"strongestCompetitorDistanceKm":48.9365053553761,"strongestCompetitorPotential":65312.09305311669,"localConsolidatedShare":0.0002898299952415971,"localConsolidatedMass":67,"localContributorCount":1,"localContributorDistancesKm":[],"rejectionReasons":["below_min_points_per_center"]},{"longitude":27.412083999999997,"latitude":58.337073000000004,"massShare":0.00009516805813903189,"assignedMass":22,"assignedPointCount":1,"prominenceRatio":1,"strongestCompetitorDistanceKm":40.75393120841647,"strongestCompetitorPotential":65312.09305311669,"localConsolidatedShare":0.00009516805813903189,"localConsolidatedMass":22,"localContributorCount":1,"localContributorDistancesKm":[],"rejectionReasons":["below_min_points_per_center"]},{"longitude":27.362484238095238,"latitude":58.38961271428572,"massShare":0.00009084223731453044,"assignedMass":21,"assignedPointCount":3,"prominenceRatio":1,"strongestCompetitorDistanceKm":37.84908259656087,"strongestCompetitorPotential":65312.09305311669,"localConsolidatedShare":0.00009084223731453044,"localConsolidatedMass":21,"localContributorCount":1,"localContributorDistancesKm":[],"rejectionReasons":["below_min_points_per_center"]},{"longitude":27.060524372093024,"latitude":58.45240627906976,"massShare":0.00018601029545356232,"assignedMass":43,"assignedPointCount":6,"prominenceRatio":1,"strongestCompetitorDistanceKm":22.532329669459845,"strongestCompetitorPotential":65312.09305311669,"localConsolidatedShare":0.00018601029545356232,"localConsolidatedMass":43,"localContributorCount":1,"localContributorDistancesKm":[],"rejectionReasons":["below_min_points_per_center"]},{"longitude":27.414596789473684,"latitude":58.277536631578954,"massShare":0.00008219059566552753,"assignedMass":19,"assignedPointCount":2,"prominenceRatio":1,"strongestCompetitorDistanceKm":42.123309734539774,"strongestCompetitorPotential":65312.09305311669,"localConsolidatedShare":0.00008219059566552753,"localConsolidatedMass":19,"localContributorCount":1,"localContributorDistancesKm":[],"rejectionReasons":["below_min_points_per_center"]},{"longitude":27.181941473684212,"latitude":58.21523115789474,"massShare":0.00008219059566552753,"assignedMass":19,"assignedPointCount":2,"prominenceRatio":1,"strongestCompetitorDistanceKm":32.58253016240975,"strongestCompetitorPotential":65312.09305311669,"localConsolidatedShare":0.00008219059566552753,"localConsolidatedMass":19,"localContributorCount":1,"localContributorDistancesKm":[],"rejectionReasons":["below_min_points_per_center"]},{"longitude":27.212038,"latitude":58.274557,"massShare":0.00006488731236752173,"assignedMass":15,"assignedPointCount":1,"prominenceRatio":1,"strongestCompetitorDistanceKm":30.921787083547155,"strongestCompetitorPotential":65312.09305311669,"localConsolidatedShare":0.00006488731236752173,"localConsolidatedMass":15,"localContributorCount":1,"localContributorDistancesKm":[],"rejectionReasons":["below_min_points_per_center"]},{"longitude":26.596248833333334,"latitude":57.948119,"massShare":0.00005190984989401739,"assignedMass":12,"assignedPointCount":2,"prominenceRatio":1,"strongestCompetitorDistanceKm":48.08997266605122,"strongestCompetitorPotential":65312.09305311669,"localConsolidatedShare":0.00005190984989401739,"localConsolidatedMass":12,"localContributorCount":1,"localContributorDistancesKm":[],"rejectionReasons":["below_min_points_per_center"]},{"longitude":27.28492169230769,"latitude":58.32626615384615,"massShare":0.00005623567071851884,"assignedMass":13,"assignedPointCount":2,"prominenceRatio":1,"strongestCompetitorDistanceKm":33.61239492453745,"strongestCompetitorPotential":65312.09305311669,"localConsolidatedShare":0.00005623567071851884,"localConsolidatedMass":13,"localContributorCount":1,"localContributorDistancesKm":[],"rejectionReasons":["below_min_points_per_center"]},{"longitude":26.135449,"latitude":58.38409299999999,"massShare":0.00003893238742051304,"assignedMass":9,"assignedPointCount":1,"prominenceRatio":1,"strongestCompetitorDistanceKm":34.12411114198649,"strongestCompetitorPotential":65312.09305311669,"localConsolidatedShare":0.00003893238742051304,"localConsolidatedMass":9,"localContributorCount":1,"localContributorDistancesKm":[],"rejectionReasons":["below_min_points_per_center"]},{"longitude":26.239560800000003,"latitude":58.419591000000004,"massShare":0.00004325820824501449,"assignedMass":10,"assignedPointCount":2,"prominenceRatio":1,"strongestCompetitorDistanceKm":28.73655711979592,"strongestCompetitorPotential":65312.09305311669,"localConsolidatedShare":0.00004325820824501449,"localConsolidatedMass":10,"localContributorCount":1,"localContributorDistancesKm":[],"rejectionReasons":["below_min_points_per_center"]},{"longitude":27.216728375,"latitude":58.238908249999994,"massShare":0.00003460656659601159,"assignedMass":8,"assignedPointCount":2,"prominenceRatio":1,"strongestCompetitorDistanceKm":32.691187404640765,"strongestCompetitorPotential":65312.09305311669,"localConsolidatedShare":0.00003460656659601159,"localConsolidatedMass":8,"localContributorCount":1,"localContributorDistancesKm":[],"rejectionReasons":["below_min_points_per_center"]},{"longitude":26.9112495,"latitude":58.644216375,"massShare":0.00003460656659601159,"assignedMass":8,"assignedPointCount":2,"prominenceRatio":1,"strongestCompetitorDistanceKm":31.992862112847277,"strongestCompetitorPotential":65312.09305311669,"localConsolidatedShare":0.00003460656659601159,"localConsolidatedMass":8,"localContributorCount":1,"localContributorDistancesKm":[],"rejectionReasons":["below_min_points_per_center"]}]}}}}}
