bucket_utc,listing_type,id,downloads
2026-10-01T00:00Z,map,seoul-4,5
2026-10-01T00:00Z,mod,larp-builder,1
2026-10-01T01:00Z,map,au-melbourne,1
2026-10-01T01:00Z,map,au-perth,1
2026-10-01T01:00Z,map,au-syd2,1
2026-10-01T01:00Z,map,beijing,1
2026-10-01T01:00Z,map,cancun-riviera-maya,2
2026-10-01T01:00Z,map,gangneung,1
2026-10-01T01:00Z,map,guangzhou,1
2026-10-01T01:00Z,map,jacksonville,1
2026-10-01T01:00Z,map,mfn-hong-kong,1
2026-10-01T01:00Z,map,oklahoma-city,1
2026-10-01T01:00Z,map,orlando,1
2026-10-01T01:00Z,map,san-antonio,1
2026-10-01T01:00Z,map,san-juan,1
2026-10-01T01:00Z,map,seoul-4,2
2026-10-01T01:00Z,map,shenzhen,1
2026-10-01T01:00Z,map,yukina-kumamoto,1
2026-10-01T01:00Z,map,yukina-nagano,1
2026-10-01T01:00Z,mod,auto-lines,1
2026-10-01T01:00Z,mod,citymapper,1
2026-10-01T01:00Z,mod,distance-circles,2
2026-10-01T01:00Z,mod,game-speedup,1
2026-10-01T01:00Z,mod,improved-schematics,1
2026-10-01T01:00Z,mod,induced-demand,1
2026-10-01T01:00Z,mod,japanese-trains,1
2026-10-01T01:00Z,mod,larp-builder,1
2026-10-01T01:00Z,mod,neighborhood-station-names,1
2026-10-01T01:00Z,mod,simple-trains,1
2026-10-01T01:00Z,mod,station-dots,3
2026-10-01T01:00Z,mod,subway-builder-performance,1
2026-10-01T01:00Z,mod,taiwan-trains,1
2026-10-01T01:00Z,mod,time-boost,1
2026-10-01T01:00Z,mod,track-anarchy,1
2026-10-01T01:00Z,mod,transit-overlay,1
2026-10-01T01:00Z,mod,upzoned-transit,1
2026-10-01T02:00Z,map,abu-dhabi,1
2026-10-01T02:00Z,map,aleppo,1
2026-10-01T02:00Z,map,amba,1
2026-10-01T02:00Z,map,au-adelaide,1
2026-10-01T02:00Z,map,au-brisbane,1
2026-10-01T02:00Z,map,au-melbourne,1
2026-10-01T02:00Z,map,au-perth,1
2026-10-01T02:00Z,map,baghdad,1
2026-10-01T02:00Z,map,barcelona,1
2026-10-01T02:00Z,map,beirut,1
2026-10-01T02:00Z,map,berlin-val,2
2026-10-01T02:00Z,map,bilbao,1
2026-10-01T02:00Z,map,busan-4,1
2026-10-01T02:00Z,map,calgary,1
2026-10-01T02:00Z,map,cancun-riviera-maya,1
2026-10-01T02:00Z,map,cape-town,1
2026-10-01T02:00Z,map,catania,1
2026-10-01T02:00Z,map,changwon,1
2026-10-01T02:00Z,map,ciudad-de-mexico,1
2026-10-01T02:00Z,map,damascus,2
2026-10-01T02:00Z,map,delhi,1
2026-10-01T02:00Z,map,doha,1
2026-10-01T02:00Z,map,dubai,1
2026-10-01T02:00Z,map,edmonton,1
2026-10-01T02:00Z,map,greater-portland,1
2026-10-01T02:00Z,map,hamburg,1
2026-10-01T02:00Z,map,kuwait-city,2
2026-10-01T02:00Z,map,los-angeles-county,1
2026-10-01T02:00Z,map,madrid,1
2026-10-01T02:00Z,map,milan,1
2026-10-01T02:00Z,map,montreal,4
2026-10-01T02:00Z,map,moscow-and-oblast,1
2026-10-01T02:00Z,map,mosul,1
2026-10-01T02:00Z,map,muenchen,1
2026-10-01T02:00Z,map,naples,1
2026-10-01T02:00Z,map,nuernberg,1
2026-10-01T02:00Z,map,nz-christchurch,1
2026-10-01T02:00Z,map,oklahoma-city,1
2026-10-01T02:00Z,map,ottawa,1
2026-10-01T02:00Z,map,quebec-city,1
2026-10-01T02:00Z,map,rhein-main-neckar,1
2026-10-01T02:00Z,map,rome,1
2026-10-01T02:00Z,map,rotterdam-the-hague,1
2026-10-01T02:00Z,map,san-antonio,1
2026-10-01T02:00Z,map,seoul,1
2026-10-01T02:00Z,map,seoul-4,3
2026-10-01T02:00Z,map,sofia-bulgaria,1
2026-10-01T02:00Z,map,sydney,1
2026-10-01T02:00Z,map,tampa-bay,1
2026-10-01T02:00Z,map,tel-aviv,1
2026-10-01T02:00Z,map,toronto,1
2026-10-01T02:00Z,map,turin,1
2026-10-01T02:00Z,map,vancouver,1
2026-10-01T02:00Z,map,winnipeg,1
2026-10-01T02:00Z,map,yukina-hu-budapest,1
2026-10-01T02:00Z,map,yukina-okinawa,1
2026-10-01T02:00Z,map,yukina-pl-warszawa,1
2026-10-01T02:00Z,map,yukina-ua-dnipro,1
2026-10-01T02:00Z,map,yukina-ua-kyiv,1
2026-10-01T02:00Z,map,yukina-ua-lviv,1
2026-10-01T02:00Z,mod,any-money,1
2026-10-01T02:00Z,mod,dantrains-abridged,1
2026-10-01T02:00Z,mod,improved-schematics,3
2026-10-01T02:00Z,mod,intercity-hsr-trains,1
2026-10-01T02:00Z,mod,larp-builder,2
2026-10-01T02:00Z,mod,madrid-transit-pack,1
2026-10-01T02:00Z,mod,network-status,1
2026-10-01T02:00Z,mod,scrollable-dropdowns,1
2026-10-01T02:00Z,mod,simple-trains,1
2026-10-01T02:00Z,mod,station-dots,1
2026-10-01T02:00Z,mod,track-anarchy,1
2026-10-01T03:00Z,map,amba,1
2026-10-01T03:00Z,map,cancun-riviera-maya,1
2026-10-01T03:00Z,map,catt-gran-santiago,1
2026-10-01T03:00Z,map,delhi,1
2026-10-01T03:00Z,map,seoul-4,2
2026-10-01T03:00Z,map,toronto,2
2026-10-01T03:00Z,map,toulouse,1
2026-10-01T03:00Z,mod,distance-circles,1
2026-10-01T03:00Z,mod,induced-demand,1
2026-10-01T03:00Z,mod,larp-builder,1
2026-10-01T03:00Z,mod,subway-builder-performance,1
2026-10-01T03:00Z,mod,subwaybuilder-regions,1
2026-10-01T03:00Z,mod,transit-overlay,1
2026-10-01T04:00Z,map,amsterdam,1
2026-10-01T04:00Z,map,baltimore-dc-corridor,1
2026-10-01T04:00Z,map,calgary,2
2026-10-01T04:00Z,map,greater-chicagoland,1
2026-10-01T04:00Z,map,greater-los-angeles,1
2026-10-01T04:00Z,map,mississippi,1
2026-10-01T04:00Z,map,montreal,2
2026-10-01T04:00Z,map,rhode-island,1
2026-10-01T04:00Z,map,seoul-4,2
2026-10-01T04:00Z,map,toronto,1
2026-10-01T04:00Z,map,vancouver,2
2026-10-01T04:00Z,mod,demand-developer,1
2026-10-01T04:00Z,mod,distance-circles,2
2026-10-01T04:00Z,mod,improved-schematics,1
2026-10-01T04:00Z,mod,missed-connections,2
2026-10-01T04:00Z,mod,neighborhood-station-names,1
2026-10-01T04:00Z,mod,simple-trains,1
2026-10-01T04:00Z,mod,station-dots,1
2026-10-01T04:00Z,mod,subway-builder-performance,1
2026-10-01T04:00Z,mod,time-boost,1
2026-10-01T04:00Z,mod,transit-overlay,1
2026-10-01T04:00Z,mod,upzoned-transit,2
2026-10-01T05:00Z,map,aleppo,1
2026-10-01T05:00Z,map,alicante,1
2026-10-01T05:00Z,map,amba,1
2026-10-01T05:00Z,map,amsterdam,1
2026-10-01T05:00Z,map,antalya,1
2026-10-01T05:00Z,map,bari,1
2026-10-01T05:00Z,map,beirut,1
2026-10-01T05:00Z,map,berlin-val,1
2026-10-01T05:00Z,map,bilbao,1
2026-10-01T05:00Z,map,bologna,1
2026-10-01T05:00Z,map,brussels,1
2026-10-01T05:00Z,map,cairo,1
2026-10-01T05:00Z,map,calgary,1
2026-10-01T05:00Z,map,cancun-riviera-maya,2
2026-10-01T05:00Z,map,catania,2
2026-10-01T05:00Z,map,cdmx-core,1
2026-10-01T05:00Z,map,ciudad-de-mexico,1
2026-10-01T05:00Z,map,ciudad-juarez-el-paso,1
2026-10-01T05:00Z,map,edmonton,1
2026-10-01T05:00Z,map,florence,1
2026-10-01T05:00Z,map,garda-lake,1
2026-10-01T05:00Z,map,genoa,1
2026-10-01T05:00Z,map,greater-portland,1
2026-10-01T05:00Z,map,guadalajara,2
2026-10-01T05:00Z,map,helsinki,1
2026-10-01T05:00Z,map,istanbul,1
2026-10-01T05:00Z,map,jacksonville,1
2026-10-01T05:00Z,map,knoxville,1
2026-10-01T05:00Z,map,kristiansand-no,1
2026-10-01T05:00Z,map,memphis,1
2026-10-01T05:00Z,map,monterrey,1
2026-10-01T05:00Z,map,mosul,1
2026-10-01T05:00Z,map,naples,1
2026-10-01T05:00Z,map,nz-christchurch,1
2026-10-01T05:00Z,map,opo-pt-metropolitan,1
2026-10-01T05:00Z,map,orange-county,1
2026-10-01T05:00Z,map,orlando,1
2026-10-01T05:00Z,map,oslo-no,1
2026-10-01T05:00Z,map,palermo,2
2026-10-01T05:00Z,map,pianura-emiliana,1
2026-10-01T05:00Z,map,pianura-veneta,1
2026-10-01T05:00Z,map,puerto-rico,1
2026-10-01T05:00Z,map,riviera-romagnola,1
2026-10-01T05:00Z,map,riyadh,1
2026-10-01T05:00Z,map,rochester,1
2026-10-01T05:00Z,map,rotterdam-the-hague,1
2026-10-01T05:00Z,map,saltillo,1
2026-10-01T05:00Z,map,san-antonio,2
2026-10-01T05:00Z,map,san-juan,1
2026-10-01T05:00Z,map,seoul,1
2026-10-01T05:00Z,map,seoul-4,1
2026-10-01T05:00Z,map,sevilla,1
2026-10-01T05:00Z,map,shenzhen,1
2026-10-01T05:00Z,map,sofia-bulgaria,1
2026-10-01T05:00Z,map,spokane,1
2026-10-01T05:00Z,map,tel-aviv,1
2026-10-01T05:00Z,map,toronto,1
2026-10-01T05:00Z,map,tri-cities,2
2026-10-01T05:00Z,map,trondheim-no,1
2026-10-01T05:00Z,map,turin,1
2026-10-01T05:00Z,map,yukina-akita,1
2026-10-01T05:00Z,map,yukina-kochi,1
2026-10-01T05:00Z,map,yukina-nagano,1
2026-10-01T05:00Z,map,yukina-nagasaki,1
2026-10-01T05:00Z,map,yukina-nakaumi,1
2026-10-01T05:00Z,map,yukina-pl-warszawa,1
2026-10-01T05:00Z,map,zurich,1
2026-10-01T05:00Z,mod,game-speedup,1
2026-10-01T05:00Z,mod,induced-demand,1
2026-10-01T05:00Z,mod,intercity-hsr-trains,1
2026-10-01T05:00Z,mod,japanese-trains,1
2026-10-01T05:00Z,mod,larp-builder,2
2026-10-01T05:00Z,mod,neighborhood-station-names,1
2026-10-01T05:00Z,mod,subway-builder-performance,1
2026-10-01T05:00Z,mod,upzoned-transit,2
2026-10-01T05:00Z,mod,valdotoriums-trains,1
2026-10-01T06:00Z,map,amba,3
2026-10-01T06:00Z,map,baltimore-dc-corridor,1
2026-10-01T06:00Z,map,barcelona,1
2026-10-01T06:00Z,map,busan-4,1
2026-10-01T06:00Z,map,jerusalem,1
2026-10-01T06:00Z,map,mfn-lasvegas,1
2026-10-01T06:00Z,map,sydney,4
2026-10-01T06:00Z,map,yukina-ua-dnipro,2
2026-10-01T06:00Z,map,yukina-ua-kharkiv,1
2026-10-01T06:00Z,map,yukina-ua-kryvyi-rih,1
2026-10-01T06:00Z,map,yukina-ua-kyiv,1
2026-10-01T06:00Z,map,yukina-ua-lviv,1
2026-10-01T06:00Z,map,yukina-ua-odesa,1
2026-10-01T06:00Z,map,yukina-ua-zaporizhzhia,1
2026-10-01T06:00Z,mod,auto-lines,1
2026-10-01T06:00Z,mod,basedgoat-trains,1
2026-10-01T06:00Z,mod,dantrains-abridged,1
2026-10-01T06:00Z,mod,distance-circles,1
2026-10-01T06:00Z,mod,intercity-hsr-trains,1
2026-10-01T06:00Z,mod,japanese-trains,14
2026-10-01T06:00Z,mod,la-metro-trainpack,1
2026-10-01T06:00Z,mod,noah-great-society,1
2026-10-01T06:00Z,mod,orbital-surveyor,1
2026-10-01T07:00Z,map,au-perth,1
2026-10-01T07:00Z,map,genoa,1
2026-10-01T07:00Z,map,shanghai,1
2026-10-01T07:00Z,map,toronto,1
2026-10-01T07:00Z,map,yukina-ua-kharkiv,1
2026-10-01T07:00Z,map,yukina-ua-kryvyi-rih,1
2026-10-01T07:00Z,map,yukina-ua-kyiv,1
2026-10-01T07:00Z,map,yukina-ua-lviv,1
2026-10-01T07:00Z,map,yukina-ua-odesa,1
2026-10-01T07:00Z,map,yukina-ua-zaporizhzhia,1
2026-10-01T07:00Z,mod,auto-lines,1
2026-10-01T07:00Z,mod,orbital-surveyor,2
2026-10-01T07:00Z,mod,satellite-overlay,1
2026-10-01T07:00Z,mod,station-dots,1
2026-10-01T07:00Z,mod,upzoned-transit,1
2026-10-01T08:00Z,map,au-melbourne,1
2026-10-01T08:00Z,map,dresden,1
2026-10-01T08:00Z,map,muenchen,1
2026-10-01T08:00Z,map,seoul-4,2
2026-10-01T08:00Z,mod,map-markers,1
2026-10-01T08:00Z,mod,network-status,1
2026-10-01T08:00Z,mod,station-dots,1
2026-10-01T08:00Z,mod,subway-builder-performance,1
2026-10-01T08:00Z,mod,taiwan-trains,1
2026-10-01T08:00Z,mod,time-boost,1
2026-10-01T08:00Z,mod,valdotoriums-trains,1
2026-10-01T09:00Z,map,seoul-4,2
2026-10-01T09:00Z,map,singapore-val,1
2026-10-01T09:00Z,map,sydney,1
2026-10-01T09:00Z,mod,game-speedup,1
2026-10-01T09:00Z,mod,intercity-hsr-trains,1
2026-10-01T09:00Z,mod,neighborhood-station-names,1
2026-10-01T09:00Z,mod,transit-overlay,1
2026-10-01T10:00Z,map,alexandria,1
2026-10-01T10:00Z,map,angers,1
2026-10-01T10:00Z,map,au-canberra,1
2026-10-01T10:00Z,map,baghdad,1
2026-10-01T10:00Z,map,barcelona,2
2026-10-01T10:00Z,map,beirut,1
2026-10-01T10:00Z,map,besancon,1
2026-10-01T10:00Z,map,catania,1
2026-10-01T10:00Z,map,catt-gran-santiago,1
2026-10-01T10:00Z,map,chongqing,1
2026-10-01T10:00Z,map,ciudad-juarez-el-paso,1
2026-10-01T10:00Z,map,erbil,1
2026-10-01T10:00Z,map,florence,1
2026-10-01T10:00Z,map,le-havre,1
2026-10-01T10:00Z,map,lyon,1
2026-10-01T10:00Z,map,mexicali,1
2026-10-01T10:00Z,map,muscat,1
2026-10-01T10:00Z,map,nz-auckland,1
2026-10-01T10:00Z,map,nz-wellington,1
2026-10-01T10:00Z,map,orleans,1
2026-10-01T10:00Z,map,paris-ile-de-france,1
2026-10-01T10:00Z,map,pau,1
2026-10-01T10:00Z,map,pianura-veneta,1
2026-10-01T10:00Z,map,reims,1
2026-10-01T10:00Z,map,rennes,1
2026-10-01T10:00Z,map,reunion,1
2026-10-01T10:00Z,map,rio-metropolitan,1
2026-10-01T10:00Z,map,riyadh,1
2026-10-01T10:00Z,map,saltillo,1
2026-10-01T10:00Z,map,seoul-4,4
2026-10-01T10:00Z,map,shenzhen,1
2026-10-01T10:00Z,map,singapore-val,1
2026-10-01T10:00Z,map,tehran,1
2026-10-01T10:00Z,map,tijuana-san-diego,1
2026-10-01T10:00Z,map,tromso-no,1
2026-10-01T10:00Z,map,xiamen,1
2026-10-01T10:00Z,map,yukina-ee-tartu,1
2026-10-01T10:00Z,map,yukina-fukui,1
2026-10-01T10:00Z,map,yukina-hiroshima-kure,1
2026-10-01T10:00Z,map,yukina-hu-budapest,1
2026-10-01T10:00Z,map,yukina-kobe-akashi,1
2026-10-01T10:00Z,map,yukina-kochi,1
2026-10-01T10:00Z,map,yukina-lt-panevezys,1
2026-10-01T10:00Z,map,yukina-lt-vilnius,1
2026-10-01T10:00Z,map,yukina-northern-kyushu,1
2026-10-01T10:00Z,map,yukina-okayama,1
2026-10-01T10:00Z,map,yukina-okinawa,1
2026-10-01T10:00Z,map,yukina-pl-central-pomerania,1
2026-10-01T10:00Z,map,yukina-pl-rzeszow,1
2026-10-01T10:00Z,map,yukina-pl-zielona-gora,1
2026-10-01T10:00Z,map,yukina-sapporo-chitose,1
2026-10-01T10:00Z,map,yukina-tokyo,1
2026-10-01T10:00Z,map,yukina-tottori,1
2026-10-01T10:00Z,map,yukina-toyama,1
2026-10-01T10:00Z,map,yukina-tsugaru,1
2026-10-01T10:00Z,map,yukina-tw-taichung,1
2026-10-01T10:00Z,map,yukina-ua-cherkasy,1
2026-10-01T10:00Z,map,yukina-ua-sumy,1
2026-10-01T10:00Z,map,yukina-ua-ternopil,1
2026-10-01T10:00Z,map,yukina-ua-uzhhorod-mukachevo,1
2026-10-01T10:00Z,map,yukina-ua-vinnytsia,1
2026-10-01T10:00Z,map,yukina-yamaguchi,1
2026-10-01T10:00Z,mod,citymapper,1
2026-10-01T10:00Z,mod,japanese-trains,2
2026-10-01T11:00Z,map,alicante,1
2026-10-01T11:00Z,map,au-brisbane,1
2026-10-01T11:00Z,map,au-melbourne,1
2026-10-01T11:00Z,map,au-perth,1
2026-10-01T11:00Z,map,bergen-stavanger-no,1
2026-10-01T11:00Z,map,bilbao,1
2026-10-01T11:00Z,map,bologna,1
2026-10-01T11:00Z,map,brest,1
2026-10-01T11:00Z,map,caen,1
2026-10-01T11:00Z,map,cairo,1
2026-10-01T11:00Z,map,calais-dunkerque,1
2026-10-01T11:00Z,map,calgary,1
2026-10-01T11:00Z,map,cancun-riviera-maya,1
2026-10-01T11:00Z,map,cape-town,1
2026-10-01T11:00Z,map,cdmx-core,1
2026-10-01T11:00Z,map,corse,1
2026-10-01T11:00Z,map,damascus,1
2026-10-01T11:00Z,map,doha,1
2026-10-01T11:00Z,map,genoa,1
2026-10-01T11:00Z,map,greater-kuala-lumpur,1
2026-10-01T11:00Z,map,guadeloupe,1
2026-10-01T11:00Z,map,guangzhou,1
2026-10-01T11:00Z,map,guyane,1
2026-10-01T11:00Z,map,helsinki,1
2026-10-01T11:00Z,map,jeddah-mecca,1
2026-10-01T11:00Z,map,kristiansand-no,1
2026-10-01T11:00Z,map,kuwait-city,1
2026-10-01T11:00Z,map,la-rochelle,1
2026-10-01T11:00Z,map,le-mans,1
2026-10-01T11:00Z,map,lille,1
2026-10-01T11:00Z,map,mashhad,1
2026-10-01T11:00Z,map,mfn-hong-kong,1
2026-10-01T11:00Z,map,monterrey,1
2026-10-01T11:00Z,map,mosul,1
2026-10-01T11:00Z,map,nz-christchurch,1
2026-10-01T11:00Z,map,opo-pt-metropolitan,1
2026-10-01T11:00Z,map,palermo,1
2026-10-01T11:00Z,map,pianura-emiliana,1
2026-10-01T11:00Z,map,puerto-rico,1
2026-10-01T11:00Z,map,riviera-romagnola,1
2026-10-01T11:00Z,map,san-juan,1
2026-10-01T11:00Z,map,shiraz,1
2026-10-01T11:00Z,map,sofia-bulgaria,1
2026-10-01T11:00Z,map,tel-aviv,1
2026-10-01T11:00Z,map,tours,1
2026-10-01T11:00Z,map,trondheim-no,1
2026-10-01T11:00Z,map,winnipeg,1
2026-10-01T11:00Z,map,yukina-asahikawa,1
2026-10-01T11:00Z,map,yukina-cz-brno,1
2026-10-01T11:00Z,map,yukina-cz-liberec-jablonec,1
2026-10-01T11:00Z,map,yukina-cz-olomouc,1
2026-10-01T11:00Z,map,yukina-cz-ustecko-chomutov,1
2026-10-01T11:00Z,map,yukina-fukuoka,2
2026-10-01T11:00Z,map,yukina-fukuyama,1
2026-10-01T11:00Z,map,yukina-hachinohe,1
2026-10-01T11:00Z,map,yukina-hakodate,1
2026-10-01T11:00Z,map,yukina-hiroshima-kure,1
2026-10-01T11:00Z,map,yukina-kanazawa,1
2026-10-01T11:00Z,map,yukina-keihanshin,2
2026-10-01T11:00Z,map,yukina-kitakyushu-shimonoseki,1
2026-10-01T11:00Z,map,yukina-kobe-akashi,1
2026-10-01T11:00Z,map,yukina-kofu,1
2026-10-01T11:00Z,map,yukina-kumamoto,1
2026-10-01T11:00Z,map,yukina-kyoto,1
2026-10-01T11:00Z,map,yukina-lt-kaunas,1
2026-10-01T11:00Z,map,yukina-lv-daugavpils,1
2026-10-01T11:00Z,map,yukina-lv-liepaja,1
2026-10-01T11:00Z,map,yukina-matsumoto,1
2026-10-01T11:00Z,map,yukina-matsuyama,1
2026-10-01T11:00Z,map,yukina-miyazaki,1
2026-10-01T11:00Z,map,yukina-morioka,1
2026-10-01T11:00Z,map,yukina-nagano,1
2026-10-01T11:00Z,map,yukina-nagasaki,1
2026-10-01T11:00Z,map,yukina-nagoya,1
2026-10-01T11:00Z,map,yukina-nakaumi,1
2026-10-01T11:00Z,map,yukina-niigata,1
2026-10-01T11:00Z,map,yukina-northern-kyushu,1
2026-10-01T11:00Z,map,yukina-oita,1
2026-10-01T11:00Z,map,yukina-okinawa,1
2026-10-01T11:00Z,map,yukina-osaka,2
2026-10-01T11:00Z,map,yukina-pl-czestochowa,1
2026-10-01T11:00Z,map,yukina-pl-kielce,1
2026-10-01T11:00Z,map,yukina-pl-krakow,1
2026-10-01T11:00Z,map,yukina-pl-lodz,1
2026-10-01T11:00Z,map,yukina-pl-plock-wloclawek,1
2026-10-01T11:00Z,map,yukina-pl-poznan,1
2026-10-01T11:00Z,map,yukina-sapporo-chitose,1
2026-10-01T11:00Z,map,yukina-sendai,1
2026-10-01T11:00Z,map,yukina-sk-banska-bystrica,1
2026-10-01T11:00Z,map,yukina-sk-bratislava,1
2026-10-01T11:00Z,map,yukina-sk-kosice-presov,1
2026-10-01T11:00Z,map,yukina-sk-trencin,1
2026-10-01T11:00Z,map,yukina-sk-zilina,1
2026-10-01T11:00Z,map,yukina-takamatsu,1
2026-10-01T11:00Z,map,yukina-tokushima,1
2026-10-01T11:00Z,map,yukina-tokyo,3
2026-10-01T11:00Z,map,yukina-tw-chiayi,1
2026-10-01T11:00Z,map,yukina-tw-kaohsiung,1
2026-10-01T11:00Z,map,yukina-tw-southern-taiwan,1
2026-10-01T11:00Z,map,yukina-tw-yilan,1
2026-10-01T11:00Z,map,yukina-ua-chernihiv,1
2026-10-01T11:00Z,map,yukina-ua-dnipro,1
2026-10-01T11:00Z,map,yukina-ua-khmelnytskyi,1
2026-10-01T11:00Z,map,yukina-ua-kremenchuk,1
2026-10-01T11:00Z,map,yukina-ua-kryvyi-rih,1
2026-10-01T11:00Z,map,yukina-ua-lviv,1
2026-10-01T11:00Z,map,yukina-ua-odesa,1
2026-10-01T11:00Z,map,yukina-ua-poltava,1
2026-10-01T11:00Z,map,yukina-ua-rivne-lutsk,1
2026-10-01T11:00Z,map,yukina-ua-zaporizhzhia,1
2026-10-01T11:00Z,map,yukina-ua-zhytomyr,1
2026-10-01T11:00Z,map,yukina-utsunomiya,1
2026-10-01T11:00Z,map,yukina-wakayama,1
2026-10-01T11:00Z,map,yukina-yamagata,1
2026-10-01T11:00Z,mod,any-money,1
2026-10-01T11:00Z,mod,larp-builder,1
2026-10-01T11:00Z,mod,upzoned-transit,2
2026-10-01T12:00Z,map,abu-dhabi,1
2026-10-01T12:00Z,map,aleppo,1
2026-10-01T12:00Z,map,amiens,1
2026-10-01T12:00Z,map,ankara,1
2026-10-01T12:00Z,map,antalya,1
2026-10-01T12:00Z,map,au-adelaide,1
2026-10-01T12:00Z,map,au-syd2,1
2026-10-01T12:00Z,map,baltimore-dc-corridor,1
2026-10-01T12:00Z,map,bari,1
2026-10-01T12:00Z,map,beijing,1
2026-10-01T12:00Z,map,bordeaux-arcachon-libourne,1
2026-10-01T12:00Z,map,catt-chile-central,1
2026-10-01T12:00Z,map,ciudad-de-mexico,2
2026-10-01T12:00Z,map,dijon,1
2026-10-01T12:00Z,map,dubai,1
2026-10-01T12:00Z,map,edmonton,1
2026-10-01T12:00Z,map,garda-lake,1
2026-10-01T12:00Z,map,genoa,2
2026-10-01T12:00Z,map,grand-geneve,1
2026-10-01T12:00Z,map,guadalajara,1
2026-10-01T12:00Z,map,helsinki,1
2026-10-01T12:00Z,map,jelegend-tokyo,1
2026-10-01T12:00Z,map,limoges,1
2026-10-01T12:00Z,map,madrid,1
2026-10-01T12:00Z,map,martinique,1
2026-10-01T12:00Z,map,metz-nancy,1
2026-10-01T12:00Z,map,montreal,1
2026-10-01T12:00Z,map,nantes,1
2026-10-01T12:00Z,map,nz-auckland,1
2026-10-01T12:00Z,map,ottawa,1
2026-10-01T12:00Z,map,pays-basque,1
2026-10-01T12:00Z,map,puebla,1
2026-10-01T12:00Z,map,quebec-city,1
2026-10-01T12:00Z,map,rouen,1
2026-10-01T12:00Z,map,seoul,1
2026-10-01T12:00Z,map,seoul-4,2
2026-10-01T12:00Z,map,sevilla,1
2026-10-01T12:00Z,map,shanghai,1
2026-10-01T12:00Z,map,toulouse,1
2026-10-01T12:00Z,map,troyes,1
2026-10-01T12:00Z,map,turin,1
2026-10-01T12:00Z,map,valencia,1
2026-10-01T12:00Z,map,yukina-akita,1
2026-10-01T12:00Z,map,yukina-bydgoszcz-torun,1
2026-10-01T12:00Z,map,yukina-cz-ceske-budejovice,1
2026-10-01T12:00Z,map,yukina-cz-hradec-pardubice,1
2026-10-01T12:00Z,map,yukina-cz-jihlava,1
2026-10-01T12:00Z,map,yukina-cz-karlovy-vary,1
2026-10-01T12:00Z,map,yukina-cz-ostrava,1
2026-10-01T12:00Z,map,yukina-cz-plzen,1
2026-10-01T12:00Z,map,yukina-cz-praha,1
2026-10-01T12:00Z,map,yukina-cz-zlin,1
2026-10-01T12:00Z,map,yukina-ee-ida-viru,1
2026-10-01T12:00Z,map,yukina-ee-parnu,1
2026-10-01T12:00Z,map,yukina-ee-tallinn,1
2026-10-01T12:00Z,map,yukina-fuji-numazu,1
2026-10-01T12:00Z,map,yukina-hu-bekescsaba,1
2026-10-01T12:00Z,map,yukina-hu-budapest,1
2026-10-01T12:00Z,map,yukina-hu-debrecen-nyiregyhaza,1
2026-10-01T12:00Z,map,yukina-hu-gyor,1
2026-10-01T12:00Z,map,yukina-hu-kaposvar,1
2026-10-01T12:00Z,map,yukina-hu-miskolc,1
2026-10-01T12:00Z,map,yukina-hu-nyugat-dunantul,1
2026-10-01T12:00Z,map,yukina-hu-pecs,1
2026-10-01T12:00Z,map,yukina-hu-szeged,1
2026-10-01T12:00Z,map,yukina-hu-szekszard-baja,1
2026-10-01T12:00Z,map,yukina-hu-veszprem-balaton,1
2026-10-01T12:00Z,map,yukina-kagoshima-kirishima,1
2026-10-01T12:00Z,map,yukina-keihanshin,1
2026-10-01T12:00Z,map,yukina-kyoto,1
2026-10-01T12:00Z,map,yukina-lt-klaipeda,1
2026-10-01T12:00Z,map,yukina-lt-siauliai,1
2026-10-01T12:00Z,map,yukina-lv-riga,1
2026-10-01T12:00Z,map,yukina-maebashi,1
2026-10-01T12:00Z,map,yukina-mito-hitachi,1
2026-10-01T12:00Z,map,yukina-nagoya,1
2026-10-01T12:00Z,map,yukina-nakadoori,1
2026-10-01T12:00Z,map,yukina-osaka,1
2026-10-01T12:00Z,map,yukina-pl-bialystok,1
2026-10-01T12:00Z,map,yukina-pl-legnica,1
2026-10-01T12:00Z,map,yukina-pl-lublin,1
2026-10-01T12:00Z,map,yukina-pl-olsztyn,1
2026-10-01T12:00Z,map,yukina-pl-opole,1
2026-10-01T12:00Z,map,yukina-pl-radom,1
2026-10-01T12:00Z,map,yukina-sapporo-chitose,1
2026-10-01T12:00Z,map,yukina-sendai,1
2026-10-01T12:00Z,map,yukina-shizuoka-hamamatsu,1
2026-10-01T12:00Z,map,yukina-sk-bratislava,1
2026-10-01T12:00Z,map,yukina-sk-nitra,1
2026-10-01T12:00Z,map,yukina-sk-poprad-spisska-nova-ves,1
2026-10-01T12:00Z,map,yukina-tw-hsinchu,1
2026-10-01T12:00Z,map,yukina-tw-tainan,1
2026-10-01T12:00Z,map,yukina-tw-taipei,1
2026-10-01T12:00Z,map,yukina-ua-chernivtsi,1
2026-10-01T12:00Z,map,yukina-ua-ivano-frankivsk,1
2026-10-01T12:00Z,map,yukina-ua-kharkiv,1
2026-10-01T12:00Z,map,yukina-ua-kropyvnytskyi,1
2026-10-01T12:00Z,map,yukina-ua-kyiv,1
2026-10-01T12:00Z,map,yukina-ua-mykolaiv-kherson,1
2026-10-01T12:00Z,mod,demand-developer,1
2026-10-01T12:00Z,mod,induced-demand,1
2026-10-01T12:00Z,mod,la-metro-trainpack,1
2026-10-01T12:00Z,mod,larp-builder,1
2026-10-01T12:00Z,mod,upzoned-transit,1
2026-10-01T13:00Z,map,amba,1
2026-10-01T13:00Z,map,barcelona,1
2026-10-01T13:00Z,map,berlin-val,1
2026-10-01T13:00Z,map,brussels,1
2026-10-01T13:00Z,map,calais-dunkerque,2
2026-10-01T13:00Z,map,jelegend-tokyo,1
2026-10-01T13:00Z,map,madrid,1
2026-10-01T13:00Z,map,metz-nancy,1
2026-10-01T13:00Z,map,nice-cote-d-azur,1
2026-10-01T13:00Z,map,nz-wellington,3
2026-10-01T13:00Z,map,rome,1
2026-10-01T13:00Z,map,seoul-4,1
2026-10-01T13:00Z,map,yukina-cz-brno,1
2026-10-01T13:00Z,map,yukina-cz-praha,1
2026-10-01T13:00Z,map,yukina-hu-budapest,1
2026-10-01T13:00Z,map,yukina-pl-warszawa,1
2026-10-01T13:00Z,map,yukina-pl-wroclaw,1
2026-10-01T13:00Z,map,yukina-sk-bratislava,1
2026-10-01T13:00Z,map,yukina-ua-kyiv,2
2026-10-01T13:00Z,map,yukina-ua-rivne-lutsk,1
2026-10-01T13:00Z,map,yukina-ua-zhytomyr,1
2026-10-01T13:00Z,mod,any-money,1
2026-10-01T13:00Z,mod,distance-circles,1
2026-10-01T13:00Z,mod,induced-demand,1
2026-10-01T13:00Z,mod,time-boost,1
2026-10-01T13:00Z,mod,valdotoriums-trains,1
2026-10-01T14:00Z,map,bordeaux-arcachon-libourne,3
2026-10-01T14:00Z,map,ciudad-de-mexico,1
2026-10-01T14:00Z,map,lille,2
2026-10-01T14:00Z,map,lyon,1
2026-10-01T14:00Z,map,marseille,1
2026-10-01T14:00Z,map,muenchen,1
2026-10-01T14:00Z,map,nantes,1
2026-10-01T14:00Z,map,nz-wellington,2
2026-10-01T14:00Z,map,paris-ile-de-france,1
2026-10-01T14:00Z,map,rennes,1
2026-10-01T14:00Z,map,seoul-4,2
2026-10-01T14:00Z,map,singapore-val,1
2026-10-01T14:00Z,map,strasbourg,1
2026-10-01T14:00Z,map,sydney,1
2026-10-01T14:00Z,map,vancouver,1
2026-10-01T14:00Z,map,yukina-cz-brno,1
2026-10-01T14:00Z,map,yukina-cz-praha,1
2026-10-01T14:00Z,map,yukina-ee-tallinn,1
2026-10-01T14:00Z,map,yukina-hiroshima-kure,1
2026-10-01T14:00Z,map,yukina-kobe-akashi,1
2026-10-01T14:00Z,map,yukina-kyoto,1
2026-10-01T14:00Z,map,yukina-lt-vilnius,2
2026-10-01T14:00Z,map,yukina-lv-riga,1
2026-10-01T14:00Z,map,yukina-nagasaki,1
2026-10-01T14:00Z,map,yukina-nagoya,1
2026-10-01T14:00Z,map,yukina-okinawa,1
2026-10-01T14:00Z,map,yukina-osaka,1
2026-10-01T14:00Z,map,yukina-pl-gdansk,1
2026-10-01T14:00Z,map,yukina-pl-katowice-gzm,1
2026-10-01T14:00Z,map,yukina-pl-warszawa,1
2026-10-01T14:00Z,map,yukina-sapporo-chitose,1
2026-10-01T14:00Z,map,yukina-sendai,1
2026-10-01T14:00Z,map,yukina-tokyo,1
2026-10-01T14:00Z,map,yukina-tw-kaohsiung,1
2026-10-01T14:00Z,map,yukina-tw-tainan,1
2026-10-01T14:00Z,map,yukina-ua-kyiv,1
2026-10-01T14:00Z,mod,improved-schematics,1
2026-10-01T14:00Z,mod,lrt-trains,1
2026-10-01T14:00Z,mod,mode-manager,1
2026-10-01T14:00Z,mod,scrollable-dropdowns,1
2026-10-01T15:00Z,map,beijing,1
2026-10-01T15:00Z,map,berlin-val,1
2026-10-01T15:00Z,map,chongqing,1
2026-10-01T15:00Z,map,greater-los-angeles,1
2026-10-01T15:00Z,map,guangzhou,1
2026-10-01T15:00Z,map,lille,1
2026-10-01T15:00Z,map,los-angeles-county,1
2026-10-01T15:00Z,map,mfn-hong-kong,1
2026-10-01T15:00Z,map,mississippi,1
2026-10-01T15:00Z,map,montreal,1
2026-10-01T15:00Z,map,nz-wellington,6
2026-10-01T15:00Z,map,orange-county,1
2026-10-01T15:00Z,map,oslo-no,2
2026-10-01T15:00Z,map,rennes,1
2026-10-01T15:00Z,map,rhode-island,1
2026-10-01T15:00Z,map,santa-barbara,1
2026-10-01T15:00Z,map,shenzhen,1
2026-10-01T15:00Z,map,south-florida,1
2026-10-01T15:00Z,map,spokane,1
2026-10-01T15:00Z,map,springfield-il,1
2026-10-01T15:00Z,map,sydney,1
2026-10-01T15:00Z,map,tijuana-san-diego,1
2026-10-01T15:00Z,map,toulouse,1
2026-10-01T15:00Z,map,yukina-cz-praha,1
2026-10-01T15:00Z,map,yukina-niigata,1
2026-10-01T15:00Z,map,yukina-pl-krakow,1
2026-10-01T15:00Z,map,yukina-pl-warszawa,1
2026-10-01T15:00Z,map,yukina-pl-wroclaw,1
2026-10-01T15:00Z,map,yukina-sapporo-chitose,1
2026-10-01T15:00Z,map,yukina-tw-chiayi,1
2026-10-01T15:00Z,map,yukina-tw-hsinchu,1
2026-10-01T15:00Z,map,yukina-tw-southern-taiwan,1
2026-10-01T15:00Z,map,yukina-tw-taichung,1
2026-10-01T15:00Z,map,yukina-tw-taipei,1
2026-10-01T15:00Z,mod,dantrains-abridged,1
2026-10-01T15:00Z,mod,demand-developer,1
2026-10-01T15:00Z,mod,game-speedup,1
2026-10-01T15:00Z,mod,improved-schematics,2
2026-10-01T15:00Z,mod,intercity-hsr-trains,1
2026-10-01T15:00Z,mod,japanese-trains,1
2026-10-01T15:00Z,mod,larp-builder,1
2026-10-01T15:00Z,mod,neighborhood-station-names,2
2026-10-01T15:00Z,mod,penguin-approved-rolling-stock,1
2026-10-01T15:00Z,mod,scrollable-dropdowns,1
2026-10-01T15:00Z,mod,simple-trains,1
2026-10-01T15:00Z,mod,station-dots,1
2026-10-01T15:00Z,mod,time-boost,3
2026-10-01T15:00Z,mod,transit-overlay,1
2026-10-01T16:00Z,map,amba,3
2026-10-01T16:00Z,map,amsterdam,1
2026-10-01T16:00Z,map,jerusalem,1
2026-10-01T16:00Z,map,mfn-lasvegas,1
2026-10-01T16:00Z,map,nz-wellington,1
2026-10-01T16:00Z,map,sydney,3
2026-10-01T16:00Z,map,toronto,1
2026-10-01T16:00Z,map,yukina-ua-dnipro,2
2026-10-01T16:00Z,map,yukina-ua-kharkiv,2
2026-10-01T16:00Z,map,yukina-ua-kryvyi-rih,2
2026-10-01T16:00Z,map,yukina-ua-kyiv,2
2026-10-01T16:00Z,map,yukina-ua-lviv,2
2026-10-01T16:00Z,map,yukina-ua-odesa,2
2026-10-01T16:00Z,map,yukina-ua-zaporizhzhia,2
2026-10-01T16:00Z,mod,basedgoat-trains,1
2026-10-01T16:00Z,mod,dantrains-abridged,1
2026-10-01T16:00Z,mod,improved-schematics,1
2026-10-01T16:00Z,mod,intercity-hsr-trains,1
2026-10-01T16:00Z,mod,japanese-trains,13
2026-10-01T16:00Z,mod,la-metro-trainpack,1
2026-10-01T16:00Z,mod,larp-builder,3
2026-10-01T16:00Z,mod,noah-great-society,1
2026-10-01T16:00Z,mod,penguin-approved-rolling-stock,1
2026-10-01T16:00Z,mod,transit-overlay,1
2026-10-01T17:00Z,map,alexandria,1
2026-10-01T17:00Z,map,beijing,1
2026-10-01T17:00Z,map,genoa,2
2026-10-01T17:00Z,map,hamburg,1
2026-10-01T17:00Z,map,kristiansand-no,1
2026-10-01T17:00Z,map,moscow-and-oblast,1
2026-10-01T17:00Z,map,seoul-4,2
2026-10-01T17:00Z,map,sydney,1
2026-10-01T17:00Z,map,vancouver,1
2026-10-01T17:00Z,map,yukina-hu-budapest,1
2026-10-01T17:00Z,map,yukina-tw-kaohsiung,1
2026-10-01T17:00Z,map,yukina-tw-southern-taiwan,2
2026-10-01T17:00Z,mod,distance-circles,1
2026-10-01T17:00Z,mod,improved-schematics,1
2026-10-01T17:00Z,mod,larp-builder,1
2026-10-01T17:00Z,mod,neighborhood-station-names,1
2026-10-01T17:00Z,mod,penguin-approved-rolling-stock,1
2026-10-01T17:00Z,mod,subway-builder-performance,1
2026-10-01T18:00Z,map,beijing,1
2026-10-01T18:00Z,map,montreal,2
2026-10-01T18:00Z,map,rhein-main-neckar,1
2026-10-01T18:00Z,map,seoul,1
2026-10-01T18:00Z,map,seoul-4,1
2026-10-01T18:00Z,map,sofia-bulgaria,1
2026-10-01T18:00Z,map,sydney,1
2026-10-01T18:00Z,map,tel-aviv,1
2026-10-01T18:00Z,map,vancouver,1
2026-10-01T18:00Z,map,yukina-cz-brno,1
2026-10-01T18:00Z,map,yukina-cz-praha,1
2026-10-01T18:00Z,map,yukina-hu-budapest,1
2026-10-01T18:00Z,map,yukina-tw-kaohsiung,1
2026-10-01T18:00Z,mod,any-money,1
2026-10-01T18:00Z,mod,auto-lines,1
2026-10-01T18:00Z,mod,distance-circles,2
2026-10-01T18:00Z,mod,improved-schematics,1
2026-10-01T18:00Z,mod,induced-demand,2
2026-10-01T18:00Z,mod,larp-builder,1
2026-10-01T18:00Z,mod,missed-connections,1
2026-10-01T18:00Z,mod,network-status,2
2026-10-01T18:00Z,mod,subwaybuilder-regions,1
2026-10-01T18:00Z,mod,tathan-casino,1
2026-10-01T18:00Z,mod,track-anarchy,1
2026-10-01T18:00Z,mod,upzoned-transit,1
2026-10-01T18:00Z,mod,valdotoriums-trains,2
2026-10-01T19:00Z,map,amba,1
2026-10-01T19:00Z,map,arc-mediterraneen,1
2026-10-01T19:00Z,map,berlin-val,2
2026-10-01T19:00Z,map,bonn-koeln,1
2026-10-01T19:00Z,map,bordeaux-arcachon-libourne,1
2026-10-01T19:00Z,map,busan-4,1
2026-10-01T19:00Z,map,calgary,1
2026-10-01T19:00Z,map,genoa,2
2026-10-01T19:00Z,map,istanbul,1
2026-10-01T19:00Z,map,jeju-f,1
2026-10-01T19:00Z,map,moscow-and-oblast,1
2026-10-01T19:00Z,map,orleans,1
2026-10-01T19:00Z,map,pau,1
2026-10-01T19:00Z,map,rhein-main-neckar,2
2026-10-01T19:00Z,map,rome,1
2026-10-01T19:00Z,map,tehran,1
2026-10-01T19:00Z,map,tel-aviv,1
2026-10-01T19:00Z,map,toulouse,1
2026-10-01T19:00Z,map,valencia,1
2026-10-01T19:00Z,map,yukina-cz-praha,1
2026-10-01T19:00Z,map,yukina-hu-budapest,2
2026-10-01T19:00Z,map,yukina-lv-liepaja,1
2026-10-01T19:00Z,map,yukina-pl-warszawa,1
2026-10-01T19:00Z,map,yukina-ua-khmelnytskyi,2
2026-10-01T19:00Z,map,yukina-ua-kyiv,3
2026-10-01T19:00Z,mod,any-money,1
2026-10-01T19:00Z,mod,dantrains-abridged,1
2026-10-01T19:00Z,mod,demand-developer,1
2026-10-01T19:00Z,mod,distance-circles,1
2026-10-01T19:00Z,mod,hide-and-seek,1
2026-10-01T19:00Z,mod,intercity-hsr-trains,2
2026-10-01T19:00Z,mod,japanese-trains,1
2026-10-01T19:00Z,mod,larp-builder,3
2026-10-01T19:00Z,mod,missed-connections,1
2026-10-01T19:00Z,mod,network-status,1
2026-10-01T19:00Z,mod,scrollable-dropdowns,1
2026-10-01T19:00Z,mod,time-boost,1
2026-10-01T19:00Z,mod,tod,1
2026-10-01T19:00Z,mod,track-anarchy,1
2026-10-01T19:00Z,mod,upzoned-transit,1
2026-10-01T19:00Z,mod,valdotoriums-trains,3
2026-10-01T20:00Z,map,helsinki,1
2026-10-01T20:00Z,map,rhode-island,1
2026-10-01T20:00Z,map,vienna,3
2026-10-01T20:00Z,map,yukina-cz-praha,2
2026-10-01T20:00Z,map,yukina-fukuoka,1
2026-10-01T20:00Z,map,yukina-pl-lodz,2
2026-10-01T20:00Z,map,yukina-pl-rzeszow,1
2026-10-01T20:00Z,map,yukina-pl-warszawa,3
2026-10-01T20:00Z,map,yukina-tsugaru,1
2026-10-01T20:00Z,map,yukina-ua-kyiv,1
2026-10-01T20:00Z,map,yukina-ua-lviv,1
2026-10-01T20:00Z,map,zurich,1
2026-10-01T20:00Z,mod,subwaybuilder-regions,1
2026-10-01T20:00Z,mod,valdotoriums-trains,1
2026-10-01T21:00Z,map,madrid,1
2026-10-01T21:00Z,map,oklahoma-city,1
2026-10-01T21:00Z,map,san-antonio,1
2026-10-01T21:00Z,map,seoul-4,4
2026-10-01T21:00Z,map,toronto,1
2026-10-01T21:00Z,map,yukina-cz-praha,1
2026-10-01T21:00Z,map,yukina-cz-ustecko-chomutov,1
2026-10-01T21:00Z,map,yukina-hu-budapest,1
2026-10-01T21:00Z,map,yukina-nakaumi,1
2026-10-01T21:00Z,map,yukina-northern-kyushu,1
2026-10-01T21:00Z,map,yukina-pl-wroclaw,1
2026-10-01T21:00Z,map,yukina-ua-kyiv,1
2026-10-01T21:00Z,map,yukina-ua-rivne-lutsk,1
2026-10-01T21:00Z,map,yukina-ua-zhytomyr,1
2026-10-01T21:00Z,mod,improved-schematics,1
2026-10-01T21:00Z,mod,larp-builder,2
2026-10-01T21:00Z,mod,subwaybuilder-regions,1
2026-10-01T21:00Z,mod,upzoned-transit,2
2026-10-01T22:00Z,map,amba,3
2026-10-01T22:00Z,map,baltimore-dc-corridor,1
2026-10-01T22:00Z,map,barcelona,1
2026-10-01T22:00Z,map,bari,1
2026-10-01T22:00Z,map,berlin-val,1
2026-10-01T22:00Z,map,bilbao,1
2026-10-01T22:00Z,map,busan-4,2
2026-10-01T22:00Z,map,calgary,1
2026-10-01T22:00Z,map,changwon,1
2026-10-01T22:00Z,map,edmonton,1
2026-10-01T22:00Z,map,florence,1
2026-10-01T22:00Z,map,greater-los-angeles,1
2026-10-01T22:00Z,map,greater-portland,1
2026-10-01T22:00Z,map,guadalajara,1
2026-10-01T22:00Z,map,incheon-4,2
2026-10-01T22:00Z,map,jerusalem,1
2026-10-01T22:00Z,map,mexicali,1
2026-10-01T22:00Z,map,mfn-lasvegas,1
2026-10-01T22:00Z,map,monterrey,1
2026-10-01T22:00Z,map,montreal,2
2026-10-01T22:00Z,map,quebec-city,1
2026-10-01T22:00Z,map,riviera-romagnola,1
2026-10-01T22:00Z,map,rochester,1
2026-10-01T22:00Z,map,rome,1
2026-10-01T22:00Z,map,santa-barbara,1
2026-10-01T22:00Z,map,seoul-4,2
2026-10-01T22:00Z,map,south-florida,1
2026-10-01T22:00Z,map,sydney,3
2026-10-01T22:00Z,map,tampa-bay,1
2026-10-01T22:00Z,map,tijuana-san-diego,1
2026-10-01T22:00Z,map,toronto,1
2026-10-01T22:00Z,map,valencia,1
2026-10-01T22:00Z,map,yukina-hu-budapest,1
2026-10-01T22:00Z,map,yukina-niigata,1
2026-10-01T22:00Z,map,yukina-pl-bialystok,1
2026-10-01T22:00Z,map,yukina-ua-dnipro,2
2026-10-01T22:00Z,map,yukina-ua-kharkiv,2
2026-10-01T22:00Z,map,yukina-ua-kryvyi-rih,2
2026-10-01T22:00Z,map,yukina-ua-kyiv,2
2026-10-01T22:00Z,map,yukina-ua-lviv,2
2026-10-01T22:00Z,map,yukina-ua-odesa,2
2026-10-01T22:00Z,map,yukina-ua-zaporizhzhia,2
2026-10-01T22:00Z,mod,basedgoat-trains,1
2026-10-01T22:00Z,mod,dantrains-abridged,2
2026-10-01T22:00Z,mod,distance-circles,1
2026-10-01T22:00Z,mod,improved-schematics,1
2026-10-01T22:00Z,mod,induced-demand,1
2026-10-01T22:00Z,mod,japanese-trains,13
2026-10-01T22:00Z,mod,la-metro-trainpack,1
2026-10-01T22:00Z,mod,larp-builder,1
2026-10-01T22:00Z,mod,lrt-trains,1
2026-10-01T22:00Z,mod,noah-great-society,1
2026-10-01T22:00Z,mod,orbital-surveyor,1
2026-10-01T22:00Z,mod,subwaybuilder-regions,1
2026-10-01T22:00Z,mod,track-anarchy,3
2026-10-01T22:00Z,mod,track-visualizer,1
2026-10-01T22:00Z,mod,transit-overlay,1
2026-10-01T22:00Z,mod,valdotoriums-trains,1
2026-10-01T23:00Z,map,busan-4,1
2026-10-01T23:00Z,map,cancun-riviera-maya,1
2026-10-01T23:00Z,map,catt-chile-central,1
2026-10-01T23:00Z,map,hamburg,1
2026-10-01T23:00Z,map,incheon-4,1
2026-10-01T23:00Z,map,moscow-and-oblast,4
2026-10-01T23:00Z,map,muenchen,1
2026-10-01T23:00Z,map,ruhrgebiet,1
2026-10-01T23:00Z,map,seoul,1
2026-10-01T23:00Z,map,seoul-4,1
2026-10-01T23:00Z,map,shenzhen,1
2026-10-01T23:00Z,map,sydney,2
2026-10-01T23:00Z,map,toronto,1
2026-10-01T23:00Z,map,yukina-cz-zlin,1
2026-10-01T23:00Z,map,yukina-hu-budapest,1
2026-10-01T23:00Z,map,yukina-ua-kyiv,1
2026-10-01T23:00Z,mod,any-money,1
2026-10-01T23:00Z,mod,basedgoat-trains,1
2026-10-01T23:00Z,mod,demand-developer,1
2026-10-01T23:00Z,mod,distance-circles,1
2026-10-01T23:00Z,mod,game-speedup,1
2026-10-01T23:00Z,mod,improved-schematics,1
2026-10-01T23:00Z,mod,induced-demand,1
2026-10-01T23:00Z,mod,intercity-hsr-trains,1
2026-10-01T23:00Z,mod,larp-builder,1
2026-10-01T23:00Z,mod,neighborhood-station-names,1
2026-10-01T23:00Z,mod,network-status,1
2026-10-01T23:00Z,mod,noah-great-society,1
2026-10-01T23:00Z,mod,penguin-approved-rolling-stock,1
2026-10-01T23:00Z,mod,track-anarchy,1
2026-10-01T23:00Z,mod,upzoned-transit,2
2026-10-01T23:00Z,mod,valdotoriums-trains,3
2026-10-02T00:00Z,map,mfn-hong-kong,1
2026-10-02T00:00Z,mod,distance-circles,1
2026-10-02T00:00Z,mod,improved-schematics,1
2026-10-02T00:00Z,mod,missed-connections,1
2026-10-02T01:00Z,map,amba,1
2026-10-02T01:00Z,map,berlin-val,1
2026-10-02T01:00Z,map,hamburg,1
2026-10-02T01:00Z,map,madrid,1
2026-10-02T01:00Z,map,montreal,3
2026-10-02T01:00Z,map,rhein-main-neckar,1
2026-10-02T01:00Z,map,toronto,2
2026-10-02T01:00Z,map,vancouver,1
2026-10-02T01:00Z,map,winnipeg,3
2026-10-02T01:00Z,map,yukina-sk-bratislava,1
2026-10-02T01:00Z,mod,any-money,1
2026-10-02T01:00Z,mod,demand-developer,1
2026-10-02T01:00Z,mod,distance-circles,1
2026-10-02T01:00Z,mod,lrt-trains,1
2026-10-02T01:00Z,mod,madrid-transit-pack,1
2026-10-02T01:00Z,mod,scrollable-dropdowns,1
2026-10-02T01:00Z,mod,simple-trains,1
2026-10-02T01:00Z,mod,station-dots,2
2026-10-02T01:00Z,mod,time-boost,1
2026-10-02T01:00Z,mod,track-anarchy,2
2026-10-02T01:00Z,mod,upzoned-transit,1
2026-10-02T01:00Z,mod,valdotoriums-trains,1
2026-10-02T02:00Z,map,amba,1
2026-10-02T02:00Z,map,busan-4,1
2026-10-02T02:00Z,map,cancun-riviera-maya,1
2026-10-02T02:00Z,map,chongqing,2
2026-10-02T02:00Z,map,montreal,1
2026-10-02T02:00Z,map,nz-wellington,1
2026-10-02T02:00Z,map,oklahoma-city,1
2026-10-02T02:00Z,map,singapore-val,1
2026-10-02T02:00Z,map,sydney,1
2026-10-02T02:00Z,map,toronto,2
2026-10-02T02:00Z,map,winnipeg,1
2026-10-02T02:00Z,map,yukina-hu-budapest,2
2026-10-02T02:00Z,map,yukina-tw-taipei,1
2026-10-02T02:00Z,mod,distance-circles,3
2026-10-02T02:00Z,mod,game-speedup,1
2026-10-02T02:00Z,mod,improved-schematics,1
2026-10-02T02:00Z,mod,missed-connections,1
2026-10-02T02:00Z,mod,neighborhood-station-names,1
2026-10-02T02:00Z,mod,simple-trains,1
2026-10-02T02:00Z,mod,station-dots,1
2026-10-02T02:00Z,mod,subway-builder-performance,1
2026-10-02T02:00Z,mod,subwaybuilder-regions,2
2026-10-02T02:00Z,mod,track-anarchy,2
2026-10-02T02:00Z,mod,train-anarchy,1
2026-10-02T03:00Z,map,abu-dhabi,1
2026-10-02T03:00Z,map,amba,1
2026-10-02T03:00Z,map,baghdad,1
2026-10-02T03:00Z,map,busan-4,1
2026-10-02T03:00Z,map,calgary,1
2026-10-02T03:00Z,map,cape-town,1
2026-10-02T03:00Z,map,doha,1
2026-10-02T03:00Z,map,edmonton,1
2026-10-02T03:00Z,map,greater-chicagoland,1
2026-10-02T03:00Z,map,jacksonville,1
2026-10-02T03:00Z,map,memphis,1
2026-10-02T03:00Z,map,montreal,1
2026-10-02T03:00Z,map,orlando,1
2026-10-02T03:00Z,map,ottawa,1
2026-10-02T03:00Z,map,quebec-city,1
2026-10-02T03:00Z,map,rhode-island,1
2026-10-02T03:00Z,map,richmond,1
2026-10-02T03:00Z,map,rochester,1
2026-10-02T03:00Z,map,rotterdam-the-hague,1
2026-10-02T03:00Z,map,seoul-4,2
2026-10-02T03:00Z,map,tampa-bay,1
2026-10-02T03:00Z,map,vancouver,1
2026-10-02T03:00Z,map,winnipeg,1
2026-10-02T03:00Z,map,yukina-sendai,1
2026-10-02T03:00Z,mod,anysave,1
2026-10-02T03:00Z,mod,dantrains-abridged,1
2026-10-02T03:00Z,mod,demand-developer,1
2026-10-02T03:00Z,mod,distance-circles,2
2026-10-02T03:00Z,mod,game-speedup,2
2026-10-02T03:00Z,mod,improved-schematics,2
2026-10-02T03:00Z,mod,induced-demand,1
2026-10-02T03:00Z,mod,intercity-hsr-trains,1
2026-10-02T03:00Z,mod,kr-ktp,1
2026-10-02T03:00Z,mod,larp-builder,1
2026-10-02T03:00Z,mod,lrt-trains,1
2026-10-02T03:00Z,mod,map-markers,1
2026-10-02T03:00Z,mod,neighborhood-station-names,1
2026-10-02T03:00Z,mod,noah-great-society,2
2026-10-02T03:00Z,mod,orbital-surveyor,1
2026-10-02T03:00Z,mod,penguin-approved-rolling-stock,1
2026-10-02T03:00Z,mod,scrollable-dropdowns,2
2026-10-02T03:00Z,mod,simple-trains,1
2026-10-02T03:00Z,mod,station-dots,1
2026-10-02T03:00Z,mod,subway-builder-performance,1
2026-10-02T03:00Z,mod,time-boost,1
2026-10-02T03:00Z,mod,track-anarchy,1
2026-10-02T03:00Z,mod,track-visualizer,1
2026-10-02T03:00Z,mod,valdotoriums-trains,1
2026-10-02T04:00Z,map,abu-dhabi,1
2026-10-02T04:00Z,map,amsterdam,1
2026-10-02T04:00Z,map,au-adelaide,1
2026-10-02T04:00Z,map,au-canberra,1
2026-10-02T04:00Z,map,baltimore-dc-corridor,1
2026-10-02T04:00Z,map,barcelona,3
2026-10-02T04:00Z,map,bilbao,2
2026-10-02T04:00Z,map,brussels,1
2026-10-02T04:00Z,map,calgary,1
2026-10-02T04:00Z,map,cancun-riviera-maya,2
2026-10-02T04:00Z,map,catania,1
2026-10-02T04:00Z,map,catt-gran-santiago,1
2026-10-02T04:00Z,map,doha,1
2026-10-02T04:00Z,map,dubai,1
2026-10-02T04:00Z,map,edmonton,1
2026-10-02T04:00Z,map,gangneung,1
2026-10-02T04:00Z,map,garda-lake,1
2026-10-02T04:00Z,map,greater-los-angeles,6
2026-10-02T04:00Z,map,guadalajara,1
2026-10-02T04:00Z,map,helsinki,1
2026-10-02T04:00Z,map,madrid,1
2026-10-02T04:00Z,map,milan,1
2026-10-02T04:00Z,map,monterrey,1
2026-10-02T04:00Z,map,montreal,2
2026-10-02T04:00Z,map,naples,1
2026-10-02T04:00Z,map,nz-christchurch,1
2026-10-02T04:00Z,map,oslo-no,3
2026-10-02T04:00Z,map,ottawa,1
2026-10-02T04:00Z,map,puebla,1
2026-10-02T04:00Z,map,quebec-city,1
2026-10-02T04:00Z,map,riviera-romagnola,1
2026-10-02T04:00Z,map,rome,1
2026-10-02T04:00Z,map,rotterdam-the-hague,2
2026-10-02T04:00Z,map,seoul-4,2
2026-10-02T04:00Z,map,sevilla,1
2026-10-02T04:00Z,map,sofia-bulgaria,1
2026-10-02T04:00Z,map,toronto,1
2026-10-02T04:00Z,map,toulouse,1
2026-10-02T04:00Z,map,turin,1
2026-10-02T04:00Z,map,valencia,1
2026-10-02T04:00Z,map,vancouver,1
2026-10-02T04:00Z,map,winnipeg,1
2026-10-02T04:00Z,map,yukina-cz-plzen,2
2026-10-02T04:00Z,map,yukina-ee-tallinn,1
2026-10-02T04:00Z,map,yukina-hu-budapest,1
2026-10-02T04:00Z,map,yukina-osaka,5
2026-10-02T04:00Z,map,yukina-pl-warszawa,1
2026-10-02T04:00Z,map,yukina-ua-dnipro,2
2026-10-02T04:00Z,map,yukina-ua-kharkiv,1
2026-10-02T04:00Z,map,yukina-ua-kyiv,2
2026-10-02T04:00Z,map,zurich,4
2026-10-02T04:00Z,mod,danield1909-realism-pathfinding,1
2026-10-02T04:00Z,mod,distance-circles,2
2026-10-02T04:00Z,mod,game-speedup,1
2026-10-02T04:00Z,mod,improved-schematics,2
2026-10-02T04:00Z,mod,induced-demand,1
2026-10-02T04:00Z,mod,japanese-trains,1
2026-10-02T04:00Z,mod,larp-builder,1
2026-10-02T04:00Z,mod,neighborhood-station-names,1
2026-10-02T04:00Z,mod,network-status,1
2026-10-02T04:00Z,mod,station-dots,1
2026-10-02T04:00Z,mod,subway-builder-performance,1
2026-10-02T04:00Z,mod,subwaybuilder-regions,1
2026-10-02T04:00Z,mod,tod,1
2026-10-02T04:00Z,mod,transit-overlay,2
2026-10-02T04:00Z,mod,valdotoriums-trains,1
2026-10-02T05:00Z,map,jeju-f,1
2026-10-02T05:00Z,map,mfn-hong-kong,1
2026-10-02T05:00Z,map,montreal,1
2026-10-02T05:00Z,map,nz-wellington,2
2026-10-02T05:00Z,map,sydney,2
2026-10-02T05:00Z,map,vancouver,1
2026-10-02T05:00Z,map,yukina-hu-budapest,1
2026-10-02T05:00Z,map,yukina-ua-kharkiv,1
2026-10-02T05:00Z,mod,citymapper,2
2026-10-02T05:00Z,mod,intercity-hsr-trains,1
2026-10-02T05:00Z,mod,la-metro-trainpack,1
2026-10-02T05:00Z,mod,neighborhood-station-names,1
2026-10-02T05:00Z,mod,network-status,1
2026-10-02T05:00Z,mod,noah-great-society,2
2026-10-02T05:00Z,mod,satellite-overlay,1
2026-10-02T05:00Z,mod,subway-builder-performance,1
2026-10-02T05:00Z,mod,time-boost,1
2026-10-02T05:00Z,mod,transit-overlay,1
2026-10-02T06:00Z,map,amba,3
2026-10-02T06:00Z,map,jerusalem,1
2026-10-02T06:00Z,map,mfn-lasvegas,1
2026-10-02T06:00Z,map,sydney,3
2026-10-02T06:00Z,map,yukina-ua-dnipro,2
2026-10-02T06:00Z,map,yukina-ua-kharkiv,2
2026-10-02T06:00Z,map,yukina-ua-kryvyi-rih,2
2026-10-02T06:00Z,map,yukina-ua-kyiv,2
2026-10-02T06:00Z,map,yukina-ua-lviv,2
2026-10-02T06:00Z,map,yukina-ua-odesa,1
2026-10-02T06:00Z,map,yukina-ua-zaporizhzhia,1
2026-10-02T06:00Z,mod,any-money,1
2026-10-02T06:00Z,mod,auto-lines,1
2026-10-02T06:00Z,mod,basedgoat-trains,1
2026-10-02T06:00Z,mod,dantrains-abridged,1
2026-10-02T06:00Z,mod,distance-circles,1
2026-10-02T06:00Z,mod,game-speedup,1
2026-10-02T06:00Z,mod,improved-schematics,1
2026-10-02T06:00Z,mod,induced-demand,1
2026-10-02T06:00Z,mod,japanese-trains,13
2026-10-02T06:00Z,mod,la-metro-trainpack,1
2026-10-02T06:00Z,mod,network-status,1
2026-10-02T06:00Z,mod,noah-great-society,1
2026-10-02T06:00Z,mod,scrollable-dropdowns,1
2026-10-02T06:00Z,mod,station-dots,1
2026-10-02T06:00Z,mod,subway-builder-performance,1
2026-10-02T06:00Z,mod,subwaybuilder-regions,1
2026-10-02T06:00Z,mod,tod,1
2026-10-02T06:00Z,mod,track-anarchy,1
2026-10-02T06:00Z,mod,transit-overlay,1
2026-10-02T07:00Z,map,genoa,1
2026-10-02T07:00Z,map,jelegend-tokyo,1
2026-10-02T07:00Z,map,mfn-hong-kong,1
2026-10-02T07:00Z,map,montreal,1
2026-10-02T07:00Z,map,seoul,1
2026-10-02T07:00Z,map,singapore-val,1
2026-10-02T07:00Z,map,tel-aviv,1
2026-10-02T07:00Z,map,vancouver,3
2026-10-02T07:00Z,map,yukina-ua-odesa,1
2026-10-02T07:00Z,map,yukina-ua-zaporizhzhia,1
2026-10-02T07:00Z,mod,any-money,1
2026-10-02T07:00Z,mod,auto-lines,1
2026-10-02T07:00Z,mod,demand-developer,1
2026-10-02T07:00Z,mod,hide-and-seek,1
2026-10-02T07:00Z,mod,improved-schematics,1
2026-10-02T07:00Z,mod,induced-demand,1
2026-10-02T07:00Z,mod,intercity-hsr-trains,1
2026-10-02T07:00Z,mod,missed-connections,1
2026-10-02T07:00Z,mod,neighborhood-station-names,1
2026-10-02T07:00Z,mod,orbital-surveyor,1
2026-10-02T07:00Z,mod,resizable-ui,1
2026-10-02T07:00Z,mod,simple-trains,1
2026-10-02T07:00Z,mod,subway-builder-performance,1
2026-10-02T07:00Z,mod,subwaybuilder-regions,2
2026-10-02T07:00Z,mod,time-boost,1
2026-10-02T07:00Z,mod,upzoned-transit,1
2026-10-02T07:00Z,mod,valdotoriums-trains,1
2026-10-02T08:00Z,map,chongqing,4
2026-10-02T08:00Z,map,hamburg,1
2026-10-02T08:00Z,map,rhein-main-neckar,1
2026-10-02T08:00Z,map,seoul-4,1
2026-10-02T08:00Z,mod,distance-circles,1
2026-10-02T08:00Z,mod,improved-schematics,1
2026-10-02T08:00Z,mod,transit-overlay,2
2026-10-02T09:00Z,map,amba,1
2026-10-02T09:00Z,map,bilbao,1
2026-10-02T09:00Z,map,bordeaux-arcachon-libourne,1
2026-10-02T09:00Z,map,vancouver,1
2026-10-02T09:00Z,mod,distance-circles,1
2026-10-02T09:00Z,mod,neighborhood-station-names,1
2026-10-02T09:00Z,mod,simple-trains,1
2026-10-02T09:00Z,mod,transit-overlay,2
2026-10-02T10:00Z,map,berlin-val,1
2026-10-02T10:00Z,map,chongqing,2
2026-10-02T10:00Z,map,genoa,1
2026-10-02T10:00Z,map,greater-chicagoland,1
2026-10-02T10:00Z,map,greater-kuala-lumpur,1
2026-10-02T10:00Z,map,madrid,2
2026-10-02T10:00Z,map,nz-wellington,3
2026-10-02T10:00Z,map,seoul-4,1
2026-10-02T10:00Z,map,shenzhen,1
2026-10-02T10:00Z,map,singapore-val,1
2026-10-02T10:00Z,map,yukina-sk-bratislava,1
2026-10-02T10:00Z,map,zurich,1
2026-10-02T10:00Z,mod,improved-schematics,1
2026-10-02T10:00Z,mod,intercity-hsr-trains,1
2026-10-02T10:00Z,mod,larp-builder,1
2026-10-02T10:00Z,mod,mode-manager,1
2026-10-02T10:00Z,mod,mtr-trains,1
2026-10-02T10:00Z,mod,simple-trains,1
2026-10-02T10:00Z,mod,station-dots,1
2026-10-02T10:00Z,mod,subwaybuilder-regions,2
2026-10-02T10:00Z,mod,time-boost,1
2026-10-02T10:00Z,mod,tod,1
2026-10-02T10:00Z,mod,train-anarchy,1
2026-10-02T10:00Z,mod,transit-overlay,1
2026-10-02T10:00Z,mod,upzoned-transit,1
2026-10-02T11:00Z,map,au-melbourne,1
2026-10-02T11:00Z,map,cairo,1
2026-10-02T11:00Z,map,cancun-riviera-maya,1
2026-10-02T11:00Z,map,guangzhou,1
2026-10-02T11:00Z,map,jelegend-tokyo,1
2026-10-02T11:00Z,map,mfn-hong-kong,1
2026-10-02T11:00Z,map,moscow-and-oblast,1
2026-10-02T11:00Z,map,seoul,1
2026-10-02T11:00Z,map,seoul-4,2
2026-10-02T11:00Z,map,singapore-val,1
2026-10-02T11:00Z,map,sydney,1
2026-10-02T11:00Z,map,yukina-tokyo,1
2026-10-02T11:00Z,mod,auto-lines,1
2026-10-02T11:00Z,mod,chinese-trains,2
2026-10-02T11:00Z,mod,demand-developer,1
2026-10-02T11:00Z,mod,distance-circles,1
2026-10-02T11:00Z,mod,improved-schematics,3
2026-10-02T11:00Z,mod,induced-demand,1
2026-10-02T11:00Z,mod,intercity-hsr-trains,1
2026-10-02T11:00Z,mod,larp-builder,2
2026-10-02T11:00Z,mod,neighborhood-station-names,1
2026-10-02T11:00Z,mod,network-status,1
2026-10-02T11:00Z,mod,scrollable-dropdowns,1
2026-10-02T11:00Z,mod,subway-builder-performance,1
2026-10-02T11:00Z,mod,subwaybuilder-regions,1
2026-10-02T11:00Z,mod,time-boost,2
2026-10-02T11:00Z,mod,tod,1
2026-10-02T11:00Z,mod,track-anarchy,1
2026-10-02T11:00Z,mod,upzoned-transit,1
2026-10-02T11:00Z,mod,valdotoriums-trains,2
2026-10-02T12:00Z,map,au-perth,1
2026-10-02T12:00Z,map,baghdad,1
2026-10-02T12:00Z,map,barcelona,1
2026-10-02T12:00Z,map,berlin-val,1
2026-10-02T12:00Z,map,madrid,1
2026-10-02T12:00Z,map,muenchen,4
2026-10-02T12:00Z,map,nuernberg,1
2026-10-02T12:00Z,map,paris-ile-de-france,1
2026-10-02T12:00Z,map,rhein-main-neckar,1
2026-10-02T12:00Z,map,seoul-4,5
2026-10-02T12:00Z,map,shanghai,1
2026-10-02T12:00Z,map,ulsan-4,1
2026-10-02T12:00Z,map,vancouver,1
2026-10-02T12:00Z,map,yukina-lt-kaunas,1
2026-10-02T12:00Z,map,yukina-lt-klaipeda,1
2026-10-02T12:00Z,map,yukina-lt-panevezys,1
2026-10-02T12:00Z,map,yukina-lt-siauliai,1
2026-10-02T12:00Z,map,yukina-lt-vilnius,1
2026-10-02T12:00Z,map,yukina-tw-southern-taiwan,1
2026-10-02T12:00Z,map,yukina-tw-taichung,1
2026-10-02T12:00Z,map,yukina-tw-taipei,1
2026-10-02T12:00Z,mod,auto-lines,2
2026-10-02T12:00Z,mod,demand-clusters,1
2026-10-02T12:00Z,mod,demand-developer,1
2026-10-02T12:00Z,mod,distance-circles,3
2026-10-02T12:00Z,mod,improved-schematics,1
2026-10-02T12:00Z,mod,induced-demand,2
2026-10-02T12:00Z,mod,intercity-hsr-trains,1
2026-10-02T12:00Z,mod,japanese-trains,1
2026-10-02T12:00Z,mod,larp-builder,1
2026-10-02T12:00Z,mod,map-markers,1
2026-10-02T12:00Z,mod,mode-manager,1
2026-10-02T12:00Z,mod,neighborhood-station-names,2
2026-10-02T12:00Z,mod,network-status,1
2026-10-02T12:00Z,mod,orbital-surveyor,1
2026-10-02T12:00Z,mod,simple-trains,1
2026-10-02T12:00Z,mod,station-dots,1
2026-10-02T12:00Z,mod,subway-builder-performance,1
2026-10-02T12:00Z,mod,subwaybuilder-regions,1
2026-10-02T12:00Z,mod,taiwan-trains,1
2026-10-02T12:00Z,mod,track-anarchy,1
2026-10-02T12:00Z,mod,transit-overlay,2
2026-10-02T12:00Z,mod,valdotoriums-trains,1
2026-10-02T13:00Z,map,hamburg,2
2026-10-02T13:00Z,map,montreal,1
2026-10-02T13:00Z,map,seoul-4,1
2026-10-02T13:00Z,map,stuttgart,1
2026-10-02T13:00Z,map,yukina-cz-praha,1
2026-10-02T13:00Z,map,yukina-sk-bratislava,1
2026-10-02T13:00Z,map,yukina-ua-kharkiv,1
2026-10-02T13:00Z,map,yukina-ua-kyiv,1
2026-10-02T13:00Z,mod,dantrains-abridged,1
2026-10-02T13:00Z,mod,intercity-hsr-trains,1
2026-10-02T13:00Z,mod,mode-manager,1
2026-10-02T13:00Z,mod,noah-great-society,1
2026-10-02T13:00Z,mod,scrollable-dropdowns,1
2026-10-02T13:00Z,mod,simple-trains,1
2026-10-02T13:00Z,mod,subwaybuilder-regions,2
2026-10-02T13:00Z,mod,time-boost,1
2026-10-02T14:00Z,map,amba,1
2026-10-02T14:00Z,map,arc-mediterraneen,1
2026-10-02T14:00Z,map,au-brisbane,1
2026-10-02T14:00Z,map,barcelona,1
2026-10-02T14:00Z,map,berlin-val,1
2026-10-02T14:00Z,map,corse,1
2026-10-02T14:00Z,map,hamburg,1
2026-10-02T14:00Z,map,hannover-braunschweig,1
2026-10-02T14:00Z,map,lyon,1
2026-10-02T14:00Z,map,madrid,1
2026-10-02T14:00Z,map,montreal,1
2026-10-02T14:00Z,map,moscow-and-oblast,1
2026-10-02T14:00Z,map,muenchen,1
2026-10-02T14:00Z,map,nz-auckland,1
2026-10-02T14:00Z,map,nz-wellington,2
2026-10-02T14:00Z,map,oslo-no,1
2026-10-02T14:00Z,map,paris-ile-de-france,1
2026-10-02T14:00Z,map,puerto-rico,1
2026-10-02T14:00Z,map,rhein-main-neckar,1
2026-10-02T14:00Z,map,rome,1
2026-10-02T14:00Z,map,seoul,1
2026-10-02T14:00Z,map,seoul-4,1
2026-10-02T14:00Z,map,stuttgart,1
2026-10-02T14:00Z,map,toronto,1
2026-10-02T14:00Z,map,vienna,1
2026-10-02T14:00Z,map,yukina-hu-budapest,2
2026-10-02T14:00Z,map,yukina-sk-bratislava,1
2026-10-02T14:00Z,map,yukina-tw-taipei,1
2026-10-02T14:00Z,map,yukina-ua-kharkiv,1
2026-10-02T14:00Z,map,yukina-ua-kyiv,2
2026-10-02T14:00Z,mod,demand-developer,1
2026-10-02T14:00Z,mod,improved-schematics,2
2026-10-02T14:00Z,mod,induced-demand,2
2026-10-02T14:00Z,mod,lrt-trains,1
2026-10-02T14:00Z,mod,map-markers,1
2026-10-02T14:00Z,mod,mode-manager,2
2026-10-02T14:00Z,mod,orbital-surveyor,4
2026-10-02T14:00Z,mod,scrollable-dropdowns,1
2026-10-02T14:00Z,mod,station-dots,1
2026-10-02T14:00Z,mod,subwaybuilder-regions,2
2026-10-02T14:00Z,mod,track-anarchy,1
2026-10-02T14:00Z,mod,transit-overlay,1
2026-10-02T14:00Z,mod,valdotoriums-trains,1
2026-10-02T15:00Z,map,amba,3
2026-10-02T15:00Z,map,genoa,1
2026-10-02T15:00Z,map,guyane,1
2026-10-02T15:00Z,map,jerusalem,1
2026-10-02T15:00Z,map,mfn-lasvegas,1
2026-10-02T15:00Z,map,sydney,3
2026-10-02T15:00Z,map,yukina-ua-dnipro,2
2026-10-02T15:00Z,map,yukina-ua-kharkiv,1
2026-10-02T15:00Z,map,yukina-ua-kryvyi-rih,1
2026-10-02T15:00Z,map,yukina-ua-kyiv,1
2026-10-02T15:00Z,map,yukina-ua-lviv,1
2026-10-02T15:00Z,map,yukina-ua-odesa,1
2026-10-02T15:00Z,map,yukina-ua-zaporizhzhia,1
2026-10-02T15:00Z,mod,basedgoat-trains,1
2026-10-02T15:00Z,mod,dantrains-abridged,1
2026-10-02T15:00Z,mod,japanese-trains,14
2026-10-02T15:00Z,mod,la-metro-trainpack,1
2026-10-02T15:00Z,mod,noah-great-society,1
2026-10-02T16:00Z,map,cancun-riviera-maya,1
2026-10-02T16:00Z,map,catt-gran-santiago,1
2026-10-02T16:00Z,map,genoa,1
2026-10-02T16:00Z,map,incheon-4,1
2026-10-02T16:00Z,map,mfn-hong-kong,1
2026-10-02T16:00Z,map,moscow-and-oblast,1
2026-10-02T16:00Z,map,muenchen,1
2026-10-02T16:00Z,map,seoul-4,2
2026-10-02T16:00Z,map,yukina-pl-wroclaw,2
2026-10-02T16:00Z,map,yukina-sapporo-chitose,1
2026-10-02T16:00Z,map,yukina-ua-kharkiv,1
2026-10-02T16:00Z,map,yukina-ua-kryvyi-rih,1
2026-10-02T16:00Z,map,yukina-ua-kyiv,2
2026-10-02T16:00Z,map,yukina-ua-lviv,1
2026-10-02T16:00Z,map,yukina-ua-odesa,1
2026-10-02T16:00Z,map,yukina-ua-zaporizhzhia,1
2026-10-02T16:00Z,mod,any-money,1
2026-10-02T16:00Z,mod,citymapper,1
2026-10-02T16:00Z,mod,demand-developer,1
2026-10-02T16:00Z,mod,improved-schematics,1
2026-10-02T16:00Z,mod,mode-manager,1
2026-10-02T16:00Z,mod,neighborhood-station-names,1
2026-10-02T16:00Z,mod,station-dots,1
2026-10-02T16:00Z,mod,time-boost,1
2026-10-02T16:00Z,mod,upzoned-transit,1
2026-10-02T16:00Z,mod,valdotoriums-trains,1
2026-10-02T17:00Z,map,au-brisbane,1
2026-10-02T17:00Z,map,au-melbourne,1
2026-10-02T17:00Z,map,au-syd2,1
2026-10-02T17:00Z,map,barcelona,1
2026-10-02T17:00Z,map,ciudad-de-mexico,1
2026-10-02T17:00Z,map,genoa,3
2026-10-02T17:00Z,map,greater-kuala-lumpur,1
2026-10-02T17:00Z,map,greater-los-angeles,2
2026-10-02T17:00Z,map,jelegend-tokyo,1
2026-10-02T17:00Z,map,mfn-hong-kong,2
2026-10-02T17:00Z,map,montreal,1
2026-10-02T17:00Z,map,moscow-and-oblast,1
2026-10-02T17:00Z,map,oslo-no,1
2026-10-02T17:00Z,map,ruhrgebiet,1
2026-10-02T17:00Z,map,seoul,1
2026-10-02T17:00Z,map,singapore-val,1
2026-10-02T17:00Z,map,sydney,1
2026-10-02T17:00Z,map,toronto,2
2026-10-02T17:00Z,map,valencia,1
2026-10-02T17:00Z,map,yukina-cz-plzen,1
2026-10-02T17:00Z,map,yukina-cz-praha,2
2026-10-02T17:00Z,map,yukina-tw-taipei,1
2026-10-02T17:00Z,map,zurich,1
2026-10-02T17:00Z,mod,auto-lines,2
2026-10-02T17:00Z,mod,citymapper,1
2026-10-02T17:00Z,mod,demand-developer,1
2026-10-02T17:00Z,mod,distance-circles,3
2026-10-02T17:00Z,mod,game-speedup,1
2026-10-02T17:00Z,mod,improved-schematics,1
2026-10-02T17:00Z,mod,induced-demand,1
2026-10-02T17:00Z,mod,madrid-transit-pack,1
2026-10-02T17:00Z,mod,missed-connections,1
2026-10-02T17:00Z,mod,neighborhood-station-names,1
2026-10-02T17:00Z,mod,network-status,2
2026-10-02T17:00Z,mod,orbital-surveyor,1
2026-10-02T17:00Z,mod,station-dots,1
2026-10-02T17:00Z,mod,subway-builder-performance,1
2026-10-02T17:00Z,mod,subwaybuilder-regions,2
2026-10-02T17:00Z,mod,time-boost,1
2026-10-02T17:00Z,mod,tod,1
2026-10-02T17:00Z,mod,track-anarchy,1
2026-10-02T17:00Z,mod,track-visualizer,1
2026-10-02T17:00Z,mod,transit-overlay,3
2026-10-02T17:00Z,mod,upzoned-transit,1
2026-10-02T17:00Z,mod,valdotoriums-trains,1
2026-10-02T18:00Z,map,abu-dhabi,1
2026-10-02T18:00Z,map,alexandria,1
2026-10-02T18:00Z,map,amba,1
2026-10-02T18:00Z,map,delhi,1
2026-10-02T18:00Z,map,greater-baltimore,1
2026-10-02T18:00Z,map,rhein-main-neckar,2
2026-10-02T18:00Z,map,sejong-4,1
2026-10-02T18:00Z,map,sydney,1
2026-10-02T18:00Z,map,yukina-keihanshin,1
2026-10-02T18:00Z,map,yukina-nagoya,1
2026-10-02T18:00Z,map,yukina-tw-taipei,1
2026-10-02T18:00Z,mod,any-money,1
2026-10-02T18:00Z,mod,japanese-trains,1
2026-10-02T18:00Z,mod,larp-builder,1
2026-10-02T18:00Z,mod,missed-connections,1
2026-10-02T18:00Z,mod,subwaybuilder-regions,1
2026-10-02T19:00Z,map,alicante,2
2026-10-02T19:00Z,map,chongqing,1
2026-10-02T19:00Z,map,ile-de-france,1
2026-10-02T19:00Z,map,istanbul,1
2026-10-02T19:00Z,map,mfn-hong-kong,1
2026-10-02T19:00Z,map,puerto-rico,1
2026-10-02T19:00Z,map,rhein-main-neckar,1
2026-10-02T19:00Z,map,singapore-val,1
2026-10-02T19:00Z,map,toronto,1
2026-10-02T19:00Z,map,vienna,2
2026-10-02T19:00Z,map,yukina-cz-praha,1
2026-10-02T19:00Z,map,yukina-hu-budapest,2
2026-10-02T19:00Z,map,yukina-lt-vilnius,1
2026-10-02T19:00Z,map,yukina-lv-riga,1
2026-10-02T19:00Z,map,yukina-maebashi,1
2026-10-02T19:00Z,map,yukina-nagoya,1
2026-10-02T19:00Z,map,yukina-northern-kyushu,1
2026-10-02T19:00Z,map,yukina-pl-warszawa,1
2026-10-02T19:00Z,map,yukina-sapporo-chitose,2
2026-10-02T19:00Z,map,yukina-sk-bratislava,2
2026-10-02T19:00Z,map,yukina-tw-taipei,1
2026-10-02T19:00Z,map,zurich,1
2026-10-02T19:00Z,mod,auto-lines,1
2026-10-02T19:00Z,mod,danield1909-realism-pathfinding,1
2026-10-02T19:00Z,mod,dantrains-abridged,1
2026-10-02T19:00Z,mod,demand-developer,1
2026-10-02T19:00Z,mod,distance-circles,1
2026-10-02T19:00Z,mod,improved-schematics,2
2026-10-02T19:00Z,mod,induced-demand,1
2026-10-02T19:00Z,mod,intercity-hsr-trains,3
2026-10-02T19:00Z,mod,japanese-trains,1
2026-10-02T19:00Z,mod,larp-builder,2
2026-10-02T19:00Z,mod,network-status,2
2026-10-02T19:00Z,mod,penguin-approved-rolling-stock,2
2026-10-02T19:00Z,mod,scrollable-dropdowns,1
2026-10-02T19:00Z,mod,simple-trains,1
2026-10-02T19:00Z,mod,subway-builder-performance,1
2026-10-02T19:00Z,mod,track-visualizer,1
2026-10-02T19:00Z,mod,transit-overlay,2
2026-10-02T19:00Z,mod,upzoned-transit,3
2026-10-02T19:00Z,mod,valdotoriums-trains,1
2026-10-02T20:00Z,map,amba,1
2026-10-02T20:00Z,map,amsterdam,1
2026-10-02T20:00Z,map,cape-town,1
2026-10-02T20:00Z,map,catt-gran-santiago,2
2026-10-02T20:00Z,map,chongqing,2
2026-10-02T20:00Z,map,corse,1
2026-10-02T20:00Z,map,genoa,3
2026-10-02T20:00Z,map,guangzhou,1
2026-10-02T20:00Z,map,hamburg,1
2026-10-02T20:00Z,map,istanbul,1
2026-10-02T20:00Z,map,jelegend-tokyo,1
2026-10-02T20:00Z,map,mfn-hong-kong,1
2026-10-02T20:00Z,map,montreal,1
2026-10-02T20:00Z,map,moscow-and-oblast,1
2026-10-02T20:00Z,map,muenchen,1
2026-10-02T20:00Z,map,ottawa,1
2026-10-02T20:00Z,map,seoul,1
2026-10-02T20:00Z,map,seoul-4,5
2026-10-02T20:00Z,map,shenzhen,2
2026-10-02T20:00Z,map,singapore-val,1
2026-10-02T20:00Z,map,sofia-bulgaria,1
2026-10-02T20:00Z,map,toronto,1
2026-10-02T20:00Z,map,tromso-no,1
2026-10-02T20:00Z,map,vancouver,1
2026-10-02T20:00Z,map,vienna,1
2026-10-02T20:00Z,map,yukina-cz-praha,1
2026-10-02T20:00Z,map,yukina-ee-parnu,1
2026-10-02T20:00Z,map,yukina-hu-budapest,2
2026-10-02T20:00Z,map,yukina-lt-kaunas,1
2026-10-02T20:00Z,map,yukina-lt-klaipeda,1
2026-10-02T20:00Z,map,yukina-lv-daugavpils,1
2026-10-02T20:00Z,map,yukina-sk-banska-bystrica,1
2026-10-02T20:00Z,mod,demand-developer,1
2026-10-02T20:00Z,mod,distance-circles,2
2026-10-02T20:00Z,mod,induced-demand,1
2026-10-02T20:00Z,mod,neighborhood-station-names,1
2026-10-02T20:00Z,mod,orbital-surveyor,1
2026-10-02T20:00Z,mod,subwaybuilder-regions,1
2026-10-02T20:00Z,mod,time-boost,1
2026-10-02T20:00Z,mod,upzoned-transit,1
2026-10-02T21:00Z,map,amba,3
2026-10-02T21:00Z,map,amsterdam,1
2026-10-02T21:00Z,map,baghdad,1
2026-10-02T21:00Z,map,baltimore-dc-corridor,2
2026-10-02T21:00Z,map,busan-4,1
2026-10-02T21:00Z,map,cdmx-core,1
2026-10-02T21:00Z,map,doha,1
2026-10-02T21:00Z,map,edmonton,1
2026-10-02T21:00Z,map,hamburg,1
2026-10-02T21:00Z,map,helsinki,1
2026-10-02T21:00Z,map,jerusalem,1
2026-10-02T21:00Z,map,memphis,1
2026-10-02T21:00Z,map,mfn-lasvegas,1
2026-10-02T21:00Z,map,moscow-and-oblast,1
2026-10-02T21:00Z,map,muenchen,1
2026-10-02T21:00Z,map,nz-wellington,2
2026-10-02T21:00Z,map,oslo-no,1
2026-10-02T21:00Z,map,rhode-island,1
2026-10-02T21:00Z,map,san-antonio,2
2026-10-02T21:00Z,map,singapore-val,1
2026-10-02T21:00Z,map,sydney,3
2026-10-02T21:00Z,map,vienna,1
2026-10-02T21:00Z,map,yukina-cz-praha,1
2026-10-02T21:00Z,map,yukina-ee-tallinn,1
2026-10-02T21:00Z,map,yukina-hu-budapest,2
2026-10-02T21:00Z,map,yukina-lt-kaunas,1
2026-10-02T21:00Z,map,yukina-pl-wroclaw,1
2026-10-02T21:00Z,map,yukina-ua-dnipro,2
2026-10-02T21:00Z,map,yukina-ua-kharkiv,1
2026-10-02T21:00Z,map,yukina-ua-kryvyi-rih,1
2026-10-02T21:00Z,map,yukina-ua-kyiv,1
2026-10-02T21:00Z,map,yukina-ua-lviv,1
2026-10-02T21:00Z,map,yukina-ua-odesa,1
2026-10-02T21:00Z,map,yukina-ua-zaporizhzhia,1
2026-10-02T21:00Z,mod,any-money,1
2026-10-02T21:00Z,mod,basedgoat-trains,2
2026-10-02T21:00Z,mod,dantrains-abridged,4
2026-10-02T21:00Z,mod,distance-circles,4
2026-10-02T21:00Z,mod,improved-schematics,1
2026-10-02T21:00Z,mod,japanese-trains,13
2026-10-02T21:00Z,mod,la-metro-trainpack,1
2026-10-02T21:00Z,mod,larp-builder,1
2026-10-02T21:00Z,mod,missed-connections,1
2026-10-02T21:00Z,mod,noah-great-society,1
2026-10-02T21:00Z,mod,scrollable-dropdowns,1
2026-10-02T21:00Z,mod,simple-trains,1
2026-10-02T21:00Z,mod,subwaybuilder-regions,2
2026-10-02T21:00Z,mod,track-visualizer,1
2026-10-02T21:00Z,mod,transit-overlay,5
2026-10-02T21:00Z,mod,unrusted-chicago,2
2026-10-02T21:00Z,mod,upzoned-transit,1
2026-10-02T22:00Z,map,amba,3
2026-10-02T22:00Z,map,amsterdam,1
2026-10-02T22:00Z,map,beijing,1
2026-10-02T22:00Z,map,cairo,1
2026-10-02T22:00Z,map,chongqing,1
2026-10-02T22:00Z,map,dijon,2
2026-10-02T22:00Z,map,guadalajara,1
2026-10-02T22:00Z,map,madrid,1
2026-10-02T22:00Z,map,mfn-hong-kong,1
2026-10-02T22:00Z,map,milan,1
2026-10-02T22:00Z,map,monterrey,1
2026-10-02T22:00Z,map,montreal,2
2026-10-02T22:00Z,map,moscow-and-oblast,2
2026-10-02T22:00Z,map,nz-wellington,1
2026-10-02T22:00Z,map,oslo-no,1
2026-10-02T22:00Z,map,quebec-city,1
2026-10-02T22:00Z,map,rio-metropolitan,1
2026-10-02T22:00Z,map,rotterdam-the-hague,1
2026-10-02T22:00Z,map,seoul,1
2026-10-02T22:00Z,map,seoul-4,1
2026-10-02T22:00Z,map,shenzhen,2
2026-10-02T22:00Z,map,sofia-bulgaria,1
2026-10-02T22:00Z,map,sydney,2
2026-10-02T22:00Z,map,tampa-bay,1
2026-10-02T22:00Z,map,toronto,2
2026-10-02T22:00Z,map,vancouver,3
2026-10-02T22:00Z,map,yukina-hu-budapest,1
2026-10-02T22:00Z,map,yukina-tokyo,1
2026-10-02T22:00Z,map,yukina-tw-southern-taiwan,1
2026-10-02T22:00Z,map,yukina-ua-kharkiv,1
2026-10-02T22:00Z,map,yukina-ua-kryvyi-rih,1
2026-10-02T22:00Z,map,yukina-ua-kyiv,1
2026-10-02T22:00Z,map,yukina-ua-lviv,1
2026-10-02T22:00Z,map,yukina-ua-odesa,1
2026-10-02T22:00Z,map,yukina-ua-zaporizhzhia,1
2026-10-02T22:00Z,mod,citymapper,1
2026-10-02T22:00Z,mod,distance-circles,3
2026-10-02T22:00Z,mod,induced-demand,1
2026-10-02T22:00Z,mod,map-markers,1
2026-10-02T22:00Z,mod,orbital-surveyor,1
2026-10-02T22:00Z,mod,resizable-ui,1
2026-10-02T22:00Z,mod,tod,1
2026-10-02T22:00Z,mod,transit-overlay,2
2026-10-02T22:00Z,mod,unrusted-chicago,1
2026-10-02T22:00Z,mod,valdotoriums-trains,2
2026-10-02T23:00Z,map,amba,2
2026-10-02T23:00Z,map,antalya,1
2026-10-02T23:00Z,map,au-adelaide,1
2026-10-02T23:00Z,map,berlin-val,1
2026-10-02T23:00Z,map,cancun-riviera-maya,2
2026-10-02T23:00Z,map,genoa,4
2026-10-02T23:00Z,map,hamburg,1
2026-10-02T23:00Z,map,istanbul,2
2026-10-02T23:00Z,map,jelegend-tokyo,1
2026-10-02T23:00Z,map,nz-wellington,4
2026-10-02T23:00Z,map,paris-ile-de-france,1
2026-10-02T23:00Z,map,rio-metropolitan,1
2026-10-02T23:00Z,map,seoul,3
2026-10-02T23:00Z,map,seoul-4,2
2026-10-02T23:00Z,map,vancouver,1
2026-10-02T23:00Z,map,yukina-cz-praha,3
2026-10-02T23:00Z,map,yukina-sk-bratislava,1
2026-10-02T23:00Z,map,yukina-tokyo,1
2026-10-02T23:00Z,map,yukina-ua-kyiv,1
2026-10-02T23:00Z,mod,any-money,1
2026-10-02T23:00Z,mod,auto-lines,1
2026-10-02T23:00Z,mod,improved-schematics,1
2026-10-02T23:00Z,mod,induced-demand,1
2026-10-02T23:00Z,mod,intercity-hsr-trains,2
2026-10-02T23:00Z,mod,neighborhood-station-names,1
2026-10-02T23:00Z,mod,network-status,1
2026-10-02T23:00Z,mod,subway-builder-performance,1
2026-10-02T23:00Z,mod,subwaybuilder-regions,2
2026-10-02T23:00Z,mod,track-anarchy,1
2026-10-02T23:00Z,mod,train-anarchy,1
2026-10-02T23:00Z,mod,transit-overlay,2
2026-10-02T23:00Z,mod,valdotoriums-trains,1
2026-10-03T00:00Z,map,antalya,1
2026-10-03T00:00Z,map,au-brisbane,7
2026-10-03T00:00Z,map,genoa,7
2026-10-03T00:00Z,map,istanbul,1
2026-10-03T00:00Z,map,jeju-f,1
2026-10-03T00:00Z,map,nz-wellington,7
2026-10-03T00:00Z,map,sydney,5
2026-10-03T00:00Z,map,yukina-asahikawa,1
2026-10-03T00:00Z,map,yukina-hu-szekszard-baja,1
2026-10-03T00:00Z,map,yukina-kagoshima-kirishima,1
2026-10-03T00:00Z,map,yukina-kyoto,1
2026-10-03T00:00Z,map,yukina-osaka,1
2026-10-03T00:00Z,map,yukina-pl-bialystok,1
2026-10-03T00:00Z,map,yukina-tokyo,1
2026-10-03T00:00Z,map,yukina-tottori,1
2026-10-03T00:00Z,mod,basedgoat-trains,1
2026-10-03T00:00Z,mod,citymapper,1
2026-10-03T00:00Z,mod,danield1909-realism-pathfinding,1
2026-10-03T00:00Z,mod,dantrains-abridged,1
2026-10-03T00:00Z,mod,distance-circles,1
2026-10-03T00:00Z,mod,game-speedup,1
2026-10-03T00:00Z,mod,induced-demand,2
2026-10-03T00:00Z,mod,intercity-hsr-trains,1
2026-10-03T00:00Z,mod,larp-builder,3
2026-10-03T00:00Z,mod,neighborhood-station-names,1
2026-10-03T00:00Z,mod,satellite-overlay,1
2026-10-03T00:00Z,mod,scrollable-dropdowns,1
2026-10-03T00:00Z,mod,simple-trains,2
2026-10-03T00:00Z,mod,subwaybuilder-regions,1
2026-10-03T00:00Z,mod,transit-overlay,1
2026-10-03T00:00Z,mod,upzoned-transit,1
2026-10-03T00:00Z,mod,valdotoriums-trains,1
2026-10-03T01:00Z,map,au-brisbane,3
2026-10-03T01:00Z,map,genoa,2
2026-10-03T01:00Z,map,greater-baltimore,1
2026-10-03T01:00Z,map,montreal,3
2026-10-03T01:00Z,map,nz-wellington,2
2026-10-03T01:00Z,map,yukina-cz-brno,1
2026-10-03T01:00Z,map,yukina-ua-zhytomyr,1
2026-10-03T01:00Z,mod,missed-connections,1
2026-10-03T01:00Z,mod,neighborhood-station-names,1
2026-10-03T01:00Z,mod,network-status,2
2026-10-03T01:00Z,mod,orbital-surveyor,1
2026-10-03T01:00Z,mod,simple-trains,1
2026-10-03T01:00Z,mod,tod,1
2026-10-03T01:00Z,mod,transit-overlay,1
2026-10-03T02:00Z,map,au-perth,1
2026-10-03T02:00Z,map,doha,1
2026-10-03T02:00Z,map,montreal,2
2026-10-03T02:00Z,map,ottawa,1
2026-10-03T02:00Z,map,quebec-city,1
2026-10-03T02:00Z,map,vancouver,2
2026-10-03T02:00Z,mod,distance-circles,2
2026-10-03T02:00Z,mod,game-speedup,1
2026-10-03T02:00Z,mod,improved-schematics,1
2026-10-03T02:00Z,mod,induced-demand,1
2026-10-03T02:00Z,mod,japanese-trains,1
2026-10-03T02:00Z,mod,time-boost,1
2026-10-03T02:00Z,mod,tod,1
2026-10-03T02:00Z,mod,track-anarchy,2
2026-10-03T02:00Z,mod,track-visualizer,1
2026-10-03T02:00Z,mod,transit-overlay,1
2026-10-03T02:00Z,mod,upzoned-transit,2
2026-10-03T03:00Z,map,au-melbourne,1
2026-10-03T03:00Z,map,genoa,2
2026-10-03T03:00Z,map,toronto,1
2026-10-03T03:00Z,map,yukina-tw-taipei,1
2026-10-03T03:00Z,mod,any-money,1
2026-10-03T03:00Z,mod,distance-circles,1
2026-10-03T03:00Z,mod,improved-schematics,1
2026-10-03T03:00Z,mod,lrt-trains,1
2026-10-03T03:00Z,mod,missed-connections,1
2026-10-03T03:00Z,mod,neighborhood-station-names,1
2026-10-03T03:00Z,mod,scrollable-dropdowns,1
2026-10-03T03:00Z,mod,simple-trains,1
2026-10-03T03:00Z,mod,subway-builder-performance,1
2026-10-03T03:00Z,mod,transit-overlay,1
2026-10-03T04:00Z,map,au-melbourne,1
2026-10-03T04:00Z,map,barcelona,1
2026-10-03T04:00Z,map,beijing,1
2026-10-03T04:00Z,map,berlin-val,1
2026-10-03T04:00Z,map,busan-4,1
2026-10-03T04:00Z,map,catt-gran-santiago,1
2026-10-03T04:00Z,map,cdmx-core,1
2026-10-03T04:00Z,map,ciudad-de-mexico,1
2026-10-03T04:00Z,map,daegu-4,1
2026-10-03T04:00Z,map,delhi,1
2026-10-03T04:00Z,map,guangzhou,1
2026-10-03T04:00Z,map,helsinki,1
2026-10-03T04:00Z,map,incheon-4,1
2026-10-03T04:00Z,map,istanbul,1
2026-10-03T04:00Z,map,madrid,1
2026-10-03T04:00Z,map,mfn-hong-kong,1
2026-10-03T04:00Z,map,montreal,1
2026-10-03T04:00Z,map,moscow-and-oblast,1
2026-10-03T04:00Z,map,muenchen,1
2026-10-03T04:00Z,map,orlando,1
2026-10-03T04:00Z,map,oslo-no,1
2026-10-03T04:00Z,map,rio-metropolitan,1
2026-10-03T04:00Z,map,seoul-4,3
2026-10-03T04:00Z,map,shanghai,1
2026-10-03T04:00Z,map,shenzhen,1
2026-10-03T04:00Z,map,sydney,1
2026-10-03T04:00Z,map,tehran,1
2026-10-03T04:00Z,map,toronto,2
2026-10-03T04:00Z,map,vancouver,1
2026-10-03T04:00Z,map,yukina-ua-kyiv,1
2026-10-03T04:00Z,mod,basedgoat-trains,1
2026-10-03T04:00Z,mod,dantrains-abridged,1
2026-10-03T04:00Z,mod,improved-schematics,1
2026-10-03T04:00Z,mod,intercity-hsr-trains,1
2026-10-03T05:00Z,map,baghdad,1
2026-10-03T05:00Z,map,chongqing,1
2026-10-03T05:00Z,map,dubai,1
2026-10-03T05:00Z,map,genoa,2
2026-10-03T05:00Z,map,greater-kuala-lumpur,1
2026-10-03T05:00Z,map,guadalajara,1
2026-10-03T05:00Z,map,helsinki,1
2026-10-03T05:00Z,map,jelegend-tokyo,1
2026-10-03T05:00Z,map,opo-pt-metropolitan,1
2026-10-03T05:00Z,map,ottawa,1
2026-10-03T05:00Z,map,puebla,1
2026-10-03T05:00Z,map,quebec-city,1
2026-10-03T05:00Z,map,rhein-main-neckar,1
2026-10-03T05:00Z,map,riyadh,1
2026-10-03T05:00Z,map,ruhrgebiet,1
2026-10-03T05:00Z,map,singapore-val,1
2026-10-03T05:00Z,map,sofia-bulgaria,1
2026-10-03T05:00Z,map,suwon,1
2026-10-03T05:00Z,map,tampa-bay,1
2026-10-03T05:00Z,map,vancouver,1
2026-10-03T05:00Z,map,vienna,1
2026-10-03T05:00Z,map,yukina-cz-praha,1
2026-10-03T05:00Z,map,yukina-ee-tallinn,1
2026-10-03T05:00Z,map,yukina-hu-budapest,1
2026-10-03T05:00Z,map,yukina-keihanshin,1
2026-10-03T05:00Z,map,yukina-lt-vilnius,1
2026-10-03T05:00Z,map,yukina-nagoya,1
2026-10-03T05:00Z,map,yukina-osaka,1
2026-10-03T05:00Z,map,yukina-pl-krakow,1
2026-10-03T05:00Z,map,yukina-pl-warszawa,1
2026-10-03T05:00Z,map,yukina-tokyo,1
2026-10-03T05:00Z,map,yukina-tw-taipei,1
2026-10-03T05:00Z,map,zurich,1
2026-10-03T05:00Z,mod,auto-lines,1
2026-10-03T05:00Z,mod,citymapper,1
2026-10-03T05:00Z,mod,dantrains-abridged,1
2026-10-03T05:00Z,mod,improved-schematics,1
2026-10-03T05:00Z,mod,la-metro-trainpack,1
2026-10-03T05:00Z,mod,larp-builder,1
2026-10-03T05:00Z,mod,lrt-trains,2
2026-10-03T05:00Z,mod,neighborhood-station-names,1
2026-10-03T05:00Z,mod,network-status,1
2026-10-03T05:00Z,mod,satellite-overlay,1
2026-10-03T05:00Z,mod,scrollable-dropdowns,2
2026-10-03T05:00Z,mod,station-dots,1
2026-10-03T05:00Z,mod,subwaybuilder-regions,2
2026-10-03T05:00Z,mod,track-visualizer,1
2026-10-03T05:00Z,mod,transit-overlay,4
2026-10-03T05:00Z,mod,upzoned-transit,2
2026-10-03T06:00Z,map,amba,4
2026-10-03T06:00Z,map,beijing,1
2026-10-03T06:00Z,map,jerusalem,1
2026-10-03T06:00Z,map,mfn-hong-kong,1
2026-10-03T06:00Z,map,mfn-lasvegas,1
2026-10-03T06:00Z,map,seoul-4,2
2026-10-03T06:00Z,map,sydney,3
2026-10-03T06:00Z,map,vancouver,1
2026-10-03T06:00Z,map,vienna,1
2026-10-03T06:00Z,map,yukina-ua-dnipro,2
2026-10-03T06:00Z,map,yukina-ua-kharkiv,2
2026-10-03T06:00Z,map,yukina-ua-kryvyi-rih,2
2026-10-03T06:00Z,map,yukina-ua-kyiv,2
2026-10-03T06:00Z,map,yukina-ua-lviv,2
2026-10-03T06:00Z,map,yukina-ua-odesa,2
2026-10-03T06:00Z,map,yukina-ua-zaporizhzhia,2
2026-10-03T06:00Z,mod,any-money,1
2026-10-03T06:00Z,mod,auto-lines,1
2026-10-03T06:00Z,mod,basedgoat-trains,1
2026-10-03T06:00Z,mod,citymapper,1
2026-10-03T06:00Z,mod,dantrains-abridged,3
2026-10-03T06:00Z,mod,demand-developer,1
2026-10-03T06:00Z,mod,distance-circles,1
2026-10-03T06:00Z,mod,improved-schematics,2
2026-10-03T06:00Z,mod,induced-demand,1
2026-10-03T06:00Z,mod,japanese-trains,13
2026-10-03T06:00Z,mod,la-metro-trainpack,1
2026-10-03T06:00Z,mod,missed-connections,1
2026-10-03T06:00Z,mod,mode-manager,1
2026-10-03T06:00Z,mod,neighborhood-station-names,2
2026-10-03T06:00Z,mod,noah-great-society,1
2026-10-03T06:00Z,mod,orbital-surveyor,3
2026-10-03T06:00Z,mod,scrollable-dropdowns,1
2026-10-03T06:00Z,mod,simple-trains,2
2026-10-03T06:00Z,mod,station-dots,2
2026-10-03T06:00Z,mod,subwaybuilder-regions,2
2026-10-03T06:00Z,mod,time-boost,1
2026-10-03T06:00Z,mod,track-anarchy,1
2026-10-03T06:00Z,mod,upzoned-transit,1
2026-10-03T07:00Z,map,genoa,1
2026-10-03T07:00Z,map,yukina-tw-kaohsiung,1
2026-10-03T07:00Z,map,yukina-tw-taipei,1
2026-10-03T07:00Z,mod,distance-circles,1
2026-10-03T07:00Z,mod,subway-builder-performance,1
2026-10-03T07:00Z,mod,track-anarchy,1
2026-10-03T07:00Z,mod,track-visualizer,1
2026-10-03T07:00Z,mod,train-anarchy,2
2026-10-03T07:00Z,mod,transit-overlay,1
2026-10-03T08:00Z,map,bergen-stavanger-no,1
2026-10-03T08:00Z,map,bordeaux-arcachon-libourne,1
2026-10-03T08:00Z,map,chennai,4
2026-10-03T08:00Z,map,kolkata,3
2026-10-03T08:00Z,map,mumbai,6
2026-10-03T08:00Z,map,oslo-no,2
2026-10-03T08:00Z,map,ruhrgebiet,1
2026-10-03T08:00Z,map,seoul-4,1
2026-10-03T08:00Z,map,trondheim-no,1
2026-10-03T08:00Z,map,yukina-bydgoszcz-torun,1
2026-10-03T08:00Z,map,yukina-cz-praha,1
2026-10-03T08:00Z,map,yukina-pl-krakow,3
2026-10-03T08:00Z,mod,any-money,2
2026-10-03T08:00Z,mod,auto-lines,1
2026-10-03T08:00Z,mod,citymapper,1
2026-10-03T08:00Z,mod,distance-circles,2
2026-10-03T08:00Z,mod,induced-demand,1
2026-10-03T08:00Z,mod,intercity-hsr-trains,1
2026-10-03T08:00Z,mod,map-markers,2
2026-10-03T08:00Z,mod,missed-connections,1
2026-10-03T08:00Z,mod,neighborhood-station-names,2
2026-10-03T08:00Z,mod,simple-trains,1
2026-10-03T08:00Z,mod,subwaybuilder-regions,1
2026-10-03T08:00Z,mod,tod,1
2026-10-03T08:00Z,mod,track-visualizer,1
2026-10-03T08:00Z,mod,transit-overlay,1
2026-10-03T08:00Z,mod,unrusted-detroit,1
2026-10-03T08:00Z,mod,upzoned-transit,2
2026-10-03T09:00Z,map,berlin-val,1
2026-10-03T09:00Z,map,bonn-koeln,1
2026-10-03T09:00Z,map,chennai,4
2026-10-03T09:00Z,map,genoa,2
2026-10-03T09:00Z,map,greater-kuala-lumpur,1
2026-10-03T09:00Z,map,jelegend-tokyo,1
2026-10-03T09:00Z,map,kolkata,5
2026-10-03T09:00Z,map,mumbai,5
2026-10-03T09:00Z,map,seoul-4,1
2026-10-03T09:00Z,map,singapore-val,1
2026-10-03T09:00Z,map,yukina-cz-praha,1
2026-10-03T09:00Z,mod,auto-lines,1
2026-10-03T09:00Z,mod,demand-developer,1
2026-10-03T09:00Z,mod,transit-overlay,1
2026-10-03T10:00Z,map,au-canberra,1
2026-10-03T10:00Z,map,cancun-riviera-maya,1
2026-10-03T10:00Z,map,doha,1
2026-10-03T10:00Z,map,nz-auckland,1
2026-10-03T10:00Z,map,nz-christchurch,1
2026-10-03T10:00Z,map,nz-wellington,1
2026-10-03T10:00Z,map,paris-ile-de-france,1
2026-10-03T10:00Z,map,rhein-main-neckar,1
2026-10-03T10:00Z,map,toronto,1
2026-10-03T10:00Z,map,yukina-cz-praha,1
2026-10-03T10:00Z,map,yukina-hu-budapest,1
2026-10-03T10:00Z,map,yukina-ua-kharkiv,1
2026-10-03T10:00Z,mod,valdotoriums-trains,1
2026-10-03T11:00Z,map,au-melbourne,1
2026-10-03T11:00Z,map,au-syd2,1
2026-10-03T11:00Z,map,barcelona,1
2026-10-03T11:00Z,map,berlin-val,1
2026-10-03T11:00Z,map,genoa,2
2026-10-03T11:00Z,map,mfn-hong-kong,2
2026-10-03T11:00Z,map,mumbai,1
2026-10-03T11:00Z,map,naples,1
2026-10-03T11:00Z,map,rome,1
2026-10-03T11:00Z,map,seoul-4,3
2026-10-03T11:00Z,map,shanghai,1
2026-10-03T11:00Z,map,singapore-val,2
2026-10-03T11:00Z,map,sydney,2
2026-10-03T11:00Z,map,turin,1
2026-10-03T11:00Z,map,yukina-hakodate,1
2026-10-03T11:00Z,map,yukina-tw-tainan,1
2026-10-03T11:00Z,map,zurich,3
2026-10-03T11:00Z,mod,demand-developer,1
2026-10-03T11:00Z,mod,japanese-trains,2
2026-10-03T11:00Z,mod,neighborhood-station-names,1
2026-10-03T11:00Z,mod,subwaybuilder-regions,2
2026-10-03T11:00Z,mod,valdotoriums-trains,1
2026-10-03T12:00Z,map,amsterdam,1
2026-10-03T12:00Z,map,antalya,1
2026-10-03T12:00Z,map,au-brisbane,1
2026-10-03T12:00Z,map,au-melbourne,1
2026-10-03T12:00Z,map,baltimore-dc-corridor,1
2026-10-03T12:00Z,map,barcelona,1
2026-10-03T12:00Z,map,berlin-val,4
2026-10-03T12:00Z,map,florence,1
2026-10-03T12:00Z,map,genoa,1
2026-10-03T12:00Z,map,grand-geneve,1
2026-10-03T12:00Z,map,greater-chicagoland,1
2026-10-03T12:00Z,map,greater-los-angeles,1
2026-10-03T12:00Z,map,greater-portland,1
2026-10-03T12:00Z,map,hamburg,1
2026-10-03T12:00Z,map,hannover-braunschweig,1
2026-10-03T12:00Z,map,helsinki,1
2026-10-03T12:00Z,map,istanbul,1
2026-10-03T12:00Z,map,jelegend-tokyo,1
2026-10-03T12:00Z,map,lille,1
2026-10-03T12:00Z,map,madrid,1
2026-10-03T12:00Z,map,marseille,1
2026-10-03T12:00Z,map,milan,1
2026-10-03T12:00Z,map,montreal,1
2026-10-03T12:00Z,map,moscow-and-oblast,2
2026-10-03T12:00Z,map,muenchen,1
2026-10-03T12:00Z,map,naples,1
2026-10-03T12:00Z,map,orlando,1
2026-10-03T12:00Z,map,oslo-no,1
2026-10-03T12:00Z,map,ottawa,1
2026-10-03T12:00Z,map,quebec-city,1
2026-10-03T12:00Z,map,rhein-main-neckar,5
2026-10-03T12:00Z,map,richmond,1
2026-10-03T12:00Z,map,rome,1
2026-10-03T12:00Z,map,rotterdam-the-hague,1
2026-10-03T12:00Z,map,strasbourg,1
2026-10-03T12:00Z,map,sydney,1
2026-10-03T12:00Z,map,tampa-bay,1
2026-10-03T12:00Z,map,toronto,1
2026-10-03T12:00Z,map,vancouver,1
2026-10-03T12:00Z,map,vienna,1
2026-10-03T12:00Z,map,winnipeg,1
2026-10-03T12:00Z,map,yukina-cz-olomouc,1
2026-10-03T12:00Z,map,yukina-cz-plzen,1
2026-10-03T12:00Z,map,yukina-cz-praha,2
2026-10-03T12:00Z,map,yukina-hu-budapest,1
2026-10-03T12:00Z,map,yukina-lt-vilnius,1
2026-10-03T12:00Z,map,yukina-pl-gdansk,1
2026-10-03T12:00Z,map,yukina-pl-krakow,2
2026-10-03T12:00Z,map,yukina-pl-poznan,1
2026-10-03T12:00Z,map,yukina-pl-warszawa,1
2026-10-03T12:00Z,map,yukina-pl-wroclaw,1
2026-10-03T12:00Z,map,yukina-sk-bratislava,1
2026-10-03T12:00Z,map,yukina-toyama,2
2026-10-03T12:00Z,map,yukina-ua-kyiv,1
2026-10-03T12:00Z,map,zurich,1
2026-10-03T12:00Z,mod,citymapper,1
2026-10-03T12:00Z,mod,distance-circles,2
2026-10-03T12:00Z,mod,game-speedup,2
2026-10-03T12:00Z,mod,improved-schematics,2
2026-10-03T12:00Z,mod,intercity-hsr-trains,1
2026-10-03T12:00Z,mod,mode-manager,2
2026-10-03T12:00Z,mod,network-status,1
2026-10-03T12:00Z,mod,orbital-surveyor,1
2026-10-03T12:00Z,mod,resizable-ui,1
2026-10-03T12:00Z,mod,time-boost,1
2026-10-03T12:00Z,mod,transit-overlay,1
2026-10-03T12:00Z,mod,upzoned-transit,1
2026-10-03T12:00Z,mod,valdotoriums-trains,2
2026-10-03T13:00Z,map,au-melbourne,1
2026-10-03T13:00Z,map,bergen-stavanger-no,1
2026-10-03T13:00Z,map,berlin-val,2
2026-10-03T13:00Z,map,bilbao,1
2026-10-03T13:00Z,map,bordeaux-arcachon-libourne,1
2026-10-03T13:00Z,map,brussels,1
2026-10-03T13:00Z,map,cancun-riviera-maya,1
2026-10-03T13:00Z,map,catt-chile-central,1
2026-10-03T13:00Z,map,chennai,1
2026-10-03T13:00Z,map,dresden,1
2026-10-03T13:00Z,map,eurodistrict-bale,1
2026-10-03T13:00Z,map,genoa,3
2026-10-03T13:00Z,map,hamburg,1
2026-10-03T13:00Z,map,istanbul,1
2026-10-03T13:00Z,map,jacksonville,1
2026-10-03T13:00Z,map,kolkata,1
2026-10-03T13:00Z,map,lyon,1
2026-10-03T13:00Z,map,muenchen,2
2026-10-03T13:00Z,map,nice-cote-d-azur,1
2026-10-03T13:00Z,map,nz-wellington,1
2026-10-03T13:00Z,map,opo-pt-metropolitan,1
2026-10-03T13:00Z,map,paris-ile-de-france,1
2026-10-03T13:00Z,map,ruhrgebiet,1
2026-10-03T13:00Z,map,seoul,1
2026-10-03T13:00Z,map,seoul-4,1
2026-10-03T13:00Z,map,singapore-val,1
2026-10-03T13:00Z,map,stuttgart,1
2026-10-03T13:00Z,map,toulouse,1
2026-10-03T13:00Z,map,vienna,1
2026-10-03T13:00Z,map,yukina-bydgoszcz-torun,1
2026-10-03T13:00Z,map,yukina-cz-brno,2
2026-10-03T13:00Z,map,yukina-cz-karlovy-vary,1
2026-10-03T13:00Z,map,yukina-cz-ostrava,1
2026-10-03T13:00Z,map,yukina-cz-praha,1
2026-10-03T13:00Z,map,yukina-ee-ida-viru,1
2026-10-03T13:00Z,map,yukina-ee-parnu,1
2026-10-03T13:00Z,map,yukina-hu-bekescsaba,1
2026-10-03T13:00Z,map,yukina-hu-debrecen-nyiregyhaza,1
2026-10-03T13:00Z,map,yukina-hu-kaposvar,1
2026-10-03T13:00Z,map,yukina-kanazawa,1
2026-10-03T13:00Z,map,yukina-lt-panevezys,1
2026-10-03T13:00Z,map,yukina-lt-siauliai,1
2026-10-03T13:00Z,map,yukina-lv-daugavpils,1
2026-10-03T13:00Z,map,yukina-lv-liepaja,1
2026-10-03T13:00Z,map,yukina-lv-riga,1
2026-10-03T13:00Z,map,yukina-pl-bialystok,1
2026-10-03T13:00Z,map,yukina-pl-czestochowa,1
2026-10-03T13:00Z,map,yukina-pl-poznan,1
2026-10-03T13:00Z,map,yukina-pl-szczecin,1
2026-10-03T13:00Z,map,yukina-pl-zielona-gora,1
2026-10-03T13:00Z,map,yukina-sk-poprad-spisska-nova-ves,1
2026-10-03T13:00Z,map,yukina-ua-zhytomyr,2
2026-10-03T13:00Z,map,zurich,1
2026-10-03T13:00Z,mod,demand-developer,1
2026-10-03T13:00Z,mod,distance-circles,4
2026-10-03T13:00Z,mod,game-speedup,1
2026-10-03T13:00Z,mod,improved-schematics,4
2026-10-03T13:00Z,mod,induced-demand,2
2026-10-03T13:00Z,mod,japanese-trains,1
2026-10-03T13:00Z,mod,larp-builder,1
2026-10-03T13:00Z,mod,missed-connections,2
2026-10-03T13:00Z,mod,network-status,3
2026-10-03T13:00Z,mod,subway-builder-performance,1
2026-10-03T13:00Z,mod,subwaybuilder-regions,2
2026-10-03T13:00Z,mod,time-boost,1
2026-10-03T13:00Z,mod,transit-overlay,3
2026-10-03T13:00Z,mod,valdotoriums-trains,2
2026-10-03T14:00Z,map,amba,3
2026-10-03T14:00Z,map,brussels,1
2026-10-03T14:00Z,map,cancun-riviera-maya,1
2026-10-03T14:00Z,map,genoa,1
2026-10-03T14:00Z,map,nz-wellington,2
2026-10-03T14:00Z,map,seoul-4,3
2026-10-03T14:00Z,map,singapore-val,3
2026-10-03T14:00Z,map,sydney,3
2026-10-03T14:00Z,map,toronto,1
2026-10-03T14:00Z,map,yukina-ee-tartu,1
2026-10-03T14:00Z,map,yukina-hu-pecs,1
2026-10-03T14:00Z,map,yukina-hu-szeged,2
2026-10-03T14:00Z,map,yukina-hu-veszprem-balaton,1
2026-10-03T14:00Z,map,yukina-sk-banska-bystrica,1
2026-10-03T14:00Z,map,yukina-tw-taipei,3
2026-10-03T14:00Z,map,yukina-ua-dnipro,2
2026-10-03T14:00Z,map,yukina-ua-kharkiv,2
2026-10-03T14:00Z,map,yukina-ua-kryvyi-rih,2
2026-10-03T14:00Z,map,yukina-ua-kyiv,2
2026-10-03T14:00Z,map,yukina-ua-lviv,2
2026-10-03T14:00Z,map,yukina-ua-odesa,2
2026-10-03T14:00Z,map,yukina-ua-zaporizhzhia,2
2026-10-03T14:00Z,mod,basedgoat-trains,1
2026-10-03T14:00Z,mod,dantrains-abridged,1
2026-10-03T14:00Z,mod,distance-circles,2
2026-10-03T14:00Z,mod,game-speedup,1
2026-10-03T14:00Z,mod,japanese-trains,14
2026-10-03T14:00Z,mod,la-metro-trainpack,1
2026-10-03T14:00Z,mod,madrid-transit-pack,1
2026-10-03T14:00Z,mod,missed-connections,1
2026-10-03T14:00Z,mod,network-status,1
2026-10-03T14:00Z,mod,noah-great-society,1
2026-10-03T14:00Z,mod,subwaybuilder-regions,1
2026-10-03T14:00Z,mod,time-boost,1
2026-10-03T15:00Z,map,grand-geneve,1
2026-10-03T15:00Z,map,ruhrgebiet,1
2026-10-03T15:00Z,map,seoul-4,1
2026-10-03T15:00Z,map,yukina-fukuoka,1
2026-10-03T15:00Z,map,yukina-sapporo-chitose,1
2026-10-03T15:00Z,map,yukina-ua-dnipro,1
2026-10-03T15:00Z,map,yukina-ua-kharkiv,1
2026-10-03T15:00Z,map,yukina-ua-kyiv,1
2026-10-03T15:00Z,map,yukina-ua-lviv,1
2026-10-03T15:00Z,map,yukina-ua-odesa,1
2026-10-03T15:00Z,mod,demand-developer,1
2026-10-03T15:00Z,mod,improved-schematics,3
2026-10-03T15:00Z,mod,kr-ktp,1
2026-10-03T15:00Z,mod,larp-builder,1
2026-10-03T15:00Z,mod,track-anarchy,1
2026-10-03T15:00Z,mod,valdotoriums-trains,1
2026-10-03T16:00Z,map,amba,1
2026-10-03T16:00Z,map,beirut,1
2026-10-03T16:00Z,map,muenchen,1
2026-10-03T16:00Z,map,puebla,1
2026-10-03T16:00Z,map,rochester,1
2026-10-03T16:00Z,map,seoul-4,3
2026-10-03T16:00Z,map,yukina-cz-jihlava,1
2026-10-03T16:00Z,map,yukina-hu-budapest,1
2026-10-03T16:00Z,map,yukina-kanazawa,1
2026-10-03T16:00Z,map,yukina-keihanshin,1
2026-10-03T16:00Z,map,yukina-kyoto,2
2026-10-03T16:00Z,map,yukina-sapporo-chitose,1
2026-10-03T16:00Z,map,yukina-tsugaru,1
2026-10-03T16:00Z,map,yukina-tw-kaohsiung,1
2026-10-03T16:00Z,map,yukina-tw-taichung,1
2026-10-03T16:00Z,map,yukina-tw-taipei,1
2026-10-03T16:00Z,mod,citymapper,1
2026-10-03T16:00Z,mod,game-speedup,1
2026-10-03T16:00Z,mod,improved-schematics,1
2026-10-03T16:00Z,mod,intercity-hsr-trains,1
2026-10-03T16:00Z,mod,japanese-trains,1
2026-10-03T16:00Z,mod,simple-trains,1
2026-10-03T16:00Z,mod,time-boost,1
2026-10-03T16:00Z,mod,track-anarchy,1
2026-10-03T16:00Z,mod,valdotoriums-trains,1
2026-10-03T17:00Z,map,alicante,1
2026-10-03T17:00Z,map,amba,1
2026-10-03T17:00Z,map,au-brisbane,1
2026-10-03T17:00Z,map,berlin-val,1
2026-10-03T17:00Z,map,calgary,1
2026-10-03T17:00Z,map,cape-town,1
2026-10-03T17:00Z,map,dubai,1
2026-10-03T17:00Z,map,edmonton,1
2026-10-03T17:00Z,map,genoa,7
2026-10-03T17:00Z,map,greater-kuala-lumpur,1
2026-10-03T17:00Z,map,mfn-hong-kong,1
2026-10-03T17:00Z,map,milan,1
2026-10-03T17:00Z,map,nz-wellington,2
2026-10-03T17:00Z,map,riyadh,1
2026-10-03T17:00Z,map,south-florida,1
2026-10-03T17:00Z,map,yukina-bydgoszcz-torun,2
2026-10-03T17:00Z,map,yukina-cz-jihlava,1
2026-10-03T17:00Z,map,yukina-cz-liberec-jablonec,1
2026-10-03T17:00Z,map,yukina-cz-praha,2
2026-10-03T17:00Z,map,yukina-hakodate,1
2026-10-03T17:00Z,map,yukina-hu-gyor,1
2026-10-03T17:00Z,map,yukina-hu-nyugat-dunantul,1
2026-10-03T17:00Z,map,yukina-lt-klaipeda,1
2026-10-03T17:00Z,map,yukina-lv-riga,1
2026-10-03T17:00Z,map,yukina-pl-gdansk,2
2026-10-03T17:00Z,map,yukina-pl-krakow,2
2026-10-03T17:00Z,map,yukina-pl-poznan,1
2026-10-03T17:00Z,map,yukina-pl-warszawa,2
2026-10-03T17:00Z,map,yukina-pl-wroclaw,1
2026-10-03T17:00Z,map,yukina-sk-bratislava,1
2026-10-03T17:00Z,map,yukina-sk-kosice-presov,1
2026-10-03T17:00Z,map,yukina-tokyo,5
2026-10-03T17:00Z,map,yukina-tw-hualien-taitung,1
2026-10-03T17:00Z,map,yukina-tw-southern-taiwan,1
2026-10-03T17:00Z,map,yukina-tw-yilan,1
2026-10-03T17:00Z,map,yukina-ua-dnipro,1
2026-10-03T17:00Z,map,yukina-ua-kharkiv,1
2026-10-03T17:00Z,map,yukina-ua-kropyvnytskyi,1
2026-10-03T17:00Z,map,yukina-ua-kyiv,1
2026-10-03T17:00Z,mod,any-money,1
2026-10-03T17:00Z,mod,citymapper,1
2026-10-03T17:00Z,mod,danield1909-realism-pathfinding,1
2026-10-03T17:00Z,mod,demand-clusters,1
2026-10-03T17:00Z,mod,demand-developer,1
2026-10-03T17:00Z,mod,distance-circles,2
2026-10-03T17:00Z,mod,improved-schematics,3
2026-10-03T17:00Z,mod,induced-demand,1
2026-10-03T17:00Z,mod,japanese-trains,1
2026-10-03T17:00Z,mod,missed-connections,1
2026-10-03T17:00Z,mod,mode-manager,1
2026-10-03T17:00Z,mod,neighborhood-station-names,1
2026-10-03T17:00Z,mod,simple-trains,1
2026-10-03T17:00Z,mod,subway-builder-performance,3
2026-10-03T17:00Z,mod,subwaybuilder-regions,2
2026-10-03T17:00Z,mod,track-visualizer,1
2026-10-03T17:00Z,mod,transit-overlay,2
2026-10-03T17:00Z,mod,unrusted-cities-pack,1
2026-10-03T17:00Z,mod,upzoned-transit,1
2026-10-03T17:00Z,mod,valdotoriums-trains,1
2026-10-03T18:00Z,map,vancouver,1
2026-10-03T18:00Z,mod,distance-circles,2
2026-10-03T18:00Z,mod,game-speedup,1
2026-10-03T18:00Z,mod,improved-schematics,2
2026-10-03T18:00Z,mod,induced-demand,2
2026-10-03T18:00Z,mod,subwaybuilder-regions,2
2026-10-03T18:00Z,mod,transit-overlay,2
2026-10-03T19:00Z,map,amba,1
2026-10-03T19:00Z,map,cairo,1
2026-10-03T19:00Z,map,chennai,1
2026-10-03T19:00Z,map,corse,1
2026-10-03T19:00Z,map,genoa,2
2026-10-03T19:00Z,map,greater-los-angeles,2
2026-10-03T19:00Z,map,kolkata,1
2026-10-03T19:00Z,map,madrid,3
2026-10-03T19:00Z,map,mfn-hong-kong,1
2026-10-03T19:00Z,map,moscow-and-oblast,2
2026-10-03T19:00Z,map,nz-wellington,4
2026-10-03T19:00Z,map,oslo-no,1
2026-10-03T19:00Z,map,seoul-4,2
2026-10-03T19:00Z,map,vancouver,1
2026-10-03T19:00Z,map,yukina-cz-praha,1
2026-10-03T19:00Z,map,yukina-hu-budapest,1
2026-10-03T19:00Z,map,yukina-sk-bratislava,1
2026-10-03T19:00Z,mod,any-money,1
2026-10-03T19:00Z,mod,auto-lines,1
2026-10-03T19:00Z,mod,citymapper,1
2026-10-03T19:00Z,mod,dantrains-abridged,2
2026-10-03T19:00Z,mod,demand-developer,3
2026-10-03T19:00Z,mod,distance-circles,1
2026-10-03T19:00Z,mod,improved-schematics,3
2026-10-03T19:00Z,mod,induced-demand,3
2026-10-03T19:00Z,mod,japanese-trains,1
2026-10-03T19:00Z,mod,larp-builder,2
2026-10-03T19:00Z,mod,lrt-trains,2
2026-10-03T19:00Z,mod,missed-connections,1
2026-10-03T19:00Z,mod,mode-manager,1
2026-10-03T19:00Z,mod,neighborhood-station-names,2
2026-10-03T19:00Z,mod,network-status,2
2026-10-03T19:00Z,mod,noah-great-society,1
2026-10-03T19:00Z,mod,orbital-surveyor,1
2026-10-03T19:00Z,mod,resizable-ui,1
2026-10-03T19:00Z,mod,scrollable-dropdowns,3
2026-10-03T19:00Z,mod,simple-trains,2
2026-10-03T19:00Z,mod,station-dots,1
2026-10-03T19:00Z,mod,subwaybuilder-regions,2
2026-10-03T19:00Z,mod,time-boost,1
2026-10-03T19:00Z,mod,tod,3
2026-10-03T19:00Z,mod,track-anarchy,3
2026-10-03T19:00Z,mod,track-visualizer,2
2026-10-03T19:00Z,mod,train-anarchy,1
2026-10-03T19:00Z,mod,transit-overlay,3
2026-10-03T19:00Z,mod,upzoned-transit,4
2026-10-03T19:00Z,mod,valdotoriums-trains,3
2026-10-03T20:00Z,map,amba,4
2026-10-03T20:00Z,map,amsterdam,1
2026-10-03T20:00Z,map,genoa,1
2026-10-03T20:00Z,map,greater-los-angeles,1
2026-10-03T20:00Z,map,jelegend-tokyo,1
2026-10-03T20:00Z,map,mfn-hong-kong,1
2026-10-03T20:00Z,map,rotterdam-the-hague,1
2026-10-03T20:00Z,map,seoul-4,2
2026-10-03T20:00Z,map,sydney,3
2026-10-03T20:00Z,map,tel-aviv,1
2026-10-03T20:00Z,map,toronto,1
2026-10-03T20:00Z,map,yukina-cz-praha,1
2026-10-03T20:00Z,map,yukina-ua-dnipro,2
2026-10-03T20:00Z,map,yukina-ua-kharkiv,2
2026-10-03T20:00Z,map,yukina-ua-kryvyi-rih,2
2026-10-03T20:00Z,map,yukina-ua-kyiv,2
2026-10-03T20:00Z,map,yukina-ua-lviv,2
2026-10-03T20:00Z,map,yukina-ua-odesa,2
2026-10-03T20:00Z,map,yukina-ua-zaporizhzhia,2
2026-10-03T20:00Z,mod,basedgoat-trains,1
2026-10-03T20:00Z,mod,dantrains-abridged,2
2026-10-03T20:00Z,mod,demand-developer,1
2026-10-03T20:00Z,mod,improved-schematics,1
2026-10-03T20:00Z,mod,induced-demand,3
2026-10-03T20:00Z,mod,japanese-trains,13
2026-10-03T20:00Z,mod,la-metro-trainpack,1
2026-10-03T20:00Z,mod,lrt-trains,1
2026-10-03T20:00Z,mod,network-status,1
2026-10-03T20:00Z,mod,noah-great-society,1
2026-10-03T20:00Z,mod,orbital-surveyor,1
2026-10-03T20:00Z,mod,scrollable-dropdowns,1
2026-10-03T20:00Z,mod,subway-builder-performance,1
2026-10-03T20:00Z,mod,tod,2
2026-10-03T20:00Z,mod,track-visualizer,1
2026-10-03T21:00Z,map,genoa,1
2026-10-03T21:00Z,map,tel-aviv,1
2026-10-03T21:00Z,mod,demand-developer,1
2026-10-03T21:00Z,mod,japanese-trains,1
2026-10-03T21:00Z,mod,larp-builder,1
2026-10-03T21:00Z,mod,subway-builder-performance,1
2026-10-03T22:00Z,map,aachen,1
2026-10-03T22:00Z,map,amba,4
2026-10-03T22:00Z,map,baghdad,1
2026-10-03T22:00Z,map,barcelona,1
2026-10-03T22:00Z,map,dresden,1
2026-10-03T22:00Z,map,greater-los-angeles,1
2026-10-03T22:00Z,map,guangzhou,2
2026-10-03T22:00Z,map,luebeck,2
2026-10-03T22:00Z,map,toronto,1
2026-10-03T22:00Z,map,yukina-ee-tallinn,1
2026-10-03T22:00Z,map,yukina-kyoto,1
2026-10-03T22:00Z,map,yukina-pl-warszawa,1
2026-10-03T22:00Z,map,yukina-tw-taipei,2
2026-10-03T22:00Z,map,yukina-ua-vinnytsia,1
2026-10-03T22:00Z,mod,demand-developer,1
2026-10-03T22:00Z,mod,induced-demand,1
2026-10-03T22:00Z,mod,simple-trains,1
2026-10-03T23:00Z,map,alexandria,1
2026-10-03T23:00Z,map,amba,1
2026-10-03T23:00Z,map,beijing,1
2026-10-03T23:00Z,map,cancun-riviera-maya,3
2026-10-03T23:00Z,map,ciudad-de-mexico,1
2026-10-03T23:00Z,map,memphis,1
2026-10-03T23:00Z,map,montreal,2
2026-10-03T23:00Z,map,oklahoma-city,1
2026-10-03T23:00Z,map,oslo-no,1
2026-10-03T23:00Z,map,seoul-4,2
2026-10-03T23:00Z,map,spokane,1
2026-10-03T23:00Z,map,toronto,1
2026-10-03T23:00Z,map,yukina-hu-budapest,1
2026-10-03T23:00Z,map,yukina-tw-taipei,1
2026-10-03T23:00Z,mod,any-money,2
2026-10-03T23:00Z,mod,citymapper,1
2026-10-03T23:00Z,mod,demand-developer,1
2026-10-03T23:00Z,mod,distance-circles,2
2026-10-03T23:00Z,mod,japanese-trains,2
2026-10-03T23:00Z,mod,map-markers,1
2026-10-03T23:00Z,mod,missed-connections,2
2026-10-03T23:00Z,mod,neighborhood-station-names,2
2026-10-03T23:00Z,mod,satellite-overlay,2
2026-10-03T23:00Z,mod,station-dots,2
2026-10-03T23:00Z,mod,subwaybuilder-regions,3
2026-10-03T23:00Z,mod,time-boost,2
2026-10-03T23:00Z,mod,transit-overlay,4
2026-10-03T23:00Z,mod,valdotoriums-trains,1
2026-10-11T01:00Z,map,aachen,2
2026-10-11T01:00Z,map,abu-dhabi,5
2026-10-11T01:00Z,map,aleppo,1
2026-10-11T01:00Z,map,alexandria,6
2026-10-11T01:00Z,map,alicante,5
2026-10-11T01:00Z,map,amba,46
2026-10-11T01:00Z,map,amiens,1
2026-10-11T01:00Z,map,amsterdam,18
2026-10-11T01:00Z,map,angers,2
2026-10-11T01:00Z,map,ankara,5
2026-10-11T01:00Z,map,antalya,4
2026-10-11T01:00Z,map,arc-mediterraneen,2
2026-10-11T01:00Z,map,au-adelaide,4
2026-10-11T01:00Z,map,au-brisbane,8
2026-10-11T01:00Z,map,au-canberra,6
2026-10-11T01:00Z,map,au-melbourne,21
2026-10-11T01:00Z,map,au-perth,11
2026-10-11T01:00Z,map,au-syd2,9
2026-10-11T01:00Z,map,augsburg,2
2026-10-11T01:00Z,map,baghdad,20
2026-10-11T01:00Z,map,baltimore-dc-corridor,11
2026-10-11T01:00Z,map,barcelona,25
2026-10-11T01:00Z,map,bari,2
2026-10-11T01:00Z,map,beijing,14
2026-10-11T01:00Z,map,beirut,6
2026-10-11T01:00Z,map,bergen-stavanger-no,10
2026-10-11T01:00Z,map,berlin-val,34
2026-10-11T01:00Z,map,besancon,2
2026-10-11T01:00Z,map,bielefeld,1
2026-10-11T01:00Z,map,bilbao,8
2026-10-11T01:00Z,map,bologna,3
2026-10-11T01:00Z,map,bonn-koeln,5
2026-10-11T01:00Z,map,bordeaux-arcachon-libourne,4
2026-10-11T01:00Z,map,bremen,2
2026-10-11T01:00Z,map,brest,2
2026-10-11T01:00Z,map,brussels,5
2026-10-11T01:00Z,map,busan-4,14
2026-10-11T01:00Z,map,caen,1
2026-10-11T01:00Z,map,cairo,5
2026-10-11T01:00Z,map,calais-dunkerque,2
2026-10-11T01:00Z,map,calgary,13
2026-10-11T01:00Z,map,cancun-riviera-maya,19
2026-10-11T01:00Z,map,cape-town,7
2026-10-11T01:00Z,map,catania,3
2026-10-11T01:00Z,map,catt-chile-central,6
2026-10-11T01:00Z,map,catt-gran-santiago,6
2026-10-11T01:00Z,map,cdmx-core,7
2026-10-11T01:00Z,map,changwon,9
2026-10-11T01:00Z,map,chemnitz,1
2026-10-11T01:00Z,map,chennai,8
2026-10-11T01:00Z,map,cheongju,3
2026-10-11T01:00Z,map,chongqing,11
2026-10-11T01:00Z,map,chuncheon,4
2026-10-11T01:00Z,map,ciudad-de-mexico,21
2026-10-11T01:00Z,map,ciudad-juarez-el-paso,3
2026-10-11T01:00Z,map,corse,5
2026-10-11T01:00Z,map,daegu-4,5
2026-10-11T01:00Z,map,daejeon-4,4
2026-10-11T01:00Z,map,damascus,4
2026-10-11T01:00Z,map,delhi,8
2026-10-11T01:00Z,map,dijon,1
2026-10-11T01:00Z,map,doha,6
2026-10-11T01:00Z,map,dresden,2
2026-10-11T01:00Z,map,dubai,16
2026-10-11T01:00Z,map,edmonton,9
2026-10-11T01:00Z,map,erfurt,2
2026-10-11T01:00Z,map,eurodistrict-bale,6
2026-10-11T01:00Z,map,florence,1
2026-10-11T01:00Z,map,freiburg,2
2026-10-11T01:00Z,map,gangneung,3
2026-10-11T01:00Z,map,garda-lake,1
2026-10-11T01:00Z,map,genoa,98
2026-10-11T01:00Z,map,grand-geneve,5
2026-10-11T01:00Z,map,greater-baltimore,1
2026-10-11T01:00Z,map,greater-chicagoland,8
2026-10-11T01:00Z,map,greater-kuala-lumpur,5
2026-10-11T01:00Z,map,greater-los-angeles,14
2026-10-11T01:00Z,map,greater-portland,2
2026-10-11T01:00Z,map,greatertwincities,2
2026-10-11T01:00Z,map,guadalajara,5
2026-10-11T01:00Z,map,guadeloupe,2
2026-10-11T01:00Z,map,guangzhou,10
2026-10-11T01:00Z,map,guyane,1
2026-10-11T01:00Z,map,gwangju-4,5
2026-10-11T01:00Z,map,gyeongju-pohang,2
2026-10-11T01:00Z,map,hamburg,21
2026-10-11T01:00Z,map,hannover-braunschweig,3
2026-10-11T01:00Z,map,helsinki,11
2026-10-11T01:00Z,map,ile-de-france,2
2026-10-11T01:00Z,map,incheon-4,6
2026-10-11T01:00Z,map,istanbul,14
2026-10-11T01:00Z,map,jacksonville,3
2026-10-11T01:00Z,map,jeddah-mecca,2
2026-10-11T01:00Z,map,jeju-f,14
2026-10-11T01:00Z,map,jelegend-tokyo,19
2026-10-11T01:00Z,map,jeonju-metropolitan,2
2026-10-11T01:00Z,map,kiel,4
2026-10-11T01:00Z,map,knoxville,2
2026-10-11T01:00Z,map,kolkata,9
2026-10-11T01:00Z,map,kristiansand-no,3
2026-10-11T01:00Z,map,kuwait-city,1
2026-10-11T01:00Z,map,la-rochelle,1
2026-10-11T01:00Z,map,le-havre,1
2026-10-11T01:00Z,map,le-mans,1
2026-10-11T01:00Z,map,lille,8
2026-10-11T01:00Z,map,limoges,1
2026-10-11T01:00Z,map,los-angeles-county,3
2026-10-11T01:00Z,map,luebeck,1
2026-10-11T01:00Z,map,lyon,4
2026-10-11T01:00Z,map,madrid,15
2026-10-11T01:00Z,map,magdeburg,1
2026-10-11T01:00Z,map,marseille,3
2026-10-11T01:00Z,map,martinique,1
2026-10-11T01:00Z,map,mashhad,2
2026-10-11T01:00Z,map,memphis,2
2026-10-11T01:00Z,map,metz-nancy,1
2026-10-11T01:00Z,map,mexicali,1
2026-10-11T01:00Z,map,mfn-hamptonroads,3
2026-10-11T01:00Z,map,mfn-hong-kong,47
2026-10-11T01:00Z,map,mfn-rsw,2
2026-10-11T01:00Z,map,milan,22
2026-10-11T01:00Z,map,mississippi,7
2026-10-11T01:00Z,map,monterrey,7
2026-10-11T01:00Z,map,montreal,32
2026-10-11T01:00Z,map,moscow-and-oblast,40
2026-10-11T01:00Z,map,mosul,2
2026-10-11T01:00Z,map,muenchen,16
2026-10-11T01:00Z,map,mumbai,19
2026-10-11T01:00Z,map,muscat,3
2026-10-11T01:00Z,map,nantes,7
2026-10-11T01:00Z,map,naples,3
2026-10-11T01:00Z,map,nice-cote-d-azur,4
2026-10-11T01:00Z,map,nuernberg,4
2026-10-11T01:00Z,map,nz-auckland,4
2026-10-11T01:00Z,map,nz-christchurch,1
2026-10-11T01:00Z,map,nz-wellington,56
2026-10-11T01:00Z,map,oklahoma-city,1
2026-10-11T01:00Z,map,opo-pt-metropolitan,4
2026-10-11T01:00Z,map,orange-county,1
2026-10-11T01:00Z,map,orlando,13
2026-10-11T01:00Z,map,orleans,1
2026-10-11T01:00Z,map,oslo-no,33
2026-10-11T01:00Z,map,ottawa,18
2026-10-11T01:00Z,map,palermo,2
2026-10-11T01:00Z,map,palma-de-mallorca,7
2026-10-11T01:00Z,map,paris-ile-de-france,16
2026-10-11T01:00Z,map,pau,1
2026-10-11T01:00Z,map,pays-basque,4
2026-10-11T01:00Z,map,pianura-emiliana,2
2026-10-11T01:00Z,map,pianura-veneta,3
2026-10-11T01:00Z,map,puebla,2
2026-10-11T01:00Z,map,puerto-rico,8
2026-10-11T01:00Z,map,quebec-city,10
2026-10-11T01:00Z,map,reims,1
2026-10-11T01:00Z,map,rennes,3
2026-10-11T01:00Z,map,reunion,4
2026-10-11T01:00Z,map,rhein-main-neckar,8
2026-10-11T01:00Z,map,rhode-island,6
2026-10-11T01:00Z,map,richmond,1
2026-10-11T01:00Z,map,rio-metropolitan,11
2026-10-11T01:00Z,map,riyadh,4
2026-10-11T01:00Z,map,rochester,4
2026-10-11T01:00Z,map,rome,16
2026-10-11T01:00Z,map,rotterdam-the-hague,16
2026-10-11T01:00Z,map,rouen,1
2026-10-11T01:00Z,map,ruhrgebiet,4
2026-10-11T01:00Z,map,saltillo,2
2026-10-11T01:00Z,map,san-antonio,1
2026-10-11T01:00Z,map,san-juan,6
2026-10-11T01:00Z,map,santa-barbara,2
2026-10-11T01:00Z,map,sejong-4,4
2026-10-11T01:00Z,map,seoul,38
2026-10-11T01:00Z,map,seoul-4,177
2026-10-11T01:00Z,map,sevilla,7
2026-10-11T01:00Z,map,shanghai,19
2026-10-11T01:00Z,map,shenzhen,14
2026-10-11T01:00Z,map,shiraz,1
2026-10-11T01:00Z,map,singapore-val,31
2026-10-11T01:00Z,map,sofia-bulgaria,1
2026-10-11T01:00Z,map,south-florida,1
2026-10-11T01:00Z,map,spokane,4
2026-10-11T01:00Z,map,springfield-il,4
2026-10-11T01:00Z,map,strasbourg,7
2026-10-11T01:00Z,map,stuttgart,5
2026-10-11T01:00Z,map,suwon,5
2026-10-11T01:00Z,map,sydney,34
2026-10-11T01:00Z,map,tampa-bay,11
2026-10-11T01:00Z,map,tehran,2
2026-10-11T01:00Z,map,tel-aviv,5
2026-10-11T01:00Z,map,tijuana-san-diego,6
2026-10-11T01:00Z,map,toronto,60
2026-10-11T01:00Z,map,toulouse,7
2026-10-11T01:00Z,map,tours,1
2026-10-11T01:00Z,map,tri-cities,3
2026-10-11T01:00Z,map,tromso-no,2
2026-10-11T01:00Z,map,trondheim-no,5
2026-10-11T01:00Z,map,troyes,1
2026-10-11T01:00Z,map,turin,4
2026-10-11T01:00Z,map,ulsan-4,5
2026-10-11T01:00Z,map,valencia,3
2026-10-11T01:00Z,map,vancouver,31
2026-10-11T01:00Z,map,vienna,30
2026-10-11T01:00Z,map,winnipeg,4
2026-10-11T01:00Z,map,xiamen,4
2026-10-11T01:00Z,map,yukina-akita,1
2026-10-11T01:00Z,map,yukina-asahikawa,2
2026-10-11T01:00Z,map,yukina-bydgoszcz-torun,7
2026-10-11T01:00Z,map,yukina-cz-brno,7
2026-10-11T01:00Z,map,yukina-cz-ceske-budejovice,1
2026-10-11T01:00Z,map,yukina-cz-hradec-pardubice,1
2026-10-11T01:00Z,map,yukina-cz-ostrava,2
2026-10-11T01:00Z,map,yukina-cz-praha,28
2026-10-11T01:00Z,map,yukina-ee-parnu,3
2026-10-11T01:00Z,map,yukina-ee-tallinn,12
2026-10-11T01:00Z,map,yukina-ee-tartu,1
2026-10-11T01:00Z,map,yukina-fuji-numazu,3
2026-10-11T01:00Z,map,yukina-fukui,1
2026-10-11T01:00Z,map,yukina-fukuoka,3
2026-10-11T01:00Z,map,yukina-hachinohe,1
2026-10-11T01:00Z,map,yukina-hakodate,3
2026-10-11T01:00Z,map,yukina-hiroshima-kure,6
2026-10-11T01:00Z,map,yukina-hu-bekescsaba,4
2026-10-11T01:00Z,map,yukina-hu-budapest,42
2026-10-11T01:00Z,map,yukina-hu-debrecen-nyiregyhaza,1
2026-10-11T01:00Z,map,yukina-hu-gyor,1
2026-10-11T01:00Z,map,yukina-hu-kaposvar,1
2026-10-11T01:00Z,map,yukina-hu-miskolc,1
2026-10-11T01:00Z,map,yukina-hu-nyugat-dunantul,2
2026-10-11T01:00Z,map,yukina-hu-pecs,1
2026-10-11T01:00Z,map,yukina-hu-szeged,1
2026-10-11T01:00Z,map,yukina-hu-szekszard-baja,1
2026-10-11T01:00Z,map,yukina-hu-veszprem-balaton,2
2026-10-11T01:00Z,map,yukina-keihanshin,11
2026-10-11T01:00Z,map,yukina-kitakyushu-shimonoseki,1
2026-10-11T01:00Z,map,yukina-kobe-akashi,3
2026-10-11T01:00Z,map,yukina-kochi,1
2026-10-11T01:00Z,map,yukina-kumamoto,2
2026-10-11T01:00Z,map,yukina-kyoto,10
2026-10-11T01:00Z,map,yukina-lt-kaunas,1
2026-10-11T01:00Z,map,yukina-lt-klaipeda,1
2026-10-11T01:00Z,map,yukina-lt-panevezys,1
2026-10-11T01:00Z,map,yukina-lt-siauliai,1
2026-10-11T01:00Z,map,yukina-lt-vilnius,9
2026-10-11T01:00Z,map,yukina-lv-liepaja,2
2026-10-11T01:00Z,map,yukina-lv-riga,10
2026-10-11T01:00Z,map,yukina-maebashi,1
2026-10-11T01:00Z,map,yukina-matsuyama,1
2026-10-11T01:00Z,map,yukina-miyazaki,2
2026-10-11T01:00Z,map,yukina-morioka,2
2026-10-11T01:00Z,map,yukina-nagano,4
2026-10-11T01:00Z,map,yukina-nagasaki,3
2026-10-11T01:00Z,map,yukina-nagoya,6
2026-10-11T01:00Z,map,yukina-nakaumi,1
2026-10-11T01:00Z,map,yukina-niigata,2
2026-10-11T01:00Z,map,yukina-northern-kyushu,5
2026-10-11T01:00Z,map,yukina-okayama,2
2026-10-11T01:00Z,map,yukina-okinawa,7
2026-10-11T01:00Z,map,yukina-osaka,9
2026-10-11T01:00Z,map,yukina-pl-bialystok,3
2026-10-11T01:00Z,map,yukina-pl-czestochowa,3
2026-10-11T01:00Z,map,yukina-pl-gdansk,13
2026-10-11T01:00Z,map,yukina-pl-katowice-gzm,7
2026-10-11T01:00Z,map,yukina-pl-kielce,1
2026-10-11T01:00Z,map,yukina-pl-krakow,12
2026-10-11T01:00Z,map,yukina-pl-lodz,6
2026-10-11T01:00Z,map,yukina-pl-lublin,2
2026-10-11T01:00Z,map,yukina-pl-plock-wloclawek,1
2026-10-11T01:00Z,map,yukina-pl-poznan,4
2026-10-11T01:00Z,map,yukina-pl-szczecin,2
2026-10-11T01:00Z,map,yukina-pl-warszawa,28
2026-10-11T01:00Z,map,yukina-pl-wroclaw,6
2026-10-11T01:00Z,map,yukina-sapporo-chitose,5
2026-10-11T01:00Z,map,yukina-sendai,4
2026-10-11T01:00Z,map,yukina-shizuoka-hamamatsu,4
2026-10-11T01:00Z,map,yukina-sk-banska-bystrica,1
2026-10-11T01:00Z,map,yukina-sk-bratislava,12
2026-10-11T01:00Z,map,yukina-tokyo,20
2026-10-11T01:00Z,map,yukina-toyama,2
2026-10-11T01:00Z,map,yukina-tsugaru,1
2026-10-11T01:00Z,map,yukina-tw-chiayi,1
2026-10-11T01:00Z,map,yukina-tw-hsinchu,4
2026-10-11T01:00Z,map,yukina-tw-hualien-taitung,1
2026-10-11T01:00Z,map,yukina-tw-kaohsiung,4
2026-10-11T01:00Z,map,yukina-tw-southern-taiwan,11
2026-10-11T01:00Z,map,yukina-tw-taichung,8
2026-10-11T01:00Z,map,yukina-tw-tainan,2
2026-10-11T01:00Z,map,yukina-tw-taipei,34
2026-10-11T01:00Z,map,yukina-ua-cherkasy,2
2026-10-11T01:00Z,map,yukina-ua-chernihiv,2
2026-10-11T01:00Z,map,yukina-ua-chernivtsi,1
2026-10-11T01:00Z,map,yukina-ua-dnipro,3
2026-10-11T01:00Z,map,yukina-ua-ivano-frankivsk,1
2026-10-11T01:00Z,map,yukina-ua-kharkiv,4
2026-10-11T01:00Z,map,yukina-ua-khmelnytskyi,1
2026-10-11T01:00Z,map,yukina-ua-kremenchuk,1
2026-10-11T01:00Z,map,yukina-ua-kropyvnytskyi,1
2026-10-11T01:00Z,map,yukina-ua-kryvyi-rih,4
2026-10-11T01:00Z,map,yukina-ua-kyiv,9
2026-10-11T01:00Z,map,yukina-ua-lviv,3
2026-10-11T01:00Z,map,yukina-ua-mykolaiv-kherson,1
2026-10-11T01:00Z,map,yukina-ua-odesa,2
2026-10-11T01:00Z,map,yukina-ua-poltava,1
2026-10-11T01:00Z,map,yukina-ua-rivne-lutsk,1
2026-10-11T01:00Z,map,yukina-ua-sumy,1
2026-10-11T01:00Z,map,yukina-ua-ternopil,1
2026-10-11T01:00Z,map,yukina-ua-uzhhorod-mukachevo,1
2026-10-11T01:00Z,map,yukina-ua-vinnytsia,1
2026-10-11T01:00Z,map,yukina-ua-zaporizhzhia,2
2026-10-11T01:00Z,map,yukina-ua-zhytomyr,1
2026-10-11T01:00Z,map,yukina-utsunomiya,3
2026-10-11T01:00Z,map,yukina-wakayama,2
2026-10-11T01:00Z,map,yukina-yamagata,2
2026-10-11T01:00Z,map,yukina-yamaguchi,2
2026-10-11T01:00Z,map,zurich,12
2026-10-11T01:00Z,mod,any-money,39
2026-10-11T01:00Z,mod,anysave,7
2026-10-11T01:00Z,mod,auto-lines,49
2026-10-11T01:00Z,mod,basedgoat-trains,7
2026-10-11T01:00Z,mod,chinese-trains,13
2026-10-11T01:00Z,mod,cinematic-camera,4
2026-10-11T01:00Z,mod,citymapper,37
2026-10-11T01:00Z,mod,conceptrains,1
2026-10-11T01:00Z,mod,copy-paste,3
2026-10-11T01:00Z,mod,danield1909-realism-pathfinding,16
2026-10-11T01:00Z,mod,dantrains-abridged,20
2026-10-11T01:00Z,mod,demand-clusters,9
2026-10-11T01:00Z,mod,demand-developer,51
2026-10-11T01:00Z,mod,distance-circles,116
2026-10-11T01:00Z,mod,game-speedup,65
2026-10-11T01:00Z,mod,hide-and-seek,8
2026-10-11T01:00Z,mod,improved-schematics,174
2026-10-11T01:00Z,mod,induced-demand,75
2026-10-11T01:00Z,mod,intercity-hsr-trains,61
2026-10-11T01:00Z,mod,japanese-trains,74
2026-10-11T01:00Z,mod,kr-ktp,8
2026-10-11T01:00Z,mod,la-metro-trainpack,4
2026-10-11T01:00Z,mod,larp-builder,43
2026-10-11T01:00Z,mod,lrt-trains,21
2026-10-11T01:00Z,mod,madrid-transit-pack,9
2026-10-11T01:00Z,mod,map-markers,25
2026-10-11T01:00Z,mod,missed-connections,39
2026-10-11T01:00Z,mod,mode-manager,40
2026-10-11T01:00Z,mod,mtr-trains,10
2026-10-11T01:00Z,mod,neighborhood-station-names,77
2026-10-11T01:00Z,mod,network-status,49
2026-10-11T01:00Z,mod,noah-great-society,8
2026-10-11T01:00Z,mod,orbital-surveyor,55
2026-10-11T01:00Z,mod,penguin-approved-rolling-stock,18
2026-10-11T01:00Z,mod,resizable-ui,12
2026-10-11T01:00Z,mod,satellite-overlay,17
2026-10-11T01:00Z,mod,scrollable-dropdowns,37
2026-10-11T01:00Z,mod,simple-trains,50
2026-10-11T01:00Z,mod,station-dots,81
2026-10-11T01:00Z,mod,subway-builder-performance,46
2026-10-11T01:00Z,mod,subwaybuilder-regions,67
2026-10-11T01:00Z,mod,taiwan-trains,4
2026-10-11T01:00Z,mod,time-boost,51
2026-10-11T01:00Z,mod,tod,31
2026-10-11T01:00Z,mod,track-anarchy,47
2026-10-11T01:00Z,mod,track-visualizer,46
2026-10-11T01:00Z,mod,train-anarchy,25
2026-10-11T01:00Z,mod,transit-overlay,48
2026-10-11T01:00Z,mod,unrusted-chicago,8
2026-10-11T01:00Z,mod,unrusted-cities-pack,12
2026-10-11T01:00Z,mod,unrusted-detroit,8
2026-10-11T01:00Z,mod,upzoned-transit,80
2026-10-11T01:00Z,mod,valdotoriums-trains,65
