{"type":"FeatureCollection","features":[{"type":"Feature","properties":{"jobs":0,"pop":100,"pointCount":1,"homeWorkCommuteMedian":42920,"workHomeCommuteMedian":-1},"geometry":{"type":"Polygon","coordinates":[[[59.3821495199806,36.16484175089719],[59.3821495199806,36.173834954534435],[59.39114272361785,36.173834954534435],[59.39114272361785,36.16484175089719],[59.3821495199806,36.16484175089719]]]}},{"type":"Feature","properties":{"jobs":0,"pop":100,"pointCount":1,"homeWorkCommuteMedian":42726,"workHomeCommuteMedian":-1},"geometry":{"type":"Polygon","coordinates":[[[59.3821495199806,36.20980776908342],[59.3821495199806,36.218800972720665],[59.39114272361785,36.218800972720665],[59.39114272361785,36.20980776908342],[59.3821495199806,36.20980776908342]]]}},{"type":"Feature","properties":{"jobs":100,"pop":300,"pointCount":4,"homeWorkCommuteMedian":32847,"workHomeCommuteMedian":27760},"geometry":{"type":"Polygon","coordinates":[[[59.3821495199806,36.218800972720665],[59.3821495199806,36.22779417635791],[59.39114272361785,36.22779417635791],[59.39114272361785,36.218800972720665],[59.3821495199806,36.218800972720665]]]}},{"type":"Feature","properties":{"jobs":100,"pop":0,"pointCount":1,"homeWorkCommuteMedian":-1,"workHomeCommuteMedian":3724},"geometry":{"type":"Polygon","coordinates":[[[59.3821495199806,36.22779417635791],[59.3821495199806,36.23678737999516],[59.39114272361785,36.23678737999516],[59.39114272361785,36.22779417635791],[59.3821495199806,36.22779417635791]]]}},{"type":"Feature","properties":{"jobs":200,"pop":0,"pointCount":1,"homeWorkCommuteMedian":-1,"workHomeCommuteMedian":24567},"geometry":{"type":"Polygon","coordinates":[[[59.3821495199806,36.28175339818139],[59.3821495199806,36.29074660181863],[59.39114272361785,36.29074660181863],[59.39114272361785,36.28175339818139],[59.3821495199806,36.28175339818139]]]}},{"type":"Feature","properties":{"jobs":0,"pop":200,"pointCount":2,"homeWorkCommuteMedian":41019,"workHomeCommuteMedian":-1},"geometry":{"type":"Polygon","coordinates":[[[59.3821495199806,36.29074660181863],[59.3821495199806,36.29973980545588],[59.39114272361785,36.29973980545588],[59.39114272361785,36.29074660181863],[59.3821495199806,36.29074660181863]]]}},{"type":"Feature","properties":{"jobs":200,"pop":0,"pointCount":2,"homeWorkCommuteMedian":-1,"workHomeCommuteMedian":13090},"geometry":{"type":"Polygon","coordinates":[[[59.3821495199806,36.29973980545588],[59.3821495199806,36.308733009093125],[59.39114272361785,36.308733009093125],[59.39114272361785,36.29973980545588],[59.3821495199806,36.29973980545588]]]}},{"type":"Feature","properties":{"jobs":500,"pop":900,"pointCount":11,"homeWorkCommuteMedian":18035,"workHomeCommuteMedian":3951},"geometry":{"type":"Polygon","coordinates":[[[59.3821495199806,36.308733009093125],[59.3821495199806,36.31772621273037],[59.39114272361785,36.31772621273037],[59.39114272361785,36.308733009093125],[59.3821495199806,36.308733009093125]]]}},{"type":"Feature","properties":{"jobs":0,"pop":400,"pointCount":4,"homeWorkCommuteMedian":14805,"workHomeCommuteMedian":-1},"geometry":{"type":"Polygon","coordinates":[[[59.3821495199806,36.34470582364211],[59.3821495199806,36.353699027279355],[59.39114272361785,36.353699027279355],[59.39114272361785,36.34470582364211],[59.3821495199806,36.34470582364211]]]}},{"type":"Feature","properties":{"jobs":0,"pop":100,"pointCount":1,"homeWorkCommuteMedian":11584,"workHomeCommuteMedian":-1},"geometry":{"type":"Polygon","coordinates":[[[59.3821495199806,36.37168543455385],[59.3821495199806,36.38067863819109],[59.39114272361785,36.38067863819109],[59.39114272361785,36.37168543455385],[59.3821495199806,36.37168543455385]]]}},{"type":"Feature","properties":{"jobs":0,"pop":100,"pointCount":1,"homeWorkCommuteMedian":10817,"workHomeCommuteMedian":-1},"geometry":{"type":"Polygon","coordinates":[[[59.3821495199806,36.38967184182834],[59.3821495199806,36.398665045465584],[59.39114272361785,36.398665045465584],[59.39114272361785,36.38967184182834],[59.3821495199806,36.38967184182834]]]}},{"type":"Feature","properties":{"jobs":500,"pop":1100,"pointCount":11,"homeWorkCommuteMedian":22922,"workHomeCommuteMedian":2494},"geometry":{"type":"Polygon","coordinates":[[[59.3821495199806,36.398665045465584],[59.3821495199806,36.40765824910283],[59.39114272361785,36.40765824910283],[59.39114272361785,36.398665045465584],[59.3821495199806,36.398665045465584]]]}},{"type":"Feature","properties":{"jobs":1900,"pop":500,"pointCount":7,"homeWorkCommuteMedian":28069,"workHomeCommuteMedian":2621},"geometry":{"type":"Polygon","coordinates":[[[59.3821495199806,36.40765824910283],[59.3821495199806,36.416651452740076],[59.39114272361785,36.416651452740076],[59.39114272361785,36.40765824910283],[59.3821495199806,36.40765824910283]]]}},{"type":"Feature","properties":{"jobs":0,"pop":100,"pointCount":1,"homeWorkCommuteMedian":34580,"workHomeCommuteMedian":-1},"geometry":{"type":"Polygon","coordinates":[[[59.39114272361785,36.173834954534435],[59.39114272361785,36.18282815817168],[59.40013592725509,36.18282815817168],[59.40013592725509,36.173834954534435],[59.39114272361785,36.173834954534435]]]}},{"type":"Feature","properties":{"jobs":100,"pop":0,"pointCount":1,"homeWorkCommuteMedian":-1,"workHomeCommuteMedian":47524},"geometry":{"type":"Polygon","coordinates":[[[59.39114272361785,36.23678737999516],[59.39114272361785,36.2457805836324],[59.40013592725509,36.2457805836324],[59.40013592725509,36.23678737999516],[59.39114272361785,36.23678737999516]]]}},{"type":"Feature","properties":{"jobs":100,"pop":0,"pointCount":1,"homeWorkCommuteMedian":-1,"workHomeCommuteMedian":2521},"geometry":{"type":"Polygon","coordinates":[[[59.39114272361785,36.2457805836324],[59.39114272361785,36.25477378726965],[59.40013592725509,36.25477378726965],[59.40013592725509,36.2457805836324],[59.39114272361785,36.2457805836324]]]}},{"type":"Feature","properties":{"jobs":0,"pop":800,"pointCount":5,"homeWorkCommuteMedian":19796,"workHomeCommuteMedian":-1},"geometry":{"type":"Polygon","coordinates":[[[59.39114272361785,36.29973980545588],[59.39114272361785,36.308733009093125],[59.40013592725509,36.308733009093125],[59.40013592725509,36.29973980545588],[59.39114272361785,36.29973980545588]]]}},{"type":"Feature","properties":{"jobs":100,"pop":600,"pointCount":5,"homeWorkCommuteMedian":21335,"workHomeCommuteMedian":7886},"geometry":{"type":"Polygon","coordinates":[[[59.39114272361785,36.308733009093125],[59.39114272361785,36.31772621273037],[59.40013592725509,36.31772621273037],[59.40013592725509,36.308733009093125],[59.39114272361785,36.308733009093125]]]}},{"type":"Feature","properties":{"jobs":300,"pop":300,"pointCount":5,"homeWorkCommuteMedian":18694,"workHomeCommuteMedian":10830},"geometry":{"type":"Polygon","coordinates":[[[59.39114272361785,36.31772621273037],[59.39114272361785,36.32671941636762],[59.40013592725509,36.32671941636762],[59.40013592725509,36.31772621273037],[59.39114272361785,36.31772621273037]]]}},{"type":"Feature","properties":{"jobs":0,"pop":600,"pointCount":4,"homeWorkCommuteMedian":22033,"workHomeCommuteMedian":-1},"geometry":{"type":"Polygon","coordinates":[[[59.39114272361785,36.34470582364211],[59.39114272361785,36.353699027279355],[59.40013592725509,36.353699027279355],[59.40013592725509,36.34470582364211],[59.39114272361785,36.34470582364211]]]}},{"type":"Feature","properties":{"jobs":0,"pop":200,"pointCount":1,"homeWorkCommuteMedian":13007,"workHomeCommuteMedian":-1},"geometry":{"type":"Polygon","coordinates":[[[59.39114272361785,36.353699027279355],[59.39114272361785,36.3626922309166],[59.40013592725509,36.3626922309166],[59.40013592725509,36.353699027279355],[59.39114272361785,36.353699027279355]]]}},{"type":"Feature","properties":{"jobs":0,"pop":100,"pointCount":1,"homeWorkCommuteMedian":5735,"workHomeCommuteMedian":-1},"geometry":{"type":"Polygon","coordinates":[[[59.39114272361785,36.38067863819109],[59.39114272361785,36.38967184182834],[59.40013592725509,36.38967184182834],[59.40013592725509,36.38067863819109],[59.39114272361785,36.38067863819109]]]}},{"type":"Feature","properties":{"jobs":600,"pop":1400,"pointCount":8,"homeWorkCommuteMedian":18325,"workHomeCommuteMedian":11600},"geometry":{"type":"Polygon","coordinates":[[[59.39114272361785,36.38967184182834],[59.39114272361785,36.398665045465584],[59.40013592725509,36.398665045465584],[59.40013592725509,36.38967184182834],[59.39114272361785,36.38967184182834]]]}},{"type":"Feature","properties":{"jobs":100,"pop":3100,"pointCount":13,"homeWorkCommuteMedian":16983,"workHomeCommuteMedian":1684},"geometry":{"type":"Polygon","coordinates":[[[59.39114272361785,36.398665045465584],[59.39114272361785,36.40765824910283],[59.40013592725509,36.40765824910283],[59.40013592725509,36.398665045465584],[59.39114272361785,36.398665045465584]]]}},{"type":"Feature","properties":{"jobs":0,"pop":1200,"pointCount":6,"homeWorkCommuteMedian":18898,"workHomeCommuteMedian":-1},"geometry":{"type":"Polygon","coordinates":[[[59.39114272361785,36.40765824910283],[59.39114272361785,36.416651452740076],[59.40013592725509,36.416651452740076],[59.40013592725509,36.40765824910283],[59.39114272361785,36.40765824910283]]]}},{"type":"Feature","properties":{"jobs":100,"pop":200,"pointCount":2,"homeWorkCommuteMedian":42764,"workHomeCommuteMedian":3797},"geometry":{"type":"Polygon","coordinates":[[[59.40013592725509,36.2457805836324],[59.40013592725509,36.25477378726965],[59.40912913089234,36.25477378726965],[59.40912913089234,36.2457805836324],[59.40013592725509,36.2457805836324]]]}},{"type":"Feature","properties":{"jobs":100,"pop":200,"pointCount":3,"homeWorkCommuteMedian":19437,"workHomeCommuteMedian":4495},"geometry":{"type":"Polygon","coordinates":[[[59.40013592725509,36.25477378726965],[59.40013592725509,36.263766990906895],[59.40912913089234,36.263766990906895],[59.40912913089234,36.25477378726965],[59.40013592725509,36.25477378726965]]]}},{"type":"Feature","properties":{"jobs":100,"pop":100,"pointCount":2,"homeWorkCommuteMedian":17885,"workHomeCommuteMedian":7043},"geometry":{"type":"Polygon","coordinates":[[[59.40013592725509,36.28175339818139],[59.40013592725509,36.29074660181863],[59.40912913089234,36.29074660181863],[59.40912913089234,36.28175339818139],[59.40013592725509,36.28175339818139]]]}},{"type":"Feature","properties":{"jobs":0,"pop":100,"pointCount":1,"homeWorkCommuteMedian":13418,"workHomeCommuteMedian":-1},"geometry":{"type":"Polygon","coordinates":[[[59.40013592725509,36.29074660181863],[59.40013592725509,36.29973980545588],[59.40912913089234,36.29973980545588],[59.40912913089234,36.29074660181863],[59.40013592725509,36.29074660181863]]]}},{"type":"Feature","properties":{"jobs":700,"pop":900,"pointCount":6,"homeWorkCommuteMedian":15221,"workHomeCommuteMedian":1542},"geometry":{"type":"Polygon","coordinates":[[[59.40013592725509,36.29973980545588],[59.40013592725509,36.308733009093125],[59.40912913089234,36.308733009093125],[59.40912913089234,36.29973980545588],[59.40013592725509,36.29973980545588]]]}},{"type":"Feature","properties":{"jobs":300,"pop":900,"pointCount":8,"homeWorkCommuteMedian":15383,"workHomeCommuteMedian":7167},"geometry":{"type":"Polygon","coordinates":[[[59.40013592725509,36.308733009093125],[59.40013592725509,36.31772621273037],[59.40912913089234,36.31772621273037],[59.40912913089234,36.308733009093125],[59.40013592725509,36.308733009093125]]]}},{"type":"Feature","properties":{"jobs":700,"pop":1100,"pointCount":8,"homeWorkCommuteMedian":9877,"workHomeCommuteMedian":1827},"geometry":{"type":"Polygon","coordinates":[[[59.40013592725509,36.31772621273037],[59.40013592725509,36.32671941636762],[59.40912913089234,36.32671941636762],[59.40912913089234,36.31772621273037],[59.40013592725509,36.31772621273037]]]}},{"type":"Feature","properties":{"jobs":0,"pop":100,"pointCount":1,"homeWorkCommuteMedian":9514,"workHomeCommuteMedian":-1},"geometry":{"type":"Polygon","coordinates":[[[59.40013592725509,36.32671941636762],[59.40013592725509,36.33571262000486],[59.40912913089234,36.33571262000486],[59.40912913089234,36.32671941636762],[59.40013592725509,36.32671941636762]]]}},{"type":"Feature","properties":{"jobs":0,"pop":100,"pointCount":1,"homeWorkCommuteMedian":16952,"workHomeCommuteMedian":-1},"geometry":{"type":"Polygon","coordinates":[[[59.40013592725509,36.34470582364211],[59.40013592725509,36.353699027279355],[59.40912913089234,36.353699027279355],[59.40912913089234,36.34470582364211],[59.40013592725509,36.34470582364211]]]}},{"type":"Feature","properties":{"jobs":0,"pop":200,"pointCount":2,"homeWorkCommuteMedian":22933,"workHomeCommuteMedian":-1},"geometry":{"type":"Polygon","coordinates":[[[59.40013592725509,36.353699027279355],[59.40013592725509,36.3626922309166],[59.40912913089234,36.3626922309166],[59.40912913089234,36.353699027279355],[59.40013592725509,36.353699027279355]]]}},{"type":"Feature","properties":{"jobs":600,"pop":0,"pointCount":1,"homeWorkCommuteMedian":-1,"workHomeCommuteMedian":4417},"geometry":{"type":"Polygon","coordinates":[[[59.40013592725509,36.38067863819109],[59.40013592725509,36.38967184182834],[59.40912913089234,36.38967184182834],[59.40912913089234,36.38067863819109],[59.40013592725509,36.38067863819109]]]}},{"type":"Feature","properties":{"jobs":1400,"pop":1100,"pointCount":7,"homeWorkCommuteMedian":15680,"workHomeCommuteMedian":3108},"geometry":{"type":"Polygon","coordinates":[[[59.40013592725509,36.38967184182834],[59.40013592725509,36.398665045465584],[59.40912913089234,36.398665045465584],[59.40912913089234,36.38967184182834],[59.40013592725509,36.38967184182834]]]}},{"type":"Feature","properties":{"jobs":0,"pop":600,"pointCount":3,"homeWorkCommuteMedian":10518,"workHomeCommuteMedian":-1},"geometry":{"type":"Polygon","coordinates":[[[59.40013592725509,36.398665045465584],[59.40013592725509,36.40765824910283],[59.40912913089234,36.40765824910283],[59.40912913089234,36.398665045465584],[59.40013592725509,36.398665045465584]]]}},{"type":"Feature","properties":{"jobs":0,"pop":200,"pointCount":1,"homeWorkCommuteMedian":29350,"workHomeCommuteMedian":-1},"geometry":{"type":"Polygon","coordinates":[[[59.40912913089234,36.2457805836324],[59.40912913089234,36.25477378726965],[59.418122334529585,36.25477378726965],[59.418122334529585,36.2457805836324],[59.40912913089234,36.2457805836324]]]}},{"type":"Feature","properties":{"jobs":0,"pop":100,"pointCount":1,"homeWorkCommuteMedian":22440,"workHomeCommuteMedian":-1},"geometry":{"type":"Polygon","coordinates":[[[59.40912913089234,36.263766990906895],[59.40912913089234,36.27276019454414],[59.418122334529585,36.27276019454414],[59.418122334529585,36.263766990906895],[59.40912913089234,36.263766990906895]]]}},{"type":"Feature","properties":{"jobs":100,"pop":100,"pointCount":2,"homeWorkCommuteMedian":4495,"workHomeCommuteMedian":31309},"geometry":{"type":"Polygon","coordinates":[[[59.40912913089234,36.27276019454414],[59.40912913089234,36.28175339818139],[59.418122334529585,36.28175339818139],[59.418122334529585,36.27276019454414],[59.40912913089234,36.27276019454414]]]}},{"type":"Feature","properties":{"jobs":200,"pop":100,"pointCount":3,"homeWorkCommuteMedian":15319,"workHomeCommuteMedian":8502},"geometry":{"type":"Polygon","coordinates":[[[59.40912913089234,36.28175339818139],[59.40912913089234,36.29074660181863],[59.418122334529585,36.29074660181863],[59.418122334529585,36.28175339818139],[59.40912913089234,36.28175339818139]]]}},{"type":"Feature","properties":{"jobs":0,"pop":200,"pointCount":1,"homeWorkCommuteMedian":14836,"workHomeCommuteMedian":-1},"geometry":{"type":"Polygon","coordinates":[[[59.40912913089234,36.308733009093125],[59.40912913089234,36.31772621273037],[59.418122334529585,36.31772621273037],[59.418122334529585,36.308733009093125],[59.40912913089234,36.308733009093125]]]}},{"type":"Feature","properties":{"jobs":400,"pop":700,"pointCount":6,"homeWorkCommuteMedian":13798,"workHomeCommuteMedian":5419},"geometry":{"type":"Polygon","coordinates":[[[59.40912913089234,36.31772621273037],[59.40912913089234,36.32671941636762],[59.418122334529585,36.32671941636762],[59.418122334529585,36.31772621273037],[59.40912913089234,36.31772621273037]]]}},{"type":"Feature","properties":{"jobs":100,"pop":900,"pointCount":6,"homeWorkCommuteMedian":7043,"workHomeCommuteMedian":11844},"geometry":{"type":"Polygon","coordinates":[[[59.40912913089234,36.32671941636762],[59.40912913089234,36.33571262000486],[59.418122334529585,36.33571262000486],[59.418122334529585,36.32671941636762],[59.40912913089234,36.32671941636762]]]}},{"type":"Feature","properties":{"jobs":0,"pop":100,"pointCount":1,"homeWorkCommuteMedian":11167,"workHomeCommuteMedian":-1},"geometry":{"type":"Polygon","coordinates":[[[59.40912913089234,36.33571262000486],[59.40912913089234,36.34470582364211],[59.418122334529585,36.34470582364211],[59.418122334529585,36.33571262000486],[59.40912913089234,36.33571262000486]]]}},{"type":"Feature","properties":{"jobs":0,"pop":200,"pointCount":2,"homeWorkCommuteMedian":12172,"workHomeCommuteMedian":-1},"geometry":{"type":"Polygon","coordinates":[[[59.40912913089234,36.34470582364211],[59.40912913089234,36.353699027279355],[59.418122334529585,36.353699027279355],[59.418122334529585,36.34470582364211],[59.40912913089234,36.34470582364211]]]}},{"type":"Feature","properties":{"jobs":200,"pop":400,"pointCount":4,"homeWorkCommuteMedian":16274,"workHomeCommuteMedian":9026},"geometry":{"type":"Polygon","coordinates":[[[59.40912913089234,36.353699027279355],[59.40912913089234,36.3626922309166],[59.418122334529585,36.3626922309166],[59.418122334529585,36.353699027279355],[59.40912913089234,36.353699027279355]]]}},{"type":"Feature","properties":{"jobs":0,"pop":100,"pointCount":1,"homeWorkCommuteMedian":4028,"workHomeCommuteMedian":-1},"geometry":{"type":"Polygon","coordinates":[[[59.40912913089234,36.3626922309166],[59.40912913089234,36.37168543455385],[59.418122334529585,36.37168543455385],[59.418122334529585,36.3626922309166],[59.40912913089234,36.3626922309166]]]}},{"type":"Feature","properties":{"jobs":100,"pop":200,"pointCount":3,"homeWorkCommuteMedian":12295,"workHomeCommuteMedian":9408},"geometry":{"type":"Polygon","coordinates":[[[59.40912913089234,36.37168543455385],[59.40912913089234,36.38067863819109],[59.418122334529585,36.38067863819109],[59.418122334529585,36.37168543455385],[59.40912913089234,36.37168543455385]]]}},{"type":"Feature","properties":{"jobs":0,"pop":200,"pointCount":2,"homeWorkCommuteMedian":23467,"workHomeCommuteMedian":-1},"geometry":{"type":"Polygon","coordinates":[[[59.40912913089234,36.38067863819109],[59.40912913089234,36.38967184182834],[59.418122334529585,36.38967184182834],[59.418122334529585,36.38067863819109],[59.40912913089234,36.38067863819109]]]}},{"type":"Feature","properties":{"jobs":0,"pop":500,"pointCount":5,"homeWorkCommuteMedian":28812,"workHomeCommuteMedian":-1},"geometry":{"type":"Polygon","coordinates":[[[59.40912913089234,36.38967184182834],[59.40912913089234,36.398665045465584],[59.418122334529585,36.398665045465584],[59.418122334529585,36.38967184182834],[59.40912913089234,36.38967184182834]]]}},{"type":"Feature","properties":{"jobs":0,"pop":100,"pointCount":1,"homeWorkCommuteMedian":11844,"workHomeCommuteMedian":-1},"geometry":{"type":"Polygon","coordinates":[[[59.40912913089234,36.398665045465584],[59.40912913089234,36.40765824910283],[59.418122334529585,36.40765824910283],[59.418122334529585,36.398665045465584],[59.40912913089234,36.398665045465584]]]}},{"type":"Feature","properties":{"jobs":0,"pop":100,"pointCount":1,"homeWorkCommuteMedian":31532,"workHomeCommuteMedian":-1},"geometry":{"type":"Polygon","coordinates":[[[59.40912913089234,36.40765824910283],[59.40912913089234,36.416651452740076],[59.418122334529585,36.416651452740076],[59.418122334529585,36.40765824910283],[59.40912913089234,36.40765824910283]]]}},{"type":"Feature","properties":{"jobs":0,"pop":100,"pointCount":1,"homeWorkCommuteMedian":36069,"workHomeCommuteMedian":-1},"geometry":{"type":"Polygon","coordinates":[[[59.418122334529585,36.173834954534435],[59.418122334529585,36.18282815817168],[59.42711553816683,36.18282815817168],[59.42711553816683,36.173834954534435],[59.418122334529585,36.173834954534435]]]}},{"type":"Feature","properties":{"jobs":0,"pop":100,"pointCount":1,"homeWorkCommuteMedian":2521,"workHomeCommuteMedian":-1},"geometry":{"type":"Polygon","coordinates":[[[59.418122334529585,36.218800972720665],[59.418122334529585,36.22779417635791],[59.42711553816683,36.22779417635791],[59.42711553816683,36.218800972720665],[59.418122334529585,36.218800972720665]]]}},{"type":"Feature","properties":{"jobs":0,"pop":100,"pointCount":1,"homeWorkCommuteMedian":26338,"workHomeCommuteMedian":-1},"geometry":{"type":"Polygon","coordinates":[[[59.418122334529585,36.29074660181863],[59.418122334529585,36.29973980545588],[59.42711553816683,36.29973980545588],[59.42711553816683,36.29074660181863],[59.418122334529585,36.29074660181863]]]}},{"type":"Feature","properties":{"jobs":0,"pop":100,"pointCount":1,"homeWorkCommuteMedian":14496,"workHomeCommuteMedian":-1},"geometry":{"type":"Polygon","coordinates":[[[59.418122334529585,36.308733009093125],[59.418122334529585,36.31772621273037],[59.42711553816683,36.31772621273037],[59.42711553816683,36.308733009093125],[59.418122334529585,36.308733009093125]]]}},{"type":"Feature","properties":{"jobs":300,"pop":500,"pointCount":6,"homeWorkCommuteMedian":15094,"workHomeCommuteMedian":4309},"geometry":{"type":"Polygon","coordinates":[[[59.418122334529585,36.32671941636762],[59.418122334529585,36.33571262000486],[59.42711553816683,36.33571262000486],[59.42711553816683,36.32671941636762],[59.418122334529585,36.32671941636762]]]}},{"type":"Feature","properties":{"jobs":0,"pop":1400,"pointCount":6,"homeWorkCommuteMedian":10727,"workHomeCommuteMedian":-1},"geometry":{"type":"Polygon","coordinates":[[[59.418122334529585,36.33571262000486],[59.418122334529585,36.34470582364211],[59.42711553816683,36.34470582364211],[59.42711553816683,36.33571262000486],[59.418122334529585,36.33571262000486]]]}},{"type":"Feature","properties":{"jobs":0,"pop":600,"pointCount":4,"homeWorkCommuteMedian":9193,"workHomeCommuteMedian":-1},"geometry":{"type":"Polygon","coordinates":[[[59.418122334529585,36.34470582364211],[59.418122334529585,36.353699027279355],[59.42711553816683,36.353699027279355],[59.42711553816683,36.34470582364211],[59.418122334529585,36.34470582364211]]]}},{"type":"Feature","properties":{"jobs":1300,"pop":900,"pointCount":7,"homeWorkCommuteMedian":12717,"workHomeCommuteMedian":8687},"geometry":{"type":"Polygon","coordinates":[[[59.418122334529585,36.353699027279355],[59.418122334529585,36.3626922309166],[59.42711553816683,36.3626922309166],[59.42711553816683,36.353699027279355],[59.418122334529585,36.353699027279355]]]}},{"type":"Feature","properties":{"jobs":600,"pop":1100,"pointCount":8,"homeWorkCommuteMedian":8131,"workHomeCommuteMedian":7829},"geometry":{"type":"Polygon","coordinates":[[[59.418122334529585,36.3626922309166],[59.418122334529585,36.37168543455385],[59.42711553816683,36.37168543455385],[59.42711553816683,36.3626922309166],[59.418122334529585,36.3626922309166]]]}},{"type":"Feature","properties":{"jobs":0,"pop":450,"pointCount":2,"homeWorkCommuteMedian":16527,"workHomeCommuteMedian":-1},"geometry":{"type":"Polygon","coordinates":[[[59.418122334529585,36.37168543455385],[59.418122334529585,36.38067863819109],[59.42711553816683,36.38067863819109],[59.42711553816683,36.37168543455385],[59.418122334529585,36.37168543455385]]]}},{"type":"Feature","properties":{"jobs":0,"pop":200,"pointCount":2,"homeWorkCommuteMedian":17481,"workHomeCommuteMedian":-1},"geometry":{"type":"Polygon","coordinates":[[[59.418122334529585,36.38067863819109],[59.418122334529585,36.38967184182834],[59.42711553816683,36.38967184182834],[59.42711553816683,36.38067863819109],[59.418122334529585,36.38067863819109]]]}},{"type":"Feature","properties":{"jobs":0,"pop":100,"pointCount":1,"homeWorkCommuteMedian":18502,"workHomeCommuteMedian":-1},"geometry":{"type":"Polygon","coordinates":[[[59.418122334529585,36.38967184182834],[59.418122334529585,36.398665045465584],[59.42711553816683,36.398665045465584],[59.42711553816683,36.38967184182834],[59.418122334529585,36.38967184182834]]]}},{"type":"Feature","properties":{"jobs":700,"pop":1600,"pointCount":11,"homeWorkCommuteMedian":10714,"workHomeCommuteMedian":5095},"geometry":{"type":"Polygon","coordinates":[[[59.42711553816683,36.32671941636762],[59.42711553816683,36.33571262000486],[59.43610874180408,36.33571262000486],[59.43610874180408,36.32671941636762],[59.42711553816683,36.32671941636762]]]}},{"type":"Feature","properties":{"jobs":1100,"pop":1300,"pointCount":10,"homeWorkCommuteMedian":9990,"workHomeCommuteMedian":3225},"geometry":{"type":"Polygon","coordinates":[[[59.42711553816683,36.33571262000486],[59.42711553816683,36.34470582364211],[59.43610874180408,36.34470582364211],[59.43610874180408,36.33571262000486],[59.42711553816683,36.33571262000486]]]}},{"type":"Feature","properties":{"jobs":400,"pop":800,"pointCount":7,"homeWorkCommuteMedian":9531,"workHomeCommuteMedian":7860},"geometry":{"type":"Polygon","coordinates":[[[59.42711553816683,36.34470582364211],[59.42711553816683,36.353699027279355],[59.43610874180408,36.353699027279355],[59.43610874180408,36.34470582364211],[59.42711553816683,36.34470582364211]]]}},{"type":"Feature","properties":{"jobs":5800,"pop":1400,"pointCount":11,"homeWorkCommuteMedian":11030,"workHomeCommuteMedian":8082},"geometry":{"type":"Polygon","coordinates":[[[59.42711553816683,36.353699027279355],[59.42711553816683,36.3626922309166],[59.43610874180408,36.3626922309166],[59.43610874180408,36.353699027279355],[59.42711553816683,36.353699027279355]]]}},{"type":"Feature","properties":{"jobs":0,"pop":200,"pointCount":2,"homeWorkCommuteMedian":7657,"workHomeCommuteMedian":-1},"geometry":{"type":"Polygon","coordinates":[[[59.42711553816683,36.3626922309166],[59.42711553816683,36.37168543455385],[59.43610874180408,36.37168543455385],[59.43610874180408,36.3626922309166],[59.42711553816683,36.3626922309166]]]}},{"type":"Feature","properties":{"jobs":0,"pop":900,"pointCount":4,"homeWorkCommuteMedian":7878,"workHomeCommuteMedian":-1},"geometry":{"type":"Polygon","coordinates":[[[59.42711553816683,36.37168543455385],[59.42711553816683,36.38067863819109],[59.43610874180408,36.38067863819109],[59.43610874180408,36.37168543455385],[59.42711553816683,36.37168543455385]]]}},{"type":"Feature","properties":{"jobs":0,"pop":100,"pointCount":1,"homeWorkCommuteMedian":28268,"workHomeCommuteMedian":-1},"geometry":{"type":"Polygon","coordinates":[[[59.42711553816683,36.38967184182834],[59.42711553816683,36.398665045465584],[59.43610874180408,36.398665045465584],[59.43610874180408,36.38967184182834],[59.42711553816683,36.38967184182834]]]}},{"type":"Feature","properties":{"jobs":0,"pop":100,"pointCount":1,"homeWorkCommuteMedian":26226,"workHomeCommuteMedian":-1},"geometry":{"type":"Polygon","coordinates":[[[59.43610874180408,36.218800972720665],[59.43610874180408,36.22779417635791],[59.44510194544132,36.22779417635791],[59.44510194544132,36.218800972720665],[59.43610874180408,36.218800972720665]]]}},{"type":"Feature","properties":{"jobs":0,"pop":600,"pointCount":4,"homeWorkCommuteMedian":13800,"workHomeCommuteMedian":-1},"geometry":{"type":"Polygon","coordinates":[[[59.43610874180408,36.32671941636762],[59.43610874180408,36.33571262000486],[59.44510194544132,36.33571262000486],[59.44510194544132,36.32671941636762],[59.43610874180408,36.32671941636762]]]}},{"type":"Feature","properties":{"jobs":600,"pop":800,"pointCount":7,"homeWorkCommuteMedian":10947,"workHomeCommuteMedian":3581},"geometry":{"type":"Polygon","coordinates":[[[59.43610874180408,36.33571262000486],[59.43610874180408,36.34470582364211],[59.44510194544132,36.34470582364211],[59.44510194544132,36.33571262000486],[59.43610874180408,36.33571262000486]]]}},{"type":"Feature","properties":{"jobs":3500,"pop":1300,"pointCount":11,"homeWorkCommuteMedian":8378,"workHomeCommuteMedian":7970},"geometry":{"type":"Polygon","coordinates":[[[59.43610874180408,36.34470582364211],[59.43610874180408,36.353699027279355],[59.44510194544132,36.353699027279355],[59.44510194544132,36.34470582364211],[59.43610874180408,36.34470582364211]]]}},{"type":"Feature","properties":{"jobs":2200,"pop":1200,"pointCount":12,"homeWorkCommuteMedian":6412,"workHomeCommuteMedian":7894},"geometry":{"type":"Polygon","coordinates":[[[59.43610874180408,36.353699027279355],[59.43610874180408,36.3626922309166],[59.44510194544132,36.3626922309166],[59.44510194544132,36.353699027279355],[59.43610874180408,36.353699027279355]]]}},{"type":"Feature","properties":{"jobs":0,"pop":200,"pointCount":2,"homeWorkCommuteMedian":17451,"workHomeCommuteMedian":-1},"geometry":{"type":"Polygon","coordinates":[[[59.43610874180408,36.3626922309166],[59.43610874180408,36.37168543455385],[59.44510194544132,36.37168543455385],[59.44510194544132,36.3626922309166],[59.43610874180408,36.3626922309166]]]}},{"type":"Feature","properties":{"jobs":0,"pop":300,"pointCount":3,"homeWorkCommuteMedian":7780,"workHomeCommuteMedian":-1},"geometry":{"type":"Polygon","coordinates":[[[59.43610874180408,36.37168543455385],[59.43610874180408,36.38067863819109],[59.44510194544132,36.38067863819109],[59.44510194544132,36.37168543455385],[59.43610874180408,36.37168543455385]]]}},{"type":"Feature","properties":{"jobs":500,"pop":0,"pointCount":1,"homeWorkCommuteMedian":-1,"workHomeCommuteMedian":11584},"geometry":{"type":"Polygon","coordinates":[[[59.43610874180408,36.38967184182834],[59.43610874180408,36.398665045465584],[59.44510194544132,36.398665045465584],[59.44510194544132,36.38967184182834],[59.43610874180408,36.38967184182834]]]}},{"type":"Feature","properties":{"jobs":0,"pop":100,"pointCount":1,"homeWorkCommuteMedian":21260,"workHomeCommuteMedian":-1},"geometry":{"type":"Polygon","coordinates":[[[59.43610874180408,36.398665045465584],[59.43610874180408,36.40765824910283],[59.44510194544132,36.40765824910283],[59.44510194544132,36.398665045465584],[59.43610874180408,36.398665045465584]]]}},{"type":"Feature","properties":{"jobs":0,"pop":100,"pointCount":1,"homeWorkCommuteMedian":3163,"workHomeCommuteMedian":-1},"geometry":{"type":"Polygon","coordinates":[[[59.43610874180408,36.40765824910283],[59.43610874180408,36.416651452740076],[59.44510194544132,36.416651452740076],[59.44510194544132,36.40765824910283],[59.43610874180408,36.40765824910283]]]}},{"type":"Feature","properties":{"jobs":0,"pop":100,"pointCount":1,"homeWorkCommuteMedian":24265,"workHomeCommuteMedian":-1},"geometry":{"type":"Polygon","coordinates":[[[59.44510194544132,36.20081456544617],[59.44510194544132,36.20980776908342],[59.45409514907857,36.20980776908342],[59.45409514907857,36.20081456544617],[59.44510194544132,36.20081456544617]]]}},{"type":"Feature","properties":{"jobs":600,"pop":100,"pointCount":2,"homeWorkCommuteMedian":24256,"workHomeCommuteMedian":9210},"geometry":{"type":"Polygon","coordinates":[[[59.44510194544132,36.33571262000486],[59.44510194544132,36.34470582364211],[59.45409514907857,36.34470582364211],[59.45409514907857,36.33571262000486],[59.44510194544132,36.33571262000486]]]}},{"type":"Feature","properties":{"jobs":1600,"pop":300,"pointCount":5,"homeWorkCommuteMedian":9481,"workHomeCommuteMedian":6278},"geometry":{"type":"Polygon","coordinates":[[[59.44510194544132,36.34470582364211],[59.44510194544132,36.353699027279355],[59.45409514907857,36.353699027279355],[59.45409514907857,36.34470582364211],[59.44510194544132,36.34470582364211]]]}},{"type":"Feature","properties":{"jobs":0,"pop":100,"pointCount":1,"homeWorkCommuteMedian":16166,"workHomeCommuteMedian":-1},"geometry":{"type":"Polygon","coordinates":[[[59.44510194544132,36.353699027279355],[59.44510194544132,36.3626922309166],[59.45409514907857,36.3626922309166],[59.45409514907857,36.353699027279355],[59.44510194544132,36.353699027279355]]]}},{"type":"Feature","properties":{"jobs":0,"pop":100,"pointCount":1,"homeWorkCommuteMedian":5456,"workHomeCommuteMedian":-1},"geometry":{"type":"Polygon","coordinates":[[[59.44510194544132,36.3626922309166],[59.44510194544132,36.37168543455385],[59.45409514907857,36.37168543455385],[59.45409514907857,36.3626922309166],[59.44510194544132,36.3626922309166]]]}},{"type":"Feature","properties":{"jobs":0,"pop":300,"pointCount":3,"homeWorkCommuteMedian":7064,"workHomeCommuteMedian":-1},"geometry":{"type":"Polygon","coordinates":[[[59.44510194544132,36.37168543455385],[59.44510194544132,36.38067863819109],[59.45409514907857,36.38067863819109],[59.45409514907857,36.37168543455385],[59.44510194544132,36.37168543455385]]]}},{"type":"Feature","properties":{"jobs":700,"pop":500,"pointCount":4,"homeWorkCommuteMedian":13599,"workHomeCommuteMedian":6686},"geometry":{"type":"Polygon","coordinates":[[[59.44510194544132,36.398665045465584],[59.44510194544132,36.40765824910283],[59.45409514907857,36.40765824910283],[59.45409514907857,36.398665045465584],[59.44510194544132,36.398665045465584]]]}},{"type":"Feature","properties":{"jobs":0,"pop":1200,"pointCount":5,"homeWorkCommuteMedian":9976,"workHomeCommuteMedian":-1},"geometry":{"type":"Polygon","coordinates":[[[59.44510194544132,36.40765824910283],[59.44510194544132,36.416651452740076],[59.45409514907857,36.416651452740076],[59.45409514907857,36.40765824910283],[59.44510194544132,36.40765824910283]]]}},{"type":"Feature","properties":{"jobs":0,"pop":100,"pointCount":1,"homeWorkCommuteMedian":29788,"workHomeCommuteMedian":-1},"geometry":{"type":"Polygon","coordinates":[[[59.45409514907857,36.173834954534435],[59.45409514907857,36.18282815817168],[59.463088352715815,36.18282815817168],[59.463088352715815,36.173834954534435],[59.45409514907857,36.173834954534435]]]}},{"type":"Feature","properties":{"jobs":0,"pop":100,"pointCount":1,"homeWorkCommuteMedian":32590,"workHomeCommuteMedian":-1},"geometry":{"type":"Polygon","coordinates":[[[59.45409514907857,36.27276019454414],[59.45409514907857,36.28175339818139],[59.463088352715815,36.28175339818139],[59.463088352715815,36.27276019454414],[59.45409514907857,36.27276019454414]]]}},{"type":"Feature","properties":{"jobs":0,"pop":100,"pointCount":1,"homeWorkCommuteMedian":21579,"workHomeCommuteMedian":-1},"geometry":{"type":"Polygon","coordinates":[[[59.45409514907857,36.308733009093125],[59.45409514907857,36.31772621273037],[59.463088352715815,36.31772621273037],[59.463088352715815,36.308733009093125],[59.45409514907857,36.308733009093125]]]}},{"type":"Feature","properties":{"jobs":0,"pop":200,"pointCount":2,"homeWorkCommuteMedian":22668,"workHomeCommuteMedian":-1},"geometry":{"type":"Polygon","coordinates":[[[59.45409514907857,36.31772621273037],[59.45409514907857,36.32671941636762],[59.463088352715815,36.32671941636762],[59.463088352715815,36.31772621273037],[59.45409514907857,36.31772621273037]]]}},{"type":"Feature","properties":{"jobs":0,"pop":1250,"pointCount":5,"homeWorkCommuteMedian":7891,"workHomeCommuteMedian":-1},"geometry":{"type":"Polygon","coordinates":[[[59.45409514907857,36.32671941636762],[59.45409514907857,36.33571262000486],[59.463088352715815,36.33571262000486],[59.463088352715815,36.32671941636762],[59.45409514907857,36.32671941636762]]]}},{"type":"Feature","properties":{"jobs":2000,"pop":1100,"pointCount":7,"homeWorkCommuteMedian":9591,"workHomeCommuteMedian":6678},"geometry":{"type":"Polygon","coordinates":[[[59.45409514907857,36.33571262000486],[59.45409514907857,36.34470582364211],[59.463088352715815,36.34470582364211],[59.463088352715815,36.33571262000486],[59.45409514907857,36.33571262000486]]]}},{"type":"Feature","properties":{"jobs":2400,"pop":1100,"pointCount":7,"homeWorkCommuteMedian":7117,"workHomeCommuteMedian":7518},"geometry":{"type":"Polygon","coordinates":[[[59.45409514907857,36.34470582364211],[59.45409514907857,36.353699027279355],[59.463088352715815,36.353699027279355],[59.463088352715815,36.34470582364211],[59.45409514907857,36.34470582364211]]]}},{"type":"Feature","properties":{"jobs":700,"pop":400,"pointCount":2,"homeWorkCommuteMedian":7596,"workHomeCommuteMedian":7445},"geometry":{"type":"Polygon","coordinates":[[[59.45409514907857,36.353699027279355],[59.45409514907857,36.3626922309166],[59.463088352715815,36.3626922309166],[59.463088352715815,36.353699027279355],[59.45409514907857,36.353699027279355]]]}},{"type":"Feature","properties":{"jobs":300,"pop":400,"pointCount":3,"homeWorkCommuteMedian":11347,"workHomeCommuteMedian":5094},"geometry":{"type":"Polygon","coordinates":[[[59.45409514907857,36.3626922309166],[59.45409514907857,36.37168543455385],[59.463088352715815,36.37168543455385],[59.463088352715815,36.3626922309166],[59.45409514907857,36.3626922309166]]]}},{"type":"Feature","properties":{"jobs":400,"pop":1600,"pointCount":10,"homeWorkCommuteMedian":7295,"workHomeCommuteMedian":6159},"geometry":{"type":"Polygon","coordinates":[[[59.45409514907857,36.37168543455385],[59.45409514907857,36.38067863819109],[59.463088352715815,36.38067863819109],[59.463088352715815,36.37168543455385],[59.45409514907857,36.37168543455385]]]}},{"type":"Feature","properties":{"jobs":0,"pop":200,"pointCount":2,"homeWorkCommuteMedian":12732,"workHomeCommuteMedian":-1},"geometry":{"type":"Polygon","coordinates":[[[59.45409514907857,36.38067863819109],[59.45409514907857,36.38967184182834],[59.463088352715815,36.38967184182834],[59.463088352715815,36.38067863819109],[59.45409514907857,36.38067863819109]]]}},{"type":"Feature","properties":{"jobs":0,"pop":1300,"pointCount":5,"homeWorkCommuteMedian":8945,"workHomeCommuteMedian":-1},"geometry":{"type":"Polygon","coordinates":[[[59.45409514907857,36.398665045465584],[59.45409514907857,36.40765824910283],[59.463088352715815,36.40765824910283],[59.463088352715815,36.398665045465584],[59.45409514907857,36.398665045465584]]]}},{"type":"Feature","properties":{"jobs":0,"pop":1100,"pointCount":7,"homeWorkCommuteMedian":8629,"workHomeCommuteMedian":-1},"geometry":{"type":"Polygon","coordinates":[[[59.45409514907857,36.40765824910283],[59.45409514907857,36.416651452740076],[59.463088352715815,36.416651452740076],[59.463088352715815,36.40765824910283],[59.45409514907857,36.40765824910283]]]}},{"type":"Feature","properties":{"jobs":0,"pop":1000,"pointCount":4,"homeWorkCommuteMedian":7870,"workHomeCommuteMedian":-1},"geometry":{"type":"Polygon","coordinates":[[[59.463088352715815,36.308733009093125],[59.463088352715815,36.31772621273037],[59.47208155635306,36.31772621273037],[59.47208155635306,36.308733009093125],[59.463088352715815,36.308733009093125]]]}},{"type":"Feature","properties":{"jobs":1300,"pop":1800,"pointCount":9,"homeWorkCommuteMedian":8785,"workHomeCommuteMedian":6784},"geometry":{"type":"Polygon","coordinates":[[[59.463088352715815,36.31772621273037],[59.463088352715815,36.32671941636762],[59.47208155635306,36.32671941636762],[59.47208155635306,36.31772621273037],[59.463088352715815,36.31772621273037]]]}},{"type":"Feature","properties":{"jobs":13800,"pop":2900,"pointCount":22,"homeWorkCommuteMedian":5321,"workHomeCommuteMedian":6822},"geometry":{"type":"Polygon","coordinates":[[[59.463088352715815,36.32671941636762],[59.463088352715815,36.33571262000486],[59.47208155635306,36.33571262000486],[59.47208155635306,36.32671941636762],[59.463088352715815,36.32671941636762]]]}},{"type":"Feature","properties":{"jobs":10900,"pop":3100,"pointCount":18,"homeWorkCommuteMedian":7411,"workHomeCommuteMedian":6513},"geometry":{"type":"Polygon","coordinates":[[[59.463088352715815,36.33571262000486],[59.463088352715815,36.34470582364211],[59.47208155635306,36.34470582364211],[59.47208155635306,36.33571262000486],[59.463088352715815,36.33571262000486]]]}},{"type":"Feature","properties":{"jobs":3000,"pop":900,"pointCount":8,"homeWorkCommuteMedian":7739,"workHomeCommuteMedian":6971},"geometry":{"type":"Polygon","coordinates":[[[59.463088352715815,36.34470582364211],[59.463088352715815,36.353699027279355],[59.47208155635306,36.353699027279355],[59.47208155635306,36.34470582364211],[59.463088352715815,36.34470582364211]]]}},{"type":"Feature","properties":{"jobs":2600,"pop":1300,"pointCount":12,"homeWorkCommuteMedian":7123,"workHomeCommuteMedian":6639},"geometry":{"type":"Polygon","coordinates":[[[59.463088352715815,36.353699027279355],[59.463088352715815,36.3626922309166],[59.47208155635306,36.3626922309166],[59.47208155635306,36.353699027279355],[59.463088352715815,36.353699027279355]]]}},{"type":"Feature","properties":{"jobs":900,"pop":2500,"pointCount":11,"homeWorkCommuteMedian":7827,"workHomeCommuteMedian":7111},"geometry":{"type":"Polygon","coordinates":[[[59.463088352715815,36.3626922309166],[59.463088352715815,36.37168543455385],[59.47208155635306,36.37168543455385],[59.47208155635306,36.3626922309166],[59.463088352715815,36.3626922309166]]]}},{"type":"Feature","properties":{"jobs":2400,"pop":3400,"pointCount":18,"homeWorkCommuteMedian":7089,"workHomeCommuteMedian":7900},"geometry":{"type":"Polygon","coordinates":[[[59.463088352715815,36.37168543455385],[59.463088352715815,36.38067863819109],[59.47208155635306,36.38067863819109],[59.47208155635306,36.37168543455385],[59.463088352715815,36.37168543455385]]]}},{"type":"Feature","properties":{"jobs":200,"pop":1300,"pointCount":9,"homeWorkCommuteMedian":9071,"workHomeCommuteMedian":11533},"geometry":{"type":"Polygon","coordinates":[[[59.463088352715815,36.38067863819109],[59.463088352715815,36.38967184182834],[59.47208155635306,36.38967184182834],[59.47208155635306,36.38067863819109],[59.463088352715815,36.38067863819109]]]}},{"type":"Feature","properties":{"jobs":0,"pop":200,"pointCount":1,"homeWorkCommuteMedian":7135,"workHomeCommuteMedian":-1},"geometry":{"type":"Polygon","coordinates":[[[59.463088352715815,36.38967184182834],[59.463088352715815,36.398665045465584],[59.47208155635306,36.398665045465584],[59.47208155635306,36.38967184182834],[59.463088352715815,36.38967184182834]]]}},{"type":"Feature","properties":{"jobs":2700,"pop":3150,"pointCount":18,"homeWorkCommuteMedian":12063,"workHomeCommuteMedian":3726},"geometry":{"type":"Polygon","coordinates":[[[59.463088352715815,36.398665045465584],[59.463088352715815,36.40765824910283],[59.47208155635306,36.40765824910283],[59.47208155635306,36.398665045465584],[59.463088352715815,36.398665045465584]]]}},{"type":"Feature","properties":{"jobs":500,"pop":500,"pointCount":6,"homeWorkCommuteMedian":4160,"workHomeCommuteMedian":2698},"geometry":{"type":"Polygon","coordinates":[[[59.463088352715815,36.40765824910283],[59.463088352715815,36.416651452740076],[59.47208155635306,36.416651452740076],[59.47208155635306,36.40765824910283],[59.463088352715815,36.40765824910283]]]}},{"type":"Feature","properties":{"jobs":200,"pop":100,"pointCount":2,"homeWorkCommuteMedian":22709,"workHomeCommuteMedian":17212},"geometry":{"type":"Polygon","coordinates":[[[59.47208155635306,36.28175339818139],[59.47208155635306,36.29074660181863],[59.48107475999031,36.29074660181863],[59.48107475999031,36.28175339818139],[59.47208155635306,36.28175339818139]]]}},{"type":"Feature","properties":{"jobs":0,"pop":400,"pointCount":2,"homeWorkCommuteMedian":17595,"workHomeCommuteMedian":-1},"geometry":{"type":"Polygon","coordinates":[[[59.47208155635306,36.29973980545588],[59.47208155635306,36.308733009093125],[59.48107475999031,36.308733009093125],[59.48107475999031,36.29973980545588],[59.47208155635306,36.29973980545588]]]}},{"type":"Feature","properties":{"jobs":2900,"pop":5750,"pointCount":20,"homeWorkCommuteMedian":7417,"workHomeCommuteMedian":7158},"geometry":{"type":"Polygon","coordinates":[[[59.47208155635306,36.308733009093125],[59.47208155635306,36.31772621273037],[59.48107475999031,36.31772621273037],[59.48107475999031,36.308733009093125],[59.47208155635306,36.308733009093125]]]}},{"type":"Feature","properties":{"jobs":1800,"pop":3100,"pointCount":15,"homeWorkCommuteMedian":7649,"workHomeCommuteMedian":6219},"geometry":{"type":"Polygon","coordinates":[[[59.47208155635306,36.31772621273037],[59.47208155635306,36.32671941636762],[59.48107475999031,36.32671941636762],[59.48107475999031,36.31772621273037],[59.47208155635306,36.31772621273037]]]}},{"type":"Feature","properties":{"jobs":8700,"pop":5500,"pointCount":27,"homeWorkCommuteMedian":7267,"workHomeCommuteMedian":6288},"geometry":{"type":"Polygon","coordinates":[[[59.47208155635306,36.32671941636762],[59.47208155635306,36.33571262000486],[59.48107475999031,36.33571262000486],[59.48107475999031,36.32671941636762],[59.47208155635306,36.32671941636762]]]}},{"type":"Feature","properties":{"jobs":1900,"pop":3500,"pointCount":16,"homeWorkCommuteMedian":6507,"workHomeCommuteMedian":6111},"geometry":{"type":"Polygon","coordinates":[[[59.47208155635306,36.33571262000486],[59.47208155635306,36.34470582364211],[59.48107475999031,36.34470582364211],[59.48107475999031,36.33571262000486],[59.47208155635306,36.33571262000486]]]}},{"type":"Feature","properties":{"jobs":5000,"pop":2900,"pointCount":19,"homeWorkCommuteMedian":8158,"workHomeCommuteMedian":5761},"geometry":{"type":"Polygon","coordinates":[[[59.47208155635306,36.34470582364211],[59.47208155635306,36.353699027279355],[59.48107475999031,36.353699027279355],[59.48107475999031,36.34470582364211],[59.47208155635306,36.34470582364211]]]}},{"type":"Feature","properties":{"jobs":7700,"pop":3600,"pointCount":24,"homeWorkCommuteMedian":7957,"workHomeCommuteMedian":6660},"geometry":{"type":"Polygon","coordinates":[[[59.47208155635306,36.353699027279355],[59.47208155635306,36.3626922309166],[59.48107475999031,36.3626922309166],[59.48107475999031,36.353699027279355],[59.47208155635306,36.353699027279355]]]}},{"type":"Feature","properties":{"jobs":1300,"pop":2100,"pointCount":18,"homeWorkCommuteMedian":8400,"workHomeCommuteMedian":8751},"geometry":{"type":"Polygon","coordinates":[[[59.47208155635306,36.3626922309166],[59.47208155635306,36.37168543455385],[59.48107475999031,36.37168543455385],[59.48107475999031,36.3626922309166],[59.47208155635306,36.3626922309166]]]}},{"type":"Feature","properties":{"jobs":4000,"pop":2100,"pointCount":20,"homeWorkCommuteMedian":9624,"workHomeCommuteMedian":8128},"geometry":{"type":"Polygon","coordinates":[[[59.47208155635306,36.37168543455385],[59.47208155635306,36.38067863819109],[59.48107475999031,36.38067863819109],[59.48107475999031,36.37168543455385],[59.47208155635306,36.37168543455385]]]}},{"type":"Feature","properties":{"jobs":700,"pop":1800,"pointCount":12,"homeWorkCommuteMedian":7616,"workHomeCommuteMedian":8641},"geometry":{"type":"Polygon","coordinates":[[[59.47208155635306,36.38067863819109],[59.47208155635306,36.38967184182834],[59.48107475999031,36.38967184182834],[59.48107475999031,36.38067863819109],[59.47208155635306,36.38067863819109]]]}},{"type":"Feature","properties":{"jobs":0,"pop":500,"pointCount":4,"homeWorkCommuteMedian":6945,"workHomeCommuteMedian":-1},"geometry":{"type":"Polygon","coordinates":[[[59.47208155635306,36.38967184182834],[59.47208155635306,36.398665045465584],[59.48107475999031,36.398665045465584],[59.48107475999031,36.38967184182834],[59.47208155635306,36.38967184182834]]]}},{"type":"Feature","properties":{"jobs":2400,"pop":700,"pointCount":7,"homeWorkCommuteMedian":4572,"workHomeCommuteMedian":6761},"geometry":{"type":"Polygon","coordinates":[[[59.47208155635306,36.398665045465584],[59.47208155635306,36.40765824910283],[59.48107475999031,36.40765824910283],[59.48107475999031,36.398665045465584],[59.47208155635306,36.398665045465584]]]}},{"type":"Feature","properties":{"jobs":1900,"pop":1500,"pointCount":13,"homeWorkCommuteMedian":5339,"workHomeCommuteMedian":4470},"geometry":{"type":"Polygon","coordinates":[[[59.47208155635306,36.40765824910283],[59.47208155635306,36.416651452740076],[59.48107475999031,36.416651452740076],[59.48107475999031,36.40765824910283],[59.47208155635306,36.40765824910283]]]}},{"type":"Feature","properties":{"jobs":0,"pop":100,"pointCount":1,"homeWorkCommuteMedian":30943,"workHomeCommuteMedian":-1},"geometry":{"type":"Polygon","coordinates":[[[59.48107475999031,36.16484175089719],[59.48107475999031,36.173834954534435],[59.49006796362755,36.173834954534435],[59.49006796362755,36.16484175089719],[59.48107475999031,36.16484175089719]]]}},{"type":"Feature","properties":{"jobs":100,"pop":0,"pointCount":1,"homeWorkCommuteMedian":-1,"workHomeCommuteMedian":44434},"geometry":{"type":"Polygon","coordinates":[[[59.48107475999031,36.173834954534435],[59.48107475999031,36.18282815817168],[59.49006796362755,36.18282815817168],[59.49006796362755,36.173834954534435],[59.48107475999031,36.173834954534435]]]}},{"type":"Feature","properties":{"jobs":100,"pop":0,"pointCount":1,"homeWorkCommuteMedian":-1,"workHomeCommuteMedian":17580},"geometry":{"type":"Polygon","coordinates":[[[59.48107475999031,36.20980776908342],[59.48107475999031,36.218800972720665],[59.49006796362755,36.218800972720665],[59.49006796362755,36.20980776908342],[59.48107475999031,36.20980776908342]]]}},{"type":"Feature","properties":{"jobs":0,"pop":100,"pointCount":1,"homeWorkCommuteMedian":23992,"workHomeCommuteMedian":-1},"geometry":{"type":"Polygon","coordinates":[[[59.48107475999031,36.27276019454414],[59.48107475999031,36.28175339818139],[59.49006796362755,36.28175339818139],[59.49006796362755,36.27276019454414],[59.48107475999031,36.27276019454414]]]}},{"type":"Feature","properties":{"jobs":400,"pop":300,"pointCount":3,"homeWorkCommuteMedian":4942,"workHomeCommuteMedian":6451},"geometry":{"type":"Polygon","coordinates":[[[59.48107475999031,36.29074660181863],[59.48107475999031,36.29973980545588],[59.49006796362755,36.29973980545588],[59.49006796362755,36.29074660181863],[59.48107475999031,36.29074660181863]]]}},{"type":"Feature","properties":{"jobs":600,"pop":300,"pointCount":6,"homeWorkCommuteMedian":5876,"workHomeCommuteMedian":8258},"geometry":{"type":"Polygon","coordinates":[[[59.48107475999031,36.29973980545588],[59.48107475999031,36.308733009093125],[59.49006796362755,36.308733009093125],[59.49006796362755,36.29973980545588],[59.48107475999031,36.29973980545588]]]}},{"type":"Feature","properties":{"jobs":3200,"pop":5700,"pointCount":22,"homeWorkCommuteMedian":6568,"workHomeCommuteMedian":6859},"geometry":{"type":"Polygon","coordinates":[[[59.48107475999031,36.308733009093125],[59.48107475999031,36.31772621273037],[59.49006796362755,36.31772621273037],[59.49006796362755,36.308733009093125],[59.48107475999031,36.308733009093125]]]}},{"type":"Feature","properties":{"jobs":6000,"pop":4400,"pointCount":22,"homeWorkCommuteMedian":6384,"workHomeCommuteMedian":7061},"geometry":{"type":"Polygon","coordinates":[[[59.48107475999031,36.31772621273037],[59.48107475999031,36.32671941636762],[59.49006796362755,36.32671941636762],[59.49006796362755,36.31772621273037],[59.48107475999031,36.31772621273037]]]}},{"type":"Feature","properties":{"jobs":5000,"pop":4550,"pointCount":25,"homeWorkCommuteMedian":6464,"workHomeCommuteMedian":6517},"geometry":{"type":"Polygon","coordinates":[[[59.48107475999031,36.32671941636762],[59.48107475999031,36.33571262000486],[59.49006796362755,36.33571262000486],[59.49006796362755,36.32671941636762],[59.48107475999031,36.32671941636762]]]}},{"type":"Feature","properties":{"jobs":12100,"pop":3650,"pointCount":20,"homeWorkCommuteMedian":5839,"workHomeCommuteMedian":5153},"geometry":{"type":"Polygon","coordinates":[[[59.48107475999031,36.33571262000486],[59.48107475999031,36.34470582364211],[59.49006796362755,36.34470582364211],[59.49006796362755,36.33571262000486],[59.48107475999031,36.33571262000486]]]}},{"type":"Feature","properties":{"jobs":3500,"pop":2500,"pointCount":15,"homeWorkCommuteMedian":6274,"workHomeCommuteMedian":5504},"geometry":{"type":"Polygon","coordinates":[[[59.48107475999031,36.34470582364211],[59.48107475999031,36.353699027279355],[59.49006796362755,36.353699027279355],[59.49006796362755,36.34470582364211],[59.48107475999031,36.34470582364211]]]}},{"type":"Feature","properties":{"jobs":17250,"pop":6550,"pointCount":24,"homeWorkCommuteMedian":8574,"workHomeCommuteMedian":6778},"geometry":{"type":"Polygon","coordinates":[[[59.48107475999031,36.353699027279355],[59.48107475999031,36.3626922309166],[59.49006796362755,36.3626922309166],[59.49006796362755,36.353699027279355],[59.48107475999031,36.353699027279355]]]}},{"type":"Feature","properties":{"jobs":4600,"pop":1650,"pointCount":19,"homeWorkCommuteMedian":7157,"workHomeCommuteMedian":7146},"geometry":{"type":"Polygon","coordinates":[[[59.48107475999031,36.3626922309166],[59.48107475999031,36.37168543455385],[59.49006796362755,36.37168543455385],[59.49006796362755,36.3626922309166],[59.48107475999031,36.3626922309166]]]}},{"type":"Feature","properties":{"jobs":800,"pop":2500,"pointCount":18,"homeWorkCommuteMedian":9796,"workHomeCommuteMedian":6125},"geometry":{"type":"Polygon","coordinates":[[[59.48107475999031,36.37168543455385],[59.48107475999031,36.38067863819109],[59.49006796362755,36.38067863819109],[59.49006796362755,36.37168543455385],[59.48107475999031,36.37168543455385]]]}},{"type":"Feature","properties":{"jobs":0,"pop":800,"pointCount":5,"homeWorkCommuteMedian":5821,"workHomeCommuteMedian":-1},"geometry":{"type":"Polygon","coordinates":[[[59.48107475999031,36.38067863819109],[59.48107475999031,36.38967184182834],[59.49006796362755,36.38967184182834],[59.49006796362755,36.38067863819109],[59.48107475999031,36.38067863819109]]]}},{"type":"Feature","properties":{"jobs":0,"pop":1050,"pointCount":4,"homeWorkCommuteMedian":9081,"workHomeCommuteMedian":-1},"geometry":{"type":"Polygon","coordinates":[[[59.48107475999031,36.38967184182834],[59.48107475999031,36.398665045465584],[59.49006796362755,36.398665045465584],[59.49006796362755,36.38967184182834],[59.48107475999031,36.38967184182834]]]}},{"type":"Feature","properties":{"jobs":1800,"pop":3500,"pointCount":14,"homeWorkCommuteMedian":11226,"workHomeCommuteMedian":5083},"geometry":{"type":"Polygon","coordinates":[[[59.48107475999031,36.398665045465584],[59.48107475999031,36.40765824910283],[59.49006796362755,36.40765824910283],[59.49006796362755,36.398665045465584],[59.48107475999031,36.398665045465584]]]}},{"type":"Feature","properties":{"jobs":0,"pop":2200,"pointCount":7,"homeWorkCommuteMedian":10918,"workHomeCommuteMedian":-1},"geometry":{"type":"Polygon","coordinates":[[[59.48107475999031,36.40765824910283],[59.48107475999031,36.416651452740076],[59.49006796362755,36.416651452740076],[59.49006796362755,36.40765824910283],[59.48107475999031,36.40765824910283]]]}},{"type":"Feature","properties":{"jobs":0,"pop":100,"pointCount":1,"homeWorkCommuteMedian":30455,"workHomeCommuteMedian":-1},"geometry":{"type":"Polygon","coordinates":[[[59.49006796362755,36.218800972720665],[59.49006796362755,36.22779417635791],[59.4990611672648,36.22779417635791],[59.4990611672648,36.218800972720665],[59.49006796362755,36.218800972720665]]]}},{"type":"Feature","properties":{"jobs":0,"pop":1400,"pointCount":3,"homeWorkCommuteMedian":5532,"workHomeCommuteMedian":-1},"geometry":{"type":"Polygon","coordinates":[[[59.49006796362755,36.28175339818139],[59.49006796362755,36.29074660181863],[59.4990611672648,36.29074660181863],[59.4990611672648,36.28175339818139],[59.49006796362755,36.28175339818139]]]}},{"type":"Feature","properties":{"jobs":0,"pop":1600,"pointCount":6,"homeWorkCommuteMedian":7419,"workHomeCommuteMedian":-1},"geometry":{"type":"Polygon","coordinates":[[[59.49006796362755,36.29074660181863],[59.49006796362755,36.29973980545588],[59.4990611672648,36.29973980545588],[59.4990611672648,36.29074660181863],[59.49006796362755,36.29074660181863]]]}},{"type":"Feature","properties":{"jobs":1100,"pop":2300,"pointCount":10,"homeWorkCommuteMedian":5454,"workHomeCommuteMedian":6771},"geometry":{"type":"Polygon","coordinates":[[[59.49006796362755,36.29973980545588],[59.49006796362755,36.308733009093125],[59.4990611672648,36.308733009093125],[59.4990611672648,36.29973980545588],[59.49006796362755,36.29973980545588]]]}},{"type":"Feature","properties":{"jobs":2900,"pop":5700,"pointCount":17,"homeWorkCommuteMedian":6285,"workHomeCommuteMedian":5732},"geometry":{"type":"Polygon","coordinates":[[[59.49006796362755,36.308733009093125],[59.49006796362755,36.31772621273037],[59.4990611672648,36.31772621273037],[59.4990611672648,36.308733009093125],[59.49006796362755,36.308733009093125]]]}},{"type":"Feature","properties":{"jobs":3400,"pop":4400,"pointCount":16,"homeWorkCommuteMedian":6053,"workHomeCommuteMedian":7697},"geometry":{"type":"Polygon","coordinates":[[[59.49006796362755,36.31772621273037],[59.49006796362755,36.32671941636762],[59.4990611672648,36.32671941636762],[59.4990611672648,36.31772621273037],[59.49006796362755,36.31772621273037]]]}},{"type":"Feature","properties":{"jobs":8000,"pop":6950,"pointCount":24,"homeWorkCommuteMedian":6455,"workHomeCommuteMedian":6579},"geometry":{"type":"Polygon","coordinates":[[[59.49006796362755,36.32671941636762],[59.49006796362755,36.33571262000486],[59.4990611672648,36.33571262000486],[59.4990611672648,36.32671941636762],[59.49006796362755,36.32671941636762]]]}},{"type":"Feature","properties":{"jobs":1200,"pop":1950,"pointCount":12,"homeWorkCommuteMedian":5418,"workHomeCommuteMedian":5629},"geometry":{"type":"Polygon","coordinates":[[[59.49006796362755,36.33571262000486],[59.49006796362755,36.34470582364211],[59.4990611672648,36.34470582364211],[59.4990611672648,36.33571262000486],[59.49006796362755,36.33571262000486]]]}},{"type":"Feature","properties":{"jobs":5300,"pop":2500,"pointCount":9,"homeWorkCommuteMedian":6604,"workHomeCommuteMedian":6546},"geometry":{"type":"Polygon","coordinates":[[[59.49006796362755,36.34470582364211],[59.49006796362755,36.353699027279355],[59.4990611672648,36.353699027279355],[59.4990611672648,36.34470582364211],[59.49006796362755,36.34470582364211]]]}},{"type":"Feature","properties":{"jobs":8000,"pop":5750,"pointCount":18,"homeWorkCommuteMedian":6814,"workHomeCommuteMedian":6922},"geometry":{"type":"Polygon","coordinates":[[[59.49006796362755,36.353699027279355],[59.49006796362755,36.3626922309166],[59.4990611672648,36.3626922309166],[59.4990611672648,36.353699027279355],[59.49006796362755,36.353699027279355]]]}},{"type":"Feature","properties":{"jobs":1500,"pop":3700,"pointCount":13,"homeWorkCommuteMedian":7397,"workHomeCommuteMedian":8826},"geometry":{"type":"Polygon","coordinates":[[[59.49006796362755,36.3626922309166],[59.49006796362755,36.37168543455385],[59.4990611672648,36.37168543455385],[59.4990611672648,36.3626922309166],[59.49006796362755,36.3626922309166]]]}},{"type":"Feature","properties":{"jobs":500,"pop":2300,"pointCount":11,"homeWorkCommuteMedian":8947,"workHomeCommuteMedian":7878},"geometry":{"type":"Polygon","coordinates":[[[59.49006796362755,36.37168543455385],[59.49006796362755,36.38067863819109],[59.4990611672648,36.38067863819109],[59.4990611672648,36.37168543455385],[59.49006796362755,36.37168543455385]]]}},{"type":"Feature","properties":{"jobs":0,"pop":800,"pointCount":4,"homeWorkCommuteMedian":9700,"workHomeCommuteMedian":-1},"geometry":{"type":"Polygon","coordinates":[[[59.49006796362755,36.38067863819109],[59.49006796362755,36.38967184182834],[59.4990611672648,36.38967184182834],[59.4990611672648,36.38067863819109],[59.49006796362755,36.38067863819109]]]}},{"type":"Feature","properties":{"jobs":600,"pop":1100,"pointCount":9,"homeWorkCommuteMedian":8016,"workHomeCommuteMedian":11682},"geometry":{"type":"Polygon","coordinates":[[[59.49006796362755,36.38967184182834],[59.49006796362755,36.398665045465584],[59.4990611672648,36.398665045465584],[59.4990611672648,36.38967184182834],[59.49006796362755,36.38967184182834]]]}},{"type":"Feature","properties":{"jobs":600,"pop":1500,"pointCount":6,"homeWorkCommuteMedian":18921,"workHomeCommuteMedian":2869},"geometry":{"type":"Polygon","coordinates":[[[59.49006796362755,36.398665045465584],[59.49006796362755,36.40765824910283],[59.4990611672648,36.40765824910283],[59.4990611672648,36.398665045465584],[59.49006796362755,36.398665045465584]]]}},{"type":"Feature","properties":{"jobs":1000,"pop":2600,"pointCount":8,"homeWorkCommuteMedian":5192,"workHomeCommuteMedian":9687},"geometry":{"type":"Polygon","coordinates":[[[59.49006796362755,36.40765824910283],[59.49006796362755,36.416651452740076],[59.4990611672648,36.416651452740076],[59.4990611672648,36.40765824910283],[59.49006796362755,36.40765824910283]]]}},{"type":"Feature","properties":{"jobs":0,"pop":100,"pointCount":1,"homeWorkCommuteMedian":25490,"workHomeCommuteMedian":-1},"geometry":{"type":"Polygon","coordinates":[[[59.4990611672648,36.20980776908342],[59.4990611672648,36.218800972720665],[59.508054370902045,36.218800972720665],[59.508054370902045,36.20980776908342],[59.4990611672648,36.20980776908342]]]}},{"type":"Feature","properties":{"jobs":100,"pop":100,"pointCount":1,"homeWorkCommuteMedian":23223,"workHomeCommuteMedian":17571},"geometry":{"type":"Polygon","coordinates":[[[59.4990611672648,36.23678737999516],[59.4990611672648,36.2457805836324],[59.508054370902045,36.2457805836324],[59.508054370902045,36.23678737999516],[59.4990611672648,36.23678737999516]]]}},{"type":"Feature","properties":{"jobs":700,"pop":500,"pointCount":4,"homeWorkCommuteMedian":5899,"workHomeCommuteMedian":5657},"geometry":{"type":"Polygon","coordinates":[[[59.4990611672648,36.27276019454414],[59.4990611672648,36.28175339818139],[59.508054370902045,36.28175339818139],[59.508054370902045,36.27276019454414],[59.4990611672648,36.27276019454414]]]}},{"type":"Feature","properties":{"jobs":2200,"pop":3250,"pointCount":16,"homeWorkCommuteMedian":6246,"workHomeCommuteMedian":5933},"geometry":{"type":"Polygon","coordinates":[[[59.4990611672648,36.28175339818139],[59.4990611672648,36.29074660181863],[59.508054370902045,36.29074660181863],[59.508054370902045,36.28175339818139],[59.4990611672648,36.28175339818139]]]}},{"type":"Feature","properties":{"jobs":500,"pop":1800,"pointCount":10,"homeWorkCommuteMedian":7177,"workHomeCommuteMedian":12435},"geometry":{"type":"Polygon","coordinates":[[[59.4990611672648,36.29074660181863],[59.4990611672648,36.29973980545588],[59.508054370902045,36.29973980545588],[59.508054370902045,36.29074660181863],[59.4990611672648,36.29074660181863]]]}},{"type":"Feature","properties":{"jobs":2100,"pop":6300,"pointCount":21,"homeWorkCommuteMedian":5265,"workHomeCommuteMedian":5465},"geometry":{"type":"Polygon","coordinates":[[[59.4990611672648,36.29973980545588],[59.4990611672648,36.308733009093125],[59.508054370902045,36.308733009093125],[59.508054370902045,36.29973980545588],[59.4990611672648,36.29973980545588]]]}},{"type":"Feature","properties":{"jobs":9200,"pop":7000,"pointCount":31,"homeWorkCommuteMedian":5198,"workHomeCommuteMedian":6192},"geometry":{"type":"Polygon","coordinates":[[[59.4990611672648,36.308733009093125],[59.4990611672648,36.31772621273037],[59.508054370902045,36.31772621273037],[59.508054370902045,36.308733009093125],[59.4990611672648,36.308733009093125]]]}},{"type":"Feature","properties":{"jobs":4800,"pop":5250,"pointCount":19,"homeWorkCommuteMedian":6185,"workHomeCommuteMedian":7618},"geometry":{"type":"Polygon","coordinates":[[[59.4990611672648,36.31772621273037],[59.4990611672648,36.32671941636762],[59.508054370902045,36.32671941636762],[59.508054370902045,36.31772621273037],[59.4990611672648,36.31772621273037]]]}},{"type":"Feature","properties":{"jobs":5650,"pop":7450,"pointCount":30,"homeWorkCommuteMedian":5061,"workHomeCommuteMedian":5441},"geometry":{"type":"Polygon","coordinates":[[[59.4990611672648,36.32671941636762],[59.4990611672648,36.33571262000486],[59.508054370902045,36.33571262000486],[59.508054370902045,36.32671941636762],[59.4990611672648,36.32671941636762]]]}},{"type":"Feature","properties":{"jobs":1900,"pop":3200,"pointCount":13,"homeWorkCommuteMedian":4841,"workHomeCommuteMedian":5528},"geometry":{"type":"Polygon","coordinates":[[[59.4990611672648,36.33571262000486],[59.4990611672648,36.34470582364211],[59.508054370902045,36.34470582364211],[59.508054370902045,36.33571262000486],[59.4990611672648,36.33571262000486]]]}},{"type":"Feature","properties":{"jobs":5500,"pop":3500,"pointCount":17,"homeWorkCommuteMedian":6472,"workHomeCommuteMedian":6447},"geometry":{"type":"Polygon","coordinates":[[[59.4990611672648,36.34470582364211],[59.4990611672648,36.353699027279355],[59.508054370902045,36.353699027279355],[59.508054370902045,36.34470582364211],[59.4990611672648,36.34470582364211]]]}},{"type":"Feature","properties":{"jobs":9400,"pop":6900,"pointCount":27,"homeWorkCommuteMedian":6496,"workHomeCommuteMedian":6427},"geometry":{"type":"Polygon","coordinates":[[[59.4990611672648,36.353699027279355],[59.4990611672648,36.3626922309166],[59.508054370902045,36.3626922309166],[59.508054370902045,36.353699027279355],[59.4990611672648,36.353699027279355]]]}},{"type":"Feature","properties":{"jobs":2050,"pop":4900,"pointCount":16,"homeWorkCommuteMedian":6366,"workHomeCommuteMedian":7188},"geometry":{"type":"Polygon","coordinates":[[[59.4990611672648,36.3626922309166],[59.4990611672648,36.37168543455385],[59.508054370902045,36.37168543455385],[59.508054370902045,36.3626922309166],[59.4990611672648,36.3626922309166]]]}},{"type":"Feature","properties":{"jobs":1200,"pop":2950,"pointCount":17,"homeWorkCommuteMedian":7151,"workHomeCommuteMedian":8427},"geometry":{"type":"Polygon","coordinates":[[[59.4990611672648,36.37168543455385],[59.4990611672648,36.38067863819109],[59.508054370902045,36.38067863819109],[59.508054370902045,36.37168543455385],[59.4990611672648,36.37168543455385]]]}},{"type":"Feature","properties":{"jobs":500,"pop":1000,"pointCount":7,"homeWorkCommuteMedian":7311,"workHomeCommuteMedian":5594},"geometry":{"type":"Polygon","coordinates":[[[59.4990611672648,36.38067863819109],[59.4990611672648,36.38967184182834],[59.508054370902045,36.38967184182834],[59.508054370902045,36.38067863819109],[59.4990611672648,36.38067863819109]]]}},{"type":"Feature","properties":{"jobs":2000,"pop":4200,"pointCount":19,"homeWorkCommuteMedian":9343,"workHomeCommuteMedian":8236},"geometry":{"type":"Polygon","coordinates":[[[59.4990611672648,36.38967184182834],[59.4990611672648,36.398665045465584],[59.508054370902045,36.398665045465584],[59.508054370902045,36.38967184182834],[59.4990611672648,36.38967184182834]]]}},{"type":"Feature","properties":{"jobs":3700,"pop":5500,"pointCount":23,"homeWorkCommuteMedian":9492,"workHomeCommuteMedian":7341},"geometry":{"type":"Polygon","coordinates":[[[59.4990611672648,36.398665045465584],[59.4990611672648,36.40765824910283],[59.508054370902045,36.40765824910283],[59.508054370902045,36.398665045465584],[59.4990611672648,36.398665045465584]]]}},{"type":"Feature","properties":{"jobs":200,"pop":2300,"pointCount":10,"homeWorkCommuteMedian":3339,"workHomeCommuteMedian":21477},"geometry":{"type":"Polygon","coordinates":[[[59.4990611672648,36.40765824910283],[59.4990611672648,36.416651452740076],[59.508054370902045,36.416651452740076],[59.508054370902045,36.40765824910283],[59.4990611672648,36.40765824910283]]]}},{"type":"Feature","properties":{"jobs":0,"pop":100,"pointCount":1,"homeWorkCommuteMedian":36645,"workHomeCommuteMedian":-1},"geometry":{"type":"Polygon","coordinates":[[[59.508054370902045,36.16484175089719],[59.508054370902045,36.173834954534435],[59.51704757453929,36.173834954534435],[59.51704757453929,36.16484175089719],[59.508054370902045,36.16484175089719]]]}},{"type":"Feature","properties":{"jobs":100,"pop":100,"pointCount":2,"homeWorkCommuteMedian":2204,"workHomeCommuteMedian":37815},"geometry":{"type":"Polygon","coordinates":[[[59.508054370902045,36.20980776908342],[59.508054370902045,36.218800972720665],[59.51704757453929,36.218800972720665],[59.51704757453929,36.20980776908342],[59.508054370902045,36.20980776908342]]]}},{"type":"Feature","properties":{"jobs":1600,"pop":2300,"pointCount":11,"homeWorkCommuteMedian":7943,"workHomeCommuteMedian":5669},"geometry":{"type":"Polygon","coordinates":[[[59.508054370902045,36.28175339818139],[59.508054370902045,36.29074660181863],[59.51704757453929,36.29074660181863],[59.51704757453929,36.28175339818139],[59.508054370902045,36.28175339818139]]]}},{"type":"Feature","properties":{"jobs":1000,"pop":2300,"pointCount":10,"homeWorkCommuteMedian":5564,"workHomeCommuteMedian":5448},"geometry":{"type":"Polygon","coordinates":[[[59.508054370902045,36.29074660181863],[59.508054370902045,36.29973980545588],[59.51704757453929,36.29973980545588],[59.51704757453929,36.29074660181863],[59.508054370902045,36.29074660181863]]]}},{"type":"Feature","properties":{"jobs":5400,"pop":3500,"pointCount":18,"homeWorkCommuteMedian":5507,"workHomeCommuteMedian":5495},"geometry":{"type":"Polygon","coordinates":[[[59.508054370902045,36.29973980545588],[59.508054370902045,36.308733009093125],[59.51704757453929,36.308733009093125],[59.51704757453929,36.29973980545588],[59.508054370902045,36.29973980545588]]]}},{"type":"Feature","properties":{"jobs":2500,"pop":6850,"pointCount":18,"homeWorkCommuteMedian":5315,"workHomeCommuteMedian":5682},"geometry":{"type":"Polygon","coordinates":[[[59.508054370902045,36.308733009093125],[59.508054370902045,36.31772621273037],[59.51704757453929,36.31772621273037],[59.51704757453929,36.308733009093125],[59.508054370902045,36.308733009093125]]]}},{"type":"Feature","properties":{"jobs":4500,"pop":3250,"pointCount":16,"homeWorkCommuteMedian":5862,"workHomeCommuteMedian":6604},"geometry":{"type":"Polygon","coordinates":[[[59.508054370902045,36.31772621273037],[59.508054370902045,36.32671941636762],[59.51704757453929,36.32671941636762],[59.51704757453929,36.31772621273037],[59.508054370902045,36.31772621273037]]]}},{"type":"Feature","properties":{"jobs":2300,"pop":5800,"pointCount":18,"homeWorkCommuteMedian":5363,"workHomeCommuteMedian":6787},"geometry":{"type":"Polygon","coordinates":[[[59.508054370902045,36.32671941636762],[59.508054370902045,36.33571262000486],[59.51704757453929,36.33571262000486],[59.51704757453929,36.32671941636762],[59.508054370902045,36.32671941636762]]]}},{"type":"Feature","properties":{"jobs":400,"pop":2900,"pointCount":9,"homeWorkCommuteMedian":5878,"workHomeCommuteMedian":13007},"geometry":{"type":"Polygon","coordinates":[[[59.508054370902045,36.33571262000486],[59.508054370902045,36.34470582364211],[59.51704757453929,36.34470582364211],[59.51704757453929,36.33571262000486],[59.508054370902045,36.33571262000486]]]}},{"type":"Feature","properties":{"jobs":3500,"pop":2400,"pointCount":10,"homeWorkCommuteMedian":5419,"workHomeCommuteMedian":7073},"geometry":{"type":"Polygon","coordinates":[[[59.508054370902045,36.34470582364211],[59.508054370902045,36.353699027279355],[59.51704757453929,36.353699027279355],[59.51704757453929,36.34470582364211],[59.508054370902045,36.34470582364211]]]}},{"type":"Feature","properties":{"jobs":3400,"pop":5100,"pointCount":20,"homeWorkCommuteMedian":5650,"workHomeCommuteMedian":8261},"geometry":{"type":"Polygon","coordinates":[[[59.508054370902045,36.353699027279355],[59.508054370902045,36.3626922309166],[59.51704757453929,36.3626922309166],[59.51704757453929,36.353699027279355],[59.508054370902045,36.353699027279355]]]}},{"type":"Feature","properties":{"jobs":2800,"pop":3100,"pointCount":15,"homeWorkCommuteMedian":4795,"workHomeCommuteMedian":7550},"geometry":{"type":"Polygon","coordinates":[[[59.508054370902045,36.3626922309166],[59.508054370902045,36.37168543455385],[59.51704757453929,36.37168543455385],[59.51704757453929,36.3626922309166],[59.508054370902045,36.3626922309166]]]}},{"type":"Feature","properties":{"jobs":6300,"pop":4000,"pointCount":18,"homeWorkCommuteMedian":6689,"workHomeCommuteMedian":7530},"geometry":{"type":"Polygon","coordinates":[[[59.508054370902045,36.37168543455385],[59.508054370902045,36.38067863819109],[59.51704757453929,36.38067863819109],[59.51704757453929,36.37168543455385],[59.508054370902045,36.37168543455385]]]}},{"type":"Feature","properties":{"jobs":200,"pop":1750,"pointCount":7,"homeWorkCommuteMedian":7111,"workHomeCommuteMedian":6714},"geometry":{"type":"Polygon","coordinates":[[[59.508054370902045,36.38067863819109],[59.508054370902045,36.38967184182834],[59.51704757453929,36.38967184182834],[59.51704757453929,36.38067863819109],[59.508054370902045,36.38067863819109]]]}},{"type":"Feature","properties":{"jobs":2400,"pop":2900,"pointCount":16,"homeWorkCommuteMedian":10157,"workHomeCommuteMedian":9000},"geometry":{"type":"Polygon","coordinates":[[[59.508054370902045,36.38967184182834],[59.508054370902045,36.398665045465584],[59.51704757453929,36.398665045465584],[59.51704757453929,36.38967184182834],[59.508054370902045,36.38967184182834]]]}},{"type":"Feature","properties":{"jobs":3700,"pop":4000,"pointCount":16,"homeWorkCommuteMedian":9638,"workHomeCommuteMedian":8881},"geometry":{"type":"Polygon","coordinates":[[[59.508054370902045,36.398665045465584],[59.508054370902045,36.40765824910283],[59.51704757453929,36.40765824910283],[59.51704757453929,36.398665045465584],[59.508054370902045,36.398665045465584]]]}},{"type":"Feature","properties":{"jobs":200,"pop":0,"pointCount":2,"homeWorkCommuteMedian":-1,"workHomeCommuteMedian":31945},"geometry":{"type":"Polygon","coordinates":[[[59.508054370902045,36.40765824910283],[59.508054370902045,36.416651452740076],[59.51704757453929,36.416651452740076],[59.51704757453929,36.40765824910283],[59.508054370902045,36.40765824910283]]]}},{"type":"Feature","properties":{"jobs":0,"pop":100,"pointCount":1,"homeWorkCommuteMedian":17147,"workHomeCommuteMedian":-1},"geometry":{"type":"Polygon","coordinates":[[[59.51704757453929,36.20980776908342],[59.51704757453929,36.218800972720665],[59.52604077817654,36.218800972720665],[59.52604077817654,36.20980776908342],[59.51704757453929,36.20980776908342]]]}},{"type":"Feature","properties":{"jobs":200,"pop":800,"pointCount":5,"homeWorkCommuteMedian":8103,"workHomeCommuteMedian":6806},"geometry":{"type":"Polygon","coordinates":[[[59.51704757453929,36.28175339818139],[59.51704757453929,36.29074660181863],[59.52604077817654,36.29074660181863],[59.52604077817654,36.28175339818139],[59.51704757453929,36.28175339818139]]]}},{"type":"Feature","properties":{"jobs":600,"pop":5350,"pointCount":15,"homeWorkCommuteMedian":5980,"workHomeCommuteMedian":5401},"geometry":{"type":"Polygon","coordinates":[[[59.51704757453929,36.29074660181863],[59.51704757453929,36.29973980545588],[59.52604077817654,36.29973980545588],[59.52604077817654,36.29074660181863],[59.51704757453929,36.29074660181863]]]}},{"type":"Feature","properties":{"jobs":1300,"pop":2750,"pointCount":9,"homeWorkCommuteMedian":5173,"workHomeCommuteMedian":6229},"geometry":{"type":"Polygon","coordinates":[[[59.51704757453929,36.29973980545588],[59.51704757453929,36.308733009093125],[59.52604077817654,36.308733009093125],[59.52604077817654,36.29973980545588],[59.51704757453929,36.29973980545588]]]}},{"type":"Feature","properties":{"jobs":2700,"pop":7800,"pointCount":20,"homeWorkCommuteMedian":5714,"workHomeCommuteMedian":6145},"geometry":{"type":"Polygon","coordinates":[[[59.51704757453929,36.308733009093125],[59.51704757453929,36.31772621273037],[59.52604077817654,36.31772621273037],[59.52604077817654,36.308733009093125],[59.51704757453929,36.308733009093125]]]}},{"type":"Feature","properties":{"jobs":4900,"pop":6650,"pointCount":22,"homeWorkCommuteMedian":6346,"workHomeCommuteMedian":6932},"geometry":{"type":"Polygon","coordinates":[[[59.51704757453929,36.31772621273037],[59.51704757453929,36.32671941636762],[59.52604077817654,36.32671941636762],[59.52604077817654,36.31772621273037],[59.51704757453929,36.31772621273037]]]}},{"type":"Feature","properties":{"jobs":3000,"pop":7650,"pointCount":25,"homeWorkCommuteMedian":5476,"workHomeCommuteMedian":6145},"geometry":{"type":"Polygon","coordinates":[[[59.51704757453929,36.32671941636762],[59.51704757453929,36.33571262000486],[59.52604077817654,36.33571262000486],[59.52604077817654,36.32671941636762],[59.51704757453929,36.32671941636762]]]}},{"type":"Feature","properties":{"jobs":900,"pop":4400,"pointCount":15,"homeWorkCommuteMedian":6660,"workHomeCommuteMedian":7469},"geometry":{"type":"Polygon","coordinates":[[[59.51704757453929,36.33571262000486],[59.51704757453929,36.34470582364211],[59.52604077817654,36.34470582364211],[59.52604077817654,36.33571262000486],[59.51704757453929,36.33571262000486]]]}},{"type":"Feature","properties":{"jobs":4750,"pop":5600,"pointCount":17,"homeWorkCommuteMedian":5882,"workHomeCommuteMedian":7295},"geometry":{"type":"Polygon","coordinates":[[[59.51704757453929,36.34470582364211],[59.51704757453929,36.353699027279355],[59.52604077817654,36.353699027279355],[59.52604077817654,36.34470582364211],[59.51704757453929,36.34470582364211]]]}},{"type":"Feature","properties":{"jobs":2900,"pop":6950,"pointCount":24,"homeWorkCommuteMedian":5141,"workHomeCommuteMedian":6447},"geometry":{"type":"Polygon","coordinates":[[[59.51704757453929,36.353699027279355],[59.51704757453929,36.3626922309166],[59.52604077817654,36.3626922309166],[59.52604077817654,36.353699027279355],[59.51704757453929,36.353699027279355]]]}},{"type":"Feature","properties":{"jobs":2600,"pop":2950,"pointCount":17,"homeWorkCommuteMedian":4715,"workHomeCommuteMedian":6906},"geometry":{"type":"Polygon","coordinates":[[[59.51704757453929,36.3626922309166],[59.51704757453929,36.37168543455385],[59.52604077817654,36.37168543455385],[59.52604077817654,36.3626922309166],[59.51704757453929,36.3626922309166]]]}},{"type":"Feature","properties":{"jobs":1000,"pop":3300,"pointCount":16,"homeWorkCommuteMedian":7237,"workHomeCommuteMedian":6713},"geometry":{"type":"Polygon","coordinates":[[[59.51704757453929,36.37168543455385],[59.51704757453929,36.38067863819109],[59.52604077817654,36.38067863819109],[59.52604077817654,36.37168543455385],[59.51704757453929,36.37168543455385]]]}},{"type":"Feature","properties":{"jobs":1900,"pop":2500,"pointCount":12,"homeWorkCommuteMedian":9580,"workHomeCommuteMedian":11813},"geometry":{"type":"Polygon","coordinates":[[[59.51704757453929,36.38067863819109],[59.51704757453929,36.38967184182834],[59.52604077817654,36.38967184182834],[59.52604077817654,36.38067863819109],[59.51704757453929,36.38067863819109]]]}},{"type":"Feature","properties":{"jobs":900,"pop":6800,"pointCount":19,"homeWorkCommuteMedian":11488,"workHomeCommuteMedian":13573},"geometry":{"type":"Polygon","coordinates":[[[59.51704757453929,36.38967184182834],[59.51704757453929,36.398665045465584],[59.52604077817654,36.398665045465584],[59.52604077817654,36.38967184182834],[59.51704757453929,36.38967184182834]]]}},{"type":"Feature","properties":{"jobs":1500,"pop":1700,"pointCount":9,"homeWorkCommuteMedian":11536,"workHomeCommuteMedian":1641},"geometry":{"type":"Polygon","coordinates":[[[59.51704757453929,36.398665045465584],[59.51704757453929,36.40765824910283],[59.52604077817654,36.40765824910283],[59.52604077817654,36.398665045465584],[59.51704757453929,36.398665045465584]]]}},{"type":"Feature","properties":{"jobs":2100,"pop":1800,"pointCount":6,"homeWorkCommuteMedian":2240,"workHomeCommuteMedian":5161},"geometry":{"type":"Polygon","coordinates":[[[59.51704757453929,36.40765824910283],[59.51704757453929,36.416651452740076],[59.52604077817654,36.416651452740076],[59.52604077817654,36.40765824910283],[59.51704757453929,36.40765824910283]]]}},{"type":"Feature","properties":{"jobs":0,"pop":100,"pointCount":1,"homeWorkCommuteMedian":12700,"workHomeCommuteMedian":-1},"geometry":{"type":"Polygon","coordinates":[[[59.52604077817654,36.20081456544617],[59.52604077817654,36.20980776908342],[59.53503398181378,36.20980776908342],[59.53503398181378,36.20081456544617],[59.52604077817654,36.20081456544617]]]}},{"type":"Feature","properties":{"jobs":100,"pop":0,"pointCount":1,"homeWorkCommuteMedian":-1,"workHomeCommuteMedian":2204},"geometry":{"type":"Polygon","coordinates":[[[59.52604077817654,36.20980776908342],[59.52604077817654,36.218800972720665],[59.53503398181378,36.218800972720665],[59.53503398181378,36.20980776908342],[59.52604077817654,36.20980776908342]]]}},{"type":"Feature","properties":{"jobs":100,"pop":450,"pointCount":2,"homeWorkCommuteMedian":8071,"workHomeCommuteMedian":17711},"geometry":{"type":"Polygon","coordinates":[[[59.52604077817654,36.263766990906895],[59.52604077817654,36.27276019454414],[59.53503398181378,36.27276019454414],[59.53503398181378,36.263766990906895],[59.52604077817654,36.263766990906895]]]}},{"type":"Feature","properties":{"jobs":500,"pop":3650,"pointCount":6,"homeWorkCommuteMedian":6917,"workHomeCommuteMedian":6897},"geometry":{"type":"Polygon","coordinates":[[[59.52604077817654,36.28175339818139],[59.52604077817654,36.29074660181863],[59.53503398181378,36.29074660181863],[59.53503398181378,36.28175339818139],[59.52604077817654,36.28175339818139]]]}},{"type":"Feature","properties":{"jobs":4400,"pop":4150,"pointCount":18,"homeWorkCommuteMedian":6434,"workHomeCommuteMedian":5968},"geometry":{"type":"Polygon","coordinates":[[[59.52604077817654,36.29074660181863],[59.52604077817654,36.29973980545588],[59.53503398181378,36.29973980545588],[59.53503398181378,36.29074660181863],[59.52604077817654,36.29074660181863]]]}},{"type":"Feature","properties":{"jobs":29950,"pop":9100,"pointCount":12,"homeWorkCommuteMedian":8448,"workHomeCommuteMedian":6261},"geometry":{"type":"Polygon","coordinates":[[[59.52604077817654,36.29973980545588],[59.52604077817654,36.308733009093125],[59.53503398181378,36.308733009093125],[59.53503398181378,36.29973980545588],[59.52604077817654,36.29973980545588]]]}},{"type":"Feature","properties":{"jobs":7400,"pop":1750,"pointCount":9,"homeWorkCommuteMedian":6773,"workHomeCommuteMedian":6534},"geometry":{"type":"Polygon","coordinates":[[[59.52604077817654,36.308733009093125],[59.52604077817654,36.31772621273037],[59.53503398181378,36.31772621273037],[59.53503398181378,36.308733009093125],[59.52604077817654,36.308733009093125]]]}},{"type":"Feature","properties":{"jobs":2900,"pop":4450,"pointCount":17,"homeWorkCommuteMedian":6368,"workHomeCommuteMedian":5263},"geometry":{"type":"Polygon","coordinates":[[[59.52604077817654,36.31772621273037],[59.52604077817654,36.32671941636762],[59.53503398181378,36.32671941636762],[59.53503398181378,36.31772621273037],[59.52604077817654,36.31772621273037]]]}},{"type":"Feature","properties":{"jobs":12600,"pop":7800,"pointCount":29,"homeWorkCommuteMedian":6068,"workHomeCommuteMedian":6435},"geometry":{"type":"Polygon","coordinates":[[[59.52604077817654,36.32671941636762],[59.52604077817654,36.33571262000486],[59.53503398181378,36.33571262000486],[59.53503398181378,36.32671941636762],[59.52604077817654,36.32671941636762]]]}},{"type":"Feature","properties":{"jobs":2500,"pop":5100,"pointCount":16,"homeWorkCommuteMedian":6249,"workHomeCommuteMedian":5591},"geometry":{"type":"Polygon","coordinates":[[[59.52604077817654,36.33571262000486],[59.52604077817654,36.34470582364211],[59.53503398181378,36.34470582364211],[59.53503398181378,36.33571262000486],[59.52604077817654,36.33571262000486]]]}},{"type":"Feature","properties":{"jobs":900,"pop":800,"pointCount":7,"homeWorkCommuteMedian":6748,"workHomeCommuteMedian":8001},"geometry":{"type":"Polygon","coordinates":[[[59.52604077817654,36.34470582364211],[59.52604077817654,36.353699027279355],[59.53503398181378,36.353699027279355],[59.53503398181378,36.34470582364211],[59.52604077817654,36.34470582364211]]]}},{"type":"Feature","properties":{"jobs":5000,"pop":7650,"pointCount":25,"homeWorkCommuteMedian":5511,"workHomeCommuteMedian":6450},"geometry":{"type":"Polygon","coordinates":[[[59.52604077817654,36.353699027279355],[59.52604077817654,36.3626922309166],[59.53503398181378,36.3626922309166],[59.53503398181378,36.353699027279355],[59.52604077817654,36.353699027279355]]]}},{"type":"Feature","properties":{"jobs":1000,"pop":5900,"pointCount":16,"homeWorkCommuteMedian":5625,"workHomeCommuteMedian":5761},"geometry":{"type":"Polygon","coordinates":[[[59.52604077817654,36.3626922309166],[59.52604077817654,36.37168543455385],[59.53503398181378,36.37168543455385],[59.53503398181378,36.3626922309166],[59.52604077817654,36.3626922309166]]]}},{"type":"Feature","properties":{"jobs":2400,"pop":4900,"pointCount":20,"homeWorkCommuteMedian":8488,"workHomeCommuteMedian":7545},"geometry":{"type":"Polygon","coordinates":[[[59.52604077817654,36.37168543455385],[59.52604077817654,36.38067863819109],[59.53503398181378,36.38067863819109],[59.53503398181378,36.37168543455385],[59.52604077817654,36.37168543455385]]]}},{"type":"Feature","properties":{"jobs":6500,"pop":5600,"pointCount":17,"homeWorkCommuteMedian":9619,"workHomeCommuteMedian":10643},"geometry":{"type":"Polygon","coordinates":[[[59.52604077817654,36.38067863819109],[59.52604077817654,36.38967184182834],[59.53503398181378,36.38967184182834],[59.53503398181378,36.38067863819109],[59.52604077817654,36.38067863819109]]]}},{"type":"Feature","properties":{"jobs":0,"pop":1300,"pointCount":8,"homeWorkCommuteMedian":10154,"workHomeCommuteMedian":-1},"geometry":{"type":"Polygon","coordinates":[[[59.52604077817654,36.38967184182834],[59.52604077817654,36.398665045465584],[59.53503398181378,36.398665045465584],[59.53503398181378,36.38967184182834],[59.52604077817654,36.38967184182834]]]}},{"type":"Feature","properties":{"jobs":0,"pop":200,"pointCount":2,"homeWorkCommuteMedian":5685,"workHomeCommuteMedian":-1},"geometry":{"type":"Polygon","coordinates":[[[59.52604077817654,36.398665045465584],[59.52604077817654,36.40765824910283],[59.53503398181378,36.40765824910283],[59.53503398181378,36.398665045465584],[59.52604077817654,36.398665045465584]]]}},{"type":"Feature","properties":{"jobs":400,"pop":350,"pointCount":5,"homeWorkCommuteMedian":14371,"workHomeCommuteMedian":4675},"geometry":{"type":"Polygon","coordinates":[[[59.52604077817654,36.40765824910283],[59.52604077817654,36.416651452740076],[59.53503398181378,36.416651452740076],[59.53503398181378,36.40765824910283],[59.52604077817654,36.40765824910283]]]}},{"type":"Feature","properties":{"jobs":100,"pop":800,"pointCount":7,"homeWorkCommuteMedian":12758,"workHomeCommuteMedian":5532},"geometry":{"type":"Polygon","coordinates":[[[59.53503398181378,36.263766990906895],[59.53503398181378,36.27276019454414],[59.54402718545103,36.27276019454414],[59.54402718545103,36.263766990906895],[59.53503398181378,36.263766990906895]]]}},{"type":"Feature","properties":{"jobs":8600,"pop":2400,"pointCount":7,"homeWorkCommuteMedian":7031,"workHomeCommuteMedian":6504},"geometry":{"type":"Polygon","coordinates":[[[59.53503398181378,36.27276019454414],[59.53503398181378,36.28175339818139],[59.54402718545103,36.28175339818139],[59.54402718545103,36.27276019454414],[59.53503398181378,36.27276019454414]]]}},{"type":"Feature","properties":{"jobs":3300,"pop":2200,"pointCount":11,"homeWorkCommuteMedian":7562,"workHomeCommuteMedian":6415},"geometry":{"type":"Polygon","coordinates":[[[59.53503398181378,36.28175339818139],[59.53503398181378,36.29074660181863],[59.54402718545103,36.29074660181863],[59.54402718545103,36.28175339818139],[59.53503398181378,36.28175339818139]]]}},{"type":"Feature","properties":{"jobs":6950,"pop":6100,"pointCount":14,"homeWorkCommuteMedian":7786,"workHomeCommuteMedian":6857},"geometry":{"type":"Polygon","coordinates":[[[59.53503398181378,36.29074660181863],[59.53503398181378,36.29973980545588],[59.54402718545103,36.29973980545588],[59.54402718545103,36.29074660181863],[59.53503398181378,36.29074660181863]]]}},{"type":"Feature","properties":{"jobs":900,"pop":950,"pointCount":6,"homeWorkCommuteMedian":7666,"workHomeCommuteMedian":5893},"geometry":{"type":"Polygon","coordinates":[[[59.53503398181378,36.29973980545588],[59.53503398181378,36.308733009093125],[59.54402718545103,36.308733009093125],[59.54402718545103,36.29973980545588],[59.53503398181378,36.29973980545588]]]}},{"type":"Feature","properties":{"jobs":2400,"pop":800,"pointCount":6,"homeWorkCommuteMedian":7407,"workHomeCommuteMedian":5554},"geometry":{"type":"Polygon","coordinates":[[[59.53503398181378,36.308733009093125],[59.53503398181378,36.31772621273037],[59.54402718545103,36.31772621273037],[59.54402718545103,36.308733009093125],[59.53503398181378,36.308733009093125]]]}},{"type":"Feature","properties":{"jobs":4300,"pop":2250,"pointCount":8,"homeWorkCommuteMedian":6163,"workHomeCommuteMedian":4531},"geometry":{"type":"Polygon","coordinates":[[[59.53503398181378,36.31772621273037],[59.53503398181378,36.32671941636762],[59.54402718545103,36.32671941636762],[59.54402718545103,36.31772621273037],[59.53503398181378,36.31772621273037]]]}},{"type":"Feature","properties":{"jobs":2900,"pop":7450,"pointCount":18,"homeWorkCommuteMedian":5831,"workHomeCommuteMedian":4835},"geometry":{"type":"Polygon","coordinates":[[[59.53503398181378,36.32671941636762],[59.53503398181378,36.33571262000486],[59.54402718545103,36.33571262000486],[59.54402718545103,36.32671941636762],[59.53503398181378,36.32671941636762]]]}},{"type":"Feature","properties":{"jobs":2200,"pop":2600,"pointCount":10,"homeWorkCommuteMedian":6845,"workHomeCommuteMedian":7248},"geometry":{"type":"Polygon","coordinates":[[[59.53503398181378,36.33571262000486],[59.53503398181378,36.34470582364211],[59.54402718545103,36.34470582364211],[59.54402718545103,36.33571262000486],[59.53503398181378,36.33571262000486]]]}},{"type":"Feature","properties":{"jobs":0,"pop":200,"pointCount":2,"homeWorkCommuteMedian":5715,"workHomeCommuteMedian":-1},"geometry":{"type":"Polygon","coordinates":[[[59.53503398181378,36.34470582364211],[59.53503398181378,36.353699027279355],[59.54402718545103,36.353699027279355],[59.54402718545103,36.34470582364211],[59.53503398181378,36.34470582364211]]]}},{"type":"Feature","properties":{"jobs":6500,"pop":3800,"pointCount":19,"homeWorkCommuteMedian":6264,"workHomeCommuteMedian":7013},"geometry":{"type":"Polygon","coordinates":[[[59.53503398181378,36.353699027279355],[59.53503398181378,36.3626922309166],[59.54402718545103,36.3626922309166],[59.54402718545103,36.353699027279355],[59.53503398181378,36.353699027279355]]]}},{"type":"Feature","properties":{"jobs":4800,"pop":5450,"pointCount":15,"homeWorkCommuteMedian":6397,"workHomeCommuteMedian":6359},"geometry":{"type":"Polygon","coordinates":[[[59.53503398181378,36.3626922309166],[59.53503398181378,36.37168543455385],[59.54402718545103,36.37168543455385],[59.54402718545103,36.3626922309166],[59.53503398181378,36.3626922309166]]]}},{"type":"Feature","properties":{"jobs":10600,"pop":5300,"pointCount":20,"homeWorkCommuteMedian":7805,"workHomeCommuteMedian":7933},"geometry":{"type":"Polygon","coordinates":[[[59.53503398181378,36.37168543455385],[59.53503398181378,36.38067863819109],[59.54402718545103,36.38067863819109],[59.54402718545103,36.37168543455385],[59.53503398181378,36.37168543455385]]]}},{"type":"Feature","properties":{"jobs":1600,"pop":1500,"pointCount":8,"homeWorkCommuteMedian":10061,"workHomeCommuteMedian":8730},"geometry":{"type":"Polygon","coordinates":[[[59.53503398181378,36.38067863819109],[59.53503398181378,36.38967184182834],[59.54402718545103,36.38967184182834],[59.54402718545103,36.38067863819109],[59.53503398181378,36.38067863819109]]]}},{"type":"Feature","properties":{"jobs":1600,"pop":500,"pointCount":6,"homeWorkCommuteMedian":8220,"workHomeCommuteMedian":5819},"geometry":{"type":"Polygon","coordinates":[[[59.53503398181378,36.38967184182834],[59.53503398181378,36.398665045465584],[59.54402718545103,36.398665045465584],[59.54402718545103,36.38967184182834],[59.53503398181378,36.38967184182834]]]}},{"type":"Feature","properties":{"jobs":0,"pop":100,"pointCount":1,"homeWorkCommuteMedian":12959,"workHomeCommuteMedian":-1},"geometry":{"type":"Polygon","coordinates":[[[59.54402718545103,36.20081456544617],[59.54402718545103,36.20980776908342],[59.553020389088275,36.20980776908342],[59.553020389088275,36.20081456544617],[59.54402718545103,36.20081456544617]]]}},{"type":"Feature","properties":{"jobs":0,"pop":100,"pointCount":1,"homeWorkCommuteMedian":14910,"workHomeCommuteMedian":-1},"geometry":{"type":"Polygon","coordinates":[[[59.54402718545103,36.20980776908342],[59.54402718545103,36.218800972720665],[59.553020389088275,36.218800972720665],[59.553020389088275,36.20980776908342],[59.54402718545103,36.20980776908342]]]}},{"type":"Feature","properties":{"jobs":0,"pop":100,"pointCount":1,"homeWorkCommuteMedian":16165,"workHomeCommuteMedian":-1},"geometry":{"type":"Polygon","coordinates":[[[59.54402718545103,36.23678737999516],[59.54402718545103,36.2457805836324],[59.553020389088275,36.2457805836324],[59.553020389088275,36.23678737999516],[59.54402718545103,36.23678737999516]]]}},{"type":"Feature","properties":{"jobs":0,"pop":200,"pointCount":1,"homeWorkCommuteMedian":9523,"workHomeCommuteMedian":-1},"geometry":{"type":"Polygon","coordinates":[[[59.54402718545103,36.25477378726965],[59.54402718545103,36.263766990906895],[59.553020389088275,36.263766990906895],[59.553020389088275,36.25477378726965],[59.54402718545103,36.25477378726965]]]}},{"type":"Feature","properties":{"jobs":0,"pop":400,"pointCount":3,"homeWorkCommuteMedian":8060,"workHomeCommuteMedian":-1},"geometry":{"type":"Polygon","coordinates":[[[59.54402718545103,36.263766990906895],[59.54402718545103,36.27276019454414],[59.553020389088275,36.27276019454414],[59.553020389088275,36.263766990906895],[59.54402718545103,36.263766990906895]]]}},{"type":"Feature","properties":{"jobs":2150,"pop":3900,"pointCount":10,"homeWorkCommuteMedian":8223,"workHomeCommuteMedian":7700},"geometry":{"type":"Polygon","coordinates":[[[59.54402718545103,36.27276019454414],[59.54402718545103,36.28175339818139],[59.553020389088275,36.28175339818139],[59.553020389088275,36.27276019454414],[59.54402718545103,36.27276019454414]]]}},{"type":"Feature","properties":{"jobs":11450,"pop":5900,"pointCount":25,"homeWorkCommuteMedian":7756,"workHomeCommuteMedian":7496},"geometry":{"type":"Polygon","coordinates":[[[59.54402718545103,36.28175339818139],[59.54402718545103,36.29074660181863],[59.553020389088275,36.29074660181863],[59.553020389088275,36.28175339818139],[59.54402718545103,36.28175339818139]]]}},{"type":"Feature","properties":{"jobs":3450,"pop":2950,"pointCount":13,"homeWorkCommuteMedian":8223,"workHomeCommuteMedian":8386},"geometry":{"type":"Polygon","coordinates":[[[59.54402718545103,36.29074660181863],[59.54402718545103,36.29973980545588],[59.553020389088275,36.29973980545588],[59.553020389088275,36.29074660181863],[59.54402718545103,36.29074660181863]]]}},{"type":"Feature","properties":{"jobs":400,"pop":0,"pointCount":1,"homeWorkCommuteMedian":-1,"workHomeCommuteMedian":4759},"geometry":{"type":"Polygon","coordinates":[[[59.54402718545103,36.29973980545588],[59.54402718545103,36.308733009093125],[59.553020389088275,36.308733009093125],[59.553020389088275,36.29973980545588],[59.54402718545103,36.29973980545588]]]}},{"type":"Feature","properties":{"jobs":8000,"pop":4550,"pointCount":24,"homeWorkCommuteMedian":6206,"workHomeCommuteMedian":4857},"geometry":{"type":"Polygon","coordinates":[[[59.54402718545103,36.308733009093125],[59.54402718545103,36.31772621273037],[59.553020389088275,36.31772621273037],[59.553020389088275,36.308733009093125],[59.54402718545103,36.308733009093125]]]}},{"type":"Feature","properties":{"jobs":14850,"pop":3700,"pointCount":22,"homeWorkCommuteMedian":6549,"workHomeCommuteMedian":6079},"geometry":{"type":"Polygon","coordinates":[[[59.54402718545103,36.31772621273037],[59.54402718545103,36.32671941636762],[59.553020389088275,36.32671941636762],[59.553020389088275,36.31772621273037],[59.54402718545103,36.31772621273037]]]}},{"type":"Feature","properties":{"jobs":15200,"pop":10350,"pointCount":28,"homeWorkCommuteMedian":6135,"workHomeCommuteMedian":7200},"geometry":{"type":"Polygon","coordinates":[[[59.54402718545103,36.32671941636762],[59.54402718545103,36.33571262000486],[59.553020389088275,36.33571262000486],[59.553020389088275,36.32671941636762],[59.54402718545103,36.32671941636762]]]}},{"type":"Feature","properties":{"jobs":3100,"pop":4050,"pointCount":9,"homeWorkCommuteMedian":6907,"workHomeCommuteMedian":6580},"geometry":{"type":"Polygon","coordinates":[[[59.54402718545103,36.33571262000486],[59.54402718545103,36.34470582364211],[59.553020389088275,36.34470582364211],[59.553020389088275,36.33571262000486],[59.54402718545103,36.33571262000486]]]}},{"type":"Feature","properties":{"jobs":2600,"pop":2300,"pointCount":12,"homeWorkCommuteMedian":6801,"workHomeCommuteMedian":7633},"geometry":{"type":"Polygon","coordinates":[[[59.54402718545103,36.34470582364211],[59.54402718545103,36.353699027279355],[59.553020389088275,36.353699027279355],[59.553020389088275,36.34470582364211],[59.54402718545103,36.34470582364211]]]}},{"type":"Feature","properties":{"jobs":9000,"pop":7150,"pointCount":23,"homeWorkCommuteMedian":7182,"workHomeCommuteMedian":7245},"geometry":{"type":"Polygon","coordinates":[[[59.54402718545103,36.353699027279355],[59.54402718545103,36.3626922309166],[59.553020389088275,36.3626922309166],[59.553020389088275,36.353699027279355],[59.54402718545103,36.353699027279355]]]}},{"type":"Feature","properties":{"jobs":6800,"pop":4450,"pointCount":18,"homeWorkCommuteMedian":8947,"workHomeCommuteMedian":6580},"geometry":{"type":"Polygon","coordinates":[[[59.54402718545103,36.3626922309166],[59.54402718545103,36.37168543455385],[59.553020389088275,36.37168543455385],[59.553020389088275,36.3626922309166],[59.54402718545103,36.3626922309166]]]}},{"type":"Feature","properties":{"jobs":600,"pop":6250,"pointCount":15,"homeWorkCommuteMedian":8593,"workHomeCommuteMedian":8250},"geometry":{"type":"Polygon","coordinates":[[[59.54402718545103,36.37168543455385],[59.54402718545103,36.38067863819109],[59.553020389088275,36.38067863819109],[59.553020389088275,36.37168543455385],[59.54402718545103,36.37168543455385]]]}},{"type":"Feature","properties":{"jobs":600,"pop":2000,"pointCount":8,"homeWorkCommuteMedian":9408,"workHomeCommuteMedian":8405},"geometry":{"type":"Polygon","coordinates":[[[59.54402718545103,36.38067863819109],[59.54402718545103,36.38967184182834],[59.553020389088275,36.38967184182834],[59.553020389088275,36.38067863819109],[59.54402718545103,36.38067863819109]]]}},{"type":"Feature","properties":{"jobs":0,"pop":600,"pointCount":2,"homeWorkCommuteMedian":15307,"workHomeCommuteMedian":-1},"geometry":{"type":"Polygon","coordinates":[[[59.54402718545103,36.38967184182834],[59.54402718545103,36.398665045465584],[59.553020389088275,36.398665045465584],[59.553020389088275,36.38967184182834],[59.54402718545103,36.38967184182834]]]}},{"type":"Feature","properties":{"jobs":0,"pop":100,"pointCount":1,"homeWorkCommuteMedian":19843,"workHomeCommuteMedian":-1},"geometry":{"type":"Polygon","coordinates":[[[59.54402718545103,36.398665045465584],[59.54402718545103,36.40765824910283],[59.553020389088275,36.40765824910283],[59.553020389088275,36.398665045465584],[59.54402718545103,36.398665045465584]]]}},{"type":"Feature","properties":{"jobs":100,"pop":200,"pointCount":2,"homeWorkCommuteMedian":21215,"workHomeCommuteMedian":15647},"geometry":{"type":"Polygon","coordinates":[[[59.54402718545103,36.40765824910283],[59.54402718545103,36.416651452740076],[59.553020389088275,36.416651452740076],[59.553020389088275,36.40765824910283],[59.54402718545103,36.40765824910283]]]}},{"type":"Feature","properties":{"jobs":0,"pop":100,"pointCount":1,"homeWorkCommuteMedian":22300,"workHomeCommuteMedian":-1},"geometry":{"type":"Polygon","coordinates":[[[59.553020389088275,36.16484175089719],[59.553020389088275,36.173834954534435],[59.56201359272552,36.173834954534435],[59.56201359272552,36.16484175089719],[59.553020389088275,36.16484175089719]]]}},{"type":"Feature","properties":{"jobs":100,"pop":0,"pointCount":1,"homeWorkCommuteMedian":-1,"workHomeCommuteMedian":14419},"geometry":{"type":"Polygon","coordinates":[[[59.553020389088275,36.23678737999516],[59.553020389088275,36.2457805836324],[59.56201359272552,36.2457805836324],[59.56201359272552,36.23678737999516],[59.553020389088275,36.23678737999516]]]}},{"type":"Feature","properties":{"jobs":100,"pop":1150,"pointCount":6,"homeWorkCommuteMedian":12347,"workHomeCommuteMedian":4577},"geometry":{"type":"Polygon","coordinates":[[[59.553020389088275,36.263766990906895],[59.553020389088275,36.27276019454414],[59.56201359272552,36.27276019454414],[59.56201359272552,36.263766990906895],[59.553020389088275,36.263766990906895]]]}},{"type":"Feature","properties":{"jobs":100,"pop":400,"pointCount":3,"homeWorkCommuteMedian":8606,"workHomeCommuteMedian":9278},"geometry":{"type":"Polygon","coordinates":[[[59.553020389088275,36.27276019454414],[59.553020389088275,36.28175339818139],[59.56201359272552,36.28175339818139],[59.56201359272552,36.27276019454414],[59.553020389088275,36.27276019454414]]]}},{"type":"Feature","properties":{"jobs":2500,"pop":3350,"pointCount":15,"homeWorkCommuteMedian":7525,"workHomeCommuteMedian":6688},"geometry":{"type":"Polygon","coordinates":[[[59.553020389088275,36.28175339818139],[59.553020389088275,36.29074660181863],[59.56201359272552,36.29074660181863],[59.56201359272552,36.28175339818139],[59.553020389088275,36.28175339818139]]]}},{"type":"Feature","properties":{"jobs":400,"pop":200,"pointCount":2,"homeWorkCommuteMedian":6511,"workHomeCommuteMedian":6019},"geometry":{"type":"Polygon","coordinates":[[[59.553020389088275,36.29074660181863],[59.553020389088275,36.29973980545588],[59.56201359272552,36.29973980545588],[59.56201359272552,36.29074660181863],[59.553020389088275,36.29074660181863]]]}},{"type":"Feature","properties":{"jobs":1600,"pop":1800,"pointCount":10,"homeWorkCommuteMedian":6442,"workHomeCommuteMedian":4873},"geometry":{"type":"Polygon","coordinates":[[[59.553020389088275,36.29973980545588],[59.553020389088275,36.308733009093125],[59.56201359272552,36.308733009093125],[59.56201359272552,36.29973980545588],[59.553020389088275,36.29973980545588]]]}},{"type":"Feature","properties":{"jobs":3400,"pop":2400,"pointCount":17,"homeWorkCommuteMedian":5446,"workHomeCommuteMedian":4721},"geometry":{"type":"Polygon","coordinates":[[[59.553020389088275,36.308733009093125],[59.553020389088275,36.31772621273037],[59.56201359272552,36.31772621273037],[59.56201359272552,36.308733009093125],[59.553020389088275,36.308733009093125]]]}},{"type":"Feature","properties":{"jobs":6000,"pop":3100,"pointCount":17,"homeWorkCommuteMedian":5531,"workHomeCommuteMedian":5783},"geometry":{"type":"Polygon","coordinates":[[[59.553020389088275,36.31772621273037],[59.553020389088275,36.32671941636762],[59.56201359272552,36.32671941636762],[59.56201359272552,36.31772621273037],[59.553020389088275,36.31772621273037]]]}},{"type":"Feature","properties":{"jobs":2800,"pop":4600,"pointCount":15,"homeWorkCommuteMedian":6324,"workHomeCommuteMedian":6862},"geometry":{"type":"Polygon","coordinates":[[[59.553020389088275,36.32671941636762],[59.553020389088275,36.33571262000486],[59.56201359272552,36.33571262000486],[59.56201359272552,36.32671941636762],[59.553020389088275,36.32671941636762]]]}},{"type":"Feature","properties":{"jobs":2100,"pop":2650,"pointCount":7,"homeWorkCommuteMedian":6332,"workHomeCommuteMedian":6085},"geometry":{"type":"Polygon","coordinates":[[[59.553020389088275,36.33571262000486],[59.553020389088275,36.34470582364211],[59.56201359272552,36.34470582364211],[59.56201359272552,36.33571262000486],[59.553020389088275,36.33571262000486]]]}},{"type":"Feature","properties":{"jobs":500,"pop":2550,"pointCount":5,"homeWorkCommuteMedian":6338,"workHomeCommuteMedian":6735},"geometry":{"type":"Polygon","coordinates":[[[59.553020389088275,36.34470582364211],[59.553020389088275,36.353699027279355],[59.56201359272552,36.353699027279355],[59.56201359272552,36.34470582364211],[59.553020389088275,36.34470582364211]]]}},{"type":"Feature","properties":{"jobs":5750,"pop":3500,"pointCount":16,"homeWorkCommuteMedian":7860,"workHomeCommuteMedian":6939},"geometry":{"type":"Polygon","coordinates":[[[59.553020389088275,36.353699027279355],[59.553020389088275,36.3626922309166],[59.56201359272552,36.3626922309166],[59.56201359272552,36.353699027279355],[59.553020389088275,36.353699027279355]]]}},{"type":"Feature","properties":{"jobs":100,"pop":2900,"pointCount":9,"homeWorkCommuteMedian":7493,"workHomeCommuteMedian":11742},"geometry":{"type":"Polygon","coordinates":[[[59.553020389088275,36.3626922309166],[59.553020389088275,36.37168543455385],[59.56201359272552,36.37168543455385],[59.56201359272552,36.3626922309166],[59.553020389088275,36.3626922309166]]]}},{"type":"Feature","properties":{"jobs":0,"pop":200,"pointCount":2,"homeWorkCommuteMedian":11130,"workHomeCommuteMedian":-1},"geometry":{"type":"Polygon","coordinates":[[[59.553020389088275,36.37168543455385],[59.553020389088275,36.38067863819109],[59.56201359272552,36.38067863819109],[59.56201359272552,36.37168543455385],[59.553020389088275,36.37168543455385]]]}},{"type":"Feature","properties":{"jobs":0,"pop":600,"pointCount":5,"homeWorkCommuteMedian":14345,"workHomeCommuteMedian":-1},"geometry":{"type":"Polygon","coordinates":[[[59.553020389088275,36.38067863819109],[59.553020389088275,36.38967184182834],[59.56201359272552,36.38967184182834],[59.56201359272552,36.38067863819109],[59.553020389088275,36.38067863819109]]]}},{"type":"Feature","properties":{"jobs":0,"pop":750,"pointCount":3,"homeWorkCommuteMedian":10319,"workHomeCommuteMedian":-1},"geometry":{"type":"Polygon","coordinates":[[[59.553020389088275,36.38967184182834],[59.553020389088275,36.398665045465584],[59.56201359272552,36.398665045465584],[59.56201359272552,36.38967184182834],[59.553020389088275,36.38967184182834]]]}},{"type":"Feature","properties":{"jobs":200,"pop":900,"pointCount":6,"homeWorkCommuteMedian":11889,"workHomeCommuteMedian":14651},"geometry":{"type":"Polygon","coordinates":[[[59.553020389088275,36.398665045465584],[59.553020389088275,36.40765824910283],[59.56201359272552,36.40765824910283],[59.56201359272552,36.398665045465584],[59.553020389088275,36.398665045465584]]]}},{"type":"Feature","properties":{"jobs":100,"pop":0,"pointCount":1,"homeWorkCommuteMedian":-1,"workHomeCommuteMedian":22482},"geometry":{"type":"Polygon","coordinates":[[[59.553020389088275,36.40765824910283],[59.553020389088275,36.416651452740076],[59.56201359272552,36.416651452740076],[59.56201359272552,36.40765824910283],[59.553020389088275,36.40765824910283]]]}},{"type":"Feature","properties":{"jobs":0,"pop":100,"pointCount":1,"homeWorkCommuteMedian":16834,"workHomeCommuteMedian":-1},"geometry":{"type":"Polygon","coordinates":[[[59.56201359272552,36.15584854725994],[59.56201359272552,36.16484175089719],[59.57100679636277,36.16484175089719],[59.57100679636277,36.15584854725994],[59.56201359272552,36.15584854725994]]]}},{"type":"Feature","properties":{"jobs":0,"pop":400,"pointCount":3,"homeWorkCommuteMedian":4747,"workHomeCommuteMedian":-1},"geometry":{"type":"Polygon","coordinates":[[[59.56201359272552,36.263766990906895],[59.56201359272552,36.27276019454414],[59.57100679636277,36.27276019454414],[59.57100679636277,36.263766990906895],[59.56201359272552,36.263766990906895]]]}},{"type":"Feature","properties":{"jobs":1700,"pop":4850,"pointCount":16,"homeWorkCommuteMedian":6659,"workHomeCommuteMedian":5108},"geometry":{"type":"Polygon","coordinates":[[[59.56201359272552,36.27276019454414],[59.56201359272552,36.28175339818139],[59.57100679636277,36.28175339818139],[59.57100679636277,36.27276019454414],[59.56201359272552,36.27276019454414]]]}},{"type":"Feature","properties":{"jobs":7700,"pop":4900,"pointCount":32,"homeWorkCommuteMedian":5387,"workHomeCommuteMedian":4818},"geometry":{"type":"Polygon","coordinates":[[[59.56201359272552,36.28175339818139],[59.56201359272552,36.29074660181863],[59.57100679636277,36.29074660181863],[59.57100679636277,36.28175339818139],[59.56201359272552,36.28175339818139]]]}},{"type":"Feature","properties":{"jobs":3900,"pop":3650,"pointCount":17,"homeWorkCommuteMedian":5227,"workHomeCommuteMedian":5950},"geometry":{"type":"Polygon","coordinates":[[[59.56201359272552,36.29074660181863],[59.56201359272552,36.29973980545588],[59.57100679636277,36.29973980545588],[59.57100679636277,36.29074660181863],[59.56201359272552,36.29074660181863]]]}},{"type":"Feature","properties":{"jobs":3600,"pop":5700,"pointCount":27,"homeWorkCommuteMedian":5401,"workHomeCommuteMedian":7308},"geometry":{"type":"Polygon","coordinates":[[[59.56201359272552,36.29973980545588],[59.56201359272552,36.308733009093125],[59.57100679636277,36.308733009093125],[59.57100679636277,36.29973980545588],[59.56201359272552,36.29973980545588]]]}},{"type":"Feature","properties":{"jobs":4250,"pop":3750,"pointCount":25,"homeWorkCommuteMedian":5325,"workHomeCommuteMedian":5563},"geometry":{"type":"Polygon","coordinates":[[[59.56201359272552,36.308733009093125],[59.56201359272552,36.31772621273037],[59.57100679636277,36.31772621273037],[59.57100679636277,36.308733009093125],[59.56201359272552,36.308733009093125]]]}},{"type":"Feature","properties":{"jobs":5600,"pop":1950,"pointCount":14,"homeWorkCommuteMedian":5432,"workHomeCommuteMedian":5540},"geometry":{"type":"Polygon","coordinates":[[[59.56201359272552,36.31772621273037],[59.56201359272552,36.32671941636762],[59.57100679636277,36.32671941636762],[59.57100679636277,36.31772621273037],[59.56201359272552,36.31772621273037]]]}},{"type":"Feature","properties":{"jobs":6800,"pop":3300,"pointCount":15,"homeWorkCommuteMedian":6265,"workHomeCommuteMedian":6079},"geometry":{"type":"Polygon","coordinates":[[[59.56201359272552,36.32671941636762],[59.56201359272552,36.33571262000486],[59.57100679636277,36.33571262000486],[59.57100679636277,36.32671941636762],[59.56201359272552,36.32671941636762]]]}},{"type":"Feature","properties":{"jobs":1000,"pop":2200,"pointCount":7,"homeWorkCommuteMedian":6960,"workHomeCommuteMedian":5795},"geometry":{"type":"Polygon","coordinates":[[[59.56201359272552,36.33571262000486],[59.56201359272552,36.34470582364211],[59.57100679636277,36.34470582364211],[59.57100679636277,36.33571262000486],[59.56201359272552,36.33571262000486]]]}},{"type":"Feature","properties":{"jobs":3900,"pop":8400,"pointCount":20,"homeWorkCommuteMedian":6276,"workHomeCommuteMedian":6643},"geometry":{"type":"Polygon","coordinates":[[[59.56201359272552,36.34470582364211],[59.56201359272552,36.353699027279355],[59.57100679636277,36.353699027279355],[59.57100679636277,36.34470582364211],[59.56201359272552,36.34470582364211]]]}},{"type":"Feature","properties":{"jobs":1500,"pop":4800,"pointCount":16,"homeWorkCommuteMedian":7006,"workHomeCommuteMedian":6700},"geometry":{"type":"Polygon","coordinates":[[[59.56201359272552,36.353699027279355],[59.56201359272552,36.3626922309166],[59.57100679636277,36.3626922309166],[59.57100679636277,36.353699027279355],[59.56201359272552,36.353699027279355]]]}},{"type":"Feature","properties":{"jobs":100,"pop":0,"pointCount":1,"homeWorkCommuteMedian":-1,"workHomeCommuteMedian":2564},"geometry":{"type":"Polygon","coordinates":[[[59.56201359272552,36.3626922309166],[59.56201359272552,36.37168543455385],[59.57100679636277,36.37168543455385],[59.57100679636277,36.3626922309166],[59.56201359272552,36.3626922309166]]]}},{"type":"Feature","properties":{"jobs":200,"pop":100,"pointCount":2,"homeWorkCommuteMedian":19769,"workHomeCommuteMedian":19096},"geometry":{"type":"Polygon","coordinates":[[[59.56201359272552,36.37168543455385],[59.56201359272552,36.38067863819109],[59.57100679636277,36.38067863819109],[59.57100679636277,36.37168543455385],[59.56201359272552,36.37168543455385]]]}},{"type":"Feature","properties":{"jobs":0,"pop":1700,"pointCount":7,"homeWorkCommuteMedian":7080,"workHomeCommuteMedian":-1},"geometry":{"type":"Polygon","coordinates":[[[59.56201359272552,36.38067863819109],[59.56201359272552,36.38967184182834],[59.57100679636277,36.38967184182834],[59.57100679636277,36.38067863819109],[59.56201359272552,36.38067863819109]]]}},{"type":"Feature","properties":{"jobs":500,"pop":3800,"pointCount":13,"homeWorkCommuteMedian":11673,"workHomeCommuteMedian":7669},"geometry":{"type":"Polygon","coordinates":[[[59.56201359272552,36.38967184182834],[59.56201359272552,36.398665045465584],[59.57100679636277,36.398665045465584],[59.57100679636277,36.38967184182834],[59.56201359272552,36.38967184182834]]]}},{"type":"Feature","properties":{"jobs":0,"pop":100,"pointCount":1,"homeWorkCommuteMedian":9699,"workHomeCommuteMedian":-1},"geometry":{"type":"Polygon","coordinates":[[[59.56201359272552,36.398665045465584],[59.56201359272552,36.40765824910283],[59.57100679636277,36.40765824910283],[59.57100679636277,36.398665045465584],[59.56201359272552,36.398665045465584]]]}},{"type":"Feature","properties":{"jobs":100,"pop":100,"pointCount":1,"homeWorkCommuteMedian":9401,"workHomeCommuteMedian":13506},"geometry":{"type":"Polygon","coordinates":[[[59.57100679636277,36.218800972720665],[59.57100679636277,36.22779417635791],[59.58000000000001,36.22779417635791],[59.58000000000001,36.218800972720665],[59.57100679636277,36.218800972720665]]]}},{"type":"Feature","properties":{"jobs":1600,"pop":1700,"pointCount":7,"homeWorkCommuteMedian":4045,"workHomeCommuteMedian":5882},"geometry":{"type":"Polygon","coordinates":[[[59.57100679636277,36.263766990906895],[59.57100679636277,36.27276019454414],[59.58000000000001,36.27276019454414],[59.58000000000001,36.263766990906895],[59.57100679636277,36.263766990906895]]]}},{"type":"Feature","properties":{"jobs":2200,"pop":5650,"pointCount":13,"homeWorkCommuteMedian":4878,"workHomeCommuteMedian":3832},"geometry":{"type":"Polygon","coordinates":[[[59.57100679636277,36.27276019454414],[59.57100679636277,36.28175339818139],[59.58000000000001,36.28175339818139],[59.58000000000001,36.27276019454414],[59.57100679636277,36.27276019454414]]]}},{"type":"Feature","properties":{"jobs":2600,"pop":5900,"pointCount":26,"homeWorkCommuteMedian":5374,"workHomeCommuteMedian":4474},"geometry":{"type":"Polygon","coordinates":[[[59.57100679636277,36.28175339818139],[59.57100679636277,36.29074660181863],[59.58000000000001,36.29074660181863],[59.58000000000001,36.28175339818139],[59.57100679636277,36.28175339818139]]]}},{"type":"Feature","properties":{"jobs":4000,"pop":5400,"pointCount":21,"homeWorkCommuteMedian":5799,"workHomeCommuteMedian":6549},"geometry":{"type":"Polygon","coordinates":[[[59.57100679636277,36.29074660181863],[59.57100679636277,36.29973980545588],[59.58000000000001,36.29973980545588],[59.58000000000001,36.29074660181863],[59.57100679636277,36.29074660181863]]]}},{"type":"Feature","properties":{"jobs":1900,"pop":6150,"pointCount":26,"homeWorkCommuteMedian":4340,"workHomeCommuteMedian":5385},"geometry":{"type":"Polygon","coordinates":[[[59.57100679636277,36.29973980545588],[59.57100679636277,36.308733009093125],[59.58000000000001,36.308733009093125],[59.58000000000001,36.29973980545588],[59.57100679636277,36.29973980545588]]]}},{"type":"Feature","properties":{"jobs":1100,"pop":5050,"pointCount":20,"homeWorkCommuteMedian":4245,"workHomeCommuteMedian":5480},"geometry":{"type":"Polygon","coordinates":[[[59.57100679636277,36.308733009093125],[59.57100679636277,36.31772621273037],[59.58000000000001,36.31772621273037],[59.58000000000001,36.308733009093125],[59.57100679636277,36.308733009093125]]]}},{"type":"Feature","properties":{"jobs":1900,"pop":1000,"pointCount":9,"homeWorkCommuteMedian":5962,"workHomeCommuteMedian":6495},"geometry":{"type":"Polygon","coordinates":[[[59.57100679636277,36.31772621273037],[59.57100679636277,36.32671941636762],[59.58000000000001,36.32671941636762],[59.58000000000001,36.31772621273037],[59.57100679636277,36.31772621273037]]]}},{"type":"Feature","properties":{"jobs":700,"pop":2650,"pointCount":9,"homeWorkCommuteMedian":5146,"workHomeCommuteMedian":5058},"geometry":{"type":"Polygon","coordinates":[[[59.57100679636277,36.32671941636762],[59.57100679636277,36.33571262000486],[59.58000000000001,36.33571262000486],[59.58000000000001,36.32671941636762],[59.57100679636277,36.32671941636762]]]}},{"type":"Feature","properties":{"jobs":3300,"pop":5650,"pointCount":16,"homeWorkCommuteMedian":5517,"workHomeCommuteMedian":7112},"geometry":{"type":"Polygon","coordinates":[[[59.57100679636277,36.33571262000486],[59.57100679636277,36.34470582364211],[59.58000000000001,36.34470582364211],[59.58000000000001,36.33571262000486],[59.57100679636277,36.33571262000486]]]}},{"type":"Feature","properties":{"jobs":4300,"pop":5100,"pointCount":23,"homeWorkCommuteMedian":6626,"workHomeCommuteMedian":5728},"geometry":{"type":"Polygon","coordinates":[[[59.57100679636277,36.34470582364211],[59.57100679636277,36.353699027279355],[59.58000000000001,36.353699027279355],[59.58000000000001,36.34470582364211],[59.57100679636277,36.34470582364211]]]}},{"type":"Feature","properties":{"jobs":3900,"pop":2800,"pointCount":16,"homeWorkCommuteMedian":6521,"workHomeCommuteMedian":6931},"geometry":{"type":"Polygon","coordinates":[[[59.57100679636277,36.353699027279355],[59.57100679636277,36.3626922309166],[59.58000000000001,36.3626922309166],[59.58000000000001,36.353699027279355],[59.57100679636277,36.353699027279355]]]}},{"type":"Feature","properties":{"jobs":3800,"pop":4050,"pointCount":15,"homeWorkCommuteMedian":7912,"workHomeCommuteMedian":8059},"geometry":{"type":"Polygon","coordinates":[[[59.57100679636277,36.3626922309166],[59.57100679636277,36.37168543455385],[59.58000000000001,36.37168543455385],[59.58000000000001,36.3626922309166],[59.57100679636277,36.3626922309166]]]}},{"type":"Feature","properties":{"jobs":0,"pop":1500,"pointCount":6,"homeWorkCommuteMedian":9189,"workHomeCommuteMedian":-1},"geometry":{"type":"Polygon","coordinates":[[[59.57100679636277,36.37168543455385],[59.57100679636277,36.38067863819109],[59.58000000000001,36.38067863819109],[59.58000000000001,36.37168543455385],[59.57100679636277,36.37168543455385]]]}},{"type":"Feature","properties":{"jobs":0,"pop":500,"pointCount":4,"homeWorkCommuteMedian":10286,"workHomeCommuteMedian":-1},"geometry":{"type":"Polygon","coordinates":[[[59.57100679636277,36.38967184182834],[59.57100679636277,36.398665045465584],[59.58000000000001,36.398665045465584],[59.58000000000001,36.38967184182834],[59.57100679636277,36.38967184182834]]]}},{"type":"Feature","properties":{"jobs":100,"pop":100,"pointCount":1,"homeWorkCommuteMedian":16440,"workHomeCommuteMedian":11286},"geometry":{"type":"Polygon","coordinates":[[[59.57100679636277,36.40765824910283],[59.57100679636277,36.416651452740076],[59.58000000000001,36.416651452740076],[59.58000000000001,36.40765824910283],[59.57100679636277,36.40765824910283]]]}},{"type":"Feature","properties":{"jobs":0,"pop":100,"pointCount":1,"homeWorkCommuteMedian":11459,"workHomeCommuteMedian":-1},"geometry":{"type":"Polygon","coordinates":[[[59.58000000000001,36.20081456544617],[59.58000000000001,36.20980776908342],[59.58899320363726,36.20980776908342],[59.58899320363726,36.20081456544617],[59.58000000000001,36.20081456544617]]]}},{"type":"Feature","properties":{"jobs":0,"pop":400,"pointCount":2,"homeWorkCommuteMedian":5746,"workHomeCommuteMedian":-1},"geometry":{"type":"Polygon","coordinates":[[[59.58000000000001,36.23678737999516],[59.58000000000001,36.2457805836324],[59.58899320363726,36.2457805836324],[59.58899320363726,36.23678737999516],[59.58000000000001,36.23678737999516]]]}},{"type":"Feature","properties":{"jobs":0,"pop":100,"pointCount":1,"homeWorkCommuteMedian":18171,"workHomeCommuteMedian":-1},"geometry":{"type":"Polygon","coordinates":[[[59.58000000000001,36.25477378726965],[59.58000000000001,36.263766990906895],[59.58899320363726,36.263766990906895],[59.58899320363726,36.25477378726965],[59.58000000000001,36.25477378726965]]]}},{"type":"Feature","properties":{"jobs":3900,"pop":3700,"pointCount":16,"homeWorkCommuteMedian":8663,"workHomeCommuteMedian":3047},"geometry":{"type":"Polygon","coordinates":[[[59.58000000000001,36.263766990906895],[59.58000000000001,36.27276019454414],[59.58899320363726,36.27276019454414],[59.58899320363726,36.263766990906895],[59.58000000000001,36.263766990906895]]]}},{"type":"Feature","properties":{"jobs":200,"pop":1200,"pointCount":3,"homeWorkCommuteMedian":6022,"workHomeCommuteMedian":4678},"geometry":{"type":"Polygon","coordinates":[[[59.58000000000001,36.27276019454414],[59.58000000000001,36.28175339818139],[59.58899320363726,36.28175339818139],[59.58899320363726,36.27276019454414],[59.58000000000001,36.27276019454414]]]}},{"type":"Feature","properties":{"jobs":1300,"pop":2900,"pointCount":12,"homeWorkCommuteMedian":5682,"workHomeCommuteMedian":3665},"geometry":{"type":"Polygon","coordinates":[[[59.58000000000001,36.28175339818139],[59.58000000000001,36.29074660181863],[59.58899320363726,36.29074660181863],[59.58899320363726,36.28175339818139],[59.58000000000001,36.28175339818139]]]}},{"type":"Feature","properties":{"jobs":2600,"pop":2300,"pointCount":15,"homeWorkCommuteMedian":5282,"workHomeCommuteMedian":5558},"geometry":{"type":"Polygon","coordinates":[[[59.58000000000001,36.29074660181863],[59.58000000000001,36.29973980545588],[59.58899320363726,36.29973980545588],[59.58899320363726,36.29074660181863],[59.58000000000001,36.29074660181863]]]}},{"type":"Feature","properties":{"jobs":2200,"pop":3900,"pointCount":18,"homeWorkCommuteMedian":4668,"workHomeCommuteMedian":5263},"geometry":{"type":"Polygon","coordinates":[[[59.58000000000001,36.29973980545588],[59.58000000000001,36.308733009093125],[59.58899320363726,36.308733009093125],[59.58899320363726,36.29973980545588],[59.58000000000001,36.29973980545588]]]}},{"type":"Feature","properties":{"jobs":4100,"pop":4750,"pointCount":21,"homeWorkCommuteMedian":5144,"workHomeCommuteMedian":5622},"geometry":{"type":"Polygon","coordinates":[[[59.58000000000001,36.308733009093125],[59.58000000000001,36.31772621273037],[59.58899320363726,36.31772621273037],[59.58899320363726,36.308733009093125],[59.58000000000001,36.308733009093125]]]}},{"type":"Feature","properties":{"jobs":9850,"pop":3150,"pointCount":12,"homeWorkCommuteMedian":5681,"workHomeCommuteMedian":6880},"geometry":{"type":"Polygon","coordinates":[[[59.58000000000001,36.31772621273037],[59.58000000000001,36.32671941636762],[59.58899320363726,36.32671941636762],[59.58899320363726,36.31772621273037],[59.58000000000001,36.31772621273037]]]}},{"type":"Feature","properties":{"jobs":5500,"pop":6150,"pointCount":17,"homeWorkCommuteMedian":4921,"workHomeCommuteMedian":6415},"geometry":{"type":"Polygon","coordinates":[[[59.58000000000001,36.32671941636762],[59.58000000000001,36.33571262000486],[59.58899320363726,36.33571262000486],[59.58899320363726,36.32671941636762],[59.58000000000001,36.32671941636762]]]}},{"type":"Feature","properties":{"jobs":32050,"pop":5200,"pointCount":15,"homeWorkCommuteMedian":5137,"workHomeCommuteMedian":6232},"geometry":{"type":"Polygon","coordinates":[[[59.58000000000001,36.33571262000486],[59.58000000000001,36.34470582364211],[59.58899320363726,36.34470582364211],[59.58899320363726,36.33571262000486],[59.58000000000001,36.33571262000486]]]}},{"type":"Feature","properties":{"jobs":1800,"pop":3000,"pointCount":11,"homeWorkCommuteMedian":7188,"workHomeCommuteMedian":6781},"geometry":{"type":"Polygon","coordinates":[[[59.58000000000001,36.34470582364211],[59.58000000000001,36.353699027279355],[59.58899320363726,36.353699027279355],[59.58899320363726,36.34470582364211],[59.58000000000001,36.34470582364211]]]}},{"type":"Feature","properties":{"jobs":3600,"pop":3100,"pointCount":11,"homeWorkCommuteMedian":6881,"workHomeCommuteMedian":7008},"geometry":{"type":"Polygon","coordinates":[[[59.58000000000001,36.353699027279355],[59.58000000000001,36.3626922309166],[59.58899320363726,36.3626922309166],[59.58899320363726,36.353699027279355],[59.58000000000001,36.353699027279355]]]}},{"type":"Feature","properties":{"jobs":0,"pop":400,"pointCount":2,"homeWorkCommuteMedian":10101,"workHomeCommuteMedian":-1},"geometry":{"type":"Polygon","coordinates":[[[59.58000000000001,36.3626922309166],[59.58000000000001,36.37168543455385],[59.58899320363726,36.37168543455385],[59.58899320363726,36.3626922309166],[59.58000000000001,36.3626922309166]]]}},{"type":"Feature","properties":{"jobs":0,"pop":300,"pointCount":2,"homeWorkCommuteMedian":9482,"workHomeCommuteMedian":-1},"geometry":{"type":"Polygon","coordinates":[[[59.58000000000001,36.37168543455385],[59.58000000000001,36.38067863819109],[59.58899320363726,36.38067863819109],[59.58899320363726,36.37168543455385],[59.58000000000001,36.37168543455385]]]}},{"type":"Feature","properties":{"jobs":0,"pop":100,"pointCount":1,"homeWorkCommuteMedian":10674,"workHomeCommuteMedian":-1},"geometry":{"type":"Polygon","coordinates":[[[59.58000000000001,36.38967184182834],[59.58000000000001,36.398665045465584],[59.58899320363726,36.398665045465584],[59.58899320363726,36.38967184182834],[59.58000000000001,36.38967184182834]]]}},{"type":"Feature","properties":{"jobs":0,"pop":100,"pointCount":1,"homeWorkCommuteMedian":3462,"workHomeCommuteMedian":-1},"geometry":{"type":"Polygon","coordinates":[[[59.58000000000001,36.398665045465584],[59.58000000000001,36.40765824910283],[59.58899320363726,36.40765824910283],[59.58899320363726,36.398665045465584],[59.58000000000001,36.398665045465584]]]}},{"type":"Feature","properties":{"jobs":100,"pop":0,"pointCount":1,"homeWorkCommuteMedian":-1,"workHomeCommuteMedian":5687},"geometry":{"type":"Polygon","coordinates":[[[59.58000000000001,36.40765824910283],[59.58000000000001,36.416651452740076],[59.58899320363726,36.416651452740076],[59.58899320363726,36.40765824910283],[59.58000000000001,36.40765824910283]]]}},{"type":"Feature","properties":{"jobs":0,"pop":200,"pointCount":2,"homeWorkCommuteMedian":13744,"workHomeCommuteMedian":-1},"geometry":{"type":"Polygon","coordinates":[[[59.58899320363726,36.16484175089719],[59.58899320363726,36.173834954534435],[59.597986407274504,36.173834954534435],[59.597986407274504,36.16484175089719],[59.58899320363726,36.16484175089719]]]}},{"type":"Feature","properties":{"jobs":0,"pop":100,"pointCount":1,"homeWorkCommuteMedian":9625,"workHomeCommuteMedian":-1},"geometry":{"type":"Polygon","coordinates":[[[59.58899320363726,36.18282815817168],[59.58899320363726,36.19182136180893],[59.597986407274504,36.19182136180893],[59.597986407274504,36.18282815817168],[59.58899320363726,36.18282815817168]]]}},{"type":"Feature","properties":{"jobs":1100,"pop":800,"pointCount":8,"homeWorkCommuteMedian":6837,"workHomeCommuteMedian":6074},"geometry":{"type":"Polygon","coordinates":[[[59.58899320363726,36.22779417635791],[59.58899320363726,36.23678737999516],[59.597986407274504,36.23678737999516],[59.597986407274504,36.22779417635791],[59.58899320363726,36.22779417635791]]]}},{"type":"Feature","properties":{"jobs":1000,"pop":4800,"pointCount":19,"homeWorkCommuteMedian":5683,"workHomeCommuteMedian":7968},"geometry":{"type":"Polygon","coordinates":[[[59.58899320363726,36.23678737999516],[59.58899320363726,36.2457805836324],[59.597986407274504,36.2457805836324],[59.597986407274504,36.23678737999516],[59.58899320363726,36.23678737999516]]]}},{"type":"Feature","properties":{"jobs":4200,"pop":2700,"pointCount":15,"homeWorkCommuteMedian":5100,"workHomeCommuteMedian":5145},"geometry":{"type":"Polygon","coordinates":[[[59.58899320363726,36.2457805836324],[59.58899320363726,36.25477378726965],[59.597986407274504,36.25477378726965],[59.597986407274504,36.2457805836324],[59.58899320363726,36.2457805836324]]]}},{"type":"Feature","properties":{"jobs":3700,"pop":3550,"pointCount":19,"homeWorkCommuteMedian":9113,"workHomeCommuteMedian":5484},"geometry":{"type":"Polygon","coordinates":[[[59.58899320363726,36.25477378726965],[59.58899320363726,36.263766990906895],[59.597986407274504,36.263766990906895],[59.597986407274504,36.25477378726965],[59.58899320363726,36.25477378726965]]]}},{"type":"Feature","properties":{"jobs":4400,"pop":10100,"pointCount":34,"homeWorkCommuteMedian":4317,"workHomeCommuteMedian":5077},"geometry":{"type":"Polygon","coordinates":[[[59.58899320363726,36.263766990906895],[59.58899320363726,36.27276019454414],[59.597986407274504,36.27276019454414],[59.597986407274504,36.263766990906895],[59.58899320363726,36.263766990906895]]]}},{"type":"Feature","properties":{"jobs":5200,"pop":7300,"pointCount":27,"homeWorkCommuteMedian":3994,"workHomeCommuteMedian":3032},"geometry":{"type":"Polygon","coordinates":[[[59.58899320363726,36.27276019454414],[59.58899320363726,36.28175339818139],[59.597986407274504,36.28175339818139],[59.597986407274504,36.27276019454414],[59.58899320363726,36.27276019454414]]]}},{"type":"Feature","properties":{"jobs":10600,"pop":8000,"pointCount":38,"homeWorkCommuteMedian":4535,"workHomeCommuteMedian":3639},"geometry":{"type":"Polygon","coordinates":[[[59.58899320363726,36.28175339818139],[59.58899320363726,36.29074660181863],[59.597986407274504,36.29074660181863],[59.597986407274504,36.28175339818139],[59.58899320363726,36.28175339818139]]]}},{"type":"Feature","properties":{"jobs":5900,"pop":6900,"pointCount":30,"homeWorkCommuteMedian":5274,"workHomeCommuteMedian":5736},"geometry":{"type":"Polygon","coordinates":[[[59.58899320363726,36.29074660181863],[59.58899320363726,36.29973980545588],[59.597986407274504,36.29973980545588],[59.597986407274504,36.29074660181863],[59.58899320363726,36.29074660181863]]]}},{"type":"Feature","properties":{"jobs":6800,"pop":7050,"pointCount":31,"homeWorkCommuteMedian":5109,"workHomeCommuteMedian":5488},"geometry":{"type":"Polygon","coordinates":[[[59.58899320363726,36.29973980545588],[59.58899320363726,36.308733009093125],[59.597986407274504,36.308733009093125],[59.597986407274504,36.29973980545588],[59.58899320363726,36.29973980545588]]]}},{"type":"Feature","properties":{"jobs":11900,"pop":9450,"pointCount":29,"homeWorkCommuteMedian":5876,"workHomeCommuteMedian":6155},"geometry":{"type":"Polygon","coordinates":[[[59.58899320363726,36.308733009093125],[59.58899320363726,36.31772621273037],[59.597986407274504,36.31772621273037],[59.597986407274504,36.308733009093125],[59.58899320363726,36.308733009093125]]]}},{"type":"Feature","properties":{"jobs":7600,"pop":6800,"pointCount":21,"homeWorkCommuteMedian":6125,"workHomeCommuteMedian":6635},"geometry":{"type":"Polygon","coordinates":[[[59.58899320363726,36.31772621273037],[59.58899320363726,36.32671941636762],[59.597986407274504,36.32671941636762],[59.597986407274504,36.31772621273037],[59.58899320363726,36.31772621273037]]]}},{"type":"Feature","properties":{"jobs":7600,"pop":9200,"pointCount":25,"homeWorkCommuteMedian":5718,"workHomeCommuteMedian":8300},"geometry":{"type":"Polygon","coordinates":[[[59.58899320363726,36.32671941636762],[59.58899320363726,36.33571262000486],[59.597986407274504,36.33571262000486],[59.597986407274504,36.32671941636762],[59.58899320363726,36.32671941636762]]]}},{"type":"Feature","properties":{"jobs":4800,"pop":3100,"pointCount":15,"homeWorkCommuteMedian":5661,"workHomeCommuteMedian":6934},"geometry":{"type":"Polygon","coordinates":[[[59.58899320363726,36.33571262000486],[59.58899320363726,36.34470582364211],[59.597986407274504,36.34470582364211],[59.597986407274504,36.33571262000486],[59.58899320363726,36.33571262000486]]]}},{"type":"Feature","properties":{"jobs":8400,"pop":600,"pointCount":12,"homeWorkCommuteMedian":6700,"workHomeCommuteMedian":6678},"geometry":{"type":"Polygon","coordinates":[[[59.58899320363726,36.34470582364211],[59.58899320363726,36.353699027279355],[59.597986407274504,36.353699027279355],[59.597986407274504,36.34470582364211],[59.58899320363726,36.34470582364211]]]}},{"type":"Feature","properties":{"jobs":1800,"pop":4250,"pointCount":15,"homeWorkCommuteMedian":7062,"workHomeCommuteMedian":7908},"geometry":{"type":"Polygon","coordinates":[[[59.58899320363726,36.353699027279355],[59.58899320363726,36.3626922309166],[59.597986407274504,36.3626922309166],[59.597986407274504,36.353699027279355],[59.58899320363726,36.353699027279355]]]}},{"type":"Feature","properties":{"jobs":600,"pop":900,"pointCount":4,"homeWorkCommuteMedian":6907,"workHomeCommuteMedian":6979},"geometry":{"type":"Polygon","coordinates":[[[59.58899320363726,36.3626922309166],[59.58899320363726,36.37168543455385],[59.597986407274504,36.37168543455385],[59.597986407274504,36.3626922309166],[59.58899320363726,36.3626922309166]]]}},{"type":"Feature","properties":{"jobs":400,"pop":2900,"pointCount":15,"homeWorkCommuteMedian":9706,"workHomeCommuteMedian":7663},"geometry":{"type":"Polygon","coordinates":[[[59.58899320363726,36.37168543455385],[59.58899320363726,36.38067863819109],[59.597986407274504,36.38067863819109],[59.597986407274504,36.37168543455385],[59.58899320363726,36.37168543455385]]]}},{"type":"Feature","properties":{"jobs":3400,"pop":2000,"pointCount":13,"homeWorkCommuteMedian":11327,"workHomeCommuteMedian":10306},"geometry":{"type":"Polygon","coordinates":[[[59.58899320363726,36.38967184182834],[59.58899320363726,36.398665045465584],[59.597986407274504,36.398665045465584],[59.597986407274504,36.38967184182834],[59.58899320363726,36.38967184182834]]]}},{"type":"Feature","properties":{"jobs":0,"pop":400,"pointCount":3,"homeWorkCommuteMedian":12744,"workHomeCommuteMedian":-1},"geometry":{"type":"Polygon","coordinates":[[[59.58899320363726,36.398665045465584],[59.58899320363726,36.40765824910283],[59.597986407274504,36.40765824910283],[59.597986407274504,36.398665045465584],[59.58899320363726,36.398665045465584]]]}},{"type":"Feature","properties":{"jobs":0,"pop":200,"pointCount":2,"homeWorkCommuteMedian":11572,"workHomeCommuteMedian":-1},"geometry":{"type":"Polygon","coordinates":[[[59.58899320363726,36.40765824910283],[59.58899320363726,36.416651452740076],[59.597986407274504,36.416651452740076],[59.597986407274504,36.40765824910283],[59.58899320363726,36.40765824910283]]]}},{"type":"Feature","properties":{"jobs":0,"pop":500,"pointCount":3,"homeWorkCommuteMedian":15464,"workHomeCommuteMedian":-1},"geometry":{"type":"Polygon","coordinates":[[[59.597986407274504,36.16484175089719],[59.597986407274504,36.173834954534435],[59.60697961091175,36.173834954534435],[59.60697961091175,36.16484175089719],[59.597986407274504,36.16484175089719]]]}},{"type":"Feature","properties":{"jobs":0,"pop":950,"pointCount":3,"homeWorkCommuteMedian":13054,"workHomeCommuteMedian":-1},"geometry":{"type":"Polygon","coordinates":[[[59.597986407274504,36.173834954534435],[59.597986407274504,36.18282815817168],[59.60697961091175,36.18282815817168],[59.60697961091175,36.173834954534435],[59.597986407274504,36.173834954534435]]]}},{"type":"Feature","properties":{"jobs":0,"pop":100,"pointCount":1,"homeWorkCommuteMedian":14117,"workHomeCommuteMedian":-1},"geometry":{"type":"Polygon","coordinates":[[[59.597986407274504,36.18282815817168],[59.597986407274504,36.19182136180893],[59.60697961091175,36.19182136180893],[59.60697961091175,36.18282815817168],[59.597986407274504,36.18282815817168]]]}},{"type":"Feature","properties":{"jobs":0,"pop":100,"pointCount":1,"homeWorkCommuteMedian":11972,"workHomeCommuteMedian":-1},"geometry":{"type":"Polygon","coordinates":[[[59.597986407274504,36.19182136180893],[59.597986407274504,36.20081456544617],[59.60697961091175,36.20081456544617],[59.60697961091175,36.19182136180893],[59.597986407274504,36.19182136180893]]]}},{"type":"Feature","properties":{"jobs":2400,"pop":4900,"pointCount":15,"homeWorkCommuteMedian":5629,"workHomeCommuteMedian":5764},"geometry":{"type":"Polygon","coordinates":[[[59.597986407274504,36.23678737999516],[59.597986407274504,36.2457805836324],[59.60697961091175,36.2457805836324],[59.60697961091175,36.23678737999516],[59.597986407274504,36.23678737999516]]]}},{"type":"Feature","properties":{"jobs":1900,"pop":4300,"pointCount":13,"homeWorkCommuteMedian":6513,"workHomeCommuteMedian":5190},"geometry":{"type":"Polygon","coordinates":[[[59.597986407274504,36.2457805836324],[59.597986407274504,36.25477378726965],[59.60697961091175,36.25477378726965],[59.60697961091175,36.2457805836324],[59.597986407274504,36.2457805836324]]]}},{"type":"Feature","properties":{"jobs":9500,"pop":4700,"pointCount":20,"homeWorkCommuteMedian":6450,"workHomeCommuteMedian":9368},"geometry":{"type":"Polygon","coordinates":[[[59.597986407274504,36.25477378726965],[59.597986407274504,36.263766990906895],[59.60697961091175,36.263766990906895],[59.60697961091175,36.25477378726965],[59.597986407274504,36.25477378726965]]]}},{"type":"Feature","properties":{"jobs":9900,"pop":6050,"pointCount":25,"homeWorkCommuteMedian":6834,"workHomeCommuteMedian":7611},"geometry":{"type":"Polygon","coordinates":[[[59.597986407274504,36.263766990906895],[59.597986407274504,36.27276019454414],[59.60697961091175,36.27276019454414],[59.60697961091175,36.263766990906895],[59.597986407274504,36.263766990906895]]]}},{"type":"Feature","properties":{"jobs":4500,"pop":4950,"pointCount":16,"homeWorkCommuteMedian":5064,"workHomeCommuteMedian":6093},"geometry":{"type":"Polygon","coordinates":[[[59.597986407274504,36.27276019454414],[59.597986407274504,36.28175339818139],[59.60697961091175,36.28175339818139],[59.60697961091175,36.27276019454414],[59.597986407274504,36.27276019454414]]]}},{"type":"Feature","properties":{"jobs":3800,"pop":8000,"pointCount":21,"homeWorkCommuteMedian":4919,"workHomeCommuteMedian":4356},"geometry":{"type":"Polygon","coordinates":[[[59.597986407274504,36.28175339818139],[59.597986407274504,36.29074660181863],[59.60697961091175,36.29074660181863],[59.60697961091175,36.28175339818139],[59.597986407274504,36.28175339818139]]]}},{"type":"Feature","properties":{"jobs":3900,"pop":3800,"pointCount":17,"homeWorkCommuteMedian":4350,"workHomeCommuteMedian":5879},"geometry":{"type":"Polygon","coordinates":[[[59.597986407274504,36.29074660181863],[59.597986407274504,36.29973980545588],[59.60697961091175,36.29973980545588],[59.60697961091175,36.29074660181863],[59.597986407274504,36.29074660181863]]]}},{"type":"Feature","properties":{"jobs":5700,"pop":8400,"pointCount":22,"homeWorkCommuteMedian":5517,"workHomeCommuteMedian":6442},"geometry":{"type":"Polygon","coordinates":[[[59.597986407274504,36.29973980545588],[59.597986407274504,36.308733009093125],[59.60697961091175,36.308733009093125],[59.60697961091175,36.29973980545588],[59.597986407274504,36.29973980545588]]]}},{"type":"Feature","properties":{"jobs":4200,"pop":9250,"pointCount":17,"homeWorkCommuteMedian":6204,"workHomeCommuteMedian":7824},"geometry":{"type":"Polygon","coordinates":[[[59.597986407274504,36.308733009093125],[59.597986407274504,36.31772621273037],[59.60697961091175,36.31772621273037],[59.60697961091175,36.308733009093125],[59.597986407274504,36.308733009093125]]]}},{"type":"Feature","properties":{"jobs":1500,"pop":9400,"pointCount":12,"homeWorkCommuteMedian":6088,"workHomeCommuteMedian":8234},"geometry":{"type":"Polygon","coordinates":[[[59.597986407274504,36.31772621273037],[59.597986407274504,36.32671941636762],[59.60697961091175,36.32671941636762],[59.60697961091175,36.31772621273037],[59.597986407274504,36.31772621273037]]]}},{"type":"Feature","properties":{"jobs":3600,"pop":5450,"pointCount":18,"homeWorkCommuteMedian":5794,"workHomeCommuteMedian":7620},"geometry":{"type":"Polygon","coordinates":[[[59.597986407274504,36.32671941636762],[59.597986407274504,36.33571262000486],[59.60697961091175,36.33571262000486],[59.60697961091175,36.32671941636762],[59.597986407274504,36.32671941636762]]]}},{"type":"Feature","properties":{"jobs":300,"pop":2350,"pointCount":8,"homeWorkCommuteMedian":6433,"workHomeCommuteMedian":7419},"geometry":{"type":"Polygon","coordinates":[[[59.597986407274504,36.33571262000486],[59.597986407274504,36.34470582364211],[59.60697961091175,36.34470582364211],[59.60697961091175,36.33571262000486],[59.597986407274504,36.33571262000486]]]}},{"type":"Feature","properties":{"jobs":1600,"pop":1700,"pointCount":12,"homeWorkCommuteMedian":6300,"workHomeCommuteMedian":5944},"geometry":{"type":"Polygon","coordinates":[[[59.597986407274504,36.34470582364211],[59.597986407274504,36.353699027279355],[59.60697961091175,36.353699027279355],[59.60697961091175,36.34470582364211],[59.597986407274504,36.34470582364211]]]}},{"type":"Feature","properties":{"jobs":1600,"pop":1300,"pointCount":7,"homeWorkCommuteMedian":7882,"workHomeCommuteMedian":6460},"geometry":{"type":"Polygon","coordinates":[[[59.597986407274504,36.353699027279355],[59.597986407274504,36.3626922309166],[59.60697961091175,36.3626922309166],[59.60697961091175,36.353699027279355],[59.597986407274504,36.353699027279355]]]}},{"type":"Feature","properties":{"jobs":0,"pop":1950,"pointCount":6,"homeWorkCommuteMedian":7140,"workHomeCommuteMedian":-1},"geometry":{"type":"Polygon","coordinates":[[[59.597986407274504,36.3626922309166],[59.597986407274504,36.37168543455385],[59.60697961091175,36.37168543455385],[59.60697961091175,36.3626922309166],[59.597986407274504,36.3626922309166]]]}},{"type":"Feature","properties":{"jobs":0,"pop":300,"pointCount":3,"homeWorkCommuteMedian":5467,"workHomeCommuteMedian":-1},"geometry":{"type":"Polygon","coordinates":[[[59.597986407274504,36.37168543455385],[59.597986407274504,36.38067863819109],[59.60697961091175,36.38067863819109],[59.60697961091175,36.37168543455385],[59.597986407274504,36.37168543455385]]]}},{"type":"Feature","properties":{"jobs":3600,"pop":2550,"pointCount":8,"homeWorkCommuteMedian":7354,"workHomeCommuteMedian":4877},"geometry":{"type":"Polygon","coordinates":[[[59.597986407274504,36.38067863819109],[59.597986407274504,36.38967184182834],[59.60697961091175,36.38967184182834],[59.60697961091175,36.38067863819109],[59.597986407274504,36.38067863819109]]]}},{"type":"Feature","properties":{"jobs":0,"pop":2650,"pointCount":12,"homeWorkCommuteMedian":7538,"workHomeCommuteMedian":-1},"geometry":{"type":"Polygon","coordinates":[[[59.597986407274504,36.38967184182834],[59.597986407274504,36.398665045465584],[59.60697961091175,36.398665045465584],[59.60697961091175,36.38967184182834],[59.597986407274504,36.38967184182834]]]}},{"type":"Feature","properties":{"jobs":0,"pop":400,"pointCount":3,"homeWorkCommuteMedian":2921,"workHomeCommuteMedian":-1},"geometry":{"type":"Polygon","coordinates":[[[59.597986407274504,36.398665045465584],[59.597986407274504,36.40765824910283],[59.60697961091175,36.40765824910283],[59.60697961091175,36.398665045465584],[59.597986407274504,36.398665045465584]]]}},{"type":"Feature","properties":{"jobs":0,"pop":100,"pointCount":1,"homeWorkCommuteMedian":20751,"workHomeCommuteMedian":-1},"geometry":{"type":"Polygon","coordinates":[[[59.597986407274504,36.40765824910283],[59.597986407274504,36.416651452740076],[59.60697961091175,36.416651452740076],[59.60697961091175,36.40765824910283],[59.597986407274504,36.40765824910283]]]}},{"type":"Feature","properties":{"jobs":0,"pop":100,"pointCount":1,"homeWorkCommuteMedian":12995,"workHomeCommuteMedian":-1},"geometry":{"type":"Polygon","coordinates":[[[59.60697961091175,36.16484175089719],[59.60697961091175,36.173834954534435],[59.615972814548996,36.173834954534435],[59.615972814548996,36.16484175089719],[59.60697961091175,36.16484175089719]]]}},{"type":"Feature","properties":{"jobs":0,"pop":1700,"pointCount":8,"homeWorkCommuteMedian":17003,"workHomeCommuteMedian":-1},"geometry":{"type":"Polygon","coordinates":[[[59.60697961091175,36.173834954534435],[59.60697961091175,36.18282815817168],[59.615972814548996,36.18282815817168],[59.615972814548996,36.173834954534435],[59.60697961091175,36.173834954534435]]]}},{"type":"Feature","properties":{"jobs":0,"pop":200,"pointCount":2,"homeWorkCommuteMedian":13112,"workHomeCommuteMedian":-1},"geometry":{"type":"Polygon","coordinates":[[[59.60697961091175,36.18282815817168],[59.60697961091175,36.19182136180893],[59.615972814548996,36.19182136180893],[59.615972814548996,36.18282815817168],[59.60697961091175,36.18282815817168]]]}},{"type":"Feature","properties":{"jobs":0,"pop":400,"pointCount":3,"homeWorkCommuteMedian":11421,"workHomeCommuteMedian":-1},"geometry":{"type":"Polygon","coordinates":[[[59.60697961091175,36.19182136180893],[59.60697961091175,36.20081456544617],[59.615972814548996,36.20081456544617],[59.615972814548996,36.19182136180893],[59.60697961091175,36.19182136180893]]]}},{"type":"Feature","properties":{"jobs":0,"pop":1000,"pointCount":3,"homeWorkCommuteMedian":8177,"workHomeCommuteMedian":-1},"geometry":{"type":"Polygon","coordinates":[[[59.60697961091175,36.20980776908342],[59.60697961091175,36.218800972720665],[59.615972814548996,36.218800972720665],[59.615972814548996,36.20980776908342],[59.60697961091175,36.20980776908342]]]}},{"type":"Feature","properties":{"jobs":3700,"pop":6300,"pointCount":15,"homeWorkCommuteMedian":6907,"workHomeCommuteMedian":6542},"geometry":{"type":"Polygon","coordinates":[[[59.60697961091175,36.218800972720665],[59.60697961091175,36.22779417635791],[59.615972814548996,36.22779417635791],[59.615972814548996,36.218800972720665],[59.60697961091175,36.218800972720665]]]}},{"type":"Feature","properties":{"jobs":1600,"pop":7200,"pointCount":14,"homeWorkCommuteMedian":6358,"workHomeCommuteMedian":6945},"geometry":{"type":"Polygon","coordinates":[[[59.60697961091175,36.22779417635791],[59.60697961091175,36.23678737999516],[59.615972814548996,36.23678737999516],[59.615972814548996,36.22779417635791],[59.60697961091175,36.22779417635791]]]}},{"type":"Feature","properties":{"jobs":1500,"pop":2500,"pointCount":13,"homeWorkCommuteMedian":5463,"workHomeCommuteMedian":6424},"geometry":{"type":"Polygon","coordinates":[[[59.60697961091175,36.23678737999516],[59.60697961091175,36.2457805836324],[59.615972814548996,36.2457805836324],[59.615972814548996,36.23678737999516],[59.60697961091175,36.23678737999516]]]}},{"type":"Feature","properties":{"jobs":0,"pop":200,"pointCount":2,"homeWorkCommuteMedian":11788,"workHomeCommuteMedian":-1},"geometry":{"type":"Polygon","coordinates":[[[59.60697961091175,36.2457805836324],[59.60697961091175,36.25477378726965],[59.615972814548996,36.25477378726965],[59.615972814548996,36.2457805836324],[59.60697961091175,36.2457805836324]]]}},{"type":"Feature","properties":{"jobs":2900,"pop":5850,"pointCount":22,"homeWorkCommuteMedian":8495,"workHomeCommuteMedian":8534},"geometry":{"type":"Polygon","coordinates":[[[59.60697961091175,36.25477378726965],[59.60697961091175,36.263766990906895],[59.615972814548996,36.263766990906895],[59.615972814548996,36.25477378726965],[59.60697961091175,36.25477378726965]]]}},{"type":"Feature","properties":{"jobs":7900,"pop":7900,"pointCount":27,"homeWorkCommuteMedian":6641,"workHomeCommuteMedian":6646},"geometry":{"type":"Polygon","coordinates":[[[59.60697961091175,36.263766990906895],[59.60697961091175,36.27276019454414],[59.615972814548996,36.27276019454414],[59.615972814548996,36.263766990906895],[59.60697961091175,36.263766990906895]]]}},{"type":"Feature","properties":{"jobs":10200,"pop":6250,"pointCount":23,"homeWorkCommuteMedian":6109,"workHomeCommuteMedian":6560},"geometry":{"type":"Polygon","coordinates":[[[59.60697961091175,36.27276019454414],[59.60697961091175,36.28175339818139],[59.615972814548996,36.28175339818139],[59.615972814548996,36.27276019454414],[59.60697961091175,36.27276019454414]]]}},{"type":"Feature","properties":{"jobs":76750,"pop":9000,"pointCount":21,"homeWorkCommuteMedian":5385,"workHomeCommuteMedian":4504},"geometry":{"type":"Polygon","coordinates":[[[59.60697961091175,36.28175339818139],[59.60697961091175,36.29074660181863],[59.615972814548996,36.29074660181863],[59.615972814548996,36.28175339818139],[59.60697961091175,36.28175339818139]]]}},{"type":"Feature","properties":{"jobs":8200,"pop":7000,"pointCount":19,"homeWorkCommuteMedian":5512,"workHomeCommuteMedian":7289},"geometry":{"type":"Polygon","coordinates":[[[59.60697961091175,36.29074660181863],[59.60697961091175,36.29973980545588],[59.615972814548996,36.29973980545588],[59.615972814548996,36.29074660181863],[59.60697961091175,36.29074660181863]]]}},{"type":"Feature","properties":{"jobs":23300,"pop":10700,"pointCount":31,"homeWorkCommuteMedian":6018,"workHomeCommuteMedian":6218},"geometry":{"type":"Polygon","coordinates":[[[59.60697961091175,36.29973980545588],[59.60697961091175,36.308733009093125],[59.615972814548996,36.308733009093125],[59.615972814548996,36.29973980545588],[59.60697961091175,36.29973980545588]]]}},{"type":"Feature","properties":{"jobs":15200,"pop":10800,"pointCount":28,"homeWorkCommuteMedian":5756,"workHomeCommuteMedian":7138},"geometry":{"type":"Polygon","coordinates":[[[59.60697961091175,36.308733009093125],[59.60697961091175,36.31772621273037],[59.615972814548996,36.31772621273037],[59.615972814548996,36.308733009093125],[59.60697961091175,36.308733009093125]]]}},{"type":"Feature","properties":{"jobs":2200,"pop":6700,"pointCount":15,"homeWorkCommuteMedian":6616,"workHomeCommuteMedian":9361},"geometry":{"type":"Polygon","coordinates":[[[59.60697961091175,36.31772621273037],[59.60697961091175,36.32671941636762],[59.615972814548996,36.32671941636762],[59.615972814548996,36.31772621273037],[59.60697961091175,36.31772621273037]]]}},{"type":"Feature","properties":{"jobs":4600,"pop":6400,"pointCount":20,"homeWorkCommuteMedian":6762,"workHomeCommuteMedian":7609},"geometry":{"type":"Polygon","coordinates":[[[59.60697961091175,36.32671941636762],[59.60697961091175,36.33571262000486],[59.615972814548996,36.33571262000486],[59.615972814548996,36.32671941636762],[59.60697961091175,36.32671941636762]]]}},{"type":"Feature","properties":{"jobs":1400,"pop":3900,"pointCount":16,"homeWorkCommuteMedian":5994,"workHomeCommuteMedian":7075},"geometry":{"type":"Polygon","coordinates":[[[59.60697961091175,36.33571262000486],[59.60697961091175,36.34470582364211],[59.615972814548996,36.34470582364211],[59.615972814548996,36.33571262000486],[59.60697961091175,36.33571262000486]]]}},{"type":"Feature","properties":{"jobs":0,"pop":400,"pointCount":3,"homeWorkCommuteMedian":7780,"workHomeCommuteMedian":-1},"geometry":{"type":"Polygon","coordinates":[[[59.60697961091175,36.34470582364211],[59.60697961091175,36.353699027279355],[59.615972814548996,36.353699027279355],[59.615972814548996,36.34470582364211],[59.60697961091175,36.34470582364211]]]}},{"type":"Feature","properties":{"jobs":0,"pop":100,"pointCount":1,"homeWorkCommuteMedian":4278,"workHomeCommuteMedian":-1},"geometry":{"type":"Polygon","coordinates":[[[59.60697961091175,36.353699027279355],[59.60697961091175,36.3626922309166],[59.615972814548996,36.3626922309166],[59.615972814548996,36.353699027279355],[59.60697961091175,36.353699027279355]]]}},{"type":"Feature","properties":{"jobs":0,"pop":600,"pointCount":4,"homeWorkCommuteMedian":9611,"workHomeCommuteMedian":-1},"geometry":{"type":"Polygon","coordinates":[[[59.60697961091175,36.3626922309166],[59.60697961091175,36.37168543455385],[59.615972814548996,36.37168543455385],[59.615972814548996,36.3626922309166],[59.60697961091175,36.3626922309166]]]}},{"type":"Feature","properties":{"jobs":0,"pop":100,"pointCount":1,"homeWorkCommuteMedian":29286,"workHomeCommuteMedian":-1},"geometry":{"type":"Polygon","coordinates":[[[59.60697961091175,36.37168543455385],[59.60697961091175,36.38067863819109],[59.615972814548996,36.38067863819109],[59.615972814548996,36.37168543455385],[59.60697961091175,36.37168543455385]]]}},{"type":"Feature","properties":{"jobs":0,"pop":400,"pointCount":4,"homeWorkCommuteMedian":12669,"workHomeCommuteMedian":-1},"geometry":{"type":"Polygon","coordinates":[[[59.60697961091175,36.38067863819109],[59.60697961091175,36.38967184182834],[59.615972814548996,36.38967184182834],[59.615972814548996,36.38067863819109],[59.60697961091175,36.38067863819109]]]}},{"type":"Feature","properties":{"jobs":0,"pop":500,"pointCount":3,"homeWorkCommuteMedian":1518,"workHomeCommuteMedian":-1},"geometry":{"type":"Polygon","coordinates":[[[59.60697961091175,36.38967184182834],[59.60697961091175,36.398665045465584],[59.615972814548996,36.398665045465584],[59.615972814548996,36.38967184182834],[59.60697961091175,36.38967184182834]]]}},{"type":"Feature","properties":{"jobs":5000,"pop":1800,"pointCount":13,"homeWorkCommuteMedian":10706,"workHomeCommuteMedian":7048},"geometry":{"type":"Polygon","coordinates":[[[59.60697961091175,36.398665045465584],[59.60697961091175,36.40765824910283],[59.615972814548996,36.40765824910283],[59.615972814548996,36.398665045465584],[59.60697961091175,36.398665045465584]]]}},{"type":"Feature","properties":{"jobs":0,"pop":800,"pointCount":6,"homeWorkCommuteMedian":11792,"workHomeCommuteMedian":-1},"geometry":{"type":"Polygon","coordinates":[[[59.60697961091175,36.40765824910283],[59.60697961091175,36.416651452740076],[59.615972814548996,36.416651452740076],[59.615972814548996,36.40765824910283],[59.60697961091175,36.40765824910283]]]}},{"type":"Feature","properties":{"jobs":100,"pop":300,"pointCount":2,"homeWorkCommuteMedian":22179,"workHomeCommuteMedian":25624},"geometry":{"type":"Polygon","coordinates":[[[59.615972814548996,36.15584854725994],[59.615972814548996,36.16484175089719],[59.62496601818624,36.16484175089719],[59.62496601818624,36.15584854725994],[59.615972814548996,36.15584854725994]]]}},{"type":"Feature","properties":{"jobs":100,"pop":300,"pointCount":4,"homeWorkCommuteMedian":15175,"workHomeCommuteMedian":2465},"geometry":{"type":"Polygon","coordinates":[[[59.615972814548996,36.16484175089719],[59.615972814548996,36.173834954534435],[59.62496601818624,36.173834954534435],[59.62496601818624,36.16484175089719],[59.615972814548996,36.16484175089719]]]}},{"type":"Feature","properties":{"jobs":1700,"pop":1600,"pointCount":6,"homeWorkCommuteMedian":17013,"workHomeCommuteMedian":2253},"geometry":{"type":"Polygon","coordinates":[[[59.615972814548996,36.173834954534435],[59.615972814548996,36.18282815817168],[59.62496601818624,36.18282815817168],[59.62496601818624,36.173834954534435],[59.615972814548996,36.173834954534435]]]}},{"type":"Feature","properties":{"jobs":0,"pop":600,"pointCount":4,"homeWorkCommuteMedian":12901,"workHomeCommuteMedian":-1},"geometry":{"type":"Polygon","coordinates":[[[59.615972814548996,36.18282815817168],[59.615972814548996,36.19182136180893],[59.62496601818624,36.19182136180893],[59.62496601818624,36.18282815817168],[59.615972814548996,36.18282815817168]]]}},{"type":"Feature","properties":{"jobs":3900,"pop":2650,"pointCount":14,"homeWorkCommuteMedian":10557,"workHomeCommuteMedian":8941},"geometry":{"type":"Polygon","coordinates":[[[59.615972814548996,36.19182136180893],[59.615972814548996,36.20081456544617],[59.62496601818624,36.20081456544617],[59.62496601818624,36.19182136180893],[59.615972814548996,36.19182136180893]]]}},{"type":"Feature","properties":{"jobs":1800,"pop":300,"pointCount":2,"homeWorkCommuteMedian":8987,"workHomeCommuteMedian":8175},"geometry":{"type":"Polygon","coordinates":[[[59.615972814548996,36.20081456544617],[59.615972814548996,36.20980776908342],[59.62496601818624,36.20980776908342],[59.62496601818624,36.20081456544617],[59.615972814548996,36.20081456544617]]]}},{"type":"Feature","properties":{"jobs":0,"pop":1600,"pointCount":9,"homeWorkCommuteMedian":9207,"workHomeCommuteMedian":-1},"geometry":{"type":"Polygon","coordinates":[[[59.615972814548996,36.20980776908342],[59.615972814548996,36.218800972720665],[59.62496601818624,36.218800972720665],[59.62496601818624,36.20980776908342],[59.615972814548996,36.20980776908342]]]}},{"type":"Feature","properties":{"jobs":6200,"pop":2800,"pointCount":10,"homeWorkCommuteMedian":6864,"workHomeCommuteMedian":6774},"geometry":{"type":"Polygon","coordinates":[[[59.615972814548996,36.218800972720665],[59.615972814548996,36.22779417635791],[59.62496601818624,36.22779417635791],[59.62496601818624,36.218800972720665],[59.615972814548996,36.218800972720665]]]}},{"type":"Feature","properties":{"jobs":1500,"pop":2100,"pointCount":6,"homeWorkCommuteMedian":6194,"workHomeCommuteMedian":6814},"geometry":{"type":"Polygon","coordinates":[[[59.615972814548996,36.22779417635791],[59.615972814548996,36.23678737999516],[59.62496601818624,36.23678737999516],[59.62496601818624,36.22779417635791],[59.615972814548996,36.22779417635791]]]}},{"type":"Feature","properties":{"jobs":0,"pop":300,"pointCount":3,"homeWorkCommuteMedian":6566,"workHomeCommuteMedian":-1},"geometry":{"type":"Polygon","coordinates":[[[59.615972814548996,36.23678737999516],[59.615972814548996,36.2457805836324],[59.62496601818624,36.2457805836324],[59.62496601818624,36.23678737999516],[59.615972814548996,36.23678737999516]]]}},{"type":"Feature","properties":{"jobs":0,"pop":200,"pointCount":2,"homeWorkCommuteMedian":8379,"workHomeCommuteMedian":-1},"geometry":{"type":"Polygon","coordinates":[[[59.615972814548996,36.2457805836324],[59.615972814548996,36.25477378726965],[59.62496601818624,36.25477378726965],[59.62496601818624,36.2457805836324],[59.615972814548996,36.2457805836324]]]}},{"type":"Feature","properties":{"jobs":2200,"pop":2950,"pointCount":13,"homeWorkCommuteMedian":6550,"workHomeCommuteMedian":8189},"geometry":{"type":"Polygon","coordinates":[[[59.615972814548996,36.25477378726965],[59.615972814548996,36.263766990906895],[59.62496601818624,36.263766990906895],[59.62496601818624,36.25477378726965],[59.615972814548996,36.25477378726965]]]}},{"type":"Feature","properties":{"jobs":4700,"pop":6500,"pointCount":20,"homeWorkCommuteMedian":6873,"workHomeCommuteMedian":7373},"geometry":{"type":"Polygon","coordinates":[[[59.615972814548996,36.263766990906895],[59.615972814548996,36.27276019454414],[59.62496601818624,36.27276019454414],[59.62496601818624,36.263766990906895],[59.615972814548996,36.263766990906895]]]}},{"type":"Feature","properties":{"jobs":18100,"pop":4000,"pointCount":15,"homeWorkCommuteMedian":5700,"workHomeCommuteMedian":7198},"geometry":{"type":"Polygon","coordinates":[[[59.615972814548996,36.27276019454414],[59.615972814548996,36.28175339818139],[59.62496601818624,36.28175339818139],[59.62496601818624,36.27276019454414],[59.615972814548996,36.27276019454414]]]}},{"type":"Feature","properties":{"jobs":500,"pop":1700,"pointCount":8,"homeWorkCommuteMedian":5098,"workHomeCommuteMedian":6107},"geometry":{"type":"Polygon","coordinates":[[[59.615972814548996,36.28175339818139],[59.615972814548996,36.29074660181863],[59.62496601818624,36.29074660181863],[59.62496601818624,36.28175339818139],[59.615972814548996,36.28175339818139]]]}},{"type":"Feature","properties":{"jobs":500,"pop":1200,"pointCount":9,"homeWorkCommuteMedian":7509,"workHomeCommuteMedian":7247},"geometry":{"type":"Polygon","coordinates":[[[59.615972814548996,36.29074660181863],[59.615972814548996,36.29973980545588],[59.62496601818624,36.29973980545588],[59.62496601818624,36.29074660181863],[59.615972814548996,36.29074660181863]]]}},{"type":"Feature","properties":{"jobs":37950,"pop":7350,"pointCount":15,"homeWorkCommuteMedian":5736,"workHomeCommuteMedian":5927},"geometry":{"type":"Polygon","coordinates":[[[59.615972814548996,36.29973980545588],[59.615972814548996,36.308733009093125],[59.62496601818624,36.308733009093125],[59.62496601818624,36.29973980545588],[59.615972814548996,36.29973980545588]]]}},{"type":"Feature","properties":{"jobs":3500,"pop":3950,"pointCount":14,"homeWorkCommuteMedian":6682,"workHomeCommuteMedian":7513},"geometry":{"type":"Polygon","coordinates":[[[59.615972814548996,36.308733009093125],[59.615972814548996,36.31772621273037],[59.62496601818624,36.31772621273037],[59.62496601818624,36.308733009093125],[59.615972814548996,36.308733009093125]]]}},{"type":"Feature","properties":{"jobs":6500,"pop":6500,"pointCount":20,"homeWorkCommuteMedian":6593,"workHomeCommuteMedian":7072},"geometry":{"type":"Polygon","coordinates":[[[59.615972814548996,36.31772621273037],[59.615972814548996,36.32671941636762],[59.62496601818624,36.32671941636762],[59.62496601818624,36.31772621273037],[59.615972814548996,36.31772621273037]]]}},{"type":"Feature","properties":{"jobs":500,"pop":2400,"pointCount":12,"homeWorkCommuteMedian":5483,"workHomeCommuteMedian":8868},"geometry":{"type":"Polygon","coordinates":[[[59.615972814548996,36.32671941636762],[59.615972814548996,36.33571262000486],[59.62496601818624,36.33571262000486],[59.62496601818624,36.32671941636762],[59.615972814548996,36.32671941636762]]]}},{"type":"Feature","properties":{"jobs":0,"pop":3450,"pointCount":8,"homeWorkCommuteMedian":5303,"workHomeCommuteMedian":-1},"geometry":{"type":"Polygon","coordinates":[[[59.615972814548996,36.33571262000486],[59.615972814548996,36.34470582364211],[59.62496601818624,36.34470582364211],[59.62496601818624,36.33571262000486],[59.615972814548996,36.33571262000486]]]}},{"type":"Feature","properties":{"jobs":0,"pop":4600,"pointCount":9,"homeWorkCommuteMedian":5812,"workHomeCommuteMedian":-1},"geometry":{"type":"Polygon","coordinates":[[[59.615972814548996,36.34470582364211],[59.615972814548996,36.353699027279355],[59.62496601818624,36.353699027279355],[59.62496601818624,36.34470582364211],[59.615972814548996,36.34470582364211]]]}},{"type":"Feature","properties":{"jobs":0,"pop":400,"pointCount":2,"homeWorkCommuteMedian":7819,"workHomeCommuteMedian":-1},"geometry":{"type":"Polygon","coordinates":[[[59.615972814548996,36.3626922309166],[59.615972814548996,36.37168543455385],[59.62496601818624,36.37168543455385],[59.62496601818624,36.3626922309166],[59.615972814548996,36.3626922309166]]]}},{"type":"Feature","properties":{"jobs":0,"pop":500,"pointCount":1,"homeWorkCommuteMedian":2405,"workHomeCommuteMedian":-1},"geometry":{"type":"Polygon","coordinates":[[[59.615972814548996,36.38067863819109],[59.615972814548996,36.38967184182834],[59.62496601818624,36.38967184182834],[59.62496601818624,36.38067863819109],[59.615972814548996,36.38067863819109]]]}},{"type":"Feature","properties":{"jobs":0,"pop":200,"pointCount":2,"homeWorkCommuteMedian":21114,"workHomeCommuteMedian":-1},"geometry":{"type":"Polygon","coordinates":[[[59.615972814548996,36.38967184182834],[59.615972814548996,36.398665045465584],[59.62496601818624,36.398665045465584],[59.62496601818624,36.38967184182834],[59.615972814548996,36.38967184182834]]]}},{"type":"Feature","properties":{"jobs":0,"pop":500,"pointCount":5,"homeWorkCommuteMedian":13868,"workHomeCommuteMedian":-1},"geometry":{"type":"Polygon","coordinates":[[[59.615972814548996,36.398665045465584],[59.615972814548996,36.40765824910283],[59.62496601818624,36.40765824910283],[59.62496601818624,36.398665045465584],[59.615972814548996,36.398665045465584]]]}},{"type":"Feature","properties":{"jobs":0,"pop":800,"pointCount":5,"homeWorkCommuteMedian":16763,"workHomeCommuteMedian":-1},"geometry":{"type":"Polygon","coordinates":[[[59.615972814548996,36.40765824910283],[59.615972814548996,36.416651452740076],[59.62496601818624,36.416651452740076],[59.62496601818624,36.40765824910283],[59.615972814548996,36.40765824910283]]]}},{"type":"Feature","properties":{"jobs":100,"pop":300,"pointCount":3,"homeWorkCommuteMedian":17810,"workHomeCommuteMedian":4034},"geometry":{"type":"Polygon","coordinates":[[[59.62496601818624,36.15584854725994],[59.62496601818624,36.16484175089719],[59.63395922182349,36.16484175089719],[59.63395922182349,36.15584854725994],[59.62496601818624,36.15584854725994]]]}},{"type":"Feature","properties":{"jobs":200,"pop":1100,"pointCount":5,"homeWorkCommuteMedian":15369,"workHomeCommuteMedian":32207},"geometry":{"type":"Polygon","coordinates":[[[59.62496601818624,36.173834954534435],[59.62496601818624,36.18282815817168],[59.63395922182349,36.18282815817168],[59.63395922182349,36.173834954534435],[59.62496601818624,36.173834954534435]]]}},{"type":"Feature","properties":{"jobs":100,"pop":100,"pointCount":1,"homeWorkCommuteMedian":14456,"workHomeCommuteMedian":10633},"geometry":{"type":"Polygon","coordinates":[[[59.62496601818624,36.18282815817168],[59.62496601818624,36.19182136180893],[59.63395922182349,36.19182136180893],[59.63395922182349,36.18282815817168],[59.62496601818624,36.18282815817168]]]}},{"type":"Feature","properties":{"jobs":4200,"pop":1100,"pointCount":10,"homeWorkCommuteMedian":10991,"workHomeCommuteMedian":10481},"geometry":{"type":"Polygon","coordinates":[[[59.62496601818624,36.19182136180893],[59.62496601818624,36.20081456544617],[59.63395922182349,36.20081456544617],[59.63395922182349,36.19182136180893],[59.62496601818624,36.19182136180893]]]}},{"type":"Feature","properties":{"jobs":2300,"pop":1300,"pointCount":8,"homeWorkCommuteMedian":9704,"workHomeCommuteMedian":9788},"geometry":{"type":"Polygon","coordinates":[[[59.62496601818624,36.20081456544617],[59.62496601818624,36.20980776908342],[59.63395922182349,36.20980776908342],[59.63395922182349,36.20081456544617],[59.62496601818624,36.20081456544617]]]}},{"type":"Feature","properties":{"jobs":0,"pop":400,"pointCount":3,"homeWorkCommuteMedian":8550,"workHomeCommuteMedian":-1},"geometry":{"type":"Polygon","coordinates":[[[59.62496601818624,36.20980776908342],[59.62496601818624,36.218800972720665],[59.63395922182349,36.218800972720665],[59.63395922182349,36.20980776908342],[59.62496601818624,36.20980776908342]]]}},{"type":"Feature","properties":{"jobs":700,"pop":800,"pointCount":5,"homeWorkCommuteMedian":7587,"workHomeCommuteMedian":12868},"geometry":{"type":"Polygon","coordinates":[[[59.62496601818624,36.218800972720665],[59.62496601818624,36.22779417635791],[59.63395922182349,36.22779417635791],[59.63395922182349,36.218800972720665],[59.62496601818624,36.218800972720665]]]}},{"type":"Feature","properties":{"jobs":500,"pop":2400,"pointCount":10,"homeWorkCommuteMedian":6211,"workHomeCommuteMedian":5700},"geometry":{"type":"Polygon","coordinates":[[[59.62496601818624,36.22779417635791],[59.62496601818624,36.23678737999516],[59.63395922182349,36.23678737999516],[59.63395922182349,36.22779417635791],[59.62496601818624,36.22779417635791]]]}},{"type":"Feature","properties":{"jobs":500,"pop":400,"pointCount":3,"homeWorkCommuteMedian":6515,"workHomeCommuteMedian":5271},"geometry":{"type":"Polygon","coordinates":[[[59.62496601818624,36.23678737999516],[59.62496601818624,36.2457805836324],[59.63395922182349,36.2457805836324],[59.63395922182349,36.23678737999516],[59.62496601818624,36.23678737999516]]]}},{"type":"Feature","properties":{"jobs":1700,"pop":3450,"pointCount":15,"homeWorkCommuteMedian":6249,"workHomeCommuteMedian":7507},"geometry":{"type":"Polygon","coordinates":[[[59.62496601818624,36.25477378726965],[59.62496601818624,36.263766990906895],[59.63395922182349,36.263766990906895],[59.63395922182349,36.25477378726965],[59.62496601818624,36.25477378726965]]]}},{"type":"Feature","properties":{"jobs":7700,"pop":11050,"pointCount":26,"homeWorkCommuteMedian":5586,"workHomeCommuteMedian":6329},"geometry":{"type":"Polygon","coordinates":[[[59.62496601818624,36.263766990906895],[59.62496601818624,36.27276019454414],[59.63395922182349,36.27276019454414],[59.63395922182349,36.263766990906895],[59.62496601818624,36.263766990906895]]]}},{"type":"Feature","properties":{"jobs":31900,"pop":8700,"pointCount":29,"homeWorkCommuteMedian":5464,"workHomeCommuteMedian":6486},"geometry":{"type":"Polygon","coordinates":[[[59.62496601818624,36.27276019454414],[59.62496601818624,36.28175339818139],[59.63395922182349,36.28175339818139],[59.63395922182349,36.27276019454414],[59.62496601818624,36.27276019454414]]]}},{"type":"Feature","properties":{"jobs":10500,"pop":4800,"pointCount":20,"homeWorkCommuteMedian":6134,"workHomeCommuteMedian":7570},"geometry":{"type":"Polygon","coordinates":[[[59.62496601818624,36.28175339818139],[59.62496601818624,36.29074660181863],[59.63395922182349,36.29074660181863],[59.63395922182349,36.28175339818139],[59.62496601818624,36.28175339818139]]]}},{"type":"Feature","properties":{"jobs":100,"pop":2800,"pointCount":9,"homeWorkCommuteMedian":5044,"workHomeCommuteMedian":14737},"geometry":{"type":"Polygon","coordinates":[[[59.62496601818624,36.29074660181863],[59.62496601818624,36.29973980545588],[59.63395922182349,36.29973980545588],[59.63395922182349,36.29074660181863],[59.62496601818624,36.29074660181863]]]}},{"type":"Feature","properties":{"jobs":2500,"pop":4800,"pointCount":13,"homeWorkCommuteMedian":5579,"workHomeCommuteMedian":6216},"geometry":{"type":"Polygon","coordinates":[[[59.62496601818624,36.29973980545588],[59.62496601818624,36.308733009093125],[59.63395922182349,36.308733009093125],[59.63395922182349,36.29973980545588],[59.62496601818624,36.29973980545588]]]}},{"type":"Feature","properties":{"jobs":11000,"pop":12750,"pointCount":25,"homeWorkCommuteMedian":5202,"workHomeCommuteMedian":7874},"geometry":{"type":"Polygon","coordinates":[[[59.62496601818624,36.308733009093125],[59.62496601818624,36.31772621273037],[59.63395922182349,36.31772621273037],[59.63395922182349,36.308733009093125],[59.62496601818624,36.308733009093125]]]}},{"type":"Feature","properties":{"jobs":900,"pop":7600,"pointCount":15,"homeWorkCommuteMedian":5756,"workHomeCommuteMedian":7127},"geometry":{"type":"Polygon","coordinates":[[[59.62496601818624,36.31772621273037],[59.62496601818624,36.32671941636762],[59.63395922182349,36.32671941636762],[59.63395922182349,36.31772621273037],[59.62496601818624,36.31772621273037]]]}},{"type":"Feature","properties":{"jobs":2400,"pop":3900,"pointCount":15,"homeWorkCommuteMedian":5676,"workHomeCommuteMedian":10092},"geometry":{"type":"Polygon","coordinates":[[[59.62496601818624,36.32671941636762],[59.62496601818624,36.33571262000486],[59.63395922182349,36.33571262000486],[59.63395922182349,36.32671941636762],[59.62496601818624,36.32671941636762]]]}},{"type":"Feature","properties":{"jobs":42100,"pop":5400,"pointCount":19,"homeWorkCommuteMedian":5327,"workHomeCommuteMedian":6162},"geometry":{"type":"Polygon","coordinates":[[[59.62496601818624,36.33571262000486],[59.62496601818624,36.34470582364211],[59.63395922182349,36.34470582364211],[59.63395922182349,36.33571262000486],[59.62496601818624,36.33571262000486]]]}},{"type":"Feature","properties":{"jobs":7900,"pop":5150,"pointCount":15,"homeWorkCommuteMedian":5864,"workHomeCommuteMedian":6412},"geometry":{"type":"Polygon","coordinates":[[[59.62496601818624,36.34470582364211],[59.62496601818624,36.353699027279355],[59.63395922182349,36.353699027279355],[59.63395922182349,36.34470582364211],[59.62496601818624,36.34470582364211]]]}},{"type":"Feature","properties":{"jobs":1000,"pop":500,"pointCount":4,"homeWorkCommuteMedian":6919,"workHomeCommuteMedian":6128},"geometry":{"type":"Polygon","coordinates":[[[59.62496601818624,36.353699027279355],[59.62496601818624,36.3626922309166],[59.63395922182349,36.3626922309166],[59.63395922182349,36.353699027279355],[59.62496601818624,36.353699027279355]]]}},{"type":"Feature","properties":{"jobs":0,"pop":200,"pointCount":1,"homeWorkCommuteMedian":12280,"workHomeCommuteMedian":-1},"geometry":{"type":"Polygon","coordinates":[[[59.62496601818624,36.3626922309166],[59.62496601818624,36.37168543455385],[59.63395922182349,36.37168543455385],[59.63395922182349,36.3626922309166],[59.62496601818624,36.3626922309166]]]}},{"type":"Feature","properties":{"jobs":0,"pop":1400,"pointCount":8,"homeWorkCommuteMedian":10582,"workHomeCommuteMedian":-1},"geometry":{"type":"Polygon","coordinates":[[[59.62496601818624,36.37168543455385],[59.62496601818624,36.38067863819109],[59.63395922182349,36.38067863819109],[59.63395922182349,36.37168543455385],[59.62496601818624,36.37168543455385]]]}},{"type":"Feature","properties":{"jobs":0,"pop":500,"pointCount":2,"homeWorkCommuteMedian":4238,"workHomeCommuteMedian":-1},"geometry":{"type":"Polygon","coordinates":[[[59.62496601818624,36.38067863819109],[59.62496601818624,36.38967184182834],[59.63395922182349,36.38967184182834],[59.63395922182349,36.38067863819109],[59.62496601818624,36.38067863819109]]]}},{"type":"Feature","properties":{"jobs":0,"pop":2800,"pointCount":8,"homeWorkCommuteMedian":8702,"workHomeCommuteMedian":-1},"geometry":{"type":"Polygon","coordinates":[[[59.62496601818624,36.38967184182834],[59.62496601818624,36.398665045465584],[59.63395922182349,36.398665045465584],[59.63395922182349,36.38967184182834],[59.62496601818624,36.38967184182834]]]}},{"type":"Feature","properties":{"jobs":0,"pop":700,"pointCount":6,"homeWorkCommuteMedian":9251,"workHomeCommuteMedian":-1},"geometry":{"type":"Polygon","coordinates":[[[59.62496601818624,36.398665045465584],[59.62496601818624,36.40765824910283],[59.63395922182349,36.40765824910283],[59.63395922182349,36.398665045465584],[59.62496601818624,36.398665045465584]]]}},{"type":"Feature","properties":{"jobs":0,"pop":1000,"pointCount":7,"homeWorkCommuteMedian":13538,"workHomeCommuteMedian":-1},"geometry":{"type":"Polygon","coordinates":[[[59.62496601818624,36.40765824910283],[59.62496601818624,36.416651452740076],[59.63395922182349,36.416651452740076],[59.63395922182349,36.40765824910283],[59.62496601818624,36.40765824910283]]]}},{"type":"Feature","properties":{"jobs":200,"pop":0,"pointCount":2,"homeWorkCommuteMedian":-1,"workHomeCommuteMedian":9778},"geometry":{"type":"Polygon","coordinates":[[[59.63395922182349,36.173834954534435],[59.63395922182349,36.18282815817168],[59.642952425460734,36.18282815817168],[59.642952425460734,36.173834954534435],[59.63395922182349,36.173834954534435]]]}},{"type":"Feature","properties":{"jobs":7900,"pop":900,"pointCount":12,"homeWorkCommuteMedian":10450,"workHomeCommuteMedian":10295},"geometry":{"type":"Polygon","coordinates":[[[59.63395922182349,36.19182136180893],[59.63395922182349,36.20081456544617],[59.642952425460734,36.20081456544617],[59.642952425460734,36.19182136180893],[59.63395922182349,36.19182136180893]]]}},{"type":"Feature","properties":{"jobs":500,"pop":300,"pointCount":2,"homeWorkCommuteMedian":13434,"workHomeCommuteMedian":9089},"geometry":{"type":"Polygon","coordinates":[[[59.63395922182349,36.20081456544617],[59.63395922182349,36.20980776908342],[59.642952425460734,36.20980776908342],[59.642952425460734,36.20081456544617],[59.63395922182349,36.20081456544617]]]}},{"type":"Feature","properties":{"jobs":0,"pop":200,"pointCount":1,"homeWorkCommuteMedian":23214,"workHomeCommuteMedian":-1},"geometry":{"type":"Polygon","coordinates":[[[59.63395922182349,36.20980776908342],[59.63395922182349,36.218800972720665],[59.642952425460734,36.218800972720665],[59.642952425460734,36.20980776908342],[59.63395922182349,36.20980776908342]]]}},{"type":"Feature","properties":{"jobs":25900,"pop":550,"pointCount":2,"homeWorkCommuteMedian":6318,"workHomeCommuteMedian":15396},"geometry":{"type":"Polygon","coordinates":[[[59.63395922182349,36.218800972720665],[59.63395922182349,36.22779417635791],[59.642952425460734,36.22779417635791],[59.642952425460734,36.218800972720665],[59.63395922182349,36.218800972720665]]]}},{"type":"Feature","properties":{"jobs":2000,"pop":0,"pointCount":1,"homeWorkCommuteMedian":-1,"workHomeCommuteMedian":6179},"geometry":{"type":"Polygon","coordinates":[[[59.63395922182349,36.22779417635791],[59.63395922182349,36.23678737999516],[59.642952425460734,36.23678737999516],[59.642952425460734,36.22779417635791],[59.63395922182349,36.22779417635791]]]}},{"type":"Feature","properties":{"jobs":3700,"pop":6100,"pointCount":16,"homeWorkCommuteMedian":5641,"workHomeCommuteMedian":6937},"geometry":{"type":"Polygon","coordinates":[[[59.63395922182349,36.25477378726965],[59.63395922182349,36.263766990906895],[59.642952425460734,36.263766990906895],[59.642952425460734,36.25477378726965],[59.63395922182349,36.25477378726965]]]}},{"type":"Feature","properties":{"jobs":6200,"pop":6350,"pointCount":24,"homeWorkCommuteMedian":5669,"workHomeCommuteMedian":8473},"geometry":{"type":"Polygon","coordinates":[[[59.63395922182349,36.263766990906895],[59.63395922182349,36.27276019454414],[59.642952425460734,36.27276019454414],[59.642952425460734,36.263766990906895],[59.63395922182349,36.263766990906895]]]}},{"type":"Feature","properties":{"jobs":2300,"pop":5750,"pointCount":12,"homeWorkCommuteMedian":5746,"workHomeCommuteMedian":6530},"geometry":{"type":"Polygon","coordinates":[[[59.63395922182349,36.27276019454414],[59.63395922182349,36.28175339818139],[59.642952425460734,36.28175339818139],[59.642952425460734,36.27276019454414],[59.63395922182349,36.27276019454414]]]}},{"type":"Feature","properties":{"jobs":2100,"pop":6750,"pointCount":20,"homeWorkCommuteMedian":5623,"workHomeCommuteMedian":6005},"geometry":{"type":"Polygon","coordinates":[[[59.63395922182349,36.28175339818139],[59.63395922182349,36.29074660181863],[59.642952425460734,36.29074660181863],[59.642952425460734,36.28175339818139],[59.63395922182349,36.28175339818139]]]}},{"type":"Feature","properties":{"jobs":19400,"pop":6800,"pointCount":16,"homeWorkCommuteMedian":5287,"workHomeCommuteMedian":5426},"geometry":{"type":"Polygon","coordinates":[[[59.63395922182349,36.29074660181863],[59.63395922182349,36.29973980545588],[59.642952425460734,36.29973980545588],[59.642952425460734,36.29074660181863],[59.63395922182349,36.29074660181863]]]}},{"type":"Feature","properties":{"jobs":27900,"pop":13000,"pointCount":29,"homeWorkCommuteMedian":5595,"workHomeCommuteMedian":5810},"geometry":{"type":"Polygon","coordinates":[[[59.63395922182349,36.29973980545588],[59.63395922182349,36.308733009093125],[59.642952425460734,36.308733009093125],[59.642952425460734,36.29973980545588],[59.63395922182349,36.29973980545588]]]}},{"type":"Feature","properties":{"jobs":22000,"pop":11100,"pointCount":27,"homeWorkCommuteMedian":5218,"workHomeCommuteMedian":6087},"geometry":{"type":"Polygon","coordinates":[[[59.63395922182349,36.308733009093125],[59.63395922182349,36.31772621273037],[59.642952425460734,36.31772621273037],[59.642952425460734,36.308733009093125],[59.63395922182349,36.308733009093125]]]}},{"type":"Feature","properties":{"jobs":7900,"pop":5650,"pointCount":19,"homeWorkCommuteMedian":5878,"workHomeCommuteMedian":7360},"geometry":{"type":"Polygon","coordinates":[[[59.63395922182349,36.31772621273037],[59.63395922182349,36.32671941636762],[59.642952425460734,36.32671941636762],[59.642952425460734,36.31772621273037],[59.63395922182349,36.31772621273037]]]}},{"type":"Feature","properties":{"jobs":5100,"pop":3400,"pointCount":15,"homeWorkCommuteMedian":6241,"workHomeCommuteMedian":6039},"geometry":{"type":"Polygon","coordinates":[[[59.63395922182349,36.32671941636762],[59.63395922182349,36.33571262000486],[59.642952425460734,36.33571262000486],[59.642952425460734,36.32671941636762],[59.63395922182349,36.32671941636762]]]}},{"type":"Feature","properties":{"jobs":9700,"pop":3850,"pointCount":15,"homeWorkCommuteMedian":5698,"workHomeCommuteMedian":5865},"geometry":{"type":"Polygon","coordinates":[[[59.63395922182349,36.33571262000486],[59.63395922182349,36.34470582364211],[59.642952425460734,36.34470582364211],[59.642952425460734,36.33571262000486],[59.63395922182349,36.33571262000486]]]}},{"type":"Feature","properties":{"jobs":0,"pop":2100,"pointCount":8,"homeWorkCommuteMedian":5981,"workHomeCommuteMedian":-1},"geometry":{"type":"Polygon","coordinates":[[[59.63395922182349,36.34470582364211],[59.63395922182349,36.353699027279355],[59.642952425460734,36.353699027279355],[59.642952425460734,36.34470582364211],[59.63395922182349,36.34470582364211]]]}},{"type":"Feature","properties":{"jobs":0,"pop":1700,"pointCount":9,"homeWorkCommuteMedian":7159,"workHomeCommuteMedian":-1},"geometry":{"type":"Polygon","coordinates":[[[59.63395922182349,36.353699027279355],[59.63395922182349,36.3626922309166],[59.642952425460734,36.3626922309166],[59.642952425460734,36.353699027279355],[59.63395922182349,36.353699027279355]]]}},{"type":"Feature","properties":{"jobs":7600,"pop":4500,"pointCount":16,"homeWorkCommuteMedian":7413,"workHomeCommuteMedian":5608},"geometry":{"type":"Polygon","coordinates":[[[59.63395922182349,36.3626922309166],[59.63395922182349,36.37168543455385],[59.642952425460734,36.37168543455385],[59.642952425460734,36.3626922309166],[59.63395922182349,36.3626922309166]]]}},{"type":"Feature","properties":{"jobs":4000,"pop":4150,"pointCount":17,"homeWorkCommuteMedian":9330,"workHomeCommuteMedian":5627},"geometry":{"type":"Polygon","coordinates":[[[59.63395922182349,36.37168543455385],[59.63395922182349,36.38067863819109],[59.642952425460734,36.38067863819109],[59.642952425460734,36.37168543455385],[59.63395922182349,36.37168543455385]]]}},{"type":"Feature","properties":{"jobs":2600,"pop":2600,"pointCount":11,"homeWorkCommuteMedian":6393,"workHomeCommuteMedian":4492},"geometry":{"type":"Polygon","coordinates":[[[59.63395922182349,36.38067863819109],[59.63395922182349,36.38967184182834],[59.642952425460734,36.38967184182834],[59.642952425460734,36.38067863819109],[59.63395922182349,36.38067863819109]]]}},{"type":"Feature","properties":{"jobs":1100,"pop":4000,"pointCount":11,"homeWorkCommuteMedian":8228,"workHomeCommuteMedian":4709},"geometry":{"type":"Polygon","coordinates":[[[59.63395922182349,36.38967184182834],[59.63395922182349,36.398665045465584],[59.642952425460734,36.398665045465584],[59.642952425460734,36.38967184182834],[59.63395922182349,36.38967184182834]]]}},{"type":"Feature","properties":{"jobs":1700,"pop":0,"pointCount":1,"homeWorkCommuteMedian":-1,"workHomeCommuteMedian":10949},"geometry":{"type":"Polygon","coordinates":[[[59.63395922182349,36.398665045465584],[59.63395922182349,36.40765824910283],[59.642952425460734,36.40765824910283],[59.642952425460734,36.398665045465584],[59.63395922182349,36.398665045465584]]]}},{"type":"Feature","properties":{"jobs":600,"pop":1550,"pointCount":9,"homeWorkCommuteMedian":13472,"workHomeCommuteMedian":23125},"geometry":{"type":"Polygon","coordinates":[[[59.642952425460734,36.19182136180893],[59.642952425460734,36.20081456544617],[59.65194562909798,36.20081456544617],[59.65194562909798,36.19182136180893],[59.642952425460734,36.19182136180893]]]}},{"type":"Feature","properties":{"jobs":0,"pop":400,"pointCount":3,"homeWorkCommuteMedian":10972,"workHomeCommuteMedian":-1},"geometry":{"type":"Polygon","coordinates":[[[59.642952425460734,36.20081456544617],[59.642952425460734,36.20980776908342],[59.65194562909798,36.20980776908342],[59.65194562909798,36.20081456544617],[59.642952425460734,36.20081456544617]]]}},{"type":"Feature","properties":{"jobs":0,"pop":100,"pointCount":1,"homeWorkCommuteMedian":7480,"workHomeCommuteMedian":-1},"geometry":{"type":"Polygon","coordinates":[[[59.642952425460734,36.218800972720665],[59.642952425460734,36.22779417635791],[59.65194562909798,36.22779417635791],[59.65194562909798,36.218800972720665],[59.642952425460734,36.218800972720665]]]}},{"type":"Feature","properties":{"jobs":1200,"pop":2100,"pointCount":11,"homeWorkCommuteMedian":5497,"workHomeCommuteMedian":6838},"geometry":{"type":"Polygon","coordinates":[[[59.642952425460734,36.25477378726965],[59.642952425460734,36.263766990906895],[59.65194562909798,36.263766990906895],[59.65194562909798,36.25477378726965],[59.642952425460734,36.25477378726965]]]}},{"type":"Feature","properties":{"jobs":0,"pop":2900,"pointCount":9,"homeWorkCommuteMedian":5335,"workHomeCommuteMedian":-1},"geometry":{"type":"Polygon","coordinates":[[[59.642952425460734,36.263766990906895],[59.642952425460734,36.27276019454414],[59.65194562909798,36.27276019454414],[59.65194562909798,36.263766990906895],[59.642952425460734,36.263766990906895]]]}},{"type":"Feature","properties":{"jobs":1100,"pop":1450,"pointCount":8,"homeWorkCommuteMedian":6217,"workHomeCommuteMedian":6137},"geometry":{"type":"Polygon","coordinates":[[[59.642952425460734,36.27276019454414],[59.642952425460734,36.28175339818139],[59.65194562909798,36.28175339818139],[59.65194562909798,36.27276019454414],[59.642952425460734,36.27276019454414]]]}},{"type":"Feature","properties":{"jobs":4500,"pop":6950,"pointCount":17,"homeWorkCommuteMedian":5424,"workHomeCommuteMedian":5963},"geometry":{"type":"Polygon","coordinates":[[[59.642952425460734,36.28175339818139],[59.642952425460734,36.29074660181863],[59.65194562909798,36.29074660181863],[59.65194562909798,36.28175339818139],[59.642952425460734,36.28175339818139]]]}},{"type":"Feature","properties":{"jobs":16800,"pop":6800,"pointCount":17,"homeWorkCommuteMedian":5388,"workHomeCommuteMedian":5788},"geometry":{"type":"Polygon","coordinates":[[[59.642952425460734,36.29074660181863],[59.642952425460734,36.29973980545588],[59.65194562909798,36.29973980545588],[59.65194562909798,36.29074660181863],[59.642952425460734,36.29074660181863]]]}},{"type":"Feature","properties":{"jobs":10000,"pop":11550,"pointCount":21,"homeWorkCommuteMedian":4961,"workHomeCommuteMedian":5594},"geometry":{"type":"Polygon","coordinates":[[[59.642952425460734,36.29973980545588],[59.642952425460734,36.308733009093125],[59.65194562909798,36.308733009093125],[59.65194562909798,36.29973980545588],[59.642952425460734,36.29973980545588]]]}},{"type":"Feature","properties":{"jobs":2900,"pop":6250,"pointCount":17,"homeWorkCommuteMedian":5987,"workHomeCommuteMedian":7502},"geometry":{"type":"Polygon","coordinates":[[[59.642952425460734,36.308733009093125],[59.642952425460734,36.31772621273037],[59.65194562909798,36.31772621273037],[59.65194562909798,36.308733009093125],[59.642952425460734,36.308733009093125]]]}},{"type":"Feature","properties":{"jobs":8700,"pop":5750,"pointCount":14,"homeWorkCommuteMedian":6262,"workHomeCommuteMedian":6472},"geometry":{"type":"Polygon","coordinates":[[[59.642952425460734,36.31772621273037],[59.642952425460734,36.32671941636762],[59.65194562909798,36.32671941636762],[59.65194562909798,36.31772621273037],[59.642952425460734,36.31772621273037]]]}},{"type":"Feature","properties":{"jobs":0,"pop":2050,"pointCount":7,"homeWorkCommuteMedian":8547,"workHomeCommuteMedian":-1},"geometry":{"type":"Polygon","coordinates":[[[59.642952425460734,36.32671941636762],[59.642952425460734,36.33571262000486],[59.65194562909798,36.33571262000486],[59.65194562909798,36.32671941636762],[59.642952425460734,36.32671941636762]]]}},{"type":"Feature","properties":{"jobs":0,"pop":1100,"pointCount":4,"homeWorkCommuteMedian":5714,"workHomeCommuteMedian":-1},"geometry":{"type":"Polygon","coordinates":[[[59.642952425460734,36.33571262000486],[59.642952425460734,36.34470582364211],[59.65194562909798,36.34470582364211],[59.65194562909798,36.33571262000486],[59.642952425460734,36.33571262000486]]]}},{"type":"Feature","properties":{"jobs":0,"pop":700,"pointCount":3,"homeWorkCommuteMedian":6878,"workHomeCommuteMedian":-1},"geometry":{"type":"Polygon","coordinates":[[[59.642952425460734,36.34470582364211],[59.642952425460734,36.353699027279355],[59.65194562909798,36.353699027279355],[59.65194562909798,36.34470582364211],[59.642952425460734,36.34470582364211]]]}},{"type":"Feature","properties":{"jobs":1500,"pop":2250,"pointCount":6,"homeWorkCommuteMedian":6411,"workHomeCommuteMedian":7380},"geometry":{"type":"Polygon","coordinates":[[[59.642952425460734,36.353699027279355],[59.642952425460734,36.3626922309166],[59.65194562909798,36.3626922309166],[59.65194562909798,36.353699027279355],[59.642952425460734,36.353699027279355]]]}},{"type":"Feature","properties":{"jobs":0,"pop":1400,"pointCount":3,"homeWorkCommuteMedian":7127,"workHomeCommuteMedian":-1},"geometry":{"type":"Polygon","coordinates":[[[59.642952425460734,36.3626922309166],[59.642952425460734,36.37168543455385],[59.65194562909798,36.37168543455385],[59.65194562909798,36.3626922309166],[59.642952425460734,36.3626922309166]]]}},{"type":"Feature","properties":{"jobs":0,"pop":400,"pointCount":3,"homeWorkCommuteMedian":16859,"workHomeCommuteMedian":-1},"geometry":{"type":"Polygon","coordinates":[[[59.642952425460734,36.37168543455385],[59.642952425460734,36.38067863819109],[59.65194562909798,36.38067863819109],[59.65194562909798,36.37168543455385],[59.642952425460734,36.37168543455385]]]}},{"type":"Feature","properties":{"jobs":0,"pop":1600,"pointCount":5,"homeWorkCommuteMedian":11549,"workHomeCommuteMedian":-1},"geometry":{"type":"Polygon","coordinates":[[[59.642952425460734,36.38067863819109],[59.642952425460734,36.38967184182834],[59.65194562909798,36.38967184182834],[59.65194562909798,36.38067863819109],[59.642952425460734,36.38067863819109]]]}},{"type":"Feature","properties":{"jobs":0,"pop":300,"pointCount":2,"homeWorkCommuteMedian":25311,"workHomeCommuteMedian":-1},"geometry":{"type":"Polygon","coordinates":[[[59.642952425460734,36.38967184182834],[59.642952425460734,36.398665045465584],[59.65194562909798,36.398665045465584],[59.65194562909798,36.38967184182834],[59.642952425460734,36.38967184182834]]]}},{"type":"Feature","properties":{"jobs":1500,"pop":1000,"pointCount":5,"homeWorkCommuteMedian":23775,"workHomeCommuteMedian":5447},"geometry":{"type":"Polygon","coordinates":[[[59.642952425460734,36.40765824910283],[59.642952425460734,36.416651452740076],[59.65194562909798,36.416651452740076],[59.65194562909798,36.40765824910283],[59.642952425460734,36.40765824910283]]]}},{"type":"Feature","properties":{"jobs":600,"pop":1300,"pointCount":8,"homeWorkCommuteMedian":12601,"workHomeCommuteMedian":12703},"geometry":{"type":"Polygon","coordinates":[[[59.65194562909798,36.19182136180893],[59.65194562909798,36.20081456544617],[59.660938832735226,36.20081456544617],[59.660938832735226,36.19182136180893],[59.65194562909798,36.19182136180893]]]}},{"type":"Feature","properties":{"jobs":0,"pop":3300,"pointCount":9,"homeWorkCommuteMedian":10920,"workHomeCommuteMedian":-1},"geometry":{"type":"Polygon","coordinates":[[[59.65194562909798,36.20081456544617],[59.65194562909798,36.20980776908342],[59.660938832735226,36.20980776908342],[59.660938832735226,36.20081456544617],[59.65194562909798,36.20081456544617]]]}},{"type":"Feature","properties":{"jobs":0,"pop":100,"pointCount":1,"homeWorkCommuteMedian":11481,"workHomeCommuteMedian":-1},"geometry":{"type":"Polygon","coordinates":[[[59.65194562909798,36.20980776908342],[59.65194562909798,36.218800972720665],[59.660938832735226,36.218800972720665],[59.660938832735226,36.20980776908342],[59.65194562909798,36.20980776908342]]]}},{"type":"Feature","properties":{"jobs":5300,"pop":4800,"pointCount":15,"homeWorkCommuteMedian":5598,"workHomeCommuteMedian":6994},"geometry":{"type":"Polygon","coordinates":[[[59.65194562909798,36.25477378726965],[59.65194562909798,36.263766990906895],[59.660938832735226,36.263766990906895],[59.660938832735226,36.25477378726965],[59.65194562909798,36.25477378726965]]]}},{"type":"Feature","properties":{"jobs":14900,"pop":3900,"pointCount":18,"homeWorkCommuteMedian":5929,"workHomeCommuteMedian":6619},"geometry":{"type":"Polygon","coordinates":[[[59.65194562909798,36.263766990906895],[59.65194562909798,36.27276019454414],[59.660938832735226,36.27276019454414],[59.660938832735226,36.263766990906895],[59.65194562909798,36.263766990906895]]]}},{"type":"Feature","properties":{"jobs":1300,"pop":3900,"pointCount":11,"homeWorkCommuteMedian":5995,"workHomeCommuteMedian":5698},"geometry":{"type":"Polygon","coordinates":[[[59.65194562909798,36.27276019454414],[59.65194562909798,36.28175339818139],[59.660938832735226,36.28175339818139],[59.660938832735226,36.27276019454414],[59.65194562909798,36.27276019454414]]]}},{"type":"Feature","properties":{"jobs":5600,"pop":3650,"pointCount":20,"homeWorkCommuteMedian":5472,"workHomeCommuteMedian":5992},"geometry":{"type":"Polygon","coordinates":[[[59.65194562909798,36.28175339818139],[59.65194562909798,36.29074660181863],[59.660938832735226,36.29074660181863],[59.660938832735226,36.28175339818139],[59.65194562909798,36.28175339818139]]]}},{"type":"Feature","properties":{"jobs":4500,"pop":7750,"pointCount":12,"homeWorkCommuteMedian":4843,"workHomeCommuteMedian":6531},"geometry":{"type":"Polygon","coordinates":[[[59.65194562909798,36.29074660181863],[59.65194562909798,36.29973980545588],[59.660938832735226,36.29973980545588],[59.660938832735226,36.29074660181863],[59.65194562909798,36.29074660181863]]]}},{"type":"Feature","properties":{"jobs":6300,"pop":13650,"pointCount":23,"homeWorkCommuteMedian":4387,"workHomeCommuteMedian":5894},"geometry":{"type":"Polygon","coordinates":[[[59.65194562909798,36.29973980545588],[59.65194562909798,36.308733009093125],[59.660938832735226,36.308733009093125],[59.660938832735226,36.29973980545588],[59.65194562909798,36.29973980545588]]]}},{"type":"Feature","properties":{"jobs":3600,"pop":9750,"pointCount":20,"homeWorkCommuteMedian":5633,"workHomeCommuteMedian":6584},"geometry":{"type":"Polygon","coordinates":[[[59.65194562909798,36.308733009093125],[59.65194562909798,36.31772621273037],[59.660938832735226,36.31772621273037],[59.660938832735226,36.308733009093125],[59.65194562909798,36.308733009093125]]]}},{"type":"Feature","properties":{"jobs":500,"pop":4200,"pointCount":12,"homeWorkCommuteMedian":6659,"workHomeCommuteMedian":7311},"geometry":{"type":"Polygon","coordinates":[[[59.65194562909798,36.31772621273037],[59.65194562909798,36.32671941636762],[59.660938832735226,36.32671941636762],[59.660938832735226,36.31772621273037],[59.65194562909798,36.31772621273037]]]}},{"type":"Feature","properties":{"jobs":200,"pop":4300,"pointCount":13,"homeWorkCommuteMedian":6331,"workHomeCommuteMedian":5410},"geometry":{"type":"Polygon","coordinates":[[[59.65194562909798,36.32671941636762],[59.65194562909798,36.33571262000486],[59.660938832735226,36.33571262000486],[59.660938832735226,36.32671941636762],[59.65194562909798,36.32671941636762]]]}},{"type":"Feature","properties":{"jobs":3900,"pop":3800,"pointCount":13,"homeWorkCommuteMedian":7700,"workHomeCommuteMedian":6866},"geometry":{"type":"Polygon","coordinates":[[[59.65194562909798,36.33571262000486],[59.65194562909798,36.34470582364211],[59.660938832735226,36.34470582364211],[59.660938832735226,36.33571262000486],[59.65194562909798,36.33571262000486]]]}},{"type":"Feature","properties":{"jobs":1200,"pop":4150,"pointCount":17,"homeWorkCommuteMedian":6076,"workHomeCommuteMedian":9251},"geometry":{"type":"Polygon","coordinates":[[[59.65194562909798,36.34470582364211],[59.65194562909798,36.353699027279355],[59.660938832735226,36.353699027279355],[59.660938832735226,36.34470582364211],[59.65194562909798,36.34470582364211]]]}},{"type":"Feature","properties":{"jobs":0,"pop":6300,"pointCount":12,"homeWorkCommuteMedian":6452,"workHomeCommuteMedian":-1},"geometry":{"type":"Polygon","coordinates":[[[59.65194562909798,36.353699027279355],[59.65194562909798,36.3626922309166],[59.660938832735226,36.3626922309166],[59.660938832735226,36.353699027279355],[59.65194562909798,36.353699027279355]]]}},{"type":"Feature","properties":{"jobs":0,"pop":300,"pointCount":2,"homeWorkCommuteMedian":13539,"workHomeCommuteMedian":-1},"geometry":{"type":"Polygon","coordinates":[[[59.65194562909798,36.37168543455385],[59.65194562909798,36.38067863819109],[59.660938832735226,36.38067863819109],[59.660938832735226,36.37168543455385],[59.65194562909798,36.37168543455385]]]}},{"type":"Feature","properties":{"jobs":0,"pop":100,"pointCount":1,"homeWorkCommuteMedian":23178,"workHomeCommuteMedian":-1},"geometry":{"type":"Polygon","coordinates":[[[59.65194562909798,36.38067863819109],[59.65194562909798,36.38967184182834],[59.660938832735226,36.38967184182834],[59.660938832735226,36.38067863819109],[59.65194562909798,36.38067863819109]]]}},{"type":"Feature","properties":{"jobs":200,"pop":800,"pointCount":3,"homeWorkCommuteMedian":14511,"workHomeCommuteMedian":6221},"geometry":{"type":"Polygon","coordinates":[[[59.65194562909798,36.38967184182834],[59.65194562909798,36.398665045465584],[59.660938832735226,36.398665045465584],[59.660938832735226,36.38967184182834],[59.65194562909798,36.38967184182834]]]}},{"type":"Feature","properties":{"jobs":400,"pop":600,"pointCount":5,"homeWorkCommuteMedian":11568,"workHomeCommuteMedian":8493},"geometry":{"type":"Polygon","coordinates":[[[59.65194562909798,36.398665045465584],[59.65194562909798,36.40765824910283],[59.660938832735226,36.40765824910283],[59.660938832735226,36.398665045465584],[59.65194562909798,36.398665045465584]]]}},{"type":"Feature","properties":{"jobs":0,"pop":300,"pointCount":3,"homeWorkCommuteMedian":18363,"workHomeCommuteMedian":-1},"geometry":{"type":"Polygon","coordinates":[[[59.65194562909798,36.40765824910283],[59.65194562909798,36.416651452740076],[59.660938832735226,36.416651452740076],[59.660938832735226,36.40765824910283],[59.65194562909798,36.40765824910283]]]}},{"type":"Feature","properties":{"jobs":0,"pop":200,"pointCount":2,"homeWorkCommuteMedian":19368,"workHomeCommuteMedian":-1},"geometry":{"type":"Polygon","coordinates":[[[59.660938832735226,36.173834954534435],[59.660938832735226,36.18282815817168],[59.66993203637247,36.18282815817168],[59.66993203637247,36.173834954534435],[59.660938832735226,36.173834954534435]]]}},{"type":"Feature","properties":{"jobs":200,"pop":200,"pointCount":4,"homeWorkCommuteMedian":15433,"workHomeCommuteMedian":22476},"geometry":{"type":"Polygon","coordinates":[[[59.660938832735226,36.19182136180893],[59.660938832735226,36.20081456544617],[59.66993203637247,36.20081456544617],[59.66993203637247,36.19182136180893],[59.660938832735226,36.19182136180893]]]}},{"type":"Feature","properties":{"jobs":700,"pop":3950,"pointCount":8,"homeWorkCommuteMedian":11993,"workHomeCommuteMedian":11210},"geometry":{"type":"Polygon","coordinates":[[[59.660938832735226,36.20081456544617],[59.660938832735226,36.20980776908342],[59.66993203637247,36.20980776908342],[59.66993203637247,36.20081456544617],[59.660938832735226,36.20081456544617]]]}},{"type":"Feature","properties":{"jobs":0,"pop":1900,"pointCount":6,"homeWorkCommuteMedian":11096,"workHomeCommuteMedian":-1},"geometry":{"type":"Polygon","coordinates":[[[59.660938832735226,36.20980776908342],[59.660938832735226,36.218800972720665],[59.66993203637247,36.218800972720665],[59.66993203637247,36.20980776908342],[59.660938832735226,36.20980776908342]]]}},{"type":"Feature","properties":{"jobs":2300,"pop":6600,"pointCount":11,"homeWorkCommuteMedian":5961,"workHomeCommuteMedian":5471},"geometry":{"type":"Polygon","coordinates":[[[59.660938832735226,36.25477378726965],[59.660938832735226,36.263766990906895],[59.66993203637247,36.263766990906895],[59.66993203637247,36.25477378726965],[59.660938832735226,36.25477378726965]]]}},{"type":"Feature","properties":{"jobs":3200,"pop":2700,"pointCount":11,"homeWorkCommuteMedian":6045,"workHomeCommuteMedian":5331},"geometry":{"type":"Polygon","coordinates":[[[59.660938832735226,36.263766990906895],[59.660938832735226,36.27276019454414],[59.66993203637247,36.27276019454414],[59.66993203637247,36.263766990906895],[59.660938832735226,36.263766990906895]]]}},{"type":"Feature","properties":{"jobs":200,"pop":4400,"pointCount":9,"homeWorkCommuteMedian":6614,"workHomeCommuteMedian":9320},"geometry":{"type":"Polygon","coordinates":[[[59.660938832735226,36.27276019454414],[59.660938832735226,36.28175339818139],[59.66993203637247,36.28175339818139],[59.66993203637247,36.27276019454414],[59.660938832735226,36.27276019454414]]]}},{"type":"Feature","properties":{"jobs":1000,"pop":2700,"pointCount":11,"homeWorkCommuteMedian":7084,"workHomeCommuteMedian":6671},"geometry":{"type":"Polygon","coordinates":[[[59.660938832735226,36.28175339818139],[59.660938832735226,36.29074660181863],[59.66993203637247,36.29074660181863],[59.66993203637247,36.28175339818139],[59.660938832735226,36.28175339818139]]]}},{"type":"Feature","properties":{"jobs":0,"pop":5500,"pointCount":8,"homeWorkCommuteMedian":6542,"workHomeCommuteMedian":-1},"geometry":{"type":"Polygon","coordinates":[[[59.660938832735226,36.29074660181863],[59.660938832735226,36.29973980545588],[59.66993203637247,36.29973980545588],[59.66993203637247,36.29074660181863],[59.660938832735226,36.29074660181863]]]}},{"type":"Feature","properties":{"jobs":2100,"pop":5400,"pointCount":12,"homeWorkCommuteMedian":5560,"workHomeCommuteMedian":6022},"geometry":{"type":"Polygon","coordinates":[[[59.660938832735226,36.29973980545588],[59.660938832735226,36.308733009093125],[59.66993203637247,36.308733009093125],[59.66993203637247,36.29973980545588],[59.660938832735226,36.29973980545588]]]}},{"type":"Feature","properties":{"jobs":3900,"pop":9300,"pointCount":16,"homeWorkCommuteMedian":4738,"workHomeCommuteMedian":5297},"geometry":{"type":"Polygon","coordinates":[[[59.660938832735226,36.308733009093125],[59.660938832735226,36.31772621273037],[59.66993203637247,36.31772621273037],[59.66993203637247,36.308733009093125],[59.660938832735226,36.308733009093125]]]}},{"type":"Feature","properties":{"jobs":3300,"pop":5450,"pointCount":13,"homeWorkCommuteMedian":6270,"workHomeCommuteMedian":5089},"geometry":{"type":"Polygon","coordinates":[[[59.660938832735226,36.31772621273037],[59.660938832735226,36.32671941636762],[59.66993203637247,36.32671941636762],[59.66993203637247,36.31772621273037],[59.660938832735226,36.31772621273037]]]}},{"type":"Feature","properties":{"jobs":0,"pop":2300,"pointCount":5,"homeWorkCommuteMedian":5474,"workHomeCommuteMedian":-1},"geometry":{"type":"Polygon","coordinates":[[[59.660938832735226,36.32671941636762],[59.660938832735226,36.33571262000486],[59.66993203637247,36.33571262000486],[59.66993203637247,36.32671941636762],[59.660938832735226,36.32671941636762]]]}},{"type":"Feature","properties":{"jobs":0,"pop":100,"pointCount":1,"homeWorkCommuteMedian":4332,"workHomeCommuteMedian":-1},"geometry":{"type":"Polygon","coordinates":[[[59.660938832735226,36.33571262000486],[59.660938832735226,36.34470582364211],[59.66993203637247,36.34470582364211],[59.66993203637247,36.33571262000486],[59.660938832735226,36.33571262000486]]]}},{"type":"Feature","properties":{"jobs":900,"pop":2250,"pointCount":6,"homeWorkCommuteMedian":5268,"workHomeCommuteMedian":4796},"geometry":{"type":"Polygon","coordinates":[[[59.660938832735226,36.34470582364211],[59.660938832735226,36.353699027279355],[59.66993203637247,36.353699027279355],[59.66993203637247,36.34470582364211],[59.660938832735226,36.34470582364211]]]}},{"type":"Feature","properties":{"jobs":10400,"pop":2550,"pointCount":10,"homeWorkCommuteMedian":7529,"workHomeCommuteMedian":3576},"geometry":{"type":"Polygon","coordinates":[[[59.660938832735226,36.353699027279355],[59.660938832735226,36.3626922309166],[59.66993203637247,36.3626922309166],[59.66993203637247,36.353699027279355],[59.660938832735226,36.353699027279355]]]}},{"type":"Feature","properties":{"jobs":0,"pop":2000,"pointCount":6,"homeWorkCommuteMedian":6841,"workHomeCommuteMedian":-1},"geometry":{"type":"Polygon","coordinates":[[[59.660938832735226,36.3626922309166],[59.660938832735226,36.37168543455385],[59.66993203637247,36.37168543455385],[59.66993203637247,36.3626922309166],[59.660938832735226,36.3626922309166]]]}},{"type":"Feature","properties":{"jobs":0,"pop":900,"pointCount":5,"homeWorkCommuteMedian":8456,"workHomeCommuteMedian":-1},"geometry":{"type":"Polygon","coordinates":[[[59.660938832735226,36.37168543455385],[59.660938832735226,36.38067863819109],[59.66993203637247,36.38067863819109],[59.66993203637247,36.37168543455385],[59.660938832735226,36.37168543455385]]]}},{"type":"Feature","properties":{"jobs":400,"pop":300,"pointCount":5,"homeWorkCommuteMedian":17138,"workHomeCommuteMedian":16449},"geometry":{"type":"Polygon","coordinates":[[[59.660938832735226,36.38067863819109],[59.660938832735226,36.38967184182834],[59.66993203637247,36.38967184182834],[59.66993203637247,36.38067863819109],[59.660938832735226,36.38067863819109]]]}},{"type":"Feature","properties":{"jobs":400,"pop":600,"pointCount":6,"homeWorkCommuteMedian":9948,"workHomeCommuteMedian":24881},"geometry":{"type":"Polygon","coordinates":[[[59.660938832735226,36.38967184182834],[59.660938832735226,36.398665045465584],[59.66993203637247,36.398665045465584],[59.66993203637247,36.38967184182834],[59.660938832735226,36.38967184182834]]]}},{"type":"Feature","properties":{"jobs":0,"pop":600,"pointCount":2,"homeWorkCommuteMedian":13772,"workHomeCommuteMedian":-1},"geometry":{"type":"Polygon","coordinates":[[[59.660938832735226,36.398665045465584],[59.660938832735226,36.40765824910283],[59.66993203637247,36.40765824910283],[59.66993203637247,36.398665045465584],[59.660938832735226,36.398665045465584]]]}},{"type":"Feature","properties":{"jobs":1900,"pop":200,"pointCount":3,"homeWorkCommuteMedian":15055,"workHomeCommuteMedian":13595},"geometry":{"type":"Polygon","coordinates":[[[59.660938832735226,36.40765824910283],[59.660938832735226,36.416651452740076],[59.66993203637247,36.416651452740076],[59.66993203637247,36.40765824910283],[59.660938832735226,36.40765824910283]]]}},{"type":"Feature","properties":{"jobs":0,"pop":100,"pointCount":1,"homeWorkCommuteMedian":35628,"workHomeCommuteMedian":-1},"geometry":{"type":"Polygon","coordinates":[[[59.66993203637247,36.15584854725994],[59.66993203637247,36.16484175089719],[59.67892524000972,36.16484175089719],[59.67892524000972,36.15584854725994],[59.66993203637247,36.15584854725994]]]}},{"type":"Feature","properties":{"jobs":0,"pop":300,"pointCount":1,"homeWorkCommuteMedian":12956,"workHomeCommuteMedian":-1},"geometry":{"type":"Polygon","coordinates":[[[59.66993203637247,36.173834954534435],[59.66993203637247,36.18282815817168],[59.67892524000972,36.18282815817168],[59.67892524000972,36.173834954534435],[59.66993203637247,36.173834954534435]]]}},{"type":"Feature","properties":{"jobs":0,"pop":300,"pointCount":3,"homeWorkCommuteMedian":15757,"workHomeCommuteMedian":-1},"geometry":{"type":"Polygon","coordinates":[[[59.66993203637247,36.19182136180893],[59.66993203637247,36.20081456544617],[59.67892524000972,36.20081456544617],[59.67892524000972,36.19182136180893],[59.66993203637247,36.19182136180893]]]}},{"type":"Feature","properties":{"jobs":0,"pop":1300,"pointCount":4,"homeWorkCommuteMedian":12262,"workHomeCommuteMedian":-1},"geometry":{"type":"Polygon","coordinates":[[[59.66993203637247,36.20081456544617],[59.66993203637247,36.20980776908342],[59.67892524000972,36.20980776908342],[59.67892524000972,36.20081456544617],[59.66993203637247,36.20081456544617]]]}},{"type":"Feature","properties":{"jobs":0,"pop":600,"pointCount":4,"homeWorkCommuteMedian":12404,"workHomeCommuteMedian":-1},"geometry":{"type":"Polygon","coordinates":[[[59.66993203637247,36.20980776908342],[59.66993203637247,36.218800972720665],[59.67892524000972,36.218800972720665],[59.67892524000972,36.20980776908342],[59.66993203637247,36.20980776908342]]]}},{"type":"Feature","properties":{"jobs":0,"pop":100,"pointCount":1,"homeWorkCommuteMedian":9549,"workHomeCommuteMedian":-1},"geometry":{"type":"Polygon","coordinates":[[[59.66993203637247,36.22779417635791],[59.66993203637247,36.23678737999516],[59.67892524000972,36.23678737999516],[59.67892524000972,36.22779417635791],[59.66993203637247,36.22779417635791]]]}},{"type":"Feature","properties":{"jobs":100,"pop":0,"pointCount":1,"homeWorkCommuteMedian":-1,"workHomeCommuteMedian":26437},"geometry":{"type":"Polygon","coordinates":[[[59.66993203637247,36.23678737999516],[59.66993203637247,36.2457805836324],[59.67892524000972,36.2457805836324],[59.67892524000972,36.23678737999516],[59.66993203637247,36.23678737999516]]]}},{"type":"Feature","properties":{"jobs":0,"pop":100,"pointCount":1,"homeWorkCommuteMedian":11028,"workHomeCommuteMedian":-1},"geometry":{"type":"Polygon","coordinates":[[[59.66993203637247,36.2457805836324],[59.66993203637247,36.25477378726965],[59.67892524000972,36.25477378726965],[59.67892524000972,36.2457805836324],[59.66993203637247,36.2457805836324]]]}},{"type":"Feature","properties":{"jobs":1500,"pop":9350,"pointCount":13,"homeWorkCommuteMedian":6560,"workHomeCommuteMedian":5152},"geometry":{"type":"Polygon","coordinates":[[[59.66993203637247,36.25477378726965],[59.66993203637247,36.263766990906895],[59.67892524000972,36.263766990906895],[59.67892524000972,36.25477378726965],[59.66993203637247,36.25477378726965]]]}},{"type":"Feature","properties":{"jobs":5100,"pop":8100,"pointCount":17,"homeWorkCommuteMedian":5773,"workHomeCommuteMedian":4998},"geometry":{"type":"Polygon","coordinates":[[[59.66993203637247,36.263766990906895],[59.66993203637247,36.27276019454414],[59.67892524000972,36.27276019454414],[59.67892524000972,36.263766990906895],[59.66993203637247,36.263766990906895]]]}},{"type":"Feature","properties":{"jobs":600,"pop":2100,"pointCount":8,"homeWorkCommuteMedian":6530,"workHomeCommuteMedian":12098},"geometry":{"type":"Polygon","coordinates":[[[59.66993203637247,36.27276019454414],[59.66993203637247,36.28175339818139],[59.67892524000972,36.28175339818139],[59.67892524000972,36.27276019454414],[59.66993203637247,36.27276019454414]]]}},{"type":"Feature","properties":{"jobs":1400,"pop":5200,"pointCount":14,"homeWorkCommuteMedian":6883,"workHomeCommuteMedian":7378},"geometry":{"type":"Polygon","coordinates":[[[59.66993203637247,36.28175339818139],[59.66993203637247,36.29074660181863],[59.67892524000972,36.29074660181863],[59.67892524000972,36.28175339818139],[59.66993203637247,36.28175339818139]]]}},{"type":"Feature","properties":{"jobs":11700,"pop":9600,"pointCount":19,"homeWorkCommuteMedian":6741,"workHomeCommuteMedian":6552},"geometry":{"type":"Polygon","coordinates":[[[59.66993203637247,36.29074660181863],[59.66993203637247,36.29973980545588],[59.67892524000972,36.29973980545588],[59.67892524000972,36.29074660181863],[59.66993203637247,36.29074660181863]]]}},{"type":"Feature","properties":{"jobs":1500,"pop":7350,"pointCount":17,"homeWorkCommuteMedian":6230,"workHomeCommuteMedian":4546},"geometry":{"type":"Polygon","coordinates":[[[59.66993203637247,36.29973980545588],[59.66993203637247,36.308733009093125],[59.67892524000972,36.308733009093125],[59.67892524000972,36.29973980545588],[59.66993203637247,36.29973980545588]]]}},{"type":"Feature","properties":{"jobs":4200,"pop":6600,"pointCount":17,"homeWorkCommuteMedian":5552,"workHomeCommuteMedian":5101},"geometry":{"type":"Polygon","coordinates":[[[59.66993203637247,36.308733009093125],[59.66993203637247,36.31772621273037],[59.67892524000972,36.31772621273037],[59.67892524000972,36.308733009093125],[59.66993203637247,36.308733009093125]]]}},{"type":"Feature","properties":{"jobs":800,"pop":8500,"pointCount":15,"homeWorkCommuteMedian":5471,"workHomeCommuteMedian":6986},"geometry":{"type":"Polygon","coordinates":[[[59.66993203637247,36.31772621273037],[59.66993203637247,36.32671941636762],[59.67892524000972,36.32671941636762],[59.67892524000972,36.31772621273037],[59.66993203637247,36.31772621273037]]]}},{"type":"Feature","properties":{"jobs":4300,"pop":7000,"pointCount":16,"homeWorkCommuteMedian":6409,"workHomeCommuteMedian":7548},"geometry":{"type":"Polygon","coordinates":[[[59.66993203637247,36.32671941636762],[59.66993203637247,36.33571262000486],[59.67892524000972,36.33571262000486],[59.67892524000972,36.32671941636762],[59.66993203637247,36.32671941636762]]]}},{"type":"Feature","properties":{"jobs":0,"pop":100,"pointCount":1,"homeWorkCommuteMedian":10692,"workHomeCommuteMedian":-1},"geometry":{"type":"Polygon","coordinates":[[[59.66993203637247,36.33571262000486],[59.66993203637247,36.34470582364211],[59.67892524000972,36.34470582364211],[59.67892524000972,36.33571262000486],[59.66993203637247,36.33571262000486]]]}},{"type":"Feature","properties":{"jobs":1400,"pop":2350,"pointCount":10,"homeWorkCommuteMedian":8203,"workHomeCommuteMedian":4871},"geometry":{"type":"Polygon","coordinates":[[[59.66993203637247,36.34470582364211],[59.66993203637247,36.353699027279355],[59.67892524000972,36.353699027279355],[59.67892524000972,36.34470582364211],[59.66993203637247,36.34470582364211]]]}},{"type":"Feature","properties":{"jobs":0,"pop":400,"pointCount":2,"homeWorkCommuteMedian":7668,"workHomeCommuteMedian":-1},"geometry":{"type":"Polygon","coordinates":[[[59.66993203637247,36.353699027279355],[59.66993203637247,36.3626922309166],[59.67892524000972,36.3626922309166],[59.67892524000972,36.353699027279355],[59.66993203637247,36.353699027279355]]]}},{"type":"Feature","properties":{"jobs":0,"pop":3000,"pointCount":7,"homeWorkCommuteMedian":8607,"workHomeCommuteMedian":-1},"geometry":{"type":"Polygon","coordinates":[[[59.66993203637247,36.3626922309166],[59.66993203637247,36.37168543455385],[59.67892524000972,36.37168543455385],[59.67892524000972,36.3626922309166],[59.66993203637247,36.3626922309166]]]}},{"type":"Feature","properties":{"jobs":900,"pop":3100,"pointCount":12,"homeWorkCommuteMedian":9093,"workHomeCommuteMedian":9168},"geometry":{"type":"Polygon","coordinates":[[[59.66993203637247,36.37168543455385],[59.66993203637247,36.38067863819109],[59.67892524000972,36.38067863819109],[59.67892524000972,36.37168543455385],[59.66993203637247,36.37168543455385]]]}},{"type":"Feature","properties":{"jobs":1500,"pop":2600,"pointCount":14,"homeWorkCommuteMedian":10490,"workHomeCommuteMedian":10646},"geometry":{"type":"Polygon","coordinates":[[[59.66993203637247,36.38067863819109],[59.66993203637247,36.38967184182834],[59.67892524000972,36.38967184182834],[59.67892524000972,36.38067863819109],[59.66993203637247,36.38067863819109]]]}},{"type":"Feature","properties":{"jobs":5900,"pop":7250,"pointCount":21,"homeWorkCommuteMedian":10957,"workHomeCommuteMedian":11084},"geometry":{"type":"Polygon","coordinates":[[[59.66993203637247,36.38967184182834],[59.66993203637247,36.398665045465584],[59.67892524000972,36.398665045465584],[59.67892524000972,36.38967184182834],[59.66993203637247,36.38967184182834]]]}},{"type":"Feature","properties":{"jobs":2400,"pop":7000,"pointCount":17,"homeWorkCommuteMedian":12046,"workHomeCommuteMedian":11901},"geometry":{"type":"Polygon","coordinates":[[[59.66993203637247,36.398665045465584],[59.66993203637247,36.40765824910283],[59.67892524000972,36.40765824910283],[59.67892524000972,36.398665045465584],[59.66993203637247,36.398665045465584]]]}},{"type":"Feature","properties":{"jobs":0,"pop":1100,"pointCount":7,"homeWorkCommuteMedian":12190,"workHomeCommuteMedian":-1},"geometry":{"type":"Polygon","coordinates":[[[59.66993203637247,36.40765824910283],[59.66993203637247,36.416651452740076],[59.67892524000972,36.416651452740076],[59.67892524000972,36.40765824910283],[59.66993203637247,36.40765824910283]]]}},{"type":"Feature","properties":{"jobs":400,"pop":300,"pointCount":3,"homeWorkCommuteMedian":28168,"workHomeCommuteMedian":10036},"geometry":{"type":"Polygon","coordinates":[[[59.67892524000972,36.16484175089719],[59.67892524000972,36.173834954534435],[59.687918443646964,36.173834954534435],[59.687918443646964,36.16484175089719],[59.67892524000972,36.16484175089719]]]}},{"type":"Feature","properties":{"jobs":0,"pop":600,"pointCount":2,"homeWorkCommuteMedian":17317,"workHomeCommuteMedian":-1},"geometry":{"type":"Polygon","coordinates":[[[59.67892524000972,36.173834954534435],[59.67892524000972,36.18282815817168],[59.687918443646964,36.18282815817168],[59.687918443646964,36.173834954534435],[59.67892524000972,36.173834954534435]]]}},{"type":"Feature","properties":{"jobs":0,"pop":100,"pointCount":1,"homeWorkCommuteMedian":10356,"workHomeCommuteMedian":-1},"geometry":{"type":"Polygon","coordinates":[[[59.67892524000972,36.19182136180893],[59.67892524000972,36.20081456544617],[59.687918443646964,36.20081456544617],[59.687918443646964,36.19182136180893],[59.67892524000972,36.19182136180893]]]}},{"type":"Feature","properties":{"jobs":200,"pop":300,"pointCount":3,"homeWorkCommuteMedian":12842,"workHomeCommuteMedian":11265},"geometry":{"type":"Polygon","coordinates":[[[59.67892524000972,36.20081456544617],[59.67892524000972,36.20980776908342],[59.687918443646964,36.20980776908342],[59.687918443646964,36.20081456544617],[59.67892524000972,36.20081456544617]]]}},{"type":"Feature","properties":{"jobs":100,"pop":0,"pointCount":1,"homeWorkCommuteMedian":-1,"workHomeCommuteMedian":11597},"geometry":{"type":"Polygon","coordinates":[[[59.67892524000972,36.218800972720665],[59.67892524000972,36.22779417635791],[59.687918443646964,36.22779417635791],[59.687918443646964,36.218800972720665],[59.67892524000972,36.218800972720665]]]}},{"type":"Feature","properties":{"jobs":0,"pop":100,"pointCount":1,"homeWorkCommuteMedian":9928,"workHomeCommuteMedian":-1},"geometry":{"type":"Polygon","coordinates":[[[59.67892524000972,36.22779417635791],[59.67892524000972,36.23678737999516],[59.687918443646964,36.23678737999516],[59.687918443646964,36.22779417635791],[59.67892524000972,36.22779417635791]]]}},{"type":"Feature","properties":{"jobs":0,"pop":300,"pointCount":2,"homeWorkCommuteMedian":21857,"workHomeCommuteMedian":-1},"geometry":{"type":"Polygon","coordinates":[[[59.67892524000972,36.23678737999516],[59.67892524000972,36.2457805836324],[59.687918443646964,36.2457805836324],[59.687918443646964,36.23678737999516],[59.67892524000972,36.23678737999516]]]}},{"type":"Feature","properties":{"jobs":5100,"pop":3950,"pointCount":11,"homeWorkCommuteMedian":6658,"workHomeCommuteMedian":5824},"geometry":{"type":"Polygon","coordinates":[[[59.67892524000972,36.25477378726965],[59.67892524000972,36.263766990906895],[59.687918443646964,36.263766990906895],[59.687918443646964,36.25477378726965],[59.67892524000972,36.25477378726965]]]}},{"type":"Feature","properties":{"jobs":5300,"pop":5350,"pointCount":17,"homeWorkCommuteMedian":6937,"workHomeCommuteMedian":6083},"geometry":{"type":"Polygon","coordinates":[[[59.67892524000972,36.263766990906895],[59.67892524000972,36.27276019454414],[59.687918443646964,36.27276019454414],[59.687918443646964,36.263766990906895],[59.67892524000972,36.263766990906895]]]}},{"type":"Feature","properties":{"jobs":0,"pop":2600,"pointCount":11,"homeWorkCommuteMedian":6330,"workHomeCommuteMedian":-1},"geometry":{"type":"Polygon","coordinates":[[[59.67892524000972,36.27276019454414],[59.67892524000972,36.28175339818139],[59.687918443646964,36.28175339818139],[59.687918443646964,36.27276019454414],[59.67892524000972,36.27276019454414]]]}},{"type":"Feature","properties":{"jobs":100,"pop":800,"pointCount":4,"homeWorkCommuteMedian":5590,"workHomeCommuteMedian":9928},"geometry":{"type":"Polygon","coordinates":[[[59.67892524000972,36.28175339818139],[59.67892524000972,36.29074660181863],[59.687918443646964,36.29074660181863],[59.687918443646964,36.28175339818139],[59.67892524000972,36.28175339818139]]]}},{"type":"Feature","properties":{"jobs":1800,"pop":5100,"pointCount":12,"homeWorkCommuteMedian":6296,"workHomeCommuteMedian":6217},"geometry":{"type":"Polygon","coordinates":[[[59.67892524000972,36.29074660181863],[59.67892524000972,36.29973980545588],[59.687918443646964,36.29973980545588],[59.687918443646964,36.29074660181863],[59.67892524000972,36.29074660181863]]]}},{"type":"Feature","properties":{"jobs":0,"pop":2400,"pointCount":8,"homeWorkCommuteMedian":6421,"workHomeCommuteMedian":-1},"geometry":{"type":"Polygon","coordinates":[[[59.67892524000972,36.29973980545588],[59.67892524000972,36.308733009093125],[59.687918443646964,36.308733009093125],[59.687918443646964,36.29973980545588],[59.67892524000972,36.29973980545588]]]}},{"type":"Feature","properties":{"jobs":3000,"pop":4400,"pointCount":13,"homeWorkCommuteMedian":6301,"workHomeCommuteMedian":5460},"geometry":{"type":"Polygon","coordinates":[[[59.67892524000972,36.308733009093125],[59.67892524000972,36.31772621273037],[59.687918443646964,36.31772621273037],[59.687918443646964,36.308733009093125],[59.67892524000972,36.308733009093125]]]}},{"type":"Feature","properties":{"jobs":7400,"pop":9050,"pointCount":15,"homeWorkCommuteMedian":6529,"workHomeCommuteMedian":5581},"geometry":{"type":"Polygon","coordinates":[[[59.67892524000972,36.31772621273037],[59.67892524000972,36.32671941636762],[59.687918443646964,36.32671941636762],[59.687918443646964,36.31772621273037],[59.67892524000972,36.31772621273037]]]}},{"type":"Feature","properties":{"jobs":8600,"pop":4200,"pointCount":11,"homeWorkCommuteMedian":6685,"workHomeCommuteMedian":7243},"geometry":{"type":"Polygon","coordinates":[[[59.67892524000972,36.32671941636762],[59.67892524000972,36.33571262000486],[59.687918443646964,36.33571262000486],[59.687918443646964,36.32671941636762],[59.67892524000972,36.32671941636762]]]}},{"type":"Feature","properties":{"jobs":0,"pop":200,"pointCount":2,"homeWorkCommuteMedian":8120,"workHomeCommuteMedian":-1},"geometry":{"type":"Polygon","coordinates":[[[59.67892524000972,36.33571262000486],[59.67892524000972,36.34470582364211],[59.687918443646964,36.34470582364211],[59.687918443646964,36.33571262000486],[59.67892524000972,36.33571262000486]]]}},{"type":"Feature","properties":{"jobs":0,"pop":400,"pointCount":2,"homeWorkCommuteMedian":10437,"workHomeCommuteMedian":-1},"geometry":{"type":"Polygon","coordinates":[[[59.67892524000972,36.34470582364211],[59.67892524000972,36.353699027279355],[59.687918443646964,36.353699027279355],[59.687918443646964,36.34470582364211],[59.67892524000972,36.34470582364211]]]}},{"type":"Feature","properties":{"jobs":0,"pop":100,"pointCount":1,"homeWorkCommuteMedian":3377,"workHomeCommuteMedian":-1},"geometry":{"type":"Polygon","coordinates":[[[59.67892524000972,36.3626922309166],[59.67892524000972,36.37168543455385],[59.687918443646964,36.37168543455385],[59.687918443646964,36.3626922309166],[59.67892524000972,36.3626922309166]]]}},{"type":"Feature","properties":{"jobs":200,"pop":100,"pointCount":2,"homeWorkCommuteMedian":8334,"workHomeCommuteMedian":4594},"geometry":{"type":"Polygon","coordinates":[[[59.67892524000972,36.37168543455385],[59.67892524000972,36.38067863819109],[59.687918443646964,36.38067863819109],[59.687918443646964,36.37168543455385],[59.67892524000972,36.37168543455385]]]}},{"type":"Feature","properties":{"jobs":0,"pop":200,"pointCount":2,"homeWorkCommuteMedian":19825,"workHomeCommuteMedian":-1},"geometry":{"type":"Polygon","coordinates":[[[59.67892524000972,36.38067863819109],[59.67892524000972,36.38967184182834],[59.687918443646964,36.38967184182834],[59.687918443646964,36.38067863819109],[59.67892524000972,36.38067863819109]]]}},{"type":"Feature","properties":{"jobs":400,"pop":1800,"pointCount":8,"homeWorkCommuteMedian":11355,"workHomeCommuteMedian":19489},"geometry":{"type":"Polygon","coordinates":[[[59.67892524000972,36.38967184182834],[59.67892524000972,36.398665045465584],[59.687918443646964,36.398665045465584],[59.687918443646964,36.38967184182834],[59.67892524000972,36.38967184182834]]]}},{"type":"Feature","properties":{"jobs":600,"pop":1200,"pointCount":10,"homeWorkCommuteMedian":11969,"workHomeCommuteMedian":11447},"geometry":{"type":"Polygon","coordinates":[[[59.67892524000972,36.398665045465584],[59.67892524000972,36.40765824910283],[59.687918443646964,36.40765824910283],[59.687918443646964,36.398665045465584],[59.67892524000972,36.398665045465584]]]}},{"type":"Feature","properties":{"jobs":100,"pop":200,"pointCount":2,"homeWorkCommuteMedian":18216,"workHomeCommuteMedian":9179},"geometry":{"type":"Polygon","coordinates":[[[59.67892524000972,36.40765824910283],[59.67892524000972,36.416651452740076],[59.687918443646964,36.416651452740076],[59.687918443646964,36.40765824910283],[59.67892524000972,36.40765824910283]]]}},{"type":"Feature","properties":{"jobs":0,"pop":100,"pointCount":1,"homeWorkCommuteMedian":29469,"workHomeCommuteMedian":-1},"geometry":{"type":"Polygon","coordinates":[[[59.687918443646964,36.15584854725994],[59.687918443646964,36.16484175089719],[59.69691164728421,36.16484175089719],[59.69691164728421,36.15584854725994],[59.687918443646964,36.15584854725994]]]}},{"type":"Feature","properties":{"jobs":0,"pop":300,"pointCount":3,"homeWorkCommuteMedian":21847,"workHomeCommuteMedian":-1},"geometry":{"type":"Polygon","coordinates":[[[59.687918443646964,36.16484175089719],[59.687918443646964,36.173834954534435],[59.69691164728421,36.173834954534435],[59.69691164728421,36.16484175089719],[59.687918443646964,36.16484175089719]]]}},{"type":"Feature","properties":{"jobs":0,"pop":100,"pointCount":1,"homeWorkCommuteMedian":15737,"workHomeCommuteMedian":-1},"geometry":{"type":"Polygon","coordinates":[[[59.687918443646964,36.19182136180893],[59.687918443646964,36.20081456544617],[59.69691164728421,36.20081456544617],[59.69691164728421,36.19182136180893],[59.687918443646964,36.19182136180893]]]}},{"type":"Feature","properties":{"jobs":0,"pop":300,"pointCount":3,"homeWorkCommuteMedian":7008,"workHomeCommuteMedian":-1},"geometry":{"type":"Polygon","coordinates":[[[59.687918443646964,36.25477378726965],[59.687918443646964,36.263766990906895],[59.69691164728421,36.263766990906895],[59.69691164728421,36.25477378726965],[59.687918443646964,36.25477378726965]]]}},{"type":"Feature","properties":{"jobs":1800,"pop":1000,"pointCount":5,"homeWorkCommuteMedian":7551,"workHomeCommuteMedian":6944},"geometry":{"type":"Polygon","coordinates":[[[59.687918443646964,36.263766990906895],[59.687918443646964,36.27276019454414],[59.69691164728421,36.27276019454414],[59.69691164728421,36.263766990906895],[59.687918443646964,36.263766990906895]]]}},{"type":"Feature","properties":{"jobs":0,"pop":4100,"pointCount":9,"homeWorkCommuteMedian":7110,"workHomeCommuteMedian":-1},"geometry":{"type":"Polygon","coordinates":[[[59.687918443646964,36.27276019454414],[59.687918443646964,36.28175339818139],[59.69691164728421,36.28175339818139],[59.69691164728421,36.27276019454414],[59.687918443646964,36.27276019454414]]]}},{"type":"Feature","properties":{"jobs":1500,"pop":1700,"pointCount":11,"homeWorkCommuteMedian":8081,"workHomeCommuteMedian":8124},"geometry":{"type":"Polygon","coordinates":[[[59.687918443646964,36.28175339818139],[59.687918443646964,36.29074660181863],[59.69691164728421,36.29074660181863],[59.69691164728421,36.28175339818139],[59.687918443646964,36.28175339818139]]]}},{"type":"Feature","properties":{"jobs":1800,"pop":100,"pointCount":2,"homeWorkCommuteMedian":7896,"workHomeCommuteMedian":6121},"geometry":{"type":"Polygon","coordinates":[[[59.687918443646964,36.29074660181863],[59.687918443646964,36.29973980545588],[59.69691164728421,36.29973980545588],[59.69691164728421,36.29074660181863],[59.687918443646964,36.29074660181863]]]}},{"type":"Feature","properties":{"jobs":0,"pop":400,"pointCount":4,"homeWorkCommuteMedian":6680,"workHomeCommuteMedian":-1},"geometry":{"type":"Polygon","coordinates":[[[59.687918443646964,36.29973980545588],[59.687918443646964,36.308733009093125],[59.69691164728421,36.308733009093125],[59.69691164728421,36.29973980545588],[59.687918443646964,36.29973980545588]]]}},{"type":"Feature","properties":{"jobs":2200,"pop":900,"pointCount":6,"homeWorkCommuteMedian":7439,"workHomeCommuteMedian":6306},"geometry":{"type":"Polygon","coordinates":[[[59.687918443646964,36.308733009093125],[59.687918443646964,36.31772621273037],[59.69691164728421,36.31772621273037],[59.69691164728421,36.308733009093125],[59.687918443646964,36.308733009093125]]]}},{"type":"Feature","properties":{"jobs":0,"pop":5600,"pointCount":9,"homeWorkCommuteMedian":7902,"workHomeCommuteMedian":-1},"geometry":{"type":"Polygon","coordinates":[[[59.687918443646964,36.31772621273037],[59.687918443646964,36.32671941636762],[59.69691164728421,36.32671941636762],[59.69691164728421,36.31772621273037],[59.687918443646964,36.31772621273037]]]}},{"type":"Feature","properties":{"jobs":0,"pop":200,"pointCount":1,"homeWorkCommuteMedian":12877,"workHomeCommuteMedian":-1},"geometry":{"type":"Polygon","coordinates":[[[59.687918443646964,36.32671941636762],[59.687918443646964,36.33571262000486],[59.69691164728421,36.33571262000486],[59.69691164728421,36.32671941636762],[59.687918443646964,36.32671941636762]]]}},{"type":"Feature","properties":{"jobs":0,"pop":200,"pointCount":1,"homeWorkCommuteMedian":11178,"workHomeCommuteMedian":-1},"geometry":{"type":"Polygon","coordinates":[[[59.687918443646964,36.33571262000486],[59.687918443646964,36.34470582364211],[59.69691164728421,36.34470582364211],[59.69691164728421,36.33571262000486],[59.687918443646964,36.33571262000486]]]}},{"type":"Feature","properties":{"jobs":0,"pop":200,"pointCount":2,"homeWorkCommuteMedian":7793,"workHomeCommuteMedian":-1},"geometry":{"type":"Polygon","coordinates":[[[59.687918443646964,36.34470582364211],[59.687918443646964,36.353699027279355],[59.69691164728421,36.353699027279355],[59.69691164728421,36.34470582364211],[59.687918443646964,36.34470582364211]]]}},{"type":"Feature","properties":{"jobs":100,"pop":0,"pointCount":1,"homeWorkCommuteMedian":-1,"workHomeCommuteMedian":14340},"geometry":{"type":"Polygon","coordinates":[[[59.687918443646964,36.353699027279355],[59.687918443646964,36.3626922309166],[59.69691164728421,36.3626922309166],[59.69691164728421,36.353699027279355],[59.687918443646964,36.353699027279355]]]}},{"type":"Feature","properties":{"jobs":100,"pop":100,"pointCount":2,"homeWorkCommuteMedian":9417,"workHomeCommuteMedian":7968},"geometry":{"type":"Polygon","coordinates":[[[59.687918443646964,36.3626922309166],[59.687918443646964,36.37168543455385],[59.69691164728421,36.37168543455385],[59.69691164728421,36.3626922309166],[59.687918443646964,36.3626922309166]]]}},{"type":"Feature","properties":{"jobs":100,"pop":100,"pointCount":1,"homeWorkCommuteMedian":10304,"workHomeCommuteMedian":6919},"geometry":{"type":"Polygon","coordinates":[[[59.687918443646964,36.37168543455385],[59.687918443646964,36.38067863819109],[59.69691164728421,36.38067863819109],[59.69691164728421,36.37168543455385],[59.687918443646964,36.37168543455385]]]}},{"type":"Feature","properties":{"jobs":700,"pop":600,"pointCount":7,"homeWorkCommuteMedian":15677,"workHomeCommuteMedian":17882},"geometry":{"type":"Polygon","coordinates":[[[59.687918443646964,36.38967184182834],[59.687918443646964,36.398665045465584],[59.69691164728421,36.398665045465584],[59.69691164728421,36.38967184182834],[59.687918443646964,36.38967184182834]]]}},{"type":"Feature","properties":{"jobs":100,"pop":100,"pointCount":2,"homeWorkCommuteMedian":17795,"workHomeCommuteMedian":7847},"geometry":{"type":"Polygon","coordinates":[[[59.687918443646964,36.398665045465584],[59.687918443646964,36.40765824910283],[59.69691164728421,36.40765824910283],[59.69691164728421,36.398665045465584],[59.687918443646964,36.398665045465584]]]}},{"type":"Feature","properties":{"jobs":300,"pop":600,"pointCount":3,"homeWorkCommuteMedian":30563,"workHomeCommuteMedian":962},"geometry":{"type":"Polygon","coordinates":[[[59.687918443646964,36.40765824910283],[59.687918443646964,36.416651452740076],[59.69691164728421,36.416651452740076],[59.69691164728421,36.40765824910283],[59.687918443646964,36.40765824910283]]]}},{"type":"Feature","properties":{"jobs":0,"pop":200,"pointCount":1,"homeWorkCommuteMedian":24149,"workHomeCommuteMedian":-1},"geometry":{"type":"Polygon","coordinates":[[[59.69691164728421,36.15584854725994],[59.69691164728421,36.16484175089719],[59.705904850921456,36.16484175089719],[59.705904850921456,36.15584854725994],[59.69691164728421,36.15584854725994]]]}},{"type":"Feature","properties":{"jobs":100,"pop":200,"pointCount":2,"homeWorkCommuteMedian":35684,"workHomeCommuteMedian":32107},"geometry":{"type":"Polygon","coordinates":[[[59.69691164728421,36.16484175089719],[59.69691164728421,36.173834954534435],[59.705904850921456,36.173834954534435],[59.705904850921456,36.16484175089719],[59.69691164728421,36.16484175089719]]]}},{"type":"Feature","properties":{"jobs":0,"pop":100,"pointCount":1,"homeWorkCommuteMedian":7139,"workHomeCommuteMedian":-1},"geometry":{"type":"Polygon","coordinates":[[[59.69691164728421,36.218800972720665],[59.69691164728421,36.22779417635791],[59.705904850921456,36.22779417635791],[59.705904850921456,36.218800972720665],[59.69691164728421,36.218800972720665]]]}},{"type":"Feature","properties":{"jobs":1500,"pop":200,"pointCount":3,"homeWorkCommuteMedian":17022,"workHomeCommuteMedian":7767},"geometry":{"type":"Polygon","coordinates":[[[59.69691164728421,36.2457805836324],[59.69691164728421,36.25477378726965],[59.705904850921456,36.25477378726965],[59.705904850921456,36.2457805836324],[59.69691164728421,36.2457805836324]]]}},{"type":"Feature","properties":{"jobs":200,"pop":0,"pointCount":1,"homeWorkCommuteMedian":-1,"workHomeCommuteMedian":8706},"geometry":{"type":"Polygon","coordinates":[[[59.69691164728421,36.263766990906895],[59.69691164728421,36.27276019454414],[59.705904850921456,36.27276019454414],[59.705904850921456,36.263766990906895],[59.69691164728421,36.263766990906895]]]}},{"type":"Feature","properties":{"jobs":2000,"pop":2300,"pointCount":12,"homeWorkCommuteMedian":7712,"workHomeCommuteMedian":7322},"geometry":{"type":"Polygon","coordinates":[[[59.69691164728421,36.27276019454414],[59.69691164728421,36.28175339818139],[59.705904850921456,36.28175339818139],[59.705904850921456,36.27276019454414],[59.69691164728421,36.27276019454414]]]}},{"type":"Feature","properties":{"jobs":100,"pop":600,"pointCount":3,"homeWorkCommuteMedian":6617,"workHomeCommuteMedian":5217},"geometry":{"type":"Polygon","coordinates":[[[59.69691164728421,36.28175339818139],[59.69691164728421,36.29074660181863],[59.705904850921456,36.29074660181863],[59.705904850921456,36.28175339818139],[59.69691164728421,36.28175339818139]]]}},{"type":"Feature","properties":{"jobs":0,"pop":100,"pointCount":1,"homeWorkCommuteMedian":8698,"workHomeCommuteMedian":-1},"geometry":{"type":"Polygon","coordinates":[[[59.69691164728421,36.29074660181863],[59.69691164728421,36.29973980545588],[59.705904850921456,36.29973980545588],[59.705904850921456,36.29074660181863],[59.69691164728421,36.29074660181863]]]}},{"type":"Feature","properties":{"jobs":0,"pop":100,"pointCount":1,"homeWorkCommuteMedian":9284,"workHomeCommuteMedian":-1},"geometry":{"type":"Polygon","coordinates":[[[59.69691164728421,36.29973980545588],[59.69691164728421,36.308733009093125],[59.705904850921456,36.308733009093125],[59.705904850921456,36.29973980545588],[59.69691164728421,36.29973980545588]]]}},{"type":"Feature","properties":{"jobs":0,"pop":1900,"pointCount":3,"homeWorkCommuteMedian":8524,"workHomeCommuteMedian":-1},"geometry":{"type":"Polygon","coordinates":[[[59.69691164728421,36.308733009093125],[59.69691164728421,36.31772621273037],[59.705904850921456,36.31772621273037],[59.705904850921456,36.308733009093125],[59.69691164728421,36.308733009093125]]]}},{"type":"Feature","properties":{"jobs":0,"pop":2600,"pointCount":7,"homeWorkCommuteMedian":8196,"workHomeCommuteMedian":-1},"geometry":{"type":"Polygon","coordinates":[[[59.69691164728421,36.31772621273037],[59.69691164728421,36.32671941636762],[59.705904850921456,36.32671941636762],[59.705904850921456,36.31772621273037],[59.69691164728421,36.31772621273037]]]}},{"type":"Feature","properties":{"jobs":300,"pop":1500,"pointCount":8,"homeWorkCommuteMedian":8453,"workHomeCommuteMedian":11297},"geometry":{"type":"Polygon","coordinates":[[[59.69691164728421,36.32671941636762],[59.69691164728421,36.33571262000486],[59.705904850921456,36.33571262000486],[59.705904850921456,36.32671941636762],[59.69691164728421,36.32671941636762]]]}},{"type":"Feature","properties":{"jobs":0,"pop":500,"pointCount":4,"homeWorkCommuteMedian":9577,"workHomeCommuteMedian":-1},"geometry":{"type":"Polygon","coordinates":[[[59.69691164728421,36.33571262000486],[59.69691164728421,36.34470582364211],[59.705904850921456,36.34470582364211],[59.705904850921456,36.33571262000486],[59.69691164728421,36.33571262000486]]]}},{"type":"Feature","properties":{"jobs":300,"pop":600,"pointCount":3,"homeWorkCommuteMedian":17533,"workHomeCommuteMedian":14567},"geometry":{"type":"Polygon","coordinates":[[[59.69691164728421,36.353699027279355],[59.69691164728421,36.3626922309166],[59.705904850921456,36.3626922309166],[59.705904850921456,36.353699027279355],[59.69691164728421,36.353699027279355]]]}},{"type":"Feature","properties":{"jobs":0,"pop":100,"pointCount":1,"homeWorkCommuteMedian":12561,"workHomeCommuteMedian":-1},"geometry":{"type":"Polygon","coordinates":[[[59.69691164728421,36.37168543455385],[59.69691164728421,36.38067863819109],[59.705904850921456,36.38067863819109],[59.705904850921456,36.37168543455385],[59.69691164728421,36.37168543455385]]]}},{"type":"Feature","properties":{"jobs":700,"pop":1200,"pointCount":3,"homeWorkCommuteMedian":13172,"workHomeCommuteMedian":2782},"geometry":{"type":"Polygon","coordinates":[[[59.69691164728421,36.38067863819109],[59.69691164728421,36.38967184182834],[59.705904850921456,36.38967184182834],[59.705904850921456,36.38067863819109],[59.69691164728421,36.38067863819109]]]}},{"type":"Feature","properties":{"jobs":100,"pop":0,"pointCount":1,"homeWorkCommuteMedian":-1,"workHomeCommuteMedian":666},"geometry":{"type":"Polygon","coordinates":[[[59.69691164728421,36.38967184182834],[59.69691164728421,36.398665045465584],[59.705904850921456,36.398665045465584],[59.705904850921456,36.38967184182834],[59.69691164728421,36.38967184182834]]]}},{"type":"Feature","properties":{"jobs":0,"pop":100,"pointCount":1,"homeWorkCommuteMedian":23543,"workHomeCommuteMedian":-1},"geometry":{"type":"Polygon","coordinates":[[[59.69691164728421,36.398665045465584],[59.69691164728421,36.40765824910283],[59.705904850921456,36.40765824910283],[59.705904850921456,36.398665045465584],[59.69691164728421,36.398665045465584]]]}},{"type":"Feature","properties":{"jobs":0,"pop":1850,"pointCount":5,"homeWorkCommuteMedian":11776,"workHomeCommuteMedian":-1},"geometry":{"type":"Polygon","coordinates":[[[59.705904850921456,36.23678737999516],[59.705904850921456,36.2457805836324],[59.7148980545587,36.2457805836324],[59.7148980545587,36.23678737999516],[59.705904850921456,36.23678737999516]]]}},{"type":"Feature","properties":{"jobs":1000,"pop":3100,"pointCount":8,"homeWorkCommuteMedian":9761,"workHomeCommuteMedian":8662},"geometry":{"type":"Polygon","coordinates":[[[59.705904850921456,36.2457805836324],[59.705904850921456,36.25477378726965],[59.7148980545587,36.25477378726965],[59.7148980545587,36.2457805836324],[59.705904850921456,36.2457805836324]]]}},{"type":"Feature","properties":{"jobs":200,"pop":100,"pointCount":2,"homeWorkCommuteMedian":8842,"workHomeCommuteMedian":14609},"geometry":{"type":"Polygon","coordinates":[[[59.705904850921456,36.25477378726965],[59.705904850921456,36.263766990906895],[59.7148980545587,36.263766990906895],[59.7148980545587,36.25477378726965],[59.705904850921456,36.25477378726965]]]}},{"type":"Feature","properties":{"jobs":100,"pop":100,"pointCount":1,"homeWorkCommuteMedian":2736,"workHomeCommuteMedian":11959},"geometry":{"type":"Polygon","coordinates":[[[59.705904850921456,36.263766990906895],[59.705904850921456,36.27276019454414],[59.7148980545587,36.27276019454414],[59.7148980545587,36.263766990906895],[59.705904850921456,36.263766990906895]]]}},{"type":"Feature","properties":{"jobs":200,"pop":100,"pointCount":3,"homeWorkCommuteMedian":14706,"workHomeCommuteMedian":20438},"geometry":{"type":"Polygon","coordinates":[[[59.705904850921456,36.27276019454414],[59.705904850921456,36.28175339818139],[59.7148980545587,36.28175339818139],[59.7148980545587,36.27276019454414],[59.705904850921456,36.27276019454414]]]}},{"type":"Feature","properties":{"jobs":0,"pop":100,"pointCount":1,"homeWorkCommuteMedian":18383,"workHomeCommuteMedian":-1},"geometry":{"type":"Polygon","coordinates":[[[59.705904850921456,36.29973980545588],[59.705904850921456,36.308733009093125],[59.7148980545587,36.308733009093125],[59.7148980545587,36.29973980545588],[59.705904850921456,36.29973980545588]]]}},{"type":"Feature","properties":{"jobs":800,"pop":400,"pointCount":3,"homeWorkCommuteMedian":11369,"workHomeCommuteMedian":8472},"geometry":{"type":"Polygon","coordinates":[[[59.705904850921456,36.32671941636762],[59.705904850921456,36.33571262000486],[59.7148980545587,36.33571262000486],[59.7148980545587,36.32671941636762],[59.705904850921456,36.32671941636762]]]}},{"type":"Feature","properties":{"jobs":0,"pop":100,"pointCount":1,"homeWorkCommuteMedian":1773,"workHomeCommuteMedian":-1},"geometry":{"type":"Polygon","coordinates":[[[59.705904850921456,36.33571262000486],[59.705904850921456,36.34470582364211],[59.7148980545587,36.34470582364211],[59.7148980545587,36.33571262000486],[59.705904850921456,36.33571262000486]]]}},{"type":"Feature","properties":{"jobs":0,"pop":100,"pointCount":1,"homeWorkCommuteMedian":16669,"workHomeCommuteMedian":-1},"geometry":{"type":"Polygon","coordinates":[[[59.705904850921456,36.34470582364211],[59.705904850921456,36.353699027279355],[59.7148980545587,36.353699027279355],[59.7148980545587,36.34470582364211],[59.705904850921456,36.34470582364211]]]}},{"type":"Feature","properties":{"jobs":100,"pop":500,"pointCount":3,"homeWorkCommuteMedian":23801,"workHomeCommuteMedian":3495},"geometry":{"type":"Polygon","coordinates":[[[59.7148980545587,36.16484175089719],[59.7148980545587,36.173834954534435],[59.72389125819595,36.173834954534435],[59.72389125819595,36.16484175089719],[59.7148980545587,36.16484175089719]]]}},{"type":"Feature","properties":{"jobs":400,"pop":300,"pointCount":4,"homeWorkCommuteMedian":15854,"workHomeCommuteMedian":29469},"geometry":{"type":"Polygon","coordinates":[[[59.7148980545587,36.18282815817168],[59.7148980545587,36.19182136180893],[59.72389125819595,36.19182136180893],[59.72389125819595,36.18282815817168],[59.7148980545587,36.18282815817168]]]}},{"type":"Feature","properties":{"jobs":100,"pop":200,"pointCount":3,"homeWorkCommuteMedian":14332,"workHomeCommuteMedian":8384},"geometry":{"type":"Polygon","coordinates":[[[59.7148980545587,36.218800972720665],[59.7148980545587,36.22779417635791],[59.72389125819595,36.22779417635791],[59.72389125819595,36.218800972720665],[59.7148980545587,36.218800972720665]]]}},{"type":"Feature","properties":{"jobs":0,"pop":4300,"pointCount":8,"homeWorkCommuteMedian":10325,"workHomeCommuteMedian":-1},"geometry":{"type":"Polygon","coordinates":[[[59.7148980545587,36.23678737999516],[59.7148980545587,36.2457805836324],[59.72389125819595,36.2457805836324],[59.72389125819595,36.23678737999516],[59.7148980545587,36.23678737999516]]]}},{"type":"Feature","properties":{"jobs":1200,"pop":4400,"pointCount":11,"homeWorkCommuteMedian":9582,"workHomeCommuteMedian":9337},"geometry":{"type":"Polygon","coordinates":[[[59.7148980545587,36.2457805836324],[59.7148980545587,36.25477378726965],[59.72389125819595,36.25477378726965],[59.72389125819595,36.2457805836324],[59.7148980545587,36.2457805836324]]]}},{"type":"Feature","properties":{"jobs":0,"pop":300,"pointCount":1,"homeWorkCommuteMedian":6367,"workHomeCommuteMedian":-1},"geometry":{"type":"Polygon","coordinates":[[[59.7148980545587,36.25477378726965],[59.7148980545587,36.263766990906895],[59.72389125819595,36.263766990906895],[59.72389125819595,36.25477378726965],[59.7148980545587,36.25477378726965]]]}},{"type":"Feature","properties":{"jobs":300,"pop":0,"pointCount":3,"homeWorkCommuteMedian":-1,"workHomeCommuteMedian":5656},"geometry":{"type":"Polygon","coordinates":[[[59.7148980545587,36.263766990906895],[59.7148980545587,36.27276019454414],[59.72389125819595,36.27276019454414],[59.72389125819595,36.263766990906895],[59.7148980545587,36.263766990906895]]]}},{"type":"Feature","properties":{"jobs":0,"pop":300,"pointCount":2,"homeWorkCommuteMedian":9802,"workHomeCommuteMedian":-1},"geometry":{"type":"Polygon","coordinates":[[[59.7148980545587,36.27276019454414],[59.7148980545587,36.28175339818139],[59.72389125819595,36.28175339818139],[59.72389125819595,36.27276019454414],[59.7148980545587,36.27276019454414]]]}},{"type":"Feature","properties":{"jobs":0,"pop":500,"pointCount":3,"homeWorkCommuteMedian":8616,"workHomeCommuteMedian":-1},"geometry":{"type":"Polygon","coordinates":[[[59.7148980545587,36.28175339818139],[59.7148980545587,36.29074660181863],[59.72389125819595,36.29074660181863],[59.72389125819595,36.28175339818139],[59.7148980545587,36.28175339818139]]]}},{"type":"Feature","properties":{"jobs":0,"pop":100,"pointCount":1,"homeWorkCommuteMedian":21785,"workHomeCommuteMedian":-1},"geometry":{"type":"Polygon","coordinates":[[[59.7148980545587,36.29973980545588],[59.7148980545587,36.308733009093125],[59.72389125819595,36.308733009093125],[59.72389125819595,36.29973980545588],[59.7148980545587,36.29973980545588]]]}},{"type":"Feature","properties":{"jobs":0,"pop":100,"pointCount":1,"homeWorkCommuteMedian":10796,"workHomeCommuteMedian":-1},"geometry":{"type":"Polygon","coordinates":[[[59.7148980545587,36.308733009093125],[59.7148980545587,36.31772621273037],[59.72389125819595,36.31772621273037],[59.72389125819595,36.308733009093125],[59.7148980545587,36.308733009093125]]]}},{"type":"Feature","properties":{"jobs":0,"pop":1200,"pointCount":4,"homeWorkCommuteMedian":9881,"workHomeCommuteMedian":-1},"geometry":{"type":"Polygon","coordinates":[[[59.7148980545587,36.31772621273037],[59.7148980545587,36.32671941636762],[59.72389125819595,36.32671941636762],[59.72389125819595,36.31772621273037],[59.7148980545587,36.31772621273037]]]}},{"type":"Feature","properties":{"jobs":0,"pop":500,"pointCount":4,"homeWorkCommuteMedian":9144,"workHomeCommuteMedian":-1},"geometry":{"type":"Polygon","coordinates":[[[59.7148980545587,36.32671941636762],[59.7148980545587,36.33571262000486],[59.72389125819595,36.33571262000486],[59.72389125819595,36.32671941636762],[59.7148980545587,36.32671941636762]]]}},{"type":"Feature","properties":{"jobs":0,"pop":100,"pointCount":1,"homeWorkCommuteMedian":9922,"workHomeCommuteMedian":-1},"geometry":{"type":"Polygon","coordinates":[[[59.7148980545587,36.34470582364211],[59.7148980545587,36.353699027279355],[59.72389125819595,36.353699027279355],[59.72389125819595,36.34470582364211],[59.7148980545587,36.34470582364211]]]}},{"type":"Feature","properties":{"jobs":0,"pop":100,"pointCount":1,"homeWorkCommuteMedian":2682,"workHomeCommuteMedian":-1},"geometry":{"type":"Polygon","coordinates":[[[59.7148980545587,36.38967184182834],[59.7148980545587,36.398665045465584],[59.72389125819595,36.398665045465584],[59.72389125819595,36.38967184182834],[59.7148980545587,36.38967184182834]]]}},{"type":"Feature","properties":{"jobs":100,"pop":0,"pointCount":1,"homeWorkCommuteMedian":-1,"workHomeCommuteMedian":18832},"geometry":{"type":"Polygon","coordinates":[[[59.7148980545587,36.398665045465584],[59.7148980545587,36.40765824910283],[59.72389125819595,36.40765824910283],[59.72389125819595,36.398665045465584],[59.7148980545587,36.398665045465584]]]}},{"type":"Feature","properties":{"jobs":100,"pop":400,"pointCount":2,"homeWorkCommuteMedian":28146,"workHomeCommuteMedian":3035},"geometry":{"type":"Polygon","coordinates":[[[59.72389125819595,36.16484175089719],[59.72389125819595,36.173834954534435],[59.732884461833194,36.173834954534435],[59.732884461833194,36.16484175089719],[59.72389125819595,36.16484175089719]]]}},{"type":"Feature","properties":{"jobs":500,"pop":700,"pointCount":5,"homeWorkCommuteMedian":23662,"workHomeCommuteMedian":20510},"geometry":{"type":"Polygon","coordinates":[[[59.72389125819595,36.18282815817168],[59.72389125819595,36.19182136180893],[59.732884461833194,36.19182136180893],[59.732884461833194,36.18282815817168],[59.72389125819595,36.18282815817168]]]}},{"type":"Feature","properties":{"jobs":100,"pop":0,"pointCount":1,"homeWorkCommuteMedian":-1,"workHomeCommuteMedian":5366},"geometry":{"type":"Polygon","coordinates":[[[59.72389125819595,36.20081456544617],[59.72389125819595,36.20980776908342],[59.732884461833194,36.20980776908342],[59.732884461833194,36.20081456544617],[59.72389125819595,36.20081456544617]]]}},{"type":"Feature","properties":{"jobs":0,"pop":100,"pointCount":1,"homeWorkCommuteMedian":6918,"workHomeCommuteMedian":-1},"geometry":{"type":"Polygon","coordinates":[[[59.72389125819595,36.20980776908342],[59.72389125819595,36.218800972720665],[59.732884461833194,36.218800972720665],[59.732884461833194,36.20980776908342],[59.72389125819595,36.20980776908342]]]}},{"type":"Feature","properties":{"jobs":100,"pop":0,"pointCount":1,"homeWorkCommuteMedian":-1,"workHomeCommuteMedian":11130},"geometry":{"type":"Polygon","coordinates":[[[59.72389125819595,36.22779417635791],[59.72389125819595,36.23678737999516],[59.732884461833194,36.23678737999516],[59.732884461833194,36.22779417635791],[59.72389125819595,36.22779417635791]]]}},{"type":"Feature","properties":{"jobs":300,"pop":500,"pointCount":4,"homeWorkCommuteMedian":15521,"workHomeCommuteMedian":19174},"geometry":{"type":"Polygon","coordinates":[[[59.72389125819595,36.23678737999516],[59.72389125819595,36.2457805836324],[59.732884461833194,36.2457805836324],[59.732884461833194,36.23678737999516],[59.72389125819595,36.23678737999516]]]}},{"type":"Feature","properties":{"jobs":1000,"pop":1000,"pointCount":6,"homeWorkCommuteMedian":11769,"workHomeCommuteMedian":7615},"geometry":{"type":"Polygon","coordinates":[[[59.72389125819595,36.263766990906895],[59.72389125819595,36.27276019454414],[59.732884461833194,36.27276019454414],[59.732884461833194,36.263766990906895],[59.72389125819595,36.263766990906895]]]}},{"type":"Feature","properties":{"jobs":0,"pop":600,"pointCount":2,"homeWorkCommuteMedian":10612,"workHomeCommuteMedian":-1},"geometry":{"type":"Polygon","coordinates":[[[59.72389125819595,36.27276019454414],[59.72389125819595,36.28175339818139],[59.732884461833194,36.28175339818139],[59.732884461833194,36.27276019454414],[59.72389125819595,36.27276019454414]]]}},{"type":"Feature","properties":{"jobs":100,"pop":200,"pointCount":2,"homeWorkCommuteMedian":16444,"workHomeCommuteMedian":13754},"geometry":{"type":"Polygon","coordinates":[[[59.72389125819595,36.29973980545588],[59.72389125819595,36.308733009093125],[59.732884461833194,36.308733009093125],[59.732884461833194,36.29973980545588],[59.72389125819595,36.29973980545588]]]}},{"type":"Feature","properties":{"jobs":100,"pop":500,"pointCount":4,"homeWorkCommuteMedian":17523,"workHomeCommuteMedian":17717},"geometry":{"type":"Polygon","coordinates":[[[59.72389125819595,36.308733009093125],[59.72389125819595,36.31772621273037],[59.732884461833194,36.31772621273037],[59.732884461833194,36.308733009093125],[59.72389125819595,36.308733009093125]]]}},{"type":"Feature","properties":{"jobs":0,"pop":1600,"pointCount":4,"homeWorkCommuteMedian":10453,"workHomeCommuteMedian":-1},"geometry":{"type":"Polygon","coordinates":[[[59.72389125819595,36.31772621273037],[59.72389125819595,36.32671941636762],[59.732884461833194,36.32671941636762],[59.732884461833194,36.31772621273037],[59.72389125819595,36.31772621273037]]]}},{"type":"Feature","properties":{"jobs":5100,"pop":1300,"pointCount":10,"homeWorkCommuteMedian":12890,"workHomeCommuteMedian":3907},"geometry":{"type":"Polygon","coordinates":[[[59.72389125819595,36.32671941636762],[59.72389125819595,36.33571262000486],[59.732884461833194,36.33571262000486],[59.732884461833194,36.32671941636762],[59.72389125819595,36.32671941636762]]]}},{"type":"Feature","properties":{"jobs":0,"pop":2100,"pointCount":4,"homeWorkCommuteMedian":11913,"workHomeCommuteMedian":-1},"geometry":{"type":"Polygon","coordinates":[[[59.72389125819595,36.33571262000486],[59.72389125819595,36.34470582364211],[59.732884461833194,36.34470582364211],[59.732884461833194,36.33571262000486],[59.72389125819595,36.33571262000486]]]}},{"type":"Feature","properties":{"jobs":100,"pop":300,"pointCount":3,"homeWorkCommuteMedian":12064,"workHomeCommuteMedian":10654},"geometry":{"type":"Polygon","coordinates":[[[59.72389125819595,36.34470582364211],[59.72389125819595,36.353699027279355],[59.732884461833194,36.353699027279355],[59.732884461833194,36.34470582364211],[59.72389125819595,36.34470582364211]]]}},{"type":"Feature","properties":{"jobs":0,"pop":100,"pointCount":1,"homeWorkCommuteMedian":3364,"workHomeCommuteMedian":-1},"geometry":{"type":"Polygon","coordinates":[[[59.732884461833194,36.25477378726965],[59.732884461833194,36.263766990906895],[59.74187766547044,36.263766990906895],[59.74187766547044,36.25477378726965],[59.732884461833194,36.25477378726965]]]}},{"type":"Feature","properties":{"jobs":0,"pop":100,"pointCount":1,"homeWorkCommuteMedian":11402,"workHomeCommuteMedian":-1},"geometry":{"type":"Polygon","coordinates":[[[59.732884461833194,36.28175339818139],[59.732884461833194,36.29074660181863],[59.74187766547044,36.29074660181863],[59.74187766547044,36.28175339818139],[59.732884461833194,36.28175339818139]]]}},{"type":"Feature","properties":{"jobs":100,"pop":0,"pointCount":1,"homeWorkCommuteMedian":-1,"workHomeCommuteMedian":13203},"geometry":{"type":"Polygon","coordinates":[[[59.732884461833194,36.29074660181863],[59.732884461833194,36.29973980545588],[59.74187766547044,36.29973980545588],[59.74187766547044,36.29074660181863],[59.732884461833194,36.29074660181863]]]}},{"type":"Feature","properties":{"jobs":0,"pop":900,"pointCount":6,"homeWorkCommuteMedian":10848,"workHomeCommuteMedian":-1},"geometry":{"type":"Polygon","coordinates":[[[59.732884461833194,36.32671941636762],[59.732884461833194,36.33571262000486],[59.74187766547044,36.33571262000486],[59.74187766547044,36.32671941636762],[59.732884461833194,36.32671941636762]]]}},{"type":"Feature","properties":{"jobs":0,"pop":300,"pointCount":2,"homeWorkCommuteMedian":12101,"workHomeCommuteMedian":-1},"geometry":{"type":"Polygon","coordinates":[[[59.732884461833194,36.33571262000486],[59.732884461833194,36.34470582364211],[59.74187766547044,36.34470582364211],[59.74187766547044,36.33571262000486],[59.732884461833194,36.33571262000486]]]}},{"type":"Feature","properties":{"jobs":100,"pop":100,"pointCount":1,"homeWorkCommuteMedian":18343,"workHomeCommuteMedian":16388},"geometry":{"type":"Polygon","coordinates":[[[59.732884461833194,36.37168543455385],[59.732884461833194,36.38067863819109],[59.74187766547044,36.38067863819109],[59.74187766547044,36.37168543455385],[59.732884461833194,36.37168543455385]]]}},{"type":"Feature","properties":{"jobs":0,"pop":100,"pointCount":1,"homeWorkCommuteMedian":20910,"workHomeCommuteMedian":-1},"geometry":{"type":"Polygon","coordinates":[[[59.732884461833194,36.40765824910283],[59.732884461833194,36.416651452740076],[59.74187766547044,36.416651452740076],[59.74187766547044,36.40765824910283],[59.732884461833194,36.40765824910283]]]}},{"type":"Feature","properties":{"jobs":400,"pop":100,"pointCount":1,"homeWorkCommuteMedian":6254,"workHomeCommuteMedian":19933},"geometry":{"type":"Polygon","coordinates":[[[59.74187766547044,36.19182136180893],[59.74187766547044,36.20081456544617],[59.750870869107686,36.20081456544617],[59.750870869107686,36.19182136180893],[59.74187766547044,36.19182136180893]]]}},{"type":"Feature","properties":{"jobs":100,"pop":0,"pointCount":1,"homeWorkCommuteMedian":-1,"workHomeCommuteMedian":1306},"geometry":{"type":"Polygon","coordinates":[[[59.74187766547044,36.20980776908342],[59.74187766547044,36.218800972720665],[59.750870869107686,36.218800972720665],[59.750870869107686,36.20980776908342],[59.74187766547044,36.20980776908342]]]}},{"type":"Feature","properties":{"jobs":0,"pop":100,"pointCount":1,"homeWorkCommuteMedian":20096,"workHomeCommuteMedian":-1},"geometry":{"type":"Polygon","coordinates":[[[59.74187766547044,36.2457805836324],[59.74187766547044,36.25477378726965],[59.750870869107686,36.25477378726965],[59.750870869107686,36.2457805836324],[59.74187766547044,36.2457805836324]]]}},{"type":"Feature","properties":{"jobs":1400,"pop":900,"pointCount":7,"homeWorkCommuteMedian":9293,"workHomeCommuteMedian":9508},"geometry":{"type":"Polygon","coordinates":[[[59.74187766547044,36.25477378726965],[59.74187766547044,36.263766990906895],[59.750870869107686,36.263766990906895],[59.750870869107686,36.25477378726965],[59.74187766547044,36.25477378726965]]]}},{"type":"Feature","properties":{"jobs":200,"pop":0,"pointCount":2,"homeWorkCommuteMedian":-1,"workHomeCommuteMedian":29022},"geometry":{"type":"Polygon","coordinates":[[[59.74187766547044,36.263766990906895],[59.74187766547044,36.27276019454414],[59.750870869107686,36.27276019454414],[59.750870869107686,36.263766990906895],[59.74187766547044,36.263766990906895]]]}},{"type":"Feature","properties":{"jobs":0,"pop":100,"pointCount":1,"homeWorkCommuteMedian":22685,"workHomeCommuteMedian":-1},"geometry":{"type":"Polygon","coordinates":[[[59.74187766547044,36.27276019454414],[59.74187766547044,36.28175339818139],[59.750870869107686,36.28175339818139],[59.750870869107686,36.27276019454414],[59.74187766547044,36.27276019454414]]]}},{"type":"Feature","properties":{"jobs":300,"pop":300,"pointCount":2,"homeWorkCommuteMedian":17133,"workHomeCommuteMedian":24582},"geometry":{"type":"Polygon","coordinates":[[[59.74187766547044,36.29074660181863],[59.74187766547044,36.29973980545588],[59.750870869107686,36.29973980545588],[59.750870869107686,36.29074660181863],[59.74187766547044,36.29074660181863]]]}},{"type":"Feature","properties":{"jobs":0,"pop":100,"pointCount":1,"homeWorkCommuteMedian":7607,"workHomeCommuteMedian":-1},"geometry":{"type":"Polygon","coordinates":[[[59.74187766547044,36.29973980545588],[59.74187766547044,36.308733009093125],[59.750870869107686,36.308733009093125],[59.750870869107686,36.29973980545588],[59.74187766547044,36.29973980545588]]]}},{"type":"Feature","properties":{"jobs":100,"pop":100,"pointCount":2,"homeWorkCommuteMedian":14035,"workHomeCommuteMedian":35070},"geometry":{"type":"Polygon","coordinates":[[[59.74187766547044,36.308733009093125],[59.74187766547044,36.31772621273037],[59.750870869107686,36.31772621273037],[59.750870869107686,36.308733009093125],[59.74187766547044,36.308733009093125]]]}},{"type":"Feature","properties":{"jobs":100,"pop":0,"pointCount":1,"homeWorkCommuteMedian":-1,"workHomeCommuteMedian":35783},"geometry":{"type":"Polygon","coordinates":[[[59.74187766547044,36.31772621273037],[59.74187766547044,36.32671941636762],[59.750870869107686,36.32671941636762],[59.750870869107686,36.31772621273037],[59.74187766547044,36.31772621273037]]]}},{"type":"Feature","properties":{"jobs":100,"pop":600,"pointCount":4,"homeWorkCommuteMedian":11693,"workHomeCommuteMedian":2116},"geometry":{"type":"Polygon","coordinates":[[[59.74187766547044,36.32671941636762],[59.74187766547044,36.33571262000486],[59.750870869107686,36.33571262000486],[59.750870869107686,36.32671941636762],[59.74187766547044,36.32671941636762]]]}},{"type":"Feature","properties":{"jobs":200,"pop":800,"pointCount":4,"homeWorkCommuteMedian":11765,"workHomeCommuteMedian":11031},"geometry":{"type":"Polygon","coordinates":[[[59.74187766547044,36.33571262000486],[59.74187766547044,36.34470582364211],[59.750870869107686,36.34470582364211],[59.750870869107686,36.33571262000486],[59.74187766547044,36.33571262000486]]]}},{"type":"Feature","properties":{"jobs":100,"pop":100,"pointCount":2,"homeWorkCommuteMedian":15711,"workHomeCommuteMedian":26908},"geometry":{"type":"Polygon","coordinates":[[[59.74187766547044,36.3626922309166],[59.74187766547044,36.37168543455385],[59.750870869107686,36.37168543455385],[59.750870869107686,36.3626922309166],[59.74187766547044,36.3626922309166]]]}},{"type":"Feature","properties":{"jobs":300,"pop":500,"pointCount":3,"homeWorkCommuteMedian":21285,"workHomeCommuteMedian":11171},"geometry":{"type":"Polygon","coordinates":[[[59.74187766547044,36.37168543455385],[59.74187766547044,36.38067863819109],[59.750870869107686,36.38067863819109],[59.750870869107686,36.37168543455385],[59.74187766547044,36.37168543455385]]]}},{"type":"Feature","properties":{"jobs":100,"pop":200,"pointCount":3,"homeWorkCommuteMedian":32110,"workHomeCommuteMedian":11998},"geometry":{"type":"Polygon","coordinates":[[[59.74187766547044,36.40765824910283],[59.74187766547044,36.416651452740076],[59.750870869107686,36.416651452740076],[59.750870869107686,36.40765824910283],[59.74187766547044,36.40765824910283]]]}},{"type":"Feature","properties":{"jobs":100,"pop":200,"pointCount":2,"homeWorkCommuteMedian":3082,"workHomeCommuteMedian":2522},"geometry":{"type":"Polygon","coordinates":[[[59.750870869107686,36.20980776908342],[59.750870869107686,36.218800972720665],[59.75986407274493,36.218800972720665],[59.75986407274493,36.20980776908342],[59.750870869107686,36.20980776908342]]]}},{"type":"Feature","properties":{"jobs":200,"pop":100,"pointCount":1,"homeWorkCommuteMedian":13166,"workHomeCommuteMedian":29286},"geometry":{"type":"Polygon","coordinates":[[[59.750870869107686,36.25477378726965],[59.750870869107686,36.263766990906895],[59.75986407274493,36.263766990906895],[59.75986407274493,36.25477378726965],[59.750870869107686,36.25477378726965]]]}},{"type":"Feature","properties":{"jobs":300,"pop":300,"pointCount":3,"homeWorkCommuteMedian":17777,"workHomeCommuteMedian":13451},"geometry":{"type":"Polygon","coordinates":[[[59.750870869107686,36.263766990906895],[59.750870869107686,36.27276019454414],[59.75986407274493,36.27276019454414],[59.75986407274493,36.263766990906895],[59.750870869107686,36.263766990906895]]]}},{"type":"Feature","properties":{"jobs":100,"pop":200,"pointCount":2,"homeWorkCommuteMedian":29398,"workHomeCommuteMedian":24807},"geometry":{"type":"Polygon","coordinates":[[[59.750870869107686,36.28175339818139],[59.750870869107686,36.29074660181863],[59.75986407274493,36.29074660181863],[59.75986407274493,36.28175339818139],[59.750870869107686,36.28175339818139]]]}},{"type":"Feature","properties":{"jobs":200,"pop":0,"pointCount":1,"homeWorkCommuteMedian":-1,"workHomeCommuteMedian":16669},"geometry":{"type":"Polygon","coordinates":[[[59.750870869107686,36.29074660181863],[59.750870869107686,36.29973980545588],[59.75986407274493,36.29973980545588],[59.75986407274493,36.29074660181863],[59.750870869107686,36.29074660181863]]]}},{"type":"Feature","properties":{"jobs":0,"pop":250,"pointCount":1,"homeWorkCommuteMedian":17790,"workHomeCommuteMedian":-1},"geometry":{"type":"Polygon","coordinates":[[[59.750870869107686,36.308733009093125],[59.750870869107686,36.31772621273037],[59.75986407274493,36.31772621273037],[59.75986407274493,36.308733009093125],[59.750870869107686,36.308733009093125]]]}},{"type":"Feature","properties":{"jobs":200,"pop":0,"pointCount":2,"homeWorkCommuteMedian":-1,"workHomeCommuteMedian":15495},"geometry":{"type":"Polygon","coordinates":[[[59.750870869107686,36.34470582364211],[59.750870869107686,36.353699027279355],[59.75986407274493,36.353699027279355],[59.75986407274493,36.34470582364211],[59.750870869107686,36.34470582364211]]]}},{"type":"Feature","properties":{"jobs":200,"pop":100,"pointCount":1,"homeWorkCommuteMedian":29727,"workHomeCommuteMedian":30354},"geometry":{"type":"Polygon","coordinates":[[[59.75986407274493,36.173834954534435],[59.75986407274493,36.18282815817168],[59.76885727638218,36.18282815817168],[59.76885727638218,36.173834954534435],[59.75986407274493,36.173834954534435]]]}},{"type":"Feature","properties":{"jobs":800,"pop":500,"pointCount":3,"homeWorkCommuteMedian":1183,"workHomeCommuteMedian":1674},"geometry":{"type":"Polygon","coordinates":[[[59.75986407274493,36.20081456544617],[59.75986407274493,36.20980776908342],[59.76885727638218,36.20980776908342],[59.76885727638218,36.20081456544617],[59.75986407274493,36.20081456544617]]]}},{"type":"Feature","properties":{"jobs":1200,"pop":1000,"pointCount":3,"homeWorkCommuteMedian":19776,"workHomeCommuteMedian":3155},"geometry":{"type":"Polygon","coordinates":[[[59.75986407274493,36.20980776908342],[59.75986407274493,36.218800972720665],[59.76885727638218,36.218800972720665],[59.76885727638218,36.20980776908342],[59.75986407274493,36.20980776908342]]]}},{"type":"Feature","properties":{"jobs":0,"pop":100,"pointCount":1,"homeWorkCommuteMedian":15666,"workHomeCommuteMedian":-1},"geometry":{"type":"Polygon","coordinates":[[[59.75986407274493,36.218800972720665],[59.75986407274493,36.22779417635791],[59.76885727638218,36.22779417635791],[59.76885727638218,36.218800972720665],[59.75986407274493,36.218800972720665]]]}},{"type":"Feature","properties":{"jobs":900,"pop":2400,"pointCount":7,"homeWorkCommuteMedian":16546,"workHomeCommuteMedian":790},"geometry":{"type":"Polygon","coordinates":[[[59.75986407274493,36.22779417635791],[59.75986407274493,36.23678737999516],[59.76885727638218,36.23678737999516],[59.76885727638218,36.22779417635791],[59.75986407274493,36.22779417635791]]]}},{"type":"Feature","properties":{"jobs":100,"pop":200,"pointCount":3,"homeWorkCommuteMedian":26242,"workHomeCommuteMedian":31625},"geometry":{"type":"Polygon","coordinates":[[[59.75986407274493,36.27276019454414],[59.75986407274493,36.28175339818139],[59.76885727638218,36.28175339818139],[59.76885727638218,36.27276019454414],[59.75986407274493,36.27276019454414]]]}},{"type":"Feature","properties":{"jobs":100,"pop":400,"pointCount":2,"homeWorkCommuteMedian":14126,"workHomeCommuteMedian":4673},"geometry":{"type":"Polygon","coordinates":[[[59.75986407274493,36.28175339818139],[59.75986407274493,36.29074660181863],[59.76885727638218,36.29074660181863],[59.76885727638218,36.28175339818139],[59.75986407274493,36.28175339818139]]]}},{"type":"Feature","properties":{"jobs":700,"pop":700,"pointCount":4,"homeWorkCommuteMedian":14916,"workHomeCommuteMedian":8012},"geometry":{"type":"Polygon","coordinates":[[[59.75986407274493,36.33571262000486],[59.75986407274493,36.34470582364211],[59.76885727638218,36.34470582364211],[59.76885727638218,36.33571262000486],[59.75986407274493,36.33571262000486]]]}},{"type":"Feature","properties":{"jobs":700,"pop":1500,"pointCount":11,"homeWorkCommuteMedian":14400,"workHomeCommuteMedian":18377},"geometry":{"type":"Polygon","coordinates":[[[59.75986407274493,36.34470582364211],[59.75986407274493,36.353699027279355],[59.76885727638218,36.353699027279355],[59.76885727638218,36.34470582364211],[59.75986407274493,36.34470582364211]]]}},{"type":"Feature","properties":{"jobs":0,"pop":100,"pointCount":1,"homeWorkCommuteMedian":1358,"workHomeCommuteMedian":-1},"geometry":{"type":"Polygon","coordinates":[[[59.75986407274493,36.353699027279355],[59.75986407274493,36.3626922309166],[59.76885727638218,36.3626922309166],[59.76885727638218,36.353699027279355],[59.75986407274493,36.353699027279355]]]}},{"type":"Feature","properties":{"jobs":400,"pop":900,"pointCount":4,"homeWorkCommuteMedian":3910,"workHomeCommuteMedian":20478},"geometry":{"type":"Polygon","coordinates":[[[59.75986407274493,36.3626922309166],[59.75986407274493,36.37168543455385],[59.76885727638218,36.37168543455385],[59.76885727638218,36.3626922309166],[59.75986407274493,36.3626922309166]]]}},{"type":"Feature","properties":{"jobs":400,"pop":400,"pointCount":3,"homeWorkCommuteMedian":23773,"workHomeCommuteMedian":4849},"geometry":{"type":"Polygon","coordinates":[[[59.75986407274493,36.37168543455385],[59.75986407274493,36.38067863819109],[59.76885727638218,36.38067863819109],[59.76885727638218,36.37168543455385],[59.75986407274493,36.37168543455385]]]}},{"type":"Feature","properties":{"jobs":100,"pop":100,"pointCount":2,"homeWorkCommuteMedian":11474,"workHomeCommuteMedian":26888},"geometry":{"type":"Polygon","coordinates":[[[59.76885727638218,36.15584854725994],[59.76885727638218,36.16484175089719],[59.777850480019424,36.16484175089719],[59.777850480019424,36.15584854725994],[59.76885727638218,36.15584854725994]]]}},{"type":"Feature","properties":{"jobs":200,"pop":300,"pointCount":4,"homeWorkCommuteMedian":19740,"workHomeCommuteMedian":19831},"geometry":{"type":"Polygon","coordinates":[[[59.76885727638218,36.19182136180893],[59.76885727638218,36.20081456544617],[59.777850480019424,36.20081456544617],[59.777850480019424,36.19182136180893],[59.76885727638218,36.19182136180893]]]}},{"type":"Feature","properties":{"jobs":1700,"pop":2100,"pointCount":7,"homeWorkCommuteMedian":1794,"workHomeCommuteMedian":1786},"geometry":{"type":"Polygon","coordinates":[[[59.76885727638218,36.20081456544617],[59.76885727638218,36.20980776908342],[59.777850480019424,36.20980776908342],[59.777850480019424,36.20081456544617],[59.76885727638218,36.20081456544617]]]}},{"type":"Feature","properties":{"jobs":600,"pop":1600,"pointCount":5,"homeWorkCommuteMedian":16231,"workHomeCommuteMedian":11474},"geometry":{"type":"Polygon","coordinates":[[[59.76885727638218,36.20980776908342],[59.76885727638218,36.218800972720665],[59.777850480019424,36.218800972720665],[59.777850480019424,36.20980776908342],[59.76885727638218,36.20980776908342]]]}},{"type":"Feature","properties":{"jobs":0,"pop":100,"pointCount":1,"homeWorkCommuteMedian":21625,"workHomeCommuteMedian":-1},"geometry":{"type":"Polygon","coordinates":[[[59.76885727638218,36.2457805836324],[59.76885727638218,36.25477378726965],[59.777850480019424,36.25477378726965],[59.777850480019424,36.2457805836324],[59.76885727638218,36.2457805836324]]]}},{"type":"Feature","properties":{"jobs":100,"pop":0,"pointCount":1,"homeWorkCommuteMedian":-1,"workHomeCommuteMedian":6572},"geometry":{"type":"Polygon","coordinates":[[[59.76885727638218,36.25477378726965],[59.76885727638218,36.263766990906895],[59.777850480019424,36.263766990906895],[59.777850480019424,36.25477378726965],[59.76885727638218,36.25477378726965]]]}},{"type":"Feature","properties":{"jobs":0,"pop":100,"pointCount":1,"homeWorkCommuteMedian":34031,"workHomeCommuteMedian":-1},"geometry":{"type":"Polygon","coordinates":[[[59.76885727638218,36.263766990906895],[59.76885727638218,36.27276019454414],[59.777850480019424,36.27276019454414],[59.777850480019424,36.263766990906895],[59.76885727638218,36.263766990906895]]]}},{"type":"Feature","properties":{"jobs":0,"pop":300,"pointCount":1,"homeWorkCommuteMedian":4214,"workHomeCommuteMedian":-1},"geometry":{"type":"Polygon","coordinates":[[[59.76885727638218,36.27276019454414],[59.76885727638218,36.28175339818139],[59.777850480019424,36.28175339818139],[59.777850480019424,36.27276019454414],[59.76885727638218,36.27276019454414]]]}},{"type":"Feature","properties":{"jobs":0,"pop":300,"pointCount":2,"homeWorkCommuteMedian":19144,"workHomeCommuteMedian":-1},"geometry":{"type":"Polygon","coordinates":[[[59.76885727638218,36.29074660181863],[59.76885727638218,36.29973980545588],[59.777850480019424,36.29973980545588],[59.777850480019424,36.29074660181863],[59.76885727638218,36.29074660181863]]]}},{"type":"Feature","properties":{"jobs":0,"pop":200,"pointCount":2,"homeWorkCommuteMedian":21989,"workHomeCommuteMedian":-1},"geometry":{"type":"Polygon","coordinates":[[[59.76885727638218,36.29973980545588],[59.76885727638218,36.308733009093125],[59.777850480019424,36.308733009093125],[59.777850480019424,36.29973980545588],[59.76885727638218,36.29973980545588]]]}},{"type":"Feature","properties":{"jobs":0,"pop":600,"pointCount":3,"homeWorkCommuteMedian":27891,"workHomeCommuteMedian":-1},"geometry":{"type":"Polygon","coordinates":[[[59.76885727638218,36.308733009093125],[59.76885727638218,36.31772621273037],[59.777850480019424,36.31772621273037],[59.777850480019424,36.308733009093125],[59.76885727638218,36.308733009093125]]]}},{"type":"Feature","properties":{"jobs":0,"pop":100,"pointCount":1,"homeWorkCommuteMedian":19324,"workHomeCommuteMedian":-1},"geometry":{"type":"Polygon","coordinates":[[[59.76885727638218,36.32671941636762],[59.76885727638218,36.33571262000486],[59.777850480019424,36.33571262000486],[59.777850480019424,36.32671941636762],[59.76885727638218,36.32671941636762]]]}},{"type":"Feature","properties":{"jobs":500,"pop":600,"pointCount":5,"homeWorkCommuteMedian":17037,"workHomeCommuteMedian":1773},"geometry":{"type":"Polygon","coordinates":[[[59.76885727638218,36.34470582364211],[59.76885727638218,36.353699027279355],[59.777850480019424,36.353699027279355],[59.777850480019424,36.34470582364211],[59.76885727638218,36.34470582364211]]]}},{"type":"Feature","properties":{"jobs":700,"pop":500,"pointCount":8,"homeWorkCommuteMedian":1328,"workHomeCommuteMedian":1768},"geometry":{"type":"Polygon","coordinates":[[[59.76885727638218,36.353699027279355],[59.76885727638218,36.3626922309166],[59.777850480019424,36.3626922309166],[59.777850480019424,36.353699027279355],[59.76885727638218,36.353699027279355]]]}},{"type":"Feature","properties":{"jobs":800,"pop":900,"pointCount":8,"homeWorkCommuteMedian":1773,"workHomeCommuteMedian":1358},"geometry":{"type":"Polygon","coordinates":[[[59.76885727638218,36.3626922309166],[59.76885727638218,36.37168543455385],[59.777850480019424,36.37168543455385],[59.777850480019424,36.3626922309166],[59.76885727638218,36.3626922309166]]]}},{"type":"Feature","properties":{"jobs":100,"pop":400,"pointCount":3,"homeWorkCommuteMedian":35536,"workHomeCommuteMedian":3079},"geometry":{"type":"Polygon","coordinates":[[[59.76885727638218,36.37168543455385],[59.76885727638218,36.38067863819109],[59.777850480019424,36.38067863819109],[59.777850480019424,36.37168543455385],[59.76885727638218,36.37168543455385]]]}}],"properties":{"residentWeightedNearestNeighborKm":{"p10":0,"p25":0,"p50":0.22382972678823457,"p75":0.22400942329986953,"p90":0.22415298860240163,"mean":0.14077183430894288},"workerWeightedNearestNeighborKm":{"p10":0,"p25":0,"p50":0,"p75":0,"p90":0.43141812263533347,"mean":0.07742863759737968},"commuteDistanceKm":{"p10":3811,"p25":5004,"p50":6485,"p75":9382,"p90":14035,"mean":7948.94336},"residentCellDensity":{"p10":100,"p25":300,"p50":1200,"p75":3750,"p90":6300,"mean":2331.241084165478},"workerCellDensity":{"p10":100,"p25":400,"p50":1600,"p75":4000,"p90":7900,"mean":3362.6283367556466},"detail":{"radiusKm":0,"expectedPointSpacingKm":0.3417430630867044,"normalizedRadius":0,"activityPerPoint":260.8695652173913,"playableAreaKm2":1020,"playableAreaPerPointKm2":0.16185337987940338,"playableCatchmentRadiusKm":0.22697914205467146,"localityScore":0,"deaggregationScore":1,"score":0},"polycentrism":{"activity":{"score":0.9784031588730826,"continuousScore":0.5941862550891228,"detectedCenterCount":2,"effectiveCenterCount":1.9577194441926933,"largestCenterShare":0.5734793187347932,"bandwidthKm":1.3,"reliabilityScore":1,"supportLevel":"high","usedFallback":false,"topCenters":[{"longitude":59.636649542851075,"latitude":36.29685841323716,"massShare":0.5734793187347932,"assignedMass":1885600,"assignedPointCount":3165,"prominenceRatio":1},{"longitude":59.52209873074728,"latitude":36.34311155875642,"massShare":0.4265206812652068,"assignedMass":1402400,"assignedPointCount":3137,"prominenceRatio":0.9999999899388533}],"debug":{"rawPeakCount":23,"mergedPeakCount":16,"filteredPeakCount":2,"prominenceThreshold":0.22,"minPointsPerCenter":10,"rejectedCenters":[{"longitude":59.649990658235126,"latitude":36.38129491233113,"massShare":0.05290450121654501,"assignedMass":173950,"assignedPointCount":489,"prominenceRatio":1,"strongestCompetitorDistanceKm":12.329877799950077,"strongestCompetitorPotential":267767.3739985121,"localConsolidatedShare":0.05290450121654501,"localConsolidatedMass":173950,"localContributorCount":1,"localContributorDistancesKm":[],"rejectionReasons":["below_secondary_share_floor"]},{"longitude":59.448085106382976,"latitude":36.38482848458532,"massShare":0.03502128953771289,"assignedMass":115150,"assignedPointCount":439,"prominenceRatio":1,"strongestCompetitorDistanceKm":15.40295442530409,"strongestCompetitorPotential":140159.6133651728,"localConsolidatedShare":0.03502128953771289,"localConsolidatedMass":115150,"localContributorCount":1,"localContributorDistancesKm":[],"rejectionReasons":["below_secondary_share_floor"]},{"longitude":59.73854191263282,"latitude":36.23905548996458,"massShare":0.012880170316301703,"assignedMass":42350,"assignedPointCount":120,"prominenceRatio":1,"strongestCompetitorDistanceKm":16.27115749052998,"strongestCompetitorPotential":267767.3739985121,"localConsolidatedShare":0.012880170316301703,"localConsolidatedMass":42350,"localContributorCount":1,"localContributorDistancesKm":[],"rejectionReasons":["below_secondary_share_floor"]},{"longitude":59.74213609898108,"latitude":36.338187772925764,"massShare":0.010447080291970803,"assignedMass":34350,"assignedPointCount":144,"prominenceRatio":1,"strongestCompetitorDistanceKm":15.197404234284488,"strongestCompetitorPotential":267767.3739985121,"localConsolidatedShare":0.010447080291970803,"localConsolidatedMass":34350,"localContributorCount":1,"localContributorDistancesKm":[],"rejectionReasons":["below_secondary_share_floor"]},{"longitude":59.653287671232874,"latitude":36.194062170706005,"massShare":0.014431265206812652,"assignedMass":47450,"assignedPointCount":157,"prominenceRatio":1,"strongestCompetitorDistanceKm":15.350617221783413,"strongestCompetitorPotential":267767.3739985121,"localConsolidatedShare":0.014431265206812652,"localConsolidatedMass":47450,"localContributorCount":1,"localContributorDistancesKm":[],"rejectionReasons":["below_secondary_share_floor"]},{"longitude":59.401575630252104,"latitude":36.304894957983194,"massShare":0.003619221411192214,"assignedMass":11900,"assignedPointCount":79,"prominenceRatio":1,"strongestCompetitorDistanceKm":14.535220670937798,"strongestCompetitorPotential":140159.6133651728,"localConsolidatedShare":0.003619221411192214,"localConsolidatedMass":11900,"localContributorCount":1,"localContributorDistancesKm":[],"rejectionReasons":["below_secondary_share_floor"]},{"longitude":59.39107142857143,"latitude":36.224642857142854,"massShare":0.00021289537712895377,"assignedMass":700,"assignedPointCount":7,"prominenceRatio":1,"strongestCompetitorDistanceKm":17.44145416267435,"strongestCompetitorPotential":140159.6133651728,"localConsolidatedShare":0.00021289537712895377,"localConsolidatedMass":700,"localContributorCount":1,"localContributorDistancesKm":[],"rejectionReasons":["below_min_points_per_center"]},{"longitude":59.584462809917355,"latitude":36.190619834710745,"massShare":0.0018400243309002434,"assignedMass":6050,"assignedPointCount":41,"prominenceRatio":1,"strongestCompetitorDistanceKm":12.708375216531456,"strongestCompetitorPotential":140159.6133651728,"localConsolidatedShare":0.0018400243309002434,"localConsolidatedMass":6050,"localContributorCount":1,"localContributorDistancesKm":[],"rejectionReasons":["below_secondary_share_floor"]},{"longitude":59.508,"latitude":36.165,"massShare":0.00015206812652068127,"assignedMass":500,"assignedPointCount":5,"prominenceRatio":1,"strongestCompetitorDistanceKm":18.346483238656223,"strongestCompetitorPotential":267767.3739985121,"localConsolidatedShare":0.00015206812652068127,"localConsolidatedMass":500,"localContributorCount":1,"localContributorDistancesKm":[],"rejectionReasons":["below_min_points_per_center"]},{"longitude":59.385625,"latitude":36.164375,"massShare":0.00012165450121654502,"assignedMass":400,"assignedPointCount":4,"prominenceRatio":1,"strongestCompetitorDistanceKm":23.45561148930058,"strongestCompetitorPotential":140159.6133651728,"localConsolidatedShare":0.00012165450121654502,"localConsolidatedMass":400,"localContributorCount":1,"localContributorDistancesKm":[],"rejectionReasons":["below_min_points_per_center"]},{"longitude":59.445,"latitude":36.15375,"massShare":0.00006082725060827251,"assignedMass":200,"assignedPointCount":2,"prominenceRatio":1,"strongestCompetitorDistanceKm":20.823815560045933,"strongestCompetitorPotential":140159.6133651728,"localConsolidatedShare":0.00006082725060827251,"localConsolidatedMass":200,"localContributorCount":1,"localContributorDistancesKm":[],"rejectionReasons":["below_min_points_per_center"]},{"longitude":59.4575,"latitude":36.18,"massShare":0.000030413625304136255,"assignedMass":100,"assignedPointCount":1,"prominenceRatio":1,"strongestCompetitorDistanceKm":17.736701562726296,"strongestCompetitorPotential":140159.6133651728,"localConsolidatedShare":0.000030413625304136255,"localConsolidatedMass":100,"localContributorCount":1,"localContributorDistancesKm":[],"rejectionReasons":["below_min_points_per_center"]},{"longitude":59.44625,"latitude":36.21625,"massShare":0.00006082725060827251,"assignedMass":200,"assignedPointCount":2,"prominenceRatio":1,"strongestCompetitorDistanceKm":15.590415190982453,"strongestCompetitorPotential":140159.6133651728,"localConsolidatedShare":0.00006082725060827251,"localConsolidatedMass":200,"localContributorCount":1,"localContributorDistancesKm":[],"rejectionReasons":["below_min_points_per_center"]},{"longitude":59.4225,"latitude":36.175,"massShare":0.000030413625304136255,"assignedMass":100,"assignedPointCount":1,"prominenceRatio":1,"strongestCompetitorDistanceKm":19.723420922494405,"strongestCompetitorPotential":140159.6133651728,"localConsolidatedShare":0.000030413625304136255,"localConsolidatedMass":100,"localContributorCount":1,"localContributorDistancesKm":[],"rejectionReasons":["below_min_points_per_center"]}]}}}}}
