{"type":"FeatureCollection","features":[{"type":"Feature","properties":{"jobs":600,"pop":200,"pointCount":2,"homeWorkCommuteMedian":55113,"workHomeCommuteMedian":54099},"geometry":{"type":"Polygon","coordinates":[[[9.604299039961203,53.35070728906402],[9.604299039961203,53.359700492701265],[9.61329224359845,53.359700492701265],[9.61329224359845,53.35070728906402],[9.604299039961203,53.35070728906402]]]}},{"type":"Feature","properties":{"jobs":0,"pop":200,"pointCount":2,"homeWorkCommuteMedian":65474,"workHomeCommuteMedian":-1},"geometry":{"type":"Polygon","coordinates":[[[9.604299039961203,53.37768689997576],[9.604299039961203,53.386680103613],[9.61329224359845,53.386680103613],[9.61329224359845,53.37768689997576],[9.604299039961203,53.37768689997576]]]}},{"type":"Feature","properties":{"jobs":0,"pop":100,"pointCount":1,"homeWorkCommuteMedian":22772,"workHomeCommuteMedian":-1},"geometry":{"type":"Polygon","coordinates":[[[9.604299039961203,53.386680103613],[9.604299039961203,53.39567330725025],[9.61329224359845,53.39567330725025],[9.61329224359845,53.386680103613],[9.604299039961203,53.386680103613]]]}},{"type":"Feature","properties":{"jobs":200,"pop":700,"pointCount":7,"homeWorkCommuteMedian":61474,"workHomeCommuteMedian":36669},"geometry":{"type":"Polygon","coordinates":[[[9.604299039961203,53.404666510887495],[9.604299039961203,53.41365971452474],[9.61329224359845,53.41365971452474],[9.61329224359845,53.404666510887495],[9.604299039961203,53.404666510887495]]]}},{"type":"Feature","properties":{"jobs":200,"pop":700,"pointCount":8,"homeWorkCommuteMedian":58493,"workHomeCommuteMedian":67338},"geometry":{"type":"Polygon","coordinates":[[[9.604299039961203,53.41365971452474],[9.604299039961203,53.42265291816199],[9.61329224359845,53.42265291816199],[9.61329224359845,53.41365971452474],[9.604299039961203,53.41365971452474]]]}},{"type":"Feature","properties":{"jobs":100,"pop":400,"pointCount":5,"homeWorkCommuteMedian":58349,"workHomeCommuteMedian":52422},"geometry":{"type":"Polygon","coordinates":[[[9.604299039961203,53.43164612179923],[9.604299039961203,53.44063932543648],[9.61329224359845,53.44063932543648],[9.61329224359845,53.43164612179923],[9.604299039961203,53.43164612179923]]]}},{"type":"Feature","properties":{"jobs":100,"pop":300,"pointCount":4,"homeWorkCommuteMedian":39863,"workHomeCommuteMedian":61185},"geometry":{"type":"Polygon","coordinates":[[[9.604299039961203,53.44063932543648],[9.604299039961203,53.449632529073725],[9.61329224359845,53.449632529073725],[9.61329224359845,53.44063932543648],[9.604299039961203,53.44063932543648]]]}},{"type":"Feature","properties":{"jobs":100,"pop":100,"pointCount":2,"homeWorkCommuteMedian":65481,"workHomeCommuteMedian":69819},"geometry":{"type":"Polygon","coordinates":[[[9.604299039961203,53.45862573271097],[9.604299039961203,53.46761893634822],[9.61329224359845,53.46761893634822],[9.61329224359845,53.45862573271097],[9.604299039961203,53.45862573271097]]]}},{"type":"Feature","properties":{"jobs":300,"pop":200,"pointCount":3,"homeWorkCommuteMedian":87521,"workHomeCommuteMedian":59376},"geometry":{"type":"Polygon","coordinates":[[[9.604299039961203,53.46761893634822],[9.604299039961203,53.47661213998546],[9.61329224359845,53.47661213998546],[9.61329224359845,53.46761893634822],[9.604299039961203,53.46761893634822]]]}},{"type":"Feature","properties":{"jobs":0,"pop":100,"pointCount":1,"homeWorkCommuteMedian":38426,"workHomeCommuteMedian":-1},"geometry":{"type":"Polygon","coordinates":[[[9.604299039961203,53.47661213998546],[9.604299039961203,53.48560534362271],[9.61329224359845,53.48560534362271],[9.61329224359845,53.47661213998546],[9.604299039961203,53.47661213998546]]]}},{"type":"Feature","properties":{"jobs":0,"pop":100,"pointCount":1,"homeWorkCommuteMedian":42776,"workHomeCommuteMedian":-1},"geometry":{"type":"Polygon","coordinates":[[[9.604299039961203,53.48560534362271],[9.604299039961203,53.494598547259955],[9.61329224359845,53.494598547259955],[9.61329224359845,53.48560534362271],[9.604299039961203,53.48560534362271]]]}},{"type":"Feature","properties":{"jobs":0,"pop":100,"pointCount":1,"homeWorkCommuteMedian":59129,"workHomeCommuteMedian":-1},"geometry":{"type":"Polygon","coordinates":[[[9.604299039961203,53.494598547259955],[9.604299039961203,53.5035917508972],[9.61329224359845,53.5035917508972],[9.61329224359845,53.494598547259955],[9.604299039961203,53.494598547259955]]]}},{"type":"Feature","properties":{"jobs":100,"pop":100,"pointCount":1,"homeWorkCommuteMedian":35346,"workHomeCommuteMedian":65274},"geometry":{"type":"Polygon","coordinates":[[[9.604299039961203,53.51258495453445],[9.604299039961203,53.52157815817169],[9.61329224359845,53.52157815817169],[9.61329224359845,53.51258495453445],[9.604299039961203,53.51258495453445]]]}},{"type":"Feature","properties":{"jobs":600,"pop":100,"pointCount":5,"homeWorkCommuteMedian":35996,"workHomeCommuteMedian":52998},"geometry":{"type":"Polygon","coordinates":[[[9.604299039961203,53.52157815817169],[9.604299039961203,53.53057136180894],[9.61329224359845,53.53057136180894],[9.61329224359845,53.52157815817169],[9.604299039961203,53.52157815817169]]]}},{"type":"Feature","properties":{"jobs":500,"pop":200,"pointCount":4,"homeWorkCommuteMedian":44106,"workHomeCommuteMedian":43759},"geometry":{"type":"Polygon","coordinates":[[[9.604299039961203,53.53057136180894],[9.604299039961203,53.539564565446184],[9.61329224359845,53.539564565446184],[9.61329224359845,53.53057136180894],[9.604299039961203,53.53057136180894]]]}},{"type":"Feature","properties":{"jobs":300,"pop":600,"pointCount":8,"homeWorkCommuteMedian":44698,"workHomeCommuteMedian":47332},"geometry":{"type":"Polygon","coordinates":[[[9.604299039961203,53.539564565446184],[9.604299039961203,53.54855776908343],[9.61329224359845,53.54855776908343],[9.61329224359845,53.539564565446184],[9.604299039961203,53.539564565446184]]]}},{"type":"Feature","properties":{"jobs":0,"pop":600,"pointCount":5,"homeWorkCommuteMedian":44873,"workHomeCommuteMedian":-1},"geometry":{"type":"Polygon","coordinates":[[[9.604299039961203,53.54855776908343],[9.604299039961203,53.557550972720676],[9.61329224359845,53.557550972720676],[9.61329224359845,53.54855776908343],[9.604299039961203,53.54855776908343]]]}},{"type":"Feature","properties":{"jobs":1000,"pop":500,"pointCount":9,"homeWorkCommuteMedian":42188,"workHomeCommuteMedian":44517},"geometry":{"type":"Polygon","coordinates":[[[9.604299039961203,53.557550972720676],[9.604299039961203,53.56654417635792],[9.61329224359845,53.56654417635792],[9.61329224359845,53.557550972720676],[9.604299039961203,53.557550972720676]]]}},{"type":"Feature","properties":{"jobs":400,"pop":800,"pointCount":11,"homeWorkCommuteMedian":48962,"workHomeCommuteMedian":50772},"geometry":{"type":"Polygon","coordinates":[[[9.604299039961203,53.56654417635792],[9.604299039961203,53.57553737999517],[9.61329224359845,53.57553737999517],[9.61329224359845,53.56654417635792],[9.604299039961203,53.56654417635792]]]}},{"type":"Feature","properties":{"jobs":600,"pop":100,"pointCount":2,"homeWorkCommuteMedian":62460,"workHomeCommuteMedian":41473},"geometry":{"type":"Polygon","coordinates":[[[9.604299039961203,53.629496601818644],[9.604299039961203,53.63848980545589],[9.61329224359845,53.63848980545589],[9.61329224359845,53.629496601818644],[9.604299039961203,53.629496601818644]]]}},{"type":"Feature","properties":{"jobs":0,"pop":200,"pointCount":2,"homeWorkCommuteMedian":47270,"workHomeCommuteMedian":-1},"geometry":{"type":"Polygon","coordinates":[[[9.604299039961203,53.647483009093136],[9.604299039961203,53.65647621273038],[9.61329224359845,53.65647621273038],[9.61329224359845,53.647483009093136],[9.604299039961203,53.647483009093136]]]}},{"type":"Feature","properties":{"jobs":0,"pop":200,"pointCount":2,"homeWorkCommuteMedian":44795,"workHomeCommuteMedian":-1},"geometry":{"type":"Polygon","coordinates":[[[9.604299039961203,53.66546941636763],[9.604299039961203,53.674462620004874],[9.61329224359845,53.674462620004874],[9.61329224359845,53.66546941636763],[9.604299039961203,53.66546941636763]]]}},{"type":"Feature","properties":{"jobs":0,"pop":100,"pointCount":1,"homeWorkCommuteMedian":65551,"workHomeCommuteMedian":-1},"geometry":{"type":"Polygon","coordinates":[[[9.604299039961203,53.674462620004874],[9.604299039961203,53.68345582364212],[9.61329224359845,53.68345582364212],[9.61329224359845,53.674462620004874],[9.604299039961203,53.674462620004874]]]}},{"type":"Feature","properties":{"jobs":200,"pop":100,"pointCount":3,"homeWorkCommuteMedian":25291,"workHomeCommuteMedian":46762},"geometry":{"type":"Polygon","coordinates":[[[9.604299039961203,53.70144223091661],[9.604299039961203,53.71043543455386],[9.61329224359845,53.71043543455386],[9.61329224359845,53.70144223091661],[9.604299039961203,53.70144223091661]]]}},{"type":"Feature","properties":{"jobs":100,"pop":100,"pointCount":1,"homeWorkCommuteMedian":53906,"workHomeCommuteMedian":53816},"geometry":{"type":"Polygon","coordinates":[[[9.604299039961203,53.74640824910284],[9.604299039961203,53.75540145274009],[9.61329224359845,53.75540145274009],[9.61329224359845,53.74640824910284],[9.604299039961203,53.74640824910284]]]}},{"type":"Feature","properties":{"jobs":0,"pop":100,"pointCount":1,"homeWorkCommuteMedian":55666,"workHomeCommuteMedian":-1},"geometry":{"type":"Polygon","coordinates":[[[9.604299039961203,53.75540145274009],[9.604299039961203,53.764394656377334],[9.61329224359845,53.764394656377334],[9.61329224359845,53.75540145274009],[9.604299039961203,53.75540145274009]]]}},{"type":"Feature","properties":{"jobs":100,"pop":0,"pointCount":1,"homeWorkCommuteMedian":-1,"workHomeCommuteMedian":49110},"geometry":{"type":"Polygon","coordinates":[[[9.604299039961203,53.764394656377334],[9.604299039961203,53.77338786001458],[9.61329224359845,53.77338786001458],[9.61329224359845,53.764394656377334],[9.604299039961203,53.764394656377334]]]}},{"type":"Feature","properties":{"jobs":0,"pop":200,"pointCount":2,"homeWorkCommuteMedian":41171,"workHomeCommuteMedian":-1},"geometry":{"type":"Polygon","coordinates":[[[9.604299039961203,53.77338786001458],[9.604299039961203,53.782381063651826],[9.61329224359845,53.782381063651826],[9.61329224359845,53.77338786001458],[9.604299039961203,53.77338786001458]]]}},{"type":"Feature","properties":{"jobs":0,"pop":200,"pointCount":2,"homeWorkCommuteMedian":35899,"workHomeCommuteMedian":-1},"geometry":{"type":"Polygon","coordinates":[[[9.604299039961203,53.782381063651826],[9.604299039961203,53.79137426728907],[9.61329224359845,53.79137426728907],[9.61329224359845,53.782381063651826],[9.604299039961203,53.782381063651826]]]}},{"type":"Feature","properties":{"jobs":400,"pop":200,"pointCount":2,"homeWorkCommuteMedian":40231,"workHomeCommuteMedian":39340},"geometry":{"type":"Polygon","coordinates":[[[9.604299039961203,53.79137426728907],[9.604299039961203,53.80036747092632],[9.61329224359845,53.80036747092632],[9.61329224359845,53.79137426728907],[9.604299039961203,53.79137426728907]]]}},{"type":"Feature","properties":{"jobs":400,"pop":300,"pointCount":5,"homeWorkCommuteMedian":52520,"workHomeCommuteMedian":59373},"geometry":{"type":"Polygon","coordinates":[[[9.604299039961203,53.809360674563564],[9.604299039961203,53.81835387820081],[9.61329224359845,53.81835387820081],[9.61329224359845,53.809360674563564],[9.604299039961203,53.809360674563564]]]}},{"type":"Feature","properties":{"jobs":100,"pop":100,"pointCount":2,"homeWorkCommuteMedian":22222,"workHomeCommuteMedian":29240},"geometry":{"type":"Polygon","coordinates":[[[9.604299039961203,53.8363402854753],[9.604299039961203,53.84533348911255],[9.61329224359845,53.84533348911255],[9.61329224359845,53.8363402854753],[9.604299039961203,53.8363402854753]]]}},{"type":"Feature","properties":{"jobs":0,"pop":100,"pointCount":1,"homeWorkCommuteMedian":27181,"workHomeCommuteMedian":-1},"geometry":{"type":"Polygon","coordinates":[[[9.61329224359845,53.359700492701265],[9.61329224359845,53.36869369633851],[9.622285447235695,53.36869369633851],[9.622285447235695,53.359700492701265],[9.61329224359845,53.359700492701265]]]}},{"type":"Feature","properties":{"jobs":200,"pop":200,"pointCount":2,"homeWorkCommuteMedian":46863,"workHomeCommuteMedian":38855},"geometry":{"type":"Polygon","coordinates":[[[9.61329224359845,53.404666510887495],[9.61329224359845,53.41365971452474],[9.622285447235695,53.41365971452474],[9.622285447235695,53.404666510887495],[9.61329224359845,53.404666510887495]]]}},{"type":"Feature","properties":{"jobs":0,"pop":100,"pointCount":1,"homeWorkCommuteMedian":53029,"workHomeCommuteMedian":-1},"geometry":{"type":"Polygon","coordinates":[[[9.61329224359845,53.41365971452474],[9.61329224359845,53.42265291816199],[9.622285447235695,53.42265291816199],[9.622285447235695,53.41365971452474],[9.61329224359845,53.41365971452474]]]}},{"type":"Feature","properties":{"jobs":1000,"pop":900,"pointCount":13,"homeWorkCommuteMedian":55149,"workHomeCommuteMedian":50866},"geometry":{"type":"Polygon","coordinates":[[[9.61329224359845,53.43164612179923],[9.61329224359845,53.44063932543648],[9.622285447235695,53.44063932543648],[9.622285447235695,53.43164612179923],[9.61329224359845,53.43164612179923]]]}},{"type":"Feature","properties":{"jobs":100,"pop":300,"pointCount":2,"homeWorkCommuteMedian":68352,"workHomeCommuteMedian":63213},"geometry":{"type":"Polygon","coordinates":[[[9.61329224359845,53.44063932543648],[9.61329224359845,53.449632529073725],[9.622285447235695,53.449632529073725],[9.622285447235695,53.44063932543648],[9.61329224359845,53.44063932543648]]]}},{"type":"Feature","properties":{"jobs":0,"pop":100,"pointCount":1,"homeWorkCommuteMedian":82807,"workHomeCommuteMedian":-1},"geometry":{"type":"Polygon","coordinates":[[[9.61329224359845,53.46761893634822],[9.61329224359845,53.47661213998546],[9.622285447235695,53.47661213998546],[9.622285447235695,53.46761893634822],[9.61329224359845,53.46761893634822]]]}},{"type":"Feature","properties":{"jobs":0,"pop":900,"pointCount":6,"homeWorkCommuteMedian":44651,"workHomeCommuteMedian":-1},"geometry":{"type":"Polygon","coordinates":[[[9.61329224359845,53.47661213998546],[9.61329224359845,53.48560534362271],[9.622285447235695,53.48560534362271],[9.622285447235695,53.47661213998546],[9.61329224359845,53.47661213998546]]]}},{"type":"Feature","properties":{"jobs":400,"pop":300,"pointCount":3,"homeWorkCommuteMedian":49671,"workHomeCommuteMedian":33516},"geometry":{"type":"Polygon","coordinates":[[[9.61329224359845,53.53057136180894],[9.61329224359845,53.539564565446184],[9.622285447235695,53.539564565446184],[9.622285447235695,53.53057136180894],[9.61329224359845,53.53057136180894]]]}},{"type":"Feature","properties":{"jobs":100,"pop":200,"pointCount":3,"homeWorkCommuteMedian":70981,"workHomeCommuteMedian":49090},"geometry":{"type":"Polygon","coordinates":[[[9.61329224359845,53.539564565446184],[9.61329224359845,53.54855776908343],[9.622285447235695,53.54855776908343],[9.622285447235695,53.539564565446184],[9.61329224359845,53.539564565446184]]]}},{"type":"Feature","properties":{"jobs":0,"pop":200,"pointCount":2,"homeWorkCommuteMedian":47232,"workHomeCommuteMedian":-1},"geometry":{"type":"Polygon","coordinates":[[[9.61329224359845,53.557550972720676],[9.61329224359845,53.56654417635792],[9.622285447235695,53.56654417635792],[9.622285447235695,53.557550972720676],[9.61329224359845,53.557550972720676]]]}},{"type":"Feature","properties":{"jobs":0,"pop":100,"pointCount":1,"homeWorkCommuteMedian":35896,"workHomeCommuteMedian":-1},"geometry":{"type":"Polygon","coordinates":[[[9.61329224359845,53.56654417635792],[9.61329224359845,53.57553737999517],[9.622285447235695,53.57553737999517],[9.622285447235695,53.56654417635792],[9.61329224359845,53.56654417635792]]]}},{"type":"Feature","properties":{"jobs":0,"pop":100,"pointCount":1,"homeWorkCommuteMedian":58978,"workHomeCommuteMedian":-1},"geometry":{"type":"Polygon","coordinates":[[[9.61329224359845,53.602516990906906],[9.61329224359845,53.61151019454415],[9.622285447235695,53.61151019454415],[9.622285447235695,53.602516990906906],[9.61329224359845,53.602516990906906]]]}},{"type":"Feature","properties":{"jobs":0,"pop":300,"pointCount":2,"homeWorkCommuteMedian":40495,"workHomeCommuteMedian":-1},"geometry":{"type":"Polygon","coordinates":[[[9.61329224359845,53.647483009093136],[9.61329224359845,53.65647621273038],[9.622285447235695,53.65647621273038],[9.622285447235695,53.647483009093136],[9.61329224359845,53.647483009093136]]]}},{"type":"Feature","properties":{"jobs":200,"pop":100,"pointCount":2,"homeWorkCommuteMedian":30638,"workHomeCommuteMedian":43988},"geometry":{"type":"Polygon","coordinates":[[[9.61329224359845,53.65647621273038],[9.61329224359845,53.66546941636763],[9.622285447235695,53.66546941636763],[9.622285447235695,53.65647621273038],[9.61329224359845,53.65647621273038]]]}},{"type":"Feature","properties":{"jobs":0,"pop":100,"pointCount":1,"homeWorkCommuteMedian":43527,"workHomeCommuteMedian":-1},"geometry":{"type":"Polygon","coordinates":[[[9.61329224359845,53.674462620004874],[9.61329224359845,53.68345582364212],[9.622285447235695,53.68345582364212],[9.622285447235695,53.674462620004874],[9.61329224359845,53.674462620004874]]]}},{"type":"Feature","properties":{"jobs":500,"pop":0,"pointCount":3,"homeWorkCommuteMedian":-1,"workHomeCommuteMedian":53692},"geometry":{"type":"Polygon","coordinates":[[[9.61329224359845,53.764394656377334],[9.61329224359845,53.77338786001458],[9.622285447235695,53.77338786001458],[9.622285447235695,53.764394656377334],[9.61329224359845,53.764394656377334]]]}},{"type":"Feature","properties":{"jobs":0,"pop":200,"pointCount":2,"homeWorkCommuteMedian":42587,"workHomeCommuteMedian":-1},"geometry":{"type":"Polygon","coordinates":[[[9.61329224359845,53.77338786001458],[9.61329224359845,53.782381063651826],[9.622285447235695,53.782381063651826],[9.622285447235695,53.77338786001458],[9.61329224359845,53.77338786001458]]]}},{"type":"Feature","properties":{"jobs":0,"pop":200,"pointCount":2,"homeWorkCommuteMedian":86495,"workHomeCommuteMedian":-1},"geometry":{"type":"Polygon","coordinates":[[[9.61329224359845,53.782381063651826],[9.61329224359845,53.79137426728907],[9.622285447235695,53.79137426728907],[9.622285447235695,53.782381063651826],[9.61329224359845,53.782381063651826]]]}},{"type":"Feature","properties":{"jobs":500,"pop":650,"pointCount":7,"homeWorkCommuteMedian":43061,"workHomeCommuteMedian":44295},"geometry":{"type":"Polygon","coordinates":[[[9.61329224359845,53.809360674563564],[9.61329224359845,53.81835387820081],[9.622285447235695,53.81835387820081],[9.622285447235695,53.809360674563564],[9.61329224359845,53.809360674563564]]]}},{"type":"Feature","properties":{"jobs":0,"pop":350,"pointCount":2,"homeWorkCommuteMedian":52904,"workHomeCommuteMedian":-1},"geometry":{"type":"Polygon","coordinates":[[[9.61329224359845,53.8363402854753],[9.61329224359845,53.84533348911255],[9.622285447235695,53.84533348911255],[9.622285447235695,53.8363402854753],[9.61329224359845,53.8363402854753]]]}},{"type":"Feature","properties":{"jobs":300,"pop":400,"pointCount":3,"homeWorkCommuteMedian":33891,"workHomeCommuteMedian":42918},"geometry":{"type":"Polygon","coordinates":[[[9.622285447235695,53.359700492701265],[9.622285447235695,53.36869369633851],[9.631278650872941,53.36869369633851],[9.631278650872941,53.359700492701265],[9.622285447235695,53.359700492701265]]]}},{"type":"Feature","properties":{"jobs":500,"pop":450,"pointCount":5,"homeWorkCommuteMedian":55169,"workHomeCommuteMedian":51376},"geometry":{"type":"Polygon","coordinates":[[[9.622285447235695,53.404666510887495],[9.622285447235695,53.41365971452474],[9.631278650872941,53.41365971452474],[9.631278650872941,53.404666510887495],[9.622285447235695,53.404666510887495]]]}},{"type":"Feature","properties":{"jobs":0,"pop":100,"pointCount":1,"homeWorkCommuteMedian":15093,"workHomeCommuteMedian":-1},"geometry":{"type":"Polygon","coordinates":[[[9.622285447235695,53.42265291816199],[9.622285447235695,53.43164612179923],[9.631278650872941,53.43164612179923],[9.631278650872941,53.42265291816199],[9.622285447235695,53.42265291816199]]]}},{"type":"Feature","properties":{"jobs":200,"pop":500,"pointCount":5,"homeWorkCommuteMedian":60886,"workHomeCommuteMedian":76750},"geometry":{"type":"Polygon","coordinates":[[[9.622285447235695,53.43164612179923],[9.622285447235695,53.44063932543648],[9.631278650872941,53.44063932543648],[9.631278650872941,53.43164612179923],[9.622285447235695,53.43164612179923]]]}},{"type":"Feature","properties":{"jobs":0,"pop":600,"pointCount":4,"homeWorkCommuteMedian":40521,"workHomeCommuteMedian":-1},"geometry":{"type":"Polygon","coordinates":[[[9.622285447235695,53.44063932543648],[9.622285447235695,53.449632529073725],[9.631278650872941,53.449632529073725],[9.631278650872941,53.44063932543648],[9.622285447235695,53.44063932543648]]]}},{"type":"Feature","properties":{"jobs":100,"pop":100,"pointCount":2,"homeWorkCommuteMedian":39391,"workHomeCommuteMedian":38378},"geometry":{"type":"Polygon","coordinates":[[[9.622285447235695,53.449632529073725],[9.622285447235695,53.45862573271097],[9.631278650872941,53.45862573271097],[9.631278650872941,53.449632529073725],[9.622285447235695,53.449632529073725]]]}},{"type":"Feature","properties":{"jobs":100,"pop":0,"pointCount":1,"homeWorkCommuteMedian":-1,"workHomeCommuteMedian":40031},"geometry":{"type":"Polygon","coordinates":[[[9.622285447235695,53.45862573271097],[9.622285447235695,53.46761893634822],[9.631278650872941,53.46761893634822],[9.631278650872941,53.45862573271097],[9.622285447235695,53.45862573271097]]]}},{"type":"Feature","properties":{"jobs":400,"pop":100,"pointCount":3,"homeWorkCommuteMedian":58045,"workHomeCommuteMedian":59356},"geometry":{"type":"Polygon","coordinates":[[[9.622285447235695,53.47661213998546],[9.622285447235695,53.48560534362271],[9.631278650872941,53.48560534362271],[9.631278650872941,53.47661213998546],[9.622285447235695,53.47661213998546]]]}},{"type":"Feature","properties":{"jobs":0,"pop":100,"pointCount":1,"homeWorkCommuteMedian":37937,"workHomeCommuteMedian":-1},"geometry":{"type":"Polygon","coordinates":[[[9.622285447235695,53.48560534362271],[9.622285447235695,53.494598547259955],[9.631278650872941,53.494598547259955],[9.631278650872941,53.48560534362271],[9.622285447235695,53.48560534362271]]]}},{"type":"Feature","properties":{"jobs":800,"pop":200,"pointCount":5,"homeWorkCommuteMedian":48814,"workHomeCommuteMedian":39942},"geometry":{"type":"Polygon","coordinates":[[[9.622285447235695,53.539564565446184],[9.622285447235695,53.54855776908343],[9.631278650872941,53.54855776908343],[9.631278650872941,53.539564565446184],[9.622285447235695,53.539564565446184]]]}},{"type":"Feature","properties":{"jobs":0,"pop":100,"pointCount":1,"homeWorkCommuteMedian":46147,"workHomeCommuteMedian":-1},"geometry":{"type":"Polygon","coordinates":[[[9.622285447235695,53.557550972720676],[9.622285447235695,53.56654417635792],[9.631278650872941,53.56654417635792],[9.631278650872941,53.557550972720676],[9.622285447235695,53.557550972720676]]]}},{"type":"Feature","properties":{"jobs":0,"pop":300,"pointCount":3,"homeWorkCommuteMedian":41923,"workHomeCommuteMedian":-1},"geometry":{"type":"Polygon","coordinates":[[[9.622285447235695,53.56654417635792],[9.622285447235695,53.57553737999517],[9.631278650872941,53.57553737999517],[9.631278650872941,53.56654417635792],[9.622285447235695,53.56654417635792]]]}},{"type":"Feature","properties":{"jobs":0,"pop":100,"pointCount":1,"homeWorkCommuteMedian":47665,"workHomeCommuteMedian":-1},"geometry":{"type":"Polygon","coordinates":[[[9.622285447235695,53.602516990906906],[9.622285447235695,53.61151019454415],[9.631278650872941,53.61151019454415],[9.631278650872941,53.602516990906906],[9.622285447235695,53.602516990906906]]]}},{"type":"Feature","properties":{"jobs":0,"pop":300,"pointCount":3,"homeWorkCommuteMedian":36885,"workHomeCommuteMedian":-1},"geometry":{"type":"Polygon","coordinates":[[[9.622285447235695,53.61151019454415],[9.622285447235695,53.6205033981814],[9.631278650872941,53.6205033981814],[9.631278650872941,53.61151019454415],[9.622285447235695,53.61151019454415]]]}},{"type":"Feature","properties":{"jobs":100,"pop":100,"pointCount":2,"homeWorkCommuteMedian":44070,"workHomeCommuteMedian":30664},"geometry":{"type":"Polygon","coordinates":[[[9.622285447235695,53.65647621273038],[9.622285447235695,53.66546941636763],[9.631278650872941,53.66546941636763],[9.631278650872941,53.65647621273038],[9.622285447235695,53.65647621273038]]]}},{"type":"Feature","properties":{"jobs":0,"pop":100,"pointCount":1,"homeWorkCommuteMedian":31659,"workHomeCommuteMedian":-1},"geometry":{"type":"Polygon","coordinates":[[[9.622285447235695,53.66546941636763],[9.622285447235695,53.674462620004874],[9.631278650872941,53.674462620004874],[9.631278650872941,53.66546941636763],[9.622285447235695,53.66546941636763]]]}},{"type":"Feature","properties":{"jobs":300,"pop":0,"pointCount":2,"homeWorkCommuteMedian":-1,"workHomeCommuteMedian":56422},"geometry":{"type":"Polygon","coordinates":[[[9.622285447235695,53.70144223091661],[9.622285447235695,53.71043543455386],[9.631278650872941,53.71043543455386],[9.631278650872941,53.70144223091661],[9.622285447235695,53.70144223091661]]]}},{"type":"Feature","properties":{"jobs":100,"pop":200,"pointCount":3,"homeWorkCommuteMedian":50169,"workHomeCommuteMedian":35312},"geometry":{"type":"Polygon","coordinates":[[[9.622285447235695,53.71043543455386],[9.622285447235695,53.719428638191104],[9.631278650872941,53.719428638191104],[9.631278650872941,53.71043543455386],[9.622285447235695,53.71043543455386]]]}},{"type":"Feature","properties":{"jobs":100,"pop":100,"pointCount":2,"homeWorkCommuteMedian":38070,"workHomeCommuteMedian":34879},"geometry":{"type":"Polygon","coordinates":[[[9.622285447235695,53.719428638191104],[9.622285447235695,53.72842184182835],[9.631278650872941,53.72842184182835],[9.631278650872941,53.719428638191104],[9.622285447235695,53.719428638191104]]]}},{"type":"Feature","properties":{"jobs":100,"pop":300,"pointCount":2,"homeWorkCommuteMedian":38127,"workHomeCommuteMedian":13058},"geometry":{"type":"Polygon","coordinates":[[[9.622285447235695,53.74640824910284],[9.622285447235695,53.75540145274009],[9.631278650872941,53.75540145274009],[9.631278650872941,53.74640824910284],[9.622285447235695,53.74640824910284]]]}},{"type":"Feature","properties":{"jobs":0,"pop":100,"pointCount":1,"homeWorkCommuteMedian":44839,"workHomeCommuteMedian":-1},"geometry":{"type":"Polygon","coordinates":[[[9.622285447235695,53.75540145274009],[9.622285447235695,53.764394656377334],[9.631278650872941,53.764394656377334],[9.631278650872941,53.75540145274009],[9.622285447235695,53.75540145274009]]]}},{"type":"Feature","properties":{"jobs":100,"pop":0,"pointCount":1,"homeWorkCommuteMedian":-1,"workHomeCommuteMedian":37157},"geometry":{"type":"Polygon","coordinates":[[[9.622285447235695,53.764394656377334],[9.622285447235695,53.77338786001458],[9.631278650872941,53.77338786001458],[9.631278650872941,53.764394656377334],[9.622285447235695,53.764394656377334]]]}},{"type":"Feature","properties":{"jobs":0,"pop":500,"pointCount":4,"homeWorkCommuteMedian":35765,"workHomeCommuteMedian":-1},"geometry":{"type":"Polygon","coordinates":[[[9.622285447235695,53.77338786001458],[9.622285447235695,53.782381063651826],[9.631278650872941,53.782381063651826],[9.631278650872941,53.77338786001458],[9.622285447235695,53.77338786001458]]]}},{"type":"Feature","properties":{"jobs":300,"pop":300,"pointCount":4,"homeWorkCommuteMedian":30455,"workHomeCommuteMedian":14549},"geometry":{"type":"Polygon","coordinates":[[[9.622285447235695,53.782381063651826],[9.622285447235695,53.79137426728907],[9.631278650872941,53.79137426728907],[9.631278650872941,53.782381063651826],[9.622285447235695,53.782381063651826]]]}},{"type":"Feature","properties":{"jobs":0,"pop":100,"pointCount":1,"homeWorkCommuteMedian":34061,"workHomeCommuteMedian":-1},"geometry":{"type":"Polygon","coordinates":[[[9.622285447235695,53.79137426728907],[9.622285447235695,53.80036747092632],[9.631278650872941,53.80036747092632],[9.631278650872941,53.79137426728907],[9.622285447235695,53.79137426728907]]]}},{"type":"Feature","properties":{"jobs":900,"pop":500,"pointCount":9,"homeWorkCommuteMedian":47695,"workHomeCommuteMedian":43833},"geometry":{"type":"Polygon","coordinates":[[[9.622285447235695,53.80036747092632],[9.622285447235695,53.809360674563564],[9.631278650872941,53.809360674563564],[9.631278650872941,53.80036747092632],[9.622285447235695,53.80036747092632]]]}},{"type":"Feature","properties":{"jobs":200,"pop":400,"pointCount":4,"homeWorkCommuteMedian":46099,"workHomeCommuteMedian":49835},"geometry":{"type":"Polygon","coordinates":[[[9.622285447235695,53.809360674563564],[9.622285447235695,53.81835387820081],[9.631278650872941,53.81835387820081],[9.631278650872941,53.809360674563564],[9.622285447235695,53.809360674563564]]]}},{"type":"Feature","properties":{"jobs":100,"pop":300,"pointCount":4,"homeWorkCommuteMedian":58929,"workHomeCommuteMedian":47482},"geometry":{"type":"Polygon","coordinates":[[[9.622285447235695,53.8363402854753],[9.622285447235695,53.84533348911255],[9.631278650872941,53.84533348911255],[9.631278650872941,53.8363402854753],[9.622285447235695,53.8363402854753]]]}},{"type":"Feature","properties":{"jobs":0,"pop":100,"pointCount":1,"homeWorkCommuteMedian":35726,"workHomeCommuteMedian":-1},"geometry":{"type":"Polygon","coordinates":[[[9.631278650872941,53.35070728906402],[9.631278650872941,53.359700492701265],[9.640271854510187,53.359700492701265],[9.640271854510187,53.35070728906402],[9.631278650872941,53.35070728906402]]]}},{"type":"Feature","properties":{"jobs":300,"pop":0,"pointCount":2,"homeWorkCommuteMedian":-1,"workHomeCommuteMedian":48676},"geometry":{"type":"Polygon","coordinates":[[[9.631278650872941,53.404666510887495],[9.631278650872941,53.41365971452474],[9.640271854510187,53.41365971452474],[9.640271854510187,53.404666510887495],[9.631278650872941,53.404666510887495]]]}},{"type":"Feature","properties":{"jobs":0,"pop":100,"pointCount":1,"homeWorkCommuteMedian":13572,"workHomeCommuteMedian":-1},"geometry":{"type":"Polygon","coordinates":[[[9.631278650872941,53.43164612179923],[9.631278650872941,53.44063932543648],[9.640271854510187,53.44063932543648],[9.640271854510187,53.43164612179923],[9.631278650872941,53.43164612179923]]]}},{"type":"Feature","properties":{"jobs":400,"pop":100,"pointCount":1,"homeWorkCommuteMedian":31359,"workHomeCommuteMedian":60239},"geometry":{"type":"Polygon","coordinates":[[[9.631278650872941,53.449632529073725],[9.631278650872941,53.45862573271097],[9.640271854510187,53.45862573271097],[9.640271854510187,53.449632529073725],[9.631278650872941,53.449632529073725]]]}},{"type":"Feature","properties":{"jobs":100,"pop":0,"pointCount":1,"homeWorkCommuteMedian":-1,"workHomeCommuteMedian":20027},"geometry":{"type":"Polygon","coordinates":[[[9.631278650872941,53.45862573271097],[9.631278650872941,53.46761893634822],[9.640271854510187,53.46761893634822],[9.640271854510187,53.45862573271097],[9.631278650872941,53.45862573271097]]]}},{"type":"Feature","properties":{"jobs":400,"pop":300,"pointCount":3,"homeWorkCommuteMedian":33649,"workHomeCommuteMedian":37752},"geometry":{"type":"Polygon","coordinates":[[[9.631278650872941,53.47661213998546],[9.631278650872941,53.48560534362271],[9.640271854510187,53.48560534362271],[9.640271854510187,53.47661213998546],[9.631278650872941,53.47661213998546]]]}},{"type":"Feature","properties":{"jobs":100,"pop":100,"pointCount":1,"homeWorkCommuteMedian":34239,"workHomeCommuteMedian":45646},"geometry":{"type":"Polygon","coordinates":[[[9.631278650872941,53.53057136180894],[9.631278650872941,53.539564565446184],[9.640271854510187,53.539564565446184],[9.640271854510187,53.53057136180894],[9.631278650872941,53.53057136180894]]]}},{"type":"Feature","properties":{"jobs":200,"pop":0,"pointCount":1,"homeWorkCommuteMedian":-1,"workHomeCommuteMedian":38229},"geometry":{"type":"Polygon","coordinates":[[[9.631278650872941,53.539564565446184],[9.631278650872941,53.54855776908343],[9.640271854510187,53.54855776908343],[9.640271854510187,53.539564565446184],[9.631278650872941,53.539564565446184]]]}},{"type":"Feature","properties":{"jobs":600,"pop":300,"pointCount":6,"homeWorkCommuteMedian":46704,"workHomeCommuteMedian":44431},"geometry":{"type":"Polygon","coordinates":[[[9.631278650872941,53.56654417635792],[9.631278650872941,53.57553737999517],[9.640271854510187,53.57553737999517],[9.640271854510187,53.56654417635792],[9.631278650872941,53.56654417635792]]]}},{"type":"Feature","properties":{"jobs":600,"pop":500,"pointCount":4,"homeWorkCommuteMedian":25785,"workHomeCommuteMedian":40583},"geometry":{"type":"Polygon","coordinates":[[[9.631278650872941,53.602516990906906],[9.631278650872941,53.61151019454415],[9.640271854510187,53.61151019454415],[9.640271854510187,53.602516990906906],[9.631278650872941,53.602516990906906]]]}},{"type":"Feature","properties":{"jobs":0,"pop":100,"pointCount":1,"homeWorkCommuteMedian":14349,"workHomeCommuteMedian":-1},"geometry":{"type":"Polygon","coordinates":[[[9.631278650872941,53.674462620004874],[9.631278650872941,53.68345582364212],[9.640271854510187,53.68345582364212],[9.640271854510187,53.674462620004874],[9.631278650872941,53.674462620004874]]]}},{"type":"Feature","properties":{"jobs":100,"pop":100,"pointCount":2,"homeWorkCommuteMedian":40920,"workHomeCommuteMedian":24997},"geometry":{"type":"Polygon","coordinates":[[[9.631278650872941,53.70144223091661],[9.631278650872941,53.71043543455386],[9.640271854510187,53.71043543455386],[9.640271854510187,53.70144223091661],[9.631278650872941,53.70144223091661]]]}},{"type":"Feature","properties":{"jobs":0,"pop":700,"pointCount":4,"homeWorkCommuteMedian":43213,"workHomeCommuteMedian":-1},"geometry":{"type":"Polygon","coordinates":[[[9.631278650872941,53.737415045465596],[9.631278650872941,53.74640824910284],[9.640271854510187,53.74640824910284],[9.640271854510187,53.737415045465596],[9.631278650872941,53.737415045465596]]]}},{"type":"Feature","properties":{"jobs":100,"pop":0,"pointCount":1,"homeWorkCommuteMedian":-1,"workHomeCommuteMedian":23682},"geometry":{"type":"Polygon","coordinates":[[[9.631278650872941,53.74640824910284],[9.631278650872941,53.75540145274009],[9.640271854510187,53.75540145274009],[9.640271854510187,53.74640824910284],[9.631278650872941,53.74640824910284]]]}},{"type":"Feature","properties":{"jobs":100,"pop":500,"pointCount":5,"homeWorkCommuteMedian":35106,"workHomeCommuteMedian":21958},"geometry":{"type":"Polygon","coordinates":[[[9.631278650872941,53.75540145274009],[9.631278650872941,53.764394656377334],[9.640271854510187,53.764394656377334],[9.640271854510187,53.75540145274009],[9.631278650872941,53.75540145274009]]]}},{"type":"Feature","properties":{"jobs":0,"pop":100,"pointCount":1,"homeWorkCommuteMedian":30398,"workHomeCommuteMedian":-1},"geometry":{"type":"Polygon","coordinates":[[[9.631278650872941,53.764394656377334],[9.631278650872941,53.77338786001458],[9.640271854510187,53.77338786001458],[9.640271854510187,53.764394656377334],[9.631278650872941,53.764394656377334]]]}},{"type":"Feature","properties":{"jobs":0,"pop":200,"pointCount":2,"homeWorkCommuteMedian":55032,"workHomeCommuteMedian":-1},"geometry":{"type":"Polygon","coordinates":[[[9.631278650872941,53.77338786001458],[9.631278650872941,53.782381063651826],[9.640271854510187,53.782381063651826],[9.640271854510187,53.77338786001458],[9.631278650872941,53.77338786001458]]]}},{"type":"Feature","properties":{"jobs":100,"pop":0,"pointCount":1,"homeWorkCommuteMedian":-1,"workHomeCommuteMedian":73469},"geometry":{"type":"Polygon","coordinates":[[[9.631278650872941,53.782381063651826],[9.631278650872941,53.79137426728907],[9.640271854510187,53.79137426728907],[9.640271854510187,53.782381063651826],[9.631278650872941,53.782381063651826]]]}},{"type":"Feature","properties":{"jobs":0,"pop":300,"pointCount":3,"homeWorkCommuteMedian":35216,"workHomeCommuteMedian":-1},"geometry":{"type":"Polygon","coordinates":[[[9.631278650872941,53.79137426728907],[9.631278650872941,53.80036747092632],[9.640271854510187,53.80036747092632],[9.640271854510187,53.79137426728907],[9.631278650872941,53.79137426728907]]]}},{"type":"Feature","properties":{"jobs":0,"pop":400,"pointCount":4,"homeWorkCommuteMedian":44537,"workHomeCommuteMedian":-1},"geometry":{"type":"Polygon","coordinates":[[[9.631278650872941,53.80036747092632],[9.631278650872941,53.809360674563564],[9.640271854510187,53.809360674563564],[9.640271854510187,53.80036747092632],[9.631278650872941,53.80036747092632]]]}},{"type":"Feature","properties":{"jobs":0,"pop":600,"pointCount":4,"homeWorkCommuteMedian":44850,"workHomeCommuteMedian":-1},"geometry":{"type":"Polygon","coordinates":[[[9.631278650872941,53.809360674563564],[9.631278650872941,53.81835387820081],[9.640271854510187,53.81835387820081],[9.640271854510187,53.809360674563564],[9.631278650872941,53.809360674563564]]]}},{"type":"Feature","properties":{"jobs":100,"pop":200,"pointCount":3,"homeWorkCommuteMedian":23067,"workHomeCommuteMedian":46078},"geometry":{"type":"Polygon","coordinates":[[[9.640271854510187,53.36869369633851],[9.640271854510187,53.37768689997576],[9.649265058147433,53.37768689997576],[9.649265058147433,53.36869369633851],[9.640271854510187,53.36869369633851]]]}},{"type":"Feature","properties":{"jobs":0,"pop":100,"pointCount":1,"homeWorkCommuteMedian":64480,"workHomeCommuteMedian":-1},"geometry":{"type":"Polygon","coordinates":[[[9.640271854510187,53.404666510887495],[9.640271854510187,53.41365971452474],[9.649265058147433,53.41365971452474],[9.649265058147433,53.404666510887495],[9.640271854510187,53.404666510887495]]]}},{"type":"Feature","properties":{"jobs":300,"pop":100,"pointCount":2,"homeWorkCommuteMedian":70444,"workHomeCommuteMedian":62651},"geometry":{"type":"Polygon","coordinates":[[[9.640271854510187,53.449632529073725],[9.640271854510187,53.45862573271097],[9.649265058147433,53.45862573271097],[9.649265058147433,53.449632529073725],[9.640271854510187,53.449632529073725]]]}},{"type":"Feature","properties":{"jobs":200,"pop":100,"pointCount":2,"homeWorkCommuteMedian":64441,"workHomeCommuteMedian":62591},"geometry":{"type":"Polygon","coordinates":[[[9.640271854510187,53.47661213998546],[9.640271854510187,53.48560534362271],[9.649265058147433,53.48560534362271],[9.649265058147433,53.47661213998546],[9.640271854510187,53.47661213998546]]]}},{"type":"Feature","properties":{"jobs":200,"pop":600,"pointCount":5,"homeWorkCommuteMedian":59713,"workHomeCommuteMedian":57857},"geometry":{"type":"Polygon","coordinates":[[[9.640271854510187,53.52157815817169],[9.640271854510187,53.53057136180894],[9.649265058147433,53.53057136180894],[9.649265058147433,53.52157815817169],[9.640271854510187,53.52157815817169]]]}},{"type":"Feature","properties":{"jobs":0,"pop":100,"pointCount":1,"homeWorkCommuteMedian":34120,"workHomeCommuteMedian":-1},"geometry":{"type":"Polygon","coordinates":[[[9.640271854510187,53.56654417635792],[9.640271854510187,53.57553737999517],[9.649265058147433,53.57553737999517],[9.649265058147433,53.56654417635792],[9.640271854510187,53.56654417635792]]]}},{"type":"Feature","properties":{"jobs":0,"pop":100,"pointCount":1,"homeWorkCommuteMedian":18560,"workHomeCommuteMedian":-1},"geometry":{"type":"Polygon","coordinates":[[[9.640271854510187,53.602516990906906],[9.640271854510187,53.61151019454415],[9.649265058147433,53.61151019454415],[9.649265058147433,53.602516990906906],[9.640271854510187,53.602516990906906]]]}},{"type":"Feature","properties":{"jobs":100,"pop":0,"pointCount":1,"homeWorkCommuteMedian":-1,"workHomeCommuteMedian":26649},"geometry":{"type":"Polygon","coordinates":[[[9.640271854510187,53.6205033981814],[9.640271854510187,53.629496601818644],[9.649265058147433,53.629496601818644],[9.649265058147433,53.6205033981814],[9.640271854510187,53.6205033981814]]]}},{"type":"Feature","properties":{"jobs":0,"pop":100,"pointCount":1,"homeWorkCommuteMedian":34182,"workHomeCommuteMedian":-1},"geometry":{"type":"Polygon","coordinates":[[[9.640271854510187,53.629496601818644],[9.640271854510187,53.63848980545589],[9.649265058147433,53.63848980545589],[9.649265058147433,53.629496601818644],[9.640271854510187,53.629496601818644]]]}},{"type":"Feature","properties":{"jobs":0,"pop":100,"pointCount":1,"homeWorkCommuteMedian":40015,"workHomeCommuteMedian":-1},"geometry":{"type":"Polygon","coordinates":[[[9.640271854510187,53.674462620004874],[9.640271854510187,53.68345582364212],[9.649265058147433,53.68345582364212],[9.649265058147433,53.674462620004874],[9.640271854510187,53.674462620004874]]]}},{"type":"Feature","properties":{"jobs":0,"pop":100,"pointCount":1,"homeWorkCommuteMedian":50378,"workHomeCommuteMedian":-1},"geometry":{"type":"Polygon","coordinates":[[[9.640271854510187,53.68345582364212],[9.640271854510187,53.692449027279366],[9.649265058147433,53.692449027279366],[9.649265058147433,53.68345582364212],[9.640271854510187,53.68345582364212]]]}},{"type":"Feature","properties":{"jobs":100,"pop":0,"pointCount":1,"homeWorkCommuteMedian":-1,"workHomeCommuteMedian":19154},"geometry":{"type":"Polygon","coordinates":[[[9.640271854510187,53.692449027279366],[9.640271854510187,53.70144223091661],[9.649265058147433,53.70144223091661],[9.649265058147433,53.692449027279366],[9.640271854510187,53.692449027279366]]]}},{"type":"Feature","properties":{"jobs":200,"pop":0,"pointCount":2,"homeWorkCommuteMedian":-1,"workHomeCommuteMedian":53985},"geometry":{"type":"Polygon","coordinates":[[[9.640271854510187,53.70144223091661],[9.640271854510187,53.71043543455386],[9.649265058147433,53.71043543455386],[9.649265058147433,53.70144223091661],[9.640271854510187,53.70144223091661]]]}},{"type":"Feature","properties":{"jobs":100,"pop":100,"pointCount":2,"homeWorkCommuteMedian":54516,"workHomeCommuteMedian":18137},"geometry":{"type":"Polygon","coordinates":[[[9.640271854510187,53.719428638191104],[9.640271854510187,53.72842184182835],[9.649265058147433,53.72842184182835],[9.649265058147433,53.719428638191104],[9.640271854510187,53.719428638191104]]]}},{"type":"Feature","properties":{"jobs":0,"pop":100,"pointCount":1,"homeWorkCommuteMedian":39067,"workHomeCommuteMedian":-1},"geometry":{"type":"Polygon","coordinates":[[[9.640271854510187,53.72842184182835],[9.640271854510187,53.737415045465596],[9.649265058147433,53.737415045465596],[9.649265058147433,53.72842184182835],[9.640271854510187,53.72842184182835]]]}},{"type":"Feature","properties":{"jobs":400,"pop":1000,"pointCount":9,"homeWorkCommuteMedian":33236,"workHomeCommuteMedian":36898},"geometry":{"type":"Polygon","coordinates":[[[9.640271854510187,53.737415045465596],[9.640271854510187,53.74640824910284],[9.649265058147433,53.74640824910284],[9.649265058147433,53.737415045465596],[9.640271854510187,53.737415045465596]]]}},{"type":"Feature","properties":{"jobs":800,"pop":500,"pointCount":6,"homeWorkCommuteMedian":37011,"workHomeCommuteMedian":32678},"geometry":{"type":"Polygon","coordinates":[[[9.640271854510187,53.74640824910284],[9.640271854510187,53.75540145274009],[9.649265058147433,53.75540145274009],[9.649265058147433,53.74640824910284],[9.640271854510187,53.74640824910284]]]}},{"type":"Feature","properties":{"jobs":100,"pop":1150,"pointCount":7,"homeWorkCommuteMedian":36044,"workHomeCommuteMedian":38911},"geometry":{"type":"Polygon","coordinates":[[[9.640271854510187,53.75540145274009],[9.640271854510187,53.764394656377334],[9.649265058147433,53.764394656377334],[9.649265058147433,53.75540145274009],[9.640271854510187,53.75540145274009]]]}},{"type":"Feature","properties":{"jobs":0,"pop":100,"pointCount":1,"homeWorkCommuteMedian":35371,"workHomeCommuteMedian":-1},"geometry":{"type":"Polygon","coordinates":[[[9.640271854510187,53.764394656377334],[9.640271854510187,53.77338786001458],[9.649265058147433,53.77338786001458],[9.649265058147433,53.764394656377334],[9.640271854510187,53.764394656377334]]]}},{"type":"Feature","properties":{"jobs":100,"pop":350,"pointCount":3,"homeWorkCommuteMedian":37156,"workHomeCommuteMedian":34717},"geometry":{"type":"Polygon","coordinates":[[[9.640271854510187,53.77338786001458],[9.640271854510187,53.782381063651826],[9.649265058147433,53.782381063651826],[9.649265058147433,53.77338786001458],[9.640271854510187,53.77338786001458]]]}},{"type":"Feature","properties":{"jobs":0,"pop":100,"pointCount":1,"homeWorkCommuteMedian":29487,"workHomeCommuteMedian":-1},"geometry":{"type":"Polygon","coordinates":[[[9.640271854510187,53.79137426728907],[9.640271854510187,53.80036747092632],[9.649265058147433,53.80036747092632],[9.649265058147433,53.79137426728907],[9.640271854510187,53.79137426728907]]]}},{"type":"Feature","properties":{"jobs":100,"pop":300,"pointCount":4,"homeWorkCommuteMedian":46297,"workHomeCommuteMedian":43106},"geometry":{"type":"Polygon","coordinates":[[[9.640271854510187,53.80036747092632],[9.640271854510187,53.809360674563564],[9.649265058147433,53.809360674563564],[9.649265058147433,53.80036747092632],[9.640271854510187,53.80036747092632]]]}},{"type":"Feature","properties":{"jobs":0,"pop":200,"pointCount":2,"homeWorkCommuteMedian":43864,"workHomeCommuteMedian":-1},"geometry":{"type":"Polygon","coordinates":[[[9.640271854510187,53.809360674563564],[9.640271854510187,53.81835387820081],[9.649265058147433,53.81835387820081],[9.649265058147433,53.809360674563564],[9.640271854510187,53.809360674563564]]]}},{"type":"Feature","properties":{"jobs":100,"pop":100,"pointCount":2,"homeWorkCommuteMedian":41206,"workHomeCommuteMedian":71451},"geometry":{"type":"Polygon","coordinates":[[[9.640271854510187,53.81835387820081],[9.640271854510187,53.827347081838056],[9.649265058147433,53.827347081838056],[9.649265058147433,53.81835387820081],[9.640271854510187,53.81835387820081]]]}},{"type":"Feature","properties":{"jobs":200,"pop":100,"pointCount":3,"homeWorkCommuteMedian":63218,"workHomeCommuteMedian":41236},"geometry":{"type":"Polygon","coordinates":[[[9.640271854510187,53.827347081838056],[9.640271854510187,53.8363402854753],[9.649265058147433,53.8363402854753],[9.649265058147433,53.827347081838056],[9.640271854510187,53.827347081838056]]]}},{"type":"Feature","properties":{"jobs":100,"pop":100,"pointCount":1,"homeWorkCommuteMedian":21777,"workHomeCommuteMedian":52075},"geometry":{"type":"Polygon","coordinates":[[[9.640271854510187,53.8363402854753],[9.640271854510187,53.84533348911255],[9.649265058147433,53.84533348911255],[9.649265058147433,53.8363402854753],[9.640271854510187,53.8363402854753]]]}},{"type":"Feature","properties":{"jobs":100,"pop":0,"pointCount":1,"homeWorkCommuteMedian":-1,"workHomeCommuteMedian":71773},"geometry":{"type":"Polygon","coordinates":[[[9.640271854510187,53.854326692749794],[9.640271854510187,53.86331989638704],[9.649265058147433,53.86331989638704],[9.649265058147433,53.854326692749794],[9.640271854510187,53.854326692749794]]]}},{"type":"Feature","properties":{"jobs":0,"pop":100,"pointCount":1,"homeWorkCommuteMedian":59069,"workHomeCommuteMedian":-1},"geometry":{"type":"Polygon","coordinates":[[[9.640271854510187,53.89029950729878],[9.640271854510187,53.899292710936024],[9.649265058147433,53.899292710936024],[9.649265058147433,53.89029950729878],[9.640271854510187,53.89029950729878]]]}},{"type":"Feature","properties":{"jobs":0,"pop":200,"pointCount":2,"homeWorkCommuteMedian":52377,"workHomeCommuteMedian":-1},"geometry":{"type":"Polygon","coordinates":[[[9.649265058147433,53.37768689997576],[9.649265058147433,53.386680103613],[9.65825826178468,53.386680103613],[9.65825826178468,53.37768689997576],[9.649265058147433,53.37768689997576]]]}},{"type":"Feature","properties":{"jobs":400,"pop":0,"pointCount":3,"homeWorkCommuteMedian":-1,"workHomeCommuteMedian":49522},"geometry":{"type":"Polygon","coordinates":[[[9.649265058147433,53.39567330725025],[9.649265058147433,53.404666510887495],[9.65825826178468,53.404666510887495],[9.65825826178468,53.39567330725025],[9.649265058147433,53.39567330725025]]]}},{"type":"Feature","properties":{"jobs":600,"pop":200,"pointCount":3,"homeWorkCommuteMedian":62147,"workHomeCommuteMedian":52162},"geometry":{"type":"Polygon","coordinates":[[[9.649265058147433,53.404666510887495],[9.649265058147433,53.41365971452474],[9.65825826178468,53.41365971452474],[9.65825826178468,53.404666510887495],[9.649265058147433,53.404666510887495]]]}},{"type":"Feature","properties":{"jobs":100,"pop":400,"pointCount":4,"homeWorkCommuteMedian":56231,"workHomeCommuteMedian":57829},"geometry":{"type":"Polygon","coordinates":[[[9.649265058147433,53.41365971452474],[9.649265058147433,53.42265291816199],[9.65825826178468,53.42265291816199],[9.65825826178468,53.41365971452474],[9.649265058147433,53.41365971452474]]]}},{"type":"Feature","properties":{"jobs":100,"pop":100,"pointCount":2,"homeWorkCommuteMedian":54689,"workHomeCommuteMedian":51173},"geometry":{"type":"Polygon","coordinates":[[[9.649265058147433,53.42265291816199],[9.649265058147433,53.43164612179923],[9.65825826178468,53.43164612179923],[9.65825826178468,53.42265291816199],[9.649265058147433,53.42265291816199]]]}},{"type":"Feature","properties":{"jobs":0,"pop":100,"pointCount":1,"homeWorkCommuteMedian":35196,"workHomeCommuteMedian":-1},"geometry":{"type":"Polygon","coordinates":[[[9.649265058147433,53.449632529073725],[9.649265058147433,53.45862573271097],[9.65825826178468,53.45862573271097],[9.65825826178468,53.449632529073725],[9.649265058147433,53.449632529073725]]]}},{"type":"Feature","properties":{"jobs":0,"pop":200,"pointCount":2,"homeWorkCommuteMedian":33205,"workHomeCommuteMedian":-1},"geometry":{"type":"Polygon","coordinates":[[[9.649265058147433,53.45862573271097],[9.649265058147433,53.46761893634822],[9.65825826178468,53.46761893634822],[9.65825826178468,53.45862573271097],[9.649265058147433,53.45862573271097]]]}},{"type":"Feature","properties":{"jobs":200,"pop":400,"pointCount":5,"homeWorkCommuteMedian":34830,"workHomeCommuteMedian":66724},"geometry":{"type":"Polygon","coordinates":[[[9.649265058147433,53.46761893634822],[9.649265058147433,53.47661213998546],[9.65825826178468,53.47661213998546],[9.65825826178468,53.46761893634822],[9.649265058147433,53.46761893634822]]]}},{"type":"Feature","properties":{"jobs":0,"pop":100,"pointCount":1,"homeWorkCommuteMedian":65746,"workHomeCommuteMedian":-1},"geometry":{"type":"Polygon","coordinates":[[[9.649265058147433,53.47661213998546],[9.649265058147433,53.48560534362271],[9.65825826178468,53.48560534362271],[9.65825826178468,53.47661213998546],[9.649265058147433,53.47661213998546]]]}},{"type":"Feature","properties":{"jobs":300,"pop":0,"pointCount":3,"homeWorkCommuteMedian":-1,"workHomeCommuteMedian":60746},"geometry":{"type":"Polygon","coordinates":[[[9.649265058147433,53.48560534362271],[9.649265058147433,53.494598547259955],[9.65825826178468,53.494598547259955],[9.65825826178468,53.48560534362271],[9.649265058147433,53.48560534362271]]]}},{"type":"Feature","properties":{"jobs":0,"pop":100,"pointCount":1,"homeWorkCommuteMedian":45977,"workHomeCommuteMedian":-1},"geometry":{"type":"Polygon","coordinates":[[[9.649265058147433,53.52157815817169],[9.649265058147433,53.53057136180894],[9.65825826178468,53.53057136180894],[9.65825826178468,53.52157815817169],[9.649265058147433,53.52157815817169]]]}},{"type":"Feature","properties":{"jobs":0,"pop":200,"pointCount":2,"homeWorkCommuteMedian":50175,"workHomeCommuteMedian":-1},"geometry":{"type":"Polygon","coordinates":[[[9.649265058147433,53.53057136180894],[9.649265058147433,53.539564565446184],[9.65825826178468,53.539564565446184],[9.65825826178468,53.53057136180894],[9.649265058147433,53.53057136180894]]]}},{"type":"Feature","properties":{"jobs":0,"pop":400,"pointCount":2,"homeWorkCommuteMedian":33566,"workHomeCommuteMedian":-1},"geometry":{"type":"Polygon","coordinates":[[[9.649265058147433,53.539564565446184],[9.649265058147433,53.54855776908343],[9.65825826178468,53.54855776908343],[9.65825826178468,53.539564565446184],[9.649265058147433,53.539564565446184]]]}},{"type":"Feature","properties":{"jobs":0,"pop":300,"pointCount":2,"homeWorkCommuteMedian":32014,"workHomeCommuteMedian":-1},"geometry":{"type":"Polygon","coordinates":[[[9.649265058147433,53.54855776908343],[9.649265058147433,53.557550972720676],[9.65825826178468,53.557550972720676],[9.65825826178468,53.54855776908343],[9.649265058147433,53.54855776908343]]]}},{"type":"Feature","properties":{"jobs":100,"pop":0,"pointCount":1,"homeWorkCommuteMedian":-1,"workHomeCommuteMedian":31700},"geometry":{"type":"Polygon","coordinates":[[[9.649265058147433,53.557550972720676],[9.649265058147433,53.56654417635792],[9.65825826178468,53.56654417635792],[9.65825826178468,53.557550972720676],[9.649265058147433,53.557550972720676]]]}},{"type":"Feature","properties":{"jobs":0,"pop":100,"pointCount":1,"homeWorkCommuteMedian":35480,"workHomeCommuteMedian":-1},"geometry":{"type":"Polygon","coordinates":[[[9.649265058147433,53.6205033981814],[9.649265058147433,53.629496601818644],[9.65825826178468,53.629496601818644],[9.65825826178468,53.6205033981814],[9.649265058147433,53.6205033981814]]]}},{"type":"Feature","properties":{"jobs":0,"pop":100,"pointCount":1,"homeWorkCommuteMedian":23954,"workHomeCommuteMedian":-1},"geometry":{"type":"Polygon","coordinates":[[[9.649265058147433,53.63848980545589],[9.649265058147433,53.647483009093136],[9.65825826178468,53.647483009093136],[9.65825826178468,53.63848980545589],[9.649265058147433,53.63848980545589]]]}},{"type":"Feature","properties":{"jobs":100,"pop":300,"pointCount":4,"homeWorkCommuteMedian":36954,"workHomeCommuteMedian":18112},"geometry":{"type":"Polygon","coordinates":[[[9.649265058147433,53.647483009093136],[9.649265058147433,53.65647621273038],[9.65825826178468,53.65647621273038],[9.65825826178468,53.647483009093136],[9.649265058147433,53.647483009093136]]]}},{"type":"Feature","properties":{"jobs":0,"pop":100,"pointCount":1,"homeWorkCommuteMedian":33284,"workHomeCommuteMedian":-1},"geometry":{"type":"Polygon","coordinates":[[[9.649265058147433,53.65647621273038],[9.649265058147433,53.66546941636763],[9.65825826178468,53.66546941636763],[9.65825826178468,53.65647621273038],[9.649265058147433,53.65647621273038]]]}},{"type":"Feature","properties":{"jobs":400,"pop":500,"pointCount":7,"homeWorkCommuteMedian":29565,"workHomeCommuteMedian":36338},"geometry":{"type":"Polygon","coordinates":[[[9.649265058147433,53.674462620004874],[9.649265058147433,53.68345582364212],[9.65825826178468,53.68345582364212],[9.65825826178468,53.674462620004874],[9.649265058147433,53.674462620004874]]]}},{"type":"Feature","properties":{"jobs":0,"pop":300,"pointCount":3,"homeWorkCommuteMedian":43874,"workHomeCommuteMedian":-1},"geometry":{"type":"Polygon","coordinates":[[[9.649265058147433,53.68345582364212],[9.649265058147433,53.692449027279366],[9.65825826178468,53.692449027279366],[9.65825826178468,53.68345582364212],[9.649265058147433,53.68345582364212]]]}},{"type":"Feature","properties":{"jobs":600,"pop":400,"pointCount":7,"homeWorkCommuteMedian":50883,"workHomeCommuteMedian":31018},"geometry":{"type":"Polygon","coordinates":[[[9.649265058147433,53.692449027279366],[9.649265058147433,53.70144223091661],[9.65825826178468,53.70144223091661],[9.65825826178468,53.692449027279366],[9.649265058147433,53.692449027279366]]]}},{"type":"Feature","properties":{"jobs":100,"pop":100,"pointCount":1,"homeWorkCommuteMedian":27676,"workHomeCommuteMedian":37894},"geometry":{"type":"Polygon","coordinates":[[[9.649265058147433,53.70144223091661],[9.649265058147433,53.71043543455386],[9.65825826178468,53.71043543455386],[9.65825826178468,53.70144223091661],[9.649265058147433,53.70144223091661]]]}},{"type":"Feature","properties":{"jobs":0,"pop":300,"pointCount":3,"homeWorkCommuteMedian":38853,"workHomeCommuteMedian":-1},"geometry":{"type":"Polygon","coordinates":[[[9.649265058147433,53.719428638191104],[9.649265058147433,53.72842184182835],[9.65825826178468,53.72842184182835],[9.65825826178468,53.719428638191104],[9.649265058147433,53.719428638191104]]]}},{"type":"Feature","properties":{"jobs":0,"pop":300,"pointCount":3,"homeWorkCommuteMedian":44018,"workHomeCommuteMedian":-1},"geometry":{"type":"Polygon","coordinates":[[[9.649265058147433,53.72842184182835],[9.649265058147433,53.737415045465596],[9.65825826178468,53.737415045465596],[9.65825826178468,53.72842184182835],[9.649265058147433,53.72842184182835]]]}},{"type":"Feature","properties":{"jobs":100,"pop":1000,"pointCount":7,"homeWorkCommuteMedian":41999,"workHomeCommuteMedian":44863},"geometry":{"type":"Polygon","coordinates":[[[9.649265058147433,53.737415045465596],[9.649265058147433,53.74640824910284],[9.65825826178468,53.74640824910284],[9.65825826178468,53.737415045465596],[9.649265058147433,53.737415045465596]]]}},{"type":"Feature","properties":{"jobs":6100,"pop":1650,"pointCount":19,"homeWorkCommuteMedian":30901,"workHomeCommuteMedian":34634},"geometry":{"type":"Polygon","coordinates":[[[9.649265058147433,53.74640824910284],[9.649265058147433,53.75540145274009],[9.65825826178468,53.75540145274009],[9.65825826178468,53.74640824910284],[9.649265058147433,53.74640824910284]]]}},{"type":"Feature","properties":{"jobs":400,"pop":1000,"pointCount":9,"homeWorkCommuteMedian":36929,"workHomeCommuteMedian":27691},"geometry":{"type":"Polygon","coordinates":[[[9.649265058147433,53.75540145274009],[9.649265058147433,53.764394656377334],[9.65825826178468,53.764394656377334],[9.65825826178468,53.75540145274009],[9.649265058147433,53.75540145274009]]]}},{"type":"Feature","properties":{"jobs":0,"pop":400,"pointCount":4,"homeWorkCommuteMedian":37687,"workHomeCommuteMedian":-1},"geometry":{"type":"Polygon","coordinates":[[[9.649265058147433,53.764394656377334],[9.649265058147433,53.77338786001458],[9.65825826178468,53.77338786001458],[9.65825826178468,53.764394656377334],[9.649265058147433,53.764394656377334]]]}},{"type":"Feature","properties":{"jobs":0,"pop":300,"pointCount":2,"homeWorkCommuteMedian":36483,"workHomeCommuteMedian":-1},"geometry":{"type":"Polygon","coordinates":[[[9.649265058147433,53.77338786001458],[9.649265058147433,53.782381063651826],[9.65825826178468,53.782381063651826],[9.65825826178468,53.77338786001458],[9.649265058147433,53.77338786001458]]]}},{"type":"Feature","properties":{"jobs":0,"pop":300,"pointCount":3,"homeWorkCommuteMedian":39480,"workHomeCommuteMedian":-1},"geometry":{"type":"Polygon","coordinates":[[[9.649265058147433,53.79137426728907],[9.649265058147433,53.80036747092632],[9.65825826178468,53.80036747092632],[9.65825826178468,53.79137426728907],[9.649265058147433,53.79137426728907]]]}},{"type":"Feature","properties":{"jobs":0,"pop":200,"pointCount":2,"homeWorkCommuteMedian":36617,"workHomeCommuteMedian":-1},"geometry":{"type":"Polygon","coordinates":[[[9.649265058147433,53.80036747092632],[9.649265058147433,53.809360674563564],[9.65825826178468,53.809360674563564],[9.65825826178468,53.80036747092632],[9.649265058147433,53.80036747092632]]]}},{"type":"Feature","properties":{"jobs":100,"pop":0,"pointCount":1,"homeWorkCommuteMedian":-1,"workHomeCommuteMedian":56513},"geometry":{"type":"Polygon","coordinates":[[[9.649265058147433,53.81835387820081],[9.649265058147433,53.827347081838056],[9.65825826178468,53.827347081838056],[9.65825826178468,53.81835387820081],[9.649265058147433,53.81835387820081]]]}},{"type":"Feature","properties":{"jobs":0,"pop":100,"pointCount":1,"homeWorkCommuteMedian":59023,"workHomeCommuteMedian":-1},"geometry":{"type":"Polygon","coordinates":[[[9.649265058147433,53.827347081838056],[9.649265058147433,53.8363402854753],[9.65825826178468,53.8363402854753],[9.65825826178468,53.827347081838056],[9.649265058147433,53.827347081838056]]]}},{"type":"Feature","properties":{"jobs":100,"pop":0,"pointCount":1,"homeWorkCommuteMedian":-1,"workHomeCommuteMedian":49426},"geometry":{"type":"Polygon","coordinates":[[[9.649265058147433,53.8363402854753],[9.649265058147433,53.84533348911255],[9.65825826178468,53.84533348911255],[9.65825826178468,53.8363402854753],[9.649265058147433,53.8363402854753]]]}},{"type":"Feature","properties":{"jobs":100,"pop":200,"pointCount":1,"homeWorkCommuteMedian":47769,"workHomeCommuteMedian":43927},"geometry":{"type":"Polygon","coordinates":[[[9.649265058147433,53.854326692749794],[9.649265058147433,53.86331989638704],[9.65825826178468,53.86331989638704],[9.65825826178468,53.854326692749794],[9.649265058147433,53.854326692749794]]]}},{"type":"Feature","properties":{"jobs":100,"pop":0,"pointCount":1,"homeWorkCommuteMedian":-1,"workHomeCommuteMedian":17088},"geometry":{"type":"Polygon","coordinates":[[[9.649265058147433,53.86331989638704],[9.649265058147433,53.872313100024286],[9.65825826178468,53.872313100024286],[9.65825826178468,53.86331989638704],[9.649265058147433,53.86331989638704]]]}},{"type":"Feature","properties":{"jobs":100,"pop":100,"pointCount":2,"homeWorkCommuteMedian":64669,"workHomeCommuteMedian":35502},"geometry":{"type":"Polygon","coordinates":[[[9.649265058147433,53.88130630366153],[9.649265058147433,53.89029950729878],[9.65825826178468,53.89029950729878],[9.65825826178468,53.88130630366153],[9.649265058147433,53.88130630366153]]]}},{"type":"Feature","properties":{"jobs":0,"pop":100,"pointCount":1,"homeWorkCommuteMedian":78435,"workHomeCommuteMedian":-1},"geometry":{"type":"Polygon","coordinates":[[[9.649265058147433,53.89029950729878],[9.649265058147433,53.899292710936024],[9.65825826178468,53.899292710936024],[9.65825826178468,53.89029950729878],[9.649265058147433,53.89029950729878]]]}},{"type":"Feature","properties":{"jobs":0,"pop":200,"pointCount":1,"homeWorkCommuteMedian":40037,"workHomeCommuteMedian":-1},"geometry":{"type":"Polygon","coordinates":[[[9.65825826178468,53.36869369633851],[9.65825826178468,53.37768689997576],[9.667251465421925,53.37768689997576],[9.667251465421925,53.36869369633851],[9.65825826178468,53.36869369633851]]]}},{"type":"Feature","properties":{"jobs":400,"pop":300,"pointCount":3,"homeWorkCommuteMedian":45290,"workHomeCommuteMedian":57019},"geometry":{"type":"Polygon","coordinates":[[[9.65825826178468,53.39567330725025],[9.65825826178468,53.404666510887495],[9.667251465421925,53.404666510887495],[9.667251465421925,53.39567330725025],[9.65825826178468,53.39567330725025]]]}},{"type":"Feature","properties":{"jobs":100,"pop":200,"pointCount":2,"homeWorkCommuteMedian":47974,"workHomeCommuteMedian":38703},"geometry":{"type":"Polygon","coordinates":[[[9.65825826178468,53.44063932543648],[9.65825826178468,53.449632529073725],[9.667251465421925,53.449632529073725],[9.667251465421925,53.44063932543648],[9.65825826178468,53.44063932543648]]]}},{"type":"Feature","properties":{"jobs":0,"pop":900,"pointCount":5,"homeWorkCommuteMedian":39257,"workHomeCommuteMedian":-1},"geometry":{"type":"Polygon","coordinates":[[[9.65825826178468,53.449632529073725],[9.65825826178468,53.45862573271097],[9.667251465421925,53.45862573271097],[9.667251465421925,53.449632529073725],[9.65825826178468,53.449632529073725]]]}},{"type":"Feature","properties":{"jobs":0,"pop":800,"pointCount":6,"homeWorkCommuteMedian":24515,"workHomeCommuteMedian":-1},"geometry":{"type":"Polygon","coordinates":[[[9.65825826178468,53.45862573271097],[9.65825826178468,53.46761893634822],[9.667251465421925,53.46761893634822],[9.667251465421925,53.45862573271097],[9.65825826178468,53.45862573271097]]]}},{"type":"Feature","properties":{"jobs":200,"pop":100,"pointCount":2,"homeWorkCommuteMedian":36167,"workHomeCommuteMedian":53768},"geometry":{"type":"Polygon","coordinates":[[[9.65825826178468,53.46761893634822],[9.65825826178468,53.47661213998546],[9.667251465421925,53.47661213998546],[9.667251465421925,53.46761893634822],[9.65825826178468,53.46761893634822]]]}},{"type":"Feature","properties":{"jobs":100,"pop":0,"pointCount":1,"homeWorkCommuteMedian":-1,"workHomeCommuteMedian":29008},"geometry":{"type":"Polygon","coordinates":[[[9.65825826178468,53.47661213998546],[9.65825826178468,53.48560534362271],[9.667251465421925,53.48560534362271],[9.667251465421925,53.47661213998546],[9.65825826178468,53.47661213998546]]]}},{"type":"Feature","properties":{"jobs":100,"pop":200,"pointCount":2,"homeWorkCommuteMedian":37504,"workHomeCommuteMedian":32857},"geometry":{"type":"Polygon","coordinates":[[[9.65825826178468,53.48560534362271],[9.65825826178468,53.494598547259955],[9.667251465421925,53.494598547259955],[9.667251465421925,53.48560534362271],[9.65825826178468,53.48560534362271]]]}},{"type":"Feature","properties":{"jobs":0,"pop":200,"pointCount":1,"homeWorkCommuteMedian":38037,"workHomeCommuteMedian":-1},"geometry":{"type":"Polygon","coordinates":[[[9.65825826178468,53.51258495453445],[9.65825826178468,53.52157815817169],[9.667251465421925,53.52157815817169],[9.667251465421925,53.51258495453445],[9.65825826178468,53.51258495453445]]]}},{"type":"Feature","properties":{"jobs":0,"pop":200,"pointCount":2,"homeWorkCommuteMedian":50925,"workHomeCommuteMedian":-1},"geometry":{"type":"Polygon","coordinates":[[[9.65825826178468,53.52157815817169],[9.65825826178468,53.53057136180894],[9.667251465421925,53.53057136180894],[9.667251465421925,53.52157815817169],[9.65825826178468,53.52157815817169]]]}},{"type":"Feature","properties":{"jobs":100,"pop":300,"pointCount":3,"homeWorkCommuteMedian":32444,"workHomeCommuteMedian":37315},"geometry":{"type":"Polygon","coordinates":[[[9.65825826178468,53.53057136180894],[9.65825826178468,53.539564565446184],[9.667251465421925,53.539564565446184],[9.667251465421925,53.53057136180894],[9.65825826178468,53.53057136180894]]]}},{"type":"Feature","properties":{"jobs":0,"pop":200,"pointCount":2,"homeWorkCommuteMedian":31993,"workHomeCommuteMedian":-1},"geometry":{"type":"Polygon","coordinates":[[[9.65825826178468,53.54855776908343],[9.65825826178468,53.557550972720676],[9.667251465421925,53.557550972720676],[9.667251465421925,53.54855776908343],[9.65825826178468,53.54855776908343]]]}},{"type":"Feature","properties":{"jobs":0,"pop":100,"pointCount":1,"homeWorkCommuteMedian":28162,"workHomeCommuteMedian":-1},"geometry":{"type":"Polygon","coordinates":[[[9.65825826178468,53.6205033981814],[9.65825826178468,53.629496601818644],[9.667251465421925,53.629496601818644],[9.667251465421925,53.6205033981814],[9.65825826178468,53.6205033981814]]]}},{"type":"Feature","properties":{"jobs":300,"pop":550,"pointCount":4,"homeWorkCommuteMedian":24946,"workHomeCommuteMedian":35923},"geometry":{"type":"Polygon","coordinates":[[[9.65825826178468,53.647483009093136],[9.65825826178468,53.65647621273038],[9.667251465421925,53.65647621273038],[9.667251465421925,53.647483009093136],[9.65825826178468,53.647483009093136]]]}},{"type":"Feature","properties":{"jobs":0,"pop":200,"pointCount":2,"homeWorkCommuteMedian":52075,"workHomeCommuteMedian":-1},"geometry":{"type":"Polygon","coordinates":[[[9.65825826178468,53.65647621273038],[9.65825826178468,53.66546941636763],[9.667251465421925,53.66546941636763],[9.667251465421925,53.65647621273038],[9.65825826178468,53.65647621273038]]]}},{"type":"Feature","properties":{"jobs":0,"pop":300,"pointCount":3,"homeWorkCommuteMedian":34522,"workHomeCommuteMedian":-1},"geometry":{"type":"Polygon","coordinates":[[[9.65825826178468,53.66546941636763],[9.65825826178468,53.674462620004874],[9.667251465421925,53.674462620004874],[9.667251465421925,53.66546941636763],[9.65825826178468,53.66546941636763]]]}},{"type":"Feature","properties":{"jobs":1400,"pop":300,"pointCount":5,"homeWorkCommuteMedian":43529,"workHomeCommuteMedian":30096},"geometry":{"type":"Polygon","coordinates":[[[9.65825826178468,53.674462620004874],[9.65825826178468,53.68345582364212],[9.667251465421925,53.68345582364212],[9.667251465421925,53.674462620004874],[9.65825826178468,53.674462620004874]]]}},{"type":"Feature","properties":{"jobs":400,"pop":600,"pointCount":6,"homeWorkCommuteMedian":35945,"workHomeCommuteMedian":28879},"geometry":{"type":"Polygon","coordinates":[[[9.65825826178468,53.68345582364212],[9.65825826178468,53.692449027279366],[9.667251465421925,53.692449027279366],[9.667251465421925,53.68345582364212],[9.65825826178468,53.68345582364212]]]}},{"type":"Feature","properties":{"jobs":100,"pop":700,"pointCount":6,"homeWorkCommuteMedian":47290,"workHomeCommuteMedian":39858},"geometry":{"type":"Polygon","coordinates":[[[9.65825826178468,53.692449027279366],[9.65825826178468,53.70144223091661],[9.667251465421925,53.70144223091661],[9.667251465421925,53.692449027279366],[9.65825826178468,53.692449027279366]]]}},{"type":"Feature","properties":{"jobs":0,"pop":100,"pointCount":1,"homeWorkCommuteMedian":21298,"workHomeCommuteMedian":-1},"geometry":{"type":"Polygon","coordinates":[[[9.65825826178468,53.70144223091661],[9.65825826178468,53.71043543455386],[9.667251465421925,53.71043543455386],[9.667251465421925,53.70144223091661],[9.65825826178468,53.70144223091661]]]}},{"type":"Feature","properties":{"jobs":500,"pop":800,"pointCount":6,"homeWorkCommuteMedian":50797,"workHomeCommuteMedian":41081},"geometry":{"type":"Polygon","coordinates":[[[9.65825826178468,53.719428638191104],[9.65825826178468,53.72842184182835],[9.667251465421925,53.72842184182835],[9.667251465421925,53.719428638191104],[9.65825826178468,53.719428638191104]]]}},{"type":"Feature","properties":{"jobs":0,"pop":700,"pointCount":6,"homeWorkCommuteMedian":33808,"workHomeCommuteMedian":-1},"geometry":{"type":"Polygon","coordinates":[[[9.65825826178468,53.72842184182835],[9.65825826178468,53.737415045465596],[9.667251465421925,53.737415045465596],[9.667251465421925,53.72842184182835],[9.65825826178468,53.72842184182835]]]}},{"type":"Feature","properties":{"jobs":100,"pop":800,"pointCount":6,"homeWorkCommuteMedian":31305,"workHomeCommuteMedian":32221},"geometry":{"type":"Polygon","coordinates":[[[9.65825826178468,53.737415045465596],[9.65825826178468,53.74640824910284],[9.667251465421925,53.74640824910284],[9.667251465421925,53.737415045465596],[9.65825826178468,53.737415045465596]]]}},{"type":"Feature","properties":{"jobs":1300,"pop":700,"pointCount":8,"homeWorkCommuteMedian":27822,"workHomeCommuteMedian":37231},"geometry":{"type":"Polygon","coordinates":[[[9.65825826178468,53.74640824910284],[9.65825826178468,53.75540145274009],[9.667251465421925,53.75540145274009],[9.667251465421925,53.74640824910284],[9.65825826178468,53.74640824910284]]]}},{"type":"Feature","properties":{"jobs":800,"pop":300,"pointCount":6,"homeWorkCommuteMedian":20848,"workHomeCommuteMedian":29262},"geometry":{"type":"Polygon","coordinates":[[[9.65825826178468,53.75540145274009],[9.65825826178468,53.764394656377334],[9.667251465421925,53.764394656377334],[9.667251465421925,53.75540145274009],[9.65825826178468,53.75540145274009]]]}},{"type":"Feature","properties":{"jobs":100,"pop":850,"pointCount":7,"homeWorkCommuteMedian":30543,"workHomeCommuteMedian":18288},"geometry":{"type":"Polygon","coordinates":[[[9.65825826178468,53.764394656377334],[9.65825826178468,53.77338786001458],[9.667251465421925,53.77338786001458],[9.667251465421925,53.764394656377334],[9.65825826178468,53.764394656377334]]]}},{"type":"Feature","properties":{"jobs":100,"pop":0,"pointCount":1,"homeWorkCommuteMedian":-1,"workHomeCommuteMedian":53333},"geometry":{"type":"Polygon","coordinates":[[[9.65825826178468,53.77338786001458],[9.65825826178468,53.782381063651826],[9.667251465421925,53.782381063651826],[9.667251465421925,53.77338786001458],[9.65825826178468,53.77338786001458]]]}},{"type":"Feature","properties":{"jobs":0,"pop":100,"pointCount":1,"homeWorkCommuteMedian":82889,"workHomeCommuteMedian":-1},"geometry":{"type":"Polygon","coordinates":[[[9.65825826178468,53.854326692749794],[9.65825826178468,53.86331989638704],[9.667251465421925,53.86331989638704],[9.667251465421925,53.854326692749794],[9.65825826178468,53.854326692749794]]]}},{"type":"Feature","properties":{"jobs":0,"pop":100,"pointCount":1,"homeWorkCommuteMedian":72073,"workHomeCommuteMedian":-1},"geometry":{"type":"Polygon","coordinates":[[[9.667251465421925,53.35070728906402],[9.667251465421925,53.359700492701265],[9.676244669059171,53.359700492701265],[9.676244669059171,53.35070728906402],[9.667251465421925,53.35070728906402]]]}},{"type":"Feature","properties":{"jobs":0,"pop":100,"pointCount":1,"homeWorkCommuteMedian":53962,"workHomeCommuteMedian":-1},"geometry":{"type":"Polygon","coordinates":[[[9.667251465421925,53.359700492701265],[9.667251465421925,53.36869369633851],[9.676244669059171,53.36869369633851],[9.676244669059171,53.359700492701265],[9.667251465421925,53.359700492701265]]]}},{"type":"Feature","properties":{"jobs":0,"pop":200,"pointCount":1,"homeWorkCommuteMedian":57910,"workHomeCommuteMedian":-1},"geometry":{"type":"Polygon","coordinates":[[[9.667251465421925,53.44063932543648],[9.667251465421925,53.449632529073725],[9.676244669059171,53.449632529073725],[9.676244669059171,53.44063932543648],[9.667251465421925,53.44063932543648]]]}},{"type":"Feature","properties":{"jobs":200,"pop":600,"pointCount":6,"homeWorkCommuteMedian":37041,"workHomeCommuteMedian":68197},"geometry":{"type":"Polygon","coordinates":[[[9.667251465421925,53.449632529073725],[9.667251465421925,53.45862573271097],[9.676244669059171,53.45862573271097],[9.676244669059171,53.449632529073725],[9.667251465421925,53.449632529073725]]]}},{"type":"Feature","properties":{"jobs":1200,"pop":900,"pointCount":12,"homeWorkCommuteMedian":57464,"workHomeCommuteMedian":36137},"geometry":{"type":"Polygon","coordinates":[[[9.667251465421925,53.45862573271097],[9.667251465421925,53.46761893634822],[9.676244669059171,53.46761893634822],[9.676244669059171,53.45862573271097],[9.667251465421925,53.45862573271097]]]}},{"type":"Feature","properties":{"jobs":900,"pop":300,"pointCount":7,"homeWorkCommuteMedian":51631,"workHomeCommuteMedian":31258},"geometry":{"type":"Polygon","coordinates":[[[9.667251465421925,53.46761893634822],[9.667251465421925,53.47661213998546],[9.676244669059171,53.47661213998546],[9.676244669059171,53.46761893634822],[9.667251465421925,53.46761893634822]]]}},{"type":"Feature","properties":{"jobs":0,"pop":100,"pointCount":1,"homeWorkCommuteMedian":33458,"workHomeCommuteMedian":-1},"geometry":{"type":"Polygon","coordinates":[[[9.667251465421925,53.47661213998546],[9.667251465421925,53.48560534362271],[9.676244669059171,53.48560534362271],[9.676244669059171,53.47661213998546],[9.667251465421925,53.47661213998546]]]}},{"type":"Feature","properties":{"jobs":400,"pop":0,"pointCount":4,"homeWorkCommuteMedian":-1,"workHomeCommuteMedian":35377},"geometry":{"type":"Polygon","coordinates":[[[9.667251465421925,53.48560534362271],[9.667251465421925,53.494598547259955],[9.676244669059171,53.494598547259955],[9.676244669059171,53.48560534362271],[9.667251465421925,53.48560534362271]]]}},{"type":"Feature","properties":{"jobs":0,"pop":100,"pointCount":1,"homeWorkCommuteMedian":75141,"workHomeCommuteMedian":-1},"geometry":{"type":"Polygon","coordinates":[[[9.667251465421925,53.51258495453445],[9.667251465421925,53.52157815817169],[9.676244669059171,53.52157815817169],[9.676244669059171,53.51258495453445],[9.667251465421925,53.51258495453445]]]}},{"type":"Feature","properties":{"jobs":1200,"pop":900,"pointCount":8,"homeWorkCommuteMedian":33263,"workHomeCommuteMedian":37213},"geometry":{"type":"Polygon","coordinates":[[[9.667251465421925,53.52157815817169],[9.667251465421925,53.53057136180894],[9.676244669059171,53.53057136180894],[9.676244669059171,53.52157815817169],[9.667251465421925,53.52157815817169]]]}},{"type":"Feature","properties":{"jobs":200,"pop":200,"pointCount":3,"homeWorkCommuteMedian":71773,"workHomeCommuteMedian":53128},"geometry":{"type":"Polygon","coordinates":[[[9.667251465421925,53.53057136180894],[9.667251465421925,53.539564565446184],[9.676244669059171,53.539564565446184],[9.676244669059171,53.53057136180894],[9.667251465421925,53.53057136180894]]]}},{"type":"Feature","properties":{"jobs":200,"pop":100,"pointCount":2,"homeWorkCommuteMedian":34857,"workHomeCommuteMedian":35970},"geometry":{"type":"Polygon","coordinates":[[[9.667251465421925,53.539564565446184],[9.667251465421925,53.54855776908343],[9.676244669059171,53.54855776908343],[9.676244669059171,53.539564565446184],[9.667251465421925,53.539564565446184]]]}},{"type":"Feature","properties":{"jobs":100,"pop":0,"pointCount":1,"homeWorkCommuteMedian":-1,"workHomeCommuteMedian":42282},"geometry":{"type":"Polygon","coordinates":[[[9.667251465421925,53.54855776908343],[9.667251465421925,53.557550972720676],[9.676244669059171,53.557550972720676],[9.676244669059171,53.54855776908343],[9.667251465421925,53.54855776908343]]]}},{"type":"Feature","properties":{"jobs":200,"pop":100,"pointCount":2,"homeWorkCommuteMedian":14079,"workHomeCommuteMedian":37131},"geometry":{"type":"Polygon","coordinates":[[[9.667251465421925,53.602516990906906],[9.667251465421925,53.61151019454415],[9.676244669059171,53.61151019454415],[9.676244669059171,53.602516990906906],[9.667251465421925,53.602516990906906]]]}},{"type":"Feature","properties":{"jobs":700,"pop":400,"pointCount":7,"homeWorkCommuteMedian":25282,"workHomeCommuteMedian":30992},"geometry":{"type":"Polygon","coordinates":[[[9.667251465421925,53.61151019454415],[9.667251465421925,53.6205033981814],[9.676244669059171,53.6205033981814],[9.676244669059171,53.61151019454415],[9.667251465421925,53.61151019454415]]]}},{"type":"Feature","properties":{"jobs":200,"pop":100,"pointCount":3,"homeWorkCommuteMedian":18288,"workHomeCommuteMedian":26642},"geometry":{"type":"Polygon","coordinates":[[[9.667251465421925,53.6205033981814],[9.667251465421925,53.629496601818644],[9.676244669059171,53.629496601818644],[9.676244669059171,53.6205033981814],[9.667251465421925,53.6205033981814]]]}},{"type":"Feature","properties":{"jobs":0,"pop":100,"pointCount":1,"homeWorkCommuteMedian":22007,"workHomeCommuteMedian":-1},"geometry":{"type":"Polygon","coordinates":[[[9.667251465421925,53.629496601818644],[9.667251465421925,53.63848980545589],[9.676244669059171,53.63848980545589],[9.676244669059171,53.629496601818644],[9.667251465421925,53.629496601818644]]]}},{"type":"Feature","properties":{"jobs":200,"pop":100,"pointCount":3,"homeWorkCommuteMedian":27558,"workHomeCommuteMedian":43555},"geometry":{"type":"Polygon","coordinates":[[[9.667251465421925,53.647483009093136],[9.667251465421925,53.65647621273038],[9.676244669059171,53.65647621273038],[9.676244669059171,53.647483009093136],[9.667251465421925,53.647483009093136]]]}},{"type":"Feature","properties":{"jobs":0,"pop":200,"pointCount":2,"homeWorkCommuteMedian":33660,"workHomeCommuteMedian":-1},"geometry":{"type":"Polygon","coordinates":[[[9.667251465421925,53.65647621273038],[9.667251465421925,53.66546941636763],[9.676244669059171,53.66546941636763],[9.676244669059171,53.65647621273038],[9.667251465421925,53.65647621273038]]]}},{"type":"Feature","properties":{"jobs":200,"pop":300,"pointCount":3,"homeWorkCommuteMedian":34767,"workHomeCommuteMedian":39030},"geometry":{"type":"Polygon","coordinates":[[[9.667251465421925,53.66546941636763],[9.667251465421925,53.674462620004874],[9.676244669059171,53.674462620004874],[9.676244669059171,53.66546941636763],[9.667251465421925,53.66546941636763]]]}},{"type":"Feature","properties":{"jobs":1900,"pop":200,"pointCount":7,"homeWorkCommuteMedian":36219,"workHomeCommuteMedian":38004},"geometry":{"type":"Polygon","coordinates":[[[9.667251465421925,53.674462620004874],[9.667251465421925,53.68345582364212],[9.676244669059171,53.68345582364212],[9.676244669059171,53.674462620004874],[9.667251465421925,53.674462620004874]]]}},{"type":"Feature","properties":{"jobs":400,"pop":300,"pointCount":4,"homeWorkCommuteMedian":32006,"workHomeCommuteMedian":36701},"geometry":{"type":"Polygon","coordinates":[[[9.667251465421925,53.68345582364212],[9.667251465421925,53.692449027279366],[9.676244669059171,53.692449027279366],[9.676244669059171,53.68345582364212],[9.667251465421925,53.68345582364212]]]}},{"type":"Feature","properties":{"jobs":0,"pop":100,"pointCount":1,"homeWorkCommuteMedian":37902,"workHomeCommuteMedian":-1},"geometry":{"type":"Polygon","coordinates":[[[9.667251465421925,53.71043543455386],[9.667251465421925,53.719428638191104],[9.676244669059171,53.719428638191104],[9.676244669059171,53.71043543455386],[9.667251465421925,53.71043543455386]]]}},{"type":"Feature","properties":{"jobs":0,"pop":400,"pointCount":4,"homeWorkCommuteMedian":47393,"workHomeCommuteMedian":-1},"geometry":{"type":"Polygon","coordinates":[[[9.667251465421925,53.72842184182835],[9.667251465421925,53.737415045465596],[9.676244669059171,53.737415045465596],[9.676244669059171,53.72842184182835],[9.667251465421925,53.72842184182835]]]}},{"type":"Feature","properties":{"jobs":100,"pop":1000,"pointCount":9,"homeWorkCommuteMedian":37714,"workHomeCommuteMedian":25836},"geometry":{"type":"Polygon","coordinates":[[[9.667251465421925,53.737415045465596],[9.667251465421925,53.74640824910284],[9.676244669059171,53.74640824910284],[9.676244669059171,53.737415045465596],[9.667251465421925,53.737415045465596]]]}},{"type":"Feature","properties":{"jobs":500,"pop":800,"pointCount":11,"homeWorkCommuteMedian":43744,"workHomeCommuteMedian":28918},"geometry":{"type":"Polygon","coordinates":[[[9.667251465421925,53.74640824910284],[9.667251465421925,53.75540145274009],[9.676244669059171,53.75540145274009],[9.676244669059171,53.74640824910284],[9.667251465421925,53.74640824910284]]]}},{"type":"Feature","properties":{"jobs":0,"pop":650,"pointCount":4,"homeWorkCommuteMedian":42647,"workHomeCommuteMedian":-1},"geometry":{"type":"Polygon","coordinates":[[[9.667251465421925,53.75540145274009],[9.667251465421925,53.764394656377334],[9.676244669059171,53.764394656377334],[9.676244669059171,53.75540145274009],[9.667251465421925,53.75540145274009]]]}},{"type":"Feature","properties":{"jobs":200,"pop":900,"pointCount":8,"homeWorkCommuteMedian":32265,"workHomeCommuteMedian":59040},"geometry":{"type":"Polygon","coordinates":[[[9.667251465421925,53.764394656377334],[9.667251465421925,53.77338786001458],[9.676244669059171,53.77338786001458],[9.676244669059171,53.764394656377334],[9.667251465421925,53.764394656377334]]]}},{"type":"Feature","properties":{"jobs":0,"pop":200,"pointCount":2,"homeWorkCommuteMedian":38837,"workHomeCommuteMedian":-1},"geometry":{"type":"Polygon","coordinates":[[[9.667251465421925,53.77338786001458],[9.667251465421925,53.782381063651826],[9.676244669059171,53.782381063651826],[9.676244669059171,53.77338786001458],[9.667251465421925,53.77338786001458]]]}},{"type":"Feature","properties":{"jobs":0,"pop":100,"pointCount":1,"homeWorkCommuteMedian":40663,"workHomeCommuteMedian":-1},"geometry":{"type":"Polygon","coordinates":[[[9.667251465421925,53.782381063651826],[9.667251465421925,53.79137426728907],[9.676244669059171,53.79137426728907],[9.676244669059171,53.782381063651826],[9.667251465421925,53.782381063651826]]]}},{"type":"Feature","properties":{"jobs":0,"pop":250,"pointCount":1,"homeWorkCommuteMedian":40240,"workHomeCommuteMedian":-1},"geometry":{"type":"Polygon","coordinates":[[[9.667251465421925,53.79137426728907],[9.667251465421925,53.80036747092632],[9.676244669059171,53.80036747092632],[9.676244669059171,53.79137426728907],[9.667251465421925,53.79137426728907]]]}},{"type":"Feature","properties":{"jobs":200,"pop":0,"pointCount":2,"homeWorkCommuteMedian":-1,"workHomeCommuteMedian":36105},"geometry":{"type":"Polygon","coordinates":[[[9.667251465421925,53.84533348911255],[9.667251465421925,53.854326692749794],[9.676244669059171,53.854326692749794],[9.676244669059171,53.84533348911255],[9.667251465421925,53.84533348911255]]]}},{"type":"Feature","properties":{"jobs":0,"pop":100,"pointCount":1,"homeWorkCommuteMedian":49256,"workHomeCommuteMedian":-1},"geometry":{"type":"Polygon","coordinates":[[[9.667251465421925,53.854326692749794],[9.667251465421925,53.86331989638704],[9.676244669059171,53.86331989638704],[9.676244669059171,53.854326692749794],[9.667251465421925,53.854326692749794]]]}},{"type":"Feature","properties":{"jobs":0,"pop":1400,"pointCount":11,"homeWorkCommuteMedian":51771,"workHomeCommuteMedian":-1},"geometry":{"type":"Polygon","coordinates":[[[9.676244669059171,53.45862573271097],[9.676244669059171,53.46761893634822],[9.685237872696417,53.46761893634822],[9.685237872696417,53.45862573271097],[9.676244669059171,53.45862573271097]]]}},{"type":"Feature","properties":{"jobs":100,"pop":1100,"pointCount":7,"homeWorkCommuteMedian":41211,"workHomeCommuteMedian":32619},"geometry":{"type":"Polygon","coordinates":[[[9.676244669059171,53.46761893634822],[9.676244669059171,53.47661213998546],[9.685237872696417,53.47661213998546],[9.685237872696417,53.46761893634822],[9.676244669059171,53.46761893634822]]]}},{"type":"Feature","properties":{"jobs":0,"pop":500,"pointCount":5,"homeWorkCommuteMedian":47779,"workHomeCommuteMedian":-1},"geometry":{"type":"Polygon","coordinates":[[[9.676244669059171,53.47661213998546],[9.676244669059171,53.48560534362271],[9.685237872696417,53.48560534362271],[9.685237872696417,53.47661213998546],[9.676244669059171,53.47661213998546]]]}},{"type":"Feature","properties":{"jobs":0,"pop":100,"pointCount":1,"homeWorkCommuteMedian":102968,"workHomeCommuteMedian":-1},"geometry":{"type":"Polygon","coordinates":[[[9.676244669059171,53.494598547259955],[9.676244669059171,53.5035917508972],[9.685237872696417,53.5035917508972],[9.685237872696417,53.494598547259955],[9.676244669059171,53.494598547259955]]]}},{"type":"Feature","properties":{"jobs":200,"pop":100,"pointCount":2,"homeWorkCommuteMedian":19936,"workHomeCommuteMedian":64709},"geometry":{"type":"Polygon","coordinates":[[[9.676244669059171,53.51258495453445],[9.676244669059171,53.52157815817169],[9.685237872696417,53.52157815817169],[9.685237872696417,53.51258495453445],[9.676244669059171,53.51258495453445]]]}},{"type":"Feature","properties":{"jobs":300,"pop":300,"pointCount":4,"homeWorkCommuteMedian":45439,"workHomeCommuteMedian":35094},"geometry":{"type":"Polygon","coordinates":[[[9.676244669059171,53.52157815817169],[9.676244669059171,53.53057136180894],[9.685237872696417,53.53057136180894],[9.685237872696417,53.52157815817169],[9.676244669059171,53.52157815817169]]]}},{"type":"Feature","properties":{"jobs":1600,"pop":1200,"pointCount":14,"homeWorkCommuteMedian":30886,"workHomeCommuteMedian":37118},"geometry":{"type":"Polygon","coordinates":[[[9.676244669059171,53.53057136180894],[9.676244669059171,53.539564565446184],[9.685237872696417,53.539564565446184],[9.685237872696417,53.53057136180894],[9.676244669059171,53.53057136180894]]]}},{"type":"Feature","properties":{"jobs":800,"pop":300,"pointCount":5,"homeWorkCommuteMedian":33568,"workHomeCommuteMedian":40734},"geometry":{"type":"Polygon","coordinates":[[[9.676244669059171,53.539564565446184],[9.676244669059171,53.54855776908343],[9.685237872696417,53.54855776908343],[9.685237872696417,53.539564565446184],[9.676244669059171,53.539564565446184]]]}},{"type":"Feature","properties":{"jobs":100,"pop":100,"pointCount":2,"homeWorkCommuteMedian":5670,"workHomeCommuteMedian":33703},"geometry":{"type":"Polygon","coordinates":[[[9.676244669059171,53.56654417635792],[9.676244669059171,53.57553737999517],[9.685237872696417,53.57553737999517],[9.685237872696417,53.56654417635792],[9.676244669059171,53.56654417635792]]]}},{"type":"Feature","properties":{"jobs":0,"pop":300,"pointCount":1,"homeWorkCommuteMedian":11487,"workHomeCommuteMedian":-1},"geometry":{"type":"Polygon","coordinates":[[[9.676244669059171,53.584530583632414],[9.676244669059171,53.59352378726966],[9.685237872696417,53.59352378726966],[9.685237872696417,53.584530583632414],[9.676244669059171,53.584530583632414]]]}},{"type":"Feature","properties":{"jobs":0,"pop":100,"pointCount":1,"homeWorkCommuteMedian":22897,"workHomeCommuteMedian":-1},"geometry":{"type":"Polygon","coordinates":[[[9.676244669059171,53.59352378726966],[9.676244669059171,53.602516990906906],[9.685237872696417,53.602516990906906],[9.685237872696417,53.59352378726966],[9.676244669059171,53.59352378726966]]]}},{"type":"Feature","properties":{"jobs":0,"pop":100,"pointCount":1,"homeWorkCommuteMedian":47097,"workHomeCommuteMedian":-1},"geometry":{"type":"Polygon","coordinates":[[[9.676244669059171,53.61151019454415],[9.676244669059171,53.6205033981814],[9.685237872696417,53.6205033981814],[9.685237872696417,53.61151019454415],[9.676244669059171,53.61151019454415]]]}},{"type":"Feature","properties":{"jobs":0,"pop":300,"pointCount":3,"homeWorkCommuteMedian":17996,"workHomeCommuteMedian":-1},"geometry":{"type":"Polygon","coordinates":[[[9.676244669059171,53.6205033981814],[9.676244669059171,53.629496601818644],[9.685237872696417,53.629496601818644],[9.685237872696417,53.6205033981814],[9.676244669059171,53.6205033981814]]]}},{"type":"Feature","properties":{"jobs":900,"pop":400,"pointCount":8,"homeWorkCommuteMedian":30423,"workHomeCommuteMedian":34498},"geometry":{"type":"Polygon","coordinates":[[[9.676244669059171,53.674462620004874],[9.676244669059171,53.68345582364212],[9.685237872696417,53.68345582364212],[9.685237872696417,53.674462620004874],[9.676244669059171,53.674462620004874]]]}},{"type":"Feature","properties":{"jobs":300,"pop":400,"pointCount":5,"homeWorkCommuteMedian":37415,"workHomeCommuteMedian":31076},"geometry":{"type":"Polygon","coordinates":[[[9.676244669059171,53.68345582364212],[9.676244669059171,53.692449027279366],[9.685237872696417,53.692449027279366],[9.685237872696417,53.68345582364212],[9.676244669059171,53.68345582364212]]]}},{"type":"Feature","properties":{"jobs":0,"pop":700,"pointCount":4,"homeWorkCommuteMedian":45393,"workHomeCommuteMedian":-1},"geometry":{"type":"Polygon","coordinates":[[[9.676244669059171,53.692449027279366],[9.676244669059171,53.70144223091661],[9.685237872696417,53.70144223091661],[9.685237872696417,53.692449027279366],[9.676244669059171,53.692449027279366]]]}},{"type":"Feature","properties":{"jobs":1000,"pop":200,"pointCount":4,"homeWorkCommuteMedian":43239,"workHomeCommuteMedian":29464},"geometry":{"type":"Polygon","coordinates":[[[9.676244669059171,53.70144223091661],[9.676244669059171,53.71043543455386],[9.685237872696417,53.71043543455386],[9.685237872696417,53.70144223091661],[9.676244669059171,53.70144223091661]]]}},{"type":"Feature","properties":{"jobs":0,"pop":200,"pointCount":2,"homeWorkCommuteMedian":62401,"workHomeCommuteMedian":-1},"geometry":{"type":"Polygon","coordinates":[[[9.676244669059171,53.71043543455386],[9.676244669059171,53.719428638191104],[9.685237872696417,53.719428638191104],[9.685237872696417,53.71043543455386],[9.676244669059171,53.71043543455386]]]}},{"type":"Feature","properties":{"jobs":0,"pop":100,"pointCount":1,"homeWorkCommuteMedian":32239,"workHomeCommuteMedian":-1},"geometry":{"type":"Polygon","coordinates":[[[9.676244669059171,53.719428638191104],[9.676244669059171,53.72842184182835],[9.685237872696417,53.72842184182835],[9.685237872696417,53.719428638191104],[9.676244669059171,53.719428638191104]]]}},{"type":"Feature","properties":{"jobs":0,"pop":400,"pointCount":3,"homeWorkCommuteMedian":31257,"workHomeCommuteMedian":-1},"geometry":{"type":"Polygon","coordinates":[[[9.676244669059171,53.72842184182835],[9.676244669059171,53.737415045465596],[9.685237872696417,53.737415045465596],[9.685237872696417,53.72842184182835],[9.676244669059171,53.72842184182835]]]}},{"type":"Feature","properties":{"jobs":0,"pop":1000,"pointCount":8,"homeWorkCommuteMedian":29898,"workHomeCommuteMedian":-1},"geometry":{"type":"Polygon","coordinates":[[[9.676244669059171,53.737415045465596],[9.676244669059171,53.74640824910284],[9.685237872696417,53.74640824910284],[9.685237872696417,53.737415045465596],[9.676244669059171,53.737415045465596]]]}},{"type":"Feature","properties":{"jobs":600,"pop":900,"pointCount":11,"homeWorkCommuteMedian":37605,"workHomeCommuteMedian":34353},"geometry":{"type":"Polygon","coordinates":[[[9.676244669059171,53.74640824910284],[9.676244669059171,53.75540145274009],[9.685237872696417,53.75540145274009],[9.685237872696417,53.74640824910284],[9.676244669059171,53.74640824910284]]]}},{"type":"Feature","properties":{"jobs":0,"pop":100,"pointCount":1,"homeWorkCommuteMedian":50085,"workHomeCommuteMedian":-1},"geometry":{"type":"Polygon","coordinates":[[[9.676244669059171,53.75540145274009],[9.676244669059171,53.764394656377334],[9.685237872696417,53.764394656377334],[9.685237872696417,53.75540145274009],[9.676244669059171,53.75540145274009]]]}},{"type":"Feature","properties":{"jobs":0,"pop":900,"pointCount":8,"homeWorkCommuteMedian":35394,"workHomeCommuteMedian":-1},"geometry":{"type":"Polygon","coordinates":[[[9.676244669059171,53.764394656377334],[9.676244669059171,53.77338786001458],[9.685237872696417,53.77338786001458],[9.685237872696417,53.764394656377334],[9.676244669059171,53.764394656377334]]]}},{"type":"Feature","properties":{"jobs":0,"pop":100,"pointCount":1,"homeWorkCommuteMedian":42366,"workHomeCommuteMedian":-1},"geometry":{"type":"Polygon","coordinates":[[[9.676244669059171,53.77338786001458],[9.676244669059171,53.782381063651826],[9.685237872696417,53.782381063651826],[9.685237872696417,53.77338786001458],[9.676244669059171,53.77338786001458]]]}},{"type":"Feature","properties":{"jobs":0,"pop":300,"pointCount":3,"homeWorkCommuteMedian":50627,"workHomeCommuteMedian":-1},"geometry":{"type":"Polygon","coordinates":[[[9.676244669059171,53.782381063651826],[9.676244669059171,53.79137426728907],[9.685237872696417,53.79137426728907],[9.685237872696417,53.782381063651826],[9.676244669059171,53.782381063651826]]]}},{"type":"Feature","properties":{"jobs":500,"pop":100,"pointCount":3,"homeWorkCommuteMedian":48855,"workHomeCommuteMedian":54801},"geometry":{"type":"Polygon","coordinates":[[[9.676244669059171,53.84533348911255],[9.676244669059171,53.854326692749794],[9.685237872696417,53.854326692749794],[9.685237872696417,53.84533348911255],[9.676244669059171,53.84533348911255]]]}},{"type":"Feature","properties":{"jobs":0,"pop":200,"pointCount":2,"homeWorkCommuteMedian":52048,"workHomeCommuteMedian":-1},"geometry":{"type":"Polygon","coordinates":[[[9.676244669059171,53.854326692749794],[9.676244669059171,53.86331989638704],[9.685237872696417,53.86331989638704],[9.685237872696417,53.854326692749794],[9.676244669059171,53.854326692749794]]]}},{"type":"Feature","properties":{"jobs":0,"pop":300,"pointCount":3,"homeWorkCommuteMedian":44608,"workHomeCommuteMedian":-1},"geometry":{"type":"Polygon","coordinates":[[[9.685237872696417,53.37768689997576],[9.685237872696417,53.386680103613],[9.694231076333663,53.386680103613],[9.694231076333663,53.37768689997576],[9.685237872696417,53.37768689997576]]]}},{"type":"Feature","properties":{"jobs":0,"pop":200,"pointCount":2,"homeWorkCommuteMedian":45153,"workHomeCommuteMedian":-1},"geometry":{"type":"Polygon","coordinates":[[[9.685237872696417,53.39567330725025],[9.685237872696417,53.404666510887495],[9.694231076333663,53.404666510887495],[9.694231076333663,53.39567330725025],[9.685237872696417,53.39567330725025]]]}},{"type":"Feature","properties":{"jobs":0,"pop":200,"pointCount":2,"homeWorkCommuteMedian":23715,"workHomeCommuteMedian":-1},"geometry":{"type":"Polygon","coordinates":[[[9.685237872696417,53.404666510887495],[9.685237872696417,53.41365971452474],[9.694231076333663,53.41365971452474],[9.694231076333663,53.404666510887495],[9.685237872696417,53.404666510887495]]]}},{"type":"Feature","properties":{"jobs":100,"pop":0,"pointCount":1,"homeWorkCommuteMedian":-1,"workHomeCommuteMedian":44645},"geometry":{"type":"Polygon","coordinates":[[[9.685237872696417,53.41365971452474],[9.685237872696417,53.42265291816199],[9.694231076333663,53.42265291816199],[9.694231076333663,53.41365971452474],[9.685237872696417,53.41365971452474]]]}},{"type":"Feature","properties":{"jobs":200,"pop":100,"pointCount":2,"homeWorkCommuteMedian":38903,"workHomeCommuteMedian":38083},"geometry":{"type":"Polygon","coordinates":[[[9.685237872696417,53.43164612179923],[9.685237872696417,53.44063932543648],[9.694231076333663,53.44063932543648],[9.694231076333663,53.43164612179923],[9.685237872696417,53.43164612179923]]]}},{"type":"Feature","properties":{"jobs":700,"pop":600,"pointCount":9,"homeWorkCommuteMedian":52169,"workHomeCommuteMedian":43062},"geometry":{"type":"Polygon","coordinates":[[[9.685237872696417,53.45862573271097],[9.685237872696417,53.46761893634822],[9.694231076333663,53.46761893634822],[9.694231076333663,53.45862573271097],[9.685237872696417,53.45862573271097]]]}},{"type":"Feature","properties":{"jobs":2000,"pop":700,"pointCount":10,"homeWorkCommuteMedian":31290,"workHomeCommuteMedian":34586},"geometry":{"type":"Polygon","coordinates":[[[9.685237872696417,53.46761893634822],[9.685237872696417,53.47661213998546],[9.694231076333663,53.47661213998546],[9.694231076333663,53.46761893634822],[9.685237872696417,53.46761893634822]]]}},{"type":"Feature","properties":{"jobs":0,"pop":850,"pointCount":5,"homeWorkCommuteMedian":43718,"workHomeCommuteMedian":-1},"geometry":{"type":"Polygon","coordinates":[[[9.685237872696417,53.47661213998546],[9.685237872696417,53.48560534362271],[9.694231076333663,53.48560534362271],[9.694231076333663,53.47661213998546],[9.685237872696417,53.47661213998546]]]}},{"type":"Feature","properties":{"jobs":0,"pop":100,"pointCount":1,"homeWorkCommuteMedian":60669,"workHomeCommuteMedian":-1},"geometry":{"type":"Polygon","coordinates":[[[9.685237872696417,53.48560534362271],[9.685237872696417,53.494598547259955],[9.694231076333663,53.494598547259955],[9.694231076333663,53.48560534362271],[9.685237872696417,53.48560534362271]]]}},{"type":"Feature","properties":{"jobs":0,"pop":100,"pointCount":1,"homeWorkCommuteMedian":61197,"workHomeCommuteMedian":-1},"geometry":{"type":"Polygon","coordinates":[[[9.685237872696417,53.51258495453445],[9.685237872696417,53.52157815817169],[9.694231076333663,53.52157815817169],[9.694231076333663,53.51258495453445],[9.685237872696417,53.51258495453445]]]}},{"type":"Feature","properties":{"jobs":0,"pop":400,"pointCount":3,"homeWorkCommuteMedian":37112,"workHomeCommuteMedian":-1},"geometry":{"type":"Polygon","coordinates":[[[9.685237872696417,53.52157815817169],[9.685237872696417,53.53057136180894],[9.694231076333663,53.53057136180894],[9.694231076333663,53.52157815817169],[9.685237872696417,53.52157815817169]]]}},{"type":"Feature","properties":{"jobs":0,"pop":300,"pointCount":3,"homeWorkCommuteMedian":28771,"workHomeCommuteMedian":-1},"geometry":{"type":"Polygon","coordinates":[[[9.685237872696417,53.53057136180894],[9.685237872696417,53.539564565446184],[9.694231076333663,53.539564565446184],[9.694231076333663,53.53057136180894],[9.685237872696417,53.53057136180894]]]}},{"type":"Feature","properties":{"jobs":100,"pop":100,"pointCount":2,"homeWorkCommuteMedian":36961,"workHomeCommuteMedian":28091},"geometry":{"type":"Polygon","coordinates":[[[9.685237872696417,53.539564565446184],[9.685237872696417,53.54855776908343],[9.694231076333663,53.54855776908343],[9.694231076333663,53.539564565446184],[9.685237872696417,53.539564565446184]]]}},{"type":"Feature","properties":{"jobs":0,"pop":100,"pointCount":1,"homeWorkCommuteMedian":23176,"workHomeCommuteMedian":-1},"geometry":{"type":"Polygon","coordinates":[[[9.685237872696417,53.56654417635792],[9.685237872696417,53.57553737999517],[9.694231076333663,53.57553737999517],[9.694231076333663,53.56654417635792],[9.685237872696417,53.56654417635792]]]}},{"type":"Feature","properties":{"jobs":100,"pop":750,"pointCount":5,"homeWorkCommuteMedian":20674,"workHomeCommuteMedian":23369},"geometry":{"type":"Polygon","coordinates":[[[9.685237872696417,53.584530583632414],[9.685237872696417,53.59352378726966],[9.694231076333663,53.59352378726966],[9.694231076333663,53.584530583632414],[9.685237872696417,53.584530583632414]]]}},{"type":"Feature","properties":{"jobs":200,"pop":200,"pointCount":2,"homeWorkCommuteMedian":21140,"workHomeCommuteMedian":44829},"geometry":{"type":"Polygon","coordinates":[[[9.685237872696417,53.65647621273038],[9.685237872696417,53.66546941636763],[9.694231076333663,53.66546941636763],[9.694231076333663,53.65647621273038],[9.685237872696417,53.65647621273038]]]}},{"type":"Feature","properties":{"jobs":0,"pop":400,"pointCount":4,"homeWorkCommuteMedian":36126,"workHomeCommuteMedian":-1},"geometry":{"type":"Polygon","coordinates":[[[9.685237872696417,53.674462620004874],[9.685237872696417,53.68345582364212],[9.694231076333663,53.68345582364212],[9.694231076333663,53.674462620004874],[9.685237872696417,53.674462620004874]]]}},{"type":"Feature","properties":{"jobs":100,"pop":500,"pointCount":5,"homeWorkCommuteMedian":33474,"workHomeCommuteMedian":19576},"geometry":{"type":"Polygon","coordinates":[[[9.685237872696417,53.68345582364212],[9.685237872696417,53.692449027279366],[9.694231076333663,53.692449027279366],[9.694231076333663,53.68345582364212],[9.685237872696417,53.68345582364212]]]}},{"type":"Feature","properties":{"jobs":0,"pop":200,"pointCount":1,"homeWorkCommuteMedian":60071,"workHomeCommuteMedian":-1},"geometry":{"type":"Polygon","coordinates":[[[9.685237872696417,53.692449027279366],[9.685237872696417,53.70144223091661],[9.694231076333663,53.70144223091661],[9.694231076333663,53.692449027279366],[9.685237872696417,53.692449027279366]]]}},{"type":"Feature","properties":{"jobs":200,"pop":400,"pointCount":5,"homeWorkCommuteMedian":32809,"workHomeCommuteMedian":53931},"geometry":{"type":"Polygon","coordinates":[[[9.685237872696417,53.70144223091661],[9.685237872696417,53.71043543455386],[9.694231076333663,53.71043543455386],[9.694231076333663,53.70144223091661],[9.685237872696417,53.70144223091661]]]}},{"type":"Feature","properties":{"jobs":200,"pop":800,"pointCount":6,"homeWorkCommuteMedian":41526,"workHomeCommuteMedian":58520},"geometry":{"type":"Polygon","coordinates":[[[9.685237872696417,53.737415045465596],[9.685237872696417,53.74640824910284],[9.694231076333663,53.74640824910284],[9.694231076333663,53.737415045465596],[9.685237872696417,53.737415045465596]]]}},{"type":"Feature","properties":{"jobs":200,"pop":200,"pointCount":4,"homeWorkCommuteMedian":29975,"workHomeCommuteMedian":59549},"geometry":{"type":"Polygon","coordinates":[[[9.685237872696417,53.74640824910284],[9.685237872696417,53.75540145274009],[9.694231076333663,53.75540145274009],[9.694231076333663,53.74640824910284],[9.685237872696417,53.74640824910284]]]}},{"type":"Feature","properties":{"jobs":200,"pop":400,"pointCount":5,"homeWorkCommuteMedian":27720,"workHomeCommuteMedian":29885},"geometry":{"type":"Polygon","coordinates":[[[9.685237872696417,53.75540145274009],[9.685237872696417,53.764394656377334],[9.694231076333663,53.764394656377334],[9.694231076333663,53.75540145274009],[9.685237872696417,53.75540145274009]]]}},{"type":"Feature","properties":{"jobs":0,"pop":300,"pointCount":2,"homeWorkCommuteMedian":35350,"workHomeCommuteMedian":-1},"geometry":{"type":"Polygon","coordinates":[[[9.685237872696417,53.764394656377334],[9.685237872696417,53.77338786001458],[9.694231076333663,53.77338786001458],[9.694231076333663,53.764394656377334],[9.685237872696417,53.764394656377334]]]}},{"type":"Feature","properties":{"jobs":700,"pop":400,"pointCount":5,"homeWorkCommuteMedian":55232,"workHomeCommuteMedian":39052},"geometry":{"type":"Polygon","coordinates":[[[9.685237872696417,53.782381063651826],[9.685237872696417,53.79137426728907],[9.694231076333663,53.79137426728907],[9.694231076333663,53.782381063651826],[9.685237872696417,53.782381063651826]]]}},{"type":"Feature","properties":{"jobs":0,"pop":100,"pointCount":1,"homeWorkCommuteMedian":22562,"workHomeCommuteMedian":-1},"geometry":{"type":"Polygon","coordinates":[[[9.685237872696417,53.80036747092632],[9.685237872696417,53.809360674563564],[9.694231076333663,53.809360674563564],[9.694231076333663,53.80036747092632],[9.685237872696417,53.80036747092632]]]}},{"type":"Feature","properties":{"jobs":0,"pop":100,"pointCount":1,"homeWorkCommuteMedian":40020,"workHomeCommuteMedian":-1},"geometry":{"type":"Polygon","coordinates":[[[9.685237872696417,53.84533348911255],[9.685237872696417,53.854326692749794],[9.694231076333663,53.854326692749794],[9.694231076333663,53.84533348911255],[9.685237872696417,53.84533348911255]]]}},{"type":"Feature","properties":{"jobs":0,"pop":100,"pointCount":1,"homeWorkCommuteMedian":56739,"workHomeCommuteMedian":-1},"geometry":{"type":"Polygon","coordinates":[[[9.694231076333663,53.35070728906402],[9.694231076333663,53.359700492701265],[9.70322427997091,53.359700492701265],[9.70322427997091,53.35070728906402],[9.694231076333663,53.35070728906402]]]}},{"type":"Feature","properties":{"jobs":0,"pop":550,"pointCount":3,"homeWorkCommuteMedian":24711,"workHomeCommuteMedian":-1},"geometry":{"type":"Polygon","coordinates":[[[9.694231076333663,53.359700492701265],[9.694231076333663,53.36869369633851],[9.70322427997091,53.36869369633851],[9.70322427997091,53.359700492701265],[9.694231076333663,53.359700492701265]]]}},{"type":"Feature","properties":{"jobs":0,"pop":100,"pointCount":1,"homeWorkCommuteMedian":46319,"workHomeCommuteMedian":-1},"geometry":{"type":"Polygon","coordinates":[[[9.694231076333663,53.36869369633851],[9.694231076333663,53.37768689997576],[9.70322427997091,53.37768689997576],[9.70322427997091,53.36869369633851],[9.694231076333663,53.36869369633851]]]}},{"type":"Feature","properties":{"jobs":0,"pop":100,"pointCount":1,"homeWorkCommuteMedian":76543,"workHomeCommuteMedian":-1},"geometry":{"type":"Polygon","coordinates":[[[9.694231076333663,53.386680103613],[9.694231076333663,53.39567330725025],[9.70322427997091,53.39567330725025],[9.70322427997091,53.386680103613],[9.694231076333663,53.386680103613]]]}},{"type":"Feature","properties":{"jobs":200,"pop":200,"pointCount":4,"homeWorkCommuteMedian":54050,"workHomeCommuteMedian":71012},"geometry":{"type":"Polygon","coordinates":[[[9.694231076333663,53.39567330725025],[9.694231076333663,53.404666510887495],[9.70322427997091,53.404666510887495],[9.70322427997091,53.39567330725025],[9.694231076333663,53.39567330725025]]]}},{"type":"Feature","properties":{"jobs":700,"pop":600,"pointCount":6,"homeWorkCommuteMedian":49435,"workHomeCommuteMedian":42346},"geometry":{"type":"Polygon","coordinates":[[[9.694231076333663,53.404666510887495],[9.694231076333663,53.41365971452474],[9.70322427997091,53.41365971452474],[9.70322427997091,53.404666510887495],[9.694231076333663,53.404666510887495]]]}},{"type":"Feature","properties":{"jobs":200,"pop":500,"pointCount":4,"homeWorkCommuteMedian":32984,"workHomeCommuteMedian":98114},"geometry":{"type":"Polygon","coordinates":[[[9.694231076333663,53.41365971452474],[9.694231076333663,53.42265291816199],[9.70322427997091,53.42265291816199],[9.70322427997091,53.41365971452474],[9.694231076333663,53.41365971452474]]]}},{"type":"Feature","properties":{"jobs":200,"pop":0,"pointCount":2,"homeWorkCommuteMedian":-1,"workHomeCommuteMedian":43431},"geometry":{"type":"Polygon","coordinates":[[[9.694231076333663,53.43164612179923],[9.694231076333663,53.44063932543648],[9.70322427997091,53.44063932543648],[9.70322427997091,53.43164612179923],[9.694231076333663,53.43164612179923]]]}},{"type":"Feature","properties":{"jobs":200,"pop":400,"pointCount":4,"homeWorkCommuteMedian":47517,"workHomeCommuteMedian":58948},"geometry":{"type":"Polygon","coordinates":[[[9.694231076333663,53.45862573271097],[9.694231076333663,53.46761893634822],[9.70322427997091,53.46761893634822],[9.70322427997091,53.45862573271097],[9.694231076333663,53.45862573271097]]]}},{"type":"Feature","properties":{"jobs":1900,"pop":500,"pointCount":10,"homeWorkCommuteMedian":31253,"workHomeCommuteMedian":39364},"geometry":{"type":"Polygon","coordinates":[[[9.694231076333663,53.46761893634822],[9.694231076333663,53.47661213998546],[9.70322427997091,53.47661213998546],[9.70322427997091,53.46761893634822],[9.694231076333663,53.46761893634822]]]}},{"type":"Feature","properties":{"jobs":1400,"pop":800,"pointCount":9,"homeWorkCommuteMedian":49972,"workHomeCommuteMedian":43158},"geometry":{"type":"Polygon","coordinates":[[[9.694231076333663,53.47661213998546],[9.694231076333663,53.48560534362271],[9.70322427997091,53.48560534362271],[9.70322427997091,53.47661213998546],[9.694231076333663,53.47661213998546]]]}},{"type":"Feature","properties":{"jobs":0,"pop":100,"pointCount":1,"homeWorkCommuteMedian":30877,"workHomeCommuteMedian":-1},"geometry":{"type":"Polygon","coordinates":[[[9.694231076333663,53.494598547259955],[9.694231076333663,53.5035917508972],[9.70322427997091,53.5035917508972],[9.70322427997091,53.494598547259955],[9.694231076333663,53.494598547259955]]]}},{"type":"Feature","properties":{"jobs":0,"pop":100,"pointCount":1,"homeWorkCommuteMedian":46274,"workHomeCommuteMedian":-1},"geometry":{"type":"Polygon","coordinates":[[[9.694231076333663,53.5035917508972],[9.694231076333663,53.51258495453445],[9.70322427997091,53.51258495453445],[9.70322427997091,53.5035917508972],[9.694231076333663,53.5035917508972]]]}},{"type":"Feature","properties":{"jobs":500,"pop":1100,"pointCount":10,"homeWorkCommuteMedian":32916,"workHomeCommuteMedian":32665},"geometry":{"type":"Polygon","coordinates":[[[9.694231076333663,53.52157815817169],[9.694231076333663,53.53057136180894],[9.70322427997091,53.53057136180894],[9.70322427997091,53.52157815817169],[9.694231076333663,53.52157815817169]]]}},{"type":"Feature","properties":{"jobs":0,"pop":100,"pointCount":1,"homeWorkCommuteMedian":35122,"workHomeCommuteMedian":-1},"geometry":{"type":"Polygon","coordinates":[[[9.694231076333663,53.53057136180894],[9.694231076333663,53.539564565446184],[9.70322427997091,53.539564565446184],[9.70322427997091,53.53057136180894],[9.694231076333663,53.53057136180894]]]}},{"type":"Feature","properties":{"jobs":100,"pop":200,"pointCount":2,"homeWorkCommuteMedian":43062,"workHomeCommuteMedian":24760},"geometry":{"type":"Polygon","coordinates":[[[9.694231076333663,53.56654417635792],[9.694231076333663,53.57553737999517],[9.70322427997091,53.57553737999517],[9.70322427997091,53.56654417635792],[9.694231076333663,53.56654417635792]]]}},{"type":"Feature","properties":{"jobs":700,"pop":900,"pointCount":9,"homeWorkCommuteMedian":27617,"workHomeCommuteMedian":24722},"geometry":{"type":"Polygon","coordinates":[[[9.694231076333663,53.57553737999517],[9.694231076333663,53.584530583632414],[9.70322427997091,53.584530583632414],[9.70322427997091,53.57553737999517],[9.694231076333663,53.57553737999517]]]}},{"type":"Feature","properties":{"jobs":400,"pop":1300,"pointCount":12,"homeWorkCommuteMedian":24054,"workHomeCommuteMedian":25899},"geometry":{"type":"Polygon","coordinates":[[[9.694231076333663,53.584530583632414],[9.694231076333663,53.59352378726966],[9.70322427997091,53.59352378726966],[9.70322427997091,53.584530583632414],[9.694231076333663,53.584530583632414]]]}},{"type":"Feature","properties":{"jobs":0,"pop":100,"pointCount":1,"homeWorkCommuteMedian":30186,"workHomeCommuteMedian":-1},"geometry":{"type":"Polygon","coordinates":[[[9.694231076333663,53.59352378726966],[9.694231076333663,53.602516990906906],[9.70322427997091,53.602516990906906],[9.70322427997091,53.59352378726966],[9.694231076333663,53.59352378726966]]]}},{"type":"Feature","properties":{"jobs":0,"pop":200,"pointCount":2,"homeWorkCommuteMedian":67338,"workHomeCommuteMedian":-1},"geometry":{"type":"Polygon","coordinates":[[[9.694231076333663,53.65647621273038],[9.694231076333663,53.66546941636763],[9.70322427997091,53.66546941636763],[9.70322427997091,53.65647621273038],[9.694231076333663,53.65647621273038]]]}},{"type":"Feature","properties":{"jobs":0,"pop":500,"pointCount":4,"homeWorkCommuteMedian":22081,"workHomeCommuteMedian":-1},"geometry":{"type":"Polygon","coordinates":[[[9.694231076333663,53.674462620004874],[9.694231076333663,53.68345582364212],[9.70322427997091,53.68345582364212],[9.70322427997091,53.674462620004874],[9.694231076333663,53.674462620004874]]]}},{"type":"Feature","properties":{"jobs":100,"pop":300,"pointCount":4,"homeWorkCommuteMedian":25616,"workHomeCommuteMedian":22821},"geometry":{"type":"Polygon","coordinates":[[[9.694231076333663,53.68345582364212],[9.694231076333663,53.692449027279366],[9.70322427997091,53.692449027279366],[9.70322427997091,53.68345582364212],[9.694231076333663,53.68345582364212]]]}},{"type":"Feature","properties":{"jobs":0,"pop":600,"pointCount":4,"homeWorkCommuteMedian":25384,"workHomeCommuteMedian":-1},"geometry":{"type":"Polygon","coordinates":[[[9.694231076333663,53.692449027279366],[9.694231076333663,53.70144223091661],[9.70322427997091,53.70144223091661],[9.70322427997091,53.692449027279366],[9.694231076333663,53.692449027279366]]]}},{"type":"Feature","properties":{"jobs":600,"pop":400,"pointCount":8,"homeWorkCommuteMedian":39691,"workHomeCommuteMedian":30469},"geometry":{"type":"Polygon","coordinates":[[[9.694231076333663,53.737415045465596],[9.694231076333663,53.74640824910284],[9.70322427997091,53.74640824910284],[9.70322427997091,53.737415045465596],[9.694231076333663,53.737415045465596]]]}},{"type":"Feature","properties":{"jobs":300,"pop":0,"pointCount":1,"homeWorkCommuteMedian":-1,"workHomeCommuteMedian":48244},"geometry":{"type":"Polygon","coordinates":[[[9.694231076333663,53.74640824910284],[9.694231076333663,53.75540145274009],[9.70322427997091,53.75540145274009],[9.70322427997091,53.74640824910284],[9.694231076333663,53.74640824910284]]]}},{"type":"Feature","properties":{"jobs":0,"pop":650,"pointCount":4,"homeWorkCommuteMedian":32960,"workHomeCommuteMedian":-1},"geometry":{"type":"Polygon","coordinates":[[[9.694231076333663,53.75540145274009],[9.694231076333663,53.764394656377334],[9.70322427997091,53.764394656377334],[9.70322427997091,53.75540145274009],[9.694231076333663,53.75540145274009]]]}},{"type":"Feature","properties":{"jobs":200,"pop":0,"pointCount":1,"homeWorkCommuteMedian":-1,"workHomeCommuteMedian":34395},"geometry":{"type":"Polygon","coordinates":[[[9.694231076333663,53.764394656377334],[9.694231076333663,53.77338786001458],[9.70322427997091,53.77338786001458],[9.70322427997091,53.764394656377334],[9.694231076333663,53.764394656377334]]]}},{"type":"Feature","properties":{"jobs":0,"pop":100,"pointCount":1,"homeWorkCommuteMedian":63852,"workHomeCommuteMedian":-1},"geometry":{"type":"Polygon","coordinates":[[[9.694231076333663,53.79137426728907],[9.694231076333663,53.80036747092632],[9.70322427997091,53.80036747092632],[9.70322427997091,53.79137426728907],[9.694231076333663,53.79137426728907]]]}},{"type":"Feature","properties":{"jobs":0,"pop":100,"pointCount":1,"homeWorkCommuteMedian":54962,"workHomeCommuteMedian":-1},"geometry":{"type":"Polygon","coordinates":[[[9.694231076333663,53.8363402854753],[9.694231076333663,53.84533348911255],[9.70322427997091,53.84533348911255],[9.70322427997091,53.8363402854753],[9.694231076333663,53.8363402854753]]]}},{"type":"Feature","properties":{"jobs":200,"pop":100,"pointCount":3,"homeWorkCommuteMedian":52223,"workHomeCommuteMedian":62800},"geometry":{"type":"Polygon","coordinates":[[[9.694231076333663,53.854326692749794],[9.694231076333663,53.86331989638704],[9.70322427997091,53.86331989638704],[9.70322427997091,53.854326692749794],[9.694231076333663,53.854326692749794]]]}},{"type":"Feature","properties":{"jobs":900,"pop":600,"pointCount":9,"homeWorkCommuteMedian":40481,"workHomeCommuteMedian":38338},"geometry":{"type":"Polygon","coordinates":[[[9.70322427997091,53.359700492701265],[9.70322427997091,53.36869369633851],[9.712217483608155,53.36869369633851],[9.712217483608155,53.359700492701265],[9.70322427997091,53.359700492701265]]]}},{"type":"Feature","properties":{"jobs":0,"pop":100,"pointCount":1,"homeWorkCommuteMedian":43121,"workHomeCommuteMedian":-1},"geometry":{"type":"Polygon","coordinates":[[[9.70322427997091,53.36869369633851],[9.70322427997091,53.37768689997576],[9.712217483608155,53.37768689997576],[9.712217483608155,53.36869369633851],[9.70322427997091,53.36869369633851]]]}},{"type":"Feature","properties":{"jobs":0,"pop":100,"pointCount":1,"homeWorkCommuteMedian":47323,"workHomeCommuteMedian":-1},"geometry":{"type":"Polygon","coordinates":[[[9.70322427997091,53.386680103613],[9.70322427997091,53.39567330725025],[9.712217483608155,53.39567330725025],[9.712217483608155,53.386680103613],[9.70322427997091,53.386680103613]]]}},{"type":"Feature","properties":{"jobs":0,"pop":100,"pointCount":1,"homeWorkCommuteMedian":49981,"workHomeCommuteMedian":-1},"geometry":{"type":"Polygon","coordinates":[[[9.70322427997091,53.404666510887495],[9.70322427997091,53.41365971452474],[9.712217483608155,53.41365971452474],[9.712217483608155,53.404666510887495],[9.70322427997091,53.404666510887495]]]}},{"type":"Feature","properties":{"jobs":0,"pop":300,"pointCount":2,"homeWorkCommuteMedian":56218,"workHomeCommuteMedian":-1},"geometry":{"type":"Polygon","coordinates":[[[9.70322427997091,53.449632529073725],[9.70322427997091,53.45862573271097],[9.712217483608155,53.45862573271097],[9.712217483608155,53.449632529073725],[9.70322427997091,53.449632529073725]]]}},{"type":"Feature","properties":{"jobs":400,"pop":300,"pointCount":5,"homeWorkCommuteMedian":35513,"workHomeCommuteMedian":43487},"geometry":{"type":"Polygon","coordinates":[[[9.70322427997091,53.45862573271097],[9.70322427997091,53.46761893634822],[9.712217483608155,53.46761893634822],[9.712217483608155,53.45862573271097],[9.70322427997091,53.45862573271097]]]}},{"type":"Feature","properties":{"jobs":0,"pop":1000,"pointCount":8,"homeWorkCommuteMedian":48525,"workHomeCommuteMedian":-1},"geometry":{"type":"Polygon","coordinates":[[[9.70322427997091,53.46761893634822],[9.70322427997091,53.47661213998546],[9.712217483608155,53.47661213998546],[9.712217483608155,53.46761893634822],[9.70322427997091,53.46761893634822]]]}},{"type":"Feature","properties":{"jobs":1700,"pop":400,"pointCount":4,"homeWorkCommuteMedian":40783,"workHomeCommuteMedian":32792},"geometry":{"type":"Polygon","coordinates":[[[9.70322427997091,53.47661213998546],[9.70322427997091,53.48560534362271],[9.712217483608155,53.48560534362271],[9.712217483608155,53.47661213998546],[9.70322427997091,53.47661213998546]]]}},{"type":"Feature","properties":{"jobs":0,"pop":200,"pointCount":1,"homeWorkCommuteMedian":31074,"workHomeCommuteMedian":-1},"geometry":{"type":"Polygon","coordinates":[[[9.70322427997091,53.51258495453445],[9.70322427997091,53.52157815817169],[9.712217483608155,53.52157815817169],[9.712217483608155,53.51258495453445],[9.70322427997091,53.51258495453445]]]}},{"type":"Feature","properties":{"jobs":400,"pop":100,"pointCount":2,"homeWorkCommuteMedian":28489,"workHomeCommuteMedian":34374},"geometry":{"type":"Polygon","coordinates":[[[9.70322427997091,53.52157815817169],[9.70322427997091,53.53057136180894],[9.712217483608155,53.53057136180894],[9.712217483608155,53.52157815817169],[9.70322427997091,53.52157815817169]]]}},{"type":"Feature","properties":{"jobs":100,"pop":300,"pointCount":3,"homeWorkCommuteMedian":40793,"workHomeCommuteMedian":42804},"geometry":{"type":"Polygon","coordinates":[[[9.70322427997091,53.53057136180894],[9.70322427997091,53.539564565446184],[9.712217483608155,53.539564565446184],[9.712217483608155,53.53057136180894],[9.70322427997091,53.53057136180894]]]}},{"type":"Feature","properties":{"jobs":900,"pop":900,"pointCount":8,"homeWorkCommuteMedian":31381,"workHomeCommuteMedian":25922},"geometry":{"type":"Polygon","coordinates":[[[9.70322427997091,53.56654417635792],[9.70322427997091,53.57553737999517],[9.712217483608155,53.57553737999517],[9.712217483608155,53.56654417635792],[9.70322427997091,53.56654417635792]]]}},{"type":"Feature","properties":{"jobs":4000,"pop":900,"pointCount":12,"homeWorkCommuteMedian":23016,"workHomeCommuteMedian":26241},"geometry":{"type":"Polygon","coordinates":[[[9.70322427997091,53.57553737999517],[9.70322427997091,53.584530583632414],[9.712217483608155,53.584530583632414],[9.712217483608155,53.57553737999517],[9.70322427997091,53.57553737999517]]]}},{"type":"Feature","properties":{"jobs":0,"pop":1200,"pointCount":5,"homeWorkCommuteMedian":23210,"workHomeCommuteMedian":-1},"geometry":{"type":"Polygon","coordinates":[[[9.70322427997091,53.584530583632414],[9.70322427997091,53.59352378726966],[9.712217483608155,53.59352378726966],[9.712217483608155,53.584530583632414],[9.70322427997091,53.584530583632414]]]}},{"type":"Feature","properties":{"jobs":0,"pop":100,"pointCount":1,"homeWorkCommuteMedian":25798,"workHomeCommuteMedian":-1},"geometry":{"type":"Polygon","coordinates":[[[9.70322427997091,53.68345582364212],[9.70322427997091,53.692449027279366],[9.712217483608155,53.692449027279366],[9.712217483608155,53.68345582364212],[9.70322427997091,53.68345582364212]]]}},{"type":"Feature","properties":{"jobs":200,"pop":400,"pointCount":4,"homeWorkCommuteMedian":32567,"workHomeCommuteMedian":26661},"geometry":{"type":"Polygon","coordinates":[[[9.70322427997091,53.692449027279366],[9.70322427997091,53.70144223091661],[9.712217483608155,53.70144223091661],[9.712217483608155,53.692449027279366],[9.70322427997091,53.692449027279366]]]}},{"type":"Feature","properties":{"jobs":100,"pop":400,"pointCount":4,"homeWorkCommuteMedian":32003,"workHomeCommuteMedian":19842},"geometry":{"type":"Polygon","coordinates":[[[9.70322427997091,53.70144223091661],[9.70322427997091,53.71043543455386],[9.712217483608155,53.71043543455386],[9.712217483608155,53.70144223091661],[9.70322427997091,53.70144223091661]]]}},{"type":"Feature","properties":{"jobs":300,"pop":100,"pointCount":2,"homeWorkCommuteMedian":29388,"workHomeCommuteMedian":25226},"geometry":{"type":"Polygon","coordinates":[[[9.70322427997091,53.737415045465596],[9.70322427997091,53.74640824910284],[9.712217483608155,53.74640824910284],[9.712217483608155,53.737415045465596],[9.70322427997091,53.737415045465596]]]}},{"type":"Feature","properties":{"jobs":0,"pop":100,"pointCount":1,"homeWorkCommuteMedian":60657,"workHomeCommuteMedian":-1},"geometry":{"type":"Polygon","coordinates":[[[9.70322427997091,53.74640824910284],[9.70322427997091,53.75540145274009],[9.712217483608155,53.75540145274009],[9.712217483608155,53.74640824910284],[9.70322427997091,53.74640824910284]]]}},{"type":"Feature","properties":{"jobs":300,"pop":200,"pointCount":3,"homeWorkCommuteMedian":54932,"workHomeCommuteMedian":42798},"geometry":{"type":"Polygon","coordinates":[[[9.70322427997091,53.854326692749794],[9.70322427997091,53.86331989638704],[9.712217483608155,53.86331989638704],[9.712217483608155,53.854326692749794],[9.70322427997091,53.854326692749794]]]}},{"type":"Feature","properties":{"jobs":0,"pop":100,"pointCount":1,"homeWorkCommuteMedian":83336,"workHomeCommuteMedian":-1},"geometry":{"type":"Polygon","coordinates":[[[9.70322427997091,53.89029950729878],[9.70322427997091,53.899292710936024],[9.712217483608155,53.899292710936024],[9.712217483608155,53.89029950729878],[9.70322427997091,53.89029950729878]]]}},{"type":"Feature","properties":{"jobs":1100,"pop":800,"pointCount":8,"homeWorkCommuteMedian":36718,"workHomeCommuteMedian":49836},"geometry":{"type":"Polygon","coordinates":[[[9.712217483608155,53.359700492701265],[9.712217483608155,53.36869369633851],[9.721210687245401,53.36869369633851],[9.721210687245401,53.359700492701265],[9.712217483608155,53.359700492701265]]]}},{"type":"Feature","properties":{"jobs":0,"pop":200,"pointCount":2,"homeWorkCommuteMedian":57239,"workHomeCommuteMedian":-1},"geometry":{"type":"Polygon","coordinates":[[[9.712217483608155,53.36869369633851],[9.712217483608155,53.37768689997576],[9.721210687245401,53.37768689997576],[9.721210687245401,53.36869369633851],[9.712217483608155,53.36869369633851]]]}},{"type":"Feature","properties":{"jobs":0,"pop":100,"pointCount":1,"homeWorkCommuteMedian":16603,"workHomeCommuteMedian":-1},"geometry":{"type":"Polygon","coordinates":[[[9.712217483608155,53.39567330725025],[9.712217483608155,53.404666510887495],[9.721210687245401,53.404666510887495],[9.721210687245401,53.39567330725025],[9.712217483608155,53.39567330725025]]]}},{"type":"Feature","properties":{"jobs":800,"pop":700,"pointCount":9,"homeWorkCommuteMedian":27827,"workHomeCommuteMedian":32776},"geometry":{"type":"Polygon","coordinates":[[[9.712217483608155,53.45862573271097],[9.712217483608155,53.46761893634822],[9.721210687245401,53.46761893634822],[9.721210687245401,53.45862573271097],[9.712217483608155,53.45862573271097]]]}},{"type":"Feature","properties":{"jobs":400,"pop":750,"pointCount":6,"homeWorkCommuteMedian":33350,"workHomeCommuteMedian":58393},"geometry":{"type":"Polygon","coordinates":[[[9.712217483608155,53.46761893634822],[9.712217483608155,53.47661213998546],[9.721210687245401,53.47661213998546],[9.721210687245401,53.46761893634822],[9.712217483608155,53.46761893634822]]]}},{"type":"Feature","properties":{"jobs":0,"pop":300,"pointCount":3,"homeWorkCommuteMedian":36616,"workHomeCommuteMedian":-1},"geometry":{"type":"Polygon","coordinates":[[[9.712217483608155,53.47661213998546],[9.712217483608155,53.48560534362271],[9.721210687245401,53.48560534362271],[9.721210687245401,53.47661213998546],[9.712217483608155,53.47661213998546]]]}},{"type":"Feature","properties":{"jobs":0,"pop":100,"pointCount":1,"homeWorkCommuteMedian":15757,"workHomeCommuteMedian":-1},"geometry":{"type":"Polygon","coordinates":[[[9.712217483608155,53.494598547259955],[9.712217483608155,53.5035917508972],[9.721210687245401,53.5035917508972],[9.721210687245401,53.494598547259955],[9.712217483608155,53.494598547259955]]]}},{"type":"Feature","properties":{"jobs":700,"pop":200,"pointCount":5,"homeWorkCommuteMedian":29090,"workHomeCommuteMedian":31036},"geometry":{"type":"Polygon","coordinates":[[[9.712217483608155,53.53057136180894],[9.712217483608155,53.539564565446184],[9.721210687245401,53.539564565446184],[9.721210687245401,53.53057136180894],[9.712217483608155,53.53057136180894]]]}},{"type":"Feature","properties":{"jobs":0,"pop":100,"pointCount":1,"homeWorkCommuteMedian":54691,"workHomeCommuteMedian":-1},"geometry":{"type":"Polygon","coordinates":[[[9.712217483608155,53.539564565446184],[9.712217483608155,53.54855776908343],[9.721210687245401,53.54855776908343],[9.721210687245401,53.539564565446184],[9.712217483608155,53.539564565446184]]]}},{"type":"Feature","properties":{"jobs":100,"pop":0,"pointCount":1,"homeWorkCommuteMedian":-1,"workHomeCommuteMedian":32233},"geometry":{"type":"Polygon","coordinates":[[[9.712217483608155,53.54855776908343],[9.712217483608155,53.557550972720676],[9.721210687245401,53.557550972720676],[9.721210687245401,53.54855776908343],[9.712217483608155,53.54855776908343]]]}},{"type":"Feature","properties":{"jobs":300,"pop":900,"pointCount":8,"homeWorkCommuteMedian":23682,"workHomeCommuteMedian":30958},"geometry":{"type":"Polygon","coordinates":[[[9.712217483608155,53.56654417635792],[9.712217483608155,53.57553737999517],[9.721210687245401,53.57553737999517],[9.721210687245401,53.56654417635792],[9.712217483608155,53.56654417635792]]]}},{"type":"Feature","properties":{"jobs":1000,"pop":1350,"pointCount":11,"homeWorkCommuteMedian":25829,"workHomeCommuteMedian":17545},"geometry":{"type":"Polygon","coordinates":[[[9.712217483608155,53.57553737999517],[9.712217483608155,53.584530583632414],[9.721210687245401,53.584530583632414],[9.721210687245401,53.57553737999517],[9.712217483608155,53.57553737999517]]]}},{"type":"Feature","properties":{"jobs":0,"pop":600,"pointCount":3,"homeWorkCommuteMedian":14382,"workHomeCommuteMedian":-1},"geometry":{"type":"Polygon","coordinates":[[[9.712217483608155,53.584530583632414],[9.712217483608155,53.59352378726966],[9.721210687245401,53.59352378726966],[9.721210687245401,53.584530583632414],[9.712217483608155,53.584530583632414]]]}},{"type":"Feature","properties":{"jobs":0,"pop":300,"pointCount":1,"homeWorkCommuteMedian":13837,"workHomeCommuteMedian":-1},"geometry":{"type":"Polygon","coordinates":[[[9.712217483608155,53.59352378726966],[9.712217483608155,53.602516990906906],[9.721210687245401,53.602516990906906],[9.721210687245401,53.59352378726966],[9.712217483608155,53.59352378726966]]]}},{"type":"Feature","properties":{"jobs":0,"pop":100,"pointCount":1,"homeWorkCommuteMedian":25651,"workHomeCommuteMedian":-1},"geometry":{"type":"Polygon","coordinates":[[[9.712217483608155,53.647483009093136],[9.712217483608155,53.65647621273038],[9.721210687245401,53.65647621273038],[9.721210687245401,53.647483009093136],[9.712217483608155,53.647483009093136]]]}},{"type":"Feature","properties":{"jobs":0,"pop":300,"pointCount":2,"homeWorkCommuteMedian":26607,"workHomeCommuteMedian":-1},"geometry":{"type":"Polygon","coordinates":[[[9.712217483608155,53.68345582364212],[9.712217483608155,53.692449027279366],[9.721210687245401,53.692449027279366],[9.721210687245401,53.68345582364212],[9.712217483608155,53.68345582364212]]]}},{"type":"Feature","properties":{"jobs":2400,"pop":1000,"pointCount":12,"homeWorkCommuteMedian":29425,"workHomeCommuteMedian":30150},"geometry":{"type":"Polygon","coordinates":[[[9.712217483608155,53.692449027279366],[9.712217483608155,53.70144223091661],[9.721210687245401,53.70144223091661],[9.721210687245401,53.692449027279366],[9.712217483608155,53.692449027279366]]]}},{"type":"Feature","properties":{"jobs":200,"pop":400,"pointCount":5,"homeWorkCommuteMedian":29451,"workHomeCommuteMedian":29110},"geometry":{"type":"Polygon","coordinates":[[[9.712217483608155,53.70144223091661],[9.712217483608155,53.71043543455386],[9.721210687245401,53.71043543455386],[9.721210687245401,53.70144223091661],[9.712217483608155,53.70144223091661]]]}},{"type":"Feature","properties":{"jobs":0,"pop":100,"pointCount":1,"homeWorkCommuteMedian":19154,"workHomeCommuteMedian":-1},"geometry":{"type":"Polygon","coordinates":[[[9.712217483608155,53.71043543455386],[9.712217483608155,53.719428638191104],[9.721210687245401,53.719428638191104],[9.721210687245401,53.71043543455386],[9.712217483608155,53.71043543455386]]]}},{"type":"Feature","properties":{"jobs":300,"pop":100,"pointCount":2,"homeWorkCommuteMedian":53530,"workHomeCommuteMedian":24169},"geometry":{"type":"Polygon","coordinates":[[[9.712217483608155,53.74640824910284],[9.712217483608155,53.75540145274009],[9.721210687245401,53.75540145274009],[9.721210687245401,53.74640824910284],[9.712217483608155,53.74640824910284]]]}},{"type":"Feature","properties":{"jobs":200,"pop":0,"pointCount":1,"homeWorkCommuteMedian":-1,"workHomeCommuteMedian":68009},"geometry":{"type":"Polygon","coordinates":[[[9.712217483608155,53.75540145274009],[9.712217483608155,53.764394656377334],[9.721210687245401,53.764394656377334],[9.721210687245401,53.75540145274009],[9.712217483608155,53.75540145274009]]]}},{"type":"Feature","properties":{"jobs":0,"pop":100,"pointCount":1,"homeWorkCommuteMedian":51006,"workHomeCommuteMedian":-1},"geometry":{"type":"Polygon","coordinates":[[[9.712217483608155,53.81835387820081],[9.712217483608155,53.827347081838056],[9.721210687245401,53.827347081838056],[9.721210687245401,53.81835387820081],[9.712217483608155,53.81835387820081]]]}},{"type":"Feature","properties":{"jobs":0,"pop":100,"pointCount":1,"homeWorkCommuteMedian":78352,"workHomeCommuteMedian":-1},"geometry":{"type":"Polygon","coordinates":[[[9.712217483608155,53.854326692749794],[9.712217483608155,53.86331989638704],[9.721210687245401,53.86331989638704],[9.721210687245401,53.854326692749794],[9.712217483608155,53.854326692749794]]]}},{"type":"Feature","properties":{"jobs":200,"pop":200,"pointCount":2,"homeWorkCommuteMedian":46013,"workHomeCommuteMedian":32809},"geometry":{"type":"Polygon","coordinates":[[[9.712217483608155,53.89029950729878],[9.712217483608155,53.899292710936024],[9.721210687245401,53.899292710936024],[9.721210687245401,53.89029950729878],[9.712217483608155,53.89029950729878]]]}},{"type":"Feature","properties":{"jobs":200,"pop":750,"pointCount":8,"homeWorkCommuteMedian":45867,"workHomeCommuteMedian":44260},"geometry":{"type":"Polygon","coordinates":[[[9.721210687245401,53.359700492701265],[9.721210687245401,53.36869369633851],[9.730203890882647,53.36869369633851],[9.730203890882647,53.359700492701265],[9.721210687245401,53.359700492701265]]]}},{"type":"Feature","properties":{"jobs":100,"pop":300,"pointCount":3,"homeWorkCommuteMedian":42681,"workHomeCommuteMedian":44299},"geometry":{"type":"Polygon","coordinates":[[[9.721210687245401,53.36869369633851],[9.721210687245401,53.37768689997576],[9.730203890882647,53.37768689997576],[9.730203890882647,53.36869369633851],[9.721210687245401,53.36869369633851]]]}},{"type":"Feature","properties":{"jobs":300,"pop":100,"pointCount":2,"homeWorkCommuteMedian":24473,"workHomeCommuteMedian":39842},"geometry":{"type":"Polygon","coordinates":[[[9.721210687245401,53.37768689997576],[9.721210687245401,53.386680103613],[9.730203890882647,53.386680103613],[9.730203890882647,53.37768689997576],[9.721210687245401,53.37768689997576]]]}},{"type":"Feature","properties":{"jobs":500,"pop":300,"pointCount":6,"homeWorkCommuteMedian":28443,"workHomeCommuteMedian":29809},"geometry":{"type":"Polygon","coordinates":[[[9.721210687245401,53.44063932543648],[9.721210687245401,53.449632529073725],[9.730203890882647,53.449632529073725],[9.730203890882647,53.44063932543648],[9.721210687245401,53.44063932543648]]]}},{"type":"Feature","properties":{"jobs":500,"pop":300,"pointCount":5,"homeWorkCommuteMedian":18802,"workHomeCommuteMedian":36121},"geometry":{"type":"Polygon","coordinates":[[[9.721210687245401,53.45862573271097],[9.721210687245401,53.46761893634822],[9.730203890882647,53.46761893634822],[9.730203890882647,53.45862573271097],[9.721210687245401,53.45862573271097]]]}},{"type":"Feature","properties":{"jobs":0,"pop":100,"pointCount":1,"homeWorkCommuteMedian":53404,"workHomeCommuteMedian":-1},"geometry":{"type":"Polygon","coordinates":[[[9.721210687245401,53.46761893634822],[9.721210687245401,53.47661213998546],[9.730203890882647,53.47661213998546],[9.730203890882647,53.46761893634822],[9.721210687245401,53.46761893634822]]]}},{"type":"Feature","properties":{"jobs":0,"pop":100,"pointCount":1,"homeWorkCommuteMedian":35445,"workHomeCommuteMedian":-1},"geometry":{"type":"Polygon","coordinates":[[[9.721210687245401,53.47661213998546],[9.721210687245401,53.48560534362271],[9.730203890882647,53.48560534362271],[9.730203890882647,53.47661213998546],[9.721210687245401,53.47661213998546]]]}},{"type":"Feature","properties":{"jobs":0,"pop":200,"pointCount":2,"homeWorkCommuteMedian":32927,"workHomeCommuteMedian":-1},"geometry":{"type":"Polygon","coordinates":[[[9.721210687245401,53.494598547259955],[9.721210687245401,53.5035917508972],[9.730203890882647,53.5035917508972],[9.730203890882647,53.494598547259955],[9.721210687245401,53.494598547259955]]]}},{"type":"Feature","properties":{"jobs":2300,"pop":600,"pointCount":7,"homeWorkCommuteMedian":34257,"workHomeCommuteMedian":33092},"geometry":{"type":"Polygon","coordinates":[[[9.721210687245401,53.5035917508972],[9.721210687245401,53.51258495453445],[9.730203890882647,53.51258495453445],[9.730203890882647,53.5035917508972],[9.721210687245401,53.5035917508972]]]}},{"type":"Feature","properties":{"jobs":0,"pop":900,"pointCount":6,"homeWorkCommuteMedian":37939,"workHomeCommuteMedian":-1},"geometry":{"type":"Polygon","coordinates":[[[9.721210687245401,53.51258495453445],[9.721210687245401,53.52157815817169],[9.730203890882647,53.52157815817169],[9.730203890882647,53.51258495453445],[9.721210687245401,53.51258495453445]]]}},{"type":"Feature","properties":{"jobs":0,"pop":100,"pointCount":1,"homeWorkCommuteMedian":32367,"workHomeCommuteMedian":-1},"geometry":{"type":"Polygon","coordinates":[[[9.721210687245401,53.52157815817169],[9.721210687245401,53.53057136180894],[9.730203890882647,53.53057136180894],[9.730203890882647,53.52157815817169],[9.721210687245401,53.52157815817169]]]}},{"type":"Feature","properties":{"jobs":100,"pop":0,"pointCount":1,"homeWorkCommuteMedian":-1,"workHomeCommuteMedian":26109},"geometry":{"type":"Polygon","coordinates":[[[9.721210687245401,53.53057136180894],[9.721210687245401,53.539564565446184],[9.730203890882647,53.539564565446184],[9.730203890882647,53.53057136180894],[9.721210687245401,53.53057136180894]]]}},{"type":"Feature","properties":{"jobs":300,"pop":100,"pointCount":2,"homeWorkCommuteMedian":28411,"workHomeCommuteMedian":43621},"geometry":{"type":"Polygon","coordinates":[[[9.721210687245401,53.539564565446184],[9.721210687245401,53.54855776908343],[9.730203890882647,53.54855776908343],[9.730203890882647,53.539564565446184],[9.721210687245401,53.539564565446184]]]}},{"type":"Feature","properties":{"jobs":0,"pop":100,"pointCount":1,"homeWorkCommuteMedian":25783,"workHomeCommuteMedian":-1},"geometry":{"type":"Polygon","coordinates":[[[9.721210687245401,53.54855776908343],[9.721210687245401,53.557550972720676],[9.730203890882647,53.557550972720676],[9.730203890882647,53.54855776908343],[9.721210687245401,53.54855776908343]]]}},{"type":"Feature","properties":{"jobs":0,"pop":300,"pointCount":3,"homeWorkCommuteMedian":16880,"workHomeCommuteMedian":-1},"geometry":{"type":"Polygon","coordinates":[[[9.721210687245401,53.56654417635792],[9.721210687245401,53.57553737999517],[9.730203890882647,53.57553737999517],[9.730203890882647,53.56654417635792],[9.721210687245401,53.56654417635792]]]}},{"type":"Feature","properties":{"jobs":400,"pop":500,"pointCount":9,"homeWorkCommuteMedian":19752,"workHomeCommuteMedian":34299},"geometry":{"type":"Polygon","coordinates":[[[9.721210687245401,53.57553737999517],[9.721210687245401,53.584530583632414],[9.730203890882647,53.584530583632414],[9.730203890882647,53.57553737999517],[9.721210687245401,53.57553737999517]]]}},{"type":"Feature","properties":{"jobs":300,"pop":750,"pointCount":6,"homeWorkCommuteMedian":31052,"workHomeCommuteMedian":31747},"geometry":{"type":"Polygon","coordinates":[[[9.721210687245401,53.584530583632414],[9.721210687245401,53.59352378726966],[9.730203890882647,53.59352378726966],[9.730203890882647,53.584530583632414],[9.721210687245401,53.584530583632414]]]}},{"type":"Feature","properties":{"jobs":0,"pop":1000,"pointCount":6,"homeWorkCommuteMedian":18236,"workHomeCommuteMedian":-1},"geometry":{"type":"Polygon","coordinates":[[[9.721210687245401,53.59352378726966],[9.721210687245401,53.602516990906906],[9.730203890882647,53.602516990906906],[9.730203890882647,53.59352378726966],[9.721210687245401,53.59352378726966]]]}},{"type":"Feature","properties":{"jobs":200,"pop":0,"pointCount":1,"homeWorkCommuteMedian":-1,"workHomeCommuteMedian":41504},"geometry":{"type":"Polygon","coordinates":[[[9.721210687245401,53.65647621273038],[9.721210687245401,53.66546941636763],[9.730203890882647,53.66546941636763],[9.730203890882647,53.65647621273038],[9.721210687245401,53.65647621273038]]]}},{"type":"Feature","properties":{"jobs":0,"pop":100,"pointCount":1,"homeWorkCommuteMedian":14813,"workHomeCommuteMedian":-1},"geometry":{"type":"Polygon","coordinates":[[[9.721210687245401,53.674462620004874],[9.721210687245401,53.68345582364212],[9.730203890882647,53.68345582364212],[9.730203890882647,53.674462620004874],[9.721210687245401,53.674462620004874]]]}},{"type":"Feature","properties":{"jobs":0,"pop":500,"pointCount":4,"homeWorkCommuteMedian":25337,"workHomeCommuteMedian":-1},"geometry":{"type":"Polygon","coordinates":[[[9.721210687245401,53.68345582364212],[9.721210687245401,53.692449027279366],[9.730203890882647,53.692449027279366],[9.730203890882647,53.68345582364212],[9.721210687245401,53.68345582364212]]]}},{"type":"Feature","properties":{"jobs":400,"pop":1100,"pointCount":9,"homeWorkCommuteMedian":22509,"workHomeCommuteMedian":36193},"geometry":{"type":"Polygon","coordinates":[[[9.721210687245401,53.692449027279366],[9.721210687245401,53.70144223091661],[9.730203890882647,53.70144223091661],[9.730203890882647,53.692449027279366],[9.721210687245401,53.692449027279366]]]}},{"type":"Feature","properties":{"jobs":200,"pop":200,"pointCount":4,"homeWorkCommuteMedian":55492,"workHomeCommuteMedian":41826},"geometry":{"type":"Polygon","coordinates":[[[9.721210687245401,53.70144223091661],[9.721210687245401,53.71043543455386],[9.730203890882647,53.71043543455386],[9.730203890882647,53.70144223091661],[9.721210687245401,53.70144223091661]]]}},{"type":"Feature","properties":{"jobs":200,"pop":0,"pointCount":1,"homeWorkCommuteMedian":-1,"workHomeCommuteMedian":58936},"geometry":{"type":"Polygon","coordinates":[[[9.721210687245401,53.71043543455386],[9.721210687245401,53.719428638191104],[9.730203890882647,53.719428638191104],[9.730203890882647,53.71043543455386],[9.721210687245401,53.71043543455386]]]}},{"type":"Feature","properties":{"jobs":200,"pop":100,"pointCount":2,"homeWorkCommuteMedian":19860,"workHomeCommuteMedian":46515},"geometry":{"type":"Polygon","coordinates":[[[9.721210687245401,53.72842184182835],[9.721210687245401,53.737415045465596],[9.730203890882647,53.737415045465596],[9.730203890882647,53.72842184182835],[9.721210687245401,53.72842184182835]]]}},{"type":"Feature","properties":{"jobs":200,"pop":0,"pointCount":1,"homeWorkCommuteMedian":-1,"workHomeCommuteMedian":23396},"geometry":{"type":"Polygon","coordinates":[[[9.721210687245401,53.737415045465596],[9.721210687245401,53.74640824910284],[9.730203890882647,53.74640824910284],[9.730203890882647,53.737415045465596],[9.721210687245401,53.737415045465596]]]}},{"type":"Feature","properties":{"jobs":0,"pop":100,"pointCount":1,"homeWorkCommuteMedian":47550,"workHomeCommuteMedian":-1},"geometry":{"type":"Polygon","coordinates":[[[9.721210687245401,53.74640824910284],[9.721210687245401,53.75540145274009],[9.730203890882647,53.75540145274009],[9.730203890882647,53.74640824910284],[9.721210687245401,53.74640824910284]]]}},{"type":"Feature","properties":{"jobs":0,"pop":300,"pointCount":3,"homeWorkCommuteMedian":45138,"workHomeCommuteMedian":-1},"geometry":{"type":"Polygon","coordinates":[[[9.721210687245401,53.782381063651826],[9.721210687245401,53.79137426728907],[9.730203890882647,53.79137426728907],[9.730203890882647,53.782381063651826],[9.721210687245401,53.782381063651826]]]}},{"type":"Feature","properties":{"jobs":0,"pop":100,"pointCount":1,"homeWorkCommuteMedian":49270,"workHomeCommuteMedian":-1},"geometry":{"type":"Polygon","coordinates":[[[9.721210687245401,53.8363402854753],[9.721210687245401,53.84533348911255],[9.730203890882647,53.84533348911255],[9.730203890882647,53.8363402854753],[9.721210687245401,53.8363402854753]]]}},{"type":"Feature","properties":{"jobs":0,"pop":100,"pointCount":1,"homeWorkCommuteMedian":50676,"workHomeCommuteMedian":-1},"geometry":{"type":"Polygon","coordinates":[[[9.721210687245401,53.84533348911255],[9.721210687245401,53.854326692749794],[9.730203890882647,53.854326692749794],[9.730203890882647,53.84533348911255],[9.721210687245401,53.84533348911255]]]}},{"type":"Feature","properties":{"jobs":0,"pop":100,"pointCount":1,"homeWorkCommuteMedian":55042,"workHomeCommuteMedian":-1},"geometry":{"type":"Polygon","coordinates":[[[9.730203890882647,53.35070728906402],[9.730203890882647,53.359700492701265],[9.739197094519893,53.359700492701265],[9.739197094519893,53.35070728906402],[9.730203890882647,53.35070728906402]]]}},{"type":"Feature","properties":{"jobs":200,"pop":650,"pointCount":6,"homeWorkCommuteMedian":44385,"workHomeCommuteMedian":39594},"geometry":{"type":"Polygon","coordinates":[[[9.730203890882647,53.359700492701265],[9.730203890882647,53.36869369633851],[9.739197094519893,53.36869369633851],[9.739197094519893,53.359700492701265],[9.730203890882647,53.359700492701265]]]}},{"type":"Feature","properties":{"jobs":0,"pop":100,"pointCount":1,"homeWorkCommuteMedian":13773,"workHomeCommuteMedian":-1},"geometry":{"type":"Polygon","coordinates":[[[9.730203890882647,53.36869369633851],[9.730203890882647,53.37768689997576],[9.739197094519893,53.37768689997576],[9.739197094519893,53.36869369633851],[9.730203890882647,53.36869369633851]]]}},{"type":"Feature","properties":{"jobs":100,"pop":0,"pointCount":1,"homeWorkCommuteMedian":-1,"workHomeCommuteMedian":18897},"geometry":{"type":"Polygon","coordinates":[[[9.730203890882647,53.44063932543648],[9.730203890882647,53.449632529073725],[9.739197094519893,53.449632529073725],[9.739197094519893,53.44063932543648],[9.730203890882647,53.44063932543648]]]}},{"type":"Feature","properties":{"jobs":0,"pop":300,"pointCount":1,"homeWorkCommuteMedian":50884,"workHomeCommuteMedian":-1},"geometry":{"type":"Polygon","coordinates":[[[9.730203890882647,53.449632529073725],[9.730203890882647,53.45862573271097],[9.739197094519893,53.45862573271097],[9.739197094519893,53.449632529073725],[9.730203890882647,53.449632529073725]]]}},{"type":"Feature","properties":{"jobs":0,"pop":300,"pointCount":2,"homeWorkCommuteMedian":52779,"workHomeCommuteMedian":-1},"geometry":{"type":"Polygon","coordinates":[[[9.730203890882647,53.494598547259955],[9.730203890882647,53.5035917508972],[9.739197094519893,53.5035917508972],[9.739197094519893,53.494598547259955],[9.730203890882647,53.494598547259955]]]}},{"type":"Feature","properties":{"jobs":300,"pop":500,"pointCount":6,"homeWorkCommuteMedian":30095,"workHomeCommuteMedian":31686},"geometry":{"type":"Polygon","coordinates":[[[9.730203890882647,53.5035917508972],[9.730203890882647,53.51258495453445],[9.739197094519893,53.51258495453445],[9.739197094519893,53.5035917508972],[9.730203890882647,53.5035917508972]]]}},{"type":"Feature","properties":{"jobs":0,"pop":200,"pointCount":2,"homeWorkCommuteMedian":54032,"workHomeCommuteMedian":-1},"geometry":{"type":"Polygon","coordinates":[[[9.730203890882647,53.51258495453445],[9.730203890882647,53.52157815817169],[9.739197094519893,53.52157815817169],[9.739197094519893,53.51258495453445],[9.730203890882647,53.51258495453445]]]}},{"type":"Feature","properties":{"jobs":0,"pop":200,"pointCount":2,"homeWorkCommuteMedian":37752,"workHomeCommuteMedian":-1},"geometry":{"type":"Polygon","coordinates":[[[9.730203890882647,53.52157815817169],[9.730203890882647,53.53057136180894],[9.739197094519893,53.53057136180894],[9.739197094519893,53.52157815817169],[9.730203890882647,53.52157815817169]]]}},{"type":"Feature","properties":{"jobs":100,"pop":200,"pointCount":3,"homeWorkCommuteMedian":39452,"workHomeCommuteMedian":29960},"geometry":{"type":"Polygon","coordinates":[[[9.730203890882647,53.53057136180894],[9.730203890882647,53.539564565446184],[9.739197094519893,53.539564565446184],[9.739197094519893,53.53057136180894],[9.730203890882647,53.53057136180894]]]}},{"type":"Feature","properties":{"jobs":0,"pop":100,"pointCount":1,"homeWorkCommuteMedian":44292,"workHomeCommuteMedian":-1},"geometry":{"type":"Polygon","coordinates":[[[9.730203890882647,53.56654417635792],[9.730203890882647,53.57553737999517],[9.739197094519893,53.57553737999517],[9.739197094519893,53.56654417635792],[9.730203890882647,53.56654417635792]]]}},{"type":"Feature","properties":{"jobs":300,"pop":750,"pointCount":8,"homeWorkCommuteMedian":25482,"workHomeCommuteMedian":30340},"geometry":{"type":"Polygon","coordinates":[[[9.730203890882647,53.57553737999517],[9.730203890882647,53.584530583632414],[9.739197094519893,53.584530583632414],[9.739197094519893,53.57553737999517],[9.730203890882647,53.57553737999517]]]}},{"type":"Feature","properties":{"jobs":0,"pop":650,"pointCount":4,"homeWorkCommuteMedian":27999,"workHomeCommuteMedian":-1},"geometry":{"type":"Polygon","coordinates":[[[9.730203890882647,53.584530583632414],[9.730203890882647,53.59352378726966],[9.739197094519893,53.59352378726966],[9.739197094519893,53.584530583632414],[9.730203890882647,53.584530583632414]]]}},{"type":"Feature","properties":{"jobs":0,"pop":100,"pointCount":1,"homeWorkCommuteMedian":36491,"workHomeCommuteMedian":-1},"geometry":{"type":"Polygon","coordinates":[[[9.730203890882647,53.59352378726966],[9.730203890882647,53.602516990906906],[9.739197094519893,53.602516990906906],[9.739197094519893,53.59352378726966],[9.730203890882647,53.59352378726966]]]}},{"type":"Feature","properties":{"jobs":0,"pop":200,"pointCount":1,"homeWorkCommuteMedian":21753,"workHomeCommuteMedian":-1},"geometry":{"type":"Polygon","coordinates":[[[9.730203890882647,53.6205033981814],[9.730203890882647,53.629496601818644],[9.739197094519893,53.629496601818644],[9.739197094519893,53.6205033981814],[9.730203890882647,53.6205033981814]]]}},{"type":"Feature","properties":{"jobs":0,"pop":200,"pointCount":1,"homeWorkCommuteMedian":30871,"workHomeCommuteMedian":-1},"geometry":{"type":"Polygon","coordinates":[[[9.730203890882647,53.629496601818644],[9.730203890882647,53.63848980545589],[9.739197094519893,53.63848980545589],[9.739197094519893,53.629496601818644],[9.730203890882647,53.629496601818644]]]}},{"type":"Feature","properties":{"jobs":300,"pop":300,"pointCount":4,"homeWorkCommuteMedian":22622,"workHomeCommuteMedian":28655},"geometry":{"type":"Polygon","coordinates":[[[9.730203890882647,53.65647621273038],[9.730203890882647,53.66546941636763],[9.739197094519893,53.66546941636763],[9.739197094519893,53.65647621273038],[9.730203890882647,53.65647621273038]]]}},{"type":"Feature","properties":{"jobs":0,"pop":100,"pointCount":1,"homeWorkCommuteMedian":51648,"workHomeCommuteMedian":-1},"geometry":{"type":"Polygon","coordinates":[[[9.730203890882647,53.674462620004874],[9.730203890882647,53.68345582364212],[9.739197094519893,53.68345582364212],[9.739197094519893,53.674462620004874],[9.730203890882647,53.674462620004874]]]}},{"type":"Feature","properties":{"jobs":0,"pop":100,"pointCount":1,"homeWorkCommuteMedian":60876,"workHomeCommuteMedian":-1},"geometry":{"type":"Polygon","coordinates":[[[9.730203890882647,53.692449027279366],[9.730203890882647,53.70144223091661],[9.739197094519893,53.70144223091661],[9.739197094519893,53.692449027279366],[9.730203890882647,53.692449027279366]]]}},{"type":"Feature","properties":{"jobs":200,"pop":200,"pointCount":3,"homeWorkCommuteMedian":49563,"workHomeCommuteMedian":20210},"geometry":{"type":"Polygon","coordinates":[[[9.730203890882647,53.70144223091661],[9.730203890882647,53.71043543455386],[9.739197094519893,53.71043543455386],[9.739197094519893,53.70144223091661],[9.730203890882647,53.70144223091661]]]}},{"type":"Feature","properties":{"jobs":100,"pop":100,"pointCount":1,"homeWorkCommuteMedian":45104,"workHomeCommuteMedian":32712},"geometry":{"type":"Polygon","coordinates":[[[9.730203890882647,53.737415045465596],[9.730203890882647,53.74640824910284],[9.739197094519893,53.74640824910284],[9.739197094519893,53.737415045465596],[9.730203890882647,53.737415045465596]]]}},{"type":"Feature","properties":{"jobs":100,"pop":0,"pointCount":1,"homeWorkCommuteMedian":-1,"workHomeCommuteMedian":15244},"geometry":{"type":"Polygon","coordinates":[[[9.730203890882647,53.74640824910284],[9.730203890882647,53.75540145274009],[9.739197094519893,53.75540145274009],[9.739197094519893,53.74640824910284],[9.730203890882647,53.74640824910284]]]}},{"type":"Feature","properties":{"jobs":0,"pop":100,"pointCount":1,"homeWorkCommuteMedian":61664,"workHomeCommuteMedian":-1},"geometry":{"type":"Polygon","coordinates":[[[9.730203890882647,53.75540145274009],[9.730203890882647,53.764394656377334],[9.739197094519893,53.764394656377334],[9.739197094519893,53.75540145274009],[9.730203890882647,53.75540145274009]]]}},{"type":"Feature","properties":{"jobs":100,"pop":100,"pointCount":2,"homeWorkCommuteMedian":54653,"workHomeCommuteMedian":71927},"geometry":{"type":"Polygon","coordinates":[[[9.730203890882647,53.854326692749794],[9.730203890882647,53.86331989638704],[9.739197094519893,53.86331989638704],[9.739197094519893,53.854326692749794],[9.730203890882647,53.854326692749794]]]}},{"type":"Feature","properties":{"jobs":0,"pop":100,"pointCount":1,"homeWorkCommuteMedian":24067,"workHomeCommuteMedian":-1},"geometry":{"type":"Polygon","coordinates":[[[9.730203890882647,53.86331989638704],[9.730203890882647,53.872313100024286],[9.739197094519893,53.872313100024286],[9.739197094519893,53.86331989638704],[9.730203890882647,53.86331989638704]]]}},{"type":"Feature","properties":{"jobs":0,"pop":100,"pointCount":1,"homeWorkCommuteMedian":63390,"workHomeCommuteMedian":-1},"geometry":{"type":"Polygon","coordinates":[[[9.730203890882647,53.89029950729878],[9.730203890882647,53.899292710936024],[9.739197094519893,53.899292710936024],[9.739197094519893,53.89029950729878],[9.730203890882647,53.89029950729878]]]}},{"type":"Feature","properties":{"jobs":0,"pop":200,"pointCount":2,"homeWorkCommuteMedian":50740,"workHomeCommuteMedian":-1},"geometry":{"type":"Polygon","coordinates":[[[9.739197094519893,53.359700492701265],[9.739197094519893,53.36869369633851],[9.748190298157139,53.36869369633851],[9.748190298157139,53.359700492701265],[9.739197094519893,53.359700492701265]]]}},{"type":"Feature","properties":{"jobs":800,"pop":200,"pointCount":3,"homeWorkCommuteMedian":52725,"workHomeCommuteMedian":44445},"geometry":{"type":"Polygon","coordinates":[[[9.739197094519893,53.386680103613],[9.739197094519893,53.39567330725025],[9.748190298157139,53.39567330725025],[9.748190298157139,53.386680103613],[9.739197094519893,53.386680103613]]]}},{"type":"Feature","properties":{"jobs":0,"pop":100,"pointCount":1,"homeWorkCommuteMedian":16401,"workHomeCommuteMedian":-1},"geometry":{"type":"Polygon","coordinates":[[[9.739197094519893,53.39567330725025],[9.739197094519893,53.404666510887495],[9.748190298157139,53.404666510887495],[9.748190298157139,53.39567330725025],[9.739197094519893,53.39567330725025]]]}},{"type":"Feature","properties":{"jobs":0,"pop":300,"pointCount":2,"homeWorkCommuteMedian":34407,"workHomeCommuteMedian":-1},"geometry":{"type":"Polygon","coordinates":[[[9.739197094519893,53.404666510887495],[9.739197094519893,53.41365971452474],[9.748190298157139,53.41365971452474],[9.748190298157139,53.404666510887495],[9.739197094519893,53.404666510887495]]]}},{"type":"Feature","properties":{"jobs":0,"pop":300,"pointCount":2,"homeWorkCommuteMedian":41759,"workHomeCommuteMedian":-1},"geometry":{"type":"Polygon","coordinates":[[[9.739197094519893,53.449632529073725],[9.739197094519893,53.45862573271097],[9.748190298157139,53.45862573271097],[9.748190298157139,53.449632529073725],[9.739197094519893,53.449632529073725]]]}},{"type":"Feature","properties":{"jobs":100,"pop":100,"pointCount":1,"homeWorkCommuteMedian":47754,"workHomeCommuteMedian":32464},"geometry":{"type":"Polygon","coordinates":[[[9.739197094519893,53.47661213998546],[9.739197094519893,53.48560534362271],[9.748190298157139,53.48560534362271],[9.748190298157139,53.47661213998546],[9.739197094519893,53.47661213998546]]]}},{"type":"Feature","properties":{"jobs":100,"pop":0,"pointCount":1,"homeWorkCommuteMedian":-1,"workHomeCommuteMedian":30323},"geometry":{"type":"Polygon","coordinates":[[[9.739197094519893,53.48560534362271],[9.739197094519893,53.494598547259955],[9.748190298157139,53.494598547259955],[9.748190298157139,53.48560534362271],[9.739197094519893,53.48560534362271]]]}},{"type":"Feature","properties":{"jobs":0,"pop":200,"pointCount":2,"homeWorkCommuteMedian":41706,"workHomeCommuteMedian":-1},"geometry":{"type":"Polygon","coordinates":[[[9.739197094519893,53.51258495453445],[9.739197094519893,53.52157815817169],[9.748190298157139,53.52157815817169],[9.748190298157139,53.51258495453445],[9.739197094519893,53.51258495453445]]]}},{"type":"Feature","properties":{"jobs":700,"pop":100,"pointCount":3,"homeWorkCommuteMedian":40695,"workHomeCommuteMedian":41408},"geometry":{"type":"Polygon","coordinates":[[[9.739197094519893,53.52157815817169],[9.739197094519893,53.53057136180894],[9.748190298157139,53.53057136180894],[9.748190298157139,53.52157815817169],[9.739197094519893,53.52157815817169]]]}},{"type":"Feature","properties":{"jobs":0,"pop":200,"pointCount":2,"homeWorkCommuteMedian":28867,"workHomeCommuteMedian":-1},"geometry":{"type":"Polygon","coordinates":[[[9.739197094519893,53.53057136180894],[9.739197094519893,53.539564565446184],[9.748190298157139,53.539564565446184],[9.748190298157139,53.53057136180894],[9.739197094519893,53.53057136180894]]]}},{"type":"Feature","properties":{"jobs":0,"pop":500,"pointCount":5,"homeWorkCommuteMedian":22436,"workHomeCommuteMedian":-1},"geometry":{"type":"Polygon","coordinates":[[[9.739197094519893,53.56654417635792],[9.739197094519893,53.57553737999517],[9.748190298157139,53.57553737999517],[9.748190298157139,53.56654417635792],[9.739197094519893,53.56654417635792]]]}},{"type":"Feature","properties":{"jobs":0,"pop":300,"pointCount":2,"homeWorkCommuteMedian":29980,"workHomeCommuteMedian":-1},"geometry":{"type":"Polygon","coordinates":[[[9.739197094519893,53.57553737999517],[9.739197094519893,53.584530583632414],[9.748190298157139,53.584530583632414],[9.748190298157139,53.57553737999517],[9.739197094519893,53.57553737999517]]]}},{"type":"Feature","properties":{"jobs":100,"pop":700,"pointCount":6,"homeWorkCommuteMedian":22945,"workHomeCommuteMedian":3627},"geometry":{"type":"Polygon","coordinates":[[[9.739197094519893,53.584530583632414],[9.739197094519893,53.59352378726966],[9.748190298157139,53.59352378726966],[9.748190298157139,53.584530583632414],[9.739197094519893,53.584530583632414]]]}},{"type":"Feature","properties":{"jobs":0,"pop":100,"pointCount":1,"homeWorkCommuteMedian":3515,"workHomeCommuteMedian":-1},"geometry":{"type":"Polygon","coordinates":[[[9.739197094519893,53.602516990906906],[9.739197094519893,53.61151019454415],[9.748190298157139,53.61151019454415],[9.748190298157139,53.602516990906906],[9.739197094519893,53.602516990906906]]]}},{"type":"Feature","properties":{"jobs":0,"pop":100,"pointCount":1,"homeWorkCommuteMedian":14989,"workHomeCommuteMedian":-1},"geometry":{"type":"Polygon","coordinates":[[[9.739197094519893,53.629496601818644],[9.739197094519893,53.63848980545589],[9.748190298157139,53.63848980545589],[9.748190298157139,53.629496601818644],[9.739197094519893,53.629496601818644]]]}},{"type":"Feature","properties":{"jobs":0,"pop":200,"pointCount":2,"homeWorkCommuteMedian":38851,"workHomeCommuteMedian":-1},"geometry":{"type":"Polygon","coordinates":[[[9.739197094519893,53.647483009093136],[9.739197094519893,53.65647621273038],[9.748190298157139,53.65647621273038],[9.748190298157139,53.647483009093136],[9.739197094519893,53.647483009093136]]]}},{"type":"Feature","properties":{"jobs":1400,"pop":400,"pointCount":5,"homeWorkCommuteMedian":25305,"workHomeCommuteMedian":25232},"geometry":{"type":"Polygon","coordinates":[[[9.739197094519893,53.65647621273038],[9.739197094519893,53.66546941636763],[9.748190298157139,53.66546941636763],[9.748190298157139,53.65647621273038],[9.739197094519893,53.65647621273038]]]}},{"type":"Feature","properties":{"jobs":0,"pop":100,"pointCount":1,"homeWorkCommuteMedian":32599,"workHomeCommuteMedian":-1},"geometry":{"type":"Polygon","coordinates":[[[9.739197094519893,53.71043543455386],[9.739197094519893,53.719428638191104],[9.748190298157139,53.719428638191104],[9.748190298157139,53.71043543455386],[9.739197094519893,53.71043543455386]]]}},{"type":"Feature","properties":{"jobs":0,"pop":100,"pointCount":1,"homeWorkCommuteMedian":36490,"workHomeCommuteMedian":-1},"geometry":{"type":"Polygon","coordinates":[[[9.739197094519893,53.74640824910284],[9.739197094519893,53.75540145274009],[9.748190298157139,53.75540145274009],[9.748190298157139,53.74640824910284],[9.739197094519893,53.74640824910284]]]}},{"type":"Feature","properties":{"jobs":0,"pop":100,"pointCount":1,"homeWorkCommuteMedian":39476,"workHomeCommuteMedian":-1},"geometry":{"type":"Polygon","coordinates":[[[9.748190298157139,53.386680103613],[9.748190298157139,53.39567330725025],[9.757183501794385,53.39567330725025],[9.757183501794385,53.386680103613],[9.748190298157139,53.386680103613]]]}},{"type":"Feature","properties":{"jobs":0,"pop":100,"pointCount":1,"homeWorkCommuteMedian":31516,"workHomeCommuteMedian":-1},"geometry":{"type":"Polygon","coordinates":[[[9.748190298157139,53.39567330725025],[9.748190298157139,53.404666510887495],[9.757183501794385,53.404666510887495],[9.757183501794385,53.39567330725025],[9.748190298157139,53.39567330725025]]]}},{"type":"Feature","properties":{"jobs":0,"pop":100,"pointCount":1,"homeWorkCommuteMedian":32661,"workHomeCommuteMedian":-1},"geometry":{"type":"Polygon","coordinates":[[[9.748190298157139,53.404666510887495],[9.748190298157139,53.41365971452474],[9.757183501794385,53.41365971452474],[9.757183501794385,53.404666510887495],[9.748190298157139,53.404666510887495]]]}},{"type":"Feature","properties":{"jobs":500,"pop":100,"pointCount":2,"homeWorkCommuteMedian":26905,"workHomeCommuteMedian":39083},"geometry":{"type":"Polygon","coordinates":[[[9.748190298157139,53.449632529073725],[9.748190298157139,53.45862573271097],[9.757183501794385,53.45862573271097],[9.757183501794385,53.449632529073725],[9.748190298157139,53.449632529073725]]]}},{"type":"Feature","properties":{"jobs":300,"pop":100,"pointCount":1,"homeWorkCommuteMedian":21805,"workHomeCommuteMedian":31699},"geometry":{"type":"Polygon","coordinates":[[[9.748190298157139,53.48560534362271],[9.748190298157139,53.494598547259955],[9.757183501794385,53.494598547259955],[9.757183501794385,53.48560534362271],[9.748190298157139,53.48560534362271]]]}},{"type":"Feature","properties":{"jobs":0,"pop":100,"pointCount":1,"homeWorkCommuteMedian":30091,"workHomeCommuteMedian":-1},"geometry":{"type":"Polygon","coordinates":[[[9.748190298157139,53.52157815817169],[9.748190298157139,53.53057136180894],[9.757183501794385,53.53057136180894],[9.757183501794385,53.52157815817169],[9.748190298157139,53.52157815817169]]]}},{"type":"Feature","properties":{"jobs":300,"pop":200,"pointCount":2,"homeWorkCommuteMedian":31806,"workHomeCommuteMedian":27076},"geometry":{"type":"Polygon","coordinates":[[[9.748190298157139,53.539564565446184],[9.748190298157139,53.54855776908343],[9.757183501794385,53.54855776908343],[9.757183501794385,53.539564565446184],[9.748190298157139,53.539564565446184]]]}},{"type":"Feature","properties":{"jobs":0,"pop":800,"pointCount":7,"homeWorkCommuteMedian":28745,"workHomeCommuteMedian":-1},"geometry":{"type":"Polygon","coordinates":[[[9.748190298157139,53.56654417635792],[9.748190298157139,53.57553737999517],[9.757183501794385,53.57553737999517],[9.757183501794385,53.56654417635792],[9.748190298157139,53.56654417635792]]]}},{"type":"Feature","properties":{"jobs":3500,"pop":800,"pointCount":7,"homeWorkCommuteMedian":26279,"workHomeCommuteMedian":21298},"geometry":{"type":"Polygon","coordinates":[[[9.748190298157139,53.57553737999517],[9.748190298157139,53.584530583632414],[9.757183501794385,53.584530583632414],[9.757183501794385,53.57553737999517],[9.748190298157139,53.57553737999517]]]}},{"type":"Feature","properties":{"jobs":0,"pop":300,"pointCount":3,"homeWorkCommuteMedian":26937,"workHomeCommuteMedian":-1},"geometry":{"type":"Polygon","coordinates":[[[9.748190298157139,53.584530583632414],[9.748190298157139,53.59352378726966],[9.757183501794385,53.59352378726966],[9.757183501794385,53.584530583632414],[9.748190298157139,53.584530583632414]]]}},{"type":"Feature","properties":{"jobs":0,"pop":100,"pointCount":1,"homeWorkCommuteMedian":29260,"workHomeCommuteMedian":-1},"geometry":{"type":"Polygon","coordinates":[[[9.748190298157139,53.59352378726966],[9.748190298157139,53.602516990906906],[9.757183501794385,53.602516990906906],[9.757183501794385,53.59352378726966],[9.748190298157139,53.59352378726966]]]}},{"type":"Feature","properties":{"jobs":0,"pop":100,"pointCount":1,"homeWorkCommuteMedian":37045,"workHomeCommuteMedian":-1},"geometry":{"type":"Polygon","coordinates":[[[9.748190298157139,53.629496601818644],[9.748190298157139,53.63848980545589],[9.757183501794385,53.63848980545589],[9.757183501794385,53.629496601818644],[9.748190298157139,53.629496601818644]]]}},{"type":"Feature","properties":{"jobs":0,"pop":100,"pointCount":1,"homeWorkCommuteMedian":38322,"workHomeCommuteMedian":-1},"geometry":{"type":"Polygon","coordinates":[[[9.748190298157139,53.647483009093136],[9.748190298157139,53.65647621273038],[9.757183501794385,53.65647621273038],[9.757183501794385,53.647483009093136],[9.748190298157139,53.647483009093136]]]}},{"type":"Feature","properties":{"jobs":500,"pop":100,"pointCount":2,"homeWorkCommuteMedian":52088,"workHomeCommuteMedian":29861},"geometry":{"type":"Polygon","coordinates":[[[9.748190298157139,53.65647621273038],[9.748190298157139,53.66546941636763],[9.757183501794385,53.66546941636763],[9.757183501794385,53.65647621273038],[9.748190298157139,53.65647621273038]]]}},{"type":"Feature","properties":{"jobs":200,"pop":300,"pointCount":3,"homeWorkCommuteMedian":29135,"workHomeCommuteMedian":35453},"geometry":{"type":"Polygon","coordinates":[[[9.748190298157139,53.674462620004874],[9.748190298157139,53.68345582364212],[9.757183501794385,53.68345582364212],[9.757183501794385,53.674462620004874],[9.748190298157139,53.674462620004874]]]}},{"type":"Feature","properties":{"jobs":0,"pop":100,"pointCount":1,"homeWorkCommuteMedian":65167,"workHomeCommuteMedian":-1},"geometry":{"type":"Polygon","coordinates":[[[9.748190298157139,53.71043543455386],[9.748190298157139,53.719428638191104],[9.757183501794385,53.719428638191104],[9.757183501794385,53.71043543455386],[9.748190298157139,53.71043543455386]]]}},{"type":"Feature","properties":{"jobs":0,"pop":100,"pointCount":1,"homeWorkCommuteMedian":23982,"workHomeCommuteMedian":-1},"geometry":{"type":"Polygon","coordinates":[[[9.748190298157139,53.719428638191104],[9.748190298157139,53.72842184182835],[9.757183501794385,53.72842184182835],[9.757183501794385,53.719428638191104],[9.748190298157139,53.719428638191104]]]}},{"type":"Feature","properties":{"jobs":100,"pop":0,"pointCount":1,"homeWorkCommuteMedian":-1,"workHomeCommuteMedian":29371},"geometry":{"type":"Polygon","coordinates":[[[9.748190298157139,53.74640824910284],[9.748190298157139,53.75540145274009],[9.757183501794385,53.75540145274009],[9.757183501794385,53.74640824910284],[9.748190298157139,53.74640824910284]]]}},{"type":"Feature","properties":{"jobs":0,"pop":100,"pointCount":1,"homeWorkCommuteMedian":68479,"workHomeCommuteMedian":-1},"geometry":{"type":"Polygon","coordinates":[[[9.748190298157139,53.764394656377334],[9.748190298157139,53.77338786001458],[9.757183501794385,53.77338786001458],[9.757183501794385,53.764394656377334],[9.748190298157139,53.764394656377334]]]}},{"type":"Feature","properties":{"jobs":0,"pop":100,"pointCount":1,"homeWorkCommuteMedian":25662,"workHomeCommuteMedian":-1},"geometry":{"type":"Polygon","coordinates":[[[9.748190298157139,53.79137426728907],[9.748190298157139,53.80036747092632],[9.757183501794385,53.80036747092632],[9.757183501794385,53.79137426728907],[9.748190298157139,53.79137426728907]]]}},{"type":"Feature","properties":{"jobs":0,"pop":100,"pointCount":1,"homeWorkCommuteMedian":45212,"workHomeCommuteMedian":-1},"geometry":{"type":"Polygon","coordinates":[[[9.757183501794385,53.37768689997576],[9.757183501794385,53.386680103613],[9.766176705431631,53.386680103613],[9.766176705431631,53.37768689997576],[9.757183501794385,53.37768689997576]]]}},{"type":"Feature","properties":{"jobs":0,"pop":100,"pointCount":1,"homeWorkCommuteMedian":53218,"workHomeCommuteMedian":-1},"geometry":{"type":"Polygon","coordinates":[[[9.757183501794385,53.39567330725025],[9.757183501794385,53.404666510887495],[9.766176705431631,53.404666510887495],[9.766176705431631,53.39567330725025],[9.757183501794385,53.39567330725025]]]}},{"type":"Feature","properties":{"jobs":300,"pop":0,"pointCount":1,"homeWorkCommuteMedian":-1,"workHomeCommuteMedian":30754},"geometry":{"type":"Polygon","coordinates":[[[9.757183501794385,53.404666510887495],[9.757183501794385,53.41365971452474],[9.766176705431631,53.41365971452474],[9.766176705431631,53.404666510887495],[9.757183501794385,53.404666510887495]]]}},{"type":"Feature","properties":{"jobs":0,"pop":300,"pointCount":3,"homeWorkCommuteMedian":58936,"workHomeCommuteMedian":-1},"geometry":{"type":"Polygon","coordinates":[[[9.757183501794385,53.42265291816199],[9.757183501794385,53.43164612179923],[9.766176705431631,53.43164612179923],[9.766176705431631,53.42265291816199],[9.757183501794385,53.42265291816199]]]}},{"type":"Feature","properties":{"jobs":0,"pop":300,"pointCount":2,"homeWorkCommuteMedian":29921,"workHomeCommuteMedian":-1},"geometry":{"type":"Polygon","coordinates":[[[9.757183501794385,53.44063932543648],[9.757183501794385,53.449632529073725],[9.766176705431631,53.449632529073725],[9.766176705431631,53.44063932543648],[9.757183501794385,53.44063932543648]]]}},{"type":"Feature","properties":{"jobs":200,"pop":300,"pointCount":4,"homeWorkCommuteMedian":29499,"workHomeCommuteMedian":29445},"geometry":{"type":"Polygon","coordinates":[[[9.757183501794385,53.449632529073725],[9.757183501794385,53.45862573271097],[9.766176705431631,53.45862573271097],[9.766176705431631,53.449632529073725],[9.757183501794385,53.449632529073725]]]}},{"type":"Feature","properties":{"jobs":200,"pop":100,"pointCount":2,"homeWorkCommuteMedian":32130,"workHomeCommuteMedian":29819},"geometry":{"type":"Polygon","coordinates":[[[9.757183501794385,53.48560534362271],[9.757183501794385,53.494598547259955],[9.766176705431631,53.494598547259955],[9.766176705431631,53.48560534362271],[9.757183501794385,53.48560534362271]]]}},{"type":"Feature","properties":{"jobs":0,"pop":100,"pointCount":1,"homeWorkCommuteMedian":30636,"workHomeCommuteMedian":-1},"geometry":{"type":"Polygon","coordinates":[[[9.757183501794385,53.52157815817169],[9.757183501794385,53.53057136180894],[9.766176705431631,53.53057136180894],[9.766176705431631,53.52157815817169],[9.757183501794385,53.52157815817169]]]}},{"type":"Feature","properties":{"jobs":200,"pop":0,"pointCount":1,"homeWorkCommuteMedian":-1,"workHomeCommuteMedian":29139},"geometry":{"type":"Polygon","coordinates":[[[9.757183501794385,53.53057136180894],[9.757183501794385,53.539564565446184],[9.766176705431631,53.539564565446184],[9.766176705431631,53.53057136180894],[9.757183501794385,53.53057136180894]]]}},{"type":"Feature","properties":{"jobs":300,"pop":0,"pointCount":3,"homeWorkCommuteMedian":-1,"workHomeCommuteMedian":27615},"geometry":{"type":"Polygon","coordinates":[[[9.757183501794385,53.539564565446184],[9.757183501794385,53.54855776908343],[9.766176705431631,53.54855776908343],[9.766176705431631,53.539564565446184],[9.757183501794385,53.539564565446184]]]}},{"type":"Feature","properties":{"jobs":0,"pop":600,"pointCount":5,"homeWorkCommuteMedian":27873,"workHomeCommuteMedian":-1},"geometry":{"type":"Polygon","coordinates":[[[9.757183501794385,53.56654417635792],[9.757183501794385,53.57553737999517],[9.766176705431631,53.57553737999517],[9.766176705431631,53.56654417635792],[9.757183501794385,53.56654417635792]]]}},{"type":"Feature","properties":{"jobs":4100,"pop":400,"pointCount":9,"homeWorkCommuteMedian":33577,"workHomeCommuteMedian":17683},"geometry":{"type":"Polygon","coordinates":[[[9.757183501794385,53.57553737999517],[9.757183501794385,53.584530583632414],[9.766176705431631,53.584530583632414],[9.766176705431631,53.57553737999517],[9.757183501794385,53.57553737999517]]]}},{"type":"Feature","properties":{"jobs":200,"pop":600,"pointCount":6,"homeWorkCommuteMedian":31701,"workHomeCommuteMedian":37446},"geometry":{"type":"Polygon","coordinates":[[[9.757183501794385,53.584530583632414],[9.757183501794385,53.59352378726966],[9.766176705431631,53.59352378726966],[9.766176705431631,53.584530583632414],[9.757183501794385,53.584530583632414]]]}},{"type":"Feature","properties":{"jobs":100,"pop":100,"pointCount":2,"homeWorkCommuteMedian":45646,"workHomeCommuteMedian":27071},"geometry":{"type":"Polygon","coordinates":[[[9.757183501794385,53.629496601818644],[9.757183501794385,53.63848980545589],[9.766176705431631,53.63848980545589],[9.766176705431631,53.629496601818644],[9.757183501794385,53.629496601818644]]]}},{"type":"Feature","properties":{"jobs":0,"pop":100,"pointCount":1,"homeWorkCommuteMedian":41121,"workHomeCommuteMedian":-1},"geometry":{"type":"Polygon","coordinates":[[[9.757183501794385,53.63848980545589],[9.757183501794385,53.647483009093136],[9.766176705431631,53.647483009093136],[9.766176705431631,53.63848980545589],[9.757183501794385,53.63848980545589]]]}},{"type":"Feature","properties":{"jobs":0,"pop":600,"pointCount":5,"homeWorkCommuteMedian":28080,"workHomeCommuteMedian":-1},"geometry":{"type":"Polygon","coordinates":[[[9.757183501794385,53.674462620004874],[9.757183501794385,53.68345582364212],[9.766176705431631,53.68345582364212],[9.766176705431631,53.674462620004874],[9.757183501794385,53.674462620004874]]]}},{"type":"Feature","properties":{"jobs":0,"pop":350,"pointCount":2,"homeWorkCommuteMedian":22871,"workHomeCommuteMedian":-1},"geometry":{"type":"Polygon","coordinates":[[[9.757183501794385,53.71043543455386],[9.757183501794385,53.719428638191104],[9.766176705431631,53.719428638191104],[9.766176705431631,53.71043543455386],[9.757183501794385,53.71043543455386]]]}},{"type":"Feature","properties":{"jobs":100,"pop":0,"pointCount":1,"homeWorkCommuteMedian":-1,"workHomeCommuteMedian":33281},"geometry":{"type":"Polygon","coordinates":[[[9.757183501794385,53.75540145274009],[9.757183501794385,53.764394656377334],[9.766176705431631,53.764394656377334],[9.766176705431631,53.75540145274009],[9.757183501794385,53.75540145274009]]]}},{"type":"Feature","properties":{"jobs":300,"pop":0,"pointCount":1,"homeWorkCommuteMedian":-1,"workHomeCommuteMedian":29342},"geometry":{"type":"Polygon","coordinates":[[[9.757183501794385,53.764394656377334],[9.757183501794385,53.77338786001458],[9.766176705431631,53.77338786001458],[9.766176705431631,53.764394656377334],[9.757183501794385,53.764394656377334]]]}},{"type":"Feature","properties":{"jobs":100,"pop":400,"pointCount":4,"homeWorkCommuteMedian":40662,"workHomeCommuteMedian":68799},"geometry":{"type":"Polygon","coordinates":[[[9.757183501794385,53.782381063651826],[9.757183501794385,53.79137426728907],[9.766176705431631,53.79137426728907],[9.766176705431631,53.782381063651826],[9.757183501794385,53.782381063651826]]]}},{"type":"Feature","properties":{"jobs":0,"pop":800,"pointCount":6,"homeWorkCommuteMedian":35349,"workHomeCommuteMedian":-1},"geometry":{"type":"Polygon","coordinates":[[[9.757183501794385,53.79137426728907],[9.757183501794385,53.80036747092632],[9.766176705431631,53.80036747092632],[9.766176705431631,53.79137426728907],[9.757183501794385,53.79137426728907]]]}},{"type":"Feature","properties":{"jobs":0,"pop":100,"pointCount":1,"homeWorkCommuteMedian":19578,"workHomeCommuteMedian":-1},"geometry":{"type":"Polygon","coordinates":[[[9.757183501794385,53.80036747092632],[9.757183501794385,53.809360674563564],[9.766176705431631,53.809360674563564],[9.766176705431631,53.80036747092632],[9.757183501794385,53.80036747092632]]]}},{"type":"Feature","properties":{"jobs":0,"pop":100,"pointCount":1,"homeWorkCommuteMedian":45528,"workHomeCommuteMedian":-1},"geometry":{"type":"Polygon","coordinates":[[[9.757183501794385,53.827347081838056],[9.757183501794385,53.8363402854753],[9.766176705431631,53.8363402854753],[9.766176705431631,53.827347081838056],[9.757183501794385,53.827347081838056]]]}},{"type":"Feature","properties":{"jobs":200,"pop":0,"pointCount":1,"homeWorkCommuteMedian":-1,"workHomeCommuteMedian":37608},"geometry":{"type":"Polygon","coordinates":[[[9.766176705431631,53.35070728906402],[9.766176705431631,53.359700492701265],[9.775169909068877,53.359700492701265],[9.775169909068877,53.35070728906402],[9.766176705431631,53.35070728906402]]]}},{"type":"Feature","properties":{"jobs":0,"pop":300,"pointCount":3,"homeWorkCommuteMedian":33486,"workHomeCommuteMedian":-1},"geometry":{"type":"Polygon","coordinates":[[[9.766176705431631,53.359700492701265],[9.766176705431631,53.36869369633851],[9.775169909068877,53.36869369633851],[9.775169909068877,53.359700492701265],[9.766176705431631,53.359700492701265]]]}},{"type":"Feature","properties":{"jobs":0,"pop":300,"pointCount":3,"homeWorkCommuteMedian":39816,"workHomeCommuteMedian":-1},"geometry":{"type":"Polygon","coordinates":[[[9.766176705431631,53.39567330725025],[9.766176705431631,53.404666510887495],[9.775169909068877,53.404666510887495],[9.775169909068877,53.39567330725025],[9.766176705431631,53.39567330725025]]]}},{"type":"Feature","properties":{"jobs":600,"pop":100,"pointCount":2,"homeWorkCommuteMedian":41507,"workHomeCommuteMedian":45114},"geometry":{"type":"Polygon","coordinates":[[[9.766176705431631,53.404666510887495],[9.766176705431631,53.41365971452474],[9.775169909068877,53.41365971452474],[9.775169909068877,53.404666510887495],[9.766176705431631,53.404666510887495]]]}},{"type":"Feature","properties":{"jobs":0,"pop":100,"pointCount":1,"homeWorkCommuteMedian":39436,"workHomeCommuteMedian":-1},"geometry":{"type":"Polygon","coordinates":[[[9.766176705431631,53.42265291816199],[9.766176705431631,53.43164612179923],[9.775169909068877,53.43164612179923],[9.775169909068877,53.42265291816199],[9.766176705431631,53.42265291816199]]]}},{"type":"Feature","properties":{"jobs":200,"pop":300,"pointCount":3,"homeWorkCommuteMedian":32766,"workHomeCommuteMedian":27567},"geometry":{"type":"Polygon","coordinates":[[[9.766176705431631,53.45862573271097],[9.766176705431631,53.46761893634822],[9.775169909068877,53.46761893634822],[9.775169909068877,53.45862573271097],[9.766176705431631,53.45862573271097]]]}},{"type":"Feature","properties":{"jobs":0,"pop":100,"pointCount":1,"homeWorkCommuteMedian":25955,"workHomeCommuteMedian":-1},"geometry":{"type":"Polygon","coordinates":[[[9.766176705431631,53.46761893634822],[9.766176705431631,53.47661213998546],[9.775169909068877,53.47661213998546],[9.775169909068877,53.46761893634822],[9.766176705431631,53.46761893634822]]]}},{"type":"Feature","properties":{"jobs":0,"pop":100,"pointCount":1,"homeWorkCommuteMedian":36232,"workHomeCommuteMedian":-1},"geometry":{"type":"Polygon","coordinates":[[[9.766176705431631,53.48560534362271],[9.766176705431631,53.494598547259955],[9.775169909068877,53.494598547259955],[9.775169909068877,53.48560534362271],[9.766176705431631,53.48560534362271]]]}},{"type":"Feature","properties":{"jobs":0,"pop":200,"pointCount":2,"homeWorkCommuteMedian":33306,"workHomeCommuteMedian":-1},"geometry":{"type":"Polygon","coordinates":[[[9.766176705431631,53.52157815817169],[9.766176705431631,53.53057136180894],[9.775169909068877,53.53057136180894],[9.775169909068877,53.52157815817169],[9.766176705431631,53.52157815817169]]]}},{"type":"Feature","properties":{"jobs":0,"pop":300,"pointCount":2,"homeWorkCommuteMedian":32114,"workHomeCommuteMedian":-1},"geometry":{"type":"Polygon","coordinates":[[[9.766176705431631,53.53057136180894],[9.766176705431631,53.539564565446184],[9.775169909068877,53.539564565446184],[9.775169909068877,53.53057136180894],[9.766176705431631,53.53057136180894]]]}},{"type":"Feature","properties":{"jobs":100,"pop":100,"pointCount":1,"homeWorkCommuteMedian":29298,"workHomeCommuteMedian":55460},"geometry":{"type":"Polygon","coordinates":[[[9.766176705431631,53.539564565446184],[9.766176705431631,53.54855776908343],[9.775169909068877,53.54855776908343],[9.775169909068877,53.539564565446184],[9.766176705431631,53.539564565446184]]]}},{"type":"Feature","properties":{"jobs":100,"pop":0,"pointCount":1,"homeWorkCommuteMedian":-1,"workHomeCommuteMedian":41881},"geometry":{"type":"Polygon","coordinates":[[[9.766176705431631,53.557550972720676],[9.766176705431631,53.56654417635792],[9.775169909068877,53.56654417635792],[9.775169909068877,53.557550972720676],[9.766176705431631,53.557550972720676]]]}},{"type":"Feature","properties":{"jobs":0,"pop":300,"pointCount":3,"homeWorkCommuteMedian":20519,"workHomeCommuteMedian":-1},"geometry":{"type":"Polygon","coordinates":[[[9.766176705431631,53.56654417635792],[9.766176705431631,53.57553737999517],[9.775169909068877,53.57553737999517],[9.775169909068877,53.56654417635792],[9.766176705431631,53.56654417635792]]]}},{"type":"Feature","properties":{"jobs":0,"pop":500,"pointCount":4,"homeWorkCommuteMedian":21068,"workHomeCommuteMedian":-1},"geometry":{"type":"Polygon","coordinates":[[[9.766176705431631,53.57553737999517],[9.766176705431631,53.584530583632414],[9.775169909068877,53.584530583632414],[9.775169909068877,53.57553737999517],[9.766176705431631,53.57553737999517]]]}},{"type":"Feature","properties":{"jobs":0,"pop":400,"pointCount":4,"homeWorkCommuteMedian":21532,"workHomeCommuteMedian":-1},"geometry":{"type":"Polygon","coordinates":[[[9.766176705431631,53.584530583632414],[9.766176705431631,53.59352378726966],[9.775169909068877,53.59352378726966],[9.775169909068877,53.584530583632414],[9.766176705431631,53.584530583632414]]]}},{"type":"Feature","properties":{"jobs":0,"pop":100,"pointCount":1,"homeWorkCommuteMedian":15856,"workHomeCommuteMedian":-1},"geometry":{"type":"Polygon","coordinates":[[[9.766176705431631,53.6205033981814],[9.766176705431631,53.629496601818644],[9.775169909068877,53.629496601818644],[9.775169909068877,53.6205033981814],[9.766176705431631,53.6205033981814]]]}},{"type":"Feature","properties":{"jobs":200,"pop":300,"pointCount":4,"homeWorkCommuteMedian":18565,"workHomeCommuteMedian":42056},"geometry":{"type":"Polygon","coordinates":[[[9.766176705431631,53.63848980545589],[9.766176705431631,53.647483009093136],[9.775169909068877,53.647483009093136],[9.775169909068877,53.63848980545589],[9.766176705431631,53.63848980545589]]]}},{"type":"Feature","properties":{"jobs":700,"pop":1350,"pointCount":10,"homeWorkCommuteMedian":20827,"workHomeCommuteMedian":17105},"geometry":{"type":"Polygon","coordinates":[[[9.766176705431631,53.647483009093136],[9.766176705431631,53.65647621273038],[9.775169909068877,53.65647621273038],[9.775169909068877,53.647483009093136],[9.766176705431631,53.647483009093136]]]}},{"type":"Feature","properties":{"jobs":200,"pop":200,"pointCount":2,"homeWorkCommuteMedian":20113,"workHomeCommuteMedian":25825},"geometry":{"type":"Polygon","coordinates":[[[9.766176705431631,53.65647621273038],[9.766176705431631,53.66546941636763],[9.775169909068877,53.66546941636763],[9.775169909068877,53.65647621273038],[9.766176705431631,53.65647621273038]]]}},{"type":"Feature","properties":{"jobs":1200,"pop":0,"pointCount":4,"homeWorkCommuteMedian":-1,"workHomeCommuteMedian":20856},"geometry":{"type":"Polygon","coordinates":[[[9.766176705431631,53.66546941636763],[9.766176705431631,53.674462620004874],[9.775169909068877,53.674462620004874],[9.775169909068877,53.66546941636763],[9.766176705431631,53.66546941636763]]]}},{"type":"Feature","properties":{"jobs":0,"pop":100,"pointCount":1,"homeWorkCommuteMedian":19556,"workHomeCommuteMedian":-1},"geometry":{"type":"Polygon","coordinates":[[[9.766176705431631,53.70144223091661],[9.766176705431631,53.71043543455386],[9.775169909068877,53.71043543455386],[9.775169909068877,53.70144223091661],[9.766176705431631,53.70144223091661]]]}},{"type":"Feature","properties":{"jobs":400,"pop":200,"pointCount":3,"homeWorkCommuteMedian":53734,"workHomeCommuteMedian":32562},"geometry":{"type":"Polygon","coordinates":[[[9.766176705431631,53.71043543455386],[9.766176705431631,53.719428638191104],[9.775169909068877,53.719428638191104],[9.775169909068877,53.71043543455386],[9.766176705431631,53.71043543455386]]]}},{"type":"Feature","properties":{"jobs":200,"pop":0,"pointCount":2,"homeWorkCommuteMedian":-1,"workHomeCommuteMedian":26466},"geometry":{"type":"Polygon","coordinates":[[[9.766176705431631,53.719428638191104],[9.766176705431631,53.72842184182835],[9.775169909068877,53.72842184182835],[9.775169909068877,53.719428638191104],[9.766176705431631,53.719428638191104]]]}},{"type":"Feature","properties":{"jobs":0,"pop":100,"pointCount":1,"homeWorkCommuteMedian":26259,"workHomeCommuteMedian":-1},"geometry":{"type":"Polygon","coordinates":[[[9.766176705431631,53.72842184182835],[9.766176705431631,53.737415045465596],[9.775169909068877,53.737415045465596],[9.775169909068877,53.72842184182835],[9.766176705431631,53.72842184182835]]]}},{"type":"Feature","properties":{"jobs":100,"pop":100,"pointCount":2,"homeWorkCommuteMedian":35025,"workHomeCommuteMedian":21432},"geometry":{"type":"Polygon","coordinates":[[[9.766176705431631,53.74640824910284],[9.766176705431631,53.75540145274009],[9.775169909068877,53.75540145274009],[9.775169909068877,53.74640824910284],[9.766176705431631,53.74640824910284]]]}},{"type":"Feature","properties":{"jobs":100,"pop":0,"pointCount":1,"homeWorkCommuteMedian":-1,"workHomeCommuteMedian":32788},"geometry":{"type":"Polygon","coordinates":[[[9.766176705431631,53.75540145274009],[9.766176705431631,53.764394656377334],[9.775169909068877,53.764394656377334],[9.775169909068877,53.75540145274009],[9.766176705431631,53.75540145274009]]]}},{"type":"Feature","properties":{"jobs":3100,"pop":1000,"pointCount":12,"homeWorkCommuteMedian":23811,"workHomeCommuteMedian":32629},"geometry":{"type":"Polygon","coordinates":[[[9.766176705431631,53.782381063651826],[9.766176705431631,53.79137426728907],[9.775169909068877,53.79137426728907],[9.775169909068877,53.782381063651826],[9.766176705431631,53.782381063651826]]]}},{"type":"Feature","properties":{"jobs":0,"pop":600,"pointCount":4,"homeWorkCommuteMedian":44382,"workHomeCommuteMedian":-1},"geometry":{"type":"Polygon","coordinates":[[[9.766176705431631,53.79137426728907],[9.766176705431631,53.80036747092632],[9.775169909068877,53.80036747092632],[9.775169909068877,53.79137426728907],[9.766176705431631,53.79137426728907]]]}},{"type":"Feature","properties":{"jobs":0,"pop":100,"pointCount":1,"homeWorkCommuteMedian":51686,"workHomeCommuteMedian":-1},"geometry":{"type":"Polygon","coordinates":[[[9.766176705431631,53.80036747092632],[9.766176705431631,53.809360674563564],[9.775169909068877,53.809360674563564],[9.775169909068877,53.80036747092632],[9.766176705431631,53.80036747092632]]]}},{"type":"Feature","properties":{"jobs":0,"pop":100,"pointCount":1,"homeWorkCommuteMedian":20163,"workHomeCommuteMedian":-1},"geometry":{"type":"Polygon","coordinates":[[[9.775169909068877,53.386680103613],[9.775169909068877,53.39567330725025],[9.784163112706123,53.39567330725025],[9.784163112706123,53.386680103613],[9.775169909068877,53.386680103613]]]}},{"type":"Feature","properties":{"jobs":0,"pop":100,"pointCount":1,"homeWorkCommuteMedian":45034,"workHomeCommuteMedian":-1},"geometry":{"type":"Polygon","coordinates":[[[9.775169909068877,53.39567330725025],[9.775169909068877,53.404666510887495],[9.784163112706123,53.404666510887495],[9.784163112706123,53.39567330725025],[9.775169909068877,53.39567330725025]]]}},{"type":"Feature","properties":{"jobs":0,"pop":500,"pointCount":3,"homeWorkCommuteMedian":37689,"workHomeCommuteMedian":-1},"geometry":{"type":"Polygon","coordinates":[[[9.775169909068877,53.42265291816199],[9.775169909068877,53.43164612179923],[9.784163112706123,53.43164612179923],[9.784163112706123,53.42265291816199],[9.775169909068877,53.42265291816199]]]}},{"type":"Feature","properties":{"jobs":0,"pop":500,"pointCount":2,"homeWorkCommuteMedian":34957,"workHomeCommuteMedian":-1},"geometry":{"type":"Polygon","coordinates":[[[9.775169909068877,53.449632529073725],[9.775169909068877,53.45862573271097],[9.784163112706123,53.45862573271097],[9.784163112706123,53.449632529073725],[9.775169909068877,53.449632529073725]]]}},{"type":"Feature","properties":{"jobs":600,"pop":700,"pointCount":9,"homeWorkCommuteMedian":25500,"workHomeCommuteMedian":37045},"geometry":{"type":"Polygon","coordinates":[[[9.775169909068877,53.45862573271097],[9.775169909068877,53.46761893634822],[9.784163112706123,53.46761893634822],[9.784163112706123,53.45862573271097],[9.775169909068877,53.45862573271097]]]}},{"type":"Feature","properties":{"jobs":0,"pop":500,"pointCount":1,"homeWorkCommuteMedian":26206,"workHomeCommuteMedian":-1},"geometry":{"type":"Polygon","coordinates":[[[9.775169909068877,53.46761893634822],[9.775169909068877,53.47661213998546],[9.784163112706123,53.47661213998546],[9.784163112706123,53.46761893634822],[9.775169909068877,53.46761893634822]]]}},{"type":"Feature","properties":{"jobs":0,"pop":200,"pointCount":2,"homeWorkCommuteMedian":53660,"workHomeCommuteMedian":-1},"geometry":{"type":"Polygon","coordinates":[[[9.775169909068877,53.48560534362271],[9.775169909068877,53.494598547259955],[9.784163112706123,53.494598547259955],[9.784163112706123,53.48560534362271],[9.775169909068877,53.48560534362271]]]}},{"type":"Feature","properties":{"jobs":0,"pop":100,"pointCount":1,"homeWorkCommuteMedian":21618,"workHomeCommuteMedian":-1},"geometry":{"type":"Polygon","coordinates":[[[9.775169909068877,53.51258495453445],[9.775169909068877,53.52157815817169],[9.784163112706123,53.52157815817169],[9.784163112706123,53.51258495453445],[9.775169909068877,53.51258495453445]]]}},{"type":"Feature","properties":{"jobs":500,"pop":200,"pointCount":3,"homeWorkCommuteMedian":29393,"workHomeCommuteMedian":23166},"geometry":{"type":"Polygon","coordinates":[[[9.775169909068877,53.52157815817169],[9.775169909068877,53.53057136180894],[9.784163112706123,53.53057136180894],[9.784163112706123,53.52157815817169],[9.775169909068877,53.52157815817169]]]}},{"type":"Feature","properties":{"jobs":100,"pop":100,"pointCount":2,"homeWorkCommuteMedian":23900,"workHomeCommuteMedian":25671},"geometry":{"type":"Polygon","coordinates":[[[9.775169909068877,53.53057136180894],[9.775169909068877,53.539564565446184],[9.784163112706123,53.539564565446184],[9.784163112706123,53.53057136180894],[9.775169909068877,53.53057136180894]]]}},{"type":"Feature","properties":{"jobs":0,"pop":200,"pointCount":2,"homeWorkCommuteMedian":38124,"workHomeCommuteMedian":-1},"geometry":{"type":"Polygon","coordinates":[[[9.775169909068877,53.557550972720676],[9.775169909068877,53.56654417635792],[9.784163112706123,53.56654417635792],[9.784163112706123,53.557550972720676],[9.775169909068877,53.557550972720676]]]}},{"type":"Feature","properties":{"jobs":100,"pop":100,"pointCount":2,"homeWorkCommuteMedian":16162,"workHomeCommuteMedian":14894},"geometry":{"type":"Polygon","coordinates":[[[9.775169909068877,53.56654417635792],[9.775169909068877,53.57553737999517],[9.784163112706123,53.57553737999517],[9.784163112706123,53.56654417635792],[9.775169909068877,53.56654417635792]]]}},{"type":"Feature","properties":{"jobs":0,"pop":100,"pointCount":1,"homeWorkCommuteMedian":27180,"workHomeCommuteMedian":-1},"geometry":{"type":"Polygon","coordinates":[[[9.775169909068877,53.57553737999517],[9.775169909068877,53.584530583632414],[9.784163112706123,53.584530583632414],[9.784163112706123,53.57553737999517],[9.775169909068877,53.57553737999517]]]}},{"type":"Feature","properties":{"jobs":0,"pop":200,"pointCount":2,"homeWorkCommuteMedian":22116,"workHomeCommuteMedian":-1},"geometry":{"type":"Polygon","coordinates":[[[9.775169909068877,53.6205033981814],[9.775169909068877,53.629496601818644],[9.784163112706123,53.629496601818644],[9.784163112706123,53.6205033981814],[9.775169909068877,53.6205033981814]]]}},{"type":"Feature","properties":{"jobs":0,"pop":100,"pointCount":1,"homeWorkCommuteMedian":22994,"workHomeCommuteMedian":-1},"geometry":{"type":"Polygon","coordinates":[[[9.775169909068877,53.629496601818644],[9.775169909068877,53.63848980545589],[9.784163112706123,53.63848980545589],[9.784163112706123,53.629496601818644],[9.775169909068877,53.629496601818644]]]}},{"type":"Feature","properties":{"jobs":0,"pop":500,"pointCount":3,"homeWorkCommuteMedian":19874,"workHomeCommuteMedian":-1},"geometry":{"type":"Polygon","coordinates":[[[9.775169909068877,53.63848980545589],[9.775169909068877,53.647483009093136],[9.784163112706123,53.647483009093136],[9.784163112706123,53.63848980545589],[9.775169909068877,53.63848980545589]]]}},{"type":"Feature","properties":{"jobs":700,"pop":1700,"pointCount":11,"homeWorkCommuteMedian":19180,"workHomeCommuteMedian":28102},"geometry":{"type":"Polygon","coordinates":[[[9.775169909068877,53.647483009093136],[9.775169909068877,53.65647621273038],[9.784163112706123,53.65647621273038],[9.784163112706123,53.647483009093136],[9.775169909068877,53.647483009093136]]]}},{"type":"Feature","properties":{"jobs":100,"pop":500,"pointCount":6,"homeWorkCommuteMedian":28615,"workHomeCommuteMedian":17588},"geometry":{"type":"Polygon","coordinates":[[[9.775169909068877,53.65647621273038],[9.775169909068877,53.66546941636763],[9.784163112706123,53.66546941636763],[9.784163112706123,53.65647621273038],[9.775169909068877,53.65647621273038]]]}},{"type":"Feature","properties":{"jobs":0,"pop":450,"pointCount":2,"homeWorkCommuteMedian":23251,"workHomeCommuteMedian":-1},"geometry":{"type":"Polygon","coordinates":[[[9.775169909068877,53.66546941636763],[9.775169909068877,53.674462620004874],[9.784163112706123,53.674462620004874],[9.784163112706123,53.66546941636763],[9.775169909068877,53.66546941636763]]]}},{"type":"Feature","properties":{"jobs":0,"pop":300,"pointCount":1,"homeWorkCommuteMedian":14609,"workHomeCommuteMedian":-1},"geometry":{"type":"Polygon","coordinates":[[[9.775169909068877,53.674462620004874],[9.775169909068877,53.68345582364212],[9.784163112706123,53.68345582364212],[9.784163112706123,53.674462620004874],[9.775169909068877,53.674462620004874]]]}},{"type":"Feature","properties":{"jobs":0,"pop":100,"pointCount":1,"homeWorkCommuteMedian":20822,"workHomeCommuteMedian":-1},"geometry":{"type":"Polygon","coordinates":[[[9.775169909068877,53.68345582364212],[9.775169909068877,53.692449027279366],[9.784163112706123,53.692449027279366],[9.784163112706123,53.68345582364212],[9.775169909068877,53.68345582364212]]]}},{"type":"Feature","properties":{"jobs":0,"pop":200,"pointCount":2,"homeWorkCommuteMedian":39683,"workHomeCommuteMedian":-1},"geometry":{"type":"Polygon","coordinates":[[[9.775169909068877,53.719428638191104],[9.775169909068877,53.72842184182835],[9.784163112706123,53.72842184182835],[9.784163112706123,53.719428638191104],[9.775169909068877,53.719428638191104]]]}},{"type":"Feature","properties":{"jobs":0,"pop":100,"pointCount":1,"homeWorkCommuteMedian":18875,"workHomeCommuteMedian":-1},"geometry":{"type":"Polygon","coordinates":[[[9.775169909068877,53.72842184182835],[9.775169909068877,53.737415045465596],[9.784163112706123,53.737415045465596],[9.784163112706123,53.72842184182835],[9.775169909068877,53.72842184182835]]]}},{"type":"Feature","properties":{"jobs":100,"pop":400,"pointCount":5,"homeWorkCommuteMedian":35458,"workHomeCommuteMedian":18547},"geometry":{"type":"Polygon","coordinates":[[[9.775169909068877,53.782381063651826],[9.775169909068877,53.79137426728907],[9.784163112706123,53.79137426728907],[9.784163112706123,53.782381063651826],[9.775169909068877,53.782381063651826]]]}},{"type":"Feature","properties":{"jobs":0,"pop":550,"pointCount":4,"homeWorkCommuteMedian":38771,"workHomeCommuteMedian":-1},"geometry":{"type":"Polygon","coordinates":[[[9.775169909068877,53.79137426728907],[9.775169909068877,53.80036747092632],[9.784163112706123,53.80036747092632],[9.784163112706123,53.79137426728907],[9.775169909068877,53.79137426728907]]]}},{"type":"Feature","properties":{"jobs":300,"pop":100,"pointCount":2,"homeWorkCommuteMedian":17156,"workHomeCommuteMedian":38813},"geometry":{"type":"Polygon","coordinates":[[[9.784163112706123,53.36869369633851],[9.784163112706123,53.37768689997576],[9.793156316343369,53.37768689997576],[9.793156316343369,53.36869369633851],[9.784163112706123,53.36869369633851]]]}},{"type":"Feature","properties":{"jobs":0,"pop":100,"pointCount":1,"homeWorkCommuteMedian":24287,"workHomeCommuteMedian":-1},"geometry":{"type":"Polygon","coordinates":[[[9.784163112706123,53.37768689997576],[9.784163112706123,53.386680103613],[9.793156316343369,53.386680103613],[9.793156316343369,53.37768689997576],[9.784163112706123,53.37768689997576]]]}},{"type":"Feature","properties":{"jobs":0,"pop":100,"pointCount":1,"homeWorkCommuteMedian":21529,"workHomeCommuteMedian":-1},"geometry":{"type":"Polygon","coordinates":[[[9.784163112706123,53.404666510887495],[9.784163112706123,53.41365971452474],[9.793156316343369,53.41365971452474],[9.793156316343369,53.404666510887495],[9.784163112706123,53.404666510887495]]]}},{"type":"Feature","properties":{"jobs":0,"pop":300,"pointCount":3,"homeWorkCommuteMedian":34879,"workHomeCommuteMedian":-1},"geometry":{"type":"Polygon","coordinates":[[[9.784163112706123,53.41365971452474],[9.784163112706123,53.42265291816199],[9.793156316343369,53.42265291816199],[9.793156316343369,53.41365971452474],[9.784163112706123,53.41365971452474]]]}},{"type":"Feature","properties":{"jobs":1600,"pop":1000,"pointCount":8,"homeWorkCommuteMedian":45648,"workHomeCommuteMedian":37464},"geometry":{"type":"Polygon","coordinates":[[[9.784163112706123,53.42265291816199],[9.784163112706123,53.43164612179923],[9.793156316343369,53.43164612179923],[9.793156316343369,53.42265291816199],[9.784163112706123,53.42265291816199]]]}},{"type":"Feature","properties":{"jobs":0,"pop":200,"pointCount":2,"homeWorkCommuteMedian":22283,"workHomeCommuteMedian":-1},"geometry":{"type":"Polygon","coordinates":[[[9.784163112706123,53.449632529073725],[9.784163112706123,53.45862573271097],[9.793156316343369,53.45862573271097],[9.793156316343369,53.449632529073725],[9.784163112706123,53.449632529073725]]]}},{"type":"Feature","properties":{"jobs":2400,"pop":1500,"pointCount":13,"homeWorkCommuteMedian":28181,"workHomeCommuteMedian":29110},"geometry":{"type":"Polygon","coordinates":[[[9.784163112706123,53.45862573271097],[9.784163112706123,53.46761893634822],[9.793156316343369,53.46761893634822],[9.793156316343369,53.45862573271097],[9.784163112706123,53.45862573271097]]]}},{"type":"Feature","properties":{"jobs":1800,"pop":700,"pointCount":10,"homeWorkCommuteMedian":29255,"workHomeCommuteMedian":34158},"geometry":{"type":"Polygon","coordinates":[[[9.784163112706123,53.46761893634822],[9.784163112706123,53.47661213998546],[9.793156316343369,53.47661213998546],[9.793156316343369,53.46761893634822],[9.784163112706123,53.46761893634822]]]}},{"type":"Feature","properties":{"jobs":800,"pop":200,"pointCount":3,"homeWorkCommuteMedian":38456,"workHomeCommuteMedian":25494},"geometry":{"type":"Polygon","coordinates":[[[9.784163112706123,53.51258495453445],[9.784163112706123,53.52157815817169],[9.793156316343369,53.52157815817169],[9.793156316343369,53.51258495453445],[9.784163112706123,53.51258495453445]]]}},{"type":"Feature","properties":{"jobs":0,"pop":100,"pointCount":1,"homeWorkCommuteMedian":29844,"workHomeCommuteMedian":-1},"geometry":{"type":"Polygon","coordinates":[[[9.784163112706123,53.53057136180894],[9.784163112706123,53.539564565446184],[9.793156316343369,53.539564565446184],[9.793156316343369,53.53057136180894],[9.784163112706123,53.53057136180894]]]}},{"type":"Feature","properties":{"jobs":0,"pop":100,"pointCount":1,"homeWorkCommuteMedian":21275,"workHomeCommuteMedian":-1},"geometry":{"type":"Polygon","coordinates":[[[9.784163112706123,53.557550972720676],[9.784163112706123,53.56654417635792],[9.793156316343369,53.56654417635792],[9.793156316343369,53.557550972720676],[9.784163112706123,53.557550972720676]]]}},{"type":"Feature","properties":{"jobs":0,"pop":300,"pointCount":3,"homeWorkCommuteMedian":13293,"workHomeCommuteMedian":-1},"geometry":{"type":"Polygon","coordinates":[[[9.784163112706123,53.56654417635792],[9.784163112706123,53.57553737999517],[9.793156316343369,53.57553737999517],[9.793156316343369,53.56654417635792],[9.784163112706123,53.56654417635792]]]}},{"type":"Feature","properties":{"jobs":900,"pop":600,"pointCount":8,"homeWorkCommuteMedian":33244,"workHomeCommuteMedian":18417},"geometry":{"type":"Polygon","coordinates":[[[9.784163112706123,53.57553737999517],[9.784163112706123,53.584530583632414],[9.793156316343369,53.584530583632414],[9.793156316343369,53.57553737999517],[9.784163112706123,53.57553737999517]]]}},{"type":"Feature","properties":{"jobs":0,"pop":100,"pointCount":1,"homeWorkCommuteMedian":40296,"workHomeCommuteMedian":-1},"geometry":{"type":"Polygon","coordinates":[[[9.784163112706123,53.584530583632414],[9.784163112706123,53.59352378726966],[9.793156316343369,53.59352378726966],[9.793156316343369,53.584530583632414],[9.784163112706123,53.584530583632414]]]}},{"type":"Feature","properties":{"jobs":0,"pop":500,"pointCount":4,"homeWorkCommuteMedian":25092,"workHomeCommuteMedian":-1},"geometry":{"type":"Polygon","coordinates":[[[9.784163112706123,53.61151019454415],[9.784163112706123,53.6205033981814],[9.793156316343369,53.6205033981814],[9.793156316343369,53.61151019454415],[9.784163112706123,53.61151019454415]]]}},{"type":"Feature","properties":{"jobs":0,"pop":200,"pointCount":2,"homeWorkCommuteMedian":24005,"workHomeCommuteMedian":-1},"geometry":{"type":"Polygon","coordinates":[[[9.784163112706123,53.6205033981814],[9.784163112706123,53.629496601818644],[9.793156316343369,53.629496601818644],[9.793156316343369,53.6205033981814],[9.784163112706123,53.6205033981814]]]}},{"type":"Feature","properties":{"jobs":300,"pop":550,"pointCount":5,"homeWorkCommuteMedian":21185,"workHomeCommuteMedian":21085},"geometry":{"type":"Polygon","coordinates":[[[9.784163112706123,53.629496601818644],[9.784163112706123,53.63848980545589],[9.793156316343369,53.63848980545589],[9.793156316343369,53.629496601818644],[9.784163112706123,53.629496601818644]]]}},{"type":"Feature","properties":{"jobs":100,"pop":200,"pointCount":3,"homeWorkCommuteMedian":36874,"workHomeCommuteMedian":15500},"geometry":{"type":"Polygon","coordinates":[[[9.784163112706123,53.63848980545589],[9.784163112706123,53.647483009093136],[9.793156316343369,53.647483009093136],[9.793156316343369,53.63848980545589],[9.784163112706123,53.63848980545589]]]}},{"type":"Feature","properties":{"jobs":2000,"pop":1550,"pointCount":11,"homeWorkCommuteMedian":20185,"workHomeCommuteMedian":18384},"geometry":{"type":"Polygon","coordinates":[[[9.784163112706123,53.647483009093136],[9.784163112706123,53.65647621273038],[9.793156316343369,53.65647621273038],[9.793156316343369,53.647483009093136],[9.784163112706123,53.647483009093136]]]}},{"type":"Feature","properties":{"jobs":1400,"pop":1050,"pointCount":10,"homeWorkCommuteMedian":19195,"workHomeCommuteMedian":21403},"geometry":{"type":"Polygon","coordinates":[[[9.784163112706123,53.65647621273038],[9.784163112706123,53.66546941636763],[9.793156316343369,53.66546941636763],[9.793156316343369,53.65647621273038],[9.784163112706123,53.65647621273038]]]}},{"type":"Feature","properties":{"jobs":300,"pop":1000,"pointCount":7,"homeWorkCommuteMedian":15927,"workHomeCommuteMedian":29201},"geometry":{"type":"Polygon","coordinates":[[[9.784163112706123,53.66546941636763],[9.784163112706123,53.674462620004874],[9.793156316343369,53.674462620004874],[9.793156316343369,53.66546941636763],[9.784163112706123,53.66546941636763]]]}},{"type":"Feature","properties":{"jobs":100,"pop":600,"pointCount":6,"homeWorkCommuteMedian":28770,"workHomeCommuteMedian":25593},"geometry":{"type":"Polygon","coordinates":[[[9.784163112706123,53.674462620004874],[9.784163112706123,53.68345582364212],[9.793156316343369,53.68345582364212],[9.793156316343369,53.674462620004874],[9.784163112706123,53.674462620004874]]]}},{"type":"Feature","properties":{"jobs":600,"pop":400,"pointCount":4,"homeWorkCommuteMedian":29062,"workHomeCommuteMedian":28841},"geometry":{"type":"Polygon","coordinates":[[[9.784163112706123,53.68345582364212],[9.784163112706123,53.692449027279366],[9.793156316343369,53.692449027279366],[9.793156316343369,53.68345582364212],[9.784163112706123,53.68345582364212]]]}},{"type":"Feature","properties":{"jobs":300,"pop":100,"pointCount":2,"homeWorkCommuteMedian":17076,"workHomeCommuteMedian":26129},"geometry":{"type":"Polygon","coordinates":[[[9.784163112706123,53.692449027279366],[9.784163112706123,53.70144223091661],[9.793156316343369,53.70144223091661],[9.793156316343369,53.692449027279366],[9.784163112706123,53.692449027279366]]]}},{"type":"Feature","properties":{"jobs":100,"pop":100,"pointCount":2,"homeWorkCommuteMedian":15316,"workHomeCommuteMedian":27475},"geometry":{"type":"Polygon","coordinates":[[[9.784163112706123,53.782381063651826],[9.784163112706123,53.79137426728907],[9.793156316343369,53.79137426728907],[9.793156316343369,53.782381063651826],[9.784163112706123,53.782381063651826]]]}},{"type":"Feature","properties":{"jobs":0,"pop":100,"pointCount":1,"homeWorkCommuteMedian":30699,"workHomeCommuteMedian":-1},"geometry":{"type":"Polygon","coordinates":[[[9.784163112706123,53.79137426728907],[9.784163112706123,53.80036747092632],[9.793156316343369,53.80036747092632],[9.793156316343369,53.79137426728907],[9.784163112706123,53.79137426728907]]]}},{"type":"Feature","properties":{"jobs":0,"pop":100,"pointCount":1,"homeWorkCommuteMedian":50655,"workHomeCommuteMedian":-1},"geometry":{"type":"Polygon","coordinates":[[[9.784163112706123,53.827347081838056],[9.784163112706123,53.8363402854753],[9.793156316343369,53.8363402854753],[9.793156316343369,53.827347081838056],[9.784163112706123,53.827347081838056]]]}},{"type":"Feature","properties":{"jobs":0,"pop":100,"pointCount":1,"homeWorkCommuteMedian":30823,"workHomeCommuteMedian":-1},"geometry":{"type":"Polygon","coordinates":[[[9.784163112706123,53.88130630366153],[9.784163112706123,53.89029950729878],[9.793156316343369,53.89029950729878],[9.793156316343369,53.88130630366153],[9.784163112706123,53.88130630366153]]]}},{"type":"Feature","properties":{"jobs":100,"pop":200,"pointCount":2,"homeWorkCommuteMedian":20215,"workHomeCommuteMedian":43255},"geometry":{"type":"Polygon","coordinates":[[[9.784163112706123,53.89029950729878],[9.784163112706123,53.899292710936024],[9.793156316343369,53.899292710936024],[9.793156316343369,53.89029950729878],[9.784163112706123,53.89029950729878]]]}},{"type":"Feature","properties":{"jobs":0,"pop":100,"pointCount":1,"homeWorkCommuteMedian":17970,"workHomeCommuteMedian":-1},"geometry":{"type":"Polygon","coordinates":[[[9.793156316343369,53.359700492701265],[9.793156316343369,53.36869369633851],[9.802149519980615,53.36869369633851],[9.802149519980615,53.359700492701265],[9.793156316343369,53.359700492701265]]]}},{"type":"Feature","properties":{"jobs":200,"pop":200,"pointCount":3,"homeWorkCommuteMedian":49406,"workHomeCommuteMedian":49580},"geometry":{"type":"Polygon","coordinates":[[[9.793156316343369,53.36869369633851],[9.793156316343369,53.37768689997576],[9.802149519980615,53.37768689997576],[9.802149519980615,53.36869369633851],[9.793156316343369,53.36869369633851]]]}},{"type":"Feature","properties":{"jobs":0,"pop":100,"pointCount":1,"homeWorkCommuteMedian":22360,"workHomeCommuteMedian":-1},"geometry":{"type":"Polygon","coordinates":[[[9.793156316343369,53.37768689997576],[9.793156316343369,53.386680103613],[9.802149519980615,53.386680103613],[9.802149519980615,53.37768689997576],[9.793156316343369,53.37768689997576]]]}},{"type":"Feature","properties":{"jobs":0,"pop":100,"pointCount":1,"homeWorkCommuteMedian":19358,"workHomeCommuteMedian":-1},"geometry":{"type":"Polygon","coordinates":[[[9.793156316343369,53.386680103613],[9.793156316343369,53.39567330725025],[9.802149519980615,53.39567330725025],[9.802149519980615,53.386680103613],[9.793156316343369,53.386680103613]]]}},{"type":"Feature","properties":{"jobs":900,"pop":400,"pointCount":6,"homeWorkCommuteMedian":36428,"workHomeCommuteMedian":35625},"geometry":{"type":"Polygon","coordinates":[[[9.793156316343369,53.41365971452474],[9.793156316343369,53.42265291816199],[9.802149519980615,53.42265291816199],[9.802149519980615,53.41365971452474],[9.793156316343369,53.41365971452474]]]}},{"type":"Feature","properties":{"jobs":0,"pop":200,"pointCount":2,"homeWorkCommuteMedian":22843,"workHomeCommuteMedian":-1},"geometry":{"type":"Polygon","coordinates":[[[9.793156316343369,53.42265291816199],[9.793156316343369,53.43164612179923],[9.802149519980615,53.43164612179923],[9.802149519980615,53.42265291816199],[9.793156316343369,53.42265291816199]]]}},{"type":"Feature","properties":{"jobs":0,"pop":100,"pointCount":1,"homeWorkCommuteMedian":45559,"workHomeCommuteMedian":-1},"geometry":{"type":"Polygon","coordinates":[[[9.793156316343369,53.43164612179923],[9.793156316343369,53.44063932543648],[9.802149519980615,53.44063932543648],[9.802149519980615,53.43164612179923],[9.793156316343369,53.43164612179923]]]}},{"type":"Feature","properties":{"jobs":100,"pop":0,"pointCount":1,"homeWorkCommuteMedian":-1,"workHomeCommuteMedian":26534},"geometry":{"type":"Polygon","coordinates":[[[9.793156316343369,53.44063932543648],[9.793156316343369,53.449632529073725],[9.802149519980615,53.449632529073725],[9.802149519980615,53.44063932543648],[9.793156316343369,53.44063932543648]]]}},{"type":"Feature","properties":{"jobs":0,"pop":200,"pointCount":2,"homeWorkCommuteMedian":47529,"workHomeCommuteMedian":-1},"geometry":{"type":"Polygon","coordinates":[[[9.793156316343369,53.449632529073725],[9.793156316343369,53.45862573271097],[9.802149519980615,53.45862573271097],[9.802149519980615,53.449632529073725],[9.793156316343369,53.449632529073725]]]}},{"type":"Feature","properties":{"jobs":2800,"pop":800,"pointCount":10,"homeWorkCommuteMedian":25006,"workHomeCommuteMedian":30261},"geometry":{"type":"Polygon","coordinates":[[[9.793156316343369,53.45862573271097],[9.793156316343369,53.46761893634822],[9.802149519980615,53.46761893634822],[9.802149519980615,53.45862573271097],[9.793156316343369,53.45862573271097]]]}},{"type":"Feature","properties":{"jobs":800,"pop":600,"pointCount":6,"homeWorkCommuteMedian":33311,"workHomeCommuteMedian":29316},"geometry":{"type":"Polygon","coordinates":[[[9.793156316343369,53.46761893634822],[9.793156316343369,53.47661213998546],[9.802149519980615,53.47661213998546],[9.802149519980615,53.46761893634822],[9.793156316343369,53.46761893634822]]]}},{"type":"Feature","properties":{"jobs":100,"pop":0,"pointCount":1,"homeWorkCommuteMedian":-1,"workHomeCommuteMedian":17551},"geometry":{"type":"Polygon","coordinates":[[[9.793156316343369,53.47661213998546],[9.793156316343369,53.48560534362271],[9.802149519980615,53.48560534362271],[9.802149519980615,53.47661213998546],[9.793156316343369,53.47661213998546]]]}},{"type":"Feature","properties":{"jobs":0,"pop":200,"pointCount":2,"homeWorkCommuteMedian":25980,"workHomeCommuteMedian":-1},"geometry":{"type":"Polygon","coordinates":[[[9.793156316343369,53.51258495453445],[9.793156316343369,53.52157815817169],[9.802149519980615,53.52157815817169],[9.802149519980615,53.51258495453445],[9.793156316343369,53.51258495453445]]]}},{"type":"Feature","properties":{"jobs":100,"pop":0,"pointCount":1,"homeWorkCommuteMedian":-1,"workHomeCommuteMedian":19192},"geometry":{"type":"Polygon","coordinates":[[[9.793156316343369,53.52157815817169],[9.793156316343369,53.53057136180894],[9.802149519980615,53.53057136180894],[9.802149519980615,53.52157815817169],[9.793156316343369,53.52157815817169]]]}},{"type":"Feature","properties":{"jobs":0,"pop":100,"pointCount":1,"homeWorkCommuteMedian":20818,"workHomeCommuteMedian":-1},"geometry":{"type":"Polygon","coordinates":[[[9.793156316343369,53.54855776908343],[9.793156316343369,53.557550972720676],[9.802149519980615,53.557550972720676],[9.802149519980615,53.54855776908343],[9.793156316343369,53.54855776908343]]]}},{"type":"Feature","properties":{"jobs":100,"pop":400,"pointCount":4,"homeWorkCommuteMedian":24738,"workHomeCommuteMedian":18832},"geometry":{"type":"Polygon","coordinates":[[[9.793156316343369,53.557550972720676],[9.793156316343369,53.56654417635792],[9.802149519980615,53.56654417635792],[9.802149519980615,53.557550972720676],[9.793156316343369,53.557550972720676]]]}},{"type":"Feature","properties":{"jobs":0,"pop":300,"pointCount":3,"homeWorkCommuteMedian":18913,"workHomeCommuteMedian":-1},"geometry":{"type":"Polygon","coordinates":[[[9.793156316343369,53.56654417635792],[9.793156316343369,53.57553737999517],[9.802149519980615,53.57553737999517],[9.802149519980615,53.56654417635792],[9.793156316343369,53.56654417635792]]]}},{"type":"Feature","properties":{"jobs":2750,"pop":600,"pointCount":9,"homeWorkCommuteMedian":27148,"workHomeCommuteMedian":21457},"geometry":{"type":"Polygon","coordinates":[[[9.793156316343369,53.57553737999517],[9.793156316343369,53.584530583632414],[9.802149519980615,53.584530583632414],[9.802149519980615,53.57553737999517],[9.793156316343369,53.57553737999517]]]}},{"type":"Feature","properties":{"jobs":0,"pop":100,"pointCount":1,"homeWorkCommuteMedian":16551,"workHomeCommuteMedian":-1},"geometry":{"type":"Polygon","coordinates":[[[9.793156316343369,53.584530583632414],[9.793156316343369,53.59352378726966],[9.802149519980615,53.59352378726966],[9.802149519980615,53.584530583632414],[9.793156316343369,53.584530583632414]]]}},{"type":"Feature","properties":{"jobs":0,"pop":100,"pointCount":1,"homeWorkCommuteMedian":28074,"workHomeCommuteMedian":-1},"geometry":{"type":"Polygon","coordinates":[[[9.793156316343369,53.602516990906906],[9.793156316343369,53.61151019454415],[9.802149519980615,53.61151019454415],[9.802149519980615,53.602516990906906],[9.793156316343369,53.602516990906906]]]}},{"type":"Feature","properties":{"jobs":200,"pop":400,"pointCount":5,"homeWorkCommuteMedian":24041,"workHomeCommuteMedian":15747},"geometry":{"type":"Polygon","coordinates":[[[9.793156316343369,53.61151019454415],[9.793156316343369,53.6205033981814],[9.802149519980615,53.6205033981814],[9.802149519980615,53.61151019454415],[9.793156316343369,53.61151019454415]]]}},{"type":"Feature","properties":{"jobs":200,"pop":100,"pointCount":2,"homeWorkCommuteMedian":32731,"workHomeCommuteMedian":20596},"geometry":{"type":"Polygon","coordinates":[[[9.793156316343369,53.6205033981814],[9.793156316343369,53.629496601818644],[9.802149519980615,53.629496601818644],[9.802149519980615,53.6205033981814],[9.793156316343369,53.6205033981814]]]}},{"type":"Feature","properties":{"jobs":0,"pop":650,"pointCount":4,"homeWorkCommuteMedian":18072,"workHomeCommuteMedian":-1},"geometry":{"type":"Polygon","coordinates":[[[9.793156316343369,53.629496601818644],[9.793156316343369,53.63848980545589],[9.802149519980615,53.63848980545589],[9.802149519980615,53.629496601818644],[9.793156316343369,53.629496601818644]]]}},{"type":"Feature","properties":{"jobs":0,"pop":100,"pointCount":1,"homeWorkCommuteMedian":13294,"workHomeCommuteMedian":-1},"geometry":{"type":"Polygon","coordinates":[[[9.793156316343369,53.63848980545589],[9.793156316343369,53.647483009093136],[9.802149519980615,53.647483009093136],[9.802149519980615,53.63848980545589],[9.793156316343369,53.63848980545589]]]}},{"type":"Feature","properties":{"jobs":200,"pop":800,"pointCount":8,"homeWorkCommuteMedian":14127,"workHomeCommuteMedian":15905},"geometry":{"type":"Polygon","coordinates":[[[9.793156316343369,53.647483009093136],[9.793156316343369,53.65647621273038],[9.802149519980615,53.65647621273038],[9.802149519980615,53.647483009093136],[9.793156316343369,53.647483009093136]]]}},{"type":"Feature","properties":{"jobs":6200,"pop":950,"pointCount":15,"homeWorkCommuteMedian":19816,"workHomeCommuteMedian":21313},"geometry":{"type":"Polygon","coordinates":[[[9.793156316343369,53.65647621273038],[9.793156316343369,53.66546941636763],[9.802149519980615,53.66546941636763],[9.802149519980615,53.65647621273038],[9.793156316343369,53.65647621273038]]]}},{"type":"Feature","properties":{"jobs":1600,"pop":300,"pointCount":6,"homeWorkCommuteMedian":23601,"workHomeCommuteMedian":22778},"geometry":{"type":"Polygon","coordinates":[[[9.793156316343369,53.66546941636763],[9.793156316343369,53.674462620004874],[9.802149519980615,53.674462620004874],[9.802149519980615,53.66546941636763],[9.793156316343369,53.66546941636763]]]}},{"type":"Feature","properties":{"jobs":0,"pop":600,"pointCount":4,"homeWorkCommuteMedian":21014,"workHomeCommuteMedian":-1},"geometry":{"type":"Polygon","coordinates":[[[9.793156316343369,53.674462620004874],[9.793156316343369,53.68345582364212],[9.802149519980615,53.68345582364212],[9.802149519980615,53.674462620004874],[9.793156316343369,53.674462620004874]]]}},{"type":"Feature","properties":{"jobs":0,"pop":100,"pointCount":1,"homeWorkCommuteMedian":20133,"workHomeCommuteMedian":-1},"geometry":{"type":"Polygon","coordinates":[[[9.793156316343369,53.68345582364212],[9.793156316343369,53.692449027279366],[9.802149519980615,53.692449027279366],[9.802149519980615,53.68345582364212],[9.793156316343369,53.68345582364212]]]}},{"type":"Feature","properties":{"jobs":0,"pop":100,"pointCount":1,"homeWorkCommuteMedian":22239,"workHomeCommuteMedian":-1},"geometry":{"type":"Polygon","coordinates":[[[9.793156316343369,53.692449027279366],[9.793156316343369,53.70144223091661],[9.802149519980615,53.70144223091661],[9.802149519980615,53.692449027279366],[9.793156316343369,53.692449027279366]]]}},{"type":"Feature","properties":{"jobs":0,"pop":100,"pointCount":1,"homeWorkCommuteMedian":27100,"workHomeCommuteMedian":-1},"geometry":{"type":"Polygon","coordinates":[[[9.793156316343369,53.70144223091661],[9.793156316343369,53.71043543455386],[9.802149519980615,53.71043543455386],[9.802149519980615,53.70144223091661],[9.793156316343369,53.70144223091661]]]}},{"type":"Feature","properties":{"jobs":0,"pop":100,"pointCount":1,"homeWorkCommuteMedian":20150,"workHomeCommuteMedian":-1},"geometry":{"type":"Polygon","coordinates":[[[9.793156316343369,53.77338786001458],[9.793156316343369,53.782381063651826],[9.802149519980615,53.782381063651826],[9.802149519980615,53.77338786001458],[9.793156316343369,53.77338786001458]]]}},{"type":"Feature","properties":{"jobs":0,"pop":100,"pointCount":1,"homeWorkCommuteMedian":73184,"workHomeCommuteMedian":-1},"geometry":{"type":"Polygon","coordinates":[[[9.793156316343369,53.89029950729878],[9.793156316343369,53.899292710936024],[9.802149519980615,53.899292710936024],[9.802149519980615,53.89029950729878],[9.793156316343369,53.89029950729878]]]}},{"type":"Feature","properties":{"jobs":100,"pop":0,"pointCount":1,"homeWorkCommuteMedian":-1,"workHomeCommuteMedian":15373},"geometry":{"type":"Polygon","coordinates":[[[9.802149519980615,53.359700492701265],[9.802149519980615,53.36869369633851],[9.811142723617861,53.36869369633851],[9.811142723617861,53.359700492701265],[9.802149519980615,53.359700492701265]]]}},{"type":"Feature","properties":{"jobs":0,"pop":200,"pointCount":1,"homeWorkCommuteMedian":31777,"workHomeCommuteMedian":-1},"geometry":{"type":"Polygon","coordinates":[[[9.802149519980615,53.36869369633851],[9.802149519980615,53.37768689997576],[9.811142723617861,53.37768689997576],[9.811142723617861,53.36869369633851],[9.802149519980615,53.36869369633851]]]}},{"type":"Feature","properties":{"jobs":0,"pop":100,"pointCount":1,"homeWorkCommuteMedian":14915,"workHomeCommuteMedian":-1},"geometry":{"type":"Polygon","coordinates":[[[9.802149519980615,53.37768689997576],[9.802149519980615,53.386680103613],[9.811142723617861,53.386680103613],[9.811142723617861,53.37768689997576],[9.802149519980615,53.37768689997576]]]}},{"type":"Feature","properties":{"jobs":200,"pop":200,"pointCount":4,"homeWorkCommuteMedian":71451,"workHomeCommuteMedian":43349},"geometry":{"type":"Polygon","coordinates":[[[9.802149519980615,53.41365971452474],[9.802149519980615,53.42265291816199],[9.811142723617861,53.42265291816199],[9.811142723617861,53.41365971452474],[9.802149519980615,53.41365971452474]]]}},{"type":"Feature","properties":{"jobs":100,"pop":0,"pointCount":1,"homeWorkCommuteMedian":-1,"workHomeCommuteMedian":36272},"geometry":{"type":"Polygon","coordinates":[[[9.802149519980615,53.42265291816199],[9.802149519980615,53.43164612179923],[9.811142723617861,53.43164612179923],[9.811142723617861,53.42265291816199],[9.802149519980615,53.42265291816199]]]}},{"type":"Feature","properties":{"jobs":100,"pop":100,"pointCount":2,"homeWorkCommuteMedian":34763,"workHomeCommuteMedian":35434},"geometry":{"type":"Polygon","coordinates":[[[9.802149519980615,53.43164612179923],[9.802149519980615,53.44063932543648],[9.811142723617861,53.44063932543648],[9.811142723617861,53.43164612179923],[9.802149519980615,53.43164612179923]]]}},{"type":"Feature","properties":{"jobs":600,"pop":300,"pointCount":4,"homeWorkCommuteMedian":22504,"workHomeCommuteMedian":46032},"geometry":{"type":"Polygon","coordinates":[[[9.802149519980615,53.44063932543648],[9.802149519980615,53.449632529073725],[9.811142723617861,53.449632529073725],[9.811142723617861,53.44063932543648],[9.802149519980615,53.44063932543648]]]}},{"type":"Feature","properties":{"jobs":0,"pop":400,"pointCount":2,"homeWorkCommuteMedian":25221,"workHomeCommuteMedian":-1},"geometry":{"type":"Polygon","coordinates":[[[9.802149519980615,53.449632529073725],[9.802149519980615,53.45862573271097],[9.811142723617861,53.45862573271097],[9.811142723617861,53.449632529073725],[9.802149519980615,53.449632529073725]]]}},{"type":"Feature","properties":{"jobs":1200,"pop":800,"pointCount":10,"homeWorkCommuteMedian":23994,"workHomeCommuteMedian":23448},"geometry":{"type":"Polygon","coordinates":[[[9.802149519980615,53.45862573271097],[9.802149519980615,53.46761893634822],[9.811142723617861,53.46761893634822],[9.811142723617861,53.45862573271097],[9.802149519980615,53.45862573271097]]]}},{"type":"Feature","properties":{"jobs":0,"pop":100,"pointCount":1,"homeWorkCommuteMedian":31973,"workHomeCommuteMedian":-1},"geometry":{"type":"Polygon","coordinates":[[[9.802149519980615,53.51258495453445],[9.802149519980615,53.52157815817169],[9.811142723617861,53.52157815817169],[9.811142723617861,53.51258495453445],[9.802149519980615,53.51258495453445]]]}},{"type":"Feature","properties":{"jobs":800,"pop":500,"pointCount":8,"homeWorkCommuteMedian":30469,"workHomeCommuteMedian":13920},"geometry":{"type":"Polygon","coordinates":[[[9.802149519980615,53.54855776908343],[9.802149519980615,53.557550972720676],[9.811142723617861,53.557550972720676],[9.811142723617861,53.54855776908343],[9.802149519980615,53.54855776908343]]]}},{"type":"Feature","properties":{"jobs":400,"pop":1550,"pointCount":13,"homeWorkCommuteMedian":20099,"workHomeCommuteMedian":36939},"geometry":{"type":"Polygon","coordinates":[[[9.802149519980615,53.557550972720676],[9.802149519980615,53.56654417635792],[9.811142723617861,53.56654417635792],[9.811142723617861,53.557550972720676],[9.802149519980615,53.557550972720676]]]}},{"type":"Feature","properties":{"jobs":0,"pop":650,"pointCount":5,"homeWorkCommuteMedian":22827,"workHomeCommuteMedian":-1},"geometry":{"type":"Polygon","coordinates":[[[9.802149519980615,53.56654417635792],[9.802149519980615,53.57553737999517],[9.811142723617861,53.57553737999517],[9.811142723617861,53.56654417635792],[9.802149519980615,53.56654417635792]]]}},{"type":"Feature","properties":{"jobs":700,"pop":1000,"pointCount":12,"homeWorkCommuteMedian":15731,"workHomeCommuteMedian":18801},"geometry":{"type":"Polygon","coordinates":[[[9.802149519980615,53.57553737999517],[9.802149519980615,53.584530583632414],[9.811142723617861,53.584530583632414],[9.811142723617861,53.57553737999517],[9.802149519980615,53.57553737999517]]]}},{"type":"Feature","properties":{"jobs":0,"pop":200,"pointCount":1,"homeWorkCommuteMedian":22906,"workHomeCommuteMedian":-1},"geometry":{"type":"Polygon","coordinates":[[[9.802149519980615,53.584530583632414],[9.802149519980615,53.59352378726966],[9.811142723617861,53.59352378726966],[9.811142723617861,53.584530583632414],[9.802149519980615,53.584530583632414]]]}},{"type":"Feature","properties":{"jobs":0,"pop":100,"pointCount":1,"homeWorkCommuteMedian":31252,"workHomeCommuteMedian":-1},"geometry":{"type":"Polygon","coordinates":[[[9.802149519980615,53.59352378726966],[9.802149519980615,53.602516990906906],[9.811142723617861,53.602516990906906],[9.811142723617861,53.59352378726966],[9.802149519980615,53.59352378726966]]]}},{"type":"Feature","properties":{"jobs":0,"pop":300,"pointCount":2,"homeWorkCommuteMedian":25558,"workHomeCommuteMedian":-1},"geometry":{"type":"Polygon","coordinates":[[[9.802149519980615,53.602516990906906],[9.802149519980615,53.61151019454415],[9.811142723617861,53.61151019454415],[9.811142723617861,53.602516990906906],[9.802149519980615,53.602516990906906]]]}},{"type":"Feature","properties":{"jobs":0,"pop":100,"pointCount":1,"homeWorkCommuteMedian":24343,"workHomeCommuteMedian":-1},"geometry":{"type":"Polygon","coordinates":[[[9.802149519980615,53.61151019454415],[9.802149519980615,53.6205033981814],[9.811142723617861,53.6205033981814],[9.811142723617861,53.61151019454415],[9.802149519980615,53.61151019454415]]]}},{"type":"Feature","properties":{"jobs":200,"pop":1000,"pointCount":8,"homeWorkCommuteMedian":14540,"workHomeCommuteMedian":17482},"geometry":{"type":"Polygon","coordinates":[[[9.802149519980615,53.63848980545589],[9.802149519980615,53.647483009093136],[9.811142723617861,53.647483009093136],[9.811142723617861,53.63848980545589],[9.802149519980615,53.63848980545589]]]}},{"type":"Feature","properties":{"jobs":100,"pop":200,"pointCount":3,"homeWorkCommuteMedian":41339,"workHomeCommuteMedian":52553},"geometry":{"type":"Polygon","coordinates":[[[9.802149519980615,53.647483009093136],[9.802149519980615,53.65647621273038],[9.811142723617861,53.65647621273038],[9.811142723617861,53.647483009093136],[9.802149519980615,53.647483009093136]]]}},{"type":"Feature","properties":{"jobs":1700,"pop":600,"pointCount":11,"homeWorkCommuteMedian":18900,"workHomeCommuteMedian":20379},"geometry":{"type":"Polygon","coordinates":[[[9.802149519980615,53.65647621273038],[9.802149519980615,53.66546941636763],[9.811142723617861,53.66546941636763],[9.811142723617861,53.65647621273038],[9.802149519980615,53.65647621273038]]]}},{"type":"Feature","properties":{"jobs":300,"pop":400,"pointCount":5,"homeWorkCommuteMedian":27444,"workHomeCommuteMedian":24642},"geometry":{"type":"Polygon","coordinates":[[[9.802149519980615,53.674462620004874],[9.802149519980615,53.68345582364212],[9.811142723617861,53.68345582364212],[9.811142723617861,53.674462620004874],[9.802149519980615,53.674462620004874]]]}},{"type":"Feature","properties":{"jobs":400,"pop":200,"pointCount":4,"homeWorkCommuteMedian":22995,"workHomeCommuteMedian":25512},"geometry":{"type":"Polygon","coordinates":[[[9.802149519980615,53.68345582364212],[9.802149519980615,53.692449027279366],[9.811142723617861,53.692449027279366],[9.811142723617861,53.68345582364212],[9.802149519980615,53.68345582364212]]]}},{"type":"Feature","properties":{"jobs":0,"pop":200,"pointCount":2,"homeWorkCommuteMedian":19989,"workHomeCommuteMedian":-1},"geometry":{"type":"Polygon","coordinates":[[[9.802149519980615,53.692449027279366],[9.802149519980615,53.70144223091661],[9.811142723617861,53.70144223091661],[9.811142723617861,53.692449027279366],[9.802149519980615,53.692449027279366]]]}},{"type":"Feature","properties":{"jobs":0,"pop":100,"pointCount":1,"homeWorkCommuteMedian":13132,"workHomeCommuteMedian":-1},"geometry":{"type":"Polygon","coordinates":[[[9.802149519980615,53.74640824910284],[9.802149519980615,53.75540145274009],[9.811142723617861,53.75540145274009],[9.811142723617861,53.74640824910284],[9.802149519980615,53.74640824910284]]]}},{"type":"Feature","properties":{"jobs":0,"pop":100,"pointCount":1,"homeWorkCommuteMedian":21900,"workHomeCommuteMedian":-1},"geometry":{"type":"Polygon","coordinates":[[[9.802149519980615,53.764394656377334],[9.802149519980615,53.77338786001458],[9.811142723617861,53.77338786001458],[9.811142723617861,53.764394656377334],[9.802149519980615,53.764394656377334]]]}},{"type":"Feature","properties":{"jobs":0,"pop":100,"pointCount":1,"homeWorkCommuteMedian":15132,"workHomeCommuteMedian":-1},"geometry":{"type":"Polygon","coordinates":[[[9.802149519980615,53.782381063651826],[9.802149519980615,53.79137426728907],[9.811142723617861,53.79137426728907],[9.811142723617861,53.782381063651826],[9.802149519980615,53.782381063651826]]]}},{"type":"Feature","properties":{"jobs":200,"pop":100,"pointCount":2,"homeWorkCommuteMedian":44072,"workHomeCommuteMedian":58895},"geometry":{"type":"Polygon","coordinates":[[[9.802149519980615,53.81835387820081],[9.802149519980615,53.827347081838056],[9.811142723617861,53.827347081838056],[9.811142723617861,53.81835387820081],[9.802149519980615,53.81835387820081]]]}},{"type":"Feature","properties":{"jobs":400,"pop":800,"pointCount":6,"homeWorkCommuteMedian":29626,"workHomeCommuteMedian":32874},"geometry":{"type":"Polygon","coordinates":[[[9.811142723617861,53.45862573271097],[9.811142723617861,53.46761893634822],[9.820135927255107,53.46761893634822],[9.820135927255107,53.45862573271097],[9.811142723617861,53.45862573271097]]]}},{"type":"Feature","properties":{"jobs":200,"pop":400,"pointCount":4,"homeWorkCommuteMedian":34208,"workHomeCommuteMedian":41574},"geometry":{"type":"Polygon","coordinates":[[[9.811142723617861,53.46761893634822],[9.811142723617861,53.47661213998546],[9.820135927255107,53.47661213998546],[9.820135927255107,53.46761893634822],[9.811142723617861,53.46761893634822]]]}},{"type":"Feature","properties":{"jobs":300,"pop":300,"pointCount":4,"homeWorkCommuteMedian":35612,"workHomeCommuteMedian":33362},"geometry":{"type":"Polygon","coordinates":[[[9.811142723617861,53.5035917508972],[9.811142723617861,53.51258495453445],[9.820135927255107,53.51258495453445],[9.820135927255107,53.5035917508972],[9.811142723617861,53.5035917508972]]]}},{"type":"Feature","properties":{"jobs":300,"pop":200,"pointCount":3,"homeWorkCommuteMedian":34739,"workHomeCommuteMedian":32106},"geometry":{"type":"Polygon","coordinates":[[[9.811142723617861,53.51258495453445],[9.811142723617861,53.52157815817169],[9.820135927255107,53.52157815817169],[9.820135927255107,53.51258495453445],[9.811142723617861,53.51258495453445]]]}},{"type":"Feature","properties":{"jobs":0,"pop":100,"pointCount":1,"homeWorkCommuteMedian":23379,"workHomeCommuteMedian":-1},"geometry":{"type":"Polygon","coordinates":[[[9.811142723617861,53.539564565446184],[9.811142723617861,53.54855776908343],[9.820135927255107,53.54855776908343],[9.820135927255107,53.539564565446184],[9.811142723617861,53.539564565446184]]]}},{"type":"Feature","properties":{"jobs":900,"pop":0,"pointCount":2,"homeWorkCommuteMedian":-1,"workHomeCommuteMedian":15380},"geometry":{"type":"Polygon","coordinates":[[[9.811142723617861,53.54855776908343],[9.811142723617861,53.557550972720676],[9.820135927255107,53.557550972720676],[9.820135927255107,53.54855776908343],[9.811142723617861,53.54855776908343]]]}},{"type":"Feature","properties":{"jobs":5300,"pop":750,"pointCount":14,"homeWorkCommuteMedian":27969,"workHomeCommuteMedian":20036},"geometry":{"type":"Polygon","coordinates":[[[9.811142723617861,53.557550972720676],[9.811142723617861,53.56654417635792],[9.820135927255107,53.56654417635792],[9.820135927255107,53.557550972720676],[9.811142723617861,53.557550972720676]]]}},{"type":"Feature","properties":{"jobs":400,"pop":1300,"pointCount":11,"homeWorkCommuteMedian":15673,"workHomeCommuteMedian":20661},"geometry":{"type":"Polygon","coordinates":[[[9.811142723617861,53.56654417635792],[9.811142723617861,53.57553737999517],[9.820135927255107,53.57553737999517],[9.820135927255107,53.56654417635792],[9.811142723617861,53.56654417635792]]]}},{"type":"Feature","properties":{"jobs":1600,"pop":1350,"pointCount":11,"homeWorkCommuteMedian":23701,"workHomeCommuteMedian":17471},"geometry":{"type":"Polygon","coordinates":[[[9.811142723617861,53.57553737999517],[9.811142723617861,53.584530583632414],[9.820135927255107,53.584530583632414],[9.820135927255107,53.57553737999517],[9.811142723617861,53.57553737999517]]]}},{"type":"Feature","properties":{"jobs":0,"pop":100,"pointCount":1,"homeWorkCommuteMedian":16389,"workHomeCommuteMedian":-1},"geometry":{"type":"Polygon","coordinates":[[[9.811142723617861,53.584530583632414],[9.811142723617861,53.59352378726966],[9.820135927255107,53.59352378726966],[9.820135927255107,53.584530583632414],[9.811142723617861,53.584530583632414]]]}},{"type":"Feature","properties":{"jobs":300,"pop":750,"pointCount":7,"homeWorkCommuteMedian":23261,"workHomeCommuteMedian":17796},"geometry":{"type":"Polygon","coordinates":[[[9.811142723617861,53.59352378726966],[9.811142723617861,53.602516990906906],[9.820135927255107,53.602516990906906],[9.820135927255107,53.59352378726966],[9.811142723617861,53.59352378726966]]]}},{"type":"Feature","properties":{"jobs":400,"pop":100,"pointCount":2,"homeWorkCommuteMedian":27971,"workHomeCommuteMedian":29028},"geometry":{"type":"Polygon","coordinates":[[[9.811142723617861,53.61151019454415],[9.811142723617861,53.6205033981814],[9.820135927255107,53.6205033981814],[9.820135927255107,53.61151019454415],[9.811142723617861,53.61151019454415]]]}},{"type":"Feature","properties":{"jobs":0,"pop":300,"pointCount":3,"homeWorkCommuteMedian":20172,"workHomeCommuteMedian":-1},"geometry":{"type":"Polygon","coordinates":[[[9.811142723617861,53.6205033981814],[9.811142723617861,53.629496601818644],[9.820135927255107,53.629496601818644],[9.820135927255107,53.6205033981814],[9.811142723617861,53.6205033981814]]]}},{"type":"Feature","properties":{"jobs":400,"pop":500,"pointCount":6,"homeWorkCommuteMedian":12645,"workHomeCommuteMedian":15551},"geometry":{"type":"Polygon","coordinates":[[[9.811142723617861,53.63848980545589],[9.811142723617861,53.647483009093136],[9.820135927255107,53.647483009093136],[9.820135927255107,53.63848980545589],[9.811142723617861,53.63848980545589]]]}},{"type":"Feature","properties":{"jobs":200,"pop":500,"pointCount":6,"homeWorkCommuteMedian":20417,"workHomeCommuteMedian":23393},"geometry":{"type":"Polygon","coordinates":[[[9.811142723617861,53.647483009093136],[9.811142723617861,53.65647621273038],[9.820135927255107,53.65647621273038],[9.820135927255107,53.647483009093136],[9.811142723617861,53.647483009093136]]]}},{"type":"Feature","properties":{"jobs":300,"pop":200,"pointCount":3,"homeWorkCommuteMedian":21958,"workHomeCommuteMedian":30973},"geometry":{"type":"Polygon","coordinates":[[[9.811142723617861,53.65647621273038],[9.811142723617861,53.66546941636763],[9.820135927255107,53.66546941636763],[9.820135927255107,53.65647621273038],[9.811142723617861,53.65647621273038]]]}},{"type":"Feature","properties":{"jobs":0,"pop":350,"pointCount":2,"homeWorkCommuteMedian":22248,"workHomeCommuteMedian":-1},"geometry":{"type":"Polygon","coordinates":[[[9.811142723617861,53.68345582364212],[9.811142723617861,53.692449027279366],[9.820135927255107,53.692449027279366],[9.820135927255107,53.68345582364212],[9.811142723617861,53.68345582364212]]]}},{"type":"Feature","properties":{"jobs":0,"pop":100,"pointCount":1,"homeWorkCommuteMedian":33783,"workHomeCommuteMedian":-1},"geometry":{"type":"Polygon","coordinates":[[[9.811142723617861,53.75540145274009],[9.811142723617861,53.764394656377334],[9.820135927255107,53.764394656377334],[9.820135927255107,53.75540145274009],[9.811142723617861,53.75540145274009]]]}},{"type":"Feature","properties":{"jobs":0,"pop":100,"pointCount":1,"homeWorkCommuteMedian":40561,"workHomeCommuteMedian":-1},"geometry":{"type":"Polygon","coordinates":[[[9.811142723617861,53.854326692749794],[9.811142723617861,53.86331989638704],[9.820135927255107,53.86331989638704],[9.820135927255107,53.854326692749794],[9.811142723617861,53.854326692749794]]]}},{"type":"Feature","properties":{"jobs":100,"pop":0,"pointCount":1,"homeWorkCommuteMedian":-1,"workHomeCommuteMedian":22871},"geometry":{"type":"Polygon","coordinates":[[[9.811142723617861,53.86331989638704],[9.811142723617861,53.872313100024286],[9.820135927255107,53.872313100024286],[9.820135927255107,53.86331989638704],[9.811142723617861,53.86331989638704]]]}},{"type":"Feature","properties":{"jobs":100,"pop":0,"pointCount":1,"homeWorkCommuteMedian":-1,"workHomeCommuteMedian":42613},"geometry":{"type":"Polygon","coordinates":[[[9.811142723617861,53.872313100024286],[9.811142723617861,53.88130630366153],[9.820135927255107,53.88130630366153],[9.820135927255107,53.872313100024286],[9.811142723617861,53.872313100024286]]]}},{"type":"Feature","properties":{"jobs":0,"pop":200,"pointCount":2,"homeWorkCommuteMedian":29469,"workHomeCommuteMedian":-1},"geometry":{"type":"Polygon","coordinates":[[[9.820135927255107,53.45862573271097],[9.820135927255107,53.46761893634822],[9.829129130892353,53.46761893634822],[9.829129130892353,53.45862573271097],[9.820135927255107,53.45862573271097]]]}},{"type":"Feature","properties":{"jobs":800,"pop":200,"pointCount":4,"homeWorkCommuteMedian":29789,"workHomeCommuteMedian":21869},"geometry":{"type":"Polygon","coordinates":[[[9.820135927255107,53.46761893634822],[9.820135927255107,53.47661213998546],[9.829129130892353,53.47661213998546],[9.829129130892353,53.46761893634822],[9.820135927255107,53.46761893634822]]]}},{"type":"Feature","properties":{"jobs":0,"pop":250,"pointCount":1,"homeWorkCommuteMedian":35568,"workHomeCommuteMedian":-1},"geometry":{"type":"Polygon","coordinates":[[[9.820135927255107,53.47661213998546],[9.820135927255107,53.48560534362271],[9.829129130892353,53.48560534362271],[9.829129130892353,53.47661213998546],[9.820135927255107,53.47661213998546]]]}},{"type":"Feature","properties":{"jobs":0,"pop":100,"pointCount":1,"homeWorkCommuteMedian":22527,"workHomeCommuteMedian":-1},"geometry":{"type":"Polygon","coordinates":[[[9.820135927255107,53.5035917508972],[9.820135927255107,53.51258495453445],[9.829129130892353,53.51258495453445],[9.829129130892353,53.5035917508972],[9.820135927255107,53.5035917508972]]]}},{"type":"Feature","properties":{"jobs":0,"pop":300,"pointCount":1,"homeWorkCommuteMedian":40422,"workHomeCommuteMedian":-1},"geometry":{"type":"Polygon","coordinates":[[[9.820135927255107,53.51258495453445],[9.820135927255107,53.52157815817169],[9.829129130892353,53.52157815817169],[9.829129130892353,53.51258495453445],[9.820135927255107,53.51258495453445]]]}},{"type":"Feature","properties":{"jobs":0,"pop":400,"pointCount":4,"homeWorkCommuteMedian":19709,"workHomeCommuteMedian":-1},"geometry":{"type":"Polygon","coordinates":[[[9.820135927255107,53.539564565446184],[9.820135927255107,53.54855776908343],[9.829129130892353,53.54855776908343],[9.829129130892353,53.539564565446184],[9.820135927255107,53.539564565446184]]]}},{"type":"Feature","properties":{"jobs":0,"pop":100,"pointCount":1,"homeWorkCommuteMedian":14802,"workHomeCommuteMedian":-1},"geometry":{"type":"Polygon","coordinates":[[[9.820135927255107,53.54855776908343],[9.820135927255107,53.557550972720676],[9.829129130892353,53.557550972720676],[9.829129130892353,53.54855776908343],[9.820135927255107,53.54855776908343]]]}},{"type":"Feature","properties":{"jobs":300,"pop":700,"pointCount":6,"homeWorkCommuteMedian":20930,"workHomeCommuteMedian":26160},"geometry":{"type":"Polygon","coordinates":[[[9.820135927255107,53.557550972720676],[9.820135927255107,53.56654417635792],[9.829129130892353,53.56654417635792],[9.829129130892353,53.557550972720676],[9.820135927255107,53.557550972720676]]]}},{"type":"Feature","properties":{"jobs":2200,"pop":1150,"pointCount":11,"homeWorkCommuteMedian":20622,"workHomeCommuteMedian":16889},"geometry":{"type":"Polygon","coordinates":[[[9.820135927255107,53.56654417635792],[9.820135927255107,53.57553737999517],[9.829129130892353,53.57553737999517],[9.829129130892353,53.56654417635792],[9.820135927255107,53.56654417635792]]]}},{"type":"Feature","properties":{"jobs":600,"pop":500,"pointCount":6,"homeWorkCommuteMedian":16973,"workHomeCommuteMedian":19968},"geometry":{"type":"Polygon","coordinates":[[[9.820135927255107,53.57553737999517],[9.820135927255107,53.584530583632414],[9.829129130892353,53.584530583632414],[9.829129130892353,53.57553737999517],[9.820135927255107,53.57553737999517]]]}},{"type":"Feature","properties":{"jobs":300,"pop":200,"pointCount":5,"homeWorkCommuteMedian":26733,"workHomeCommuteMedian":20972},"geometry":{"type":"Polygon","coordinates":[[[9.820135927255107,53.584530583632414],[9.820135927255107,53.59352378726966],[9.829129130892353,53.59352378726966],[9.829129130892353,53.584530583632414],[9.820135927255107,53.584530583632414]]]}},{"type":"Feature","properties":{"jobs":900,"pop":500,"pointCount":6,"homeWorkCommuteMedian":13302,"workHomeCommuteMedian":23229},"geometry":{"type":"Polygon","coordinates":[[[9.820135927255107,53.59352378726966],[9.820135927255107,53.602516990906906],[9.829129130892353,53.602516990906906],[9.829129130892353,53.59352378726966],[9.820135927255107,53.59352378726966]]]}},{"type":"Feature","properties":{"jobs":0,"pop":100,"pointCount":1,"homeWorkCommuteMedian":8743,"workHomeCommuteMedian":-1},"geometry":{"type":"Polygon","coordinates":[[[9.820135927255107,53.602516990906906],[9.820135927255107,53.61151019454415],[9.829129130892353,53.61151019454415],[9.829129130892353,53.602516990906906],[9.820135927255107,53.602516990906906]]]}},{"type":"Feature","properties":{"jobs":100,"pop":200,"pointCount":3,"homeWorkCommuteMedian":30526,"workHomeCommuteMedian":35850},"geometry":{"type":"Polygon","coordinates":[[[9.820135927255107,53.61151019454415],[9.820135927255107,53.6205033981814],[9.829129130892353,53.6205033981814],[9.829129130892353,53.61151019454415],[9.820135927255107,53.61151019454415]]]}},{"type":"Feature","properties":{"jobs":100,"pop":100,"pointCount":2,"homeWorkCommuteMedian":15730,"workHomeCommuteMedian":21564},"geometry":{"type":"Polygon","coordinates":[[[9.820135927255107,53.6205033981814],[9.820135927255107,53.629496601818644],[9.829129130892353,53.629496601818644],[9.829129130892353,53.6205033981814],[9.820135927255107,53.6205033981814]]]}},{"type":"Feature","properties":{"jobs":0,"pop":200,"pointCount":2,"homeWorkCommuteMedian":22050,"workHomeCommuteMedian":-1},"geometry":{"type":"Polygon","coordinates":[[[9.820135927255107,53.63848980545589],[9.820135927255107,53.647483009093136],[9.829129130892353,53.647483009093136],[9.829129130892353,53.63848980545589],[9.820135927255107,53.63848980545589]]]}},{"type":"Feature","properties":{"jobs":1100,"pop":300,"pointCount":7,"homeWorkCommuteMedian":18187,"workHomeCommuteMedian":20215},"geometry":{"type":"Polygon","coordinates":[[[9.820135927255107,53.647483009093136],[9.820135927255107,53.65647621273038],[9.829129130892353,53.65647621273038],[9.829129130892353,53.647483009093136],[9.820135927255107,53.647483009093136]]]}},{"type":"Feature","properties":{"jobs":0,"pop":400,"pointCount":4,"homeWorkCommuteMedian":18808,"workHomeCommuteMedian":-1},"geometry":{"type":"Polygon","coordinates":[[[9.820135927255107,53.65647621273038],[9.820135927255107,53.66546941636763],[9.829129130892353,53.66546941636763],[9.829129130892353,53.65647621273038],[9.820135927255107,53.65647621273038]]]}},{"type":"Feature","properties":{"jobs":0,"pop":100,"pointCount":1,"homeWorkCommuteMedian":53158,"workHomeCommuteMedian":-1},"geometry":{"type":"Polygon","coordinates":[[[9.820135927255107,53.66546941636763],[9.820135927255107,53.674462620004874],[9.829129130892353,53.674462620004874],[9.829129130892353,53.66546941636763],[9.820135927255107,53.66546941636763]]]}},{"type":"Feature","properties":{"jobs":0,"pop":100,"pointCount":1,"homeWorkCommuteMedian":21721,"workHomeCommuteMedian":-1},"geometry":{"type":"Polygon","coordinates":[[[9.820135927255107,53.692449027279366],[9.820135927255107,53.70144223091661],[9.829129130892353,53.70144223091661],[9.829129130892353,53.692449027279366],[9.820135927255107,53.692449027279366]]]}},{"type":"Feature","properties":{"jobs":200,"pop":100,"pointCount":3,"homeWorkCommuteMedian":16759,"workHomeCommuteMedian":54265},"geometry":{"type":"Polygon","coordinates":[[[9.820135927255107,53.88130630366153],[9.820135927255107,53.89029950729878],[9.829129130892353,53.89029950729878],[9.829129130892353,53.88130630366153],[9.820135927255107,53.88130630366153]]]}},{"type":"Feature","properties":{"jobs":100,"pop":100,"pointCount":2,"homeWorkCommuteMedian":35850,"workHomeCommuteMedian":17355},"geometry":{"type":"Polygon","coordinates":[[[9.829129130892353,53.404666510887495],[9.829129130892353,53.41365971452474],[9.838122334529599,53.41365971452474],[9.838122334529599,53.404666510887495],[9.829129130892353,53.404666510887495]]]}},{"type":"Feature","properties":{"jobs":0,"pop":200,"pointCount":2,"homeWorkCommuteMedian":34649,"workHomeCommuteMedian":-1},"geometry":{"type":"Polygon","coordinates":[[[9.829129130892353,53.45862573271097],[9.829129130892353,53.46761893634822],[9.838122334529599,53.46761893634822],[9.838122334529599,53.45862573271097],[9.829129130892353,53.45862573271097]]]}},{"type":"Feature","properties":{"jobs":100,"pop":1600,"pointCount":9,"homeWorkCommuteMedian":24608,"workHomeCommuteMedian":45428},"geometry":{"type":"Polygon","coordinates":[[[9.829129130892353,53.46761893634822],[9.829129130892353,53.47661213998546],[9.838122334529599,53.47661213998546],[9.838122334529599,53.46761893634822],[9.829129130892353,53.46761893634822]]]}},{"type":"Feature","properties":{"jobs":0,"pop":100,"pointCount":1,"homeWorkCommuteMedian":38448,"workHomeCommuteMedian":-1},"geometry":{"type":"Polygon","coordinates":[[[9.829129130892353,53.5035917508972],[9.829129130892353,53.51258495453445],[9.838122334529599,53.51258495453445],[9.838122334529599,53.5035917508972],[9.829129130892353,53.5035917508972]]]}},{"type":"Feature","properties":{"jobs":0,"pop":100,"pointCount":1,"homeWorkCommuteMedian":20855,"workHomeCommuteMedian":-1},"geometry":{"type":"Polygon","coordinates":[[[9.829129130892353,53.53057136180894],[9.829129130892353,53.539564565446184],[9.838122334529599,53.539564565446184],[9.838122334529599,53.53057136180894],[9.829129130892353,53.53057136180894]]]}},{"type":"Feature","properties":{"jobs":200,"pop":400,"pointCount":4,"homeWorkCommuteMedian":34638,"workHomeCommuteMedian":29785},"geometry":{"type":"Polygon","coordinates":[[[9.829129130892353,53.539564565446184],[9.829129130892353,53.54855776908343],[9.838122334529599,53.54855776908343],[9.838122334529599,53.539564565446184],[9.829129130892353,53.539564565446184]]]}},{"type":"Feature","properties":{"jobs":0,"pop":300,"pointCount":2,"homeWorkCommuteMedian":29872,"workHomeCommuteMedian":-1},"geometry":{"type":"Polygon","coordinates":[[[9.829129130892353,53.54855776908343],[9.829129130892353,53.557550972720676],[9.838122334529599,53.557550972720676],[9.838122334529599,53.54855776908343],[9.829129130892353,53.54855776908343]]]}},{"type":"Feature","properties":{"jobs":100,"pop":400,"pointCount":5,"homeWorkCommuteMedian":29342,"workHomeCommuteMedian":16134},"geometry":{"type":"Polygon","coordinates":[[[9.829129130892353,53.557550972720676],[9.829129130892353,53.56654417635792],[9.838122334529599,53.56654417635792],[9.838122334529599,53.557550972720676],[9.829129130892353,53.557550972720676]]]}},{"type":"Feature","properties":{"jobs":0,"pop":1300,"pointCount":8,"homeWorkCommuteMedian":20126,"workHomeCommuteMedian":-1},"geometry":{"type":"Polygon","coordinates":[[[9.829129130892353,53.56654417635792],[9.829129130892353,53.57553737999517],[9.838122334529599,53.57553737999517],[9.838122334529599,53.56654417635792],[9.829129130892353,53.56654417635792]]]}},{"type":"Feature","properties":{"jobs":1100,"pop":700,"pointCount":5,"homeWorkCommuteMedian":21937,"workHomeCommuteMedian":20349},"geometry":{"type":"Polygon","coordinates":[[[9.829129130892353,53.57553737999517],[9.829129130892353,53.584530583632414],[9.838122334529599,53.584530583632414],[9.838122334529599,53.57553737999517],[9.829129130892353,53.57553737999517]]]}},{"type":"Feature","properties":{"jobs":100,"pop":400,"pointCount":5,"homeWorkCommuteMedian":25632,"workHomeCommuteMedian":25236},"geometry":{"type":"Polygon","coordinates":[[[9.829129130892353,53.584530583632414],[9.829129130892353,53.59352378726966],[9.838122334529599,53.59352378726966],[9.838122334529599,53.584530583632414],[9.829129130892353,53.584530583632414]]]}},{"type":"Feature","properties":{"jobs":2000,"pop":1000,"pointCount":12,"homeWorkCommuteMedian":5053,"workHomeCommuteMedian":18892},"geometry":{"type":"Polygon","coordinates":[[[9.829129130892353,53.59352378726966],[9.829129130892353,53.602516990906906],[9.838122334529599,53.602516990906906],[9.838122334529599,53.59352378726966],[9.829129130892353,53.59352378726966]]]}},{"type":"Feature","properties":{"jobs":0,"pop":600,"pointCount":4,"homeWorkCommuteMedian":24112,"workHomeCommuteMedian":-1},"geometry":{"type":"Polygon","coordinates":[[[9.829129130892353,53.602516990906906],[9.829129130892353,53.61151019454415],[9.838122334529599,53.61151019454415],[9.838122334529599,53.602516990906906],[9.829129130892353,53.602516990906906]]]}},{"type":"Feature","properties":{"jobs":0,"pop":1100,"pointCount":8,"homeWorkCommuteMedian":23431,"workHomeCommuteMedian":-1},"geometry":{"type":"Polygon","coordinates":[[[9.829129130892353,53.61151019454415],[9.829129130892353,53.6205033981814],[9.838122334529599,53.6205033981814],[9.838122334529599,53.61151019454415],[9.829129130892353,53.61151019454415]]]}},{"type":"Feature","properties":{"jobs":200,"pop":500,"pointCount":5,"homeWorkCommuteMedian":21309,"workHomeCommuteMedian":20151},"geometry":{"type":"Polygon","coordinates":[[[9.829129130892353,53.6205033981814],[9.829129130892353,53.629496601818644],[9.838122334529599,53.629496601818644],[9.838122334529599,53.6205033981814],[9.829129130892353,53.6205033981814]]]}},{"type":"Feature","properties":{"jobs":600,"pop":500,"pointCount":6,"homeWorkCommuteMedian":25749,"workHomeCommuteMedian":19783},"geometry":{"type":"Polygon","coordinates":[[[9.829129130892353,53.629496601818644],[9.829129130892353,53.63848980545589],[9.838122334529599,53.63848980545589],[9.838122334529599,53.629496601818644],[9.829129130892353,53.629496601818644]]]}},{"type":"Feature","properties":{"jobs":100,"pop":200,"pointCount":3,"homeWorkCommuteMedian":14370,"workHomeCommuteMedian":16193},"geometry":{"type":"Polygon","coordinates":[[[9.829129130892353,53.63848980545589],[9.829129130892353,53.647483009093136],[9.838122334529599,53.647483009093136],[9.838122334529599,53.63848980545589],[9.829129130892353,53.63848980545589]]]}},{"type":"Feature","properties":{"jobs":4000,"pop":300,"pointCount":7,"homeWorkCommuteMedian":15616,"workHomeCommuteMedian":18199},"geometry":{"type":"Polygon","coordinates":[[[9.829129130892353,53.647483009093136],[9.829129130892353,53.65647621273038],[9.838122334529599,53.65647621273038],[9.838122334529599,53.647483009093136],[9.829129130892353,53.647483009093136]]]}},{"type":"Feature","properties":{"jobs":0,"pop":300,"pointCount":3,"homeWorkCommuteMedian":18048,"workHomeCommuteMedian":-1},"geometry":{"type":"Polygon","coordinates":[[[9.829129130892353,53.65647621273038],[9.829129130892353,53.66546941636763],[9.838122334529599,53.66546941636763],[9.838122334529599,53.65647621273038],[9.829129130892353,53.65647621273038]]]}},{"type":"Feature","properties":{"jobs":0,"pop":200,"pointCount":1,"homeWorkCommuteMedian":18835,"workHomeCommuteMedian":-1},"geometry":{"type":"Polygon","coordinates":[[[9.829129130892353,53.66546941636763],[9.829129130892353,53.674462620004874],[9.838122334529599,53.674462620004874],[9.838122334529599,53.66546941636763],[9.829129130892353,53.66546941636763]]]}},{"type":"Feature","properties":{"jobs":600,"pop":200,"pointCount":3,"homeWorkCommuteMedian":21948,"workHomeCommuteMedian":22820},"geometry":{"type":"Polygon","coordinates":[[[9.829129130892353,53.70144223091661],[9.829129130892353,53.71043543455386],[9.838122334529599,53.71043543455386],[9.838122334529599,53.70144223091661],[9.829129130892353,53.70144223091661]]]}},{"type":"Feature","properties":{"jobs":200,"pop":100,"pointCount":2,"homeWorkCommuteMedian":29773,"workHomeCommuteMedian":56270},"geometry":{"type":"Polygon","coordinates":[[[9.829129130892353,53.75540145274009],[9.829129130892353,53.764394656377334],[9.838122334529599,53.764394656377334],[9.838122334529599,53.75540145274009],[9.829129130892353,53.75540145274009]]]}},{"type":"Feature","properties":{"jobs":0,"pop":200,"pointCount":2,"homeWorkCommuteMedian":40288,"workHomeCommuteMedian":-1},"geometry":{"type":"Polygon","coordinates":[[[9.829129130892353,53.764394656377334],[9.829129130892353,53.77338786001458],[9.838122334529599,53.77338786001458],[9.838122334529599,53.764394656377334],[9.829129130892353,53.764394656377334]]]}},{"type":"Feature","properties":{"jobs":100,"pop":0,"pointCount":1,"homeWorkCommuteMedian":-1,"workHomeCommuteMedian":12419},"geometry":{"type":"Polygon","coordinates":[[[9.829129130892353,53.782381063651826],[9.829129130892353,53.79137426728907],[9.838122334529599,53.79137426728907],[9.838122334529599,53.782381063651826],[9.829129130892353,53.782381063651826]]]}},{"type":"Feature","properties":{"jobs":100,"pop":0,"pointCount":1,"homeWorkCommuteMedian":-1,"workHomeCommuteMedian":51195},"geometry":{"type":"Polygon","coordinates":[[[9.829129130892353,53.8363402854753],[9.829129130892353,53.84533348911255],[9.838122334529599,53.84533348911255],[9.838122334529599,53.8363402854753],[9.829129130892353,53.8363402854753]]]}},{"type":"Feature","properties":{"jobs":0,"pop":100,"pointCount":1,"homeWorkCommuteMedian":42584,"workHomeCommuteMedian":-1},"geometry":{"type":"Polygon","coordinates":[[[9.829129130892353,53.89029950729878],[9.829129130892353,53.899292710936024],[9.838122334529599,53.899292710936024],[9.838122334529599,53.89029950729878],[9.829129130892353,53.89029950729878]]]}},{"type":"Feature","properties":{"jobs":0,"pop":100,"pointCount":1,"homeWorkCommuteMedian":36107,"workHomeCommuteMedian":-1},"geometry":{"type":"Polygon","coordinates":[[[9.838122334529599,53.35070728906402],[9.838122334529599,53.359700492701265],[9.847115538166845,53.359700492701265],[9.847115538166845,53.35070728906402],[9.838122334529599,53.35070728906402]]]}},{"type":"Feature","properties":{"jobs":100,"pop":0,"pointCount":1,"homeWorkCommuteMedian":-1,"workHomeCommuteMedian":30147},"geometry":{"type":"Polygon","coordinates":[[[9.838122334529599,53.404666510887495],[9.838122334529599,53.41365971452474],[9.847115538166845,53.41365971452474],[9.847115538166845,53.404666510887495],[9.838122334529599,53.404666510887495]]]}},{"type":"Feature","properties":{"jobs":0,"pop":200,"pointCount":1,"homeWorkCommuteMedian":22823,"workHomeCommuteMedian":-1},"geometry":{"type":"Polygon","coordinates":[[[9.838122334529599,53.45862573271097],[9.838122334529599,53.46761893634822],[9.847115538166845,53.46761893634822],[9.847115538166845,53.45862573271097],[9.838122334529599,53.45862573271097]]]}},{"type":"Feature","properties":{"jobs":600,"pop":800,"pointCount":9,"homeWorkCommuteMedian":26094,"workHomeCommuteMedian":30471},"geometry":{"type":"Polygon","coordinates":[[[9.838122334529599,53.46761893634822],[9.838122334529599,53.47661213998546],[9.847115538166845,53.47661213998546],[9.847115538166845,53.46761893634822],[9.838122334529599,53.46761893634822]]]}},{"type":"Feature","properties":{"jobs":200,"pop":0,"pointCount":1,"homeWorkCommuteMedian":-1,"workHomeCommuteMedian":32615},"geometry":{"type":"Polygon","coordinates":[[[9.838122334529599,53.47661213998546],[9.838122334529599,53.48560534362271],[9.847115538166845,53.48560534362271],[9.847115538166845,53.47661213998546],[9.838122334529599,53.47661213998546]]]}},{"type":"Feature","properties":{"jobs":0,"pop":100,"pointCount":1,"homeWorkCommuteMedian":26342,"workHomeCommuteMedian":-1},"geometry":{"type":"Polygon","coordinates":[[[9.838122334529599,53.5035917508972],[9.838122334529599,53.51258495453445],[9.847115538166845,53.51258495453445],[9.847115538166845,53.5035917508972],[9.838122334529599,53.5035917508972]]]}},{"type":"Feature","properties":{"jobs":600,"pop":200,"pointCount":3,"homeWorkCommuteMedian":36915,"workHomeCommuteMedian":27617},"geometry":{"type":"Polygon","coordinates":[[[9.838122334529599,53.53057136180894],[9.838122334529599,53.539564565446184],[9.847115538166845,53.539564565446184],[9.847115538166845,53.53057136180894],[9.838122334529599,53.53057136180894]]]}},{"type":"Feature","properties":{"jobs":300,"pop":0,"pointCount":2,"homeWorkCommuteMedian":-1,"workHomeCommuteMedian":27850},"geometry":{"type":"Polygon","coordinates":[[[9.838122334529599,53.539564565446184],[9.838122334529599,53.54855776908343],[9.847115538166845,53.54855776908343],[9.847115538166845,53.539564565446184],[9.838122334529599,53.539564565446184]]]}},{"type":"Feature","properties":{"jobs":3100,"pop":300,"pointCount":8,"homeWorkCommuteMedian":15942,"workHomeCommuteMedian":19817},"geometry":{"type":"Polygon","coordinates":[[[9.838122334529599,53.54855776908343],[9.838122334529599,53.557550972720676],[9.847115538166845,53.557550972720676],[9.847115538166845,53.54855776908343],[9.838122334529599,53.54855776908343]]]}},{"type":"Feature","properties":{"jobs":100,"pop":600,"pointCount":5,"homeWorkCommuteMedian":30032,"workHomeCommuteMedian":35433},"geometry":{"type":"Polygon","coordinates":[[[9.838122334529599,53.557550972720676],[9.838122334529599,53.56654417635792],[9.847115538166845,53.56654417635792],[9.847115538166845,53.557550972720676],[9.838122334529599,53.557550972720676]]]}},{"type":"Feature","properties":{"jobs":3000,"pop":1500,"pointCount":14,"homeWorkCommuteMedian":19864,"workHomeCommuteMedian":20556},"geometry":{"type":"Polygon","coordinates":[[[9.838122334529599,53.56654417635792],[9.838122334529599,53.57553737999517],[9.847115538166845,53.57553737999517],[9.847115538166845,53.56654417635792],[9.838122334529599,53.56654417635792]]]}},{"type":"Feature","properties":{"jobs":0,"pop":200,"pointCount":2,"homeWorkCommuteMedian":22745,"workHomeCommuteMedian":-1},"geometry":{"type":"Polygon","coordinates":[[[9.838122334529599,53.57553737999517],[9.838122334529599,53.584530583632414],[9.847115538166845,53.584530583632414],[9.847115538166845,53.57553737999517],[9.838122334529599,53.57553737999517]]]}},{"type":"Feature","properties":{"jobs":0,"pop":200,"pointCount":2,"homeWorkCommuteMedian":48410,"workHomeCommuteMedian":-1},"geometry":{"type":"Polygon","coordinates":[[[9.838122334529599,53.584530583632414],[9.838122334529599,53.59352378726966],[9.847115538166845,53.59352378726966],[9.847115538166845,53.584530583632414],[9.838122334529599,53.584530583632414]]]}},{"type":"Feature","properties":{"jobs":300,"pop":500,"pointCount":5,"homeWorkCommuteMedian":7960,"workHomeCommuteMedian":32223},"geometry":{"type":"Polygon","coordinates":[[[9.838122334529599,53.59352378726966],[9.838122334529599,53.602516990906906],[9.847115538166845,53.602516990906906],[9.847115538166845,53.59352378726966],[9.838122334529599,53.59352378726966]]]}},{"type":"Feature","properties":{"jobs":2400,"pop":900,"pointCount":11,"homeWorkCommuteMedian":10356,"workHomeCommuteMedian":23736},"geometry":{"type":"Polygon","coordinates":[[[9.838122334529599,53.602516990906906],[9.838122334529599,53.61151019454415],[9.847115538166845,53.61151019454415],[9.847115538166845,53.602516990906906],[9.838122334529599,53.602516990906906]]]}},{"type":"Feature","properties":{"jobs":100,"pop":200,"pointCount":3,"homeWorkCommuteMedian":15696,"workHomeCommuteMedian":14963},"geometry":{"type":"Polygon","coordinates":[[[9.838122334529599,53.61151019454415],[9.838122334529599,53.6205033981814],[9.847115538166845,53.6205033981814],[9.847115538166845,53.61151019454415],[9.838122334529599,53.61151019454415]]]}},{"type":"Feature","properties":{"jobs":100,"pop":300,"pointCount":3,"homeWorkCommuteMedian":18053,"workHomeCommuteMedian":25951},"geometry":{"type":"Polygon","coordinates":[[[9.838122334529599,53.6205033981814],[9.838122334529599,53.629496601818644],[9.847115538166845,53.629496601818644],[9.847115538166845,53.6205033981814],[9.838122334529599,53.6205033981814]]]}},{"type":"Feature","properties":{"jobs":2900,"pop":1250,"pointCount":12,"homeWorkCommuteMedian":25183,"workHomeCommuteMedian":18081},"geometry":{"type":"Polygon","coordinates":[[[9.838122334529599,53.629496601818644],[9.838122334529599,53.63848980545589],[9.847115538166845,53.63848980545589],[9.847115538166845,53.629496601818644],[9.838122334529599,53.629496601818644]]]}},{"type":"Feature","properties":{"jobs":500,"pop":400,"pointCount":4,"homeWorkCommuteMedian":15307,"workHomeCommuteMedian":23339},"geometry":{"type":"Polygon","coordinates":[[[9.838122334529599,53.63848980545589],[9.838122334529599,53.647483009093136],[9.847115538166845,53.647483009093136],[9.847115538166845,53.63848980545589],[9.838122334529599,53.63848980545589]]]}},{"type":"Feature","properties":{"jobs":0,"pop":100,"pointCount":1,"homeWorkCommuteMedian":27060,"workHomeCommuteMedian":-1},"geometry":{"type":"Polygon","coordinates":[[[9.838122334529599,53.647483009093136],[9.838122334529599,53.65647621273038],[9.847115538166845,53.65647621273038],[9.847115538166845,53.647483009093136],[9.838122334529599,53.647483009093136]]]}},{"type":"Feature","properties":{"jobs":0,"pop":450,"pointCount":2,"homeWorkCommuteMedian":17321,"workHomeCommuteMedian":-1},"geometry":{"type":"Polygon","coordinates":[[[9.838122334529599,53.65647621273038],[9.838122334529599,53.66546941636763],[9.847115538166845,53.66546941636763],[9.847115538166845,53.65647621273038],[9.838122334529599,53.65647621273038]]]}},{"type":"Feature","properties":{"jobs":0,"pop":100,"pointCount":1,"homeWorkCommuteMedian":42097,"workHomeCommuteMedian":-1},"geometry":{"type":"Polygon","coordinates":[[[9.838122334529599,53.66546941636763],[9.838122334529599,53.674462620004874],[9.847115538166845,53.674462620004874],[9.847115538166845,53.66546941636763],[9.838122334529599,53.66546941636763]]]}},{"type":"Feature","properties":{"jobs":600,"pop":500,"pointCount":4,"homeWorkCommuteMedian":18417,"workHomeCommuteMedian":22698},"geometry":{"type":"Polygon","coordinates":[[[9.838122334529599,53.674462620004874],[9.838122334529599,53.68345582364212],[9.847115538166845,53.68345582364212],[9.847115538166845,53.674462620004874],[9.838122334529599,53.674462620004874]]]}},{"type":"Feature","properties":{"jobs":100,"pop":0,"pointCount":1,"homeWorkCommuteMedian":-1,"workHomeCommuteMedian":14858},"geometry":{"type":"Polygon","coordinates":[[[9.838122334529599,53.75540145274009],[9.838122334529599,53.764394656377334],[9.847115538166845,53.764394656377334],[9.847115538166845,53.75540145274009],[9.838122334529599,53.75540145274009]]]}},{"type":"Feature","properties":{"jobs":300,"pop":0,"pointCount":1,"homeWorkCommuteMedian":-1,"workHomeCommuteMedian":29812},"geometry":{"type":"Polygon","coordinates":[[[9.847115538166845,53.404666510887495],[9.847115538166845,53.41365971452474],[9.856108741804091,53.41365971452474],[9.856108741804091,53.404666510887495],[9.847115538166845,53.404666510887495]]]}},{"type":"Feature","properties":{"jobs":400,"pop":100,"pointCount":3,"homeWorkCommuteMedian":49229,"workHomeCommuteMedian":62301},"geometry":{"type":"Polygon","coordinates":[[[9.847115538166845,53.43164612179923],[9.847115538166845,53.44063932543648],[9.856108741804091,53.44063932543648],[9.856108741804091,53.43164612179923],[9.847115538166845,53.43164612179923]]]}},{"type":"Feature","properties":{"jobs":0,"pop":100,"pointCount":1,"homeWorkCommuteMedian":59233,"workHomeCommuteMedian":-1},"geometry":{"type":"Polygon","coordinates":[[[9.847115538166845,53.44063932543648],[9.847115538166845,53.449632529073725],[9.856108741804091,53.449632529073725],[9.856108741804091,53.44063932543648],[9.847115538166845,53.44063932543648]]]}},{"type":"Feature","properties":{"jobs":0,"pop":100,"pointCount":1,"homeWorkCommuteMedian":23678,"workHomeCommuteMedian":-1},"geometry":{"type":"Polygon","coordinates":[[[9.847115538166845,53.449632529073725],[9.847115538166845,53.45862573271097],[9.856108741804091,53.45862573271097],[9.856108741804091,53.449632529073725],[9.847115538166845,53.449632529073725]]]}},{"type":"Feature","properties":{"jobs":0,"pop":1000,"pointCount":6,"homeWorkCommuteMedian":27069,"workHomeCommuteMedian":-1},"geometry":{"type":"Polygon","coordinates":[[[9.847115538166845,53.45862573271097],[9.847115538166845,53.46761893634822],[9.856108741804091,53.46761893634822],[9.856108741804091,53.45862573271097],[9.847115538166845,53.45862573271097]]]}},{"type":"Feature","properties":{"jobs":11200,"pop":500,"pointCount":11,"homeWorkCommuteMedian":29905,"workHomeCommuteMedian":24533},"geometry":{"type":"Polygon","coordinates":[[[9.847115538166845,53.46761893634822],[9.847115538166845,53.47661213998546],[9.856108741804091,53.47661213998546],[9.856108741804091,53.46761893634822],[9.847115538166845,53.46761893634822]]]}},{"type":"Feature","properties":{"jobs":0,"pop":700,"pointCount":5,"homeWorkCommuteMedian":23836,"workHomeCommuteMedian":-1},"geometry":{"type":"Polygon","coordinates":[[[9.847115538166845,53.47661213998546],[9.847115538166845,53.48560534362271],[9.856108741804091,53.48560534362271],[9.856108741804091,53.47661213998546],[9.847115538166845,53.47661213998546]]]}},{"type":"Feature","properties":{"jobs":0,"pop":100,"pointCount":1,"homeWorkCommuteMedian":39352,"workHomeCommuteMedian":-1},"geometry":{"type":"Polygon","coordinates":[[[9.847115538166845,53.51258495453445],[9.847115538166845,53.52157815817169],[9.856108741804091,53.52157815817169],[9.856108741804091,53.51258495453445],[9.847115538166845,53.51258495453445]]]}},{"type":"Feature","properties":{"jobs":0,"pop":100,"pointCount":1,"homeWorkCommuteMedian":25683,"workHomeCommuteMedian":-1},"geometry":{"type":"Polygon","coordinates":[[[9.847115538166845,53.52157815817169],[9.847115538166845,53.53057136180894],[9.856108741804091,53.53057136180894],[9.856108741804091,53.52157815817169],[9.847115538166845,53.52157815817169]]]}},{"type":"Feature","properties":{"jobs":0,"pop":600,"pointCount":6,"homeWorkCommuteMedian":40247,"workHomeCommuteMedian":-1},"geometry":{"type":"Polygon","coordinates":[[[9.847115538166845,53.53057136180894],[9.847115538166845,53.539564565446184],[9.856108741804091,53.539564565446184],[9.856108741804091,53.53057136180894],[9.847115538166845,53.53057136180894]]]}},{"type":"Feature","properties":{"jobs":600,"pop":800,"pointCount":13,"homeWorkCommuteMedian":35377,"workHomeCommuteMedian":30440},"geometry":{"type":"Polygon","coordinates":[[[9.847115538166845,53.54855776908343],[9.847115538166845,53.557550972720676],[9.856108741804091,53.557550972720676],[9.856108741804091,53.54855776908343],[9.847115538166845,53.54855776908343]]]}},{"type":"Feature","properties":{"jobs":200,"pop":1550,"pointCount":13,"homeWorkCommuteMedian":21806,"workHomeCommuteMedian":27720},"geometry":{"type":"Polygon","coordinates":[[[9.847115538166845,53.557550972720676],[9.847115538166845,53.56654417635792],[9.856108741804091,53.56654417635792],[9.856108741804091,53.557550972720676],[9.847115538166845,53.557550972720676]]]}},{"type":"Feature","properties":{"jobs":3900,"pop":1500,"pointCount":16,"homeWorkCommuteMedian":18477,"workHomeCommuteMedian":19561},"geometry":{"type":"Polygon","coordinates":[[[9.847115538166845,53.56654417635792],[9.847115538166845,53.57553737999517],[9.856108741804091,53.57553737999517],[9.856108741804091,53.56654417635792],[9.847115538166845,53.56654417635792]]]}},{"type":"Feature","properties":{"jobs":1200,"pop":850,"pointCount":9,"homeWorkCommuteMedian":19751,"workHomeCommuteMedian":19162},"geometry":{"type":"Polygon","coordinates":[[[9.847115538166845,53.57553737999517],[9.847115538166845,53.584530583632414],[9.856108741804091,53.584530583632414],[9.856108741804091,53.57553737999517],[9.847115538166845,53.57553737999517]]]}},{"type":"Feature","properties":{"jobs":800,"pop":1050,"pointCount":9,"homeWorkCommuteMedian":22950,"workHomeCommuteMedian":22853},"geometry":{"type":"Polygon","coordinates":[[[9.847115538166845,53.584530583632414],[9.847115538166845,53.59352378726966],[9.856108741804091,53.59352378726966],[9.856108741804091,53.584530583632414],[9.847115538166845,53.584530583632414]]]}},{"type":"Feature","properties":{"jobs":800,"pop":2550,"pointCount":15,"homeWorkCommuteMedian":20473,"workHomeCommuteMedian":16572},"geometry":{"type":"Polygon","coordinates":[[[9.847115538166845,53.59352378726966],[9.847115538166845,53.602516990906906],[9.856108741804091,53.602516990906906],[9.856108741804091,53.59352378726966],[9.847115538166845,53.59352378726966]]]}},{"type":"Feature","properties":{"jobs":0,"pop":900,"pointCount":8,"homeWorkCommuteMedian":23231,"workHomeCommuteMedian":-1},"geometry":{"type":"Polygon","coordinates":[[[9.847115538166845,53.602516990906906],[9.847115538166845,53.61151019454415],[9.856108741804091,53.61151019454415],[9.856108741804091,53.602516990906906],[9.847115538166845,53.602516990906906]]]}},{"type":"Feature","properties":{"jobs":0,"pop":200,"pointCount":2,"homeWorkCommuteMedian":26818,"workHomeCommuteMedian":-1},"geometry":{"type":"Polygon","coordinates":[[[9.847115538166845,53.61151019454415],[9.847115538166845,53.6205033981814],[9.856108741804091,53.6205033981814],[9.856108741804091,53.61151019454415],[9.847115538166845,53.61151019454415]]]}},{"type":"Feature","properties":{"jobs":500,"pop":200,"pointCount":3,"homeWorkCommuteMedian":29969,"workHomeCommuteMedian":25388},"geometry":{"type":"Polygon","coordinates":[[[9.847115538166845,53.629496601818644],[9.847115538166845,53.63848980545589],[9.856108741804091,53.63848980545589],[9.856108741804091,53.629496601818644],[9.847115538166845,53.629496601818644]]]}},{"type":"Feature","properties":{"jobs":0,"pop":200,"pointCount":2,"homeWorkCommuteMedian":27420,"workHomeCommuteMedian":-1},"geometry":{"type":"Polygon","coordinates":[[[9.847115538166845,53.63848980545589],[9.847115538166845,53.647483009093136],[9.856108741804091,53.647483009093136],[9.856108741804091,53.63848980545589],[9.847115538166845,53.63848980545589]]]}},{"type":"Feature","properties":{"jobs":0,"pop":300,"pointCount":3,"homeWorkCommuteMedian":31969,"workHomeCommuteMedian":-1},"geometry":{"type":"Polygon","coordinates":[[[9.847115538166845,53.647483009093136],[9.847115538166845,53.65647621273038],[9.856108741804091,53.65647621273038],[9.856108741804091,53.647483009093136],[9.847115538166845,53.647483009093136]]]}},{"type":"Feature","properties":{"jobs":500,"pop":800,"pointCount":6,"homeWorkCommuteMedian":17966,"workHomeCommuteMedian":20726},"geometry":{"type":"Polygon","coordinates":[[[9.847115538166845,53.674462620004874],[9.847115538166845,53.68345582364212],[9.856108741804091,53.68345582364212],[9.856108741804091,53.674462620004874],[9.847115538166845,53.674462620004874]]]}},{"type":"Feature","properties":{"jobs":0,"pop":200,"pointCount":1,"homeWorkCommuteMedian":20243,"workHomeCommuteMedian":-1},"geometry":{"type":"Polygon","coordinates":[[[9.847115538166845,53.68345582364212],[9.847115538166845,53.692449027279366],[9.856108741804091,53.692449027279366],[9.856108741804091,53.68345582364212],[9.847115538166845,53.68345582364212]]]}},{"type":"Feature","properties":{"jobs":2000,"pop":0,"pointCount":2,"homeWorkCommuteMedian":-1,"workHomeCommuteMedian":22546},"geometry":{"type":"Polygon","coordinates":[[[9.847115538166845,53.692449027279366],[9.847115538166845,53.70144223091661],[9.856108741804091,53.70144223091661],[9.856108741804091,53.692449027279366],[9.847115538166845,53.692449027279366]]]}},{"type":"Feature","properties":{"jobs":100,"pop":0,"pointCount":1,"homeWorkCommuteMedian":-1,"workHomeCommuteMedian":28504},"geometry":{"type":"Polygon","coordinates":[[[9.847115538166845,53.71043543455386],[9.847115538166845,53.719428638191104],[9.856108741804091,53.719428638191104],[9.856108741804091,53.71043543455386],[9.847115538166845,53.71043543455386]]]}},{"type":"Feature","properties":{"jobs":0,"pop":100,"pointCount":1,"homeWorkCommuteMedian":44261,"workHomeCommuteMedian":-1},"geometry":{"type":"Polygon","coordinates":[[[9.847115538166845,53.75540145274009],[9.847115538166845,53.764394656377334],[9.856108741804091,53.764394656377334],[9.856108741804091,53.75540145274009],[9.847115538166845,53.75540145274009]]]}},{"type":"Feature","properties":{"jobs":200,"pop":100,"pointCount":2,"homeWorkCommuteMedian":26244,"workHomeCommuteMedian":54691},"geometry":{"type":"Polygon","coordinates":[[[9.847115538166845,53.764394656377334],[9.847115538166845,53.77338786001458],[9.856108741804091,53.77338786001458],[9.856108741804091,53.764394656377334],[9.847115538166845,53.764394656377334]]]}},{"type":"Feature","properties":{"jobs":100,"pop":100,"pointCount":2,"homeWorkCommuteMedian":38555,"workHomeCommuteMedian":32847},"geometry":{"type":"Polygon","coordinates":[[[9.847115538166845,53.79137426728907],[9.847115538166845,53.80036747092632],[9.856108741804091,53.80036747092632],[9.856108741804091,53.79137426728907],[9.847115538166845,53.79137426728907]]]}},{"type":"Feature","properties":{"jobs":100,"pop":200,"pointCount":2,"homeWorkCommuteMedian":44237,"workHomeCommuteMedian":41503},"geometry":{"type":"Polygon","coordinates":[[[9.856108741804091,53.35070728906402],[9.856108741804091,53.359700492701265],[9.865101945441337,53.359700492701265],[9.865101945441337,53.35070728906402],[9.856108741804091,53.35070728906402]]]}},{"type":"Feature","properties":{"jobs":0,"pop":200,"pointCount":2,"homeWorkCommuteMedian":31291,"workHomeCommuteMedian":-1},"geometry":{"type":"Polygon","coordinates":[[[9.856108741804091,53.359700492701265],[9.856108741804091,53.36869369633851],[9.865101945441337,53.36869369633851],[9.865101945441337,53.359700492701265],[9.856108741804091,53.359700492701265]]]}},{"type":"Feature","properties":{"jobs":0,"pop":100,"pointCount":1,"homeWorkCommuteMedian":25904,"workHomeCommuteMedian":-1},"geometry":{"type":"Polygon","coordinates":[[[9.856108741804091,53.36869369633851],[9.856108741804091,53.37768689997576],[9.865101945441337,53.37768689997576],[9.865101945441337,53.36869369633851],[9.856108741804091,53.36869369633851]]]}},{"type":"Feature","properties":{"jobs":0,"pop":600,"pointCount":4,"homeWorkCommuteMedian":46188,"workHomeCommuteMedian":-1},"geometry":{"type":"Polygon","coordinates":[[[9.856108741804091,53.37768689997576],[9.856108741804091,53.386680103613],[9.865101945441337,53.386680103613],[9.865101945441337,53.37768689997576],[9.856108741804091,53.37768689997576]]]}},{"type":"Feature","properties":{"jobs":0,"pop":100,"pointCount":1,"homeWorkCommuteMedian":28093,"workHomeCommuteMedian":-1},"geometry":{"type":"Polygon","coordinates":[[[9.856108741804091,53.44063932543648],[9.856108741804091,53.449632529073725],[9.865101945441337,53.449632529073725],[9.865101945441337,53.44063932543648],[9.856108741804091,53.44063932543648]]]}},{"type":"Feature","properties":{"jobs":100,"pop":1000,"pointCount":8,"homeWorkCommuteMedian":26994,"workHomeCommuteMedian":25021},"geometry":{"type":"Polygon","coordinates":[[[9.856108741804091,53.449632529073725],[9.856108741804091,53.45862573271097],[9.865101945441337,53.45862573271097],[9.865101945441337,53.449632529073725],[9.856108741804091,53.449632529073725]]]}},{"type":"Feature","properties":{"jobs":100,"pop":750,"pointCount":6,"homeWorkCommuteMedian":25030,"workHomeCommuteMedian":21463},"geometry":{"type":"Polygon","coordinates":[[[9.856108741804091,53.45862573271097],[9.856108741804091,53.46761893634822],[9.865101945441337,53.46761893634822],[9.865101945441337,53.45862573271097],[9.856108741804091,53.45862573271097]]]}},{"type":"Feature","properties":{"jobs":500,"pop":1100,"pointCount":11,"homeWorkCommuteMedian":20954,"workHomeCommuteMedian":24665},"geometry":{"type":"Polygon","coordinates":[[[9.856108741804091,53.46761893634822],[9.856108741804091,53.47661213998546],[9.865101945441337,53.47661213998546],[9.865101945441337,53.46761893634822],[9.856108741804091,53.46761893634822]]]}},{"type":"Feature","properties":{"jobs":100,"pop":800,"pointCount":7,"homeWorkCommuteMedian":24725,"workHomeCommuteMedian":16857},"geometry":{"type":"Polygon","coordinates":[[[9.856108741804091,53.47661213998546],[9.856108741804091,53.48560534362271],[9.865101945441337,53.48560534362271],[9.865101945441337,53.47661213998546],[9.856108741804091,53.47661213998546]]]}},{"type":"Feature","properties":{"jobs":200,"pop":0,"pointCount":1,"homeWorkCommuteMedian":-1,"workHomeCommuteMedian":22212},"geometry":{"type":"Polygon","coordinates":[[[9.856108741804091,53.5035917508972],[9.856108741804091,53.51258495453445],[9.865101945441337,53.51258495453445],[9.865101945441337,53.5035917508972],[9.856108741804091,53.5035917508972]]]}},{"type":"Feature","properties":{"jobs":0,"pop":200,"pointCount":2,"homeWorkCommuteMedian":37897,"workHomeCommuteMedian":-1},"geometry":{"type":"Polygon","coordinates":[[[9.856108741804091,53.51258495453445],[9.856108741804091,53.52157815817169],[9.865101945441337,53.52157815817169],[9.865101945441337,53.51258495453445],[9.856108741804091,53.51258495453445]]]}},{"type":"Feature","properties":{"jobs":0,"pop":500,"pointCount":5,"homeWorkCommuteMedian":16671,"workHomeCommuteMedian":-1},"geometry":{"type":"Polygon","coordinates":[[[9.856108741804091,53.52157815817169],[9.856108741804091,53.53057136180894],[9.865101945441337,53.53057136180894],[9.865101945441337,53.52157815817169],[9.856108741804091,53.52157815817169]]]}},{"type":"Feature","properties":{"jobs":700,"pop":300,"pointCount":7,"homeWorkCommuteMedian":25751,"workHomeCommuteMedian":20826},"geometry":{"type":"Polygon","coordinates":[[[9.856108741804091,53.53057136180894],[9.856108741804091,53.539564565446184],[9.865101945441337,53.539564565446184],[9.865101945441337,53.53057136180894],[9.856108741804091,53.53057136180894]]]}},{"type":"Feature","properties":{"jobs":400,"pop":100,"pointCount":4,"homeWorkCommuteMedian":25941,"workHomeCommuteMedian":27568},"geometry":{"type":"Polygon","coordinates":[[[9.856108741804091,53.539564565446184],[9.856108741804091,53.54855776908343],[9.865101945441337,53.54855776908343],[9.865101945441337,53.539564565446184],[9.856108741804091,53.539564565446184]]]}},{"type":"Feature","properties":{"jobs":400,"pop":700,"pointCount":9,"homeWorkCommuteMedian":19026,"workHomeCommuteMedian":16214},"geometry":{"type":"Polygon","coordinates":[[[9.856108741804091,53.54855776908343],[9.856108741804091,53.557550972720676],[9.865101945441337,53.557550972720676],[9.865101945441337,53.54855776908343],[9.856108741804091,53.54855776908343]]]}},{"type":"Feature","properties":{"jobs":500,"pop":400,"pointCount":5,"homeWorkCommuteMedian":26858,"workHomeCommuteMedian":20925},"geometry":{"type":"Polygon","coordinates":[[[9.856108741804091,53.557550972720676],[9.856108741804091,53.56654417635792],[9.865101945441337,53.56654417635792],[9.865101945441337,53.557550972720676],[9.856108741804091,53.557550972720676]]]}},{"type":"Feature","properties":{"jobs":2750,"pop":700,"pointCount":11,"homeWorkCommuteMedian":29715,"workHomeCommuteMedian":20775},"geometry":{"type":"Polygon","coordinates":[[[9.856108741804091,53.56654417635792],[9.856108741804091,53.57553737999517],[9.865101945441337,53.57553737999517],[9.865101945441337,53.56654417635792],[9.856108741804091,53.56654417635792]]]}},{"type":"Feature","properties":{"jobs":200,"pop":700,"pointCount":6,"homeWorkCommuteMedian":25108,"workHomeCommuteMedian":23481},"geometry":{"type":"Polygon","coordinates":[[[9.856108741804091,53.57553737999517],[9.856108741804091,53.584530583632414],[9.865101945441337,53.584530583632414],[9.865101945441337,53.57553737999517],[9.856108741804091,53.57553737999517]]]}},{"type":"Feature","properties":{"jobs":100,"pop":1100,"pointCount":10,"homeWorkCommuteMedian":23634,"workHomeCommuteMedian":25721},"geometry":{"type":"Polygon","coordinates":[[[9.856108741804091,53.584530583632414],[9.856108741804091,53.59352378726966],[9.865101945441337,53.59352378726966],[9.865101945441337,53.584530583632414],[9.856108741804091,53.584530583632414]]]}},{"type":"Feature","properties":{"jobs":3600,"pop":1900,"pointCount":12,"homeWorkCommuteMedian":20040,"workHomeCommuteMedian":21035},"geometry":{"type":"Polygon","coordinates":[[[9.856108741804091,53.59352378726966],[9.856108741804091,53.602516990906906],[9.865101945441337,53.602516990906906],[9.865101945441337,53.59352378726966],[9.856108741804091,53.59352378726966]]]}},{"type":"Feature","properties":{"jobs":0,"pop":800,"pointCount":6,"homeWorkCommuteMedian":21319,"workHomeCommuteMedian":-1},"geometry":{"type":"Polygon","coordinates":[[[9.856108741804091,53.602516990906906],[9.856108741804091,53.61151019454415],[9.865101945441337,53.61151019454415],[9.865101945441337,53.602516990906906],[9.856108741804091,53.602516990906906]]]}},{"type":"Feature","properties":{"jobs":200,"pop":1350,"pointCount":9,"homeWorkCommuteMedian":18363,"workHomeCommuteMedian":60040},"geometry":{"type":"Polygon","coordinates":[[[9.856108741804091,53.61151019454415],[9.856108741804091,53.6205033981814],[9.865101945441337,53.6205033981814],[9.865101945441337,53.61151019454415],[9.856108741804091,53.61151019454415]]]}},{"type":"Feature","properties":{"jobs":1800,"pop":0,"pointCount":4,"homeWorkCommuteMedian":-1,"workHomeCommuteMedian":18798},"geometry":{"type":"Polygon","coordinates":[[[9.856108741804091,53.629496601818644],[9.856108741804091,53.63848980545589],[9.865101945441337,53.63848980545589],[9.865101945441337,53.629496601818644],[9.856108741804091,53.629496601818644]]]}},{"type":"Feature","properties":{"jobs":0,"pop":200,"pointCount":1,"homeWorkCommuteMedian":21709,"workHomeCommuteMedian":-1},"geometry":{"type":"Polygon","coordinates":[[[9.856108741804091,53.65647621273038],[9.856108741804091,53.66546941636763],[9.865101945441337,53.66546941636763],[9.865101945441337,53.65647621273038],[9.856108741804091,53.65647621273038]]]}},{"type":"Feature","properties":{"jobs":0,"pop":500,"pointCount":4,"homeWorkCommuteMedian":20501,"workHomeCommuteMedian":-1},"geometry":{"type":"Polygon","coordinates":[[[9.856108741804091,53.674462620004874],[9.856108741804091,53.68345582364212],[9.865101945441337,53.68345582364212],[9.865101945441337,53.674462620004874],[9.856108741804091,53.674462620004874]]]}},{"type":"Feature","properties":{"jobs":0,"pop":100,"pointCount":1,"homeWorkCommuteMedian":15516,"workHomeCommuteMedian":-1},"geometry":{"type":"Polygon","coordinates":[[[9.856108741804091,53.68345582364212],[9.856108741804091,53.692449027279366],[9.865101945441337,53.692449027279366],[9.865101945441337,53.68345582364212],[9.856108741804091,53.68345582364212]]]}},{"type":"Feature","properties":{"jobs":100,"pop":300,"pointCount":4,"homeWorkCommuteMedian":16272,"workHomeCommuteMedian":25399},"geometry":{"type":"Polygon","coordinates":[[[9.856108741804091,53.719428638191104],[9.856108741804091,53.72842184182835],[9.865101945441337,53.72842184182835],[9.865101945441337,53.719428638191104],[9.856108741804091,53.719428638191104]]]}},{"type":"Feature","properties":{"jobs":0,"pop":100,"pointCount":1,"homeWorkCommuteMedian":53207,"workHomeCommuteMedian":-1},"geometry":{"type":"Polygon","coordinates":[[[9.856108741804091,53.79137426728907],[9.856108741804091,53.80036747092632],[9.865101945441337,53.80036747092632],[9.865101945441337,53.79137426728907],[9.856108741804091,53.79137426728907]]]}},{"type":"Feature","properties":{"jobs":100,"pop":0,"pointCount":1,"homeWorkCommuteMedian":-1,"workHomeCommuteMedian":42717},"geometry":{"type":"Polygon","coordinates":[[[9.856108741804091,53.89029950729878],[9.856108741804091,53.899292710936024],[9.865101945441337,53.899292710936024],[9.865101945441337,53.89029950729878],[9.856108741804091,53.89029950729878]]]}},{"type":"Feature","properties":{"jobs":500,"pop":500,"pointCount":7,"homeWorkCommuteMedian":36134,"workHomeCommuteMedian":17026},"geometry":{"type":"Polygon","coordinates":[[[9.865101945441337,53.35070728906402],[9.865101945441337,53.359700492701265],[9.874095149078583,53.359700492701265],[9.874095149078583,53.35070728906402],[9.865101945441337,53.35070728906402]]]}},{"type":"Feature","properties":{"jobs":900,"pop":400,"pointCount":9,"homeWorkCommuteMedian":22798,"workHomeCommuteMedian":20158},"geometry":{"type":"Polygon","coordinates":[[[9.865101945441337,53.359700492701265],[9.865101945441337,53.36869369633851],[9.874095149078583,53.36869369633851],[9.874095149078583,53.359700492701265],[9.865101945441337,53.359700492701265]]]}},{"type":"Feature","properties":{"jobs":100,"pop":0,"pointCount":1,"homeWorkCommuteMedian":-1,"workHomeCommuteMedian":34664},"geometry":{"type":"Polygon","coordinates":[[[9.865101945441337,53.36869369633851],[9.865101945441337,53.37768689997576],[9.874095149078583,53.37768689997576],[9.874095149078583,53.36869369633851],[9.865101945441337,53.36869369633851]]]}},{"type":"Feature","properties":{"jobs":0,"pop":700,"pointCount":3,"homeWorkCommuteMedian":24298,"workHomeCommuteMedian":-1},"geometry":{"type":"Polygon","coordinates":[[[9.865101945441337,53.449632529073725],[9.865101945441337,53.45862573271097],[9.874095149078583,53.45862573271097],[9.874095149078583,53.449632529073725],[9.865101945441337,53.449632529073725]]]}},{"type":"Feature","properties":{"jobs":0,"pop":600,"pointCount":4,"homeWorkCommuteMedian":24697,"workHomeCommuteMedian":-1},"geometry":{"type":"Polygon","coordinates":[[[9.865101945441337,53.46761893634822],[9.865101945441337,53.47661213998546],[9.874095149078583,53.47661213998546],[9.874095149078583,53.46761893634822],[9.865101945441337,53.46761893634822]]]}},{"type":"Feature","properties":{"jobs":400,"pop":1100,"pointCount":8,"homeWorkCommuteMedian":23766,"workHomeCommuteMedian":30871},"geometry":{"type":"Polygon","coordinates":[[[9.865101945441337,53.47661213998546],[9.865101945441337,53.48560534362271],[9.874095149078583,53.48560534362271],[9.874095149078583,53.47661213998546],[9.865101945441337,53.47661213998546]]]}},{"type":"Feature","properties":{"jobs":300,"pop":100,"pointCount":2,"homeWorkCommuteMedian":20779,"workHomeCommuteMedian":28242},"geometry":{"type":"Polygon","coordinates":[[[9.865101945441337,53.5035917508972],[9.865101945441337,53.51258495453445],[9.874095149078583,53.51258495453445],[9.874095149078583,53.5035917508972],[9.865101945441337,53.5035917508972]]]}},{"type":"Feature","properties":{"jobs":0,"pop":400,"pointCount":4,"homeWorkCommuteMedian":21743,"workHomeCommuteMedian":-1},"geometry":{"type":"Polygon","coordinates":[[[9.865101945441337,53.52157815817169],[9.865101945441337,53.53057136180894],[9.874095149078583,53.53057136180894],[9.874095149078583,53.52157815817169],[9.865101945441337,53.52157815817169]]]}},{"type":"Feature","properties":{"jobs":500,"pop":200,"pointCount":4,"homeWorkCommuteMedian":16377,"workHomeCommuteMedian":22457},"geometry":{"type":"Polygon","coordinates":[[[9.865101945441337,53.53057136180894],[9.865101945441337,53.539564565446184],[9.874095149078583,53.539564565446184],[9.874095149078583,53.53057136180894],[9.865101945441337,53.53057136180894]]]}},{"type":"Feature","properties":{"jobs":200,"pop":100,"pointCount":2,"homeWorkCommuteMedian":18118,"workHomeCommuteMedian":29106},"geometry":{"type":"Polygon","coordinates":[[[9.865101945441337,53.539564565446184],[9.865101945441337,53.54855776908343],[9.874095149078583,53.54855776908343],[9.874095149078583,53.539564565446184],[9.865101945441337,53.539564565446184]]]}},{"type":"Feature","properties":{"jobs":0,"pop":450,"pointCount":3,"homeWorkCommuteMedian":28611,"workHomeCommuteMedian":-1},"geometry":{"type":"Polygon","coordinates":[[[9.865101945441337,53.54855776908343],[9.865101945441337,53.557550972720676],[9.874095149078583,53.557550972720676],[9.874095149078583,53.54855776908343],[9.865101945441337,53.54855776908343]]]}},{"type":"Feature","properties":{"jobs":0,"pop":800,"pointCount":5,"homeWorkCommuteMedian":25315,"workHomeCommuteMedian":-1},"geometry":{"type":"Polygon","coordinates":[[[9.865101945441337,53.557550972720676],[9.865101945441337,53.56654417635792],[9.874095149078583,53.56654417635792],[9.874095149078583,53.557550972720676],[9.865101945441337,53.557550972720676]]]}},{"type":"Feature","properties":{"jobs":400,"pop":600,"pointCount":8,"homeWorkCommuteMedian":28209,"workHomeCommuteMedian":20403},"geometry":{"type":"Polygon","coordinates":[[[9.865101945441337,53.56654417635792],[9.865101945441337,53.57553737999517],[9.874095149078583,53.57553737999517],[9.874095149078583,53.56654417635792],[9.865101945441337,53.56654417635792]]]}},{"type":"Feature","properties":{"jobs":200,"pop":400,"pointCount":6,"homeWorkCommuteMedian":28562,"workHomeCommuteMedian":21724},"geometry":{"type":"Polygon","coordinates":[[[9.865101945441337,53.57553737999517],[9.865101945441337,53.584530583632414],[9.874095149078583,53.584530583632414],[9.874095149078583,53.57553737999517],[9.865101945441337,53.57553737999517]]]}},{"type":"Feature","properties":{"jobs":4800,"pop":1650,"pointCount":13,"homeWorkCommuteMedian":19938,"workHomeCommuteMedian":18837},"geometry":{"type":"Polygon","coordinates":[[[9.865101945441337,53.584530583632414],[9.865101945441337,53.59352378726966],[9.874095149078583,53.59352378726966],[9.874095149078583,53.584530583632414],[9.865101945441337,53.584530583632414]]]}},{"type":"Feature","properties":{"jobs":700,"pop":1100,"pointCount":11,"homeWorkCommuteMedian":23155,"workHomeCommuteMedian":15063},"geometry":{"type":"Polygon","coordinates":[[[9.865101945441337,53.59352378726966],[9.865101945441337,53.602516990906906],[9.874095149078583,53.602516990906906],[9.874095149078583,53.59352378726966],[9.865101945441337,53.59352378726966]]]}},{"type":"Feature","properties":{"jobs":600,"pop":900,"pointCount":6,"homeWorkCommuteMedian":21819,"workHomeCommuteMedian":16141},"geometry":{"type":"Polygon","coordinates":[[[9.865101945441337,53.602516990906906],[9.865101945441337,53.61151019454415],[9.874095149078583,53.61151019454415],[9.874095149078583,53.602516990906906],[9.865101945441337,53.602516990906906]]]}},{"type":"Feature","properties":{"jobs":900,"pop":400,"pointCount":6,"homeWorkCommuteMedian":22692,"workHomeCommuteMedian":23954},"geometry":{"type":"Polygon","coordinates":[[[9.865101945441337,53.61151019454415],[9.865101945441337,53.6205033981814],[9.874095149078583,53.6205033981814],[9.874095149078583,53.61151019454415],[9.865101945441337,53.61151019454415]]]}},{"type":"Feature","properties":{"jobs":200,"pop":200,"pointCount":3,"homeWorkCommuteMedian":39364,"workHomeCommuteMedian":41923},"geometry":{"type":"Polygon","coordinates":[[[9.865101945441337,53.6205033981814],[9.865101945441337,53.629496601818644],[9.874095149078583,53.629496601818644],[9.874095149078583,53.6205033981814],[9.865101945441337,53.6205033981814]]]}},{"type":"Feature","properties":{"jobs":1000,"pop":200,"pointCount":3,"homeWorkCommuteMedian":34428,"workHomeCommuteMedian":17692},"geometry":{"type":"Polygon","coordinates":[[[9.865101945441337,53.629496601818644],[9.865101945441337,53.63848980545589],[9.874095149078583,53.63848980545589],[9.874095149078583,53.629496601818644],[9.865101945441337,53.629496601818644]]]}},{"type":"Feature","properties":{"jobs":300,"pop":100,"pointCount":2,"homeWorkCommuteMedian":22573,"workHomeCommuteMedian":13408},"geometry":{"type":"Polygon","coordinates":[[[9.865101945441337,53.647483009093136],[9.865101945441337,53.65647621273038],[9.874095149078583,53.65647621273038],[9.874095149078583,53.647483009093136],[9.865101945441337,53.647483009093136]]]}},{"type":"Feature","properties":{"jobs":100,"pop":0,"pointCount":1,"homeWorkCommuteMedian":-1,"workHomeCommuteMedian":37632},"geometry":{"type":"Polygon","coordinates":[[[9.865101945441337,53.65647621273038],[9.865101945441337,53.66546941636763],[9.874095149078583,53.66546941636763],[9.874095149078583,53.65647621273038],[9.865101945441337,53.65647621273038]]]}},{"type":"Feature","properties":{"jobs":100,"pop":0,"pointCount":1,"homeWorkCommuteMedian":-1,"workHomeCommuteMedian":43747},"geometry":{"type":"Polygon","coordinates":[[[9.865101945441337,53.74640824910284],[9.865101945441337,53.75540145274009],[9.874095149078583,53.75540145274009],[9.874095149078583,53.74640824910284],[9.865101945441337,53.74640824910284]]]}},{"type":"Feature","properties":{"jobs":200,"pop":0,"pointCount":1,"homeWorkCommuteMedian":-1,"workHomeCommuteMedian":60643},"geometry":{"type":"Polygon","coordinates":[[[9.865101945441337,53.764394656377334],[9.865101945441337,53.77338786001458],[9.874095149078583,53.77338786001458],[9.874095149078583,53.764394656377334],[9.865101945441337,53.764394656377334]]]}},{"type":"Feature","properties":{"jobs":0,"pop":100,"pointCount":1,"homeWorkCommuteMedian":16573,"workHomeCommuteMedian":-1},"geometry":{"type":"Polygon","coordinates":[[[9.865101945441337,53.77338786001458],[9.865101945441337,53.782381063651826],[9.874095149078583,53.782381063651826],[9.874095149078583,53.77338786001458],[9.865101945441337,53.77338786001458]]]}},{"type":"Feature","properties":{"jobs":100,"pop":0,"pointCount":1,"homeWorkCommuteMedian":-1,"workHomeCommuteMedian":41587},"geometry":{"type":"Polygon","coordinates":[[[9.865101945441337,53.86331989638704],[9.865101945441337,53.872313100024286],[9.874095149078583,53.872313100024286],[9.874095149078583,53.86331989638704],[9.865101945441337,53.86331989638704]]]}},{"type":"Feature","properties":{"jobs":0,"pop":100,"pointCount":1,"homeWorkCommuteMedian":36219,"workHomeCommuteMedian":-1},"geometry":{"type":"Polygon","coordinates":[[[9.865101945441337,53.88130630366153],[9.865101945441337,53.89029950729878],[9.874095149078583,53.89029950729878],[9.874095149078583,53.88130630366153],[9.865101945441337,53.88130630366153]]]}},{"type":"Feature","properties":{"jobs":0,"pop":200,"pointCount":2,"homeWorkCommuteMedian":50644,"workHomeCommuteMedian":-1},"geometry":{"type":"Polygon","coordinates":[[[9.865101945441337,53.89029950729878],[9.865101945441337,53.899292710936024],[9.874095149078583,53.899292710936024],[9.874095149078583,53.89029950729878],[9.865101945441337,53.89029950729878]]]}},{"type":"Feature","properties":{"jobs":100,"pop":0,"pointCount":1,"homeWorkCommuteMedian":-1,"workHomeCommuteMedian":64397},"geometry":{"type":"Polygon","coordinates":[[[9.874095149078583,53.35070728906402],[9.874095149078583,53.359700492701265],[9.883088352715829,53.359700492701265],[9.883088352715829,53.35070728906402],[9.874095149078583,53.35070728906402]]]}},{"type":"Feature","properties":{"jobs":100,"pop":350,"pointCount":3,"homeWorkCommuteMedian":34197,"workHomeCommuteMedian":17104},"geometry":{"type":"Polygon","coordinates":[[[9.874095149078583,53.359700492701265],[9.874095149078583,53.36869369633851],[9.883088352715829,53.36869369633851],[9.883088352715829,53.359700492701265],[9.874095149078583,53.359700492701265]]]}},{"type":"Feature","properties":{"jobs":0,"pop":300,"pointCount":2,"homeWorkCommuteMedian":38652,"workHomeCommuteMedian":-1},"geometry":{"type":"Polygon","coordinates":[[[9.874095149078583,53.37768689997576],[9.874095149078583,53.386680103613],[9.883088352715829,53.386680103613],[9.883088352715829,53.37768689997576],[9.874095149078583,53.37768689997576]]]}},{"type":"Feature","properties":{"jobs":0,"pop":200,"pointCount":2,"homeWorkCommuteMedian":38311,"workHomeCommuteMedian":-1},"geometry":{"type":"Polygon","coordinates":[[[9.874095149078583,53.39567330725025],[9.874095149078583,53.404666510887495],[9.883088352715829,53.404666510887495],[9.883088352715829,53.39567330725025],[9.874095149078583,53.39567330725025]]]}},{"type":"Feature","properties":{"jobs":0,"pop":300,"pointCount":3,"homeWorkCommuteMedian":34171,"workHomeCommuteMedian":-1},"geometry":{"type":"Polygon","coordinates":[[[9.874095149078583,53.404666510887495],[9.874095149078583,53.41365971452474],[9.883088352715829,53.41365971452474],[9.883088352715829,53.404666510887495],[9.874095149078583,53.404666510887495]]]}},{"type":"Feature","properties":{"jobs":300,"pop":0,"pointCount":1,"homeWorkCommuteMedian":-1,"workHomeCommuteMedian":30851},"geometry":{"type":"Polygon","coordinates":[[[9.874095149078583,53.41365971452474],[9.874095149078583,53.42265291816199],[9.883088352715829,53.42265291816199],[9.883088352715829,53.41365971452474],[9.874095149078583,53.41365971452474]]]}},{"type":"Feature","properties":{"jobs":0,"pop":100,"pointCount":1,"homeWorkCommuteMedian":26420,"workHomeCommuteMedian":-1},"geometry":{"type":"Polygon","coordinates":[[[9.874095149078583,53.43164612179923],[9.874095149078583,53.44063932543648],[9.883088352715829,53.44063932543648],[9.883088352715829,53.43164612179923],[9.874095149078583,53.43164612179923]]]}},{"type":"Feature","properties":{"jobs":0,"pop":1050,"pointCount":5,"homeWorkCommuteMedian":27349,"workHomeCommuteMedian":-1},"geometry":{"type":"Polygon","coordinates":[[[9.874095149078583,53.45862573271097],[9.874095149078583,53.46761893634822],[9.883088352715829,53.46761893634822],[9.883088352715829,53.45862573271097],[9.874095149078583,53.45862573271097]]]}},{"type":"Feature","properties":{"jobs":3200,"pop":400,"pointCount":8,"homeWorkCommuteMedian":20391,"workHomeCommuteMedian":23857},"geometry":{"type":"Polygon","coordinates":[[[9.874095149078583,53.46761893634822],[9.874095149078583,53.47661213998546],[9.883088352715829,53.47661213998546],[9.883088352715829,53.46761893634822],[9.874095149078583,53.46761893634822]]]}},{"type":"Feature","properties":{"jobs":400,"pop":1600,"pointCount":12,"homeWorkCommuteMedian":28631,"workHomeCommuteMedian":24287},"geometry":{"type":"Polygon","coordinates":[[[9.874095149078583,53.47661213998546],[9.874095149078583,53.48560534362271],[9.883088352715829,53.48560534362271],[9.883088352715829,53.47661213998546],[9.874095149078583,53.47661213998546]]]}},{"type":"Feature","properties":{"jobs":200,"pop":0,"pointCount":1,"homeWorkCommuteMedian":-1,"workHomeCommuteMedian":48761},"geometry":{"type":"Polygon","coordinates":[[[9.874095149078583,53.494598547259955],[9.874095149078583,53.5035917508972],[9.883088352715829,53.5035917508972],[9.883088352715829,53.494598547259955],[9.874095149078583,53.494598547259955]]]}},{"type":"Feature","properties":{"jobs":100,"pop":200,"pointCount":3,"homeWorkCommuteMedian":22101,"workHomeCommuteMedian":47695},"geometry":{"type":"Polygon","coordinates":[[[9.874095149078583,53.52157815817169],[9.874095149078583,53.53057136180894],[9.883088352715829,53.53057136180894],[9.883088352715829,53.52157815817169],[9.874095149078583,53.52157815817169]]]}},{"type":"Feature","properties":{"jobs":2800,"pop":650,"pointCount":10,"homeWorkCommuteMedian":26110,"workHomeCommuteMedian":23216},"geometry":{"type":"Polygon","coordinates":[[[9.874095149078583,53.53057136180894],[9.874095149078583,53.539564565446184],[9.883088352715829,53.539564565446184],[9.883088352715829,53.53057136180894],[9.874095149078583,53.53057136180894]]]}},{"type":"Feature","properties":{"jobs":0,"pop":450,"pointCount":2,"homeWorkCommuteMedian":30176,"workHomeCommuteMedian":-1},"geometry":{"type":"Polygon","coordinates":[[[9.874095149078583,53.539564565446184],[9.874095149078583,53.54855776908343],[9.883088352715829,53.54855776908343],[9.883088352715829,53.539564565446184],[9.874095149078583,53.539564565446184]]]}},{"type":"Feature","properties":{"jobs":200,"pop":1200,"pointCount":9,"homeWorkCommuteMedian":24484,"workHomeCommuteMedian":56091},"geometry":{"type":"Polygon","coordinates":[[[9.874095149078583,53.54855776908343],[9.874095149078583,53.557550972720676],[9.883088352715829,53.557550972720676],[9.883088352715829,53.54855776908343],[9.874095149078583,53.54855776908343]]]}},{"type":"Feature","properties":{"jobs":2000,"pop":1050,"pointCount":10,"homeWorkCommuteMedian":18353,"workHomeCommuteMedian":18870},"geometry":{"type":"Polygon","coordinates":[[[9.874095149078583,53.557550972720676],[9.874095149078583,53.56654417635792],[9.883088352715829,53.56654417635792],[9.883088352715829,53.557550972720676],[9.874095149078583,53.557550972720676]]]}},{"type":"Feature","properties":{"jobs":800,"pop":1650,"pointCount":15,"homeWorkCommuteMedian":18565,"workHomeCommuteMedian":16236},"geometry":{"type":"Polygon","coordinates":[[[9.874095149078583,53.56654417635792],[9.874095149078583,53.57553737999517],[9.883088352715829,53.57553737999517],[9.883088352715829,53.56654417635792],[9.874095149078583,53.56654417635792]]]}},{"type":"Feature","properties":{"jobs":500,"pop":1250,"pointCount":8,"homeWorkCommuteMedian":27367,"workHomeCommuteMedian":23774},"geometry":{"type":"Polygon","coordinates":[[[9.874095149078583,53.57553737999517],[9.874095149078583,53.584530583632414],[9.883088352715829,53.584530583632414],[9.883088352715829,53.57553737999517],[9.874095149078583,53.57553737999517]]]}},{"type":"Feature","properties":{"jobs":3900,"pop":2100,"pointCount":16,"homeWorkCommuteMedian":19558,"workHomeCommuteMedian":21641},"geometry":{"type":"Polygon","coordinates":[[[9.874095149078583,53.584530583632414],[9.874095149078583,53.59352378726966],[9.883088352715829,53.59352378726966],[9.883088352715829,53.584530583632414],[9.874095149078583,53.584530583632414]]]}},{"type":"Feature","properties":{"jobs":200,"pop":1300,"pointCount":11,"homeWorkCommuteMedian":22413,"workHomeCommuteMedian":20242},"geometry":{"type":"Polygon","coordinates":[[[9.874095149078583,53.59352378726966],[9.874095149078583,53.602516990906906],[9.883088352715829,53.602516990906906],[9.883088352715829,53.59352378726966],[9.874095149078583,53.59352378726966]]]}},{"type":"Feature","properties":{"jobs":100,"pop":500,"pointCount":5,"homeWorkCommuteMedian":24458,"workHomeCommuteMedian":2477},"geometry":{"type":"Polygon","coordinates":[[[9.874095149078583,53.602516990906906],[9.874095149078583,53.61151019454415],[9.883088352715829,53.61151019454415],[9.883088352715829,53.602516990906906],[9.874095149078583,53.602516990906906]]]}},{"type":"Feature","properties":{"jobs":0,"pop":1000,"pointCount":9,"homeWorkCommuteMedian":24297,"workHomeCommuteMedian":-1},"geometry":{"type":"Polygon","coordinates":[[[9.874095149078583,53.61151019454415],[9.874095149078583,53.6205033981814],[9.883088352715829,53.6205033981814],[9.883088352715829,53.61151019454415],[9.874095149078583,53.61151019454415]]]}},{"type":"Feature","properties":{"jobs":800,"pop":300,"pointCount":7,"homeWorkCommuteMedian":14288,"workHomeCommuteMedian":22240},"geometry":{"type":"Polygon","coordinates":[[[9.874095149078583,53.6205033981814],[9.874095149078583,53.629496601818644],[9.883088352715829,53.629496601818644],[9.883088352715829,53.6205033981814],[9.874095149078583,53.6205033981814]]]}},{"type":"Feature","properties":{"jobs":100,"pop":700,"pointCount":7,"homeWorkCommuteMedian":16321,"workHomeCommuteMedian":23315},"geometry":{"type":"Polygon","coordinates":[[[9.874095149078583,53.629496601818644],[9.874095149078583,53.63848980545589],[9.883088352715829,53.63848980545589],[9.883088352715829,53.629496601818644],[9.874095149078583,53.629496601818644]]]}},{"type":"Feature","properties":{"jobs":0,"pop":650,"pointCount":3,"homeWorkCommuteMedian":17124,"workHomeCommuteMedian":-1},"geometry":{"type":"Polygon","coordinates":[[[9.874095149078583,53.63848980545589],[9.874095149078583,53.647483009093136],[9.883088352715829,53.647483009093136],[9.883088352715829,53.63848980545589],[9.874095149078583,53.63848980545589]]]}},{"type":"Feature","properties":{"jobs":0,"pop":100,"pointCount":1,"homeWorkCommuteMedian":19863,"workHomeCommuteMedian":-1},"geometry":{"type":"Polygon","coordinates":[[[9.874095149078583,53.647483009093136],[9.874095149078583,53.65647621273038],[9.883088352715829,53.65647621273038],[9.883088352715829,53.647483009093136],[9.874095149078583,53.647483009093136]]]}},{"type":"Feature","properties":{"jobs":0,"pop":300,"pointCount":1,"homeWorkCommuteMedian":17347,"workHomeCommuteMedian":-1},"geometry":{"type":"Polygon","coordinates":[[[9.874095149078583,53.65647621273038],[9.874095149078583,53.66546941636763],[9.883088352715829,53.66546941636763],[9.883088352715829,53.65647621273038],[9.874095149078583,53.65647621273038]]]}},{"type":"Feature","properties":{"jobs":0,"pop":100,"pointCount":1,"homeWorkCommuteMedian":12703,"workHomeCommuteMedian":-1},"geometry":{"type":"Polygon","coordinates":[[[9.874095149078583,53.719428638191104],[9.874095149078583,53.72842184182835],[9.883088352715829,53.72842184182835],[9.883088352715829,53.719428638191104],[9.874095149078583,53.719428638191104]]]}},{"type":"Feature","properties":{"jobs":100,"pop":100,"pointCount":2,"homeWorkCommuteMedian":25905,"workHomeCommuteMedian":23887},"geometry":{"type":"Polygon","coordinates":[[[9.874095149078583,53.764394656377334],[9.874095149078583,53.77338786001458],[9.883088352715829,53.77338786001458],[9.883088352715829,53.764394656377334],[9.874095149078583,53.764394656377334]]]}},{"type":"Feature","properties":{"jobs":0,"pop":100,"pointCount":1,"homeWorkCommuteMedian":30946,"workHomeCommuteMedian":-1},"geometry":{"type":"Polygon","coordinates":[[[9.874095149078583,53.77338786001458],[9.874095149078583,53.782381063651826],[9.883088352715829,53.782381063651826],[9.883088352715829,53.77338786001458],[9.874095149078583,53.77338786001458]]]}},{"type":"Feature","properties":{"jobs":0,"pop":200,"pointCount":2,"homeWorkCommuteMedian":41843,"workHomeCommuteMedian":-1},"geometry":{"type":"Polygon","coordinates":[[[9.874095149078583,53.782381063651826],[9.874095149078583,53.79137426728907],[9.883088352715829,53.79137426728907],[9.883088352715829,53.782381063651826],[9.874095149078583,53.782381063651826]]]}},{"type":"Feature","properties":{"jobs":300,"pop":0,"pointCount":1,"homeWorkCommuteMedian":-1,"workHomeCommuteMedian":34995},"geometry":{"type":"Polygon","coordinates":[[[9.874095149078583,53.80036747092632],[9.874095149078583,53.809360674563564],[9.883088352715829,53.809360674563564],[9.883088352715829,53.80036747092632],[9.874095149078583,53.80036747092632]]]}},{"type":"Feature","properties":{"jobs":100,"pop":200,"pointCount":3,"homeWorkCommuteMedian":38840,"workHomeCommuteMedian":46658},"geometry":{"type":"Polygon","coordinates":[[[9.874095149078583,53.872313100024286],[9.874095149078583,53.88130630366153],[9.883088352715829,53.88130630366153],[9.883088352715829,53.872313100024286],[9.874095149078583,53.872313100024286]]]}},{"type":"Feature","properties":{"jobs":500,"pop":300,"pointCount":4,"homeWorkCommuteMedian":22353,"workHomeCommuteMedian":31404},"geometry":{"type":"Polygon","coordinates":[[[9.883088352715829,53.36869369633851],[9.883088352715829,53.37768689997576],[9.892081556353075,53.37768689997576],[9.892081556353075,53.36869369633851],[9.883088352715829,53.36869369633851]]]}},{"type":"Feature","properties":{"jobs":0,"pop":300,"pointCount":3,"homeWorkCommuteMedian":41355,"workHomeCommuteMedian":-1},"geometry":{"type":"Polygon","coordinates":[[[9.883088352715829,53.37768689997576],[9.883088352715829,53.386680103613],[9.892081556353075,53.386680103613],[9.892081556353075,53.37768689997576],[9.883088352715829,53.37768689997576]]]}},{"type":"Feature","properties":{"jobs":300,"pop":100,"pointCount":2,"homeWorkCommuteMedian":27760,"workHomeCommuteMedian":28471},"geometry":{"type":"Polygon","coordinates":[[[9.883088352715829,53.404666510887495],[9.883088352715829,53.41365971452474],[9.892081556353075,53.41365971452474],[9.892081556353075,53.404666510887495],[9.883088352715829,53.404666510887495]]]}},{"type":"Feature","properties":{"jobs":400,"pop":100,"pointCount":3,"homeWorkCommuteMedian":24667,"workHomeCommuteMedian":31546},"geometry":{"type":"Polygon","coordinates":[[[9.883088352715829,53.41365971452474],[9.883088352715829,53.42265291816199],[9.892081556353075,53.42265291816199],[9.892081556353075,53.41365971452474],[9.883088352715829,53.41365971452474]]]}},{"type":"Feature","properties":{"jobs":0,"pop":200,"pointCount":2,"homeWorkCommuteMedian":80606,"workHomeCommuteMedian":-1},"geometry":{"type":"Polygon","coordinates":[[[9.883088352715829,53.42265291816199],[9.883088352715829,53.43164612179923],[9.892081556353075,53.43164612179923],[9.892081556353075,53.42265291816199],[9.883088352715829,53.42265291816199]]]}},{"type":"Feature","properties":{"jobs":0,"pop":200,"pointCount":2,"homeWorkCommuteMedian":52878,"workHomeCommuteMedian":-1},"geometry":{"type":"Polygon","coordinates":[[[9.883088352715829,53.43164612179923],[9.883088352715829,53.44063932543648],[9.892081556353075,53.44063932543648],[9.892081556353075,53.43164612179923],[9.883088352715829,53.43164612179923]]]}},{"type":"Feature","properties":{"jobs":300,"pop":100,"pointCount":2,"homeWorkCommuteMedian":33922,"workHomeCommuteMedian":24186},"geometry":{"type":"Polygon","coordinates":[[[9.883088352715829,53.44063932543648],[9.883088352715829,53.449632529073725],[9.892081556353075,53.449632529073725],[9.892081556353075,53.44063932543648],[9.883088352715829,53.44063932543648]]]}},{"type":"Feature","properties":{"jobs":0,"pop":100,"pointCount":1,"homeWorkCommuteMedian":24147,"workHomeCommuteMedian":-1},"geometry":{"type":"Polygon","coordinates":[[[9.883088352715829,53.449632529073725],[9.883088352715829,53.45862573271097],[9.892081556353075,53.45862573271097],[9.892081556353075,53.449632529073725],[9.883088352715829,53.449632529073725]]]}},{"type":"Feature","properties":{"jobs":0,"pop":500,"pointCount":3,"homeWorkCommuteMedian":21532,"workHomeCommuteMedian":-1},"geometry":{"type":"Polygon","coordinates":[[[9.883088352715829,53.45862573271097],[9.883088352715829,53.46761893634822],[9.892081556353075,53.46761893634822],[9.892081556353075,53.45862573271097],[9.883088352715829,53.45862573271097]]]}},{"type":"Feature","properties":{"jobs":1400,"pop":200,"pointCount":6,"homeWorkCommuteMedian":35833,"workHomeCommuteMedian":22360},"geometry":{"type":"Polygon","coordinates":[[[9.883088352715829,53.46761893634822],[9.883088352715829,53.47661213998546],[9.892081556353075,53.47661213998546],[9.892081556353075,53.46761893634822],[9.883088352715829,53.46761893634822]]]}},{"type":"Feature","properties":{"jobs":1400,"pop":850,"pointCount":7,"homeWorkCommuteMedian":21134,"workHomeCommuteMedian":21896},"geometry":{"type":"Polygon","coordinates":[[[9.883088352715829,53.47661213998546],[9.883088352715829,53.48560534362271],[9.892081556353075,53.48560534362271],[9.892081556353075,53.47661213998546],[9.883088352715829,53.47661213998546]]]}},{"type":"Feature","properties":{"jobs":100,"pop":100,"pointCount":2,"homeWorkCommuteMedian":22159,"workHomeCommuteMedian":20410},"geometry":{"type":"Polygon","coordinates":[[[9.883088352715829,53.52157815817169],[9.883088352715829,53.53057136180894],[9.892081556353075,53.53057136180894],[9.892081556353075,53.52157815817169],[9.883088352715829,53.52157815817169]]]}},{"type":"Feature","properties":{"jobs":100,"pop":200,"pointCount":3,"homeWorkCommuteMedian":21488,"workHomeCommuteMedian":14743},"geometry":{"type":"Polygon","coordinates":[[[9.883088352715829,53.539564565446184],[9.883088352715829,53.54855776908343],[9.892081556353075,53.54855776908343],[9.892081556353075,53.539564565446184],[9.883088352715829,53.539564565446184]]]}},{"type":"Feature","properties":{"jobs":200,"pop":850,"pointCount":7,"homeWorkCommuteMedian":18323,"workHomeCommuteMedian":23589},"geometry":{"type":"Polygon","coordinates":[[[9.883088352715829,53.54855776908343],[9.883088352715829,53.557550972720676],[9.892081556353075,53.557550972720676],[9.892081556353075,53.54855776908343],[9.883088352715829,53.54855776908343]]]}},{"type":"Feature","properties":{"jobs":3200,"pop":600,"pointCount":8,"homeWorkCommuteMedian":29489,"workHomeCommuteMedian":21113},"geometry":{"type":"Polygon","coordinates":[[[9.883088352715829,53.557550972720676],[9.883088352715829,53.56654417635792],[9.892081556353075,53.56654417635792],[9.892081556353075,53.557550972720676],[9.883088352715829,53.557550972720676]]]}},{"type":"Feature","properties":{"jobs":400,"pop":1350,"pointCount":13,"homeWorkCommuteMedian":17231,"workHomeCommuteMedian":34831},"geometry":{"type":"Polygon","coordinates":[[[9.883088352715829,53.56654417635792],[9.883088352715829,53.57553737999517],[9.892081556353075,53.57553737999517],[9.892081556353075,53.56654417635792],[9.883088352715829,53.56654417635792]]]}},{"type":"Feature","properties":{"jobs":0,"pop":250,"pointCount":1,"homeWorkCommuteMedian":37706,"workHomeCommuteMedian":-1},"geometry":{"type":"Polygon","coordinates":[[[9.883088352715829,53.57553737999517],[9.883088352715829,53.584530583632414],[9.892081556353075,53.584530583632414],[9.892081556353075,53.57553737999517],[9.883088352715829,53.57553737999517]]]}},{"type":"Feature","properties":{"jobs":2150,"pop":1550,"pointCount":9,"homeWorkCommuteMedian":15449,"workHomeCommuteMedian":19204},"geometry":{"type":"Polygon","coordinates":[[[9.883088352715829,53.59352378726966],[9.883088352715829,53.602516990906906],[9.892081556353075,53.602516990906906],[9.892081556353075,53.59352378726966],[9.883088352715829,53.59352378726966]]]}},{"type":"Feature","properties":{"jobs":0,"pop":500,"pointCount":4,"homeWorkCommuteMedian":20682,"workHomeCommuteMedian":-1},"geometry":{"type":"Polygon","coordinates":[[[9.883088352715829,53.602516990906906],[9.883088352715829,53.61151019454415],[9.892081556353075,53.61151019454415],[9.892081556353075,53.602516990906906],[9.883088352715829,53.602516990906906]]]}},{"type":"Feature","properties":{"jobs":100,"pop":2150,"pointCount":10,"homeWorkCommuteMedian":21775,"workHomeCommuteMedian":14587},"geometry":{"type":"Polygon","coordinates":[[[9.883088352715829,53.61151019454415],[9.883088352715829,53.6205033981814],[9.892081556353075,53.6205033981814],[9.892081556353075,53.61151019454415],[9.883088352715829,53.61151019454415]]]}},{"type":"Feature","properties":{"jobs":200,"pop":800,"pointCount":6,"homeWorkCommuteMedian":18793,"workHomeCommuteMedian":41507},"geometry":{"type":"Polygon","coordinates":[[[9.883088352715829,53.6205033981814],[9.883088352715829,53.629496601818644],[9.892081556353075,53.629496601818644],[9.892081556353075,53.6205033981814],[9.883088352715829,53.6205033981814]]]}},{"type":"Feature","properties":{"jobs":0,"pop":100,"pointCount":1,"homeWorkCommuteMedian":15118,"workHomeCommuteMedian":-1},"geometry":{"type":"Polygon","coordinates":[[[9.883088352715829,53.629496601818644],[9.883088352715829,53.63848980545589],[9.892081556353075,53.63848980545589],[9.892081556353075,53.629496601818644],[9.883088352715829,53.629496601818644]]]}},{"type":"Feature","properties":{"jobs":2500,"pop":500,"pointCount":13,"homeWorkCommuteMedian":15725,"workHomeCommuteMedian":18775},"geometry":{"type":"Polygon","coordinates":[[[9.883088352715829,53.63848980545589],[9.883088352715829,53.647483009093136],[9.892081556353075,53.647483009093136],[9.892081556353075,53.63848980545589],[9.883088352715829,53.63848980545589]]]}},{"type":"Feature","properties":{"jobs":0,"pop":200,"pointCount":1,"homeWorkCommuteMedian":25408,"workHomeCommuteMedian":-1},"geometry":{"type":"Polygon","coordinates":[[[9.883088352715829,53.65647621273038],[9.883088352715829,53.66546941636763],[9.892081556353075,53.66546941636763],[9.892081556353075,53.65647621273038],[9.883088352715829,53.65647621273038]]]}},{"type":"Feature","properties":{"jobs":0,"pop":400,"pointCount":3,"homeWorkCommuteMedian":13618,"workHomeCommuteMedian":-1},"geometry":{"type":"Polygon","coordinates":[[[9.883088352715829,53.72842184182835],[9.883088352715829,53.737415045465596],[9.892081556353075,53.737415045465596],[9.892081556353075,53.72842184182835],[9.883088352715829,53.72842184182835]]]}},{"type":"Feature","properties":{"jobs":100,"pop":0,"pointCount":1,"homeWorkCommuteMedian":-1,"workHomeCommuteMedian":14710},"geometry":{"type":"Polygon","coordinates":[[[9.883088352715829,53.74640824910284],[9.883088352715829,53.75540145274009],[9.892081556353075,53.75540145274009],[9.892081556353075,53.74640824910284],[9.883088352715829,53.74640824910284]]]}},{"type":"Feature","properties":{"jobs":200,"pop":300,"pointCount":4,"homeWorkCommuteMedian":39682,"workHomeCommuteMedian":60884},"geometry":{"type":"Polygon","coordinates":[[[9.883088352715829,53.86331989638704],[9.883088352715829,53.872313100024286],[9.892081556353075,53.872313100024286],[9.892081556353075,53.86331989638704],[9.883088352715829,53.86331989638704]]]}},{"type":"Feature","properties":{"jobs":200,"pop":300,"pointCount":5,"homeWorkCommuteMedian":45125,"workHomeCommuteMedian":39527},"geometry":{"type":"Polygon","coordinates":[[[9.883088352715829,53.872313100024286],[9.883088352715829,53.88130630366153],[9.892081556353075,53.88130630366153],[9.892081556353075,53.872313100024286],[9.883088352715829,53.872313100024286]]]}},{"type":"Feature","properties":{"jobs":200,"pop":100,"pointCount":2,"homeWorkCommuteMedian":19986,"workHomeCommuteMedian":49643},"geometry":{"type":"Polygon","coordinates":[[[9.883088352715829,53.88130630366153],[9.883088352715829,53.89029950729878],[9.892081556353075,53.89029950729878],[9.892081556353075,53.88130630366153],[9.883088352715829,53.88130630366153]]]}},{"type":"Feature","properties":{"jobs":900,"pop":200,"pointCount":8,"homeWorkCommuteMedian":32878,"workHomeCommuteMedian":24515},"geometry":{"type":"Polygon","coordinates":[[[9.892081556353075,53.36869369633851],[9.892081556353075,53.37768689997576],[9.90107475999032,53.37768689997576],[9.90107475999032,53.36869369633851],[9.892081556353075,53.36869369633851]]]}},{"type":"Feature","properties":{"jobs":1300,"pop":700,"pointCount":8,"homeWorkCommuteMedian":39067,"workHomeCommuteMedian":33969},"geometry":{"type":"Polygon","coordinates":[[[9.892081556353075,53.37768689997576],[9.892081556353075,53.386680103613],[9.90107475999032,53.386680103613],[9.90107475999032,53.37768689997576],[9.892081556353075,53.37768689997576]]]}},{"type":"Feature","properties":{"jobs":0,"pop":100,"pointCount":1,"homeWorkCommuteMedian":36273,"workHomeCommuteMedian":-1},"geometry":{"type":"Polygon","coordinates":[[[9.892081556353075,53.404666510887495],[9.892081556353075,53.41365971452474],[9.90107475999032,53.41365971452474],[9.90107475999032,53.404666510887495],[9.892081556353075,53.404666510887495]]]}},{"type":"Feature","properties":{"jobs":400,"pop":400,"pointCount":6,"homeWorkCommuteMedian":32601,"workHomeCommuteMedian":38979},"geometry":{"type":"Polygon","coordinates":[[[9.892081556353075,53.41365971452474],[9.892081556353075,53.42265291816199],[9.90107475999032,53.42265291816199],[9.90107475999032,53.41365971452474],[9.892081556353075,53.41365971452474]]]}},{"type":"Feature","properties":{"jobs":0,"pop":300,"pointCount":3,"homeWorkCommuteMedian":26172,"workHomeCommuteMedian":-1},"geometry":{"type":"Polygon","coordinates":[[[9.892081556353075,53.43164612179923],[9.892081556353075,53.44063932543648],[9.90107475999032,53.44063932543648],[9.90107475999032,53.43164612179923],[9.892081556353075,53.43164612179923]]]}},{"type":"Feature","properties":{"jobs":300,"pop":100,"pointCount":2,"homeWorkCommuteMedian":28952,"workHomeCommuteMedian":31047},"geometry":{"type":"Polygon","coordinates":[[[9.892081556353075,53.44063932543648],[9.892081556353075,53.449632529073725],[9.90107475999032,53.449632529073725],[9.90107475999032,53.44063932543648],[9.892081556353075,53.44063932543648]]]}},{"type":"Feature","properties":{"jobs":0,"pop":300,"pointCount":3,"homeWorkCommuteMedian":19998,"workHomeCommuteMedian":-1},"geometry":{"type":"Polygon","coordinates":[[[9.892081556353075,53.449632529073725],[9.892081556353075,53.45862573271097],[9.90107475999032,53.45862573271097],[9.90107475999032,53.449632529073725],[9.892081556353075,53.449632529073725]]]}},{"type":"Feature","properties":{"jobs":0,"pop":250,"pointCount":1,"homeWorkCommuteMedian":32153,"workHomeCommuteMedian":-1},"geometry":{"type":"Polygon","coordinates":[[[9.892081556353075,53.45862573271097],[9.892081556353075,53.46761893634822],[9.90107475999032,53.46761893634822],[9.90107475999032,53.45862573271097],[9.892081556353075,53.45862573271097]]]}},{"type":"Feature","properties":{"jobs":1800,"pop":600,"pointCount":5,"homeWorkCommuteMedian":30417,"workHomeCommuteMedian":20852},"geometry":{"type":"Polygon","coordinates":[[[9.892081556353075,53.46761893634822],[9.892081556353075,53.47661213998546],[9.90107475999032,53.47661213998546],[9.90107475999032,53.46761893634822],[9.892081556353075,53.46761893634822]]]}},{"type":"Feature","properties":{"jobs":0,"pop":500,"pointCount":2,"homeWorkCommuteMedian":29345,"workHomeCommuteMedian":-1},"geometry":{"type":"Polygon","coordinates":[[[9.892081556353075,53.47661213998546],[9.892081556353075,53.48560534362271],[9.90107475999032,53.48560534362271],[9.90107475999032,53.47661213998546],[9.892081556353075,53.47661213998546]]]}},{"type":"Feature","properties":{"jobs":0,"pop":100,"pointCount":1,"homeWorkCommuteMedian":17243,"workHomeCommuteMedian":-1},"geometry":{"type":"Polygon","coordinates":[[[9.892081556353075,53.494598547259955],[9.892081556353075,53.5035917508972],[9.90107475999032,53.5035917508972],[9.90107475999032,53.494598547259955],[9.892081556353075,53.494598547259955]]]}},{"type":"Feature","properties":{"jobs":0,"pop":300,"pointCount":3,"homeWorkCommuteMedian":18405,"workHomeCommuteMedian":-1},"geometry":{"type":"Polygon","coordinates":[[[9.892081556353075,53.539564565446184],[9.892081556353075,53.54855776908343],[9.90107475999032,53.54855776908343],[9.90107475999032,53.539564565446184],[9.892081556353075,53.539564565446184]]]}},{"type":"Feature","properties":{"jobs":1800,"pop":500,"pointCount":6,"homeWorkCommuteMedian":18403,"workHomeCommuteMedian":21087},"geometry":{"type":"Polygon","coordinates":[[[9.892081556353075,53.54855776908343],[9.892081556353075,53.557550972720676],[9.90107475999032,53.557550972720676],[9.90107475999032,53.54855776908343],[9.892081556353075,53.54855776908343]]]}},{"type":"Feature","properties":{"jobs":100,"pop":800,"pointCount":7,"homeWorkCommuteMedian":17460,"workHomeCommuteMedian":21429},"geometry":{"type":"Polygon","coordinates":[[[9.892081556353075,53.557550972720676],[9.892081556353075,53.56654417635792],[9.90107475999032,53.56654417635792],[9.90107475999032,53.557550972720676],[9.892081556353075,53.557550972720676]]]}},{"type":"Feature","properties":{"jobs":4400,"pop":800,"pointCount":11,"homeWorkCommuteMedian":17191,"workHomeCommuteMedian":19437},"geometry":{"type":"Polygon","coordinates":[[[9.892081556353075,53.56654417635792],[9.892081556353075,53.57553737999517],[9.90107475999032,53.57553737999517],[9.90107475999032,53.56654417635792],[9.892081556353075,53.56654417635792]]]}},{"type":"Feature","properties":{"jobs":0,"pop":200,"pointCount":2,"homeWorkCommuteMedian":17878,"workHomeCommuteMedian":-1},"geometry":{"type":"Polygon","coordinates":[[[9.892081556353075,53.57553737999517],[9.892081556353075,53.584530583632414],[9.90107475999032,53.584530583632414],[9.90107475999032,53.57553737999517],[9.892081556353075,53.57553737999517]]]}},{"type":"Feature","properties":{"jobs":200,"pop":400,"pointCount":6,"homeWorkCommuteMedian":30889,"workHomeCommuteMedian":20806},"geometry":{"type":"Polygon","coordinates":[[[9.892081556353075,53.584530583632414],[9.892081556353075,53.59352378726966],[9.90107475999032,53.59352378726966],[9.90107475999032,53.584530583632414],[9.892081556353075,53.584530583632414]]]}},{"type":"Feature","properties":{"jobs":600,"pop":1350,"pointCount":10,"homeWorkCommuteMedian":16013,"workHomeCommuteMedian":16134},"geometry":{"type":"Polygon","coordinates":[[[9.892081556353075,53.59352378726966],[9.892081556353075,53.602516990906906],[9.90107475999032,53.602516990906906],[9.90107475999032,53.59352378726966],[9.892081556353075,53.59352378726966]]]}},{"type":"Feature","properties":{"jobs":900,"pop":1950,"pointCount":16,"homeWorkCommuteMedian":28779,"workHomeCommuteMedian":21264},"geometry":{"type":"Polygon","coordinates":[[[9.892081556353075,53.602516990906906],[9.892081556353075,53.61151019454415],[9.90107475999032,53.61151019454415],[9.90107475999032,53.602516990906906],[9.892081556353075,53.602516990906906]]]}},{"type":"Feature","properties":{"jobs":100,"pop":900,"pointCount":8,"homeWorkCommuteMedian":23005,"workHomeCommuteMedian":16049},"geometry":{"type":"Polygon","coordinates":[[[9.892081556353075,53.61151019454415],[9.892081556353075,53.6205033981814],[9.90107475999032,53.6205033981814],[9.90107475999032,53.61151019454415],[9.892081556353075,53.61151019454415]]]}},{"type":"Feature","properties":{"jobs":0,"pop":1450,"pointCount":8,"homeWorkCommuteMedian":25146,"workHomeCommuteMedian":-1},"geometry":{"type":"Polygon","coordinates":[[[9.892081556353075,53.6205033981814],[9.892081556353075,53.629496601818644],[9.90107475999032,53.629496601818644],[9.90107475999032,53.6205033981814],[9.892081556353075,53.6205033981814]]]}},{"type":"Feature","properties":{"jobs":500,"pop":950,"pointCount":11,"homeWorkCommuteMedian":15004,"workHomeCommuteMedian":14266},"geometry":{"type":"Polygon","coordinates":[[[9.892081556353075,53.629496601818644],[9.892081556353075,53.63848980545589],[9.90107475999032,53.63848980545589],[9.90107475999032,53.629496601818644],[9.892081556353075,53.629496601818644]]]}},{"type":"Feature","properties":{"jobs":100,"pop":300,"pointCount":4,"homeWorkCommuteMedian":15138,"workHomeCommuteMedian":37827},"geometry":{"type":"Polygon","coordinates":[[[9.892081556353075,53.63848980545589],[9.892081556353075,53.647483009093136],[9.90107475999032,53.647483009093136],[9.90107475999032,53.63848980545589],[9.892081556353075,53.63848980545589]]]}},{"type":"Feature","properties":{"jobs":100,"pop":600,"pointCount":6,"homeWorkCommuteMedian":20461,"workHomeCommuteMedian":27445},"geometry":{"type":"Polygon","coordinates":[[[9.892081556353075,53.647483009093136],[9.892081556353075,53.65647621273038],[9.90107475999032,53.65647621273038],[9.90107475999032,53.647483009093136],[9.892081556353075,53.647483009093136]]]}},{"type":"Feature","properties":{"jobs":100,"pop":0,"pointCount":1,"homeWorkCommuteMedian":-1,"workHomeCommuteMedian":18091},"geometry":{"type":"Polygon","coordinates":[[[9.892081556353075,53.65647621273038],[9.892081556353075,53.66546941636763],[9.90107475999032,53.66546941636763],[9.90107475999032,53.65647621273038],[9.892081556353075,53.65647621273038]]]}},{"type":"Feature","properties":{"jobs":200,"pop":800,"pointCount":4,"homeWorkCommuteMedian":15561,"workHomeCommuteMedian":24024},"geometry":{"type":"Polygon","coordinates":[[[9.892081556353075,53.674462620004874],[9.892081556353075,53.68345582364212],[9.90107475999032,53.68345582364212],[9.90107475999032,53.674462620004874],[9.892081556353075,53.674462620004874]]]}},{"type":"Feature","properties":{"jobs":100,"pop":0,"pointCount":1,"homeWorkCommuteMedian":-1,"workHomeCommuteMedian":19830},"geometry":{"type":"Polygon","coordinates":[[[9.892081556353075,53.692449027279366],[9.892081556353075,53.70144223091661],[9.90107475999032,53.70144223091661],[9.90107475999032,53.692449027279366],[9.892081556353075,53.692449027279366]]]}},{"type":"Feature","properties":{"jobs":100,"pop":0,"pointCount":1,"homeWorkCommuteMedian":-1,"workHomeCommuteMedian":64480},"geometry":{"type":"Polygon","coordinates":[[[9.892081556353075,53.71043543455386],[9.892081556353075,53.719428638191104],[9.90107475999032,53.719428638191104],[9.90107475999032,53.71043543455386],[9.892081556353075,53.71043543455386]]]}},{"type":"Feature","properties":{"jobs":200,"pop":300,"pointCount":5,"homeWorkCommuteMedian":25492,"workHomeCommuteMedian":11167},"geometry":{"type":"Polygon","coordinates":[[[9.892081556353075,53.719428638191104],[9.892081556353075,53.72842184182835],[9.90107475999032,53.72842184182835],[9.90107475999032,53.719428638191104],[9.892081556353075,53.719428638191104]]]}},{"type":"Feature","properties":{"jobs":3000,"pop":700,"pointCount":12,"homeWorkCommuteMedian":18950,"workHomeCommuteMedian":24067},"geometry":{"type":"Polygon","coordinates":[[[9.892081556353075,53.72842184182835],[9.892081556353075,53.737415045465596],[9.90107475999032,53.737415045465596],[9.90107475999032,53.72842184182835],[9.892081556353075,53.72842184182835]]]}},{"type":"Feature","properties":{"jobs":0,"pop":200,"pointCount":2,"homeWorkCommuteMedian":13990,"workHomeCommuteMedian":-1},"geometry":{"type":"Polygon","coordinates":[[[9.892081556353075,53.737415045465596],[9.892081556353075,53.74640824910284],[9.90107475999032,53.74640824910284],[9.90107475999032,53.737415045465596],[9.892081556353075,53.737415045465596]]]}},{"type":"Feature","properties":{"jobs":0,"pop":100,"pointCount":1,"homeWorkCommuteMedian":36139,"workHomeCommuteMedian":-1},"geometry":{"type":"Polygon","coordinates":[[[9.892081556353075,53.77338786001458],[9.892081556353075,53.782381063651826],[9.90107475999032,53.782381063651826],[9.90107475999032,53.77338786001458],[9.892081556353075,53.77338786001458]]]}},{"type":"Feature","properties":{"jobs":0,"pop":100,"pointCount":1,"homeWorkCommuteMedian":28300,"workHomeCommuteMedian":-1},"geometry":{"type":"Polygon","coordinates":[[[9.892081556353075,53.79137426728907],[9.892081556353075,53.80036747092632],[9.90107475999032,53.80036747092632],[9.90107475999032,53.79137426728907],[9.892081556353075,53.79137426728907]]]}},{"type":"Feature","properties":{"jobs":0,"pop":100,"pointCount":1,"homeWorkCommuteMedian":32865,"workHomeCommuteMedian":-1},"geometry":{"type":"Polygon","coordinates":[[[9.892081556353075,53.89029950729878],[9.892081556353075,53.899292710936024],[9.90107475999032,53.899292710936024],[9.90107475999032,53.89029950729878],[9.892081556353075,53.89029950729878]]]}},{"type":"Feature","properties":{"jobs":100,"pop":600,"pointCount":3,"homeWorkCommuteMedian":22108,"workHomeCommuteMedian":34007},"geometry":{"type":"Polygon","coordinates":[[[9.90107475999032,53.359700492701265],[9.90107475999032,53.36869369633851],[9.910067963627567,53.36869369633851],[9.910067963627567,53.359700492701265],[9.90107475999032,53.359700492701265]]]}},{"type":"Feature","properties":{"jobs":0,"pop":100,"pointCount":1,"homeWorkCommuteMedian":27936,"workHomeCommuteMedian":-1},"geometry":{"type":"Polygon","coordinates":[[[9.90107475999032,53.36869369633851],[9.90107475999032,53.37768689997576],[9.910067963627567,53.37768689997576],[9.910067963627567,53.36869369633851],[9.90107475999032,53.36869369633851]]]}},{"type":"Feature","properties":{"jobs":0,"pop":100,"pointCount":1,"homeWorkCommuteMedian":30432,"workHomeCommuteMedian":-1},"geometry":{"type":"Polygon","coordinates":[[[9.90107475999032,53.37768689997576],[9.90107475999032,53.386680103613],[9.910067963627567,53.386680103613],[9.910067963627567,53.37768689997576],[9.90107475999032,53.37768689997576]]]}},{"type":"Feature","properties":{"jobs":900,"pop":200,"pointCount":3,"homeWorkCommuteMedian":26538,"workHomeCommuteMedian":36768},"geometry":{"type":"Polygon","coordinates":[[[9.90107475999032,53.386680103613],[9.90107475999032,53.39567330725025],[9.910067963627567,53.39567330725025],[9.910067963627567,53.386680103613],[9.90107475999032,53.386680103613]]]}},{"type":"Feature","properties":{"jobs":0,"pop":200,"pointCount":2,"homeWorkCommuteMedian":58788,"workHomeCommuteMedian":-1},"geometry":{"type":"Polygon","coordinates":[[[9.90107475999032,53.404666510887495],[9.90107475999032,53.41365971452474],[9.910067963627567,53.41365971452474],[9.910067963627567,53.404666510887495],[9.90107475999032,53.404666510887495]]]}},{"type":"Feature","properties":{"jobs":600,"pop":300,"pointCount":6,"homeWorkCommuteMedian":27561,"workHomeCommuteMedian":24265},"geometry":{"type":"Polygon","coordinates":[[[9.90107475999032,53.43164612179923],[9.90107475999032,53.44063932543648],[9.910067963627567,53.44063932543648],[9.910067963627567,53.43164612179923],[9.90107475999032,53.43164612179923]]]}},{"type":"Feature","properties":{"jobs":100,"pop":100,"pointCount":2,"homeWorkCommuteMedian":39847,"workHomeCommuteMedian":21045},"geometry":{"type":"Polygon","coordinates":[[[9.90107475999032,53.44063932543648],[9.90107475999032,53.449632529073725],[9.910067963627567,53.449632529073725],[9.910067963627567,53.44063932543648],[9.90107475999032,53.44063932543648]]]}},{"type":"Feature","properties":{"jobs":0,"pop":450,"pointCount":3,"homeWorkCommuteMedian":26618,"workHomeCommuteMedian":-1},"geometry":{"type":"Polygon","coordinates":[[[9.90107475999032,53.46761893634822],[9.90107475999032,53.47661213998546],[9.910067963627567,53.47661213998546],[9.910067963627567,53.46761893634822],[9.90107475999032,53.46761893634822]]]}},{"type":"Feature","properties":{"jobs":300,"pop":300,"pointCount":5,"homeWorkCommuteMedian":20630,"workHomeCommuteMedian":20737},"geometry":{"type":"Polygon","coordinates":[[[9.90107475999032,53.47661213998546],[9.90107475999032,53.48560534362271],[9.910067963627567,53.48560534362271],[9.910067963627567,53.47661213998546],[9.90107475999032,53.47661213998546]]]}},{"type":"Feature","properties":{"jobs":0,"pop":100,"pointCount":1,"homeWorkCommuteMedian":17442,"workHomeCommuteMedian":-1},"geometry":{"type":"Polygon","coordinates":[[[9.90107475999032,53.5035917508972],[9.90107475999032,53.51258495453445],[9.910067963627567,53.51258495453445],[9.910067963627567,53.5035917508972],[9.90107475999032,53.5035917508972]]]}},{"type":"Feature","properties":{"jobs":100,"pop":1200,"pointCount":6,"homeWorkCommuteMedian":23746,"workHomeCommuteMedian":14323},"geometry":{"type":"Polygon","coordinates":[[[9.90107475999032,53.539564565446184],[9.90107475999032,53.54855776908343],[9.910067963627567,53.54855776908343],[9.910067963627567,53.539564565446184],[9.90107475999032,53.539564565446184]]]}},{"type":"Feature","properties":{"jobs":2500,"pop":1300,"pointCount":16,"homeWorkCommuteMedian":17417,"workHomeCommuteMedian":18919},"geometry":{"type":"Polygon","coordinates":[[[9.90107475999032,53.54855776908343],[9.90107475999032,53.557550972720676],[9.910067963627567,53.557550972720676],[9.910067963627567,53.54855776908343],[9.90107475999032,53.54855776908343]]]}},{"type":"Feature","properties":{"jobs":400,"pop":1000,"pointCount":10,"homeWorkCommuteMedian":17452,"workHomeCommuteMedian":17696},"geometry":{"type":"Polygon","coordinates":[[[9.90107475999032,53.557550972720676],[9.90107475999032,53.56654417635792],[9.910067963627567,53.56654417635792],[9.910067963627567,53.557550972720676],[9.90107475999032,53.557550972720676]]]}},{"type":"Feature","properties":{"jobs":500,"pop":600,"pointCount":8,"homeWorkCommuteMedian":19246,"workHomeCommuteMedian":16112},"geometry":{"type":"Polygon","coordinates":[[[9.90107475999032,53.56654417635792],[9.90107475999032,53.57553737999517],[9.910067963627567,53.57553737999517],[9.910067963627567,53.56654417635792],[9.90107475999032,53.56654417635792]]]}},{"type":"Feature","properties":{"jobs":1000,"pop":800,"pointCount":9,"homeWorkCommuteMedian":25169,"workHomeCommuteMedian":23900},"geometry":{"type":"Polygon","coordinates":[[[9.90107475999032,53.584530583632414],[9.90107475999032,53.59352378726966],[9.910067963627567,53.59352378726966],[9.910067963627567,53.584530583632414],[9.90107475999032,53.584530583632414]]]}},{"type":"Feature","properties":{"jobs":2600,"pop":800,"pointCount":13,"homeWorkCommuteMedian":22955,"workHomeCommuteMedian":16130},"geometry":{"type":"Polygon","coordinates":[[[9.90107475999032,53.59352378726966],[9.90107475999032,53.602516990906906],[9.910067963627567,53.602516990906906],[9.910067963627567,53.59352378726966],[9.90107475999032,53.59352378726966]]]}},{"type":"Feature","properties":{"jobs":7400,"pop":2050,"pointCount":17,"homeWorkCommuteMedian":18119,"workHomeCommuteMedian":20186},"geometry":{"type":"Polygon","coordinates":[[[9.90107475999032,53.602516990906906],[9.90107475999032,53.61151019454415],[9.910067963627567,53.61151019454415],[9.910067963627567,53.602516990906906],[9.90107475999032,53.602516990906906]]]}},{"type":"Feature","properties":{"jobs":700,"pop":1400,"pointCount":12,"homeWorkCommuteMedian":20097,"workHomeCommuteMedian":22825},"geometry":{"type":"Polygon","coordinates":[[[9.90107475999032,53.61151019454415],[9.90107475999032,53.6205033981814],[9.910067963627567,53.6205033981814],[9.910067963627567,53.61151019454415],[9.90107475999032,53.61151019454415]]]}},{"type":"Feature","properties":{"jobs":300,"pop":1600,"pointCount":11,"homeWorkCommuteMedian":23626,"workHomeCommuteMedian":15346},"geometry":{"type":"Polygon","coordinates":[[[9.90107475999032,53.6205033981814],[9.90107475999032,53.629496601818644],[9.910067963627567,53.629496601818644],[9.910067963627567,53.6205033981814],[9.90107475999032,53.6205033981814]]]}},{"type":"Feature","properties":{"jobs":600,"pop":700,"pointCount":10,"homeWorkCommuteMedian":23279,"workHomeCommuteMedian":16200},"geometry":{"type":"Polygon","coordinates":[[[9.90107475999032,53.629496601818644],[9.90107475999032,53.63848980545589],[9.910067963627567,53.63848980545589],[9.910067963627567,53.629496601818644],[9.90107475999032,53.629496601818644]]]}},{"type":"Feature","properties":{"jobs":0,"pop":400,"pointCount":3,"homeWorkCommuteMedian":26835,"workHomeCommuteMedian":-1},"geometry":{"type":"Polygon","coordinates":[[[9.90107475999032,53.63848980545589],[9.90107475999032,53.647483009093136],[9.910067963627567,53.647483009093136],[9.910067963627567,53.63848980545589],[9.90107475999032,53.63848980545589]]]}},{"type":"Feature","properties":{"jobs":1400,"pop":300,"pointCount":7,"homeWorkCommuteMedian":18174,"workHomeCommuteMedian":22615},"geometry":{"type":"Polygon","coordinates":[[[9.90107475999032,53.647483009093136],[9.90107475999032,53.65647621273038],[9.910067963627567,53.65647621273038],[9.910067963627567,53.647483009093136],[9.90107475999032,53.647483009093136]]]}},{"type":"Feature","properties":{"jobs":1400,"pop":300,"pointCount":7,"homeWorkCommuteMedian":17384,"workHomeCommuteMedian":22796},"geometry":{"type":"Polygon","coordinates":[[[9.90107475999032,53.65647621273038],[9.90107475999032,53.66546941636763],[9.910067963627567,53.66546941636763],[9.910067963627567,53.65647621273038],[9.90107475999032,53.65647621273038]]]}},{"type":"Feature","properties":{"jobs":200,"pop":100,"pointCount":2,"homeWorkCommuteMedian":36740,"workHomeCommuteMedian":16421},"geometry":{"type":"Polygon","coordinates":[[[9.90107475999032,53.66546941636763],[9.90107475999032,53.674462620004874],[9.910067963627567,53.674462620004874],[9.910067963627567,53.66546941636763],[9.90107475999032,53.66546941636763]]]}},{"type":"Feature","properties":{"jobs":500,"pop":300,"pointCount":5,"homeWorkCommuteMedian":26804,"workHomeCommuteMedian":15397},"geometry":{"type":"Polygon","coordinates":[[[9.90107475999032,53.674462620004874],[9.90107475999032,53.68345582364212],[9.910067963627567,53.68345582364212],[9.910067963627567,53.674462620004874],[9.90107475999032,53.674462620004874]]]}},{"type":"Feature","properties":{"jobs":300,"pop":0,"pointCount":1,"homeWorkCommuteMedian":-1,"workHomeCommuteMedian":16147},"geometry":{"type":"Polygon","coordinates":[[[9.90107475999032,53.68345582364212],[9.90107475999032,53.692449027279366],[9.910067963627567,53.692449027279366],[9.910067963627567,53.68345582364212],[9.90107475999032,53.68345582364212]]]}},{"type":"Feature","properties":{"jobs":0,"pop":400,"pointCount":4,"homeWorkCommuteMedian":17244,"workHomeCommuteMedian":-1},"geometry":{"type":"Polygon","coordinates":[[[9.90107475999032,53.692449027279366],[9.90107475999032,53.70144223091661],[9.910067963627567,53.70144223091661],[9.910067963627567,53.692449027279366],[9.90107475999032,53.692449027279366]]]}},{"type":"Feature","properties":{"jobs":0,"pop":100,"pointCount":1,"homeWorkCommuteMedian":20188,"workHomeCommuteMedian":-1},"geometry":{"type":"Polygon","coordinates":[[[9.90107475999032,53.70144223091661],[9.90107475999032,53.71043543455386],[9.910067963627567,53.71043543455386],[9.910067963627567,53.70144223091661],[9.90107475999032,53.70144223091661]]]}},{"type":"Feature","properties":{"jobs":600,"pop":800,"pointCount":11,"homeWorkCommuteMedian":17670,"workHomeCommuteMedian":27173},"geometry":{"type":"Polygon","coordinates":[[[9.90107475999032,53.719428638191104],[9.90107475999032,53.72842184182835],[9.910067963627567,53.72842184182835],[9.910067963627567,53.719428638191104],[9.90107475999032,53.719428638191104]]]}},{"type":"Feature","properties":{"jobs":1900,"pop":700,"pointCount":11,"homeWorkCommuteMedian":17038,"workHomeCommuteMedian":25868},"geometry":{"type":"Polygon","coordinates":[[[9.90107475999032,53.72842184182835],[9.90107475999032,53.737415045465596],[9.910067963627567,53.737415045465596],[9.910067963627567,53.72842184182835],[9.90107475999032,53.72842184182835]]]}},{"type":"Feature","properties":{"jobs":200,"pop":0,"pointCount":1,"homeWorkCommuteMedian":-1,"workHomeCommuteMedian":35440},"geometry":{"type":"Polygon","coordinates":[[[9.90107475999032,53.737415045465596],[9.90107475999032,53.74640824910284],[9.910067963627567,53.74640824910284],[9.910067963627567,53.737415045465596],[9.90107475999032,53.737415045465596]]]}},{"type":"Feature","properties":{"jobs":0,"pop":200,"pointCount":2,"homeWorkCommuteMedian":45822,"workHomeCommuteMedian":-1},"geometry":{"type":"Polygon","coordinates":[[[9.90107475999032,53.74640824910284],[9.90107475999032,53.75540145274009],[9.910067963627567,53.75540145274009],[9.910067963627567,53.74640824910284],[9.90107475999032,53.74640824910284]]]}},{"type":"Feature","properties":{"jobs":0,"pop":100,"pointCount":1,"homeWorkCommuteMedian":21647,"workHomeCommuteMedian":-1},"geometry":{"type":"Polygon","coordinates":[[[9.90107475999032,53.75540145274009],[9.90107475999032,53.764394656377334],[9.910067963627567,53.764394656377334],[9.910067963627567,53.75540145274009],[9.90107475999032,53.75540145274009]]]}},{"type":"Feature","properties":{"jobs":0,"pop":100,"pointCount":1,"homeWorkCommuteMedian":61212,"workHomeCommuteMedian":-1},"geometry":{"type":"Polygon","coordinates":[[[9.90107475999032,53.89029950729878],[9.90107475999032,53.899292710936024],[9.910067963627567,53.899292710936024],[9.910067963627567,53.89029950729878],[9.90107475999032,53.89029950729878]]]}},{"type":"Feature","properties":{"jobs":0,"pop":400,"pointCount":4,"homeWorkCommuteMedian":35143,"workHomeCommuteMedian":-1},"geometry":{"type":"Polygon","coordinates":[[[9.910067963627567,53.359700492701265],[9.910067963627567,53.36869369633851],[9.919061167264813,53.36869369633851],[9.919061167264813,53.359700492701265],[9.910067963627567,53.359700492701265]]]}},{"type":"Feature","properties":{"jobs":0,"pop":300,"pointCount":3,"homeWorkCommuteMedian":42138,"workHomeCommuteMedian":-1},"geometry":{"type":"Polygon","coordinates":[[[9.910067963627567,53.386680103613],[9.910067963627567,53.39567330725025],[9.919061167264813,53.39567330725025],[9.919061167264813,53.386680103613],[9.910067963627567,53.386680103613]]]}},{"type":"Feature","properties":{"jobs":0,"pop":200,"pointCount":2,"homeWorkCommuteMedian":31036,"workHomeCommuteMedian":-1},"geometry":{"type":"Polygon","coordinates":[[[9.910067963627567,53.404666510887495],[9.910067963627567,53.41365971452474],[9.919061167264813,53.41365971452474],[9.919061167264813,53.404666510887495],[9.910067963627567,53.404666510887495]]]}},{"type":"Feature","properties":{"jobs":0,"pop":100,"pointCount":1,"homeWorkCommuteMedian":34980,"workHomeCommuteMedian":-1},"geometry":{"type":"Polygon","coordinates":[[[9.910067963627567,53.41365971452474],[9.910067963627567,53.42265291816199],[9.919061167264813,53.42265291816199],[9.919061167264813,53.41365971452474],[9.910067963627567,53.41365971452474]]]}},{"type":"Feature","properties":{"jobs":100,"pop":100,"pointCount":1,"homeWorkCommuteMedian":40876,"workHomeCommuteMedian":14915},"geometry":{"type":"Polygon","coordinates":[[[9.910067963627567,53.43164612179923],[9.910067963627567,53.44063932543648],[9.919061167264813,53.44063932543648],[9.919061167264813,53.43164612179923],[9.910067963627567,53.43164612179923]]]}},{"type":"Feature","properties":{"jobs":0,"pop":100,"pointCount":1,"homeWorkCommuteMedian":32742,"workHomeCommuteMedian":-1},"geometry":{"type":"Polygon","coordinates":[[[9.910067963627567,53.44063932543648],[9.910067963627567,53.449632529073725],[9.919061167264813,53.449632529073725],[9.919061167264813,53.44063932543648],[9.910067963627567,53.44063932543648]]]}},{"type":"Feature","properties":{"jobs":0,"pop":250,"pointCount":1,"homeWorkCommuteMedian":37294,"workHomeCommuteMedian":-1},"geometry":{"type":"Polygon","coordinates":[[[9.910067963627567,53.449632529073725],[9.910067963627567,53.45862573271097],[9.919061167264813,53.45862573271097],[9.919061167264813,53.449632529073725],[9.910067963627567,53.449632529073725]]]}},{"type":"Feature","properties":{"jobs":100,"pop":0,"pointCount":1,"homeWorkCommuteMedian":-1,"workHomeCommuteMedian":21501},"geometry":{"type":"Polygon","coordinates":[[[9.910067963627567,53.46761893634822],[9.910067963627567,53.47661213998546],[9.919061167264813,53.47661213998546],[9.919061167264813,53.46761893634822],[9.910067963627567,53.46761893634822]]]}},{"type":"Feature","properties":{"jobs":700,"pop":500,"pointCount":9,"homeWorkCommuteMedian":18899,"workHomeCommuteMedian":25204},"geometry":{"type":"Polygon","coordinates":[[[9.910067963627567,53.539564565446184],[9.910067963627567,53.54855776908343],[9.919061167264813,53.54855776908343],[9.919061167264813,53.539564565446184],[9.910067963627567,53.539564565446184]]]}},{"type":"Feature","properties":{"jobs":500,"pop":2100,"pointCount":10,"homeWorkCommuteMedian":20707,"workHomeCommuteMedian":15682},"geometry":{"type":"Polygon","coordinates":[[[9.910067963627567,53.54855776908343],[9.910067963627567,53.557550972720676],[9.919061167264813,53.557550972720676],[9.919061167264813,53.54855776908343],[9.910067963627567,53.54855776908343]]]}},{"type":"Feature","properties":{"jobs":2100,"pop":1700,"pointCount":16,"homeWorkCommuteMedian":18406,"workHomeCommuteMedian":18726},"geometry":{"type":"Polygon","coordinates":[[[9.910067963627567,53.557550972720676],[9.910067963627567,53.56654417635792],[9.919061167264813,53.56654417635792],[9.919061167264813,53.557550972720676],[9.910067963627567,53.557550972720676]]]}},{"type":"Feature","properties":{"jobs":350,"pop":650,"pointCount":6,"homeWorkCommuteMedian":21903,"workHomeCommuteMedian":18782},"geometry":{"type":"Polygon","coordinates":[[[9.910067963627567,53.56654417635792],[9.910067963627567,53.57553737999517],[9.919061167264813,53.57553737999517],[9.919061167264813,53.56654417635792],[9.910067963627567,53.56654417635792]]]}},{"type":"Feature","properties":{"jobs":100,"pop":550,"pointCount":4,"homeWorkCommuteMedian":13669,"workHomeCommuteMedian":31750},"geometry":{"type":"Polygon","coordinates":[[[9.910067963627567,53.57553737999517],[9.910067963627567,53.584530583632414],[9.919061167264813,53.584530583632414],[9.919061167264813,53.57553737999517],[9.910067963627567,53.57553737999517]]]}},{"type":"Feature","properties":{"jobs":300,"pop":850,"pointCount":7,"homeWorkCommuteMedian":15492,"workHomeCommuteMedian":25492},"geometry":{"type":"Polygon","coordinates":[[[9.910067963627567,53.584530583632414],[9.910067963627567,53.59352378726966],[9.919061167264813,53.59352378726966],[9.919061167264813,53.584530583632414],[9.910067963627567,53.584530583632414]]]}},{"type":"Feature","properties":{"jobs":1100,"pop":1400,"pointCount":11,"homeWorkCommuteMedian":17391,"workHomeCommuteMedian":18539},"geometry":{"type":"Polygon","coordinates":[[[9.910067963627567,53.59352378726966],[9.910067963627567,53.602516990906906],[9.919061167264813,53.602516990906906],[9.919061167264813,53.59352378726966],[9.910067963627567,53.59352378726966]]]}},{"type":"Feature","properties":{"jobs":0,"pop":750,"pointCount":3,"homeWorkCommuteMedian":16344,"workHomeCommuteMedian":-1},"geometry":{"type":"Polygon","coordinates":[[[9.910067963627567,53.602516990906906],[9.910067963627567,53.61151019454415],[9.919061167264813,53.61151019454415],[9.919061167264813,53.602516990906906],[9.910067963627567,53.602516990906906]]]}},{"type":"Feature","properties":{"jobs":0,"pop":300,"pointCount":2,"homeWorkCommuteMedian":23214,"workHomeCommuteMedian":-1},"geometry":{"type":"Polygon","coordinates":[[[9.910067963627567,53.61151019454415],[9.910067963627567,53.6205033981814],[9.919061167264813,53.6205033981814],[9.919061167264813,53.61151019454415],[9.910067963627567,53.61151019454415]]]}},{"type":"Feature","properties":{"jobs":0,"pop":850,"pointCount":3,"homeWorkCommuteMedian":22836,"workHomeCommuteMedian":-1},"geometry":{"type":"Polygon","coordinates":[[[9.910067963627567,53.6205033981814],[9.910067963627567,53.629496601818644],[9.919061167264813,53.629496601818644],[9.919061167264813,53.6205033981814],[9.910067963627567,53.6205033981814]]]}},{"type":"Feature","properties":{"jobs":3100,"pop":1250,"pointCount":12,"homeWorkCommuteMedian":17935,"workHomeCommuteMedian":17579},"geometry":{"type":"Polygon","coordinates":[[[9.910067963627567,53.629496601818644],[9.910067963627567,53.63848980545589],[9.919061167264813,53.63848980545589],[9.919061167264813,53.629496601818644],[9.910067963627567,53.629496601818644]]]}},{"type":"Feature","properties":{"jobs":500,"pop":950,"pointCount":6,"homeWorkCommuteMedian":14265,"workHomeCommuteMedian":30699},"geometry":{"type":"Polygon","coordinates":[[[9.910067963627567,53.63848980545589],[9.910067963627567,53.647483009093136],[9.919061167264813,53.647483009093136],[9.919061167264813,53.63848980545589],[9.910067963627567,53.63848980545589]]]}},{"type":"Feature","properties":{"jobs":0,"pop":400,"pointCount":2,"homeWorkCommuteMedian":29454,"workHomeCommuteMedian":-1},"geometry":{"type":"Polygon","coordinates":[[[9.910067963627567,53.647483009093136],[9.910067963627567,53.65647621273038],[9.919061167264813,53.65647621273038],[9.919061167264813,53.647483009093136],[9.910067963627567,53.647483009093136]]]}},{"type":"Feature","properties":{"jobs":0,"pop":200,"pointCount":2,"homeWorkCommuteMedian":14335,"workHomeCommuteMedian":-1},"geometry":{"type":"Polygon","coordinates":[[[9.910067963627567,53.65647621273038],[9.910067963627567,53.66546941636763],[9.919061167264813,53.66546941636763],[9.919061167264813,53.65647621273038],[9.910067963627567,53.65647621273038]]]}},{"type":"Feature","properties":{"jobs":300,"pop":0,"pointCount":1,"homeWorkCommuteMedian":-1,"workHomeCommuteMedian":14563},"geometry":{"type":"Polygon","coordinates":[[[9.910067963627567,53.68345582364212],[9.910067963627567,53.692449027279366],[9.919061167264813,53.692449027279366],[9.919061167264813,53.68345582364212],[9.910067963627567,53.68345582364212]]]}},{"type":"Feature","properties":{"jobs":300,"pop":700,"pointCount":5,"homeWorkCommuteMedian":16959,"workHomeCommuteMedian":16726},"geometry":{"type":"Polygon","coordinates":[[[9.910067963627567,53.692449027279366],[9.910067963627567,53.70144223091661],[9.919061167264813,53.70144223091661],[9.919061167264813,53.692449027279366],[9.910067963627567,53.692449027279366]]]}},{"type":"Feature","properties":{"jobs":700,"pop":700,"pointCount":7,"homeWorkCommuteMedian":21052,"workHomeCommuteMedian":25169},"geometry":{"type":"Polygon","coordinates":[[[9.910067963627567,53.719428638191104],[9.910067963627567,53.72842184182835],[9.919061167264813,53.72842184182835],[9.919061167264813,53.719428638191104],[9.910067963627567,53.719428638191104]]]}},{"type":"Feature","properties":{"jobs":0,"pop":500,"pointCount":5,"homeWorkCommuteMedian":19864,"workHomeCommuteMedian":-1},"geometry":{"type":"Polygon","coordinates":[[[9.910067963627567,53.72842184182835],[9.910067963627567,53.737415045465596],[9.919061167264813,53.737415045465596],[9.919061167264813,53.72842184182835],[9.910067963627567,53.72842184182835]]]}},{"type":"Feature","properties":{"jobs":300,"pop":400,"pointCount":5,"homeWorkCommuteMedian":30478,"workHomeCommuteMedian":21064},"geometry":{"type":"Polygon","coordinates":[[[9.910067963627567,53.74640824910284],[9.910067963627567,53.75540145274009],[9.919061167264813,53.75540145274009],[9.919061167264813,53.74640824910284],[9.910067963627567,53.74640824910284]]]}},{"type":"Feature","properties":{"jobs":0,"pop":100,"pointCount":1,"homeWorkCommuteMedian":29271,"workHomeCommuteMedian":-1},"geometry":{"type":"Polygon","coordinates":[[[9.910067963627567,53.75540145274009],[9.910067963627567,53.764394656377334],[9.919061167264813,53.764394656377334],[9.919061167264813,53.75540145274009],[9.910067963627567,53.75540145274009]]]}},{"type":"Feature","properties":{"jobs":800,"pop":300,"pointCount":7,"homeWorkCommuteMedian":29099,"workHomeCommuteMedian":28429},"geometry":{"type":"Polygon","coordinates":[[[9.910067963627567,53.782381063651826],[9.910067963627567,53.79137426728907],[9.919061167264813,53.79137426728907],[9.919061167264813,53.782381063651826],[9.910067963627567,53.782381063651826]]]}},{"type":"Feature","properties":{"jobs":100,"pop":100,"pointCount":2,"homeWorkCommuteMedian":22277,"workHomeCommuteMedian":32614},"geometry":{"type":"Polygon","coordinates":[[[9.910067963627567,53.79137426728907],[9.910067963627567,53.80036747092632],[9.919061167264813,53.80036747092632],[9.919061167264813,53.79137426728907],[9.910067963627567,53.79137426728907]]]}},{"type":"Feature","properties":{"jobs":100,"pop":0,"pointCount":1,"homeWorkCommuteMedian":-1,"workHomeCommuteMedian":38380},"geometry":{"type":"Polygon","coordinates":[[[9.910067963627567,53.809360674563564],[9.910067963627567,53.81835387820081],[9.919061167264813,53.81835387820081],[9.919061167264813,53.809360674563564],[9.910067963627567,53.809360674563564]]]}},{"type":"Feature","properties":{"jobs":100,"pop":0,"pointCount":1,"homeWorkCommuteMedian":-1,"workHomeCommuteMedian":38516},"geometry":{"type":"Polygon","coordinates":[[[9.910067963627567,53.81835387820081],[9.910067963627567,53.827347081838056],[9.919061167264813,53.827347081838056],[9.919061167264813,53.81835387820081],[9.910067963627567,53.81835387820081]]]}},{"type":"Feature","properties":{"jobs":0,"pop":100,"pointCount":1,"homeWorkCommuteMedian":30636,"workHomeCommuteMedian":-1},"geometry":{"type":"Polygon","coordinates":[[[9.910067963627567,53.86331989638704],[9.910067963627567,53.872313100024286],[9.919061167264813,53.872313100024286],[9.919061167264813,53.86331989638704],[9.910067963627567,53.86331989638704]]]}},{"type":"Feature","properties":{"jobs":200,"pop":100,"pointCount":3,"homeWorkCommuteMedian":21267,"workHomeCommuteMedian":22448},"geometry":{"type":"Polygon","coordinates":[[[9.919061167264813,53.35070728906402],[9.919061167264813,53.359700492701265],[9.928054370902059,53.359700492701265],[9.928054370902059,53.35070728906402],[9.919061167264813,53.35070728906402]]]}},{"type":"Feature","properties":{"jobs":700,"pop":550,"pointCount":4,"homeWorkCommuteMedian":32409,"workHomeCommuteMedian":33586},"geometry":{"type":"Polygon","coordinates":[[[9.919061167264813,53.359700492701265],[9.919061167264813,53.36869369633851],[9.928054370902059,53.36869369633851],[9.928054370902059,53.359700492701265],[9.919061167264813,53.359700492701265]]]}},{"type":"Feature","properties":{"jobs":0,"pop":100,"pointCount":1,"homeWorkCommuteMedian":23699,"workHomeCommuteMedian":-1},"geometry":{"type":"Polygon","coordinates":[[[9.919061167264813,53.36869369633851],[9.919061167264813,53.37768689997576],[9.928054370902059,53.37768689997576],[9.928054370902059,53.36869369633851],[9.919061167264813,53.36869369633851]]]}},{"type":"Feature","properties":{"jobs":300,"pop":400,"pointCount":4,"homeWorkCommuteMedian":39744,"workHomeCommuteMedian":28954},"geometry":{"type":"Polygon","coordinates":[[[9.919061167264813,53.39567330725025],[9.919061167264813,53.404666510887495],[9.928054370902059,53.404666510887495],[9.928054370902059,53.39567330725025],[9.919061167264813,53.39567330725025]]]}},{"type":"Feature","properties":{"jobs":300,"pop":200,"pointCount":3,"homeWorkCommuteMedian":21711,"workHomeCommuteMedian":26316},"geometry":{"type":"Polygon","coordinates":[[[9.919061167264813,53.404666510887495],[9.919061167264813,53.41365971452474],[9.928054370902059,53.41365971452474],[9.928054370902059,53.404666510887495],[9.919061167264813,53.404666510887495]]]}},{"type":"Feature","properties":{"jobs":0,"pop":100,"pointCount":1,"homeWorkCommuteMedian":22923,"workHomeCommuteMedian":-1},"geometry":{"type":"Polygon","coordinates":[[[9.919061167264813,53.44063932543648],[9.919061167264813,53.449632529073725],[9.928054370902059,53.449632529073725],[9.928054370902059,53.44063932543648],[9.919061167264813,53.44063932543648]]]}},{"type":"Feature","properties":{"jobs":200,"pop":500,"pointCount":5,"homeWorkCommuteMedian":25340,"workHomeCommuteMedian":27289},"geometry":{"type":"Polygon","coordinates":[[[9.919061167264813,53.449632529073725],[9.919061167264813,53.45862573271097],[9.928054370902059,53.45862573271097],[9.928054370902059,53.449632529073725],[9.919061167264813,53.449632529073725]]]}},{"type":"Feature","properties":{"jobs":0,"pop":200,"pointCount":2,"homeWorkCommuteMedian":24027,"workHomeCommuteMedian":-1},"geometry":{"type":"Polygon","coordinates":[[[9.919061167264813,53.45862573271097],[9.919061167264813,53.46761893634822],[9.928054370902059,53.46761893634822],[9.928054370902059,53.45862573271097],[9.919061167264813,53.45862573271097]]]}},{"type":"Feature","properties":{"jobs":400,"pop":400,"pointCount":5,"homeWorkCommuteMedian":32523,"workHomeCommuteMedian":25074},"geometry":{"type":"Polygon","coordinates":[[[9.919061167264813,53.46761893634822],[9.919061167264813,53.47661213998546],[9.928054370902059,53.47661213998546],[9.928054370902059,53.46761893634822],[9.919061167264813,53.46761893634822]]]}},{"type":"Feature","properties":{"jobs":0,"pop":100,"pointCount":1,"homeWorkCommuteMedian":27165,"workHomeCommuteMedian":-1},"geometry":{"type":"Polygon","coordinates":[[[9.919061167264813,53.47661213998546],[9.919061167264813,53.48560534362271],[9.928054370902059,53.48560534362271],[9.928054370902059,53.47661213998546],[9.919061167264813,53.47661213998546]]]}},{"type":"Feature","properties":{"jobs":200,"pop":0,"pointCount":2,"homeWorkCommuteMedian":-1,"workHomeCommuteMedian":42704},"geometry":{"type":"Polygon","coordinates":[[[9.919061167264813,53.494598547259955],[9.919061167264813,53.5035917508972],[9.928054370902059,53.5035917508972],[9.928054370902059,53.494598547259955],[9.919061167264813,53.494598547259955]]]}},{"type":"Feature","properties":{"jobs":750,"pop":800,"pointCount":8,"homeWorkCommuteMedian":19892,"workHomeCommuteMedian":18900},"geometry":{"type":"Polygon","coordinates":[[[9.919061167264813,53.539564565446184],[9.919061167264813,53.54855776908343],[9.928054370902059,53.54855776908343],[9.928054370902059,53.539564565446184],[9.919061167264813,53.539564565446184]]]}},{"type":"Feature","properties":{"jobs":5450,"pop":5850,"pointCount":28,"homeWorkCommuteMedian":19941,"workHomeCommuteMedian":18296},"geometry":{"type":"Polygon","coordinates":[[[9.919061167264813,53.54855776908343],[9.919061167264813,53.557550972720676],[9.928054370902059,53.557550972720676],[9.928054370902059,53.54855776908343],[9.919061167264813,53.54855776908343]]]}},{"type":"Feature","properties":{"jobs":1600,"pop":1300,"pointCount":16,"homeWorkCommuteMedian":22634,"workHomeCommuteMedian":20133},"geometry":{"type":"Polygon","coordinates":[[[9.919061167264813,53.557550972720676],[9.919061167264813,53.56654417635792],[9.928054370902059,53.56654417635792],[9.928054370902059,53.557550972720676],[9.919061167264813,53.557550972720676]]]}},{"type":"Feature","properties":{"jobs":800,"pop":1800,"pointCount":14,"homeWorkCommuteMedian":16606,"workHomeCommuteMedian":29739},"geometry":{"type":"Polygon","coordinates":[[[9.919061167264813,53.56654417635792],[9.919061167264813,53.57553737999517],[9.928054370902059,53.57553737999517],[9.928054370902059,53.56654417635792],[9.919061167264813,53.56654417635792]]]}},{"type":"Feature","properties":{"jobs":0,"pop":1300,"pointCount":8,"homeWorkCommuteMedian":21214,"workHomeCommuteMedian":-1},"geometry":{"type":"Polygon","coordinates":[[[9.919061167264813,53.57553737999517],[9.919061167264813,53.584530583632414],[9.928054370902059,53.584530583632414],[9.928054370902059,53.57553737999517],[9.919061167264813,53.57553737999517]]]}},{"type":"Feature","properties":{"jobs":1300,"pop":1300,"pointCount":13,"homeWorkCommuteMedian":16263,"workHomeCommuteMedian":18660},"geometry":{"type":"Polygon","coordinates":[[[9.919061167264813,53.584530583632414],[9.919061167264813,53.59352378726966],[9.928054370902059,53.59352378726966],[9.928054370902059,53.584530583632414],[9.919061167264813,53.584530583632414]]]}},{"type":"Feature","properties":{"jobs":600,"pop":1350,"pointCount":11,"homeWorkCommuteMedian":14922,"workHomeCommuteMedian":22709},"geometry":{"type":"Polygon","coordinates":[[[9.919061167264813,53.59352378726966],[9.919061167264813,53.602516990906906],[9.928054370902059,53.602516990906906],[9.928054370902059,53.59352378726966],[9.919061167264813,53.59352378726966]]]}},{"type":"Feature","properties":{"jobs":0,"pop":200,"pointCount":2,"homeWorkCommuteMedian":22869,"workHomeCommuteMedian":-1},"geometry":{"type":"Polygon","coordinates":[[[9.919061167264813,53.602516990906906],[9.919061167264813,53.61151019454415],[9.928054370902059,53.61151019454415],[9.928054370902059,53.602516990906906],[9.919061167264813,53.602516990906906]]]}},{"type":"Feature","properties":{"jobs":0,"pop":750,"pointCount":4,"homeWorkCommuteMedian":14617,"workHomeCommuteMedian":-1},"geometry":{"type":"Polygon","coordinates":[[[9.919061167264813,53.6205033981814],[9.919061167264813,53.629496601818644],[9.928054370902059,53.629496601818644],[9.928054370902059,53.6205033981814],[9.919061167264813,53.6205033981814]]]}},{"type":"Feature","properties":{"jobs":4500,"pop":950,"pointCount":14,"homeWorkCommuteMedian":22963,"workHomeCommuteMedian":19382},"geometry":{"type":"Polygon","coordinates":[[[9.919061167264813,53.629496601818644],[9.919061167264813,53.63848980545589],[9.928054370902059,53.63848980545589],[9.928054370902059,53.629496601818644],[9.919061167264813,53.629496601818644]]]}},{"type":"Feature","properties":{"jobs":100,"pop":950,"pointCount":7,"homeWorkCommuteMedian":15262,"workHomeCommuteMedian":28005},"geometry":{"type":"Polygon","coordinates":[[[9.919061167264813,53.63848980545589],[9.919061167264813,53.647483009093136],[9.928054370902059,53.647483009093136],[9.928054370902059,53.63848980545589],[9.919061167264813,53.63848980545589]]]}},{"type":"Feature","properties":{"jobs":500,"pop":700,"pointCount":5,"homeWorkCommuteMedian":21217,"workHomeCommuteMedian":21705},"geometry":{"type":"Polygon","coordinates":[[[9.919061167264813,53.647483009093136],[9.919061167264813,53.65647621273038],[9.928054370902059,53.65647621273038],[9.928054370902059,53.647483009093136],[9.919061167264813,53.647483009093136]]]}},{"type":"Feature","properties":{"jobs":0,"pop":300,"pointCount":2,"homeWorkCommuteMedian":18753,"workHomeCommuteMedian":-1},"geometry":{"type":"Polygon","coordinates":[[[9.919061167264813,53.65647621273038],[9.919061167264813,53.66546941636763],[9.928054370902059,53.66546941636763],[9.928054370902059,53.65647621273038],[9.919061167264813,53.65647621273038]]]}},{"type":"Feature","properties":{"jobs":400,"pop":600,"pointCount":5,"homeWorkCommuteMedian":20999,"workHomeCommuteMedian":37582},"geometry":{"type":"Polygon","coordinates":[[[9.919061167264813,53.692449027279366],[9.919061167264813,53.70144223091661],[9.928054370902059,53.70144223091661],[9.928054370902059,53.692449027279366],[9.919061167264813,53.692449027279366]]]}},{"type":"Feature","properties":{"jobs":300,"pop":500,"pointCount":5,"homeWorkCommuteMedian":26355,"workHomeCommuteMedian":28352},"geometry":{"type":"Polygon","coordinates":[[[9.919061167264813,53.719428638191104],[9.919061167264813,53.72842184182835],[9.928054370902059,53.72842184182835],[9.928054370902059,53.719428638191104],[9.919061167264813,53.719428638191104]]]}},{"type":"Feature","properties":{"jobs":0,"pop":200,"pointCount":2,"homeWorkCommuteMedian":62101,"workHomeCommuteMedian":-1},"geometry":{"type":"Polygon","coordinates":[[[9.919061167264813,53.72842184182835],[9.919061167264813,53.737415045465596],[9.928054370902059,53.737415045465596],[9.928054370902059,53.72842184182835],[9.919061167264813,53.72842184182835]]]}},{"type":"Feature","properties":{"jobs":0,"pop":100,"pointCount":1,"homeWorkCommuteMedian":34669,"workHomeCommuteMedian":-1},"geometry":{"type":"Polygon","coordinates":[[[9.919061167264813,53.737415045465596],[9.919061167264813,53.74640824910284],[9.928054370902059,53.74640824910284],[9.928054370902059,53.737415045465596],[9.919061167264813,53.737415045465596]]]}},{"type":"Feature","properties":{"jobs":1000,"pop":500,"pointCount":10,"homeWorkCommuteMedian":25297,"workHomeCommuteMedian":21187},"geometry":{"type":"Polygon","coordinates":[[[9.919061167264813,53.74640824910284],[9.919061167264813,53.75540145274009],[9.928054370902059,53.75540145274009],[9.928054370902059,53.74640824910284],[9.919061167264813,53.74640824910284]]]}},{"type":"Feature","properties":{"jobs":0,"pop":100,"pointCount":1,"homeWorkCommuteMedian":48804,"workHomeCommuteMedian":-1},"geometry":{"type":"Polygon","coordinates":[[[9.919061167264813,53.75540145274009],[9.919061167264813,53.764394656377334],[9.928054370902059,53.764394656377334],[9.928054370902059,53.75540145274009],[9.919061167264813,53.75540145274009]]]}},{"type":"Feature","properties":{"jobs":100,"pop":100,"pointCount":2,"homeWorkCommuteMedian":40979,"workHomeCommuteMedian":52475},"geometry":{"type":"Polygon","coordinates":[[[9.919061167264813,53.782381063651826],[9.919061167264813,53.79137426728907],[9.928054370902059,53.79137426728907],[9.928054370902059,53.782381063651826],[9.919061167264813,53.782381063651826]]]}},{"type":"Feature","properties":{"jobs":0,"pop":100,"pointCount":1,"homeWorkCommuteMedian":25785,"workHomeCommuteMedian":-1},"geometry":{"type":"Polygon","coordinates":[[[9.919061167264813,53.79137426728907],[9.919061167264813,53.80036747092632],[9.928054370902059,53.80036747092632],[9.928054370902059,53.79137426728907],[9.919061167264813,53.79137426728907]]]}},{"type":"Feature","properties":{"jobs":100,"pop":100,"pointCount":2,"homeWorkCommuteMedian":28976,"workHomeCommuteMedian":13232},"geometry":{"type":"Polygon","coordinates":[[[9.919061167264813,53.809360674563564],[9.919061167264813,53.81835387820081],[9.928054370902059,53.81835387820081],[9.928054370902059,53.809360674563564],[9.919061167264813,53.809360674563564]]]}},{"type":"Feature","properties":{"jobs":0,"pop":100,"pointCount":1,"homeWorkCommuteMedian":53841,"workHomeCommuteMedian":-1},"geometry":{"type":"Polygon","coordinates":[[[9.919061167264813,53.84533348911255],[9.919061167264813,53.854326692749794],[9.928054370902059,53.854326692749794],[9.928054370902059,53.84533348911255],[9.919061167264813,53.84533348911255]]]}},{"type":"Feature","properties":{"jobs":100,"pop":0,"pointCount":1,"homeWorkCommuteMedian":-1,"workHomeCommuteMedian":33812},"geometry":{"type":"Polygon","coordinates":[[[9.919061167264813,53.854326692749794],[9.919061167264813,53.86331989638704],[9.928054370902059,53.86331989638704],[9.928054370902059,53.854326692749794],[9.919061167264813,53.854326692749794]]]}},{"type":"Feature","properties":{"jobs":0,"pop":400,"pointCount":3,"homeWorkCommuteMedian":34972,"workHomeCommuteMedian":-1},"geometry":{"type":"Polygon","coordinates":[[[9.928054370902059,53.35070728906402],[9.928054370902059,53.359700492701265],[9.937047574539305,53.359700492701265],[9.937047574539305,53.35070728906402],[9.928054370902059,53.35070728906402]]]}},{"type":"Feature","properties":{"jobs":600,"pop":200,"pointCount":5,"homeWorkCommuteMedian":44431,"workHomeCommuteMedian":30611},"geometry":{"type":"Polygon","coordinates":[[[9.928054370902059,53.359700492701265],[9.928054370902059,53.36869369633851],[9.937047574539305,53.36869369633851],[9.937047574539305,53.359700492701265],[9.928054370902059,53.359700492701265]]]}},{"type":"Feature","properties":{"jobs":0,"pop":400,"pointCount":3,"homeWorkCommuteMedian":38418,"workHomeCommuteMedian":-1},"geometry":{"type":"Polygon","coordinates":[[[9.928054370902059,53.404666510887495],[9.928054370902059,53.41365971452474],[9.937047574539305,53.41365971452474],[9.937047574539305,53.404666510887495],[9.928054370902059,53.404666510887495]]]}},{"type":"Feature","properties":{"jobs":500,"pop":0,"pointCount":1,"homeWorkCommuteMedian":-1,"workHomeCommuteMedian":27533},"geometry":{"type":"Polygon","coordinates":[[[9.928054370902059,53.42265291816199],[9.928054370902059,53.43164612179923],[9.937047574539305,53.43164612179923],[9.937047574539305,53.42265291816199],[9.928054370902059,53.42265291816199]]]}},{"type":"Feature","properties":{"jobs":600,"pop":300,"pointCount":4,"homeWorkCommuteMedian":20639,"workHomeCommuteMedian":36949},"geometry":{"type":"Polygon","coordinates":[[[9.928054370902059,53.43164612179923],[9.928054370902059,53.44063932543648],[9.937047574539305,53.44063932543648],[9.937047574539305,53.43164612179923],[9.928054370902059,53.43164612179923]]]}},{"type":"Feature","properties":{"jobs":0,"pop":400,"pointCount":4,"homeWorkCommuteMedian":24117,"workHomeCommuteMedian":-1},"geometry":{"type":"Polygon","coordinates":[[[9.928054370902059,53.44063932543648],[9.928054370902059,53.449632529073725],[9.937047574539305,53.449632529073725],[9.937047574539305,53.44063932543648],[9.928054370902059,53.44063932543648]]]}},{"type":"Feature","properties":{"jobs":300,"pop":600,"pointCount":7,"homeWorkCommuteMedian":27468,"workHomeCommuteMedian":20493},"geometry":{"type":"Polygon","coordinates":[[[9.928054370902059,53.449632529073725],[9.928054370902059,53.45862573271097],[9.937047574539305,53.45862573271097],[9.937047574539305,53.449632529073725],[9.928054370902059,53.449632529073725]]]}},{"type":"Feature","properties":{"jobs":500,"pop":700,"pointCount":8,"homeWorkCommuteMedian":22257,"workHomeCommuteMedian":31679},"geometry":{"type":"Polygon","coordinates":[[[9.928054370902059,53.46761893634822],[9.928054370902059,53.47661213998546],[9.937047574539305,53.47661213998546],[9.937047574539305,53.46761893634822],[9.928054370902059,53.46761893634822]]]}},{"type":"Feature","properties":{"jobs":200,"pop":0,"pointCount":1,"homeWorkCommuteMedian":-1,"workHomeCommuteMedian":26019},"geometry":{"type":"Polygon","coordinates":[[[9.928054370902059,53.47661213998546],[9.928054370902059,53.48560534362271],[9.937047574539305,53.48560534362271],[9.937047574539305,53.47661213998546],[9.928054370902059,53.47661213998546]]]}},{"type":"Feature","properties":{"jobs":900,"pop":900,"pointCount":9,"homeWorkCommuteMedian":22251,"workHomeCommuteMedian":21831},"geometry":{"type":"Polygon","coordinates":[[[9.928054370902059,53.539564565446184],[9.928054370902059,53.54855776908343],[9.937047574539305,53.54855776908343],[9.937047574539305,53.539564565446184],[9.928054370902059,53.539564565446184]]]}},{"type":"Feature","properties":{"jobs":8650,"pop":3750,"pointCount":20,"homeWorkCommuteMedian":19708,"workHomeCommuteMedian":19074},"geometry":{"type":"Polygon","coordinates":[[[9.928054370902059,53.54855776908343],[9.928054370902059,53.557550972720676],[9.937047574539305,53.557550972720676],[9.937047574539305,53.54855776908343],[9.928054370902059,53.54855776908343]]]}},{"type":"Feature","properties":{"jobs":800,"pop":600,"pointCount":10,"homeWorkCommuteMedian":18823,"workHomeCommuteMedian":19139},"geometry":{"type":"Polygon","coordinates":[[[9.928054370902059,53.557550972720676],[9.928054370902059,53.56654417635792],[9.937047574539305,53.56654417635792],[9.937047574539305,53.557550972720676],[9.928054370902059,53.557550972720676]]]}},{"type":"Feature","properties":{"jobs":400,"pop":400,"pointCount":6,"homeWorkCommuteMedian":22295,"workHomeCommuteMedian":22674},"geometry":{"type":"Polygon","coordinates":[[[9.928054370902059,53.56654417635792],[9.928054370902059,53.57553737999517],[9.937047574539305,53.57553737999517],[9.937047574539305,53.56654417635792],[9.928054370902059,53.56654417635792]]]}},{"type":"Feature","properties":{"jobs":2150,"pop":700,"pointCount":10,"homeWorkCommuteMedian":18949,"workHomeCommuteMedian":18409},"geometry":{"type":"Polygon","coordinates":[[[9.928054370902059,53.57553737999517],[9.928054370902059,53.584530583632414],[9.937047574539305,53.584530583632414],[9.937047574539305,53.57553737999517],[9.928054370902059,53.57553737999517]]]}},{"type":"Feature","properties":{"jobs":1400,"pop":1900,"pointCount":16,"homeWorkCommuteMedian":16847,"workHomeCommuteMedian":22527},"geometry":{"type":"Polygon","coordinates":[[[9.928054370902059,53.584530583632414],[9.928054370902059,53.59352378726966],[9.937047574539305,53.59352378726966],[9.937047574539305,53.584530583632414],[9.928054370902059,53.584530583632414]]]}},{"type":"Feature","properties":{"jobs":400,"pop":900,"pointCount":8,"homeWorkCommuteMedian":16403,"workHomeCommuteMedian":20338},"geometry":{"type":"Polygon","coordinates":[[[9.928054370902059,53.59352378726966],[9.928054370902059,53.602516990906906],[9.937047574539305,53.602516990906906],[9.937047574539305,53.59352378726966],[9.928054370902059,53.59352378726966]]]}},{"type":"Feature","properties":{"jobs":0,"pop":200,"pointCount":2,"homeWorkCommuteMedian":16910,"workHomeCommuteMedian":-1},"geometry":{"type":"Polygon","coordinates":[[[9.928054370902059,53.602516990906906],[9.928054370902059,53.61151019454415],[9.937047574539305,53.61151019454415],[9.937047574539305,53.602516990906906],[9.928054370902059,53.602516990906906]]]}},{"type":"Feature","properties":{"jobs":0,"pop":100,"pointCount":1,"homeWorkCommuteMedian":12199,"workHomeCommuteMedian":-1},"geometry":{"type":"Polygon","coordinates":[[[9.928054370902059,53.61151019454415],[9.928054370902059,53.6205033981814],[9.937047574539305,53.6205033981814],[9.937047574539305,53.61151019454415],[9.928054370902059,53.61151019454415]]]}},{"type":"Feature","properties":{"jobs":0,"pop":400,"pointCount":2,"homeWorkCommuteMedian":15965,"workHomeCommuteMedian":-1},"geometry":{"type":"Polygon","coordinates":[[[9.928054370902059,53.6205033981814],[9.928054370902059,53.629496601818644],[9.937047574539305,53.629496601818644],[9.937047574539305,53.6205033981814],[9.928054370902059,53.6205033981814]]]}},{"type":"Feature","properties":{"jobs":400,"pop":300,"pointCount":4,"homeWorkCommuteMedian":12925,"workHomeCommuteMedian":35642},"geometry":{"type":"Polygon","coordinates":[[[9.928054370902059,53.629496601818644],[9.928054370902059,53.63848980545589],[9.937047574539305,53.63848980545589],[9.937047574539305,53.629496601818644],[9.928054370902059,53.629496601818644]]]}},{"type":"Feature","properties":{"jobs":0,"pop":100,"pointCount":1,"homeWorkCommuteMedian":22648,"workHomeCommuteMedian":-1},"geometry":{"type":"Polygon","coordinates":[[[9.928054370902059,53.692449027279366],[9.928054370902059,53.70144223091661],[9.937047574539305,53.70144223091661],[9.937047574539305,53.692449027279366],[9.928054370902059,53.692449027279366]]]}},{"type":"Feature","properties":{"jobs":0,"pop":100,"pointCount":1,"homeWorkCommuteMedian":6273,"workHomeCommuteMedian":-1},"geometry":{"type":"Polygon","coordinates":[[[9.928054370902059,53.72842184182835],[9.928054370902059,53.737415045465596],[9.937047574539305,53.737415045465596],[9.937047574539305,53.72842184182835],[9.928054370902059,53.72842184182835]]]}},{"type":"Feature","properties":{"jobs":400,"pop":100,"pointCount":4,"homeWorkCommuteMedian":29261,"workHomeCommuteMedian":28837},"geometry":{"type":"Polygon","coordinates":[[[9.928054370902059,53.737415045465596],[9.928054370902059,53.74640824910284],[9.937047574539305,53.74640824910284],[9.937047574539305,53.737415045465596],[9.928054370902059,53.737415045465596]]]}},{"type":"Feature","properties":{"jobs":400,"pop":100,"pointCount":5,"homeWorkCommuteMedian":1999,"workHomeCommuteMedian":28074},"geometry":{"type":"Polygon","coordinates":[[[9.928054370902059,53.74640824910284],[9.928054370902059,53.75540145274009],[9.937047574539305,53.75540145274009],[9.937047574539305,53.74640824910284],[9.928054370902059,53.74640824910284]]]}},{"type":"Feature","properties":{"jobs":100,"pop":300,"pointCount":4,"homeWorkCommuteMedian":26023,"workHomeCommuteMedian":2711},"geometry":{"type":"Polygon","coordinates":[[[9.928054370902059,53.75540145274009],[9.928054370902059,53.764394656377334],[9.937047574539305,53.764394656377334],[9.937047574539305,53.75540145274009],[9.928054370902059,53.75540145274009]]]}},{"type":"Feature","properties":{"jobs":100,"pop":0,"pointCount":1,"homeWorkCommuteMedian":-1,"workHomeCommuteMedian":31416},"geometry":{"type":"Polygon","coordinates":[[[9.928054370902059,53.782381063651826],[9.928054370902059,53.79137426728907],[9.937047574539305,53.79137426728907],[9.937047574539305,53.782381063651826],[9.928054370902059,53.782381063651826]]]}},{"type":"Feature","properties":{"jobs":0,"pop":300,"pointCount":2,"homeWorkCommuteMedian":34195,"workHomeCommuteMedian":-1},"geometry":{"type":"Polygon","coordinates":[[[9.928054370902059,53.81835387820081],[9.928054370902059,53.827347081838056],[9.937047574539305,53.827347081838056],[9.937047574539305,53.81835387820081],[9.928054370902059,53.81835387820081]]]}},{"type":"Feature","properties":{"jobs":100,"pop":100,"pointCount":2,"homeWorkCommuteMedian":37283,"workHomeCommuteMedian":53518},"geometry":{"type":"Polygon","coordinates":[[[9.928054370902059,53.827347081838056],[9.928054370902059,53.8363402854753],[9.937047574539305,53.8363402854753],[9.937047574539305,53.827347081838056],[9.928054370902059,53.827347081838056]]]}},{"type":"Feature","properties":{"jobs":0,"pop":100,"pointCount":1,"homeWorkCommuteMedian":34076,"workHomeCommuteMedian":-1},"geometry":{"type":"Polygon","coordinates":[[[9.928054370902059,53.854326692749794],[9.928054370902059,53.86331989638704],[9.937047574539305,53.86331989638704],[9.937047574539305,53.854326692749794],[9.928054370902059,53.854326692749794]]]}},{"type":"Feature","properties":{"jobs":0,"pop":100,"pointCount":1,"homeWorkCommuteMedian":43802,"workHomeCommuteMedian":-1},"geometry":{"type":"Polygon","coordinates":[[[9.928054370902059,53.88130630366153],[9.928054370902059,53.89029950729878],[9.937047574539305,53.89029950729878],[9.937047574539305,53.88130630366153],[9.928054370902059,53.88130630366153]]]}},{"type":"Feature","properties":{"jobs":500,"pop":200,"pointCount":5,"homeWorkCommuteMedian":44993,"workHomeCommuteMedian":26146},"geometry":{"type":"Polygon","coordinates":[[[9.937047574539305,53.359700492701265],[9.937047574539305,53.36869369633851],[9.94604077817655,53.36869369633851],[9.94604077817655,53.359700492701265],[9.937047574539305,53.359700492701265]]]}},{"type":"Feature","properties":{"jobs":0,"pop":300,"pointCount":3,"homeWorkCommuteMedian":31467,"workHomeCommuteMedian":-1},"geometry":{"type":"Polygon","coordinates":[[[9.937047574539305,53.36869369633851],[9.937047574539305,53.37768689997576],[9.94604077817655,53.37768689997576],[9.94604077817655,53.36869369633851],[9.937047574539305,53.36869369633851]]]}},{"type":"Feature","properties":{"jobs":0,"pop":100,"pointCount":1,"homeWorkCommuteMedian":47544,"workHomeCommuteMedian":-1},"geometry":{"type":"Polygon","coordinates":[[[9.937047574539305,53.43164612179923],[9.937047574539305,53.44063932543648],[9.94604077817655,53.44063932543648],[9.94604077817655,53.43164612179923],[9.937047574539305,53.43164612179923]]]}},{"type":"Feature","properties":{"jobs":200,"pop":800,"pointCount":7,"homeWorkCommuteMedian":25815,"workHomeCommuteMedian":25134},"geometry":{"type":"Polygon","coordinates":[[[9.937047574539305,53.44063932543648],[9.937047574539305,53.449632529073725],[9.94604077817655,53.449632529073725],[9.94604077817655,53.44063932543648],[9.937047574539305,53.44063932543648]]]}},{"type":"Feature","properties":{"jobs":1300,"pop":1800,"pointCount":15,"homeWorkCommuteMedian":23317,"workHomeCommuteMedian":24700},"geometry":{"type":"Polygon","coordinates":[[[9.937047574539305,53.449632529073725],[9.937047574539305,53.45862573271097],[9.94604077817655,53.45862573271097],[9.94604077817655,53.449632529073725],[9.937047574539305,53.449632529073725]]]}},{"type":"Feature","properties":{"jobs":0,"pop":300,"pointCount":3,"homeWorkCommuteMedian":22484,"workHomeCommuteMedian":-1},"geometry":{"type":"Polygon","coordinates":[[[9.937047574539305,53.45862573271097],[9.937047574539305,53.46761893634822],[9.94604077817655,53.46761893634822],[9.94604077817655,53.45862573271097],[9.937047574539305,53.45862573271097]]]}},{"type":"Feature","properties":{"jobs":400,"pop":550,"pointCount":7,"homeWorkCommuteMedian":25388,"workHomeCommuteMedian":20453},"geometry":{"type":"Polygon","coordinates":[[[9.937047574539305,53.46761893634822],[9.937047574539305,53.47661213998546],[9.94604077817655,53.47661213998546],[9.94604077817655,53.46761893634822],[9.937047574539305,53.46761893634822]]]}},{"type":"Feature","properties":{"jobs":0,"pop":300,"pointCount":1,"homeWorkCommuteMedian":23955,"workHomeCommuteMedian":-1},"geometry":{"type":"Polygon","coordinates":[[[9.937047574539305,53.51258495453445],[9.937047574539305,53.52157815817169],[9.94604077817655,53.52157815817169],[9.94604077817655,53.51258495453445],[9.937047574539305,53.51258495453445]]]}},{"type":"Feature","properties":{"jobs":0,"pop":100,"pointCount":1,"homeWorkCommuteMedian":21122,"workHomeCommuteMedian":-1},"geometry":{"type":"Polygon","coordinates":[[[9.937047574539305,53.52157815817169],[9.937047574539305,53.53057136180894],[9.94604077817655,53.53057136180894],[9.94604077817655,53.52157815817169],[9.937047574539305,53.52157815817169]]]}},{"type":"Feature","properties":{"jobs":1600,"pop":1650,"pointCount":13,"homeWorkCommuteMedian":19412,"workHomeCommuteMedian":19972},"geometry":{"type":"Polygon","coordinates":[[[9.937047574539305,53.539564565446184],[9.937047574539305,53.54855776908343],[9.94604077817655,53.54855776908343],[9.94604077817655,53.539564565446184],[9.937047574539305,53.539564565446184]]]}},{"type":"Feature","properties":{"jobs":7400,"pop":5150,"pointCount":33,"homeWorkCommuteMedian":20402,"workHomeCommuteMedian":20113},"geometry":{"type":"Polygon","coordinates":[[[9.937047574539305,53.54855776908343],[9.937047574539305,53.557550972720676],[9.94604077817655,53.557550972720676],[9.94604077817655,53.54855776908343],[9.937047574539305,53.54855776908343]]]}},{"type":"Feature","properties":{"jobs":1150,"pop":2850,"pointCount":18,"homeWorkCommuteMedian":20214,"workHomeCommuteMedian":18125},"geometry":{"type":"Polygon","coordinates":[[[9.937047574539305,53.557550972720676],[9.937047574539305,53.56654417635792],[9.94604077817655,53.56654417635792],[9.94604077817655,53.557550972720676],[9.937047574539305,53.557550972720676]]]}},{"type":"Feature","properties":{"jobs":400,"pop":3600,"pointCount":14,"homeWorkCommuteMedian":16887,"workHomeCommuteMedian":33649},"geometry":{"type":"Polygon","coordinates":[[[9.937047574539305,53.56654417635792],[9.937047574539305,53.57553737999517],[9.94604077817655,53.57553737999517],[9.94604077817655,53.56654417635792],[9.937047574539305,53.56654417635792]]]}},{"type":"Feature","properties":{"jobs":4500,"pop":4900,"pointCount":25,"homeWorkCommuteMedian":20005,"workHomeCommuteMedian":18241},"geometry":{"type":"Polygon","coordinates":[[[9.937047574539305,53.57553737999517],[9.937047574539305,53.584530583632414],[9.94604077817655,53.584530583632414],[9.94604077817655,53.57553737999517],[9.937047574539305,53.57553737999517]]]}},{"type":"Feature","properties":{"jobs":1300,"pop":1050,"pointCount":12,"homeWorkCommuteMedian":16013,"workHomeCommuteMedian":22365},"geometry":{"type":"Polygon","coordinates":[[[9.937047574539305,53.584530583632414],[9.937047574539305,53.59352378726966],[9.94604077817655,53.59352378726966],[9.94604077817655,53.584530583632414],[9.937047574539305,53.584530583632414]]]}},{"type":"Feature","properties":{"jobs":1200,"pop":800,"pointCount":10,"homeWorkCommuteMedian":16601,"workHomeCommuteMedian":20876},"geometry":{"type":"Polygon","coordinates":[[[9.937047574539305,53.59352378726966],[9.937047574539305,53.602516990906906],[9.94604077817655,53.602516990906906],[9.94604077817655,53.59352378726966],[9.937047574539305,53.59352378726966]]]}},{"type":"Feature","properties":{"jobs":0,"pop":750,"pointCount":5,"homeWorkCommuteMedian":18312,"workHomeCommuteMedian":-1},"geometry":{"type":"Polygon","coordinates":[[[9.937047574539305,53.602516990906906],[9.937047574539305,53.61151019454415],[9.94604077817655,53.61151019454415],[9.94604077817655,53.602516990906906],[9.937047574539305,53.602516990906906]]]}},{"type":"Feature","properties":{"jobs":0,"pop":500,"pointCount":4,"homeWorkCommuteMedian":14276,"workHomeCommuteMedian":-1},"geometry":{"type":"Polygon","coordinates":[[[9.937047574539305,53.61151019454415],[9.937047574539305,53.6205033981814],[9.94604077817655,53.6205033981814],[9.94604077817655,53.61151019454415],[9.937047574539305,53.61151019454415]]]}},{"type":"Feature","properties":{"jobs":500,"pop":1250,"pointCount":10,"homeWorkCommuteMedian":19458,"workHomeCommuteMedian":18186},"geometry":{"type":"Polygon","coordinates":[[[9.937047574539305,53.6205033981814],[9.937047574539305,53.629496601818644],[9.94604077817655,53.629496601818644],[9.94604077817655,53.6205033981814],[9.937047574539305,53.6205033981814]]]}},{"type":"Feature","properties":{"jobs":600,"pop":1300,"pointCount":11,"homeWorkCommuteMedian":26019,"workHomeCommuteMedian":28134},"geometry":{"type":"Polygon","coordinates":[[[9.937047574539305,53.629496601818644],[9.937047574539305,53.63848980545589],[9.94604077817655,53.63848980545589],[9.94604077817655,53.629496601818644],[9.937047574539305,53.629496601818644]]]}},{"type":"Feature","properties":{"jobs":0,"pop":700,"pointCount":4,"homeWorkCommuteMedian":26109,"workHomeCommuteMedian":-1},"geometry":{"type":"Polygon","coordinates":[[[9.937047574539305,53.63848980545589],[9.937047574539305,53.647483009093136],[9.94604077817655,53.647483009093136],[9.94604077817655,53.63848980545589],[9.937047574539305,53.63848980545589]]]}},{"type":"Feature","properties":{"jobs":0,"pop":100,"pointCount":1,"homeWorkCommuteMedian":18195,"workHomeCommuteMedian":-1},"geometry":{"type":"Polygon","coordinates":[[[9.937047574539305,53.647483009093136],[9.937047574539305,53.65647621273038],[9.94604077817655,53.65647621273038],[9.94604077817655,53.647483009093136],[9.937047574539305,53.647483009093136]]]}},{"type":"Feature","properties":{"jobs":0,"pop":100,"pointCount":1,"homeWorkCommuteMedian":13018,"workHomeCommuteMedian":-1},"geometry":{"type":"Polygon","coordinates":[[[9.937047574539305,53.66546941636763],[9.937047574539305,53.674462620004874],[9.94604077817655,53.674462620004874],[9.94604077817655,53.66546941636763],[9.937047574539305,53.66546941636763]]]}},{"type":"Feature","properties":{"jobs":200,"pop":0,"pointCount":1,"homeWorkCommuteMedian":-1,"workHomeCommuteMedian":21622},"geometry":{"type":"Polygon","coordinates":[[[9.937047574539305,53.692449027279366],[9.937047574539305,53.70144223091661],[9.94604077817655,53.70144223091661],[9.94604077817655,53.692449027279366],[9.937047574539305,53.692449027279366]]]}},{"type":"Feature","properties":{"jobs":100,"pop":0,"pointCount":1,"homeWorkCommuteMedian":-1,"workHomeCommuteMedian":19401},"geometry":{"type":"Polygon","coordinates":[[[9.937047574539305,53.71043543455386],[9.937047574539305,53.719428638191104],[9.94604077817655,53.719428638191104],[9.94604077817655,53.71043543455386],[9.937047574539305,53.71043543455386]]]}},{"type":"Feature","properties":{"jobs":100,"pop":100,"pointCount":2,"homeWorkCommuteMedian":16855,"workHomeCommuteMedian":10258},"geometry":{"type":"Polygon","coordinates":[[[9.937047574539305,53.719428638191104],[9.937047574539305,53.72842184182835],[9.94604077817655,53.72842184182835],[9.94604077817655,53.719428638191104],[9.937047574539305,53.719428638191104]]]}},{"type":"Feature","properties":{"jobs":0,"pop":100,"pointCount":1,"homeWorkCommuteMedian":53257,"workHomeCommuteMedian":-1},"geometry":{"type":"Polygon","coordinates":[[[9.937047574539305,53.72842184182835],[9.937047574539305,53.737415045465596],[9.94604077817655,53.737415045465596],[9.94604077817655,53.72842184182835],[9.937047574539305,53.72842184182835]]]}},{"type":"Feature","properties":{"jobs":1400,"pop":300,"pointCount":7,"homeWorkCommuteMedian":22484,"workHomeCommuteMedian":21128},"geometry":{"type":"Polygon","coordinates":[[[9.937047574539305,53.737415045465596],[9.937047574539305,53.74640824910284],[9.94604077817655,53.74640824910284],[9.94604077817655,53.737415045465596],[9.937047574539305,53.737415045465596]]]}},{"type":"Feature","properties":{"jobs":600,"pop":700,"pointCount":10,"homeWorkCommuteMedian":21116,"workHomeCommuteMedian":23428},"geometry":{"type":"Polygon","coordinates":[[[9.937047574539305,53.74640824910284],[9.937047574539305,53.75540145274009],[9.94604077817655,53.75540145274009],[9.94604077817655,53.74640824910284],[9.937047574539305,53.74640824910284]]]}},{"type":"Feature","properties":{"jobs":400,"pop":500,"pointCount":6,"homeWorkCommuteMedian":25589,"workHomeCommuteMedian":14280},"geometry":{"type":"Polygon","coordinates":[[[9.937047574539305,53.75540145274009],[9.937047574539305,53.764394656377334],[9.94604077817655,53.764394656377334],[9.94604077817655,53.75540145274009],[9.937047574539305,53.75540145274009]]]}},{"type":"Feature","properties":{"jobs":0,"pop":100,"pointCount":1,"homeWorkCommuteMedian":33851,"workHomeCommuteMedian":-1},"geometry":{"type":"Polygon","coordinates":[[[9.937047574539305,53.79137426728907],[9.937047574539305,53.80036747092632],[9.94604077817655,53.80036747092632],[9.94604077817655,53.79137426728907],[9.937047574539305,53.79137426728907]]]}},{"type":"Feature","properties":{"jobs":200,"pop":0,"pointCount":2,"homeWorkCommuteMedian":-1,"workHomeCommuteMedian":28367},"geometry":{"type":"Polygon","coordinates":[[[9.937047574539305,53.80036747092632],[9.937047574539305,53.809360674563564],[9.94604077817655,53.809360674563564],[9.94604077817655,53.80036747092632],[9.937047574539305,53.80036747092632]]]}},{"type":"Feature","properties":{"jobs":0,"pop":800,"pointCount":4,"homeWorkCommuteMedian":37640,"workHomeCommuteMedian":-1},"geometry":{"type":"Polygon","coordinates":[[[9.937047574539305,53.81835387820081],[9.937047574539305,53.827347081838056],[9.94604077817655,53.827347081838056],[9.94604077817655,53.81835387820081],[9.937047574539305,53.81835387820081]]]}},{"type":"Feature","properties":{"jobs":100,"pop":700,"pointCount":7,"homeWorkCommuteMedian":37961,"workHomeCommuteMedian":42214},"geometry":{"type":"Polygon","coordinates":[[[9.937047574539305,53.827347081838056],[9.937047574539305,53.8363402854753],[9.94604077817655,53.8363402854753],[9.94604077817655,53.827347081838056],[9.937047574539305,53.827347081838056]]]}},{"type":"Feature","properties":{"jobs":400,"pop":100,"pointCount":3,"homeWorkCommuteMedian":34675,"workHomeCommuteMedian":34154},"geometry":{"type":"Polygon","coordinates":[[[9.937047574539305,53.8363402854753],[9.937047574539305,53.84533348911255],[9.94604077817655,53.84533348911255],[9.94604077817655,53.8363402854753],[9.937047574539305,53.8363402854753]]]}},{"type":"Feature","properties":{"jobs":100,"pop":100,"pointCount":2,"homeWorkCommuteMedian":34032,"workHomeCommuteMedian":65746},"geometry":{"type":"Polygon","coordinates":[[[9.937047574539305,53.84533348911255],[9.937047574539305,53.854326692749794],[9.94604077817655,53.854326692749794],[9.94604077817655,53.84533348911255],[9.937047574539305,53.84533348911255]]]}},{"type":"Feature","properties":{"jobs":0,"pop":100,"pointCount":1,"homeWorkCommuteMedian":36230,"workHomeCommuteMedian":-1},"geometry":{"type":"Polygon","coordinates":[[[9.937047574539305,53.89029950729878],[9.937047574539305,53.899292710936024],[9.94604077817655,53.899292710936024],[9.94604077817655,53.89029950729878],[9.937047574539305,53.89029950729878]]]}},{"type":"Feature","properties":{"jobs":100,"pop":100,"pointCount":1,"homeWorkCommuteMedian":35937,"workHomeCommuteMedian":30859},"geometry":{"type":"Polygon","coordinates":[[[9.94604077817655,53.359700492701265],[9.94604077817655,53.36869369633851],[9.955033981813797,53.36869369633851],[9.955033981813797,53.359700492701265],[9.94604077817655,53.359700492701265]]]}},{"type":"Feature","properties":{"jobs":100,"pop":100,"pointCount":2,"homeWorkCommuteMedian":25656,"workHomeCommuteMedian":33331},"geometry":{"type":"Polygon","coordinates":[[[9.94604077817655,53.36869369633851],[9.94604077817655,53.37768689997576],[9.955033981813797,53.37768689997576],[9.955033981813797,53.36869369633851],[9.94604077817655,53.36869369633851]]]}},{"type":"Feature","properties":{"jobs":0,"pop":100,"pointCount":1,"homeWorkCommuteMedian":25712,"workHomeCommuteMedian":-1},"geometry":{"type":"Polygon","coordinates":[[[9.94604077817655,53.37768689997576],[9.94604077817655,53.386680103613],[9.955033981813797,53.386680103613],[9.955033981813797,53.37768689997576],[9.94604077817655,53.37768689997576]]]}},{"type":"Feature","properties":{"jobs":400,"pop":0,"pointCount":1,"homeWorkCommuteMedian":-1,"workHomeCommuteMedian":27532},"geometry":{"type":"Polygon","coordinates":[[[9.94604077817655,53.386680103613],[9.94604077817655,53.39567330725025],[9.955033981813797,53.39567330725025],[9.955033981813797,53.386680103613],[9.94604077817655,53.386680103613]]]}},{"type":"Feature","properties":{"jobs":700,"pop":0,"pointCount":1,"homeWorkCommuteMedian":-1,"workHomeCommuteMedian":24553},"geometry":{"type":"Polygon","coordinates":[[[9.94604077817655,53.42265291816199],[9.94604077817655,53.43164612179923],[9.955033981813797,53.43164612179923],[9.955033981813797,53.42265291816199],[9.94604077817655,53.42265291816199]]]}},{"type":"Feature","properties":{"jobs":0,"pop":500,"pointCount":3,"homeWorkCommuteMedian":26173,"workHomeCommuteMedian":-1},"geometry":{"type":"Polygon","coordinates":[[[9.94604077817655,53.43164612179923],[9.94604077817655,53.44063932543648],[9.955033981813797,53.44063932543648],[9.955033981813797,53.43164612179923],[9.94604077817655,53.43164612179923]]]}},{"type":"Feature","properties":{"jobs":900,"pop":400,"pointCount":6,"homeWorkCommuteMedian":24699,"workHomeCommuteMedian":24587},"geometry":{"type":"Polygon","coordinates":[[[9.94604077817655,53.44063932543648],[9.94604077817655,53.449632529073725],[9.955033981813797,53.449632529073725],[9.955033981813797,53.44063932543648],[9.94604077817655,53.44063932543648]]]}},{"type":"Feature","properties":{"jobs":1000,"pop":1550,"pointCount":13,"homeWorkCommuteMedian":20492,"workHomeCommuteMedian":21321},"geometry":{"type":"Polygon","coordinates":[[[9.94604077817655,53.449632529073725],[9.94604077817655,53.45862573271097],[9.955033981813797,53.45862573271097],[9.955033981813797,53.449632529073725],[9.94604077817655,53.449632529073725]]]}},{"type":"Feature","properties":{"jobs":1300,"pop":1600,"pointCount":15,"homeWorkCommuteMedian":20725,"workHomeCommuteMedian":28620},"geometry":{"type":"Polygon","coordinates":[[[9.94604077817655,53.45862573271097],[9.94604077817655,53.46761893634822],[9.955033981813797,53.46761893634822],[9.955033981813797,53.45862573271097],[9.94604077817655,53.45862573271097]]]}},{"type":"Feature","properties":{"jobs":200,"pop":300,"pointCount":3,"homeWorkCommuteMedian":17531,"workHomeCommuteMedian":32916},"geometry":{"type":"Polygon","coordinates":[[[9.94604077817655,53.46761893634822],[9.94604077817655,53.47661213998546],[9.955033981813797,53.47661213998546],[9.955033981813797,53.46761893634822],[9.94604077817655,53.46761893634822]]]}},{"type":"Feature","properties":{"jobs":0,"pop":100,"pointCount":1,"homeWorkCommuteMedian":29973,"workHomeCommuteMedian":-1},"geometry":{"type":"Polygon","coordinates":[[[9.94604077817655,53.47661213998546],[9.94604077817655,53.48560534362271],[9.955033981813797,53.48560534362271],[9.955033981813797,53.47661213998546],[9.94604077817655,53.47661213998546]]]}},{"type":"Feature","properties":{"jobs":0,"pop":500,"pointCount":3,"homeWorkCommuteMedian":24251,"workHomeCommuteMedian":-1},"geometry":{"type":"Polygon","coordinates":[[[9.94604077817655,53.494598547259955],[9.94604077817655,53.5035917508972],[9.955033981813797,53.5035917508972],[9.955033981813797,53.494598547259955],[9.94604077817655,53.494598547259955]]]}},{"type":"Feature","properties":{"jobs":0,"pop":200,"pointCount":2,"homeWorkCommuteMedian":25489,"workHomeCommuteMedian":-1},"geometry":{"type":"Polygon","coordinates":[[[9.94604077817655,53.5035917508972],[9.94604077817655,53.51258495453445],[9.955033981813797,53.51258495453445],[9.955033981813797,53.5035917508972],[9.94604077817655,53.5035917508972]]]}},{"type":"Feature","properties":{"jobs":0,"pop":400,"pointCount":3,"homeWorkCommuteMedian":22218,"workHomeCommuteMedian":-1},"geometry":{"type":"Polygon","coordinates":[[[9.94604077817655,53.51258495453445],[9.94604077817655,53.52157815817169],[9.955033981813797,53.52157815817169],[9.955033981813797,53.51258495453445],[9.94604077817655,53.51258495453445]]]}},{"type":"Feature","properties":{"jobs":600,"pop":2200,"pointCount":9,"homeWorkCommuteMedian":23448,"workHomeCommuteMedian":16364},"geometry":{"type":"Polygon","coordinates":[[[9.94604077817655,53.539564565446184],[9.94604077817655,53.54855776908343],[9.955033981813797,53.54855776908343],[9.955033981813797,53.539564565446184],[9.94604077817655,53.539564565446184]]]}},{"type":"Feature","properties":{"jobs":2600,"pop":3150,"pointCount":20,"homeWorkCommuteMedian":19361,"workHomeCommuteMedian":21456},"geometry":{"type":"Polygon","coordinates":[[[9.94604077817655,53.54855776908343],[9.94604077817655,53.557550972720676],[9.955033981813797,53.557550972720676],[9.955033981813797,53.54855776908343],[9.94604077817655,53.54855776908343]]]}},{"type":"Feature","properties":{"jobs":4700,"pop":2600,"pointCount":23,"homeWorkCommuteMedian":20136,"workHomeCommuteMedian":20598},"geometry":{"type":"Polygon","coordinates":[[[9.94604077817655,53.557550972720676],[9.94604077817655,53.56654417635792],[9.955033981813797,53.56654417635792],[9.955033981813797,53.557550972720676],[9.94604077817655,53.557550972720676]]]}},{"type":"Feature","properties":{"jobs":4650,"pop":5250,"pointCount":30,"homeWorkCommuteMedian":18824,"workHomeCommuteMedian":20177},"geometry":{"type":"Polygon","coordinates":[[[9.94604077817655,53.56654417635792],[9.94604077817655,53.57553737999517],[9.955033981813797,53.57553737999517],[9.955033981813797,53.56654417635792],[9.94604077817655,53.56654417635792]]]}},{"type":"Feature","properties":{"jobs":5400,"pop":3900,"pointCount":23,"homeWorkCommuteMedian":19739,"workHomeCommuteMedian":20720},"geometry":{"type":"Polygon","coordinates":[[[9.94604077817655,53.57553737999517],[9.94604077817655,53.584530583632414],[9.955033981813797,53.584530583632414],[9.955033981813797,53.57553737999517],[9.94604077817655,53.57553737999517]]]}},{"type":"Feature","properties":{"jobs":1300,"pop":1900,"pointCount":15,"homeWorkCommuteMedian":16678,"workHomeCommuteMedian":23449},"geometry":{"type":"Polygon","coordinates":[[[9.94604077817655,53.584530583632414],[9.94604077817655,53.59352378726966],[9.955033981813797,53.59352378726966],[9.955033981813797,53.584530583632414],[9.94604077817655,53.584530583632414]]]}},{"type":"Feature","properties":{"jobs":1100,"pop":1350,"pointCount":14,"homeWorkCommuteMedian":16373,"workHomeCommuteMedian":21580},"geometry":{"type":"Polygon","coordinates":[[[9.94604077817655,53.59352378726966],[9.94604077817655,53.602516990906906],[9.955033981813797,53.602516990906906],[9.955033981813797,53.59352378726966],[9.94604077817655,53.59352378726966]]]}},{"type":"Feature","properties":{"jobs":500,"pop":1200,"pointCount":9,"homeWorkCommuteMedian":20621,"workHomeCommuteMedian":35813},"geometry":{"type":"Polygon","coordinates":[[[9.94604077817655,53.602516990906906],[9.94604077817655,53.61151019454415],[9.955033981813797,53.61151019454415],[9.955033981813797,53.602516990906906],[9.94604077817655,53.602516990906906]]]}},{"type":"Feature","properties":{"jobs":6700,"pop":1450,"pointCount":13,"homeWorkCommuteMedian":21980,"workHomeCommuteMedian":20272},"geometry":{"type":"Polygon","coordinates":[[[9.94604077817655,53.61151019454415],[9.94604077817655,53.6205033981814],[9.955033981813797,53.6205033981814],[9.955033981813797,53.61151019454415],[9.94604077817655,53.61151019454415]]]}},{"type":"Feature","properties":{"jobs":2400,"pop":700,"pointCount":9,"homeWorkCommuteMedian":17512,"workHomeCommuteMedian":20027},"geometry":{"type":"Polygon","coordinates":[[[9.94604077817655,53.6205033981814],[9.94604077817655,53.629496601818644],[9.955033981813797,53.629496601818644],[9.955033981813797,53.6205033981814],[9.94604077817655,53.6205033981814]]]}},{"type":"Feature","properties":{"jobs":700,"pop":1000,"pointCount":12,"homeWorkCommuteMedian":25095,"workHomeCommuteMedian":24050},"geometry":{"type":"Polygon","coordinates":[[[9.94604077817655,53.629496601818644],[9.94604077817655,53.63848980545589],[9.955033981813797,53.63848980545589],[9.955033981813797,53.629496601818644],[9.94604077817655,53.629496601818644]]]}},{"type":"Feature","properties":{"jobs":1600,"pop":1550,"pointCount":8,"homeWorkCommuteMedian":16534,"workHomeCommuteMedian":22010},"geometry":{"type":"Polygon","coordinates":[[[9.94604077817655,53.63848980545589],[9.94604077817655,53.647483009093136],[9.955033981813797,53.647483009093136],[9.955033981813797,53.63848980545589],[9.94604077817655,53.63848980545589]]]}},{"type":"Feature","properties":{"jobs":0,"pop":400,"pointCount":3,"homeWorkCommuteMedian":23188,"workHomeCommuteMedian":-1},"geometry":{"type":"Polygon","coordinates":[[[9.94604077817655,53.647483009093136],[9.94604077817655,53.65647621273038],[9.955033981813797,53.65647621273038],[9.955033981813797,53.647483009093136],[9.94604077817655,53.647483009093136]]]}},{"type":"Feature","properties":{"jobs":0,"pop":100,"pointCount":1,"homeWorkCommuteMedian":51440,"workHomeCommuteMedian":-1},"geometry":{"type":"Polygon","coordinates":[[[9.94604077817655,53.70144223091661],[9.94604077817655,53.71043543455386],[9.955033981813797,53.71043543455386],[9.955033981813797,53.70144223091661],[9.94604077817655,53.70144223091661]]]}},{"type":"Feature","properties":{"jobs":100,"pop":200,"pointCount":3,"homeWorkCommuteMedian":13500,"workHomeCommuteMedian":12532},"geometry":{"type":"Polygon","coordinates":[[[9.94604077817655,53.737415045465596],[9.94604077817655,53.74640824910284],[9.955033981813797,53.74640824910284],[9.955033981813797,53.737415045465596],[9.94604077817655,53.737415045465596]]]}},{"type":"Feature","properties":{"jobs":0,"pop":100,"pointCount":1,"homeWorkCommuteMedian":23262,"workHomeCommuteMedian":-1},"geometry":{"type":"Polygon","coordinates":[[[9.94604077817655,53.74640824910284],[9.94604077817655,53.75540145274009],[9.955033981813797,53.75540145274009],[9.955033981813797,53.74640824910284],[9.94604077817655,53.74640824910284]]]}},{"type":"Feature","properties":{"jobs":100,"pop":100,"pointCount":2,"homeWorkCommuteMedian":22183,"workHomeCommuteMedian":1999},"geometry":{"type":"Polygon","coordinates":[[[9.94604077817655,53.75540145274009],[9.94604077817655,53.764394656377334],[9.955033981813797,53.764394656377334],[9.955033981813797,53.75540145274009],[9.94604077817655,53.75540145274009]]]}},{"type":"Feature","properties":{"jobs":0,"pop":100,"pointCount":1,"homeWorkCommuteMedian":28666,"workHomeCommuteMedian":-1},"geometry":{"type":"Polygon","coordinates":[[[9.94604077817655,53.79137426728907],[9.94604077817655,53.80036747092632],[9.955033981813797,53.80036747092632],[9.955033981813797,53.79137426728907],[9.94604077817655,53.79137426728907]]]}},{"type":"Feature","properties":{"jobs":0,"pop":100,"pointCount":1,"homeWorkCommuteMedian":32223,"workHomeCommuteMedian":-1},"geometry":{"type":"Polygon","coordinates":[[[9.94604077817655,53.80036747092632],[9.94604077817655,53.809360674563564],[9.955033981813797,53.809360674563564],[9.955033981813797,53.80036747092632],[9.94604077817655,53.80036747092632]]]}},{"type":"Feature","properties":{"jobs":0,"pop":100,"pointCount":1,"homeWorkCommuteMedian":11094,"workHomeCommuteMedian":-1},"geometry":{"type":"Polygon","coordinates":[[[9.94604077817655,53.81835387820081],[9.94604077817655,53.827347081838056],[9.955033981813797,53.827347081838056],[9.955033981813797,53.81835387820081],[9.94604077817655,53.81835387820081]]]}},{"type":"Feature","properties":{"jobs":100,"pop":1200,"pointCount":9,"homeWorkCommuteMedian":35815,"workHomeCommuteMedian":31674},"geometry":{"type":"Polygon","coordinates":[[[9.94604077817655,53.827347081838056],[9.94604077817655,53.8363402854753],[9.955033981813797,53.8363402854753],[9.955033981813797,53.827347081838056],[9.94604077817655,53.827347081838056]]]}},{"type":"Feature","properties":{"jobs":400,"pop":500,"pointCount":7,"homeWorkCommuteMedian":41630,"workHomeCommuteMedian":29736},"geometry":{"type":"Polygon","coordinates":[[[9.94604077817655,53.8363402854753],[9.94604077817655,53.84533348911255],[9.955033981813797,53.84533348911255],[9.955033981813797,53.8363402854753],[9.94604077817655,53.8363402854753]]]}},{"type":"Feature","properties":{"jobs":0,"pop":100,"pointCount":1,"homeWorkCommuteMedian":84226,"workHomeCommuteMedian":-1},"geometry":{"type":"Polygon","coordinates":[[[9.94604077817655,53.872313100024286],[9.94604077817655,53.88130630366153],[9.955033981813797,53.88130630366153],[9.955033981813797,53.872313100024286],[9.94604077817655,53.872313100024286]]]}},{"type":"Feature","properties":{"jobs":100,"pop":0,"pointCount":1,"homeWorkCommuteMedian":-1,"workHomeCommuteMedian":37324},"geometry":{"type":"Polygon","coordinates":[[[9.955033981813797,53.359700492701265],[9.955033981813797,53.36869369633851],[9.964027185451043,53.36869369633851],[9.964027185451043,53.359700492701265],[9.955033981813797,53.359700492701265]]]}},{"type":"Feature","properties":{"jobs":600,"pop":200,"pointCount":6,"homeWorkCommuteMedian":48337,"workHomeCommuteMedian":33306},"geometry":{"type":"Polygon","coordinates":[[[9.955033981813797,53.36869369633851],[9.955033981813797,53.37768689997576],[9.964027185451043,53.37768689997576],[9.964027185451043,53.36869369633851],[9.955033981813797,53.36869369633851]]]}},{"type":"Feature","properties":{"jobs":100,"pop":0,"pointCount":1,"homeWorkCommuteMedian":-1,"workHomeCommuteMedian":26293},"geometry":{"type":"Polygon","coordinates":[[[9.955033981813797,53.37768689997576],[9.955033981813797,53.386680103613],[9.964027185451043,53.386680103613],[9.964027185451043,53.37768689997576],[9.955033981813797,53.37768689997576]]]}},{"type":"Feature","properties":{"jobs":0,"pop":200,"pointCount":1,"homeWorkCommuteMedian":54990,"workHomeCommuteMedian":-1},"geometry":{"type":"Polygon","coordinates":[[[9.955033981813797,53.386680103613],[9.955033981813797,53.39567330725025],[9.964027185451043,53.39567330725025],[9.964027185451043,53.386680103613],[9.955033981813797,53.386680103613]]]}},{"type":"Feature","properties":{"jobs":0,"pop":100,"pointCount":1,"homeWorkCommuteMedian":23506,"workHomeCommuteMedian":-1},"geometry":{"type":"Polygon","coordinates":[[[9.955033981813797,53.39567330725025],[9.955033981813797,53.404666510887495],[9.964027185451043,53.404666510887495],[9.964027185451043,53.39567330725025],[9.955033981813797,53.39567330725025]]]}},{"type":"Feature","properties":{"jobs":0,"pop":400,"pointCount":3,"homeWorkCommuteMedian":20561,"workHomeCommuteMedian":-1},"geometry":{"type":"Polygon","coordinates":[[[9.955033981813797,53.404666510887495],[9.955033981813797,53.41365971452474],[9.964027185451043,53.41365971452474],[9.964027185451043,53.404666510887495],[9.955033981813797,53.404666510887495]]]}},{"type":"Feature","properties":{"jobs":0,"pop":300,"pointCount":2,"homeWorkCommuteMedian":36617,"workHomeCommuteMedian":-1},"geometry":{"type":"Polygon","coordinates":[[[9.955033981813797,53.41365971452474],[9.955033981813797,53.42265291816199],[9.964027185451043,53.42265291816199],[9.964027185451043,53.41365971452474],[9.955033981813797,53.41365971452474]]]}},{"type":"Feature","properties":{"jobs":700,"pop":600,"pointCount":4,"homeWorkCommuteMedian":24551,"workHomeCommuteMedian":24799},"geometry":{"type":"Polygon","coordinates":[[[9.955033981813797,53.42265291816199],[9.955033981813797,53.43164612179923],[9.964027185451043,53.43164612179923],[9.964027185451043,53.42265291816199],[9.955033981813797,53.42265291816199]]]}},{"type":"Feature","properties":{"jobs":2400,"pop":100,"pointCount":3,"homeWorkCommuteMedian":17452,"workHomeCommuteMedian":23623},"geometry":{"type":"Polygon","coordinates":[[[9.955033981813797,53.43164612179923],[9.955033981813797,53.44063932543648],[9.964027185451043,53.44063932543648],[9.964027185451043,53.43164612179923],[9.955033981813797,53.43164612179923]]]}},{"type":"Feature","properties":{"jobs":200,"pop":800,"pointCount":7,"homeWorkCommuteMedian":22528,"workHomeCommuteMedian":28589},"geometry":{"type":"Polygon","coordinates":[[[9.955033981813797,53.44063932543648],[9.955033981813797,53.449632529073725],[9.964027185451043,53.449632529073725],[9.964027185451043,53.44063932543648],[9.955033981813797,53.44063932543648]]]}},{"type":"Feature","properties":{"jobs":3200,"pop":900,"pointCount":10,"homeWorkCommuteMedian":21391,"workHomeCommuteMedian":24511},"geometry":{"type":"Polygon","coordinates":[[[9.955033981813797,53.449632529073725],[9.955033981813797,53.45862573271097],[9.964027185451043,53.45862573271097],[9.964027185451043,53.449632529073725],[9.955033981813797,53.449632529073725]]]}},{"type":"Feature","properties":{"jobs":3900,"pop":1900,"pointCount":15,"homeWorkCommuteMedian":21617,"workHomeCommuteMedian":21845},"geometry":{"type":"Polygon","coordinates":[[[9.955033981813797,53.45862573271097],[9.955033981813797,53.46761893634822],[9.964027185451043,53.46761893634822],[9.964027185451043,53.45862573271097],[9.955033981813797,53.45862573271097]]]}},{"type":"Feature","properties":{"jobs":100,"pop":550,"pointCount":5,"homeWorkCommuteMedian":20718,"workHomeCommuteMedian":25784},"geometry":{"type":"Polygon","coordinates":[[[9.955033981813797,53.46761893634822],[9.955033981813797,53.47661213998546],[9.964027185451043,53.47661213998546],[9.964027185451043,53.46761893634822],[9.955033981813797,53.46761893634822]]]}},{"type":"Feature","properties":{"jobs":0,"pop":200,"pointCount":2,"homeWorkCommuteMedian":25394,"workHomeCommuteMedian":-1},"geometry":{"type":"Polygon","coordinates":[[[9.955033981813797,53.47661213998546],[9.955033981813797,53.48560534362271],[9.964027185451043,53.48560534362271],[9.964027185451043,53.47661213998546],[9.955033981813797,53.47661213998546]]]}},{"type":"Feature","properties":{"jobs":0,"pop":100,"pointCount":1,"homeWorkCommuteMedian":30712,"workHomeCommuteMedian":-1},"geometry":{"type":"Polygon","coordinates":[[[9.955033981813797,53.48560534362271],[9.955033981813797,53.494598547259955],[9.964027185451043,53.494598547259955],[9.964027185451043,53.48560534362271],[9.955033981813797,53.48560534362271]]]}},{"type":"Feature","properties":{"jobs":0,"pop":700,"pointCount":5,"homeWorkCommuteMedian":24917,"workHomeCommuteMedian":-1},"geometry":{"type":"Polygon","coordinates":[[[9.955033981813797,53.494598547259955],[9.955033981813797,53.5035917508972],[9.964027185451043,53.5035917508972],[9.964027185451043,53.494598547259955],[9.955033981813797,53.494598547259955]]]}},{"type":"Feature","properties":{"jobs":0,"pop":600,"pointCount":5,"homeWorkCommuteMedian":21193,"workHomeCommuteMedian":-1},"geometry":{"type":"Polygon","coordinates":[[[9.955033981813797,53.5035917508972],[9.955033981813797,53.51258495453445],[9.964027185451043,53.51258495453445],[9.964027185451043,53.5035917508972],[9.955033981813797,53.5035917508972]]]}},{"type":"Feature","properties":{"jobs":1100,"pop":1900,"pointCount":7,"homeWorkCommuteMedian":14996,"workHomeCommuteMedian":19400},"geometry":{"type":"Polygon","coordinates":[[[9.955033981813797,53.539564565446184],[9.955033981813797,53.54855776908343],[9.964027185451043,53.54855776908343],[9.964027185451043,53.539564565446184],[9.955033981813797,53.539564565446184]]]}},{"type":"Feature","properties":{"jobs":3700,"pop":3250,"pointCount":21,"homeWorkCommuteMedian":17432,"workHomeCommuteMedian":27724},"geometry":{"type":"Polygon","coordinates":[[[9.955033981813797,53.54855776908343],[9.955033981813797,53.557550972720676],[9.964027185451043,53.557550972720676],[9.964027185451043,53.54855776908343],[9.955033981813797,53.54855776908343]]]}},{"type":"Feature","properties":{"jobs":2600,"pop":2950,"pointCount":22,"homeWorkCommuteMedian":18647,"workHomeCommuteMedian":20202},"geometry":{"type":"Polygon","coordinates":[[[9.955033981813797,53.557550972720676],[9.955033981813797,53.56654417635792],[9.964027185451043,53.56654417635792],[9.964027185451043,53.557550972720676],[9.955033981813797,53.557550972720676]]]}},{"type":"Feature","properties":{"jobs":4100,"pop":6000,"pointCount":21,"homeWorkCommuteMedian":17579,"workHomeCommuteMedian":18565},"geometry":{"type":"Polygon","coordinates":[[[9.955033981813797,53.56654417635792],[9.955033981813797,53.57553737999517],[9.964027185451043,53.57553737999517],[9.964027185451043,53.56654417635792],[9.955033981813797,53.56654417635792]]]}},{"type":"Feature","properties":{"jobs":1350,"pop":2700,"pointCount":14,"homeWorkCommuteMedian":16903,"workHomeCommuteMedian":17120},"geometry":{"type":"Polygon","coordinates":[[[9.955033981813797,53.57553737999517],[9.955033981813797,53.584530583632414],[9.964027185451043,53.584530583632414],[9.964027185451043,53.57553737999517],[9.955033981813797,53.57553737999517]]]}},{"type":"Feature","properties":{"jobs":500,"pop":500,"pointCount":6,"homeWorkCommuteMedian":15261,"workHomeCommuteMedian":25236},"geometry":{"type":"Polygon","coordinates":[[[9.955033981813797,53.584530583632414],[9.955033981813797,53.59352378726966],[9.964027185451043,53.59352378726966],[9.964027185451043,53.584530583632414],[9.955033981813797,53.584530583632414]]]}},{"type":"Feature","properties":{"jobs":1000,"pop":2450,"pointCount":13,"homeWorkCommuteMedian":15798,"workHomeCommuteMedian":17306},"geometry":{"type":"Polygon","coordinates":[[[9.955033981813797,53.59352378726966],[9.955033981813797,53.602516990906906],[9.964027185451043,53.602516990906906],[9.964027185451043,53.59352378726966],[9.955033981813797,53.59352378726966]]]}},{"type":"Feature","properties":{"jobs":600,"pop":850,"pointCount":9,"homeWorkCommuteMedian":24581,"workHomeCommuteMedian":27563},"geometry":{"type":"Polygon","coordinates":[[[9.955033981813797,53.602516990906906],[9.955033981813797,53.61151019454415],[9.964027185451043,53.61151019454415],[9.964027185451043,53.602516990906906],[9.955033981813797,53.602516990906906]]]}},{"type":"Feature","properties":{"jobs":1100,"pop":200,"pointCount":5,"homeWorkCommuteMedian":42798,"workHomeCommuteMedian":21762},"geometry":{"type":"Polygon","coordinates":[[[9.955033981813797,53.61151019454415],[9.955033981813797,53.6205033981814],[9.964027185451043,53.6205033981814],[9.964027185451043,53.61151019454415],[9.955033981813797,53.61151019454415]]]}},{"type":"Feature","properties":{"jobs":0,"pop":300,"pointCount":2,"homeWorkCommuteMedian":28408,"workHomeCommuteMedian":-1},"geometry":{"type":"Polygon","coordinates":[[[9.955033981813797,53.6205033981814],[9.955033981813797,53.629496601818644],[9.964027185451043,53.629496601818644],[9.964027185451043,53.6205033981814],[9.955033981813797,53.6205033981814]]]}},{"type":"Feature","properties":{"jobs":1400,"pop":1300,"pointCount":11,"homeWorkCommuteMedian":17686,"workHomeCommuteMedian":18052},"geometry":{"type":"Polygon","coordinates":[[[9.955033981813797,53.629496601818644],[9.955033981813797,53.63848980545589],[9.964027185451043,53.63848980545589],[9.964027185451043,53.629496601818644],[9.955033981813797,53.629496601818644]]]}},{"type":"Feature","properties":{"jobs":200,"pop":500,"pointCount":5,"homeWorkCommuteMedian":24057,"workHomeCommuteMedian":16722},"geometry":{"type":"Polygon","coordinates":[[[9.955033981813797,53.63848980545589],[9.955033981813797,53.647483009093136],[9.964027185451043,53.647483009093136],[9.964027185451043,53.63848980545589],[9.955033981813797,53.63848980545589]]]}},{"type":"Feature","properties":{"jobs":200,"pop":0,"pointCount":1,"homeWorkCommuteMedian":-1,"workHomeCommuteMedian":41623},"geometry":{"type":"Polygon","coordinates":[[[9.955033981813797,53.65647621273038],[9.955033981813797,53.66546941636763],[9.964027185451043,53.66546941636763],[9.964027185451043,53.65647621273038],[9.955033981813797,53.65647621273038]]]}},{"type":"Feature","properties":{"jobs":0,"pop":100,"pointCount":1,"homeWorkCommuteMedian":17745,"workHomeCommuteMedian":-1},"geometry":{"type":"Polygon","coordinates":[[[9.955033981813797,53.674462620004874],[9.955033981813797,53.68345582364212],[9.964027185451043,53.68345582364212],[9.964027185451043,53.674462620004874],[9.955033981813797,53.674462620004874]]]}},{"type":"Feature","properties":{"jobs":0,"pop":100,"pointCount":1,"homeWorkCommuteMedian":15692,"workHomeCommuteMedian":-1},"geometry":{"type":"Polygon","coordinates":[[[9.955033981813797,53.70144223091661],[9.955033981813797,53.71043543455386],[9.964027185451043,53.71043543455386],[9.964027185451043,53.70144223091661],[9.955033981813797,53.70144223091661]]]}},{"type":"Feature","properties":{"jobs":0,"pop":200,"pointCount":2,"homeWorkCommuteMedian":41461,"workHomeCommuteMedian":-1},"geometry":{"type":"Polygon","coordinates":[[[9.955033981813797,53.737415045465596],[9.955033981813797,53.74640824910284],[9.964027185451043,53.74640824910284],[9.964027185451043,53.737415045465596],[9.955033981813797,53.737415045465596]]]}},{"type":"Feature","properties":{"jobs":400,"pop":400,"pointCount":5,"homeWorkCommuteMedian":31902,"workHomeCommuteMedian":25417},"geometry":{"type":"Polygon","coordinates":[[[9.955033981813797,53.74640824910284],[9.955033981813797,53.75540145274009],[9.964027185451043,53.75540145274009],[9.964027185451043,53.74640824910284],[9.955033981813797,53.74640824910284]]]}},{"type":"Feature","properties":{"jobs":300,"pop":100,"pointCount":2,"homeWorkCommuteMedian":28196,"workHomeCommuteMedian":20563},"geometry":{"type":"Polygon","coordinates":[[[9.955033981813797,53.75540145274009],[9.955033981813797,53.764394656377334],[9.964027185451043,53.764394656377334],[9.964027185451043,53.75540145274009],[9.955033981813797,53.75540145274009]]]}},{"type":"Feature","properties":{"jobs":600,"pop":0,"pointCount":2,"homeWorkCommuteMedian":-1,"workHomeCommuteMedian":28859},"geometry":{"type":"Polygon","coordinates":[[[9.955033981813797,53.764394656377334],[9.955033981813797,53.77338786001458],[9.964027185451043,53.77338786001458],[9.964027185451043,53.764394656377334],[9.955033981813797,53.764394656377334]]]}},{"type":"Feature","properties":{"jobs":300,"pop":100,"pointCount":3,"homeWorkCommuteMedian":9771,"workHomeCommuteMedian":33036},"geometry":{"type":"Polygon","coordinates":[[[9.955033981813797,53.81835387820081],[9.955033981813797,53.827347081838056],[9.964027185451043,53.827347081838056],[9.964027185451043,53.81835387820081],[9.955033981813797,53.81835387820081]]]}},{"type":"Feature","properties":{"jobs":500,"pop":600,"pointCount":6,"homeWorkCommuteMedian":22572,"workHomeCommuteMedian":45438},"geometry":{"type":"Polygon","coordinates":[[[9.955033981813797,53.827347081838056],[9.955033981813797,53.8363402854753],[9.964027185451043,53.8363402854753],[9.964027185451043,53.827347081838056],[9.955033981813797,53.827347081838056]]]}},{"type":"Feature","properties":{"jobs":2700,"pop":1200,"pointCount":12,"homeWorkCommuteMedian":27135,"workHomeCommuteMedian":34525},"geometry":{"type":"Polygon","coordinates":[[[9.955033981813797,53.8363402854753],[9.955033981813797,53.84533348911255],[9.964027185451043,53.84533348911255],[9.964027185451043,53.8363402854753],[9.955033981813797,53.8363402854753]]]}},{"type":"Feature","properties":{"jobs":100,"pop":100,"pointCount":2,"homeWorkCommuteMedian":32259,"workHomeCommuteMedian":30079},"geometry":{"type":"Polygon","coordinates":[[[9.964027185451043,53.35070728906402],[9.964027185451043,53.359700492701265],[9.973020389088289,53.359700492701265],[9.973020389088289,53.35070728906402],[9.964027185451043,53.35070728906402]]]}},{"type":"Feature","properties":{"jobs":0,"pop":200,"pointCount":2,"homeWorkCommuteMedian":27973,"workHomeCommuteMedian":-1},"geometry":{"type":"Polygon","coordinates":[[[9.964027185451043,53.359700492701265],[9.964027185451043,53.36869369633851],[9.973020389088289,53.36869369633851],[9.973020389088289,53.359700492701265],[9.964027185451043,53.359700492701265]]]}},{"type":"Feature","properties":{"jobs":400,"pop":200,"pointCount":4,"homeWorkCommuteMedian":29723,"workHomeCommuteMedian":30800},"geometry":{"type":"Polygon","coordinates":[[[9.964027185451043,53.36869369633851],[9.964027185451043,53.37768689997576],[9.973020389088289,53.37768689997576],[9.973020389088289,53.36869369633851],[9.964027185451043,53.36869369633851]]]}},{"type":"Feature","properties":{"jobs":500,"pop":100,"pointCount":2,"homeWorkCommuteMedian":22201,"workHomeCommuteMedian":31687},"geometry":{"type":"Polygon","coordinates":[[[9.964027185451043,53.386680103613],[9.964027185451043,53.39567330725025],[9.973020389088289,53.39567330725025],[9.973020389088289,53.386680103613],[9.964027185451043,53.386680103613]]]}},{"type":"Feature","properties":{"jobs":0,"pop":100,"pointCount":1,"homeWorkCommuteMedian":30519,"workHomeCommuteMedian":-1},"geometry":{"type":"Polygon","coordinates":[[[9.964027185451043,53.39567330725025],[9.964027185451043,53.404666510887495],[9.973020389088289,53.404666510887495],[9.973020389088289,53.39567330725025],[9.964027185451043,53.39567330725025]]]}},{"type":"Feature","properties":{"jobs":0,"pop":500,"pointCount":3,"homeWorkCommuteMedian":31242,"workHomeCommuteMedian":-1},"geometry":{"type":"Polygon","coordinates":[[[9.964027185451043,53.404666510887495],[9.964027185451043,53.41365971452474],[9.973020389088289,53.41365971452474],[9.973020389088289,53.404666510887495],[9.964027185451043,53.404666510887495]]]}},{"type":"Feature","properties":{"jobs":0,"pop":100,"pointCount":1,"homeWorkCommuteMedian":37773,"workHomeCommuteMedian":-1},"geometry":{"type":"Polygon","coordinates":[[[9.964027185451043,53.41365971452474],[9.964027185451043,53.42265291816199],[9.973020389088289,53.42265291816199],[9.973020389088289,53.41365971452474],[9.964027185451043,53.41365971452474]]]}},{"type":"Feature","properties":{"jobs":1000,"pop":300,"pointCount":4,"homeWorkCommuteMedian":20947,"workHomeCommuteMedian":24863},"geometry":{"type":"Polygon","coordinates":[[[9.964027185451043,53.42265291816199],[9.964027185451043,53.43164612179923],[9.973020389088289,53.43164612179923],[9.973020389088289,53.42265291816199],[9.964027185451043,53.42265291816199]]]}},{"type":"Feature","properties":{"jobs":300,"pop":1300,"pointCount":10,"homeWorkCommuteMedian":24108,"workHomeCommuteMedian":27306},"geometry":{"type":"Polygon","coordinates":[[[9.964027185451043,53.43164612179923],[9.964027185451043,53.44063932543648],[9.973020389088289,53.44063932543648],[9.973020389088289,53.43164612179923],[9.964027185451043,53.43164612179923]]]}},{"type":"Feature","properties":{"jobs":400,"pop":700,"pointCount":6,"homeWorkCommuteMedian":25238,"workHomeCommuteMedian":23141},"geometry":{"type":"Polygon","coordinates":[[[9.964027185451043,53.44063932543648],[9.964027185451043,53.449632529073725],[9.973020389088289,53.449632529073725],[9.973020389088289,53.44063932543648],[9.964027185451043,53.44063932543648]]]}},{"type":"Feature","properties":{"jobs":3800,"pop":1450,"pointCount":16,"homeWorkCommuteMedian":23193,"workHomeCommuteMedian":21739},"geometry":{"type":"Polygon","coordinates":[[[9.964027185451043,53.449632529073725],[9.964027185451043,53.45862573271097],[9.973020389088289,53.45862573271097],[9.973020389088289,53.449632529073725],[9.964027185451043,53.449632529073725]]]}},{"type":"Feature","properties":{"jobs":2700,"pop":2000,"pointCount":21,"homeWorkCommuteMedian":22648,"workHomeCommuteMedian":22736},"geometry":{"type":"Polygon","coordinates":[[[9.964027185451043,53.45862573271097],[9.964027185451043,53.46761893634822],[9.973020389088289,53.46761893634822],[9.973020389088289,53.45862573271097],[9.964027185451043,53.45862573271097]]]}},{"type":"Feature","properties":{"jobs":0,"pop":1000,"pointCount":4,"homeWorkCommuteMedian":28939,"workHomeCommuteMedian":-1},"geometry":{"type":"Polygon","coordinates":[[[9.964027185451043,53.46761893634822],[9.964027185451043,53.47661213998546],[9.973020389088289,53.47661213998546],[9.973020389088289,53.46761893634822],[9.964027185451043,53.46761893634822]]]}},{"type":"Feature","properties":{"jobs":0,"pop":200,"pointCount":1,"homeWorkCommuteMedian":30385,"workHomeCommuteMedian":-1},"geometry":{"type":"Polygon","coordinates":[[[9.964027185451043,53.47661213998546],[9.964027185451043,53.48560534362271],[9.973020389088289,53.48560534362271],[9.973020389088289,53.47661213998546],[9.964027185451043,53.47661213998546]]]}},{"type":"Feature","properties":{"jobs":0,"pop":100,"pointCount":1,"homeWorkCommuteMedian":24492,"workHomeCommuteMedian":-1},"geometry":{"type":"Polygon","coordinates":[[[9.964027185451043,53.48560534362271],[9.964027185451043,53.494598547259955],[9.973020389088289,53.494598547259955],[9.973020389088289,53.48560534362271],[9.964027185451043,53.48560534362271]]]}},{"type":"Feature","properties":{"jobs":100,"pop":400,"pointCount":5,"homeWorkCommuteMedian":23389,"workHomeCommuteMedian":23798},"geometry":{"type":"Polygon","coordinates":[[[9.964027185451043,53.494598547259955],[9.964027185451043,53.5035917508972],[9.973020389088289,53.5035917508972],[9.973020389088289,53.494598547259955],[9.964027185451043,53.494598547259955]]]}},{"type":"Feature","properties":{"jobs":0,"pop":500,"pointCount":5,"homeWorkCommuteMedian":31732,"workHomeCommuteMedian":-1},"geometry":{"type":"Polygon","coordinates":[[[9.964027185451043,53.5035917508972],[9.964027185451043,53.51258495453445],[9.973020389088289,53.51258495453445],[9.973020389088289,53.5035917508972],[9.964027185451043,53.5035917508972]]]}},{"type":"Feature","properties":{"jobs":0,"pop":200,"pointCount":1,"homeWorkCommuteMedian":34777,"workHomeCommuteMedian":-1},"geometry":{"type":"Polygon","coordinates":[[[9.964027185451043,53.51258495453445],[9.964027185451043,53.52157815817169],[9.973020389088289,53.52157815817169],[9.973020389088289,53.51258495453445],[9.964027185451043,53.51258495453445]]]}},{"type":"Feature","properties":{"jobs":0,"pop":100,"pointCount":1,"homeWorkCommuteMedian":24180,"workHomeCommuteMedian":-1},"geometry":{"type":"Polygon","coordinates":[[[9.964027185451043,53.52157815817169],[9.964027185451043,53.53057136180894],[9.973020389088289,53.53057136180894],[9.973020389088289,53.52157815817169],[9.964027185451043,53.52157815817169]]]}},{"type":"Feature","properties":{"jobs":1200,"pop":250,"pointCount":6,"homeWorkCommuteMedian":16635,"workHomeCommuteMedian":17284},"geometry":{"type":"Polygon","coordinates":[[[9.964027185451043,53.539564565446184],[9.964027185451043,53.54855776908343],[9.973020389088289,53.54855776908343],[9.973020389088289,53.539564565446184],[9.964027185451043,53.539564565446184]]]}},{"type":"Feature","properties":{"jobs":2650,"pop":2650,"pointCount":16,"homeWorkCommuteMedian":16583,"workHomeCommuteMedian":24699},"geometry":{"type":"Polygon","coordinates":[[[9.964027185451043,53.54855776908343],[9.964027185451043,53.557550972720676],[9.973020389088289,53.557550972720676],[9.973020389088289,53.54855776908343],[9.964027185451043,53.54855776908343]]]}},{"type":"Feature","properties":{"jobs":1800,"pop":2450,"pointCount":16,"homeWorkCommuteMedian":16170,"workHomeCommuteMedian":16995},"geometry":{"type":"Polygon","coordinates":[[[9.964027185451043,53.557550972720676],[9.964027185451043,53.56654417635792],[9.973020389088289,53.56654417635792],[9.973020389088289,53.557550972720676],[9.964027185451043,53.557550972720676]]]}},{"type":"Feature","properties":{"jobs":2100,"pop":4900,"pointCount":24,"homeWorkCommuteMedian":18703,"workHomeCommuteMedian":21027},"geometry":{"type":"Polygon","coordinates":[[[9.964027185451043,53.56654417635792],[9.964027185451043,53.57553737999517],[9.973020389088289,53.57553737999517],[9.973020389088289,53.56654417635792],[9.964027185451043,53.56654417635792]]]}},{"type":"Feature","properties":{"jobs":3750,"pop":6250,"pointCount":25,"homeWorkCommuteMedian":17546,"workHomeCommuteMedian":22116},"geometry":{"type":"Polygon","coordinates":[[[9.964027185451043,53.57553737999517],[9.964027185451043,53.584530583632414],[9.973020389088289,53.584530583632414],[9.973020389088289,53.57553737999517],[9.964027185451043,53.57553737999517]]]}},{"type":"Feature","properties":{"jobs":1700,"pop":3450,"pointCount":18,"homeWorkCommuteMedian":13994,"workHomeCommuteMedian":20518},"geometry":{"type":"Polygon","coordinates":[[[9.964027185451043,53.584530583632414],[9.964027185451043,53.59352378726966],[9.973020389088289,53.59352378726966],[9.973020389088289,53.584530583632414],[9.964027185451043,53.584530583632414]]]}},{"type":"Feature","properties":{"jobs":2550,"pop":2800,"pointCount":19,"homeWorkCommuteMedian":16427,"workHomeCommuteMedian":16188},"geometry":{"type":"Polygon","coordinates":[[[9.964027185451043,53.59352378726966],[9.964027185451043,53.602516990906906],[9.973020389088289,53.602516990906906],[9.973020389088289,53.59352378726966],[9.964027185451043,53.59352378726966]]]}},{"type":"Feature","properties":{"jobs":100,"pop":400,"pointCount":5,"homeWorkCommuteMedian":30140,"workHomeCommuteMedian":33408},"geometry":{"type":"Polygon","coordinates":[[[9.964027185451043,53.602516990906906],[9.964027185451043,53.61151019454415],[9.973020389088289,53.61151019454415],[9.973020389088289,53.602516990906906],[9.964027185451043,53.602516990906906]]]}},{"type":"Feature","properties":{"jobs":400,"pop":200,"pointCount":4,"homeWorkCommuteMedian":20410,"workHomeCommuteMedian":14619},"geometry":{"type":"Polygon","coordinates":[[[9.964027185451043,53.61151019454415],[9.964027185451043,53.6205033981814],[9.973020389088289,53.6205033981814],[9.973020389088289,53.61151019454415],[9.964027185451043,53.61151019454415]]]}},{"type":"Feature","properties":{"jobs":0,"pop":400,"pointCount":2,"homeWorkCommuteMedian":17258,"workHomeCommuteMedian":-1},"geometry":{"type":"Polygon","coordinates":[[[9.964027185451043,53.6205033981814],[9.964027185451043,53.629496601818644],[9.973020389088289,53.629496601818644],[9.973020389088289,53.6205033981814],[9.964027185451043,53.6205033981814]]]}},{"type":"Feature","properties":{"jobs":500,"pop":1600,"pointCount":14,"homeWorkCommuteMedian":20227,"workHomeCommuteMedian":27506},"geometry":{"type":"Polygon","coordinates":[[[9.964027185451043,53.629496601818644],[9.964027185451043,53.63848980545589],[9.973020389088289,53.63848980545589],[9.973020389088289,53.629496601818644],[9.964027185451043,53.629496601818644]]]}},{"type":"Feature","properties":{"jobs":0,"pop":850,"pointCount":4,"homeWorkCommuteMedian":24871,"workHomeCommuteMedian":-1},"geometry":{"type":"Polygon","coordinates":[[[9.964027185451043,53.63848980545589],[9.964027185451043,53.647483009093136],[9.973020389088289,53.647483009093136],[9.973020389088289,53.63848980545589],[9.964027185451043,53.63848980545589]]]}},{"type":"Feature","properties":{"jobs":0,"pop":100,"pointCount":1,"homeWorkCommuteMedian":29618,"workHomeCommuteMedian":-1},"geometry":{"type":"Polygon","coordinates":[[[9.964027185451043,53.647483009093136],[9.964027185451043,53.65647621273038],[9.973020389088289,53.65647621273038],[9.973020389088289,53.647483009093136],[9.964027185451043,53.647483009093136]]]}},{"type":"Feature","properties":{"jobs":0,"pop":500,"pointCount":4,"homeWorkCommuteMedian":11397,"workHomeCommuteMedian":-1},"geometry":{"type":"Polygon","coordinates":[[[9.964027185451043,53.65647621273038],[9.964027185451043,53.66546941636763],[9.973020389088289,53.66546941636763],[9.973020389088289,53.65647621273038],[9.964027185451043,53.65647621273038]]]}},{"type":"Feature","properties":{"jobs":100,"pop":200,"pointCount":3,"homeWorkCommuteMedian":12529,"workHomeCommuteMedian":14077},"geometry":{"type":"Polygon","coordinates":[[[9.964027185451043,53.66546941636763],[9.964027185451043,53.674462620004874],[9.973020389088289,53.674462620004874],[9.973020389088289,53.66546941636763],[9.964027185451043,53.66546941636763]]]}},{"type":"Feature","properties":{"jobs":300,"pop":650,"pointCount":6,"homeWorkCommuteMedian":17924,"workHomeCommuteMedian":16001},"geometry":{"type":"Polygon","coordinates":[[[9.964027185451043,53.674462620004874],[9.964027185451043,53.68345582364212],[9.973020389088289,53.68345582364212],[9.973020389088289,53.674462620004874],[9.964027185451043,53.674462620004874]]]}},{"type":"Feature","properties":{"jobs":0,"pop":100,"pointCount":1,"homeWorkCommuteMedian":11124,"workHomeCommuteMedian":-1},"geometry":{"type":"Polygon","coordinates":[[[9.964027185451043,53.68345582364212],[9.964027185451043,53.692449027279366],[9.973020389088289,53.692449027279366],[9.973020389088289,53.68345582364212],[9.964027185451043,53.68345582364212]]]}},{"type":"Feature","properties":{"jobs":200,"pop":100,"pointCount":2,"homeWorkCommuteMedian":38911,"workHomeCommuteMedian":19919},"geometry":{"type":"Polygon","coordinates":[[[9.964027185451043,53.70144223091661],[9.964027185451043,53.71043543455386],[9.973020389088289,53.71043543455386],[9.973020389088289,53.70144223091661],[9.964027185451043,53.70144223091661]]]}},{"type":"Feature","properties":{"jobs":0,"pop":100,"pointCount":1,"homeWorkCommuteMedian":21110,"workHomeCommuteMedian":-1},"geometry":{"type":"Polygon","coordinates":[[[9.964027185451043,53.719428638191104],[9.964027185451043,53.72842184182835],[9.973020389088289,53.72842184182835],[9.973020389088289,53.719428638191104],[9.964027185451043,53.719428638191104]]]}},{"type":"Feature","properties":{"jobs":0,"pop":100,"pointCount":1,"homeWorkCommuteMedian":6952,"workHomeCommuteMedian":-1},"geometry":{"type":"Polygon","coordinates":[[[9.964027185451043,53.737415045465596],[9.964027185451043,53.74640824910284],[9.973020389088289,53.74640824910284],[9.973020389088289,53.737415045465596],[9.964027185451043,53.737415045465596]]]}},{"type":"Feature","properties":{"jobs":0,"pop":1000,"pointCount":5,"homeWorkCommuteMedian":27389,"workHomeCommuteMedian":-1},"geometry":{"type":"Polygon","coordinates":[[[9.964027185451043,53.74640824910284],[9.964027185451043,53.75540145274009],[9.973020389088289,53.75540145274009],[9.973020389088289,53.74640824910284],[9.964027185451043,53.74640824910284]]]}},{"type":"Feature","properties":{"jobs":0,"pop":200,"pointCount":1,"homeWorkCommuteMedian":29084,"workHomeCommuteMedian":-1},"geometry":{"type":"Polygon","coordinates":[[[9.964027185451043,53.764394656377334],[9.964027185451043,53.77338786001458],[9.973020389088289,53.77338786001458],[9.973020389088289,53.764394656377334],[9.964027185451043,53.764394656377334]]]}},{"type":"Feature","properties":{"jobs":300,"pop":0,"pointCount":2,"homeWorkCommuteMedian":-1,"workHomeCommuteMedian":28149},"geometry":{"type":"Polygon","coordinates":[[[9.964027185451043,53.77338786001458],[9.964027185451043,53.782381063651826],[9.973020389088289,53.782381063651826],[9.973020389088289,53.77338786001458],[9.964027185451043,53.77338786001458]]]}},{"type":"Feature","properties":{"jobs":0,"pop":300,"pointCount":3,"homeWorkCommuteMedian":28764,"workHomeCommuteMedian":-1},"geometry":{"type":"Polygon","coordinates":[[[9.964027185451043,53.782381063651826],[9.964027185451043,53.79137426728907],[9.973020389088289,53.79137426728907],[9.973020389088289,53.782381063651826],[9.964027185451043,53.782381063651826]]]}},{"type":"Feature","properties":{"jobs":0,"pop":600,"pointCount":5,"homeWorkCommuteMedian":20421,"workHomeCommuteMedian":-1},"geometry":{"type":"Polygon","coordinates":[[[9.964027185451043,53.79137426728907],[9.964027185451043,53.80036747092632],[9.973020389088289,53.80036747092632],[9.973020389088289,53.79137426728907],[9.964027185451043,53.79137426728907]]]}},{"type":"Feature","properties":{"jobs":700,"pop":100,"pointCount":4,"homeWorkCommuteMedian":15006,"workHomeCommuteMedian":23577},"geometry":{"type":"Polygon","coordinates":[[[9.964027185451043,53.80036747092632],[9.964027185451043,53.809360674563564],[9.973020389088289,53.809360674563564],[9.973020389088289,53.80036747092632],[9.964027185451043,53.80036747092632]]]}},{"type":"Feature","properties":{"jobs":1400,"pop":200,"pointCount":7,"homeWorkCommuteMedian":33724,"workHomeCommuteMedian":28903},"geometry":{"type":"Polygon","coordinates":[[[9.964027185451043,53.809360674563564],[9.964027185451043,53.81835387820081],[9.973020389088289,53.81835387820081],[9.973020389088289,53.809360674563564],[9.964027185451043,53.809360674563564]]]}},{"type":"Feature","properties":{"jobs":100,"pop":500,"pointCount":5,"homeWorkCommuteMedian":26186,"workHomeCommuteMedian":40335},"geometry":{"type":"Polygon","coordinates":[[[9.964027185451043,53.81835387820081],[9.964027185451043,53.827347081838056],[9.973020389088289,53.827347081838056],[9.973020389088289,53.81835387820081],[9.964027185451043,53.81835387820081]]]}},{"type":"Feature","properties":{"jobs":1400,"pop":200,"pointCount":9,"homeWorkCommuteMedian":32766,"workHomeCommuteMedian":39878},"geometry":{"type":"Polygon","coordinates":[[[9.964027185451043,53.827347081838056],[9.964027185451043,53.8363402854753],[9.973020389088289,53.8363402854753],[9.973020389088289,53.827347081838056],[9.964027185451043,53.827347081838056]]]}},{"type":"Feature","properties":{"jobs":600,"pop":1000,"pointCount":8,"homeWorkCommuteMedian":37305,"workHomeCommuteMedian":30909},"geometry":{"type":"Polygon","coordinates":[[[9.964027185451043,53.8363402854753],[9.964027185451043,53.84533348911255],[9.973020389088289,53.84533348911255],[9.973020389088289,53.8363402854753],[9.964027185451043,53.8363402854753]]]}},{"type":"Feature","properties":{"jobs":0,"pop":100,"pointCount":1,"homeWorkCommuteMedian":47719,"workHomeCommuteMedian":-1},"geometry":{"type":"Polygon","coordinates":[[[9.964027185451043,53.854326692749794],[9.964027185451043,53.86331989638704],[9.973020389088289,53.86331989638704],[9.973020389088289,53.854326692749794],[9.964027185451043,53.854326692749794]]]}},{"type":"Feature","properties":{"jobs":0,"pop":100,"pointCount":1,"homeWorkCommuteMedian":44728,"workHomeCommuteMedian":-1},"geometry":{"type":"Polygon","coordinates":[[[9.964027185451043,53.88130630366153],[9.964027185451043,53.89029950729878],[9.973020389088289,53.89029950729878],[9.973020389088289,53.88130630366153],[9.964027185451043,53.88130630366153]]]}},{"type":"Feature","properties":{"jobs":0,"pop":200,"pointCount":1,"homeWorkCommuteMedian":21436,"workHomeCommuteMedian":-1},"geometry":{"type":"Polygon","coordinates":[[[9.973020389088289,53.35070728906402],[9.973020389088289,53.359700492701265],[9.982013592725535,53.359700492701265],[9.982013592725535,53.35070728906402],[9.973020389088289,53.35070728906402]]]}},{"type":"Feature","properties":{"jobs":0,"pop":200,"pointCount":1,"homeWorkCommuteMedian":35838,"workHomeCommuteMedian":-1},"geometry":{"type":"Polygon","coordinates":[[[9.973020389088289,53.359700492701265],[9.973020389088289,53.36869369633851],[9.982013592725535,53.36869369633851],[9.982013592725535,53.359700492701265],[9.973020389088289,53.359700492701265]]]}},{"type":"Feature","properties":{"jobs":600,"pop":100,"pointCount":4,"homeWorkCommuteMedian":21525,"workHomeCommuteMedian":27132},"geometry":{"type":"Polygon","coordinates":[[[9.973020389088289,53.37768689997576],[9.973020389088289,53.386680103613],[9.982013592725535,53.386680103613],[9.982013592725535,53.37768689997576],[9.973020389088289,53.37768689997576]]]}},{"type":"Feature","properties":{"jobs":100,"pop":400,"pointCount":4,"homeWorkCommuteMedian":29923,"workHomeCommuteMedian":28244},"geometry":{"type":"Polygon","coordinates":[[[9.973020389088289,53.386680103613],[9.973020389088289,53.39567330725025],[9.982013592725535,53.39567330725025],[9.982013592725535,53.386680103613],[9.973020389088289,53.386680103613]]]}},{"type":"Feature","properties":{"jobs":500,"pop":0,"pointCount":2,"homeWorkCommuteMedian":-1,"workHomeCommuteMedian":35712},"geometry":{"type":"Polygon","coordinates":[[[9.973020389088289,53.39567330725025],[9.973020389088289,53.404666510887495],[9.982013592725535,53.404666510887495],[9.982013592725535,53.39567330725025],[9.973020389088289,53.39567330725025]]]}},{"type":"Feature","properties":{"jobs":300,"pop":100,"pointCount":3,"homeWorkCommuteMedian":33911,"workHomeCommuteMedian":19358},"geometry":{"type":"Polygon","coordinates":[[[9.973020389088289,53.404666510887495],[9.973020389088289,53.41365971452474],[9.982013592725535,53.41365971452474],[9.982013592725535,53.404666510887495],[9.973020389088289,53.404666510887495]]]}},{"type":"Feature","properties":{"jobs":0,"pop":500,"pointCount":5,"homeWorkCommuteMedian":18241,"workHomeCommuteMedian":-1},"geometry":{"type":"Polygon","coordinates":[[[9.973020389088289,53.42265291816199],[9.973020389088289,53.43164612179923],[9.982013592725535,53.43164612179923],[9.982013592725535,53.42265291816199],[9.973020389088289,53.42265291816199]]]}},{"type":"Feature","properties":{"jobs":0,"pop":500,"pointCount":4,"homeWorkCommuteMedian":22630,"workHomeCommuteMedian":-1},"geometry":{"type":"Polygon","coordinates":[[[9.973020389088289,53.43164612179923],[9.973020389088289,53.44063932543648],[9.982013592725535,53.44063932543648],[9.982013592725535,53.43164612179923],[9.973020389088289,53.43164612179923]]]}},{"type":"Feature","properties":{"jobs":2000,"pop":900,"pointCount":12,"homeWorkCommuteMedian":20089,"workHomeCommuteMedian":23175},"geometry":{"type":"Polygon","coordinates":[[[9.973020389088289,53.449632529073725],[9.973020389088289,53.45862573271097],[9.982013592725535,53.45862573271097],[9.982013592725535,53.449632529073725],[9.973020389088289,53.449632529073725]]]}},{"type":"Feature","properties":{"jobs":3450,"pop":1100,"pointCount":13,"homeWorkCommuteMedian":19652,"workHomeCommuteMedian":23016},"geometry":{"type":"Polygon","coordinates":[[[9.973020389088289,53.45862573271097],[9.973020389088289,53.46761893634822],[9.982013592725535,53.46761893634822],[9.982013592725535,53.45862573271097],[9.973020389088289,53.45862573271097]]]}},{"type":"Feature","properties":{"jobs":0,"pop":300,"pointCount":2,"homeWorkCommuteMedian":20404,"workHomeCommuteMedian":-1},"geometry":{"type":"Polygon","coordinates":[[[9.973020389088289,53.46761893634822],[9.973020389088289,53.47661213998546],[9.982013592725535,53.47661213998546],[9.982013592725535,53.46761893634822],[9.973020389088289,53.46761893634822]]]}},{"type":"Feature","properties":{"jobs":0,"pop":100,"pointCount":1,"homeWorkCommuteMedian":22558,"workHomeCommuteMedian":-1},"geometry":{"type":"Polygon","coordinates":[[[9.973020389088289,53.47661213998546],[9.973020389088289,53.48560534362271],[9.982013592725535,53.48560534362271],[9.982013592725535,53.47661213998546],[9.973020389088289,53.47661213998546]]]}},{"type":"Feature","properties":{"jobs":0,"pop":100,"pointCount":1,"homeWorkCommuteMedian":19910,"workHomeCommuteMedian":-1},"geometry":{"type":"Polygon","coordinates":[[[9.973020389088289,53.48560534362271],[9.973020389088289,53.494598547259955],[9.982013592725535,53.494598547259955],[9.982013592725535,53.48560534362271],[9.973020389088289,53.48560534362271]]]}},{"type":"Feature","properties":{"jobs":200,"pop":100,"pointCount":2,"homeWorkCommuteMedian":23425,"workHomeCommuteMedian":35024},"geometry":{"type":"Polygon","coordinates":[[[9.973020389088289,53.494598547259955],[9.973020389088289,53.5035917508972],[9.982013592725535,53.5035917508972],[9.982013592725535,53.494598547259955],[9.973020389088289,53.494598547259955]]]}},{"type":"Feature","properties":{"jobs":0,"pop":200,"pointCount":2,"homeWorkCommuteMedian":35917,"workHomeCommuteMedian":-1},"geometry":{"type":"Polygon","coordinates":[[[9.973020389088289,53.5035917508972],[9.973020389088289,53.51258495453445],[9.982013592725535,53.51258495453445],[9.982013592725535,53.5035917508972],[9.973020389088289,53.5035917508972]]]}},{"type":"Feature","properties":{"jobs":0,"pop":850,"pointCount":4,"homeWorkCommuteMedian":24267,"workHomeCommuteMedian":-1},"geometry":{"type":"Polygon","coordinates":[[[9.973020389088289,53.51258495453445],[9.973020389088289,53.52157815817169],[9.982013592725535,53.52157815817169],[9.982013592725535,53.51258495453445],[9.973020389088289,53.51258495453445]]]}},{"type":"Feature","properties":{"jobs":0,"pop":1100,"pointCount":5,"homeWorkCommuteMedian":18730,"workHomeCommuteMedian":-1},"geometry":{"type":"Polygon","coordinates":[[[9.973020389088289,53.52157815817169],[9.973020389088289,53.53057136180894],[9.982013592725535,53.53057136180894],[9.982013592725535,53.52157815817169],[9.973020389088289,53.52157815817169]]]}},{"type":"Feature","properties":{"jobs":300,"pop":900,"pointCount":7,"homeWorkCommuteMedian":14192,"workHomeCommuteMedian":19582},"geometry":{"type":"Polygon","coordinates":[[[9.973020389088289,53.539564565446184],[9.973020389088289,53.54855776908343],[9.982013592725535,53.54855776908343],[9.982013592725535,53.539564565446184],[9.973020389088289,53.539564565446184]]]}},{"type":"Feature","properties":{"jobs":700,"pop":1800,"pointCount":12,"homeWorkCommuteMedian":19072,"workHomeCommuteMedian":15878},"geometry":{"type":"Polygon","coordinates":[[[9.973020389088289,53.54855776908343],[9.973020389088289,53.557550972720676],[9.982013592725535,53.557550972720676],[9.982013592725535,53.54855776908343],[9.973020389088289,53.54855776908343]]]}},{"type":"Feature","properties":{"jobs":200,"pop":1250,"pointCount":6,"homeWorkCommuteMedian":14642,"workHomeCommuteMedian":17002},"geometry":{"type":"Polygon","coordinates":[[[9.973020389088289,53.557550972720676],[9.973020389088289,53.56654417635792],[9.982013592725535,53.56654417635792],[9.982013592725535,53.557550972720676],[9.973020389088289,53.557550972720676]]]}},{"type":"Feature","properties":{"jobs":2850,"pop":4500,"pointCount":17,"homeWorkCommuteMedian":15172,"workHomeCommuteMedian":20768},"geometry":{"type":"Polygon","coordinates":[[[9.973020389088289,53.56654417635792],[9.973020389088289,53.57553737999517],[9.982013592725535,53.57553737999517],[9.982013592725535,53.56654417635792],[9.973020389088289,53.56654417635792]]]}},{"type":"Feature","properties":{"jobs":2350,"pop":2750,"pointCount":17,"homeWorkCommuteMedian":16829,"workHomeCommuteMedian":20592},"geometry":{"type":"Polygon","coordinates":[[[9.973020389088289,53.57553737999517],[9.973020389088289,53.584530583632414],[9.982013592725535,53.584530583632414],[9.982013592725535,53.57553737999517],[9.973020389088289,53.57553737999517]]]}},{"type":"Feature","properties":{"jobs":10150,"pop":3000,"pointCount":9,"homeWorkCommuteMedian":16638,"workHomeCommuteMedian":5909},"geometry":{"type":"Polygon","coordinates":[[[9.973020389088289,53.584530583632414],[9.973020389088289,53.59352378726966],[9.982013592725535,53.59352378726966],[9.982013592725535,53.584530583632414],[9.973020389088289,53.584530583632414]]]}},{"type":"Feature","properties":{"jobs":800,"pop":2700,"pointCount":14,"homeWorkCommuteMedian":15393,"workHomeCommuteMedian":24222},"geometry":{"type":"Polygon","coordinates":[[[9.973020389088289,53.59352378726966],[9.973020389088289,53.602516990906906],[9.982013592725535,53.602516990906906],[9.982013592725535,53.59352378726966],[9.973020389088289,53.59352378726966]]]}},{"type":"Feature","properties":{"jobs":1000,"pop":600,"pointCount":9,"homeWorkCommuteMedian":24134,"workHomeCommuteMedian":17998},"geometry":{"type":"Polygon","coordinates":[[[9.973020389088289,53.602516990906906],[9.973020389088289,53.61151019454415],[9.982013592725535,53.61151019454415],[9.982013592725535,53.602516990906906],[9.973020389088289,53.602516990906906]]]}},{"type":"Feature","properties":{"jobs":0,"pop":400,"pointCount":4,"homeWorkCommuteMedian":26375,"workHomeCommuteMedian":-1},"geometry":{"type":"Polygon","coordinates":[[[9.973020389088289,53.61151019454415],[9.973020389088289,53.6205033981814],[9.982013592725535,53.6205033981814],[9.982013592725535,53.61151019454415],[9.973020389088289,53.61151019454415]]]}},{"type":"Feature","properties":{"jobs":0,"pop":900,"pointCount":5,"homeWorkCommuteMedian":23017,"workHomeCommuteMedian":-1},"geometry":{"type":"Polygon","coordinates":[[[9.973020389088289,53.63848980545589],[9.973020389088289,53.647483009093136],[9.982013592725535,53.647483009093136],[9.982013592725535,53.63848980545589],[9.973020389088289,53.63848980545589]]]}},{"type":"Feature","properties":{"jobs":300,"pop":200,"pointCount":5,"homeWorkCommuteMedian":11504,"workHomeCommuteMedian":13735},"geometry":{"type":"Polygon","coordinates":[[[9.973020389088289,53.65647621273038],[9.973020389088289,53.66546941636763],[9.982013592725535,53.66546941636763],[9.982013592725535,53.65647621273038],[9.973020389088289,53.65647621273038]]]}},{"type":"Feature","properties":{"jobs":200,"pop":250,"pointCount":2,"homeWorkCommuteMedian":16130,"workHomeCommuteMedian":17569},"geometry":{"type":"Polygon","coordinates":[[[9.973020389088289,53.66546941636763],[9.973020389088289,53.674462620004874],[9.982013592725535,53.674462620004874],[9.982013592725535,53.66546941636763],[9.973020389088289,53.66546941636763]]]}},{"type":"Feature","properties":{"jobs":1500,"pop":1000,"pointCount":11,"homeWorkCommuteMedian":15515,"workHomeCommuteMedian":22537},"geometry":{"type":"Polygon","coordinates":[[[9.973020389088289,53.674462620004874],[9.973020389088289,53.68345582364212],[9.982013592725535,53.68345582364212],[9.982013592725535,53.674462620004874],[9.973020389088289,53.674462620004874]]]}},{"type":"Feature","properties":{"jobs":0,"pop":400,"pointCount":3,"homeWorkCommuteMedian":15075,"workHomeCommuteMedian":-1},"geometry":{"type":"Polygon","coordinates":[[[9.973020389088289,53.68345582364212],[9.973020389088289,53.692449027279366],[9.982013592725535,53.692449027279366],[9.982013592725535,53.68345582364212],[9.973020389088289,53.68345582364212]]]}},{"type":"Feature","properties":{"jobs":200,"pop":200,"pointCount":3,"homeWorkCommuteMedian":20437,"workHomeCommuteMedian":35350},"geometry":{"type":"Polygon","coordinates":[[[9.973020389088289,53.692449027279366],[9.973020389088289,53.70144223091661],[9.982013592725535,53.70144223091661],[9.982013592725535,53.692449027279366],[9.973020389088289,53.692449027279366]]]}},{"type":"Feature","properties":{"jobs":100,"pop":400,"pointCount":5,"homeWorkCommuteMedian":27686,"workHomeCommuteMedian":21898},"geometry":{"type":"Polygon","coordinates":[[[9.973020389088289,53.70144223091661],[9.973020389088289,53.71043543455386],[9.982013592725535,53.71043543455386],[9.982013592725535,53.70144223091661],[9.973020389088289,53.70144223091661]]]}},{"type":"Feature","properties":{"jobs":0,"pop":100,"pointCount":1,"homeWorkCommuteMedian":54172,"workHomeCommuteMedian":-1},"geometry":{"type":"Polygon","coordinates":[[[9.973020389088289,53.71043543455386],[9.973020389088289,53.719428638191104],[9.982013592725535,53.719428638191104],[9.982013592725535,53.71043543455386],[9.973020389088289,53.71043543455386]]]}},{"type":"Feature","properties":{"jobs":0,"pop":100,"pointCount":1,"homeWorkCommuteMedian":7495,"workHomeCommuteMedian":-1},"geometry":{"type":"Polygon","coordinates":[[[9.973020389088289,53.72842184182835],[9.973020389088289,53.737415045465596],[9.982013592725535,53.737415045465596],[9.982013592725535,53.72842184182835],[9.973020389088289,53.72842184182835]]]}},{"type":"Feature","properties":{"jobs":0,"pop":100,"pointCount":1,"homeWorkCommuteMedian":29551,"workHomeCommuteMedian":-1},"geometry":{"type":"Polygon","coordinates":[[[9.973020389088289,53.737415045465596],[9.973020389088289,53.74640824910284],[9.982013592725535,53.74640824910284],[9.982013592725535,53.737415045465596],[9.973020389088289,53.737415045465596]]]}},{"type":"Feature","properties":{"jobs":700,"pop":100,"pointCount":5,"homeWorkCommuteMedian":23117,"workHomeCommuteMedian":25918},"geometry":{"type":"Polygon","coordinates":[[[9.973020389088289,53.764394656377334],[9.973020389088289,53.77338786001458],[9.982013592725535,53.77338786001458],[9.982013592725535,53.764394656377334],[9.973020389088289,53.764394656377334]]]}},{"type":"Feature","properties":{"jobs":300,"pop":200,"pointCount":4,"homeWorkCommuteMedian":30157,"workHomeCommuteMedian":20494},"geometry":{"type":"Polygon","coordinates":[[[9.973020389088289,53.77338786001458],[9.973020389088289,53.782381063651826],[9.982013592725535,53.782381063651826],[9.982013592725535,53.77338786001458],[9.973020389088289,53.77338786001458]]]}},{"type":"Feature","properties":{"jobs":1300,"pop":800,"pointCount":8,"homeWorkCommuteMedian":29577,"workHomeCommuteMedian":19656},"geometry":{"type":"Polygon","coordinates":[[[9.973020389088289,53.782381063651826],[9.973020389088289,53.79137426728907],[9.982013592725535,53.79137426728907],[9.982013592725535,53.782381063651826],[9.973020389088289,53.782381063651826]]]}},{"type":"Feature","properties":{"jobs":1100,"pop":400,"pointCount":7,"homeWorkCommuteMedian":21561,"workHomeCommuteMedian":29560},"geometry":{"type":"Polygon","coordinates":[[[9.973020389088289,53.79137426728907],[9.973020389088289,53.80036747092632],[9.982013592725535,53.80036747092632],[9.982013592725535,53.79137426728907],[9.973020389088289,53.79137426728907]]]}},{"type":"Feature","properties":{"jobs":1400,"pop":100,"pointCount":5,"homeWorkCommuteMedian":30823,"workHomeCommuteMedian":34294},"geometry":{"type":"Polygon","coordinates":[[[9.973020389088289,53.80036747092632],[9.973020389088289,53.809360674563564],[9.982013592725535,53.809360674563564],[9.982013592725535,53.80036747092632],[9.973020389088289,53.80036747092632]]]}},{"type":"Feature","properties":{"jobs":200,"pop":200,"pointCount":4,"homeWorkCommuteMedian":41504,"workHomeCommuteMedian":26899},"geometry":{"type":"Polygon","coordinates":[[[9.973020389088289,53.809360674563564],[9.973020389088289,53.81835387820081],[9.982013592725535,53.81835387820081],[9.982013592725535,53.809360674563564],[9.973020389088289,53.809360674563564]]]}},{"type":"Feature","properties":{"jobs":700,"pop":300,"pointCount":7,"homeWorkCommuteMedian":29612,"workHomeCommuteMedian":39658},"geometry":{"type":"Polygon","coordinates":[[[9.973020389088289,53.81835387820081],[9.973020389088289,53.827347081838056],[9.982013592725535,53.827347081838056],[9.982013592725535,53.81835387820081],[9.973020389088289,53.81835387820081]]]}},{"type":"Feature","properties":{"jobs":900,"pop":400,"pointCount":8,"homeWorkCommuteMedian":29610,"workHomeCommuteMedian":33105},"geometry":{"type":"Polygon","coordinates":[[[9.973020389088289,53.827347081838056],[9.973020389088289,53.8363402854753],[9.982013592725535,53.8363402854753],[9.982013592725535,53.827347081838056],[9.973020389088289,53.827347081838056]]]}},{"type":"Feature","properties":{"jobs":0,"pop":200,"pointCount":2,"homeWorkCommuteMedian":19432,"workHomeCommuteMedian":-1},"geometry":{"type":"Polygon","coordinates":[[[9.973020389088289,53.8363402854753],[9.973020389088289,53.84533348911255],[9.982013592725535,53.84533348911255],[9.982013592725535,53.8363402854753],[9.973020389088289,53.8363402854753]]]}},{"type":"Feature","properties":{"jobs":0,"pop":200,"pointCount":2,"homeWorkCommuteMedian":48376,"workHomeCommuteMedian":-1},"geometry":{"type":"Polygon","coordinates":[[[9.973020389088289,53.872313100024286],[9.973020389088289,53.88130630366153],[9.982013592725535,53.88130630366153],[9.982013592725535,53.872313100024286],[9.973020389088289,53.872313100024286]]]}},{"type":"Feature","properties":{"jobs":500,"pop":600,"pointCount":7,"homeWorkCommuteMedian":30997,"workHomeCommuteMedian":31127},"geometry":{"type":"Polygon","coordinates":[[[9.982013592725535,53.359700492701265],[9.982013592725535,53.36869369633851],[9.99100679636278,53.36869369633851],[9.99100679636278,53.359700492701265],[9.982013592725535,53.359700492701265]]]}},{"type":"Feature","properties":{"jobs":100,"pop":200,"pointCount":3,"homeWorkCommuteMedian":29289,"workHomeCommuteMedian":22013},"geometry":{"type":"Polygon","coordinates":[[[9.982013592725535,53.36869369633851],[9.982013592725535,53.37768689997576],[9.99100679636278,53.37768689997576],[9.99100679636278,53.36869369633851],[9.982013592725535,53.36869369633851]]]}},{"type":"Feature","properties":{"jobs":2300,"pop":600,"pointCount":8,"homeWorkCommuteMedian":29166,"workHomeCommuteMedian":29178},"geometry":{"type":"Polygon","coordinates":[[[9.982013592725535,53.37768689997576],[9.982013592725535,53.386680103613],[9.99100679636278,53.386680103613],[9.99100679636278,53.37768689997576],[9.982013592725535,53.37768689997576]]]}},{"type":"Feature","properties":{"jobs":700,"pop":300,"pointCount":5,"homeWorkCommuteMedian":30817,"workHomeCommuteMedian":26842},"geometry":{"type":"Polygon","coordinates":[[[9.982013592725535,53.386680103613],[9.982013592725535,53.39567330725025],[9.99100679636278,53.39567330725025],[9.99100679636278,53.386680103613],[9.982013592725535,53.386680103613]]]}},{"type":"Feature","properties":{"jobs":800,"pop":850,"pointCount":7,"homeWorkCommuteMedian":28786,"workHomeCommuteMedian":34170},"geometry":{"type":"Polygon","coordinates":[[[9.982013592725535,53.404666510887495],[9.982013592725535,53.41365971452474],[9.99100679636278,53.41365971452474],[9.99100679636278,53.404666510887495],[9.982013592725535,53.404666510887495]]]}},{"type":"Feature","properties":{"jobs":800,"pop":600,"pointCount":8,"homeWorkCommuteMedian":30796,"workHomeCommuteMedian":29162},"geometry":{"type":"Polygon","coordinates":[[[9.982013592725535,53.41365971452474],[9.982013592725535,53.42265291816199],[9.99100679636278,53.42265291816199],[9.99100679636278,53.41365971452474],[9.982013592725535,53.41365971452474]]]}},{"type":"Feature","properties":{"jobs":1100,"pop":800,"pointCount":8,"homeWorkCommuteMedian":26281,"workHomeCommuteMedian":24134},"geometry":{"type":"Polygon","coordinates":[[[9.982013592725535,53.42265291816199],[9.982013592725535,53.43164612179923],[9.99100679636278,53.43164612179923],[9.99100679636278,53.42265291816199],[9.982013592725535,53.42265291816199]]]}},{"type":"Feature","properties":{"jobs":1500,"pop":1400,"pointCount":15,"homeWorkCommuteMedian":26935,"workHomeCommuteMedian":23320},"geometry":{"type":"Polygon","coordinates":[[[9.982013592725535,53.43164612179923],[9.982013592725535,53.44063932543648],[9.99100679636278,53.44063932543648],[9.99100679636278,53.43164612179923],[9.982013592725535,53.43164612179923]]]}},{"type":"Feature","properties":{"jobs":1400,"pop":1700,"pointCount":13,"homeWorkCommuteMedian":21564,"workHomeCommuteMedian":21289},"geometry":{"type":"Polygon","coordinates":[[[9.982013592725535,53.44063932543648],[9.982013592725535,53.449632529073725],[9.99100679636278,53.449632529073725],[9.99100679636278,53.44063932543648],[9.982013592725535,53.44063932543648]]]}},{"type":"Feature","properties":{"jobs":7400,"pop":3400,"pointCount":20,"homeWorkCommuteMedian":23828,"workHomeCommuteMedian":19762},"geometry":{"type":"Polygon","coordinates":[[[9.982013592725535,53.449632529073725],[9.982013592725535,53.45862573271097],[9.99100679636278,53.45862573271097],[9.99100679636278,53.449632529073725],[9.982013592725535,53.449632529073725]]]}},{"type":"Feature","properties":{"jobs":2700,"pop":2000,"pointCount":16,"homeWorkCommuteMedian":23543,"workHomeCommuteMedian":19613},"geometry":{"type":"Polygon","coordinates":[[[9.982013592725535,53.45862573271097],[9.982013592725535,53.46761893634822],[9.99100679636278,53.46761893634822],[9.99100679636278,53.45862573271097],[9.982013592725535,53.45862573271097]]]}},{"type":"Feature","properties":{"jobs":0,"pop":500,"pointCount":3,"homeWorkCommuteMedian":19497,"workHomeCommuteMedian":-1},"geometry":{"type":"Polygon","coordinates":[[[9.982013592725535,53.46761893634822],[9.982013592725535,53.47661213998546],[9.99100679636278,53.47661213998546],[9.99100679636278,53.46761893634822],[9.982013592725535,53.46761893634822]]]}},{"type":"Feature","properties":{"jobs":400,"pop":400,"pointCount":6,"homeWorkCommuteMedian":27445,"workHomeCommuteMedian":24577},"geometry":{"type":"Polygon","coordinates":[[[9.982013592725535,53.47661213998546],[9.982013592725535,53.48560534362271],[9.99100679636278,53.48560534362271],[9.99100679636278,53.47661213998546],[9.982013592725535,53.47661213998546]]]}},{"type":"Feature","properties":{"jobs":100,"pop":750,"pointCount":6,"homeWorkCommuteMedian":19471,"workHomeCommuteMedian":24819},"geometry":{"type":"Polygon","coordinates":[[[9.982013592725535,53.48560534362271],[9.982013592725535,53.494598547259955],[9.99100679636278,53.494598547259955],[9.99100679636278,53.48560534362271],[9.982013592725535,53.48560534362271]]]}},{"type":"Feature","properties":{"jobs":0,"pop":1000,"pointCount":8,"homeWorkCommuteMedian":20592,"workHomeCommuteMedian":-1},"geometry":{"type":"Polygon","coordinates":[[[9.982013592725535,53.494598547259955],[9.982013592725535,53.5035917508972],[9.99100679636278,53.5035917508972],[9.99100679636278,53.494598547259955],[9.982013592725535,53.494598547259955]]]}},{"type":"Feature","properties":{"jobs":3100,"pop":1000,"pointCount":14,"homeWorkCommuteMedian":17725,"workHomeCommuteMedian":20322},"geometry":{"type":"Polygon","coordinates":[[[9.982013592725535,53.5035917508972],[9.982013592725535,53.51258495453445],[9.99100679636278,53.51258495453445],[9.99100679636278,53.5035917508972],[9.982013592725535,53.5035917508972]]]}},{"type":"Feature","properties":{"jobs":4300,"pop":1000,"pointCount":13,"homeWorkCommuteMedian":21740,"workHomeCommuteMedian":21960},"geometry":{"type":"Polygon","coordinates":[[[9.982013592725535,53.51258495453445],[9.982013592725535,53.52157815817169],[9.99100679636278,53.52157815817169],[9.99100679636278,53.51258495453445],[9.982013592725535,53.51258495453445]]]}},{"type":"Feature","properties":{"jobs":100,"pop":200,"pointCount":3,"homeWorkCommuteMedian":24369,"workHomeCommuteMedian":14411},"geometry":{"type":"Polygon","coordinates":[[[9.982013592725535,53.52157815817169],[9.982013592725535,53.53057136180894],[9.99100679636278,53.53057136180894],[9.99100679636278,53.52157815817169],[9.982013592725535,53.52157815817169]]]}},{"type":"Feature","properties":{"jobs":600,"pop":1350,"pointCount":13,"homeWorkCommuteMedian":16841,"workHomeCommuteMedian":30035},"geometry":{"type":"Polygon","coordinates":[[[9.982013592725535,53.539564565446184],[9.982013592725535,53.54855776908343],[9.99100679636278,53.54855776908343],[9.99100679636278,53.539564565446184],[9.982013592725535,53.539564565446184]]]}},{"type":"Feature","properties":{"jobs":2500,"pop":2900,"pointCount":27,"homeWorkCommuteMedian":16132,"workHomeCommuteMedian":25012},"geometry":{"type":"Polygon","coordinates":[[[9.982013592725535,53.54855776908343],[9.982013592725535,53.557550972720676],[9.99100679636278,53.557550972720676],[9.99100679636278,53.54855776908343],[9.982013592725535,53.54855776908343]]]}},{"type":"Feature","properties":{"jobs":700,"pop":3350,"pointCount":11,"homeWorkCommuteMedian":9199,"workHomeCommuteMedian":19690},"geometry":{"type":"Polygon","coordinates":[[[9.982013592725535,53.557550972720676],[9.982013592725535,53.56654417635792],[9.99100679636278,53.56654417635792],[9.99100679636278,53.557550972720676],[9.982013592725535,53.557550972720676]]]}},{"type":"Feature","properties":{"jobs":37350,"pop":8150,"pointCount":3,"homeWorkCommuteMedian":14004,"workHomeCommuteMedian":3084},"geometry":{"type":"Polygon","coordinates":[[[9.982013592725535,53.56654417635792],[9.982013592725535,53.57553737999517],[9.99100679636278,53.57553737999517],[9.99100679636278,53.56654417635792],[9.982013592725535,53.56654417635792]]]}},{"type":"Feature","properties":{"jobs":3750,"pop":4200,"pointCount":16,"homeWorkCommuteMedian":15645,"workHomeCommuteMedian":24147},"geometry":{"type":"Polygon","coordinates":[[[9.982013592725535,53.57553737999517],[9.982013592725535,53.584530583632414],[9.99100679636278,53.584530583632414],[9.99100679636278,53.57553737999517],[9.982013592725535,53.57553737999517]]]}},{"type":"Feature","properties":{"jobs":2700,"pop":4650,"pointCount":22,"homeWorkCommuteMedian":15699,"workHomeCommuteMedian":23379},"geometry":{"type":"Polygon","coordinates":[[[9.982013592725535,53.584530583632414],[9.982013592725535,53.59352378726966],[9.99100679636278,53.59352378726966],[9.99100679636278,53.584530583632414],[9.982013592725535,53.584530583632414]]]}},{"type":"Feature","properties":{"jobs":1600,"pop":2100,"pointCount":17,"homeWorkCommuteMedian":14371,"workHomeCommuteMedian":22926},"geometry":{"type":"Polygon","coordinates":[[[9.982013592725535,53.59352378726966],[9.982013592725535,53.602516990906906],[9.99100679636278,53.602516990906906],[9.99100679636278,53.59352378726966],[9.982013592725535,53.59352378726966]]]}},{"type":"Feature","properties":{"jobs":300,"pop":550,"pointCount":3,"homeWorkCommuteMedian":20978,"workHomeCommuteMedian":15845},"geometry":{"type":"Polygon","coordinates":[[[9.982013592725535,53.602516990906906],[9.982013592725535,53.61151019454415],[9.99100679636278,53.61151019454415],[9.99100679636278,53.602516990906906],[9.982013592725535,53.602516990906906]]]}},{"type":"Feature","properties":{"jobs":0,"pop":850,"pointCount":5,"homeWorkCommuteMedian":19509,"workHomeCommuteMedian":-1},"geometry":{"type":"Polygon","coordinates":[[[9.982013592725535,53.61151019454415],[9.982013592725535,53.6205033981814],[9.99100679636278,53.6205033981814],[9.99100679636278,53.61151019454415],[9.982013592725535,53.61151019454415]]]}},{"type":"Feature","properties":{"jobs":100,"pop":0,"pointCount":1,"homeWorkCommuteMedian":-1,"workHomeCommuteMedian":15774},"geometry":{"type":"Polygon","coordinates":[[[9.982013592725535,53.647483009093136],[9.982013592725535,53.65647621273038],[9.99100679636278,53.65647621273038],[9.99100679636278,53.647483009093136],[9.982013592725535,53.647483009093136]]]}},{"type":"Feature","properties":{"jobs":400,"pop":1200,"pointCount":10,"homeWorkCommuteMedian":13964,"workHomeCommuteMedian":19044},"geometry":{"type":"Polygon","coordinates":[[[9.982013592725535,53.65647621273038],[9.982013592725535,53.66546941636763],[9.99100679636278,53.66546941636763],[9.99100679636278,53.65647621273038],[9.982013592725535,53.65647621273038]]]}},{"type":"Feature","properties":{"jobs":1500,"pop":950,"pointCount":12,"homeWorkCommuteMedian":14963,"workHomeCommuteMedian":17139},"geometry":{"type":"Polygon","coordinates":[[[9.982013592725535,53.66546941636763],[9.982013592725535,53.674462620004874],[9.99100679636278,53.674462620004874],[9.99100679636278,53.66546941636763],[9.982013592725535,53.66546941636763]]]}},{"type":"Feature","properties":{"jobs":2300,"pop":1200,"pointCount":14,"homeWorkCommuteMedian":21010,"workHomeCommuteMedian":18677},"geometry":{"type":"Polygon","coordinates":[[[9.982013592725535,53.674462620004874],[9.982013592725535,53.68345582364212],[9.99100679636278,53.68345582364212],[9.99100679636278,53.674462620004874],[9.982013592725535,53.674462620004874]]]}},{"type":"Feature","properties":{"jobs":5300,"pop":400,"pointCount":8,"homeWorkCommuteMedian":14352,"workHomeCommuteMedian":16506},"geometry":{"type":"Polygon","coordinates":[[[9.982013592725535,53.68345582364212],[9.982013592725535,53.692449027279366],[9.99100679636278,53.692449027279366],[9.99100679636278,53.68345582364212],[9.982013592725535,53.68345582364212]]]}},{"type":"Feature","properties":{"jobs":0,"pop":600,"pointCount":4,"homeWorkCommuteMedian":19902,"workHomeCommuteMedian":-1},"geometry":{"type":"Polygon","coordinates":[[[9.982013592725535,53.692449027279366],[9.982013592725535,53.70144223091661],[9.99100679636278,53.70144223091661],[9.99100679636278,53.692449027279366],[9.982013592725535,53.692449027279366]]]}},{"type":"Feature","properties":{"jobs":2100,"pop":950,"pointCount":10,"homeWorkCommuteMedian":14653,"workHomeCommuteMedian":17631},"geometry":{"type":"Polygon","coordinates":[[[9.982013592725535,53.70144223091661],[9.982013592725535,53.71043543455386],[9.99100679636278,53.71043543455386],[9.99100679636278,53.70144223091661],[9.982013592725535,53.70144223091661]]]}},{"type":"Feature","properties":{"jobs":100,"pop":1450,"pointCount":7,"homeWorkCommuteMedian":20780,"workHomeCommuteMedian":17127},"geometry":{"type":"Polygon","coordinates":[[[9.982013592725535,53.71043543455386],[9.982013592725535,53.719428638191104],[9.99100679636278,53.719428638191104],[9.99100679636278,53.71043543455386],[9.982013592725535,53.71043543455386]]]}},{"type":"Feature","properties":{"jobs":100,"pop":650,"pointCount":6,"homeWorkCommuteMedian":18373,"workHomeCommuteMedian":22151},"geometry":{"type":"Polygon","coordinates":[[[9.982013592725535,53.719428638191104],[9.982013592725535,53.72842184182835],[9.99100679636278,53.72842184182835],[9.99100679636278,53.719428638191104],[9.982013592725535,53.719428638191104]]]}},{"type":"Feature","properties":{"jobs":0,"pop":200,"pointCount":2,"homeWorkCommuteMedian":25912,"workHomeCommuteMedian":-1},"geometry":{"type":"Polygon","coordinates":[[[9.982013592725535,53.72842184182835],[9.982013592725535,53.737415045465596],[9.99100679636278,53.737415045465596],[9.99100679636278,53.72842184182835],[9.982013592725535,53.72842184182835]]]}},{"type":"Feature","properties":{"jobs":0,"pop":100,"pointCount":1,"homeWorkCommuteMedian":22417,"workHomeCommuteMedian":-1},"geometry":{"type":"Polygon","coordinates":[[[9.982013592725535,53.737415045465596],[9.982013592725535,53.74640824910284],[9.99100679636278,53.74640824910284],[9.99100679636278,53.737415045465596],[9.982013592725535,53.737415045465596]]]}},{"type":"Feature","properties":{"jobs":100,"pop":100,"pointCount":2,"homeWorkCommuteMedian":26831,"workHomeCommuteMedian":21729},"geometry":{"type":"Polygon","coordinates":[[[9.982013592725535,53.74640824910284],[9.982013592725535,53.75540145274009],[9.99100679636278,53.75540145274009],[9.99100679636278,53.74640824910284],[9.982013592725535,53.74640824910284]]]}},{"type":"Feature","properties":{"jobs":600,"pop":400,"pointCount":7,"homeWorkCommuteMedian":14077,"workHomeCommuteMedian":18015},"geometry":{"type":"Polygon","coordinates":[[[9.982013592725535,53.75540145274009],[9.982013592725535,53.764394656377334],[9.99100679636278,53.764394656377334],[9.99100679636278,53.75540145274009],[9.982013592725535,53.75540145274009]]]}},{"type":"Feature","properties":{"jobs":600,"pop":400,"pointCount":8,"homeWorkCommuteMedian":10258,"workHomeCommuteMedian":25059},"geometry":{"type":"Polygon","coordinates":[[[9.982013592725535,53.764394656377334],[9.982013592725535,53.77338786001458],[9.99100679636278,53.77338786001458],[9.99100679636278,53.764394656377334],[9.982013592725535,53.764394656377334]]]}},{"type":"Feature","properties":{"jobs":0,"pop":100,"pointCount":1,"homeWorkCommuteMedian":15223,"workHomeCommuteMedian":-1},"geometry":{"type":"Polygon","coordinates":[[[9.982013592725535,53.77338786001458],[9.982013592725535,53.782381063651826],[9.99100679636278,53.782381063651826],[9.99100679636278,53.77338786001458],[9.982013592725535,53.77338786001458]]]}},{"type":"Feature","properties":{"jobs":300,"pop":600,"pointCount":8,"homeWorkCommuteMedian":36544,"workHomeCommuteMedian":27674},"geometry":{"type":"Polygon","coordinates":[[[9.982013592725535,53.782381063651826],[9.982013592725535,53.79137426728907],[9.99100679636278,53.79137426728907],[9.99100679636278,53.782381063651826],[9.982013592725535,53.782381063651826]]]}},{"type":"Feature","properties":{"jobs":2000,"pop":1000,"pointCount":9,"homeWorkCommuteMedian":30432,"workHomeCommuteMedian":32797},"geometry":{"type":"Polygon","coordinates":[[[9.982013592725535,53.79137426728907],[9.982013592725535,53.80036747092632],[9.99100679636278,53.80036747092632],[9.99100679636278,53.79137426728907],[9.982013592725535,53.79137426728907]]]}},{"type":"Feature","properties":{"jobs":0,"pop":200,"pointCount":1,"homeWorkCommuteMedian":70109,"workHomeCommuteMedian":-1},"geometry":{"type":"Polygon","coordinates":[[[9.982013592725535,53.80036747092632],[9.982013592725535,53.809360674563564],[9.99100679636278,53.809360674563564],[9.99100679636278,53.80036747092632],[9.982013592725535,53.80036747092632]]]}},{"type":"Feature","properties":{"jobs":100,"pop":300,"pointCount":3,"homeWorkCommuteMedian":34271,"workHomeCommuteMedian":30840},"geometry":{"type":"Polygon","coordinates":[[[9.982013592725535,53.81835387820081],[9.982013592725535,53.827347081838056],[9.99100679636278,53.827347081838056],[9.99100679636278,53.81835387820081],[9.982013592725535,53.81835387820081]]]}},{"type":"Feature","properties":{"jobs":100,"pop":200,"pointCount":2,"homeWorkCommuteMedian":33806,"workHomeCommuteMedian":35067},"geometry":{"type":"Polygon","coordinates":[[[9.982013592725535,53.827347081838056],[9.982013592725535,53.8363402854753],[9.99100679636278,53.8363402854753],[9.99100679636278,53.827347081838056],[9.982013592725535,53.827347081838056]]]}},{"type":"Feature","properties":{"jobs":0,"pop":100,"pointCount":1,"homeWorkCommuteMedian":28339,"workHomeCommuteMedian":-1},"geometry":{"type":"Polygon","coordinates":[[[9.982013592725535,53.8363402854753],[9.982013592725535,53.84533348911255],[9.99100679636278,53.84533348911255],[9.99100679636278,53.8363402854753],[9.982013592725535,53.8363402854753]]]}},{"type":"Feature","properties":{"jobs":100,"pop":200,"pointCount":3,"homeWorkCommuteMedian":63952,"workHomeCommuteMedian":38547},"geometry":{"type":"Polygon","coordinates":[[[9.982013592725535,53.872313100024286],[9.982013592725535,53.88130630366153],[9.99100679636278,53.88130630366153],[9.99100679636278,53.872313100024286],[9.982013592725535,53.872313100024286]]]}},{"type":"Feature","properties":{"jobs":0,"pop":100,"pointCount":1,"homeWorkCommuteMedian":16814,"workHomeCommuteMedian":-1},"geometry":{"type":"Polygon","coordinates":[[[9.99100679636278,53.35070728906402],[9.99100679636278,53.359700492701265],[10.000000000000027,53.359700492701265],[10.000000000000027,53.35070728906402],[9.99100679636278,53.35070728906402]]]}},{"type":"Feature","properties":{"jobs":200,"pop":0,"pointCount":2,"homeWorkCommuteMedian":-1,"workHomeCommuteMedian":32184},"geometry":{"type":"Polygon","coordinates":[[[9.99100679636278,53.359700492701265],[9.99100679636278,53.36869369633851],[10.000000000000027,53.36869369633851],[10.000000000000027,53.359700492701265],[9.99100679636278,53.359700492701265]]]}},{"type":"Feature","properties":{"jobs":200,"pop":500,"pointCount":6,"homeWorkCommuteMedian":31453,"workHomeCommuteMedian":27853},"geometry":{"type":"Polygon","coordinates":[[[9.99100679636278,53.36869369633851],[9.99100679636278,53.37768689997576],[10.000000000000027,53.37768689997576],[10.000000000000027,53.36869369633851],[9.99100679636278,53.36869369633851]]]}},{"type":"Feature","properties":{"jobs":0,"pop":400,"pointCount":4,"homeWorkCommuteMedian":27040,"workHomeCommuteMedian":-1},"geometry":{"type":"Polygon","coordinates":[[[9.99100679636278,53.37768689997576],[9.99100679636278,53.386680103613],[10.000000000000027,53.386680103613],[10.000000000000027,53.37768689997576],[9.99100679636278,53.37768689997576]]]}},{"type":"Feature","properties":{"jobs":0,"pop":300,"pointCount":3,"homeWorkCommuteMedian":36285,"workHomeCommuteMedian":-1},"geometry":{"type":"Polygon","coordinates":[[[9.99100679636278,53.386680103613],[9.99100679636278,53.39567330725025],[10.000000000000027,53.39567330725025],[10.000000000000027,53.386680103613],[9.99100679636278,53.386680103613]]]}},{"type":"Feature","properties":{"jobs":0,"pop":200,"pointCount":2,"homeWorkCommuteMedian":41303,"workHomeCommuteMedian":-1},"geometry":{"type":"Polygon","coordinates":[[[9.99100679636278,53.39567330725025],[9.99100679636278,53.404666510887495],[10.000000000000027,53.404666510887495],[10.000000000000027,53.39567330725025],[9.99100679636278,53.39567330725025]]]}},{"type":"Feature","properties":{"jobs":0,"pop":1200,"pointCount":7,"homeWorkCommuteMedian":33230,"workHomeCommuteMedian":-1},"geometry":{"type":"Polygon","coordinates":[[[9.99100679636278,53.404666510887495],[9.99100679636278,53.41365971452474],[10.000000000000027,53.41365971452474],[10.000000000000027,53.404666510887495],[9.99100679636278,53.404666510887495]]]}},{"type":"Feature","properties":{"jobs":0,"pop":200,"pointCount":2,"homeWorkCommuteMedian":31058,"workHomeCommuteMedian":-1},"geometry":{"type":"Polygon","coordinates":[[[9.99100679636278,53.41365971452474],[9.99100679636278,53.42265291816199],[10.000000000000027,53.42265291816199],[10.000000000000027,53.41365971452474],[9.99100679636278,53.41365971452474]]]}},{"type":"Feature","properties":{"jobs":200,"pop":700,"pointCount":6,"homeWorkCommuteMedian":30225,"workHomeCommuteMedian":71108},"geometry":{"type":"Polygon","coordinates":[[[9.99100679636278,53.42265291816199],[9.99100679636278,53.43164612179923],[10.000000000000027,53.43164612179923],[10.000000000000027,53.42265291816199],[9.99100679636278,53.42265291816199]]]}},{"type":"Feature","properties":{"jobs":500,"pop":1600,"pointCount":11,"homeWorkCommuteMedian":23555,"workHomeCommuteMedian":28710},"geometry":{"type":"Polygon","coordinates":[[[9.99100679636278,53.43164612179923],[9.99100679636278,53.44063932543648],[10.000000000000027,53.44063932543648],[10.000000000000027,53.43164612179923],[9.99100679636278,53.43164612179923]]]}},{"type":"Feature","properties":{"jobs":1600,"pop":1500,"pointCount":12,"homeWorkCommuteMedian":21049,"workHomeCommuteMedian":20402},"geometry":{"type":"Polygon","coordinates":[[[9.99100679636278,53.44063932543648],[9.99100679636278,53.449632529073725],[10.000000000000027,53.449632529073725],[10.000000000000027,53.44063932543648],[9.99100679636278,53.44063932543648]]]}},{"type":"Feature","properties":{"jobs":100,"pop":500,"pointCount":6,"homeWorkCommuteMedian":20814,"workHomeCommuteMedian":13530},"geometry":{"type":"Polygon","coordinates":[[[9.99100679636278,53.449632529073725],[9.99100679636278,53.45862573271097],[10.000000000000027,53.45862573271097],[10.000000000000027,53.449632529073725],[9.99100679636278,53.449632529073725]]]}},{"type":"Feature","properties":{"jobs":100,"pop":600,"pointCount":6,"homeWorkCommuteMedian":18996,"workHomeCommuteMedian":17546},"geometry":{"type":"Polygon","coordinates":[[[9.99100679636278,53.45862573271097],[9.99100679636278,53.46761893634822],[10.000000000000027,53.46761893634822],[10.000000000000027,53.45862573271097],[9.99100679636278,53.45862573271097]]]}},{"type":"Feature","properties":{"jobs":0,"pop":100,"pointCount":1,"homeWorkCommuteMedian":19897,"workHomeCommuteMedian":-1},"geometry":{"type":"Polygon","coordinates":[[[9.99100679636278,53.46761893634822],[9.99100679636278,53.47661213998546],[10.000000000000027,53.47661213998546],[10.000000000000027,53.46761893634822],[9.99100679636278,53.46761893634822]]]}},{"type":"Feature","properties":{"jobs":500,"pop":200,"pointCount":5,"homeWorkCommuteMedian":18343,"workHomeCommuteMedian":22002},"geometry":{"type":"Polygon","coordinates":[[[9.99100679636278,53.47661213998546],[9.99100679636278,53.48560534362271],[10.000000000000027,53.48560534362271],[10.000000000000027,53.47661213998546],[9.99100679636278,53.47661213998546]]]}},{"type":"Feature","properties":{"jobs":100,"pop":0,"pointCount":1,"homeWorkCommuteMedian":-1,"workHomeCommuteMedian":17467},"geometry":{"type":"Polygon","coordinates":[[[9.99100679636278,53.48560534362271],[9.99100679636278,53.494598547259955],[10.000000000000027,53.494598547259955],[10.000000000000027,53.48560534362271],[9.99100679636278,53.48560534362271]]]}},{"type":"Feature","properties":{"jobs":1600,"pop":900,"pointCount":12,"homeWorkCommuteMedian":21650,"workHomeCommuteMedian":20107},"geometry":{"type":"Polygon","coordinates":[[[9.99100679636278,53.494598547259955],[9.99100679636278,53.5035917508972],[10.000000000000027,53.5035917508972],[10.000000000000027,53.494598547259955],[9.99100679636278,53.494598547259955]]]}},{"type":"Feature","properties":{"jobs":300,"pop":700,"pointCount":7,"homeWorkCommuteMedian":20584,"workHomeCommuteMedian":22557},"geometry":{"type":"Polygon","coordinates":[[[9.99100679636278,53.5035917508972],[9.99100679636278,53.51258495453445],[10.000000000000027,53.51258495453445],[10.000000000000027,53.5035917508972],[9.99100679636278,53.5035917508972]]]}},{"type":"Feature","properties":{"jobs":1800,"pop":300,"pointCount":6,"homeWorkCommuteMedian":20802,"workHomeCommuteMedian":25360},"geometry":{"type":"Polygon","coordinates":[[[9.99100679636278,53.51258495453445],[9.99100679636278,53.52157815817169],[10.000000000000027,53.52157815817169],[10.000000000000027,53.51258495453445],[9.99100679636278,53.51258495453445]]]}},{"type":"Feature","properties":{"jobs":0,"pop":100,"pointCount":1,"homeWorkCommuteMedian":19730,"workHomeCommuteMedian":-1},"geometry":{"type":"Polygon","coordinates":[[[9.99100679636278,53.52157815817169],[9.99100679636278,53.53057136180894],[10.000000000000027,53.53057136180894],[10.000000000000027,53.52157815817169],[9.99100679636278,53.52157815817169]]]}},{"type":"Feature","properties":{"jobs":1100,"pop":1950,"pointCount":16,"homeWorkCommuteMedian":15396,"workHomeCommuteMedian":18261},"geometry":{"type":"Polygon","coordinates":[[[9.99100679636278,53.539564565446184],[9.99100679636278,53.54855776908343],[10.000000000000027,53.54855776908343],[10.000000000000027,53.539564565446184],[9.99100679636278,53.539564565446184]]]}},{"type":"Feature","properties":{"jobs":1950,"pop":800,"pointCount":13,"homeWorkCommuteMedian":16156,"workHomeCommuteMedian":15564},"geometry":{"type":"Polygon","coordinates":[[[9.99100679636278,53.54855776908343],[9.99100679636278,53.557550972720676],[10.000000000000027,53.557550972720676],[10.000000000000027,53.54855776908343],[9.99100679636278,53.54855776908343]]]}},{"type":"Feature","properties":{"jobs":650,"pop":2850,"pointCount":8,"homeWorkCommuteMedian":15305,"workHomeCommuteMedian":47936},"geometry":{"type":"Polygon","coordinates":[[[9.99100679636278,53.557550972720676],[9.99100679636278,53.56654417635792],[10.000000000000027,53.56654417635792],[10.000000000000027,53.557550972720676],[9.99100679636278,53.557550972720676]]]}},{"type":"Feature","properties":{"jobs":200,"pop":3400,"pointCount":7,"homeWorkCommuteMedian":1098,"workHomeCommuteMedian":13522},"geometry":{"type":"Polygon","coordinates":[[[9.99100679636278,53.56654417635792],[9.99100679636278,53.57553737999517],[10.000000000000027,53.57553737999517],[10.000000000000027,53.56654417635792],[9.99100679636278,53.56654417635792]]]}},{"type":"Feature","properties":{"jobs":300,"pop":3600,"pointCount":11,"homeWorkCommuteMedian":14189,"workHomeCommuteMedian":24009},"geometry":{"type":"Polygon","coordinates":[[[9.99100679636278,53.57553737999517],[9.99100679636278,53.584530583632414],[10.000000000000027,53.584530583632414],[10.000000000000027,53.57553737999517],[9.99100679636278,53.57553737999517]]]}},{"type":"Feature","properties":{"jobs":800,"pop":3150,"pointCount":18,"homeWorkCommuteMedian":16502,"workHomeCommuteMedian":22283},"geometry":{"type":"Polygon","coordinates":[[[9.99100679636278,53.584530583632414],[9.99100679636278,53.59352378726966],[10.000000000000027,53.59352378726966],[10.000000000000027,53.584530583632414],[9.99100679636278,53.584530583632414]]]}},{"type":"Feature","properties":{"jobs":2800,"pop":3000,"pointCount":21,"homeWorkCommuteMedian":19227,"workHomeCommuteMedian":18402},"geometry":{"type":"Polygon","coordinates":[[[9.99100679636278,53.59352378726966],[9.99100679636278,53.602516990906906],[10.000000000000027,53.602516990906906],[10.000000000000027,53.59352378726966],[9.99100679636278,53.59352378726966]]]}},{"type":"Feature","properties":{"jobs":100,"pop":400,"pointCount":4,"homeWorkCommuteMedian":17023,"workHomeCommuteMedian":28664},"geometry":{"type":"Polygon","coordinates":[[[9.99100679636278,53.602516990906906],[9.99100679636278,53.61151019454415],[10.000000000000027,53.61151019454415],[10.000000000000027,53.602516990906906],[9.99100679636278,53.602516990906906]]]}},{"type":"Feature","properties":{"jobs":900,"pop":950,"pointCount":9,"homeWorkCommuteMedian":22899,"workHomeCommuteMedian":16147},"geometry":{"type":"Polygon","coordinates":[[[9.99100679636278,53.61151019454415],[9.99100679636278,53.6205033981814],[10.000000000000027,53.6205033981814],[10.000000000000027,53.61151019454415],[9.99100679636278,53.61151019454415]]]}},{"type":"Feature","properties":{"jobs":200,"pop":0,"pointCount":2,"homeWorkCommuteMedian":-1,"workHomeCommuteMedian":62523},"geometry":{"type":"Polygon","coordinates":[[[9.99100679636278,53.6205033981814],[9.99100679636278,53.629496601818644],[10.000000000000027,53.629496601818644],[10.000000000000027,53.6205033981814],[9.99100679636278,53.6205033981814]]]}},{"type":"Feature","properties":{"jobs":0,"pop":800,"pointCount":4,"homeWorkCommuteMedian":24785,"workHomeCommuteMedian":-1},"geometry":{"type":"Polygon","coordinates":[[[9.99100679636278,53.63848980545589],[9.99100679636278,53.647483009093136],[10.000000000000027,53.647483009093136],[10.000000000000027,53.63848980545589],[9.99100679636278,53.63848980545589]]]}},{"type":"Feature","properties":{"jobs":0,"pop":1050,"pointCount":7,"homeWorkCommuteMedian":17376,"workHomeCommuteMedian":-1},"geometry":{"type":"Polygon","coordinates":[[[9.99100679636278,53.647483009093136],[9.99100679636278,53.65647621273038],[10.000000000000027,53.65647621273038],[10.000000000000027,53.647483009093136],[9.99100679636278,53.647483009093136]]]}},{"type":"Feature","properties":{"jobs":600,"pop":500,"pointCount":8,"homeWorkCommuteMedian":16707,"workHomeCommuteMedian":14139},"geometry":{"type":"Polygon","coordinates":[[[9.99100679636278,53.65647621273038],[9.99100679636278,53.66546941636763],[10.000000000000027,53.66546941636763],[10.000000000000027,53.65647621273038],[9.99100679636278,53.65647621273038]]]}},{"type":"Feature","properties":{"jobs":800,"pop":1350,"pointCount":11,"homeWorkCommuteMedian":17063,"workHomeCommuteMedian":14955},"geometry":{"type":"Polygon","coordinates":[[[9.99100679636278,53.66546941636763],[9.99100679636278,53.674462620004874],[10.000000000000027,53.674462620004874],[10.000000000000027,53.66546941636763],[9.99100679636278,53.66546941636763]]]}},{"type":"Feature","properties":{"jobs":8900,"pop":1100,"pointCount":19,"homeWorkCommuteMedian":18325,"workHomeCommuteMedian":16227},"geometry":{"type":"Polygon","coordinates":[[[9.99100679636278,53.674462620004874],[9.99100679636278,53.68345582364212],[10.000000000000027,53.68345582364212],[10.000000000000027,53.674462620004874],[9.99100679636278,53.674462620004874]]]}},{"type":"Feature","properties":{"jobs":1800,"pop":600,"pointCount":10,"homeWorkCommuteMedian":20340,"workHomeCommuteMedian":24058},"geometry":{"type":"Polygon","coordinates":[[[9.99100679636278,53.68345582364212],[9.99100679636278,53.692449027279366],[10.000000000000027,53.692449027279366],[10.000000000000027,53.68345582364212],[9.99100679636278,53.68345582364212]]]}},{"type":"Feature","properties":{"jobs":600,"pop":700,"pointCount":8,"homeWorkCommuteMedian":11937,"workHomeCommuteMedian":17339},"geometry":{"type":"Polygon","coordinates":[[[9.99100679636278,53.692449027279366],[9.99100679636278,53.70144223091661],[10.000000000000027,53.70144223091661],[10.000000000000027,53.692449027279366],[9.99100679636278,53.692449027279366]]]}},{"type":"Feature","properties":{"jobs":3000,"pop":500,"pointCount":6,"homeWorkCommuteMedian":15010,"workHomeCommuteMedian":17871},"geometry":{"type":"Polygon","coordinates":[[[9.99100679636278,53.70144223091661],[9.99100679636278,53.71043543455386],[10.000000000000027,53.71043543455386],[10.000000000000027,53.70144223091661],[9.99100679636278,53.70144223091661]]]}},{"type":"Feature","properties":{"jobs":3800,"pop":300,"pointCount":6,"homeWorkCommuteMedian":18787,"workHomeCommuteMedian":17976},"geometry":{"type":"Polygon","coordinates":[[[9.99100679636278,53.71043543455386],[9.99100679636278,53.719428638191104],[10.000000000000027,53.719428638191104],[10.000000000000027,53.71043543455386],[9.99100679636278,53.71043543455386]]]}},{"type":"Feature","properties":{"jobs":2800,"pop":700,"pointCount":10,"homeWorkCommuteMedian":14341,"workHomeCommuteMedian":22345},"geometry":{"type":"Polygon","coordinates":[[[9.99100679636278,53.719428638191104],[9.99100679636278,53.72842184182835],[10.000000000000027,53.72842184182835],[10.000000000000027,53.719428638191104],[9.99100679636278,53.719428638191104]]]}},{"type":"Feature","properties":{"jobs":1600,"pop":700,"pointCount":6,"homeWorkCommuteMedian":22577,"workHomeCommuteMedian":22128},"geometry":{"type":"Polygon","coordinates":[[[9.99100679636278,53.72842184182835],[9.99100679636278,53.737415045465596],[10.000000000000027,53.737415045465596],[10.000000000000027,53.72842184182835],[9.99100679636278,53.72842184182835]]]}},{"type":"Feature","properties":{"jobs":100,"pop":600,"pointCount":6,"homeWorkCommuteMedian":18473,"workHomeCommuteMedian":52520},"geometry":{"type":"Polygon","coordinates":[[[9.99100679636278,53.737415045465596],[9.99100679636278,53.74640824910284],[10.000000000000027,53.74640824910284],[10.000000000000027,53.737415045465596],[9.99100679636278,53.737415045465596]]]}},{"type":"Feature","properties":{"jobs":1400,"pop":800,"pointCount":9,"homeWorkCommuteMedian":23736,"workHomeCommuteMedian":23833},"geometry":{"type":"Polygon","coordinates":[[[9.99100679636278,53.74640824910284],[9.99100679636278,53.75540145274009],[10.000000000000027,53.75540145274009],[10.000000000000027,53.74640824910284],[9.99100679636278,53.74640824910284]]]}},{"type":"Feature","properties":{"jobs":0,"pop":800,"pointCount":5,"homeWorkCommuteMedian":14044,"workHomeCommuteMedian":-1},"geometry":{"type":"Polygon","coordinates":[[[9.99100679636278,53.75540145274009],[9.99100679636278,53.764394656377334],[10.000000000000027,53.764394656377334],[10.000000000000027,53.75540145274009],[9.99100679636278,53.75540145274009]]]}},{"type":"Feature","properties":{"jobs":0,"pop":400,"pointCount":4,"homeWorkCommuteMedian":31050,"workHomeCommuteMedian":-1},"geometry":{"type":"Polygon","coordinates":[[[9.99100679636278,53.764394656377334],[9.99100679636278,53.77338786001458],[10.000000000000027,53.77338786001458],[10.000000000000027,53.764394656377334],[9.99100679636278,53.764394656377334]]]}},{"type":"Feature","properties":{"jobs":100,"pop":400,"pointCount":4,"homeWorkCommuteMedian":17442,"workHomeCommuteMedian":25961},"geometry":{"type":"Polygon","coordinates":[[[9.99100679636278,53.782381063651826],[9.99100679636278,53.79137426728907],[10.000000000000027,53.79137426728907],[10.000000000000027,53.782381063651826],[9.99100679636278,53.782381063651826]]]}},{"type":"Feature","properties":{"jobs":0,"pop":300,"pointCount":2,"homeWorkCommuteMedian":35499,"workHomeCommuteMedian":-1},"geometry":{"type":"Polygon","coordinates":[[[9.99100679636278,53.79137426728907],[9.99100679636278,53.80036747092632],[10.000000000000027,53.80036747092632],[10.000000000000027,53.79137426728907],[9.99100679636278,53.79137426728907]]]}},{"type":"Feature","properties":{"jobs":0,"pop":200,"pointCount":2,"homeWorkCommuteMedian":43164,"workHomeCommuteMedian":-1},"geometry":{"type":"Polygon","coordinates":[[[9.99100679636278,53.80036747092632],[9.99100679636278,53.809360674563564],[10.000000000000027,53.809360674563564],[10.000000000000027,53.80036747092632],[9.99100679636278,53.80036747092632]]]}},{"type":"Feature","properties":{"jobs":0,"pop":350,"pointCount":2,"homeWorkCommuteMedian":35158,"workHomeCommuteMedian":-1},"geometry":{"type":"Polygon","coordinates":[[[9.99100679636278,53.8363402854753],[9.99100679636278,53.84533348911255],[10.000000000000027,53.84533348911255],[10.000000000000027,53.8363402854753],[9.99100679636278,53.8363402854753]]]}},{"type":"Feature","properties":{"jobs":300,"pop":300,"pointCount":3,"homeWorkCommuteMedian":28831,"workHomeCommuteMedian":27210},"geometry":{"type":"Polygon","coordinates":[[[10.000000000000027,53.37768689997576],[10.000000000000027,53.386680103613],[10.008993203637273,53.386680103613],[10.008993203637273,53.37768689997576],[10.000000000000027,53.37768689997576]]]}},{"type":"Feature","properties":{"jobs":0,"pop":200,"pointCount":2,"homeWorkCommuteMedian":26343,"workHomeCommuteMedian":-1},"geometry":{"type":"Polygon","coordinates":[[[10.000000000000027,53.386680103613],[10.000000000000027,53.39567330725025],[10.008993203637273,53.39567330725025],[10.008993203637273,53.386680103613],[10.000000000000027,53.386680103613]]]}},{"type":"Feature","properties":{"jobs":0,"pop":100,"pointCount":1,"homeWorkCommuteMedian":31096,"workHomeCommuteMedian":-1},"geometry":{"type":"Polygon","coordinates":[[[10.000000000000027,53.39567330725025],[10.000000000000027,53.404666510887495],[10.008993203637273,53.404666510887495],[10.008993203637273,53.39567330725025],[10.000000000000027,53.39567330725025]]]}},{"type":"Feature","properties":{"jobs":0,"pop":500,"pointCount":2,"homeWorkCommuteMedian":33819,"workHomeCommuteMedian":-1},"geometry":{"type":"Polygon","coordinates":[[[10.000000000000027,53.404666510887495],[10.000000000000027,53.41365971452474],[10.008993203637273,53.41365971452474],[10.008993203637273,53.404666510887495],[10.000000000000027,53.404666510887495]]]}},{"type":"Feature","properties":{"jobs":100,"pop":600,"pointCount":5,"homeWorkCommuteMedian":28322,"workHomeCommuteMedian":38698},"geometry":{"type":"Polygon","coordinates":[[[10.000000000000027,53.41365971452474],[10.000000000000027,53.42265291816199],[10.008993203637273,53.42265291816199],[10.008993203637273,53.41365971452474],[10.000000000000027,53.41365971452474]]]}},{"type":"Feature","properties":{"jobs":200,"pop":0,"pointCount":1,"homeWorkCommuteMedian":-1,"workHomeCommuteMedian":33532},"geometry":{"type":"Polygon","coordinates":[[[10.000000000000027,53.42265291816199],[10.000000000000027,53.43164612179923],[10.008993203637273,53.43164612179923],[10.008993203637273,53.42265291816199],[10.000000000000027,53.42265291816199]]]}},{"type":"Feature","properties":{"jobs":1200,"pop":400,"pointCount":6,"homeWorkCommuteMedian":31308,"workHomeCommuteMedian":21232},"geometry":{"type":"Polygon","coordinates":[[[10.000000000000027,53.43164612179923],[10.000000000000027,53.44063932543648],[10.008993203637273,53.44063932543648],[10.008993203637273,53.43164612179923],[10.000000000000027,53.43164612179923]]]}},{"type":"Feature","properties":{"jobs":500,"pop":300,"pointCount":3,"homeWorkCommuteMedian":21461,"workHomeCommuteMedian":17386},"geometry":{"type":"Polygon","coordinates":[[[10.000000000000027,53.44063932543648],[10.000000000000027,53.449632529073725],[10.008993203637273,53.449632529073725],[10.008993203637273,53.44063932543648],[10.000000000000027,53.44063932543648]]]}},{"type":"Feature","properties":{"jobs":800,"pop":500,"pointCount":5,"homeWorkCommuteMedian":20111,"workHomeCommuteMedian":25228},"geometry":{"type":"Polygon","coordinates":[[[10.000000000000027,53.449632529073725],[10.000000000000027,53.45862573271097],[10.008993203637273,53.45862573271097],[10.008993203637273,53.449632529073725],[10.000000000000027,53.449632529073725]]]}},{"type":"Feature","properties":{"jobs":100,"pop":0,"pointCount":1,"homeWorkCommuteMedian":-1,"workHomeCommuteMedian":15532},"geometry":{"type":"Polygon","coordinates":[[[10.000000000000027,53.45862573271097],[10.000000000000027,53.46761893634822],[10.008993203637273,53.46761893634822],[10.008993203637273,53.45862573271097],[10.000000000000027,53.45862573271097]]]}},{"type":"Feature","properties":{"jobs":0,"pop":300,"pointCount":3,"homeWorkCommuteMedian":16130,"workHomeCommuteMedian":-1},"geometry":{"type":"Polygon","coordinates":[[[10.000000000000027,53.47661213998546],[10.000000000000027,53.48560534362271],[10.008993203637273,53.48560534362271],[10.008993203637273,53.47661213998546],[10.000000000000027,53.47661213998546]]]}},{"type":"Feature","properties":{"jobs":200,"pop":200,"pointCount":3,"homeWorkCommuteMedian":20512,"workHomeCommuteMedian":22294},"geometry":{"type":"Polygon","coordinates":[[[10.000000000000027,53.48560534362271],[10.000000000000027,53.494598547259955],[10.008993203637273,53.494598547259955],[10.008993203637273,53.48560534362271],[10.000000000000027,53.48560534362271]]]}},{"type":"Feature","properties":{"jobs":2400,"pop":100,"pointCount":5,"homeWorkCommuteMedian":36598,"workHomeCommuteMedian":16939},"geometry":{"type":"Polygon","coordinates":[[[10.000000000000027,53.494598547259955],[10.000000000000027,53.5035917508972],[10.008993203637273,53.5035917508972],[10.008993203637273,53.494598547259955],[10.000000000000027,53.494598547259955]]]}},{"type":"Feature","properties":{"jobs":600,"pop":300,"pointCount":5,"homeWorkCommuteMedian":16075,"workHomeCommuteMedian":17602},"geometry":{"type":"Polygon","coordinates":[[[10.000000000000027,53.5035917508972],[10.000000000000027,53.51258495453445],[10.008993203637273,53.51258495453445],[10.008993203637273,53.5035917508972],[10.000000000000027,53.5035917508972]]]}},{"type":"Feature","properties":{"jobs":500,"pop":850,"pointCount":7,"homeWorkCommuteMedian":21031,"workHomeCommuteMedian":29464},"geometry":{"type":"Polygon","coordinates":[[[10.000000000000027,53.51258495453445],[10.000000000000027,53.52157815817169],[10.008993203637273,53.52157815817169],[10.008993203637273,53.51258495453445],[10.000000000000027,53.51258495453445]]]}},{"type":"Feature","properties":{"jobs":100,"pop":0,"pointCount":1,"homeWorkCommuteMedian":-1,"workHomeCommuteMedian":20801},"geometry":{"type":"Polygon","coordinates":[[[10.000000000000027,53.52157815817169],[10.000000000000027,53.53057136180894],[10.008993203637273,53.53057136180894],[10.008993203637273,53.52157815817169],[10.000000000000027,53.52157815817169]]]}},{"type":"Feature","properties":{"jobs":500,"pop":500,"pointCount":9,"homeWorkCommuteMedian":15717,"workHomeCommuteMedian":16205},"geometry":{"type":"Polygon","coordinates":[[[10.000000000000027,53.539564565446184],[10.000000000000027,53.54855776908343],[10.008993203637273,53.54855776908343],[10.008993203637273,53.539564565446184],[10.000000000000027,53.539564565446184]]]}},{"type":"Feature","properties":{"jobs":800,"pop":1700,"pointCount":14,"homeWorkCommuteMedian":13966,"workHomeCommuteMedian":19201},"geometry":{"type":"Polygon","coordinates":[[[10.000000000000027,53.54855776908343],[10.000000000000027,53.557550972720676],[10.008993203637273,53.557550972720676],[10.008993203637273,53.54855776908343],[10.000000000000027,53.54855776908343]]]}},{"type":"Feature","properties":{"jobs":0,"pop":100,"pointCount":1,"homeWorkCommuteMedian":14598,"workHomeCommuteMedian":-1},"geometry":{"type":"Polygon","coordinates":[[[10.000000000000027,53.557550972720676],[10.000000000000027,53.56654417635792],[10.008993203637273,53.56654417635792],[10.008993203637273,53.557550972720676],[10.000000000000027,53.557550972720676]]]}},{"type":"Feature","properties":{"jobs":600,"pop":1500,"pointCount":8,"homeWorkCommuteMedian":19226,"workHomeCommuteMedian":20089},"geometry":{"type":"Polygon","coordinates":[[[10.000000000000027,53.57553737999517],[10.000000000000027,53.584530583632414],[10.008993203637273,53.584530583632414],[10.008993203637273,53.57553737999517],[10.000000000000027,53.57553737999517]]]}},{"type":"Feature","properties":{"jobs":2000,"pop":3350,"pointCount":17,"homeWorkCommuteMedian":16138,"workHomeCommuteMedian":24513},"geometry":{"type":"Polygon","coordinates":[[[10.000000000000027,53.584530583632414],[10.000000000000027,53.59352378726966],[10.008993203637273,53.59352378726966],[10.008993203637273,53.584530583632414],[10.000000000000027,53.584530583632414]]]}},{"type":"Feature","properties":{"jobs":400,"pop":1950,"pointCount":10,"homeWorkCommuteMedian":19871,"workHomeCommuteMedian":26251},"geometry":{"type":"Polygon","coordinates":[[[10.000000000000027,53.59352378726966],[10.000000000000027,53.602516990906906],[10.008993203637273,53.602516990906906],[10.008993203637273,53.59352378726966],[10.000000000000027,53.59352378726966]]]}},{"type":"Feature","properties":{"jobs":1000,"pop":1400,"pointCount":9,"homeWorkCommuteMedian":16576,"workHomeCommuteMedian":18326},"geometry":{"type":"Polygon","coordinates":[[[10.000000000000027,53.602516990906906],[10.000000000000027,53.61151019454415],[10.008993203637273,53.61151019454415],[10.008993203637273,53.602516990906906],[10.000000000000027,53.602516990906906]]]}},{"type":"Feature","properties":{"jobs":600,"pop":800,"pointCount":8,"homeWorkCommuteMedian":19743,"workHomeCommuteMedian":28300},"geometry":{"type":"Polygon","coordinates":[[[10.000000000000027,53.61151019454415],[10.000000000000027,53.6205033981814],[10.008993203637273,53.6205033981814],[10.008993203637273,53.61151019454415],[10.000000000000027,53.61151019454415]]]}},{"type":"Feature","properties":{"jobs":100,"pop":450,"pointCount":2,"homeWorkCommuteMedian":30980,"workHomeCommuteMedian":44879},"geometry":{"type":"Polygon","coordinates":[[[10.000000000000027,53.6205033981814],[10.000000000000027,53.629496601818644],[10.008993203637273,53.629496601818644],[10.008993203637273,53.6205033981814],[10.000000000000027,53.6205033981814]]]}},{"type":"Feature","properties":{"jobs":41850,"pop":200,"pointCount":2,"homeWorkCommuteMedian":42506,"workHomeCommuteMedian":13262},"geometry":{"type":"Polygon","coordinates":[[[10.000000000000027,53.629496601818644],[10.000000000000027,53.63848980545589],[10.008993203637273,53.63848980545589],[10.008993203637273,53.629496601818644],[10.000000000000027,53.629496601818644]]]}},{"type":"Feature","properties":{"jobs":0,"pop":400,"pointCount":2,"homeWorkCommuteMedian":13114,"workHomeCommuteMedian":-1},"geometry":{"type":"Polygon","coordinates":[[[10.000000000000027,53.63848980545589],[10.000000000000027,53.647483009093136],[10.008993203637273,53.647483009093136],[10.008993203637273,53.63848980545589],[10.000000000000027,53.63848980545589]]]}},{"type":"Feature","properties":{"jobs":500,"pop":1200,"pointCount":11,"homeWorkCommuteMedian":17044,"workHomeCommuteMedian":13143},"geometry":{"type":"Polygon","coordinates":[[[10.000000000000027,53.647483009093136],[10.000000000000027,53.65647621273038],[10.008993203637273,53.65647621273038],[10.008993203637273,53.647483009093136],[10.000000000000027,53.647483009093136]]]}},{"type":"Feature","properties":{"jobs":1400,"pop":1350,"pointCount":15,"homeWorkCommuteMedian":17700,"workHomeCommuteMedian":14720},"geometry":{"type":"Polygon","coordinates":[[[10.000000000000027,53.65647621273038],[10.000000000000027,53.66546941636763],[10.008993203637273,53.66546941636763],[10.008993203637273,53.65647621273038],[10.000000000000027,53.65647621273038]]]}},{"type":"Feature","properties":{"jobs":100,"pop":550,"pointCount":5,"homeWorkCommuteMedian":15392,"workHomeCommuteMedian":3630},"geometry":{"type":"Polygon","coordinates":[[[10.000000000000027,53.66546941636763],[10.000000000000027,53.674462620004874],[10.008993203637273,53.674462620004874],[10.008993203637273,53.66546941636763],[10.000000000000027,53.66546941636763]]]}},{"type":"Feature","properties":{"jobs":800,"pop":600,"pointCount":8,"homeWorkCommuteMedian":16088,"workHomeCommuteMedian":30186},"geometry":{"type":"Polygon","coordinates":[[[10.000000000000027,53.674462620004874],[10.000000000000027,53.68345582364212],[10.008993203637273,53.68345582364212],[10.008993203637273,53.674462620004874],[10.000000000000027,53.674462620004874]]]}},{"type":"Feature","properties":{"jobs":0,"pop":200,"pointCount":1,"homeWorkCommuteMedian":6435,"workHomeCommuteMedian":-1},"geometry":{"type":"Polygon","coordinates":[[[10.000000000000027,53.68345582364212],[10.000000000000027,53.692449027279366],[10.008993203637273,53.692449027279366],[10.008993203637273,53.68345582364212],[10.000000000000027,53.68345582364212]]]}},{"type":"Feature","properties":{"jobs":0,"pop":100,"pointCount":1,"homeWorkCommuteMedian":8331,"workHomeCommuteMedian":-1},"geometry":{"type":"Polygon","coordinates":[[[10.000000000000027,53.692449027279366],[10.000000000000027,53.70144223091661],[10.008993203637273,53.70144223091661],[10.008993203637273,53.692449027279366],[10.000000000000027,53.692449027279366]]]}},{"type":"Feature","properties":{"jobs":1600,"pop":400,"pointCount":4,"homeWorkCommuteMedian":25991,"workHomeCommuteMedian":18706},"geometry":{"type":"Polygon","coordinates":[[[10.000000000000027,53.70144223091661],[10.000000000000027,53.71043543455386],[10.008993203637273,53.71043543455386],[10.008993203637273,53.70144223091661],[10.000000000000027,53.70144223091661]]]}},{"type":"Feature","properties":{"jobs":800,"pop":1000,"pointCount":8,"homeWorkCommuteMedian":20704,"workHomeCommuteMedian":19322},"geometry":{"type":"Polygon","coordinates":[[[10.000000000000027,53.71043543455386],[10.000000000000027,53.719428638191104],[10.008993203637273,53.719428638191104],[10.008993203637273,53.71043543455386],[10.000000000000027,53.71043543455386]]]}},{"type":"Feature","properties":{"jobs":0,"pop":500,"pointCount":3,"homeWorkCommuteMedian":13770,"workHomeCommuteMedian":-1},"geometry":{"type":"Polygon","coordinates":[[[10.000000000000027,53.719428638191104],[10.000000000000027,53.72842184182835],[10.008993203637273,53.72842184182835],[10.008993203637273,53.719428638191104],[10.000000000000027,53.719428638191104]]]}},{"type":"Feature","properties":{"jobs":0,"pop":950,"pointCount":5,"homeWorkCommuteMedian":15564,"workHomeCommuteMedian":-1},"geometry":{"type":"Polygon","coordinates":[[[10.000000000000027,53.72842184182835],[10.000000000000027,53.737415045465596],[10.008993203637273,53.737415045465596],[10.008993203637273,53.72842184182835],[10.000000000000027,53.72842184182835]]]}},{"type":"Feature","properties":{"jobs":0,"pop":200,"pointCount":1,"homeWorkCommuteMedian":24096,"workHomeCommuteMedian":-1},"geometry":{"type":"Polygon","coordinates":[[[10.000000000000027,53.737415045465596],[10.000000000000027,53.74640824910284],[10.008993203637273,53.74640824910284],[10.008993203637273,53.737415045465596],[10.000000000000027,53.737415045465596]]]}},{"type":"Feature","properties":{"jobs":0,"pop":200,"pointCount":1,"homeWorkCommuteMedian":21161,"workHomeCommuteMedian":-1},"geometry":{"type":"Polygon","coordinates":[[[10.000000000000027,53.74640824910284],[10.000000000000027,53.75540145274009],[10.008993203637273,53.75540145274009],[10.008993203637273,53.74640824910284],[10.000000000000027,53.74640824910284]]]}},{"type":"Feature","properties":{"jobs":100,"pop":100,"pointCount":2,"homeWorkCommuteMedian":16996,"workHomeCommuteMedian":34751},"geometry":{"type":"Polygon","coordinates":[[[10.000000000000027,53.75540145274009],[10.000000000000027,53.764394656377334],[10.008993203637273,53.764394656377334],[10.008993203637273,53.75540145274009],[10.000000000000027,53.75540145274009]]]}},{"type":"Feature","properties":{"jobs":400,"pop":300,"pointCount":5,"homeWorkCommuteMedian":16098,"workHomeCommuteMedian":28834},"geometry":{"type":"Polygon","coordinates":[[[10.000000000000027,53.782381063651826],[10.000000000000027,53.79137426728907],[10.008993203637273,53.79137426728907],[10.008993203637273,53.782381063651826],[10.000000000000027,53.782381063651826]]]}},{"type":"Feature","properties":{"jobs":200,"pop":200,"pointCount":4,"homeWorkCommuteMedian":16161,"workHomeCommuteMedian":32305},"geometry":{"type":"Polygon","coordinates":[[[10.000000000000027,53.79137426728907],[10.000000000000027,53.80036747092632],[10.008993203637273,53.80036747092632],[10.008993203637273,53.79137426728907],[10.000000000000027,53.79137426728907]]]}},{"type":"Feature","properties":{"jobs":300,"pop":200,"pointCount":5,"homeWorkCommuteMedian":38540,"workHomeCommuteMedian":34751},"geometry":{"type":"Polygon","coordinates":[[[10.000000000000027,53.80036747092632],[10.000000000000027,53.809360674563564],[10.008993203637273,53.809360674563564],[10.008993203637273,53.80036747092632],[10.000000000000027,53.80036747092632]]]}},{"type":"Feature","properties":{"jobs":100,"pop":0,"pointCount":1,"homeWorkCommuteMedian":-1,"workHomeCommuteMedian":30198},"geometry":{"type":"Polygon","coordinates":[[[10.008993203637273,53.386680103613],[10.008993203637273,53.39567330725025],[10.017986407274519,53.39567330725025],[10.017986407274519,53.386680103613],[10.008993203637273,53.386680103613]]]}},{"type":"Feature","properties":{"jobs":0,"pop":300,"pointCount":2,"homeWorkCommuteMedian":17752,"workHomeCommuteMedian":-1},"geometry":{"type":"Polygon","coordinates":[[[10.008993203637273,53.39567330725025],[10.008993203637273,53.404666510887495],[10.017986407274519,53.404666510887495],[10.017986407274519,53.39567330725025],[10.008993203637273,53.39567330725025]]]}},{"type":"Feature","properties":{"jobs":300,"pop":600,"pointCount":6,"homeWorkCommuteMedian":34307,"workHomeCommuteMedian":28024},"geometry":{"type":"Polygon","coordinates":[[[10.008993203637273,53.404666510887495],[10.008993203637273,53.41365971452474],[10.017986407274519,53.41365971452474],[10.017986407274519,53.404666510887495],[10.008993203637273,53.404666510887495]]]}},{"type":"Feature","properties":{"jobs":400,"pop":600,"pointCount":5,"homeWorkCommuteMedian":29679,"workHomeCommuteMedian":28839},"geometry":{"type":"Polygon","coordinates":[[[10.008993203637273,53.41365971452474],[10.008993203637273,53.42265291816199],[10.017986407274519,53.42265291816199],[10.017986407274519,53.41365971452474],[10.008993203637273,53.41365971452474]]]}},{"type":"Feature","properties":{"jobs":0,"pop":200,"pointCount":1,"homeWorkCommuteMedian":31361,"workHomeCommuteMedian":-1},"geometry":{"type":"Polygon","coordinates":[[[10.008993203637273,53.42265291816199],[10.008993203637273,53.43164612179923],[10.017986407274519,53.43164612179923],[10.017986407274519,53.42265291816199],[10.008993203637273,53.42265291816199]]]}},{"type":"Feature","properties":{"jobs":100,"pop":0,"pointCount":1,"homeWorkCommuteMedian":-1,"workHomeCommuteMedian":21081},"geometry":{"type":"Polygon","coordinates":[[[10.008993203637273,53.43164612179923],[10.008993203637273,53.44063932543648],[10.017986407274519,53.44063932543648],[10.017986407274519,53.43164612179923],[10.008993203637273,53.43164612179923]]]}},{"type":"Feature","properties":{"jobs":200,"pop":300,"pointCount":4,"homeWorkCommuteMedian":46255,"workHomeCommuteMedian":34800},"geometry":{"type":"Polygon","coordinates":[[[10.008993203637273,53.449632529073725],[10.008993203637273,53.45862573271097],[10.017986407274519,53.45862573271097],[10.017986407274519,53.449632529073725],[10.008993203637273,53.449632529073725]]]}},{"type":"Feature","properties":{"jobs":200,"pop":200,"pointCount":4,"homeWorkCommuteMedian":20007,"workHomeCommuteMedian":31516},"geometry":{"type":"Polygon","coordinates":[[[10.008993203637273,53.45862573271097],[10.008993203637273,53.46761893634822],[10.017986407274519,53.46761893634822],[10.017986407274519,53.45862573271097],[10.008993203637273,53.45862573271097]]]}},{"type":"Feature","properties":{"jobs":200,"pop":0,"pointCount":1,"homeWorkCommuteMedian":-1,"workHomeCommuteMedian":18057},"geometry":{"type":"Polygon","coordinates":[[[10.008993203637273,53.47661213998546],[10.008993203637273,53.48560534362271],[10.017986407274519,53.48560534362271],[10.017986407274519,53.47661213998546],[10.008993203637273,53.47661213998546]]]}},{"type":"Feature","properties":{"jobs":1200,"pop":1000,"pointCount":11,"homeWorkCommuteMedian":24112,"workHomeCommuteMedian":17324},"geometry":{"type":"Polygon","coordinates":[[[10.008993203637273,53.48560534362271],[10.008993203637273,53.494598547259955],[10.017986407274519,53.494598547259955],[10.017986407274519,53.48560534362271],[10.008993203637273,53.48560534362271]]]}},{"type":"Feature","properties":{"jobs":3500,"pop":900,"pointCount":11,"homeWorkCommuteMedian":20576,"workHomeCommuteMedian":18116},"geometry":{"type":"Polygon","coordinates":[[[10.008993203637273,53.494598547259955],[10.008993203637273,53.5035917508972],[10.017986407274519,53.5035917508972],[10.017986407274519,53.494598547259955],[10.008993203637273,53.494598547259955]]]}},{"type":"Feature","properties":{"jobs":0,"pop":400,"pointCount":4,"homeWorkCommuteMedian":22853,"workHomeCommuteMedian":-1},"geometry":{"type":"Polygon","coordinates":[[[10.008993203637273,53.5035917508972],[10.008993203637273,53.51258495453445],[10.017986407274519,53.51258495453445],[10.017986407274519,53.5035917508972],[10.008993203637273,53.5035917508972]]]}},{"type":"Feature","properties":{"jobs":0,"pop":200,"pointCount":2,"homeWorkCommuteMedian":39180,"workHomeCommuteMedian":-1},"geometry":{"type":"Polygon","coordinates":[[[10.008993203637273,53.51258495453445],[10.008993203637273,53.52157815817169],[10.017986407274519,53.52157815817169],[10.017986407274519,53.51258495453445],[10.008993203637273,53.51258495453445]]]}},{"type":"Feature","properties":{"jobs":100,"pop":100,"pointCount":2,"homeWorkCommuteMedian":19781,"workHomeCommuteMedian":12311},"geometry":{"type":"Polygon","coordinates":[[[10.008993203637273,53.52157815817169],[10.008993203637273,53.53057136180894],[10.017986407274519,53.53057136180894],[10.017986407274519,53.52157815817169],[10.008993203637273,53.52157815817169]]]}},{"type":"Feature","properties":{"jobs":400,"pop":350,"pointCount":4,"homeWorkCommuteMedian":14587,"workHomeCommuteMedian":27040},"geometry":{"type":"Polygon","coordinates":[[[10.008993203637273,53.53057136180894],[10.008993203637273,53.539564565446184],[10.017986407274519,53.539564565446184],[10.017986407274519,53.53057136180894],[10.008993203637273,53.53057136180894]]]}},{"type":"Feature","properties":{"jobs":400,"pop":700,"pointCount":9,"homeWorkCommuteMedian":15176,"workHomeCommuteMedian":26390},"geometry":{"type":"Polygon","coordinates":[[[10.008993203637273,53.539564565446184],[10.008993203637273,53.54855776908343],[10.017986407274519,53.54855776908343],[10.017986407274519,53.539564565446184],[10.008993203637273,53.539564565446184]]]}},{"type":"Feature","properties":{"jobs":2400,"pop":2100,"pointCount":21,"homeWorkCommuteMedian":20000,"workHomeCommuteMedian":18723},"geometry":{"type":"Polygon","coordinates":[[[10.008993203637273,53.54855776908343],[10.008993203637273,53.557550972720676],[10.017986407274519,53.557550972720676],[10.017986407274519,53.54855776908343],[10.008993203637273,53.54855776908343]]]}},{"type":"Feature","properties":{"jobs":500,"pop":400,"pointCount":6,"homeWorkCommuteMedian":31331,"workHomeCommuteMedian":27147},"geometry":{"type":"Polygon","coordinates":[[[10.008993203637273,53.557550972720676],[10.008993203637273,53.56654417635792],[10.017986407274519,53.56654417635792],[10.017986407274519,53.557550972720676],[10.008993203637273,53.557550972720676]]]}},{"type":"Feature","properties":{"jobs":1850,"pop":2850,"pointCount":16,"homeWorkCommuteMedian":15397,"workHomeCommuteMedian":20172},"geometry":{"type":"Polygon","coordinates":[[[10.008993203637273,53.56654417635792],[10.008993203637273,53.57553737999517],[10.017986407274519,53.57553737999517],[10.017986407274519,53.56654417635792],[10.008993203637273,53.56654417635792]]]}},{"type":"Feature","properties":{"jobs":4550,"pop":4050,"pointCount":22,"homeWorkCommuteMedian":17282,"workHomeCommuteMedian":21759},"geometry":{"type":"Polygon","coordinates":[[[10.008993203637273,53.57553737999517],[10.008993203637273,53.584530583632414],[10.017986407274519,53.584530583632414],[10.017986407274519,53.57553737999517],[10.008993203637273,53.57553737999517]]]}},{"type":"Feature","properties":{"jobs":1500,"pop":2000,"pointCount":21,"homeWorkCommuteMedian":20494,"workHomeCommuteMedian":26214},"geometry":{"type":"Polygon","coordinates":[[[10.008993203637273,53.584530583632414],[10.008993203637273,53.59352378726966],[10.017986407274519,53.59352378726966],[10.017986407274519,53.584530583632414],[10.008993203637273,53.584530583632414]]]}},{"type":"Feature","properties":{"jobs":100,"pop":800,"pointCount":7,"homeWorkCommuteMedian":22216,"workHomeCommuteMedian":48898},"geometry":{"type":"Polygon","coordinates":[[[10.008993203637273,53.59352378726966],[10.008993203637273,53.602516990906906],[10.017986407274519,53.602516990906906],[10.017986407274519,53.59352378726966],[10.008993203637273,53.59352378726966]]]}},{"type":"Feature","properties":{"jobs":700,"pop":1350,"pointCount":8,"homeWorkCommuteMedian":14665,"workHomeCommuteMedian":29084},"geometry":{"type":"Polygon","coordinates":[[[10.008993203637273,53.602516990906906],[10.008993203637273,53.61151019454415],[10.017986407274519,53.61151019454415],[10.017986407274519,53.602516990906906],[10.008993203637273,53.602516990906906]]]}},{"type":"Feature","properties":{"jobs":400,"pop":1650,"pointCount":12,"homeWorkCommuteMedian":16866,"workHomeCommuteMedian":36219},"geometry":{"type":"Polygon","coordinates":[[[10.008993203637273,53.61151019454415],[10.008993203637273,53.6205033981814],[10.017986407274519,53.6205033981814],[10.017986407274519,53.61151019454415],[10.008993203637273,53.61151019454415]]]}},{"type":"Feature","properties":{"jobs":200,"pop":1150,"pointCount":9,"homeWorkCommuteMedian":17847,"workHomeCommuteMedian":54050},"geometry":{"type":"Polygon","coordinates":[[[10.008993203637273,53.6205033981814],[10.008993203637273,53.629496601818644],[10.017986407274519,53.629496601818644],[10.017986407274519,53.6205033981814],[10.008993203637273,53.6205033981814]]]}},{"type":"Feature","properties":{"jobs":200,"pop":1150,"pointCount":7,"homeWorkCommuteMedian":25004,"workHomeCommuteMedian":16947},"geometry":{"type":"Polygon","coordinates":[[[10.008993203637273,53.629496601818644],[10.008993203637273,53.63848980545589],[10.017986407274519,53.63848980545589],[10.017986407274519,53.629496601818644],[10.008993203637273,53.629496601818644]]]}},{"type":"Feature","properties":{"jobs":2500,"pop":500,"pointCount":8,"homeWorkCommuteMedian":15220,"workHomeCommuteMedian":12678},"geometry":{"type":"Polygon","coordinates":[[[10.008993203637273,53.63848980545589],[10.008993203637273,53.647483009093136],[10.017986407274519,53.647483009093136],[10.017986407274519,53.63848980545589],[10.008993203637273,53.63848980545589]]]}},{"type":"Feature","properties":{"jobs":7800,"pop":500,"pointCount":14,"homeWorkCommuteMedian":17838,"workHomeCommuteMedian":15305},"geometry":{"type":"Polygon","coordinates":[[[10.008993203637273,53.647483009093136],[10.008993203637273,53.65647621273038],[10.017986407274519,53.65647621273038],[10.017986407274519,53.647483009093136],[10.008993203637273,53.647483009093136]]]}},{"type":"Feature","properties":{"jobs":900,"pop":500,"pointCount":6,"homeWorkCommuteMedian":18383,"workHomeCommuteMedian":20150},"geometry":{"type":"Polygon","coordinates":[[[10.008993203637273,53.65647621273038],[10.008993203637273,53.66546941636763],[10.017986407274519,53.66546941636763],[10.017986407274519,53.65647621273038],[10.008993203637273,53.65647621273038]]]}},{"type":"Feature","properties":{"jobs":200,"pop":800,"pointCount":8,"homeWorkCommuteMedian":20730,"workHomeCommuteMedian":15930},"geometry":{"type":"Polygon","coordinates":[[[10.008993203637273,53.66546941636763],[10.008993203637273,53.674462620004874],[10.017986407274519,53.674462620004874],[10.017986407274519,53.66546941636763],[10.008993203637273,53.66546941636763]]]}},{"type":"Feature","properties":{"jobs":1500,"pop":2150,"pointCount":16,"homeWorkCommuteMedian":15769,"workHomeCommuteMedian":17104},"geometry":{"type":"Polygon","coordinates":[[[10.008993203637273,53.674462620004874],[10.008993203637273,53.68345582364212],[10.017986407274519,53.68345582364212],[10.017986407274519,53.674462620004874],[10.008993203637273,53.674462620004874]]]}},{"type":"Feature","properties":{"jobs":100,"pop":500,"pointCount":4,"homeWorkCommuteMedian":9668,"workHomeCommuteMedian":43346},"geometry":{"type":"Polygon","coordinates":[[[10.008993203637273,53.68345582364212],[10.008993203637273,53.692449027279366],[10.017986407274519,53.692449027279366],[10.017986407274519,53.68345582364212],[10.008993203637273,53.68345582364212]]]}},{"type":"Feature","properties":{"jobs":1400,"pop":500,"pointCount":9,"homeWorkCommuteMedian":10075,"workHomeCommuteMedian":21356},"geometry":{"type":"Polygon","coordinates":[[[10.008993203637273,53.70144223091661],[10.008993203637273,53.71043543455386],[10.017986407274519,53.71043543455386],[10.017986407274519,53.70144223091661],[10.008993203637273,53.70144223091661]]]}},{"type":"Feature","properties":{"jobs":100,"pop":300,"pointCount":4,"homeWorkCommuteMedian":9352,"workHomeCommuteMedian":21788},"geometry":{"type":"Polygon","coordinates":[[[10.008993203637273,53.71043543455386],[10.008993203637273,53.719428638191104],[10.017986407274519,53.719428638191104],[10.017986407274519,53.71043543455386],[10.008993203637273,53.71043543455386]]]}},{"type":"Feature","properties":{"jobs":300,"pop":700,"pointCount":6,"homeWorkCommuteMedian":27113,"workHomeCommuteMedian":22142},"geometry":{"type":"Polygon","coordinates":[[[10.008993203637273,53.719428638191104],[10.008993203637273,53.72842184182835],[10.017986407274519,53.72842184182835],[10.017986407274519,53.719428638191104],[10.008993203637273,53.719428638191104]]]}},{"type":"Feature","properties":{"jobs":300,"pop":200,"pointCount":3,"homeWorkCommuteMedian":29098,"workHomeCommuteMedian":22894},"geometry":{"type":"Polygon","coordinates":[[[10.008993203637273,53.72842184182835],[10.008993203637273,53.737415045465596],[10.017986407274519,53.737415045465596],[10.017986407274519,53.72842184182835],[10.008993203637273,53.72842184182835]]]}},{"type":"Feature","properties":{"jobs":0,"pop":650,"pointCount":5,"homeWorkCommuteMedian":22798,"workHomeCommuteMedian":-1},"geometry":{"type":"Polygon","coordinates":[[[10.008993203637273,53.737415045465596],[10.008993203637273,53.74640824910284],[10.017986407274519,53.74640824910284],[10.017986407274519,53.737415045465596],[10.008993203637273,53.737415045465596]]]}},{"type":"Feature","properties":{"jobs":0,"pop":100,"pointCount":1,"homeWorkCommuteMedian":12434,"workHomeCommuteMedian":-1},"geometry":{"type":"Polygon","coordinates":[[[10.008993203637273,53.74640824910284],[10.008993203637273,53.75540145274009],[10.017986407274519,53.75540145274009],[10.017986407274519,53.74640824910284],[10.008993203637273,53.74640824910284]]]}},{"type":"Feature","properties":{"jobs":0,"pop":300,"pointCount":3,"homeWorkCommuteMedian":3599,"workHomeCommuteMedian":-1},"geometry":{"type":"Polygon","coordinates":[[[10.008993203637273,53.782381063651826],[10.008993203637273,53.79137426728907],[10.017986407274519,53.79137426728907],[10.017986407274519,53.782381063651826],[10.008993203637273,53.782381063651826]]]}},{"type":"Feature","properties":{"jobs":100,"pop":100,"pointCount":2,"homeWorkCommuteMedian":25702,"workHomeCommuteMedian":12389},"geometry":{"type":"Polygon","coordinates":[[[10.008993203637273,53.79137426728907],[10.008993203637273,53.80036747092632],[10.017986407274519,53.80036747092632],[10.017986407274519,53.79137426728907],[10.008993203637273,53.79137426728907]]]}},{"type":"Feature","properties":{"jobs":0,"pop":100,"pointCount":1,"homeWorkCommuteMedian":44747,"workHomeCommuteMedian":-1},"geometry":{"type":"Polygon","coordinates":[[[10.008993203637273,53.80036747092632],[10.008993203637273,53.809360674563564],[10.017986407274519,53.809360674563564],[10.017986407274519,53.80036747092632],[10.008993203637273,53.80036747092632]]]}},{"type":"Feature","properties":{"jobs":400,"pop":300,"pointCount":5,"homeWorkCommuteMedian":18554,"workHomeCommuteMedian":18701},"geometry":{"type":"Polygon","coordinates":[[[10.008993203637273,53.809360674563564],[10.008993203637273,53.81835387820081],[10.017986407274519,53.81835387820081],[10.017986407274519,53.809360674563564],[10.008993203637273,53.809360674563564]]]}},{"type":"Feature","properties":{"jobs":100,"pop":100,"pointCount":1,"homeWorkCommuteMedian":13421,"workHomeCommuteMedian":49594},"geometry":{"type":"Polygon","coordinates":[[[10.008993203637273,53.827347081838056],[10.008993203637273,53.8363402854753],[10.017986407274519,53.8363402854753],[10.017986407274519,53.827347081838056],[10.008993203637273,53.827347081838056]]]}},{"type":"Feature","properties":{"jobs":0,"pop":100,"pointCount":1,"homeWorkCommuteMedian":44435,"workHomeCommuteMedian":-1},"geometry":{"type":"Polygon","coordinates":[[[10.008993203637273,53.854326692749794],[10.008993203637273,53.86331989638704],[10.017986407274519,53.86331989638704],[10.017986407274519,53.854326692749794],[10.008993203637273,53.854326692749794]]]}},{"type":"Feature","properties":{"jobs":300,"pop":100,"pointCount":2,"homeWorkCommuteMedian":61561,"workHomeCommuteMedian":51657},"geometry":{"type":"Polygon","coordinates":[[[10.008993203637273,53.89029950729878],[10.008993203637273,53.899292710936024],[10.017986407274519,53.899292710936024],[10.017986407274519,53.89029950729878],[10.008993203637273,53.89029950729878]]]}},{"type":"Feature","properties":{"jobs":100,"pop":100,"pointCount":2,"homeWorkCommuteMedian":35537,"workHomeCommuteMedian":23257},"geometry":{"type":"Polygon","coordinates":[[[10.017986407274519,53.36869369633851],[10.017986407274519,53.37768689997576],[10.026979610911765,53.37768689997576],[10.026979610911765,53.36869369633851],[10.017986407274519,53.36869369633851]]]}},{"type":"Feature","properties":{"jobs":700,"pop":100,"pointCount":3,"homeWorkCommuteMedian":32619,"workHomeCommuteMedian":32133},"geometry":{"type":"Polygon","coordinates":[[[10.017986407274519,53.37768689997576],[10.017986407274519,53.386680103613],[10.026979610911765,53.386680103613],[10.026979610911765,53.37768689997576],[10.017986407274519,53.37768689997576]]]}},{"type":"Feature","properties":{"jobs":600,"pop":0,"pointCount":2,"homeWorkCommuteMedian":-1,"workHomeCommuteMedian":29351},"geometry":{"type":"Polygon","coordinates":[[[10.017986407274519,53.386680103613],[10.017986407274519,53.39567330725025],[10.026979610911765,53.39567330725025],[10.026979610911765,53.386680103613],[10.017986407274519,53.386680103613]]]}},{"type":"Feature","properties":{"jobs":0,"pop":400,"pointCount":2,"homeWorkCommuteMedian":34154,"workHomeCommuteMedian":-1},"geometry":{"type":"Polygon","coordinates":[[[10.017986407274519,53.404666510887495],[10.017986407274519,53.41365971452474],[10.026979610911765,53.41365971452474],[10.026979610911765,53.404666510887495],[10.017986407274519,53.404666510887495]]]}},{"type":"Feature","properties":{"jobs":1500,"pop":900,"pointCount":11,"homeWorkCommuteMedian":30665,"workHomeCommuteMedian":32474},"geometry":{"type":"Polygon","coordinates":[[[10.017986407274519,53.41365971452474],[10.017986407274519,53.42265291816199],[10.026979610911765,53.42265291816199],[10.026979610911765,53.41365971452474],[10.017986407274519,53.41365971452474]]]}},{"type":"Feature","properties":{"jobs":0,"pop":100,"pointCount":1,"homeWorkCommuteMedian":43323,"workHomeCommuteMedian":-1},"geometry":{"type":"Polygon","coordinates":[[[10.017986407274519,53.42265291816199],[10.017986407274519,53.43164612179923],[10.026979610911765,53.43164612179923],[10.026979610911765,53.42265291816199],[10.017986407274519,53.42265291816199]]]}},{"type":"Feature","properties":{"jobs":0,"pop":100,"pointCount":1,"homeWorkCommuteMedian":35313,"workHomeCommuteMedian":-1},"geometry":{"type":"Polygon","coordinates":[[[10.017986407274519,53.43164612179923],[10.017986407274519,53.44063932543648],[10.026979610911765,53.44063932543648],[10.026979610911765,53.43164612179923],[10.017986407274519,53.43164612179923]]]}},{"type":"Feature","properties":{"jobs":1100,"pop":100,"pointCount":3,"homeWorkCommuteMedian":21691,"workHomeCommuteMedian":17491},"geometry":{"type":"Polygon","coordinates":[[[10.017986407274519,53.47661213998546],[10.017986407274519,53.48560534362271],[10.026979610911765,53.48560534362271],[10.026979610911765,53.47661213998546],[10.017986407274519,53.47661213998546]]]}},{"type":"Feature","properties":{"jobs":0,"pop":100,"pointCount":1,"homeWorkCommuteMedian":24470,"workHomeCommuteMedian":-1},"geometry":{"type":"Polygon","coordinates":[[[10.017986407274519,53.48560534362271],[10.017986407274519,53.494598547259955],[10.026979610911765,53.494598547259955],[10.026979610911765,53.48560534362271],[10.017986407274519,53.48560534362271]]]}},{"type":"Feature","properties":{"jobs":300,"pop":600,"pointCount":8,"homeWorkCommuteMedian":21168,"workHomeCommuteMedian":22231},"geometry":{"type":"Polygon","coordinates":[[[10.017986407274519,53.494598547259955],[10.017986407274519,53.5035917508972],[10.026979610911765,53.5035917508972],[10.026979610911765,53.494598547259955],[10.017986407274519,53.494598547259955]]]}},{"type":"Feature","properties":{"jobs":200,"pop":100,"pointCount":3,"homeWorkCommuteMedian":14286,"workHomeCommuteMedian":31777},"geometry":{"type":"Polygon","coordinates":[[[10.017986407274519,53.5035917508972],[10.017986407274519,53.51258495453445],[10.026979610911765,53.51258495453445],[10.026979610911765,53.5035917508972],[10.017986407274519,53.5035917508972]]]}},{"type":"Feature","properties":{"jobs":300,"pop":0,"pointCount":2,"homeWorkCommuteMedian":-1,"workHomeCommuteMedian":20867},"geometry":{"type":"Polygon","coordinates":[[[10.017986407274519,53.51258495453445],[10.017986407274519,53.52157815817169],[10.026979610911765,53.52157815817169],[10.026979610911765,53.51258495453445],[10.017986407274519,53.51258495453445]]]}},{"type":"Feature","properties":{"jobs":300,"pop":0,"pointCount":2,"homeWorkCommuteMedian":-1,"workHomeCommuteMedian":15521},"geometry":{"type":"Polygon","coordinates":[[[10.017986407274519,53.52157815817169],[10.017986407274519,53.53057136180894],[10.026979610911765,53.53057136180894],[10.026979610911765,53.52157815817169],[10.017986407274519,53.52157815817169]]]}},{"type":"Feature","properties":{"jobs":0,"pop":100,"pointCount":1,"homeWorkCommuteMedian":24101,"workHomeCommuteMedian":-1},"geometry":{"type":"Polygon","coordinates":[[[10.017986407274519,53.53057136180894],[10.017986407274519,53.539564565446184],[10.026979610911765,53.539564565446184],[10.026979610911765,53.53057136180894],[10.017986407274519,53.53057136180894]]]}},{"type":"Feature","properties":{"jobs":400,"pop":300,"pointCount":6,"homeWorkCommuteMedian":31580,"workHomeCommuteMedian":18659},"geometry":{"type":"Polygon","coordinates":[[[10.017986407274519,53.539564565446184],[10.017986407274519,53.54855776908343],[10.026979610911765,53.54855776908343],[10.026979610911765,53.539564565446184],[10.017986407274519,53.539564565446184]]]}},{"type":"Feature","properties":{"jobs":900,"pop":1000,"pointCount":12,"homeWorkCommuteMedian":23116,"workHomeCommuteMedian":23340},"geometry":{"type":"Polygon","coordinates":[[[10.017986407274519,53.54855776908343],[10.017986407274519,53.557550972720676],[10.026979610911765,53.557550972720676],[10.026979610911765,53.54855776908343],[10.017986407274519,53.54855776908343]]]}},{"type":"Feature","properties":{"jobs":1700,"pop":2000,"pointCount":13,"homeWorkCommuteMedian":17113,"workHomeCommuteMedian":15984},"geometry":{"type":"Polygon","coordinates":[[[10.017986407274519,53.557550972720676],[10.017986407274519,53.56654417635792],[10.026979610911765,53.56654417635792],[10.026979610911765,53.557550972720676],[10.017986407274519,53.557550972720676]]]}},{"type":"Feature","properties":{"jobs":3400,"pop":4400,"pointCount":23,"homeWorkCommuteMedian":17630,"workHomeCommuteMedian":20639},"geometry":{"type":"Polygon","coordinates":[[[10.017986407274519,53.56654417635792],[10.017986407274519,53.57553737999517],[10.026979610911765,53.57553737999517],[10.026979610911765,53.56654417635792],[10.017986407274519,53.56654417635792]]]}},{"type":"Feature","properties":{"jobs":2700,"pop":2200,"pointCount":17,"homeWorkCommuteMedian":14007,"workHomeCommuteMedian":26250},"geometry":{"type":"Polygon","coordinates":[[[10.017986407274519,53.57553737999517],[10.017986407274519,53.584530583632414],[10.026979610911765,53.584530583632414],[10.026979610911765,53.57553737999517],[10.017986407274519,53.57553737999517]]]}},{"type":"Feature","properties":{"jobs":850,"pop":1850,"pointCount":12,"homeWorkCommuteMedian":17462,"workHomeCommuteMedian":20188},"geometry":{"type":"Polygon","coordinates":[[[10.017986407274519,53.584530583632414],[10.017986407274519,53.59352378726966],[10.026979610911765,53.59352378726966],[10.026979610911765,53.584530583632414],[10.017986407274519,53.584530583632414]]]}},{"type":"Feature","properties":{"jobs":400,"pop":100,"pointCount":4,"homeWorkCommuteMedian":22302,"workHomeCommuteMedian":25340},"geometry":{"type":"Polygon","coordinates":[[[10.017986407274519,53.59352378726966],[10.017986407274519,53.602516990906906],[10.026979610911765,53.602516990906906],[10.026979610911765,53.59352378726966],[10.017986407274519,53.59352378726966]]]}},{"type":"Feature","properties":{"jobs":700,"pop":400,"pointCount":8,"homeWorkCommuteMedian":13985,"workHomeCommuteMedian":34154},"geometry":{"type":"Polygon","coordinates":[[[10.017986407274519,53.602516990906906],[10.017986407274519,53.61151019454415],[10.026979610911765,53.61151019454415],[10.026979610911765,53.602516990906906],[10.017986407274519,53.602516990906906]]]}},{"type":"Feature","properties":{"jobs":2000,"pop":1500,"pointCount":11,"homeWorkCommuteMedian":21626,"workHomeCommuteMedian":20243},"geometry":{"type":"Polygon","coordinates":[[[10.017986407274519,53.61151019454415],[10.017986407274519,53.6205033981814],[10.026979610911765,53.6205033981814],[10.026979610911765,53.61151019454415],[10.017986407274519,53.61151019454415]]]}},{"type":"Feature","properties":{"jobs":1400,"pop":1700,"pointCount":11,"homeWorkCommuteMedian":16785,"workHomeCommuteMedian":21965},"geometry":{"type":"Polygon","coordinates":[[[10.017986407274519,53.6205033981814],[10.017986407274519,53.629496601818644],[10.026979610911765,53.629496601818644],[10.026979610911765,53.6205033981814],[10.017986407274519,53.6205033981814]]]}},{"type":"Feature","properties":{"jobs":1200,"pop":1550,"pointCount":11,"homeWorkCommuteMedian":21304,"workHomeCommuteMedian":21774},"geometry":{"type":"Polygon","coordinates":[[[10.017986407274519,53.629496601818644],[10.017986407274519,53.63848980545589],[10.026979610911765,53.63848980545589],[10.026979610911765,53.629496601818644],[10.017986407274519,53.629496601818644]]]}},{"type":"Feature","properties":{"jobs":600,"pop":600,"pointCount":7,"homeWorkCommuteMedian":18236,"workHomeCommuteMedian":23168},"geometry":{"type":"Polygon","coordinates":[[[10.017986407274519,53.63848980545589],[10.017986407274519,53.647483009093136],[10.026979610911765,53.647483009093136],[10.026979610911765,53.63848980545589],[10.017986407274519,53.63848980545589]]]}},{"type":"Feature","properties":{"jobs":400,"pop":1800,"pointCount":10,"homeWorkCommuteMedian":15692,"workHomeCommuteMedian":21647},"geometry":{"type":"Polygon","coordinates":[[[10.017986407274519,53.647483009093136],[10.017986407274519,53.65647621273038],[10.026979610911765,53.65647621273038],[10.026979610911765,53.647483009093136],[10.017986407274519,53.647483009093136]]]}},{"type":"Feature","properties":{"jobs":1000,"pop":500,"pointCount":10,"homeWorkCommuteMedian":19411,"workHomeCommuteMedian":17689},"geometry":{"type":"Polygon","coordinates":[[[10.017986407274519,53.65647621273038],[10.017986407274519,53.66546941636763],[10.026979610911765,53.66546941636763],[10.026979610911765,53.65647621273038],[10.017986407274519,53.65647621273038]]]}},{"type":"Feature","properties":{"jobs":100,"pop":850,"pointCount":7,"homeWorkCommuteMedian":16689,"workHomeCommuteMedian":15641},"geometry":{"type":"Polygon","coordinates":[[[10.017986407274519,53.66546941636763],[10.017986407274519,53.674462620004874],[10.026979610911765,53.674462620004874],[10.026979610911765,53.66546941636763],[10.017986407274519,53.66546941636763]]]}},{"type":"Feature","properties":{"jobs":300,"pop":1350,"pointCount":9,"homeWorkCommuteMedian":20151,"workHomeCommuteMedian":13993},"geometry":{"type":"Polygon","coordinates":[[[10.017986407274519,53.674462620004874],[10.017986407274519,53.68345582364212],[10.026979610911765,53.68345582364212],[10.026979610911765,53.674462620004874],[10.017986407274519,53.674462620004874]]]}},{"type":"Feature","properties":{"jobs":400,"pop":1050,"pointCount":8,"homeWorkCommuteMedian":14882,"workHomeCommuteMedian":18196},"geometry":{"type":"Polygon","coordinates":[[[10.017986407274519,53.68345582364212],[10.017986407274519,53.692449027279366],[10.026979610911765,53.692449027279366],[10.026979610911765,53.68345582364212],[10.017986407274519,53.68345582364212]]]}},{"type":"Feature","properties":{"jobs":0,"pop":300,"pointCount":3,"homeWorkCommuteMedian":6368,"workHomeCommuteMedian":-1},"geometry":{"type":"Polygon","coordinates":[[[10.017986407274519,53.692449027279366],[10.017986407274519,53.70144223091661],[10.026979610911765,53.70144223091661],[10.026979610911765,53.692449027279366],[10.017986407274519,53.692449027279366]]]}},{"type":"Feature","properties":{"jobs":300,"pop":100,"pointCount":3,"homeWorkCommuteMedian":16024,"workHomeCommuteMedian":15572},"geometry":{"type":"Polygon","coordinates":[[[10.017986407274519,53.70144223091661],[10.017986407274519,53.71043543455386],[10.026979610911765,53.71043543455386],[10.026979610911765,53.70144223091661],[10.017986407274519,53.70144223091661]]]}},{"type":"Feature","properties":{"jobs":100,"pop":0,"pointCount":1,"homeWorkCommuteMedian":-1,"workHomeCommuteMedian":14756},"geometry":{"type":"Polygon","coordinates":[[[10.017986407274519,53.71043543455386],[10.017986407274519,53.719428638191104],[10.026979610911765,53.719428638191104],[10.026979610911765,53.71043543455386],[10.017986407274519,53.71043543455386]]]}},{"type":"Feature","properties":{"jobs":700,"pop":500,"pointCount":5,"homeWorkCommuteMedian":16858,"workHomeCommuteMedian":18298},"geometry":{"type":"Polygon","coordinates":[[[10.017986407274519,53.719428638191104],[10.017986407274519,53.72842184182835],[10.026979610911765,53.72842184182835],[10.026979610911765,53.719428638191104],[10.017986407274519,53.719428638191104]]]}},{"type":"Feature","properties":{"jobs":800,"pop":1100,"pointCount":9,"homeWorkCommuteMedian":19835,"workHomeCommuteMedian":19654},"geometry":{"type":"Polygon","coordinates":[[[10.017986407274519,53.72842184182835],[10.017986407274519,53.737415045465596],[10.026979610911765,53.737415045465596],[10.026979610911765,53.72842184182835],[10.017986407274519,53.72842184182835]]]}},{"type":"Feature","properties":{"jobs":900,"pop":200,"pointCount":4,"homeWorkCommuteMedian":55850,"workHomeCommuteMedian":21559},"geometry":{"type":"Polygon","coordinates":[[[10.017986407274519,53.737415045465596],[10.017986407274519,53.74640824910284],[10.026979610911765,53.74640824910284],[10.026979610911765,53.737415045465596],[10.017986407274519,53.737415045465596]]]}},{"type":"Feature","properties":{"jobs":0,"pop":100,"pointCount":1,"homeWorkCommuteMedian":30650,"workHomeCommuteMedian":-1},"geometry":{"type":"Polygon","coordinates":[[[10.017986407274519,53.75540145274009],[10.017986407274519,53.764394656377334],[10.026979610911765,53.764394656377334],[10.026979610911765,53.75540145274009],[10.017986407274519,53.75540145274009]]]}},{"type":"Feature","properties":{"jobs":0,"pop":100,"pointCount":1,"homeWorkCommuteMedian":57948,"workHomeCommuteMedian":-1},"geometry":{"type":"Polygon","coordinates":[[[10.017986407274519,53.80036747092632],[10.017986407274519,53.809360674563564],[10.026979610911765,53.809360674563564],[10.026979610911765,53.80036747092632],[10.017986407274519,53.80036747092632]]]}},{"type":"Feature","properties":{"jobs":100,"pop":100,"pointCount":2,"homeWorkCommuteMedian":34757,"workHomeCommuteMedian":54173},"geometry":{"type":"Polygon","coordinates":[[[10.017986407274519,53.8363402854753],[10.017986407274519,53.84533348911255],[10.026979610911765,53.84533348911255],[10.026979610911765,53.8363402854753],[10.017986407274519,53.8363402854753]]]}},{"type":"Feature","properties":{"jobs":0,"pop":100,"pointCount":1,"homeWorkCommuteMedian":51557,"workHomeCommuteMedian":-1},"geometry":{"type":"Polygon","coordinates":[[[10.026979610911765,53.35070728906402],[10.026979610911765,53.359700492701265],[10.03597281454901,53.359700492701265],[10.03597281454901,53.35070728906402],[10.026979610911765,53.35070728906402]]]}},{"type":"Feature","properties":{"jobs":0,"pop":200,"pointCount":1,"homeWorkCommuteMedian":30593,"workHomeCommuteMedian":-1},"geometry":{"type":"Polygon","coordinates":[[[10.026979610911765,53.359700492701265],[10.026979610911765,53.36869369633851],[10.03597281454901,53.36869369633851],[10.03597281454901,53.359700492701265],[10.026979610911765,53.359700492701265]]]}},{"type":"Feature","properties":{"jobs":1300,"pop":800,"pointCount":6,"homeWorkCommuteMedian":30913,"workHomeCommuteMedian":28233},"geometry":{"type":"Polygon","coordinates":[[[10.026979610911765,53.36869369633851],[10.026979610911765,53.37768689997576],[10.03597281454901,53.37768689997576],[10.03597281454901,53.36869369633851],[10.026979610911765,53.36869369633851]]]}},{"type":"Feature","properties":{"jobs":700,"pop":750,"pointCount":7,"homeWorkCommuteMedian":27687,"workHomeCommuteMedian":30816},"geometry":{"type":"Polygon","coordinates":[[[10.026979610911765,53.37768689997576],[10.026979610911765,53.386680103613],[10.03597281454901,53.386680103613],[10.03597281454901,53.37768689997576],[10.026979610911765,53.37768689997576]]]}},{"type":"Feature","properties":{"jobs":300,"pop":700,"pointCount":6,"homeWorkCommuteMedian":26535,"workHomeCommuteMedian":29865},"geometry":{"type":"Polygon","coordinates":[[[10.026979610911765,53.386680103613],[10.026979610911765,53.39567330725025],[10.03597281454901,53.39567330725025],[10.03597281454901,53.386680103613],[10.026979610911765,53.386680103613]]]}},{"type":"Feature","properties":{"jobs":0,"pop":100,"pointCount":1,"homeWorkCommuteMedian":26079,"workHomeCommuteMedian":-1},"geometry":{"type":"Polygon","coordinates":[[[10.026979610911765,53.39567330725025],[10.026979610911765,53.404666510887495],[10.03597281454901,53.404666510887495],[10.03597281454901,53.39567330725025],[10.026979610911765,53.39567330725025]]]}},{"type":"Feature","properties":{"jobs":1500,"pop":900,"pointCount":10,"homeWorkCommuteMedian":32444,"workHomeCommuteMedian":27515},"geometry":{"type":"Polygon","coordinates":[[[10.026979610911765,53.41365971452474],[10.026979610911765,53.42265291816199],[10.03597281454901,53.42265291816199],[10.03597281454901,53.41365971452474],[10.026979610911765,53.41365971452474]]]}},{"type":"Feature","properties":{"jobs":0,"pop":100,"pointCount":1,"homeWorkCommuteMedian":25204,"workHomeCommuteMedian":-1},"geometry":{"type":"Polygon","coordinates":[[[10.026979610911765,53.42265291816199],[10.026979610911765,53.43164612179923],[10.03597281454901,53.43164612179923],[10.03597281454901,53.42265291816199],[10.026979610911765,53.42265291816199]]]}},{"type":"Feature","properties":{"jobs":0,"pop":100,"pointCount":1,"homeWorkCommuteMedian":32087,"workHomeCommuteMedian":-1},"geometry":{"type":"Polygon","coordinates":[[[10.026979610911765,53.44063932543648],[10.026979610911765,53.449632529073725],[10.03597281454901,53.449632529073725],[10.03597281454901,53.44063932543648],[10.026979610911765,53.44063932543648]]]}},{"type":"Feature","properties":{"jobs":0,"pop":400,"pointCount":4,"homeWorkCommuteMedian":23673,"workHomeCommuteMedian":-1},"geometry":{"type":"Polygon","coordinates":[[[10.026979610911765,53.494598547259955],[10.026979610911765,53.5035917508972],[10.03597281454901,53.5035917508972],[10.03597281454901,53.494598547259955],[10.026979610911765,53.494598547259955]]]}},{"type":"Feature","properties":{"jobs":0,"pop":100,"pointCount":1,"homeWorkCommuteMedian":14198,"workHomeCommuteMedian":-1},"geometry":{"type":"Polygon","coordinates":[[[10.026979610911765,53.5035917508972],[10.026979610911765,53.51258495453445],[10.03597281454901,53.51258495453445],[10.03597281454901,53.5035917508972],[10.026979610911765,53.5035917508972]]]}},{"type":"Feature","properties":{"jobs":100,"pop":400,"pointCount":5,"homeWorkCommuteMedian":35020,"workHomeCommuteMedian":18524},"geometry":{"type":"Polygon","coordinates":[[[10.026979610911765,53.51258495453445],[10.026979610911765,53.52157815817169],[10.03597281454901,53.52157815817169],[10.03597281454901,53.51258495453445],[10.026979610911765,53.51258495453445]]]}},{"type":"Feature","properties":{"jobs":0,"pop":600,"pointCount":3,"homeWorkCommuteMedian":19012,"workHomeCommuteMedian":-1},"geometry":{"type":"Polygon","coordinates":[[[10.026979610911765,53.52157815817169],[10.026979610911765,53.53057136180894],[10.03597281454901,53.53057136180894],[10.03597281454901,53.52157815817169],[10.026979610911765,53.52157815817169]]]}},{"type":"Feature","properties":{"jobs":800,"pop":300,"pointCount":7,"homeWorkCommuteMedian":32283,"workHomeCommuteMedian":20625},"geometry":{"type":"Polygon","coordinates":[[[10.026979610911765,53.53057136180894],[10.026979610911765,53.539564565446184],[10.03597281454901,53.539564565446184],[10.03597281454901,53.53057136180894],[10.026979610911765,53.53057136180894]]]}},{"type":"Feature","properties":{"jobs":0,"pop":600,"pointCount":5,"homeWorkCommuteMedian":22445,"workHomeCommuteMedian":-1},"geometry":{"type":"Polygon","coordinates":[[[10.026979610911765,53.539564565446184],[10.026979610911765,53.54855776908343],[10.03597281454901,53.54855776908343],[10.03597281454901,53.539564565446184],[10.026979610911765,53.539564565446184]]]}},{"type":"Feature","properties":{"jobs":2200,"pop":2800,"pointCount":22,"homeWorkCommuteMedian":15302,"workHomeCommuteMedian":18674},"geometry":{"type":"Polygon","coordinates":[[[10.026979610911765,53.54855776908343],[10.026979610911765,53.557550972720676],[10.03597281454901,53.557550972720676],[10.03597281454901,53.54855776908343],[10.026979610911765,53.54855776908343]]]}},{"type":"Feature","properties":{"jobs":3200,"pop":2500,"pointCount":21,"homeWorkCommuteMedian":18201,"workHomeCommuteMedian":16060},"geometry":{"type":"Polygon","coordinates":[[[10.026979610911765,53.557550972720676],[10.026979610911765,53.56654417635792],[10.03597281454901,53.56654417635792],[10.03597281454901,53.557550972720676],[10.026979610911765,53.557550972720676]]]}},{"type":"Feature","properties":{"jobs":1400,"pop":3350,"pointCount":22,"homeWorkCommuteMedian":18057,"workHomeCommuteMedian":15262},"geometry":{"type":"Polygon","coordinates":[[[10.026979610911765,53.56654417635792],[10.026979610911765,53.57553737999517],[10.03597281454901,53.57553737999517],[10.03597281454901,53.56654417635792],[10.026979610911765,53.56654417635792]]]}},{"type":"Feature","properties":{"jobs":800,"pop":2550,"pointCount":13,"homeWorkCommuteMedian":17729,"workHomeCommuteMedian":34789},"geometry":{"type":"Polygon","coordinates":[[[10.026979610911765,53.57553737999517],[10.026979610911765,53.584530583632414],[10.03597281454901,53.584530583632414],[10.03597281454901,53.57553737999517],[10.026979610911765,53.57553737999517]]]}},{"type":"Feature","properties":{"jobs":300,"pop":2200,"pointCount":12,"homeWorkCommuteMedian":18379,"workHomeCommuteMedian":21880},"geometry":{"type":"Polygon","coordinates":[[[10.026979610911765,53.584530583632414],[10.026979610911765,53.59352378726966],[10.03597281454901,53.59352378726966],[10.03597281454901,53.584530583632414],[10.026979610911765,53.584530583632414]]]}},{"type":"Feature","properties":{"jobs":200,"pop":600,"pointCount":5,"homeWorkCommuteMedian":32788,"workHomeCommuteMedian":42853},"geometry":{"type":"Polygon","coordinates":[[[10.026979610911765,53.59352378726966],[10.026979610911765,53.602516990906906],[10.03597281454901,53.602516990906906],[10.03597281454901,53.59352378726966],[10.026979610911765,53.59352378726966]]]}},{"type":"Feature","properties":{"jobs":400,"pop":1350,"pointCount":10,"homeWorkCommuteMedian":16783,"workHomeCommuteMedian":26353},"geometry":{"type":"Polygon","coordinates":[[[10.026979610911765,53.602516990906906],[10.026979610911765,53.61151019454415],[10.03597281454901,53.61151019454415],[10.03597281454901,53.602516990906906],[10.026979610911765,53.602516990906906]]]}},{"type":"Feature","properties":{"jobs":1600,"pop":1900,"pointCount":16,"homeWorkCommuteMedian":16262,"workHomeCommuteMedian":17619},"geometry":{"type":"Polygon","coordinates":[[[10.026979610911765,53.61151019454415],[10.026979610911765,53.6205033981814],[10.03597281454901,53.6205033981814],[10.03597281454901,53.61151019454415],[10.026979610911765,53.61151019454415]]]}},{"type":"Feature","properties":{"jobs":1000,"pop":1150,"pointCount":10,"homeWorkCommuteMedian":14182,"workHomeCommuteMedian":20818},"geometry":{"type":"Polygon","coordinates":[[[10.026979610911765,53.6205033981814],[10.026979610911765,53.629496601818644],[10.03597281454901,53.629496601818644],[10.03597281454901,53.6205033981814],[10.026979610911765,53.6205033981814]]]}},{"type":"Feature","properties":{"jobs":400,"pop":1600,"pointCount":12,"homeWorkCommuteMedian":20036,"workHomeCommuteMedian":18303},"geometry":{"type":"Polygon","coordinates":[[[10.026979610911765,53.629496601818644],[10.026979610911765,53.63848980545589],[10.03597281454901,53.63848980545589],[10.03597281454901,53.629496601818644],[10.026979610911765,53.629496601818644]]]}},{"type":"Feature","properties":{"jobs":700,"pop":1150,"pointCount":10,"homeWorkCommuteMedian":15513,"workHomeCommuteMedian":16928},"geometry":{"type":"Polygon","coordinates":[[[10.026979610911765,53.63848980545589],[10.026979610911765,53.647483009093136],[10.03597281454901,53.647483009093136],[10.03597281454901,53.63848980545589],[10.026979610911765,53.63848980545589]]]}},{"type":"Feature","properties":{"jobs":0,"pop":200,"pointCount":2,"homeWorkCommuteMedian":20611,"workHomeCommuteMedian":-1},"geometry":{"type":"Polygon","coordinates":[[[10.026979610911765,53.647483009093136],[10.026979610911765,53.65647621273038],[10.03597281454901,53.65647621273038],[10.03597281454901,53.647483009093136],[10.026979610911765,53.647483009093136]]]}},{"type":"Feature","properties":{"jobs":0,"pop":700,"pointCount":5,"homeWorkCommuteMedian":18054,"workHomeCommuteMedian":-1},"geometry":{"type":"Polygon","coordinates":[[[10.026979610911765,53.65647621273038],[10.026979610911765,53.66546941636763],[10.03597281454901,53.66546941636763],[10.03597281454901,53.65647621273038],[10.026979610911765,53.65647621273038]]]}},{"type":"Feature","properties":{"jobs":0,"pop":300,"pointCount":2,"homeWorkCommuteMedian":21786,"workHomeCommuteMedian":-1},"geometry":{"type":"Polygon","coordinates":[[[10.026979610911765,53.66546941636763],[10.026979610911765,53.674462620004874],[10.03597281454901,53.674462620004874],[10.03597281454901,53.66546941636763],[10.026979610911765,53.66546941636763]]]}},{"type":"Feature","properties":{"jobs":2700,"pop":1350,"pointCount":11,"homeWorkCommuteMedian":18695,"workHomeCommuteMedian":14854},"geometry":{"type":"Polygon","coordinates":[[[10.026979610911765,53.674462620004874],[10.026979610911765,53.68345582364212],[10.03597281454901,53.68345582364212],[10.03597281454901,53.674462620004874],[10.026979610911765,53.674462620004874]]]}},{"type":"Feature","properties":{"jobs":100,"pop":700,"pointCount":6,"homeWorkCommuteMedian":13520,"workHomeCommuteMedian":25898},"geometry":{"type":"Polygon","coordinates":[[[10.026979610911765,53.68345582364212],[10.026979610911765,53.692449027279366],[10.03597281454901,53.692449027279366],[10.03597281454901,53.68345582364212],[10.026979610911765,53.68345582364212]]]}},{"type":"Feature","properties":{"jobs":900,"pop":1400,"pointCount":12,"homeWorkCommuteMedian":13524,"workHomeCommuteMedian":20798},"geometry":{"type":"Polygon","coordinates":[[[10.026979610911765,53.692449027279366],[10.026979610911765,53.70144223091661],[10.03597281454901,53.70144223091661],[10.03597281454901,53.692449027279366],[10.026979610911765,53.692449027279366]]]}},{"type":"Feature","properties":{"jobs":0,"pop":200,"pointCount":2,"homeWorkCommuteMedian":20177,"workHomeCommuteMedian":-1},"geometry":{"type":"Polygon","coordinates":[[[10.026979610911765,53.70144223091661],[10.026979610911765,53.71043543455386],[10.03597281454901,53.71043543455386],[10.03597281454901,53.70144223091661],[10.026979610911765,53.70144223091661]]]}},{"type":"Feature","properties":{"jobs":0,"pop":100,"pointCount":1,"homeWorkCommuteMedian":28655,"workHomeCommuteMedian":-1},"geometry":{"type":"Polygon","coordinates":[[[10.026979610911765,53.782381063651826],[10.026979610911765,53.79137426728907],[10.03597281454901,53.79137426728907],[10.03597281454901,53.782381063651826],[10.026979610911765,53.782381063651826]]]}},{"type":"Feature","properties":{"jobs":0,"pop":200,"pointCount":2,"homeWorkCommuteMedian":38364,"workHomeCommuteMedian":-1},"geometry":{"type":"Polygon","coordinates":[[[10.026979610911765,53.79137426728907],[10.026979610911765,53.80036747092632],[10.03597281454901,53.80036747092632],[10.03597281454901,53.79137426728907],[10.026979610911765,53.79137426728907]]]}},{"type":"Feature","properties":{"jobs":0,"pop":100,"pointCount":1,"homeWorkCommuteMedian":30032,"workHomeCommuteMedian":-1},"geometry":{"type":"Polygon","coordinates":[[[10.026979610911765,53.80036747092632],[10.026979610911765,53.809360674563564],[10.03597281454901,53.809360674563564],[10.03597281454901,53.80036747092632],[10.026979610911765,53.80036747092632]]]}},{"type":"Feature","properties":{"jobs":100,"pop":100,"pointCount":2,"homeWorkCommuteMedian":34420,"workHomeCommuteMedian":30047},"geometry":{"type":"Polygon","coordinates":[[[10.026979610911765,53.8363402854753],[10.026979610911765,53.84533348911255],[10.03597281454901,53.84533348911255],[10.03597281454901,53.8363402854753],[10.026979610911765,53.8363402854753]]]}},{"type":"Feature","properties":{"jobs":0,"pop":500,"pointCount":4,"homeWorkCommuteMedian":34175,"workHomeCommuteMedian":-1},"geometry":{"type":"Polygon","coordinates":[[[10.03597281454901,53.36869369633851],[10.03597281454901,53.37768689997576],[10.044966018186257,53.37768689997576],[10.044966018186257,53.36869369633851],[10.03597281454901,53.36869369633851]]]}},{"type":"Feature","properties":{"jobs":700,"pop":300,"pointCount":3,"homeWorkCommuteMedian":25000,"workHomeCommuteMedian":34583},"geometry":{"type":"Polygon","coordinates":[[[10.03597281454901,53.37768689997576],[10.03597281454901,53.386680103613],[10.044966018186257,53.386680103613],[10.044966018186257,53.37768689997576],[10.03597281454901,53.37768689997576]]]}},{"type":"Feature","properties":{"jobs":2100,"pop":500,"pointCount":11,"homeWorkCommuteMedian":27546,"workHomeCommuteMedian":26341},"geometry":{"type":"Polygon","coordinates":[[[10.03597281454901,53.386680103613],[10.03597281454901,53.39567330725025],[10.044966018186257,53.39567330725025],[10.044966018186257,53.386680103613],[10.03597281454901,53.386680103613]]]}},{"type":"Feature","properties":{"jobs":500,"pop":300,"pointCount":4,"homeWorkCommuteMedian":39931,"workHomeCommuteMedian":34070},"geometry":{"type":"Polygon","coordinates":[[[10.03597281454901,53.39567330725025],[10.03597281454901,53.404666510887495],[10.044966018186257,53.404666510887495],[10.044966018186257,53.39567330725025],[10.03597281454901,53.39567330725025]]]}},{"type":"Feature","properties":{"jobs":0,"pop":400,"pointCount":3,"homeWorkCommuteMedian":32910,"workHomeCommuteMedian":-1},"geometry":{"type":"Polygon","coordinates":[[[10.03597281454901,53.41365971452474],[10.03597281454901,53.42265291816199],[10.044966018186257,53.42265291816199],[10.044966018186257,53.41365971452474],[10.03597281454901,53.41365971452474]]]}},{"type":"Feature","properties":{"jobs":0,"pop":200,"pointCount":2,"homeWorkCommuteMedian":59040,"workHomeCommuteMedian":-1},"geometry":{"type":"Polygon","coordinates":[[[10.03597281454901,53.42265291816199],[10.03597281454901,53.43164612179923],[10.044966018186257,53.43164612179923],[10.044966018186257,53.42265291816199],[10.03597281454901,53.42265291816199]]]}},{"type":"Feature","properties":{"jobs":0,"pop":100,"pointCount":1,"homeWorkCommuteMedian":20980,"workHomeCommuteMedian":-1},"geometry":{"type":"Polygon","coordinates":[[[10.03597281454901,53.43164612179923],[10.03597281454901,53.44063932543648],[10.044966018186257,53.44063932543648],[10.044966018186257,53.43164612179923],[10.03597281454901,53.43164612179923]]]}},{"type":"Feature","properties":{"jobs":300,"pop":0,"pointCount":1,"homeWorkCommuteMedian":-1,"workHomeCommuteMedian":17302},"geometry":{"type":"Polygon","coordinates":[[[10.03597281454901,53.449632529073725],[10.03597281454901,53.45862573271097],[10.044966018186257,53.45862573271097],[10.044966018186257,53.449632529073725],[10.03597281454901,53.449632529073725]]]}},{"type":"Feature","properties":{"jobs":0,"pop":200,"pointCount":2,"homeWorkCommuteMedian":20367,"workHomeCommuteMedian":-1},"geometry":{"type":"Polygon","coordinates":[[[10.03597281454901,53.494598547259955],[10.03597281454901,53.5035917508972],[10.044966018186257,53.5035917508972],[10.044966018186257,53.494598547259955],[10.03597281454901,53.494598547259955]]]}},{"type":"Feature","properties":{"jobs":0,"pop":100,"pointCount":1,"homeWorkCommuteMedian":39223,"workHomeCommuteMedian":-1},"geometry":{"type":"Polygon","coordinates":[[[10.03597281454901,53.5035917508972],[10.03597281454901,53.51258495453445],[10.044966018186257,53.51258495453445],[10.044966018186257,53.5035917508972],[10.03597281454901,53.5035917508972]]]}},{"type":"Feature","properties":{"jobs":100,"pop":200,"pointCount":3,"homeWorkCommuteMedian":24200,"workHomeCommuteMedian":18093},"geometry":{"type":"Polygon","coordinates":[[[10.03597281454901,53.51258495453445],[10.03597281454901,53.52157815817169],[10.044966018186257,53.52157815817169],[10.044966018186257,53.51258495453445],[10.03597281454901,53.51258495453445]]]}},{"type":"Feature","properties":{"jobs":100,"pop":0,"pointCount":1,"homeWorkCommuteMedian":-1,"workHomeCommuteMedian":15763},"geometry":{"type":"Polygon","coordinates":[[[10.03597281454901,53.52157815817169],[10.03597281454901,53.53057136180894],[10.044966018186257,53.53057136180894],[10.044966018186257,53.52157815817169],[10.03597281454901,53.52157815817169]]]}},{"type":"Feature","properties":{"jobs":1800,"pop":600,"pointCount":9,"homeWorkCommuteMedian":19208,"workHomeCommuteMedian":16266},"geometry":{"type":"Polygon","coordinates":[[[10.03597281454901,53.53057136180894],[10.03597281454901,53.539564565446184],[10.044966018186257,53.539564565446184],[10.044966018186257,53.53057136180894],[10.03597281454901,53.53057136180894]]]}},{"type":"Feature","properties":{"jobs":700,"pop":200,"pointCount":6,"homeWorkCommuteMedian":15338,"workHomeCommuteMedian":16270},"geometry":{"type":"Polygon","coordinates":[[[10.03597281454901,53.539564565446184],[10.03597281454901,53.54855776908343],[10.044966018186257,53.54855776908343],[10.044966018186257,53.539564565446184],[10.03597281454901,53.539564565446184]]]}},{"type":"Feature","properties":{"jobs":2500,"pop":1600,"pointCount":17,"homeWorkCommuteMedian":16765,"workHomeCommuteMedian":22600},"geometry":{"type":"Polygon","coordinates":[[[10.03597281454901,53.54855776908343],[10.03597281454901,53.557550972720676],[10.044966018186257,53.557550972720676],[10.044966018186257,53.54855776908343],[10.03597281454901,53.54855776908343]]]}},{"type":"Feature","properties":{"jobs":2100,"pop":1950,"pointCount":17,"homeWorkCommuteMedian":16734,"workHomeCommuteMedian":18934},"geometry":{"type":"Polygon","coordinates":[[[10.03597281454901,53.557550972720676],[10.03597281454901,53.56654417635792],[10.044966018186257,53.56654417635792],[10.044966018186257,53.557550972720676],[10.03597281454901,53.557550972720676]]]}},{"type":"Feature","properties":{"jobs":1200,"pop":2300,"pointCount":15,"homeWorkCommuteMedian":20042,"workHomeCommuteMedian":22906},"geometry":{"type":"Polygon","coordinates":[[[10.03597281454901,53.56654417635792],[10.03597281454901,53.57553737999517],[10.044966018186257,53.57553737999517],[10.044966018186257,53.56654417635792],[10.03597281454901,53.56654417635792]]]}},{"type":"Feature","properties":{"jobs":3900,"pop":3150,"pointCount":15,"homeWorkCommuteMedian":20284,"workHomeCommuteMedian":20558},"geometry":{"type":"Polygon","coordinates":[[[10.03597281454901,53.57553737999517],[10.03597281454901,53.584530583632414],[10.044966018186257,53.584530583632414],[10.044966018186257,53.57553737999517],[10.03597281454901,53.57553737999517]]]}},{"type":"Feature","properties":{"jobs":200,"pop":2700,"pointCount":12,"homeWorkCommuteMedian":21545,"workHomeCommuteMedian":13433},"geometry":{"type":"Polygon","coordinates":[[[10.03597281454901,53.584530583632414],[10.03597281454901,53.59352378726966],[10.044966018186257,53.59352378726966],[10.044966018186257,53.584530583632414],[10.03597281454901,53.584530583632414]]]}},{"type":"Feature","properties":{"jobs":3100,"pop":2400,"pointCount":20,"homeWorkCommuteMedian":17796,"workHomeCommuteMedian":20295},"geometry":{"type":"Polygon","coordinates":[[[10.03597281454901,53.59352378726966],[10.03597281454901,53.602516990906906],[10.044966018186257,53.602516990906906],[10.044966018186257,53.59352378726966],[10.03597281454901,53.59352378726966]]]}},{"type":"Feature","properties":{"jobs":1400,"pop":1750,"pointCount":15,"homeWorkCommuteMedian":19663,"workHomeCommuteMedian":21617},"geometry":{"type":"Polygon","coordinates":[[[10.03597281454901,53.602516990906906],[10.03597281454901,53.61151019454415],[10.044966018186257,53.61151019454415],[10.044966018186257,53.602516990906906],[10.03597281454901,53.602516990906906]]]}},{"type":"Feature","properties":{"jobs":0,"pop":300,"pointCount":3,"homeWorkCommuteMedian":26129,"workHomeCommuteMedian":-1},"geometry":{"type":"Polygon","coordinates":[[[10.03597281454901,53.61151019454415],[10.03597281454901,53.6205033981814],[10.044966018186257,53.6205033981814],[10.044966018186257,53.61151019454415],[10.03597281454901,53.61151019454415]]]}},{"type":"Feature","properties":{"jobs":0,"pop":100,"pointCount":1,"homeWorkCommuteMedian":42995,"workHomeCommuteMedian":-1},"geometry":{"type":"Polygon","coordinates":[[[10.03597281454901,53.6205033981814],[10.03597281454901,53.629496601818644],[10.044966018186257,53.629496601818644],[10.044966018186257,53.6205033981814],[10.03597281454901,53.6205033981814]]]}},{"type":"Feature","properties":{"jobs":0,"pop":900,"pointCount":6,"homeWorkCommuteMedian":26131,"workHomeCommuteMedian":-1},"geometry":{"type":"Polygon","coordinates":[[[10.03597281454901,53.629496601818644],[10.03597281454901,53.63848980545589],[10.044966018186257,53.63848980545589],[10.044966018186257,53.629496601818644],[10.03597281454901,53.629496601818644]]]}},{"type":"Feature","properties":{"jobs":2000,"pop":400,"pointCount":6,"homeWorkCommuteMedian":34411,"workHomeCommuteMedian":20553},"geometry":{"type":"Polygon","coordinates":[[[10.03597281454901,53.63848980545589],[10.03597281454901,53.647483009093136],[10.044966018186257,53.647483009093136],[10.044966018186257,53.63848980545589],[10.03597281454901,53.63848980545589]]]}},{"type":"Feature","properties":{"jobs":900,"pop":400,"pointCount":6,"homeWorkCommuteMedian":19060,"workHomeCommuteMedian":17611},"geometry":{"type":"Polygon","coordinates":[[[10.03597281454901,53.647483009093136],[10.03597281454901,53.65647621273038],[10.044966018186257,53.65647621273038],[10.044966018186257,53.647483009093136],[10.03597281454901,53.647483009093136]]]}},{"type":"Feature","properties":{"jobs":0,"pop":100,"pointCount":1,"homeWorkCommuteMedian":15564,"workHomeCommuteMedian":-1},"geometry":{"type":"Polygon","coordinates":[[[10.03597281454901,53.66546941636763],[10.03597281454901,53.674462620004874],[10.044966018186257,53.674462620004874],[10.044966018186257,53.66546941636763],[10.03597281454901,53.66546941636763]]]}},{"type":"Feature","properties":{"jobs":0,"pop":400,"pointCount":2,"homeWorkCommuteMedian":23683,"workHomeCommuteMedian":-1},"geometry":{"type":"Polygon","coordinates":[[[10.03597281454901,53.674462620004874],[10.03597281454901,53.68345582364212],[10.044966018186257,53.68345582364212],[10.044966018186257,53.674462620004874],[10.03597281454901,53.674462620004874]]]}},{"type":"Feature","properties":{"jobs":1300,"pop":500,"pointCount":7,"homeWorkCommuteMedian":13837,"workHomeCommuteMedian":16684},"geometry":{"type":"Polygon","coordinates":[[[10.03597281454901,53.68345582364212],[10.03597281454901,53.692449027279366],[10.044966018186257,53.692449027279366],[10.044966018186257,53.68345582364212],[10.03597281454901,53.68345582364212]]]}},{"type":"Feature","properties":{"jobs":100,"pop":650,"pointCount":5,"homeWorkCommuteMedian":15456,"workHomeCommuteMedian":16543},"geometry":{"type":"Polygon","coordinates":[[[10.03597281454901,53.692449027279366],[10.03597281454901,53.70144223091661],[10.044966018186257,53.70144223091661],[10.044966018186257,53.692449027279366],[10.03597281454901,53.692449027279366]]]}},{"type":"Feature","properties":{"jobs":0,"pop":200,"pointCount":2,"homeWorkCommuteMedian":10003,"workHomeCommuteMedian":-1},"geometry":{"type":"Polygon","coordinates":[[[10.03597281454901,53.70144223091661],[10.03597281454901,53.71043543455386],[10.044966018186257,53.71043543455386],[10.044966018186257,53.70144223091661],[10.03597281454901,53.70144223091661]]]}},{"type":"Feature","properties":{"jobs":0,"pop":100,"pointCount":1,"homeWorkCommuteMedian":18573,"workHomeCommuteMedian":-1},"geometry":{"type":"Polygon","coordinates":[[[10.03597281454901,53.79137426728907],[10.03597281454901,53.80036747092632],[10.044966018186257,53.80036747092632],[10.044966018186257,53.79137426728907],[10.03597281454901,53.79137426728907]]]}},{"type":"Feature","properties":{"jobs":0,"pop":100,"pointCount":1,"homeWorkCommuteMedian":43884,"workHomeCommuteMedian":-1},"geometry":{"type":"Polygon","coordinates":[[[10.03597281454901,53.8363402854753],[10.03597281454901,53.84533348911255],[10.044966018186257,53.84533348911255],[10.044966018186257,53.8363402854753],[10.03597281454901,53.8363402854753]]]}},{"type":"Feature","properties":{"jobs":0,"pop":500,"pointCount":5,"homeWorkCommuteMedian":31914,"workHomeCommuteMedian":-1},"geometry":{"type":"Polygon","coordinates":[[[10.044966018186257,53.36869369633851],[10.044966018186257,53.37768689997576],[10.053959221823503,53.37768689997576],[10.053959221823503,53.36869369633851],[10.044966018186257,53.36869369633851]]]}},{"type":"Feature","properties":{"jobs":300,"pop":200,"pointCount":4,"homeWorkCommuteMedian":22428,"workHomeCommuteMedian":31641},"geometry":{"type":"Polygon","coordinates":[[[10.044966018186257,53.386680103613],[10.044966018186257,53.39567330725025],[10.053959221823503,53.39567330725025],[10.053959221823503,53.386680103613],[10.044966018186257,53.386680103613]]]}},{"type":"Feature","properties":{"jobs":100,"pop":800,"pointCount":6,"homeWorkCommuteMedian":30219,"workHomeCommuteMedian":33593},"geometry":{"type":"Polygon","coordinates":[[[10.044966018186257,53.39567330725025],[10.044966018186257,53.404666510887495],[10.053959221823503,53.404666510887495],[10.053959221823503,53.39567330725025],[10.044966018186257,53.39567330725025]]]}},{"type":"Feature","properties":{"jobs":0,"pop":100,"pointCount":1,"homeWorkCommuteMedian":24420,"workHomeCommuteMedian":-1},"geometry":{"type":"Polygon","coordinates":[[[10.044966018186257,53.404666510887495],[10.044966018186257,53.41365971452474],[10.053959221823503,53.41365971452474],[10.053959221823503,53.404666510887495],[10.044966018186257,53.404666510887495]]]}},{"type":"Feature","properties":{"jobs":100,"pop":200,"pointCount":3,"homeWorkCommuteMedian":44134,"workHomeCommuteMedian":19443},"geometry":{"type":"Polygon","coordinates":[[[10.044966018186257,53.44063932543648],[10.044966018186257,53.449632529073725],[10.053959221823503,53.449632529073725],[10.053959221823503,53.44063932543648],[10.044966018186257,53.44063932543648]]]}},{"type":"Feature","properties":{"jobs":100,"pop":0,"pointCount":1,"homeWorkCommuteMedian":-1,"workHomeCommuteMedian":29255},"geometry":{"type":"Polygon","coordinates":[[[10.044966018186257,53.449632529073725],[10.044966018186257,53.45862573271097],[10.053959221823503,53.45862573271097],[10.053959221823503,53.449632529073725],[10.044966018186257,53.449632529073725]]]}},{"type":"Feature","properties":{"jobs":600,"pop":100,"pointCount":3,"homeWorkCommuteMedian":27564,"workHomeCommuteMedian":30224},"geometry":{"type":"Polygon","coordinates":[[[10.044966018186257,53.45862573271097],[10.044966018186257,53.46761893634822],[10.053959221823503,53.46761893634822],[10.053959221823503,53.45862573271097],[10.044966018186257,53.45862573271097]]]}},{"type":"Feature","properties":{"jobs":0,"pop":300,"pointCount":3,"homeWorkCommuteMedian":21189,"workHomeCommuteMedian":-1},"geometry":{"type":"Polygon","coordinates":[[[10.044966018186257,53.47661213998546],[10.044966018186257,53.48560534362271],[10.053959221823503,53.48560534362271],[10.053959221823503,53.47661213998546],[10.044966018186257,53.47661213998546]]]}},{"type":"Feature","properties":{"jobs":100,"pop":0,"pointCount":1,"homeWorkCommuteMedian":-1,"workHomeCommuteMedian":31291},"geometry":{"type":"Polygon","coordinates":[[[10.044966018186257,53.5035917508972],[10.044966018186257,53.51258495453445],[10.053959221823503,53.51258495453445],[10.053959221823503,53.5035917508972],[10.044966018186257,53.5035917508972]]]}},{"type":"Feature","properties":{"jobs":200,"pop":0,"pointCount":1,"homeWorkCommuteMedian":-1,"workHomeCommuteMedian":39147},"geometry":{"type":"Polygon","coordinates":[[[10.044966018186257,53.51258495453445],[10.044966018186257,53.52157815817169],[10.053959221823503,53.52157815817169],[10.053959221823503,53.51258495453445],[10.044966018186257,53.51258495453445]]]}},{"type":"Feature","properties":{"jobs":100,"pop":700,"pointCount":6,"homeWorkCommuteMedian":21881,"workHomeCommuteMedian":12611},"geometry":{"type":"Polygon","coordinates":[[[10.044966018186257,53.53057136180894],[10.044966018186257,53.539564565446184],[10.053959221823503,53.539564565446184],[10.053959221823503,53.53057136180894],[10.044966018186257,53.53057136180894]]]}},{"type":"Feature","properties":{"jobs":1800,"pop":2450,"pointCount":17,"homeWorkCommuteMedian":17692,"workHomeCommuteMedian":17886},"geometry":{"type":"Polygon","coordinates":[[[10.044966018186257,53.539564565446184],[10.044966018186257,53.54855776908343],[10.053959221823503,53.54855776908343],[10.053959221823503,53.539564565446184],[10.044966018186257,53.539564565446184]]]}},{"type":"Feature","properties":{"jobs":3800,"pop":3650,"pointCount":22,"homeWorkCommuteMedian":22975,"workHomeCommuteMedian":16269},"geometry":{"type":"Polygon","coordinates":[[[10.044966018186257,53.54855776908343],[10.044966018186257,53.557550972720676],[10.053959221823503,53.557550972720676],[10.053959221823503,53.54855776908343],[10.044966018186257,53.54855776908343]]]}},{"type":"Feature","properties":{"jobs":2100,"pop":2850,"pointCount":21,"homeWorkCommuteMedian":16554,"workHomeCommuteMedian":18455},"geometry":{"type":"Polygon","coordinates":[[[10.044966018186257,53.557550972720676],[10.044966018186257,53.56654417635792],[10.053959221823503,53.56654417635792],[10.053959221823503,53.557550972720676],[10.044966018186257,53.557550972720676]]]}},{"type":"Feature","properties":{"jobs":2750,"pop":3500,"pointCount":23,"homeWorkCommuteMedian":16058,"workHomeCommuteMedian":19721},"geometry":{"type":"Polygon","coordinates":[[[10.044966018186257,53.56654417635792],[10.044966018186257,53.57553737999517],[10.053959221823503,53.57553737999517],[10.053959221823503,53.56654417635792],[10.044966018186257,53.56654417635792]]]}},{"type":"Feature","properties":{"jobs":1400,"pop":1250,"pointCount":14,"homeWorkCommuteMedian":20107,"workHomeCommuteMedian":20985},"geometry":{"type":"Polygon","coordinates":[[[10.044966018186257,53.57553737999517],[10.044966018186257,53.584530583632414],[10.053959221823503,53.584530583632414],[10.053959221823503,53.57553737999517],[10.044966018186257,53.57553737999517]]]}},{"type":"Feature","properties":{"jobs":6000,"pop":3850,"pointCount":24,"homeWorkCommuteMedian":21608,"workHomeCommuteMedian":21858},"geometry":{"type":"Polygon","coordinates":[[[10.044966018186257,53.584530583632414],[10.044966018186257,53.59352378726966],[10.053959221823503,53.59352378726966],[10.053959221823503,53.584530583632414],[10.044966018186257,53.584530583632414]]]}},{"type":"Feature","properties":{"jobs":2100,"pop":4800,"pointCount":23,"homeWorkCommuteMedian":18821,"workHomeCommuteMedian":25205},"geometry":{"type":"Polygon","coordinates":[[[10.044966018186257,53.59352378726966],[10.044966018186257,53.602516990906906],[10.053959221823503,53.602516990906906],[10.053959221823503,53.59352378726966],[10.044966018186257,53.59352378726966]]]}},{"type":"Feature","properties":{"jobs":1700,"pop":2100,"pointCount":14,"homeWorkCommuteMedian":15110,"workHomeCommuteMedian":29071},"geometry":{"type":"Polygon","coordinates":[[[10.044966018186257,53.602516990906906],[10.044966018186257,53.61151019454415],[10.053959221823503,53.61151019454415],[10.053959221823503,53.602516990906906],[10.044966018186257,53.602516990906906]]]}},{"type":"Feature","properties":{"jobs":100,"pop":1500,"pointCount":6,"homeWorkCommuteMedian":24705,"workHomeCommuteMedian":12963},"geometry":{"type":"Polygon","coordinates":[[[10.044966018186257,53.61151019454415],[10.044966018186257,53.6205033981814],[10.053959221823503,53.6205033981814],[10.053959221823503,53.61151019454415],[10.044966018186257,53.61151019454415]]]}},{"type":"Feature","properties":{"jobs":0,"pop":100,"pointCount":1,"homeWorkCommuteMedian":19400,"workHomeCommuteMedian":-1},"geometry":{"type":"Polygon","coordinates":[[[10.044966018186257,53.6205033981814],[10.044966018186257,53.629496601818644],[10.053959221823503,53.629496601818644],[10.053959221823503,53.6205033981814],[10.044966018186257,53.6205033981814]]]}},{"type":"Feature","properties":{"jobs":500,"pop":1300,"pointCount":8,"homeWorkCommuteMedian":21155,"workHomeCommuteMedian":20207},"geometry":{"type":"Polygon","coordinates":[[[10.044966018186257,53.629496601818644],[10.044966018186257,53.63848980545589],[10.053959221823503,53.63848980545589],[10.053959221823503,53.629496601818644],[10.044966018186257,53.629496601818644]]]}},{"type":"Feature","properties":{"jobs":2100,"pop":1100,"pointCount":9,"homeWorkCommuteMedian":18524,"workHomeCommuteMedian":20822},"geometry":{"type":"Polygon","coordinates":[[[10.044966018186257,53.63848980545589],[10.044966018186257,53.647483009093136],[10.053959221823503,53.647483009093136],[10.053959221823503,53.63848980545589],[10.044966018186257,53.63848980545589]]]}},{"type":"Feature","properties":{"jobs":600,"pop":300,"pointCount":4,"homeWorkCommuteMedian":13527,"workHomeCommuteMedian":14489},"geometry":{"type":"Polygon","coordinates":[[[10.044966018186257,53.647483009093136],[10.044966018186257,53.65647621273038],[10.053959221823503,53.65647621273038],[10.053959221823503,53.647483009093136],[10.044966018186257,53.647483009093136]]]}},{"type":"Feature","properties":{"jobs":100,"pop":0,"pointCount":1,"homeWorkCommuteMedian":-1,"workHomeCommuteMedian":12466},"geometry":{"type":"Polygon","coordinates":[[[10.044966018186257,53.674462620004874],[10.044966018186257,53.68345582364212],[10.053959221823503,53.68345582364212],[10.053959221823503,53.674462620004874],[10.044966018186257,53.674462620004874]]]}},{"type":"Feature","properties":{"jobs":400,"pop":950,"pointCount":6,"homeWorkCommuteMedian":13700,"workHomeCommuteMedian":40424},"geometry":{"type":"Polygon","coordinates":[[[10.044966018186257,53.68345582364212],[10.044966018186257,53.692449027279366],[10.053959221823503,53.692449027279366],[10.053959221823503,53.68345582364212],[10.044966018186257,53.68345582364212]]]}},{"type":"Feature","properties":{"jobs":300,"pop":500,"pointCount":6,"homeWorkCommuteMedian":9043,"workHomeCommuteMedian":19072},"geometry":{"type":"Polygon","coordinates":[[[10.044966018186257,53.692449027279366],[10.044966018186257,53.70144223091661],[10.053959221823503,53.70144223091661],[10.053959221823503,53.692449027279366],[10.044966018186257,53.692449027279366]]]}},{"type":"Feature","properties":{"jobs":100,"pop":300,"pointCount":3,"homeWorkCommuteMedian":22295,"workHomeCommuteMedian":26127},"geometry":{"type":"Polygon","coordinates":[[[10.044966018186257,53.79137426728907],[10.044966018186257,53.80036747092632],[10.053959221823503,53.80036747092632],[10.053959221823503,53.79137426728907],[10.044966018186257,53.79137426728907]]]}},{"type":"Feature","properties":{"jobs":0,"pop":100,"pointCount":1,"homeWorkCommuteMedian":20471,"workHomeCommuteMedian":-1},"geometry":{"type":"Polygon","coordinates":[[[10.044966018186257,53.809360674563564],[10.044966018186257,53.81835387820081],[10.053959221823503,53.81835387820081],[10.053959221823503,53.809360674563564],[10.044966018186257,53.809360674563564]]]}},{"type":"Feature","properties":{"jobs":300,"pop":100,"pointCount":3,"homeWorkCommuteMedian":50948,"workHomeCommuteMedian":49681},"geometry":{"type":"Polygon","coordinates":[[[10.044966018186257,53.89029950729878],[10.044966018186257,53.899292710936024],[10.053959221823503,53.899292710936024],[10.053959221823503,53.89029950729878],[10.044966018186257,53.89029950729878]]]}},{"type":"Feature","properties":{"jobs":0,"pop":100,"pointCount":1,"homeWorkCommuteMedian":36937,"workHomeCommuteMedian":-1},"geometry":{"type":"Polygon","coordinates":[[[10.053959221823503,53.36869369633851],[10.053959221823503,53.37768689997576],[10.062952425460749,53.37768689997576],[10.062952425460749,53.36869369633851],[10.053959221823503,53.36869369633851]]]}},{"type":"Feature","properties":{"jobs":400,"pop":100,"pointCount":2,"homeWorkCommuteMedian":45891,"workHomeCommuteMedian":36534},"geometry":{"type":"Polygon","coordinates":[[[10.053959221823503,53.37768689997576],[10.053959221823503,53.386680103613],[10.062952425460749,53.386680103613],[10.062952425460749,53.37768689997576],[10.053959221823503,53.37768689997576]]]}},{"type":"Feature","properties":{"jobs":0,"pop":100,"pointCount":1,"homeWorkCommuteMedian":30794,"workHomeCommuteMedian":-1},"geometry":{"type":"Polygon","coordinates":[[[10.053959221823503,53.39567330725025],[10.053959221823503,53.404666510887495],[10.062952425460749,53.404666510887495],[10.062952425460749,53.39567330725025],[10.053959221823503,53.39567330725025]]]}},{"type":"Feature","properties":{"jobs":0,"pop":200,"pointCount":1,"homeWorkCommuteMedian":35433,"workHomeCommuteMedian":-1},"geometry":{"type":"Polygon","coordinates":[[[10.053959221823503,53.404666510887495],[10.053959221823503,53.41365971452474],[10.062952425460749,53.41365971452474],[10.062952425460749,53.404666510887495],[10.053959221823503,53.404666510887495]]]}},{"type":"Feature","properties":{"jobs":300,"pop":100,"pointCount":2,"homeWorkCommuteMedian":19201,"workHomeCommuteMedian":30193},"geometry":{"type":"Polygon","coordinates":[[[10.053959221823503,53.449632529073725],[10.053959221823503,53.45862573271097],[10.062952425460749,53.45862573271097],[10.062952425460749,53.449632529073725],[10.053959221823503,53.449632529073725]]]}},{"type":"Feature","properties":{"jobs":0,"pop":200,"pointCount":2,"homeWorkCommuteMedian":34771,"workHomeCommuteMedian":-1},"geometry":{"type":"Polygon","coordinates":[[[10.053959221823503,53.45862573271097],[10.053959221823503,53.46761893634822],[10.062952425460749,53.46761893634822],[10.062952425460749,53.45862573271097],[10.053959221823503,53.45862573271097]]]}},{"type":"Feature","properties":{"jobs":0,"pop":200,"pointCount":2,"homeWorkCommuteMedian":34363,"workHomeCommuteMedian":-1},"geometry":{"type":"Polygon","coordinates":[[[10.053959221823503,53.46761893634822],[10.053959221823503,53.47661213998546],[10.062952425460749,53.47661213998546],[10.062952425460749,53.46761893634822],[10.053959221823503,53.46761893634822]]]}},{"type":"Feature","properties":{"jobs":100,"pop":200,"pointCount":3,"homeWorkCommuteMedian":27754,"workHomeCommuteMedian":15305},"geometry":{"type":"Polygon","coordinates":[[[10.053959221823503,53.47661213998546],[10.053959221823503,53.48560534362271],[10.062952425460749,53.48560534362271],[10.062952425460749,53.47661213998546],[10.053959221823503,53.47661213998546]]]}},{"type":"Feature","properties":{"jobs":100,"pop":0,"pointCount":1,"homeWorkCommuteMedian":-1,"workHomeCommuteMedian":25730},"geometry":{"type":"Polygon","coordinates":[[[10.053959221823503,53.5035917508972],[10.053959221823503,53.51258495453445],[10.062952425460749,53.51258495453445],[10.062952425460749,53.5035917508972],[10.053959221823503,53.5035917508972]]]}},{"type":"Feature","properties":{"jobs":0,"pop":100,"pointCount":1,"homeWorkCommuteMedian":18509,"workHomeCommuteMedian":-1},"geometry":{"type":"Polygon","coordinates":[[[10.053959221823503,53.51258495453445],[10.053959221823503,53.52157815817169],[10.062952425460749,53.52157815817169],[10.062952425460749,53.51258495453445],[10.053959221823503,53.51258495453445]]]}},{"type":"Feature","properties":{"jobs":100,"pop":100,"pointCount":2,"homeWorkCommuteMedian":17475,"workHomeCommuteMedian":15704},"geometry":{"type":"Polygon","coordinates":[[[10.053959221823503,53.52157815817169],[10.053959221823503,53.53057136180894],[10.062952425460749,53.53057136180894],[10.062952425460749,53.52157815817169],[10.053959221823503,53.52157815817169]]]}},{"type":"Feature","properties":{"jobs":100,"pop":500,"pointCount":6,"homeWorkCommuteMedian":17689,"workHomeCommuteMedian":14598},"geometry":{"type":"Polygon","coordinates":[[[10.053959221823503,53.53057136180894],[10.053959221823503,53.539564565446184],[10.062952425460749,53.539564565446184],[10.062952425460749,53.53057136180894],[10.053959221823503,53.53057136180894]]]}},{"type":"Feature","properties":{"jobs":200,"pop":1250,"pointCount":6,"homeWorkCommuteMedian":14453,"workHomeCommuteMedian":30600},"geometry":{"type":"Polygon","coordinates":[[[10.053959221823503,53.539564565446184],[10.053959221823503,53.54855776908343],[10.062952425460749,53.54855776908343],[10.062952425460749,53.539564565446184],[10.053959221823503,53.539564565446184]]]}},{"type":"Feature","properties":{"jobs":1000,"pop":2200,"pointCount":16,"homeWorkCommuteMedian":20912,"workHomeCommuteMedian":18095},"geometry":{"type":"Polygon","coordinates":[[[10.053959221823503,53.54855776908343],[10.053959221823503,53.557550972720676],[10.062952425460749,53.557550972720676],[10.062952425460749,53.54855776908343],[10.053959221823503,53.54855776908343]]]}},{"type":"Feature","properties":{"jobs":3000,"pop":2100,"pointCount":18,"homeWorkCommuteMedian":15804,"workHomeCommuteMedian":17336},"geometry":{"type":"Polygon","coordinates":[[[10.053959221823503,53.557550972720676],[10.053959221823503,53.56654417635792],[10.062952425460749,53.56654417635792],[10.062952425460749,53.557550972720676],[10.053959221823503,53.557550972720676]]]}},{"type":"Feature","properties":{"jobs":3300,"pop":3150,"pointCount":23,"homeWorkCommuteMedian":17638,"workHomeCommuteMedian":19113},"geometry":{"type":"Polygon","coordinates":[[[10.053959221823503,53.56654417635792],[10.053959221823503,53.57553737999517],[10.062952425460749,53.57553737999517],[10.062952425460749,53.56654417635792],[10.053959221823503,53.56654417635792]]]}},{"type":"Feature","properties":{"jobs":2500,"pop":3550,"pointCount":20,"homeWorkCommuteMedian":19217,"workHomeCommuteMedian":26079},"geometry":{"type":"Polygon","coordinates":[[[10.053959221823503,53.57553737999517],[10.053959221823503,53.584530583632414],[10.062952425460749,53.584530583632414],[10.062952425460749,53.57553737999517],[10.053959221823503,53.57553737999517]]]}},{"type":"Feature","properties":{"jobs":1000,"pop":2450,"pointCount":20,"homeWorkCommuteMedian":20213,"workHomeCommuteMedian":26519},"geometry":{"type":"Polygon","coordinates":[[[10.053959221823503,53.584530583632414],[10.053959221823503,53.59352378726966],[10.062952425460749,53.59352378726966],[10.062952425460749,53.584530583632414],[10.053959221823503,53.584530583632414]]]}},{"type":"Feature","properties":{"jobs":2200,"pop":2100,"pointCount":21,"homeWorkCommuteMedian":18411,"workHomeCommuteMedian":20539},"geometry":{"type":"Polygon","coordinates":[[[10.053959221823503,53.59352378726966],[10.053959221823503,53.602516990906906],[10.062952425460749,53.602516990906906],[10.062952425460749,53.59352378726966],[10.053959221823503,53.59352378726966]]]}},{"type":"Feature","properties":{"jobs":1300,"pop":2600,"pointCount":14,"homeWorkCommuteMedian":21207,"workHomeCommuteMedian":27317},"geometry":{"type":"Polygon","coordinates":[[[10.053959221823503,53.602516990906906],[10.053959221823503,53.61151019454415],[10.062952425460749,53.61151019454415],[10.062952425460749,53.602516990906906],[10.053959221823503,53.602516990906906]]]}},{"type":"Feature","properties":{"jobs":1200,"pop":900,"pointCount":5,"homeWorkCommuteMedian":17717,"workHomeCommuteMedian":18362},"geometry":{"type":"Polygon","coordinates":[[[10.053959221823503,53.61151019454415],[10.053959221823503,53.6205033981814],[10.062952425460749,53.6205033981814],[10.062952425460749,53.61151019454415],[10.053959221823503,53.61151019454415]]]}},{"type":"Feature","properties":{"jobs":0,"pop":100,"pointCount":1,"homeWorkCommuteMedian":39878,"workHomeCommuteMedian":-1},"geometry":{"type":"Polygon","coordinates":[[[10.053959221823503,53.6205033981814],[10.053959221823503,53.629496601818644],[10.062952425460749,53.629496601818644],[10.062952425460749,53.6205033981814],[10.053959221823503,53.6205033981814]]]}},{"type":"Feature","properties":{"jobs":1200,"pop":1500,"pointCount":14,"homeWorkCommuteMedian":20938,"workHomeCommuteMedian":32201},"geometry":{"type":"Polygon","coordinates":[[[10.053959221823503,53.629496601818644],[10.053959221823503,53.63848980545589],[10.062952425460749,53.63848980545589],[10.062952425460749,53.629496601818644],[10.053959221823503,53.629496601818644]]]}},{"type":"Feature","properties":{"jobs":300,"pop":800,"pointCount":6,"homeWorkCommuteMedian":25551,"workHomeCommuteMedian":13347},"geometry":{"type":"Polygon","coordinates":[[[10.053959221823503,53.63848980545589],[10.053959221823503,53.647483009093136],[10.062952425460749,53.647483009093136],[10.062952425460749,53.63848980545589],[10.053959221823503,53.63848980545589]]]}},{"type":"Feature","properties":{"jobs":900,"pop":400,"pointCount":7,"homeWorkCommuteMedian":15598,"workHomeCommuteMedian":15170},"geometry":{"type":"Polygon","coordinates":[[[10.053959221823503,53.647483009093136],[10.053959221823503,53.65647621273038],[10.062952425460749,53.65647621273038],[10.062952425460749,53.647483009093136],[10.053959221823503,53.647483009093136]]]}},{"type":"Feature","properties":{"jobs":0,"pop":600,"pointCount":5,"homeWorkCommuteMedian":16369,"workHomeCommuteMedian":-1},"geometry":{"type":"Polygon","coordinates":[[[10.053959221823503,53.65647621273038],[10.053959221823503,53.66546941636763],[10.062952425460749,53.66546941636763],[10.062952425460749,53.65647621273038],[10.053959221823503,53.65647621273038]]]}},{"type":"Feature","properties":{"jobs":0,"pop":1050,"pointCount":5,"homeWorkCommuteMedian":17764,"workHomeCommuteMedian":-1},"geometry":{"type":"Polygon","coordinates":[[[10.053959221823503,53.66546941636763],[10.053959221823503,53.674462620004874],[10.062952425460749,53.674462620004874],[10.062952425460749,53.66546941636763],[10.053959221823503,53.66546941636763]]]}},{"type":"Feature","properties":{"jobs":0,"pop":200,"pointCount":2,"homeWorkCommuteMedian":18199,"workHomeCommuteMedian":-1},"geometry":{"type":"Polygon","coordinates":[[[10.053959221823503,53.674462620004874],[10.053959221823503,53.68345582364212],[10.062952425460749,53.68345582364212],[10.062952425460749,53.674462620004874],[10.053959221823503,53.674462620004874]]]}},{"type":"Feature","properties":{"jobs":0,"pop":200,"pointCount":2,"homeWorkCommuteMedian":7313,"workHomeCommuteMedian":-1},"geometry":{"type":"Polygon","coordinates":[[[10.053959221823503,53.70144223091661],[10.053959221823503,53.71043543455386],[10.062952425460749,53.71043543455386],[10.062952425460749,53.70144223091661],[10.053959221823503,53.70144223091661]]]}},{"type":"Feature","properties":{"jobs":0,"pop":200,"pointCount":2,"homeWorkCommuteMedian":39211,"workHomeCommuteMedian":-1},"geometry":{"type":"Polygon","coordinates":[[[10.053959221823503,53.782381063651826],[10.053959221823503,53.79137426728907],[10.062952425460749,53.79137426728907],[10.062952425460749,53.782381063651826],[10.053959221823503,53.782381063651826]]]}},{"type":"Feature","properties":{"jobs":0,"pop":200,"pointCount":1,"homeWorkCommuteMedian":47086,"workHomeCommuteMedian":-1},"geometry":{"type":"Polygon","coordinates":[[[10.053959221823503,53.854326692749794],[10.053959221823503,53.86331989638704],[10.062952425460749,53.86331989638704],[10.062952425460749,53.854326692749794],[10.053959221823503,53.854326692749794]]]}},{"type":"Feature","properties":{"jobs":100,"pop":0,"pointCount":1,"homeWorkCommuteMedian":-1,"workHomeCommuteMedian":46608},"geometry":{"type":"Polygon","coordinates":[[[10.053959221823503,53.86331989638704],[10.053959221823503,53.872313100024286],[10.062952425460749,53.872313100024286],[10.062952425460749,53.86331989638704],[10.053959221823503,53.86331989638704]]]}},{"type":"Feature","properties":{"jobs":100,"pop":100,"pointCount":2,"homeWorkCommuteMedian":38847,"workHomeCommuteMedian":58864},"geometry":{"type":"Polygon","coordinates":[[[10.053959221823503,53.88130630366153],[10.053959221823503,53.89029950729878],[10.062952425460749,53.89029950729878],[10.062952425460749,53.88130630366153],[10.053959221823503,53.88130630366153]]]}},{"type":"Feature","properties":{"jobs":0,"pop":100,"pointCount":1,"homeWorkCommuteMedian":28403,"workHomeCommuteMedian":-1},"geometry":{"type":"Polygon","coordinates":[[[10.053959221823503,53.89029950729878],[10.053959221823503,53.899292710936024],[10.062952425460749,53.899292710936024],[10.062952425460749,53.89029950729878],[10.053959221823503,53.89029950729878]]]}},{"type":"Feature","properties":{"jobs":0,"pop":100,"pointCount":1,"homeWorkCommuteMedian":29731,"workHomeCommuteMedian":-1},"geometry":{"type":"Polygon","coordinates":[[[10.062952425460749,53.386680103613],[10.062952425460749,53.39567330725025],[10.071945629097995,53.39567330725025],[10.071945629097995,53.386680103613],[10.062952425460749,53.386680103613]]]}},{"type":"Feature","properties":{"jobs":200,"pop":0,"pointCount":1,"homeWorkCommuteMedian":-1,"workHomeCommuteMedian":31506},"geometry":{"type":"Polygon","coordinates":[[[10.062952425460749,53.39567330725025],[10.062952425460749,53.404666510887495],[10.071945629097995,53.404666510887495],[10.071945629097995,53.39567330725025],[10.062952425460749,53.39567330725025]]]}},{"type":"Feature","properties":{"jobs":0,"pop":100,"pointCount":1,"homeWorkCommuteMedian":36036,"workHomeCommuteMedian":-1},"geometry":{"type":"Polygon","coordinates":[[[10.062952425460749,53.404666510887495],[10.062952425460749,53.41365971452474],[10.071945629097995,53.41365971452474],[10.071945629097995,53.404666510887495],[10.062952425460749,53.404666510887495]]]}},{"type":"Feature","properties":{"jobs":0,"pop":100,"pointCount":1,"homeWorkCommuteMedian":48864,"workHomeCommuteMedian":-1},"geometry":{"type":"Polygon","coordinates":[[[10.062952425460749,53.42265291816199],[10.062952425460749,53.43164612179923],[10.071945629097995,53.43164612179923],[10.071945629097995,53.42265291816199],[10.062952425460749,53.42265291816199]]]}},{"type":"Feature","properties":{"jobs":400,"pop":100,"pointCount":3,"homeWorkCommuteMedian":60884,"workHomeCommuteMedian":27274},"geometry":{"type":"Polygon","coordinates":[[[10.062952425460749,53.449632529073725],[10.062952425460749,53.45862573271097],[10.071945629097995,53.45862573271097],[10.071945629097995,53.449632529073725],[10.062952425460749,53.449632529073725]]]}},{"type":"Feature","properties":{"jobs":500,"pop":100,"pointCount":2,"homeWorkCommuteMedian":18967,"workHomeCommuteMedian":16916},"geometry":{"type":"Polygon","coordinates":[[[10.062952425460749,53.46761893634822],[10.062952425460749,53.47661213998546],[10.071945629097995,53.47661213998546],[10.071945629097995,53.46761893634822],[10.062952425460749,53.46761893634822]]]}},{"type":"Feature","properties":{"jobs":0,"pop":100,"pointCount":1,"homeWorkCommuteMedian":24942,"workHomeCommuteMedian":-1},"geometry":{"type":"Polygon","coordinates":[[[10.062952425460749,53.494598547259955],[10.062952425460749,53.5035917508972],[10.071945629097995,53.5035917508972],[10.071945629097995,53.494598547259955],[10.062952425460749,53.494598547259955]]]}},{"type":"Feature","properties":{"jobs":200,"pop":100,"pointCount":2,"homeWorkCommuteMedian":32112,"workHomeCommuteMedian":18061},"geometry":{"type":"Polygon","coordinates":[[[10.062952425460749,53.53057136180894],[10.062952425460749,53.539564565446184],[10.071945629097995,53.539564565446184],[10.071945629097995,53.53057136180894],[10.062952425460749,53.53057136180894]]]}},{"type":"Feature","properties":{"jobs":0,"pop":300,"pointCount":3,"homeWorkCommuteMedian":16504,"workHomeCommuteMedian":-1},"geometry":{"type":"Polygon","coordinates":[[[10.062952425460749,53.539564565446184],[10.062952425460749,53.54855776908343],[10.071945629097995,53.54855776908343],[10.071945629097995,53.539564565446184],[10.062952425460749,53.539564565446184]]]}},{"type":"Feature","properties":{"jobs":1100,"pop":1100,"pointCount":11,"homeWorkCommuteMedian":17032,"workHomeCommuteMedian":16302},"geometry":{"type":"Polygon","coordinates":[[[10.062952425460749,53.54855776908343],[10.062952425460749,53.557550972720676],[10.071945629097995,53.557550972720676],[10.071945629097995,53.54855776908343],[10.062952425460749,53.54855776908343]]]}},{"type":"Feature","properties":{"jobs":100,"pop":800,"pointCount":5,"homeWorkCommuteMedian":14064,"workHomeCommuteMedian":24697},"geometry":{"type":"Polygon","coordinates":[[[10.062952425460749,53.557550972720676],[10.062952425460749,53.56654417635792],[10.071945629097995,53.56654417635792],[10.071945629097995,53.557550972720676],[10.062952425460749,53.557550972720676]]]}},{"type":"Feature","properties":{"jobs":3400,"pop":1900,"pointCount":17,"homeWorkCommuteMedian":17688,"workHomeCommuteMedian":28010},"geometry":{"type":"Polygon","coordinates":[[[10.062952425460749,53.56654417635792],[10.062952425460749,53.57553737999517],[10.071945629097995,53.57553737999517],[10.071945629097995,53.56654417635792],[10.062952425460749,53.56654417635792]]]}},{"type":"Feature","properties":{"jobs":1200,"pop":1500,"pointCount":12,"homeWorkCommuteMedian":18101,"workHomeCommuteMedian":21875},"geometry":{"type":"Polygon","coordinates":[[[10.062952425460749,53.57553737999517],[10.062952425460749,53.584530583632414],[10.071945629097995,53.584530583632414],[10.071945629097995,53.57553737999517],[10.062952425460749,53.57553737999517]]]}},{"type":"Feature","properties":{"jobs":800,"pop":1750,"pointCount":11,"homeWorkCommuteMedian":15809,"workHomeCommuteMedian":15350},"geometry":{"type":"Polygon","coordinates":[[[10.062952425460749,53.584530583632414],[10.062952425460749,53.59352378726966],[10.071945629097995,53.59352378726966],[10.071945629097995,53.584530583632414],[10.062952425460749,53.584530583632414]]]}},{"type":"Feature","properties":{"jobs":1700,"pop":1000,"pointCount":12,"homeWorkCommuteMedian":22850,"workHomeCommuteMedian":23622},"geometry":{"type":"Polygon","coordinates":[[[10.062952425460749,53.59352378726966],[10.062952425460749,53.602516990906906],[10.071945629097995,53.602516990906906],[10.071945629097995,53.59352378726966],[10.062952425460749,53.59352378726966]]]}},{"type":"Feature","properties":{"jobs":400,"pop":1050,"pointCount":9,"homeWorkCommuteMedian":21729,"workHomeCommuteMedian":20473},"geometry":{"type":"Polygon","coordinates":[[[10.062952425460749,53.602516990906906],[10.062952425460749,53.61151019454415],[10.071945629097995,53.61151019454415],[10.071945629097995,53.602516990906906],[10.062952425460749,53.602516990906906]]]}},{"type":"Feature","properties":{"jobs":0,"pop":900,"pointCount":5,"homeWorkCommuteMedian":16465,"workHomeCommuteMedian":-1},"geometry":{"type":"Polygon","coordinates":[[[10.062952425460749,53.61151019454415],[10.062952425460749,53.6205033981814],[10.071945629097995,53.6205033981814],[10.071945629097995,53.61151019454415],[10.062952425460749,53.61151019454415]]]}},{"type":"Feature","properties":{"jobs":0,"pop":100,"pointCount":1,"homeWorkCommuteMedian":14334,"workHomeCommuteMedian":-1},"geometry":{"type":"Polygon","coordinates":[[[10.062952425460749,53.6205033981814],[10.062952425460749,53.629496601818644],[10.071945629097995,53.629496601818644],[10.071945629097995,53.6205033981814],[10.062952425460749,53.6205033981814]]]}},{"type":"Feature","properties":{"jobs":0,"pop":500,"pointCount":4,"homeWorkCommuteMedian":19389,"workHomeCommuteMedian":-1},"geometry":{"type":"Polygon","coordinates":[[[10.062952425460749,53.629496601818644],[10.062952425460749,53.63848980545589],[10.071945629097995,53.63848980545589],[10.071945629097995,53.629496601818644],[10.062952425460749,53.629496601818644]]]}},{"type":"Feature","properties":{"jobs":0,"pop":800,"pointCount":5,"homeWorkCommuteMedian":15757,"workHomeCommuteMedian":-1},"geometry":{"type":"Polygon","coordinates":[[[10.062952425460749,53.63848980545589],[10.062952425460749,53.647483009093136],[10.071945629097995,53.647483009093136],[10.071945629097995,53.63848980545589],[10.062952425460749,53.63848980545589]]]}},{"type":"Feature","properties":{"jobs":100,"pop":700,"pointCount":8,"homeWorkCommuteMedian":17641,"workHomeCommuteMedian":13363},"geometry":{"type":"Polygon","coordinates":[[[10.062952425460749,53.647483009093136],[10.062952425460749,53.65647621273038],[10.071945629097995,53.65647621273038],[10.071945629097995,53.647483009093136],[10.062952425460749,53.647483009093136]]]}},{"type":"Feature","properties":{"jobs":0,"pop":1100,"pointCount":8,"homeWorkCommuteMedian":15526,"workHomeCommuteMedian":-1},"geometry":{"type":"Polygon","coordinates":[[[10.062952425460749,53.65647621273038],[10.062952425460749,53.66546941636763],[10.071945629097995,53.66546941636763],[10.071945629097995,53.65647621273038],[10.062952425460749,53.65647621273038]]]}},{"type":"Feature","properties":{"jobs":500,"pop":650,"pointCount":6,"homeWorkCommuteMedian":24441,"workHomeCommuteMedian":15084},"geometry":{"type":"Polygon","coordinates":[[[10.062952425460749,53.66546941636763],[10.062952425460749,53.674462620004874],[10.071945629097995,53.674462620004874],[10.071945629097995,53.66546941636763],[10.062952425460749,53.66546941636763]]]}},{"type":"Feature","properties":{"jobs":0,"pop":100,"pointCount":1,"homeWorkCommuteMedian":15572,"workHomeCommuteMedian":-1},"geometry":{"type":"Polygon","coordinates":[[[10.062952425460749,53.674462620004874],[10.062952425460749,53.68345582364212],[10.071945629097995,53.68345582364212],[10.071945629097995,53.674462620004874],[10.062952425460749,53.674462620004874]]]}},{"type":"Feature","properties":{"jobs":0,"pop":100,"pointCount":1,"homeWorkCommuteMedian":24201,"workHomeCommuteMedian":-1},"geometry":{"type":"Polygon","coordinates":[[[10.062952425460749,53.782381063651826],[10.062952425460749,53.79137426728907],[10.071945629097995,53.79137426728907],[10.071945629097995,53.782381063651826],[10.062952425460749,53.782381063651826]]]}},{"type":"Feature","properties":{"jobs":0,"pop":100,"pointCount":1,"homeWorkCommuteMedian":15950,"workHomeCommuteMedian":-1},"geometry":{"type":"Polygon","coordinates":[[[10.062952425460749,53.84533348911255],[10.062952425460749,53.854326692749794],[10.071945629097995,53.854326692749794],[10.071945629097995,53.84533348911255],[10.062952425460749,53.84533348911255]]]}},{"type":"Feature","properties":{"jobs":100,"pop":0,"pointCount":1,"homeWorkCommuteMedian":-1,"workHomeCommuteMedian":39954},"geometry":{"type":"Polygon","coordinates":[[[10.062952425460749,53.854326692749794],[10.062952425460749,53.86331989638704],[10.071945629097995,53.86331989638704],[10.071945629097995,53.854326692749794],[10.062952425460749,53.854326692749794]]]}},{"type":"Feature","properties":{"jobs":200,"pop":100,"pointCount":3,"homeWorkCommuteMedian":51388,"workHomeCommuteMedian":48410},"geometry":{"type":"Polygon","coordinates":[[[10.062952425460749,53.88130630366153],[10.062952425460749,53.89029950729878],[10.071945629097995,53.89029950729878],[10.071945629097995,53.88130630366153],[10.062952425460749,53.88130630366153]]]}},{"type":"Feature","properties":{"jobs":600,"pop":100,"pointCount":3,"homeWorkCommuteMedian":33649,"workHomeCommuteMedian":30315},"geometry":{"type":"Polygon","coordinates":[[[10.071945629097995,53.386680103613],[10.071945629097995,53.39567330725025],[10.08093883273524,53.39567330725025],[10.08093883273524,53.386680103613],[10.071945629097995,53.386680103613]]]}},{"type":"Feature","properties":{"jobs":700,"pop":200,"pointCount":4,"homeWorkCommuteMedian":46817,"workHomeCommuteMedian":24360},"geometry":{"type":"Polygon","coordinates":[[[10.071945629097995,53.44063932543648],[10.071945629097995,53.449632529073725],[10.08093883273524,53.449632529073725],[10.08093883273524,53.44063932543648],[10.071945629097995,53.44063932543648]]]}},{"type":"Feature","properties":{"jobs":0,"pop":300,"pointCount":2,"homeWorkCommuteMedian":30257,"workHomeCommuteMedian":-1},"geometry":{"type":"Polygon","coordinates":[[[10.071945629097995,53.449632529073725],[10.071945629097995,53.45862573271097],[10.08093883273524,53.45862573271097],[10.08093883273524,53.449632529073725],[10.071945629097995,53.449632529073725]]]}},{"type":"Feature","properties":{"jobs":0,"pop":200,"pointCount":2,"homeWorkCommuteMedian":21387,"workHomeCommuteMedian":-1},"geometry":{"type":"Polygon","coordinates":[[[10.071945629097995,53.46761893634822],[10.071945629097995,53.47661213998546],[10.08093883273524,53.47661213998546],[10.08093883273524,53.46761893634822],[10.071945629097995,53.46761893634822]]]}},{"type":"Feature","properties":{"jobs":0,"pop":100,"pointCount":1,"homeWorkCommuteMedian":17569,"workHomeCommuteMedian":-1},"geometry":{"type":"Polygon","coordinates":[[[10.071945629097995,53.47661213998546],[10.071945629097995,53.48560534362271],[10.08093883273524,53.48560534362271],[10.08093883273524,53.47661213998546],[10.071945629097995,53.47661213998546]]]}},{"type":"Feature","properties":{"jobs":500,"pop":300,"pointCount":5,"homeWorkCommuteMedian":24735,"workHomeCommuteMedian":20598},"geometry":{"type":"Polygon","coordinates":[[[10.071945629097995,53.494598547259955],[10.071945629097995,53.5035917508972],[10.08093883273524,53.5035917508972],[10.08093883273524,53.494598547259955],[10.071945629097995,53.494598547259955]]]}},{"type":"Feature","properties":{"jobs":0,"pop":100,"pointCount":1,"homeWorkCommuteMedian":12640,"workHomeCommuteMedian":-1},"geometry":{"type":"Polygon","coordinates":[[[10.071945629097995,53.51258495453445],[10.071945629097995,53.52157815817169],[10.08093883273524,53.52157815817169],[10.08093883273524,53.51258495453445],[10.071945629097995,53.51258495453445]]]}},{"type":"Feature","properties":{"jobs":0,"pop":100,"pointCount":1,"homeWorkCommuteMedian":19529,"workHomeCommuteMedian":-1},"geometry":{"type":"Polygon","coordinates":[[[10.071945629097995,53.52157815817169],[10.071945629097995,53.53057136180894],[10.08093883273524,53.53057136180894],[10.08093883273524,53.52157815817169],[10.071945629097995,53.52157815817169]]]}},{"type":"Feature","properties":{"jobs":0,"pop":1000,"pointCount":6,"homeWorkCommuteMedian":20786,"workHomeCommuteMedian":-1},"geometry":{"type":"Polygon","coordinates":[[[10.071945629097995,53.539564565446184],[10.071945629097995,53.54855776908343],[10.08093883273524,53.54855776908343],[10.08093883273524,53.539564565446184],[10.071945629097995,53.539564565446184]]]}},{"type":"Feature","properties":{"jobs":2600,"pop":2950,"pointCount":21,"homeWorkCommuteMedian":15847,"workHomeCommuteMedian":20448},"geometry":{"type":"Polygon","coordinates":[[[10.071945629097995,53.54855776908343],[10.071945629097995,53.557550972720676],[10.08093883273524,53.557550972720676],[10.08093883273524,53.54855776908343],[10.071945629097995,53.54855776908343]]]}},{"type":"Feature","properties":{"jobs":500,"pop":1400,"pointCount":11,"homeWorkCommuteMedian":18152,"workHomeCommuteMedian":38716},"geometry":{"type":"Polygon","coordinates":[[[10.071945629097995,53.557550972720676],[10.071945629097995,53.56654417635792],[10.08093883273524,53.56654417635792],[10.08093883273524,53.557550972720676],[10.071945629097995,53.557550972720676]]]}},{"type":"Feature","properties":{"jobs":1400,"pop":900,"pointCount":15,"homeWorkCommuteMedian":15346,"workHomeCommuteMedian":19527},"geometry":{"type":"Polygon","coordinates":[[[10.071945629097995,53.56654417635792],[10.071945629097995,53.57553737999517],[10.08093883273524,53.57553737999517],[10.08093883273524,53.56654417635792],[10.071945629097995,53.56654417635792]]]}},{"type":"Feature","properties":{"jobs":1100,"pop":1400,"pointCount":13,"homeWorkCommuteMedian":16597,"workHomeCommuteMedian":23736},"geometry":{"type":"Polygon","coordinates":[[[10.071945629097995,53.57553737999517],[10.071945629097995,53.584530583632414],[10.08093883273524,53.584530583632414],[10.08093883273524,53.57553737999517],[10.071945629097995,53.57553737999517]]]}},{"type":"Feature","properties":{"jobs":1100,"pop":2000,"pointCount":17,"homeWorkCommuteMedian":18226,"workHomeCommuteMedian":16474},"geometry":{"type":"Polygon","coordinates":[[[10.071945629097995,53.584530583632414],[10.071945629097995,53.59352378726966],[10.08093883273524,53.59352378726966],[10.08093883273524,53.584530583632414],[10.071945629097995,53.584530583632414]]]}},{"type":"Feature","properties":{"jobs":1000,"pop":700,"pointCount":9,"homeWorkCommuteMedian":21457,"workHomeCommuteMedian":25400},"geometry":{"type":"Polygon","coordinates":[[[10.071945629097995,53.59352378726966],[10.071945629097995,53.602516990906906],[10.08093883273524,53.602516990906906],[10.08093883273524,53.59352378726966],[10.071945629097995,53.59352378726966]]]}},{"type":"Feature","properties":{"jobs":2200,"pop":1100,"pointCount":10,"homeWorkCommuteMedian":24511,"workHomeCommuteMedian":24344},"geometry":{"type":"Polygon","coordinates":[[[10.071945629097995,53.602516990906906],[10.071945629097995,53.61151019454415],[10.08093883273524,53.61151019454415],[10.08093883273524,53.602516990906906],[10.071945629097995,53.602516990906906]]]}},{"type":"Feature","properties":{"jobs":6500,"pop":1450,"pointCount":15,"homeWorkCommuteMedian":20641,"workHomeCommuteMedian":18936},"geometry":{"type":"Polygon","coordinates":[[[10.071945629097995,53.61151019454415],[10.071945629097995,53.6205033981814],[10.08093883273524,53.6205033981814],[10.08093883273524,53.61151019454415],[10.071945629097995,53.61151019454415]]]}},{"type":"Feature","properties":{"jobs":0,"pop":100,"pointCount":1,"homeWorkCommuteMedian":16228,"workHomeCommuteMedian":-1},"geometry":{"type":"Polygon","coordinates":[[[10.071945629097995,53.6205033981814],[10.071945629097995,53.629496601818644],[10.08093883273524,53.629496601818644],[10.08093883273524,53.6205033981814],[10.071945629097995,53.6205033981814]]]}},{"type":"Feature","properties":{"jobs":0,"pop":700,"pointCount":4,"homeWorkCommuteMedian":16948,"workHomeCommuteMedian":-1},"geometry":{"type":"Polygon","coordinates":[[[10.071945629097995,53.629496601818644],[10.071945629097995,53.63848980545589],[10.08093883273524,53.63848980545589],[10.08093883273524,53.629496601818644],[10.071945629097995,53.629496601818644]]]}},{"type":"Feature","properties":{"jobs":400,"pop":400,"pointCount":4,"homeWorkCommuteMedian":10036,"workHomeCommuteMedian":47512},"geometry":{"type":"Polygon","coordinates":[[[10.071945629097995,53.63848980545589],[10.071945629097995,53.647483009093136],[10.08093883273524,53.647483009093136],[10.08093883273524,53.63848980545589],[10.071945629097995,53.63848980545589]]]}},{"type":"Feature","properties":{"jobs":0,"pop":1250,"pointCount":7,"homeWorkCommuteMedian":16959,"workHomeCommuteMedian":-1},"geometry":{"type":"Polygon","coordinates":[[[10.071945629097995,53.647483009093136],[10.071945629097995,53.65647621273038],[10.08093883273524,53.65647621273038],[10.08093883273524,53.647483009093136],[10.071945629097995,53.647483009093136]]]}},{"type":"Feature","properties":{"jobs":300,"pop":700,"pointCount":7,"homeWorkCommuteMedian":20576,"workHomeCommuteMedian":13840},"geometry":{"type":"Polygon","coordinates":[[[10.071945629097995,53.65647621273038],[10.071945629097995,53.66546941636763],[10.08093883273524,53.66546941636763],[10.08093883273524,53.65647621273038],[10.071945629097995,53.65647621273038]]]}},{"type":"Feature","properties":{"jobs":100,"pop":1250,"pointCount":7,"homeWorkCommuteMedian":14868,"workHomeCommuteMedian":14007},"geometry":{"type":"Polygon","coordinates":[[[10.071945629097995,53.66546941636763],[10.071945629097995,53.674462620004874],[10.08093883273524,53.674462620004874],[10.08093883273524,53.66546941636763],[10.071945629097995,53.66546941636763]]]}},{"type":"Feature","properties":{"jobs":0,"pop":100,"pointCount":1,"homeWorkCommuteMedian":20757,"workHomeCommuteMedian":-1},"geometry":{"type":"Polygon","coordinates":[[[10.071945629097995,53.68345582364212],[10.071945629097995,53.692449027279366],[10.08093883273524,53.692449027279366],[10.08093883273524,53.68345582364212],[10.071945629097995,53.68345582364212]]]}},{"type":"Feature","properties":{"jobs":0,"pop":200,"pointCount":1,"homeWorkCommuteMedian":28091,"workHomeCommuteMedian":-1},"geometry":{"type":"Polygon","coordinates":[[[10.071945629097995,53.692449027279366],[10.071945629097995,53.70144223091661],[10.08093883273524,53.70144223091661],[10.08093883273524,53.692449027279366],[10.071945629097995,53.692449027279366]]]}},{"type":"Feature","properties":{"jobs":0,"pop":100,"pointCount":1,"homeWorkCommuteMedian":16474,"workHomeCommuteMedian":-1},"geometry":{"type":"Polygon","coordinates":[[[10.071945629097995,53.70144223091661],[10.071945629097995,53.71043543455386],[10.08093883273524,53.71043543455386],[10.08093883273524,53.70144223091661],[10.071945629097995,53.70144223091661]]]}},{"type":"Feature","properties":{"jobs":0,"pop":200,"pointCount":1,"homeWorkCommuteMedian":43847,"workHomeCommuteMedian":-1},"geometry":{"type":"Polygon","coordinates":[[[10.071945629097995,53.77338786001458],[10.071945629097995,53.782381063651826],[10.08093883273524,53.782381063651826],[10.08093883273524,53.77338786001458],[10.071945629097995,53.77338786001458]]]}},{"type":"Feature","properties":{"jobs":0,"pop":250,"pointCount":1,"homeWorkCommuteMedian":39718,"workHomeCommuteMedian":-1},"geometry":{"type":"Polygon","coordinates":[[[10.071945629097995,53.8363402854753],[10.071945629097995,53.84533348911255],[10.08093883273524,53.84533348911255],[10.08093883273524,53.8363402854753],[10.071945629097995,53.8363402854753]]]}},{"type":"Feature","properties":{"jobs":100,"pop":0,"pointCount":1,"homeWorkCommuteMedian":-1,"workHomeCommuteMedian":40993},"geometry":{"type":"Polygon","coordinates":[[[10.071945629097995,53.88130630366153],[10.071945629097995,53.89029950729878],[10.08093883273524,53.89029950729878],[10.08093883273524,53.88130630366153],[10.071945629097995,53.88130630366153]]]}},{"type":"Feature","properties":{"jobs":0,"pop":500,"pointCount":4,"homeWorkCommuteMedian":38022,"workHomeCommuteMedian":-1},"geometry":{"type":"Polygon","coordinates":[[[10.08093883273524,53.386680103613],[10.08093883273524,53.39567330725025],[10.089932036372486,53.39567330725025],[10.089932036372486,53.386680103613],[10.08093883273524,53.386680103613]]]}},{"type":"Feature","properties":{"jobs":0,"pop":200,"pointCount":1,"homeWorkCommuteMedian":29480,"workHomeCommuteMedian":-1},"geometry":{"type":"Polygon","coordinates":[[[10.08093883273524,53.43164612179923],[10.08093883273524,53.44063932543648],[10.089932036372486,53.44063932543648],[10.089932036372486,53.43164612179923],[10.08093883273524,53.43164612179923]]]}},{"type":"Feature","properties":{"jobs":0,"pop":400,"pointCount":3,"homeWorkCommuteMedian":26617,"workHomeCommuteMedian":-1},"geometry":{"type":"Polygon","coordinates":[[[10.08093883273524,53.44063932543648],[10.08093883273524,53.449632529073725],[10.089932036372486,53.449632529073725],[10.089932036372486,53.44063932543648],[10.08093883273524,53.44063932543648]]]}},{"type":"Feature","properties":{"jobs":0,"pop":100,"pointCount":1,"homeWorkCommuteMedian":25207,"workHomeCommuteMedian":-1},"geometry":{"type":"Polygon","coordinates":[[[10.08093883273524,53.449632529073725],[10.08093883273524,53.45862573271097],[10.089932036372486,53.45862573271097],[10.089932036372486,53.449632529073725],[10.08093883273524,53.449632529073725]]]}},{"type":"Feature","properties":{"jobs":500,"pop":0,"pointCount":1,"homeWorkCommuteMedian":-1,"workHomeCommuteMedian":29723},"geometry":{"type":"Polygon","coordinates":[[[10.08093883273524,53.46761893634822],[10.08093883273524,53.47661213998546],[10.089932036372486,53.47661213998546],[10.089932036372486,53.46761893634822],[10.08093883273524,53.46761893634822]]]}},{"type":"Feature","properties":{"jobs":0,"pop":100,"pointCount":1,"homeWorkCommuteMedian":20782,"workHomeCommuteMedian":-1},"geometry":{"type":"Polygon","coordinates":[[[10.08093883273524,53.47661213998546],[10.08093883273524,53.48560534362271],[10.089932036372486,53.48560534362271],[10.089932036372486,53.47661213998546],[10.08093883273524,53.47661213998546]]]}},{"type":"Feature","properties":{"jobs":100,"pop":0,"pointCount":1,"homeWorkCommuteMedian":-1,"workHomeCommuteMedian":30521},"geometry":{"type":"Polygon","coordinates":[[[10.08093883273524,53.494598547259955],[10.08093883273524,53.5035917508972],[10.089932036372486,53.5035917508972],[10.089932036372486,53.494598547259955],[10.08093883273524,53.494598547259955]]]}},{"type":"Feature","properties":{"jobs":100,"pop":0,"pointCount":1,"homeWorkCommuteMedian":-1,"workHomeCommuteMedian":18369},"geometry":{"type":"Polygon","coordinates":[[[10.08093883273524,53.5035917508972],[10.08093883273524,53.51258495453445],[10.089932036372486,53.51258495453445],[10.089932036372486,53.5035917508972],[10.08093883273524,53.5035917508972]]]}},{"type":"Feature","properties":{"jobs":200,"pop":0,"pointCount":1,"homeWorkCommuteMedian":-1,"workHomeCommuteMedian":25656},"geometry":{"type":"Polygon","coordinates":[[[10.08093883273524,53.51258495453445],[10.08093883273524,53.52157815817169],[10.089932036372486,53.52157815817169],[10.089932036372486,53.51258495453445],[10.08093883273524,53.51258495453445]]]}},{"type":"Feature","properties":{"jobs":0,"pop":100,"pointCount":1,"homeWorkCommuteMedian":26725,"workHomeCommuteMedian":-1},"geometry":{"type":"Polygon","coordinates":[[[10.08093883273524,53.53057136180894],[10.08093883273524,53.539564565446184],[10.089932036372486,53.539564565446184],[10.089932036372486,53.53057136180894],[10.08093883273524,53.53057136180894]]]}},{"type":"Feature","properties":{"jobs":300,"pop":1300,"pointCount":9,"homeWorkCommuteMedian":20661,"workHomeCommuteMedian":25312},"geometry":{"type":"Polygon","coordinates":[[[10.08093883273524,53.539564565446184],[10.08093883273524,53.54855776908343],[10.089932036372486,53.54855776908343],[10.089932036372486,53.539564565446184],[10.08093883273524,53.539564565446184]]]}},{"type":"Feature","properties":{"jobs":3300,"pop":1300,"pointCount":16,"homeWorkCommuteMedian":19053,"workHomeCommuteMedian":19325},"geometry":{"type":"Polygon","coordinates":[[[10.08093883273524,53.54855776908343],[10.08093883273524,53.557550972720676],[10.089932036372486,53.557550972720676],[10.089932036372486,53.54855776908343],[10.08093883273524,53.54855776908343]]]}},{"type":"Feature","properties":{"jobs":200,"pop":300,"pointCount":4,"homeWorkCommuteMedian":20855,"workHomeCommuteMedian":58900},"geometry":{"type":"Polygon","coordinates":[[[10.08093883273524,53.557550972720676],[10.08093883273524,53.56654417635792],[10.089932036372486,53.56654417635792],[10.089932036372486,53.557550972720676],[10.08093883273524,53.557550972720676]]]}},{"type":"Feature","properties":{"jobs":400,"pop":900,"pointCount":8,"homeWorkCommuteMedian":23202,"workHomeCommuteMedian":20161},"geometry":{"type":"Polygon","coordinates":[[[10.08093883273524,53.56654417635792],[10.08093883273524,53.57553737999517],[10.089932036372486,53.57553737999517],[10.089932036372486,53.56654417635792],[10.08093883273524,53.56654417635792]]]}},{"type":"Feature","properties":{"jobs":1200,"pop":1200,"pointCount":8,"homeWorkCommuteMedian":17058,"workHomeCommuteMedian":16878},"geometry":{"type":"Polygon","coordinates":[[[10.08093883273524,53.57553737999517],[10.08093883273524,53.584530583632414],[10.089932036372486,53.584530583632414],[10.089932036372486,53.57553737999517],[10.08093883273524,53.57553737999517]]]}},{"type":"Feature","properties":{"jobs":400,"pop":2100,"pointCount":10,"homeWorkCommuteMedian":20253,"workHomeCommuteMedian":15152},"geometry":{"type":"Polygon","coordinates":[[[10.08093883273524,53.584530583632414],[10.08093883273524,53.59352378726966],[10.089932036372486,53.59352378726966],[10.089932036372486,53.584530583632414],[10.08093883273524,53.584530583632414]]]}},{"type":"Feature","properties":{"jobs":100,"pop":700,"pointCount":6,"homeWorkCommuteMedian":20815,"workHomeCommuteMedian":20814},"geometry":{"type":"Polygon","coordinates":[[[10.08093883273524,53.59352378726966],[10.08093883273524,53.602516990906906],[10.089932036372486,53.602516990906906],[10.089932036372486,53.59352378726966],[10.08093883273524,53.59352378726966]]]}},{"type":"Feature","properties":{"jobs":200,"pop":1500,"pointCount":8,"homeWorkCommuteMedian":18185,"workHomeCommuteMedian":33911},"geometry":{"type":"Polygon","coordinates":[[[10.08093883273524,53.602516990906906],[10.08093883273524,53.61151019454415],[10.089932036372486,53.61151019454415],[10.089932036372486,53.602516990906906],[10.08093883273524,53.602516990906906]]]}},{"type":"Feature","properties":{"jobs":1600,"pop":1500,"pointCount":11,"homeWorkCommuteMedian":16049,"workHomeCommuteMedian":17427},"geometry":{"type":"Polygon","coordinates":[[[10.08093883273524,53.61151019454415],[10.08093883273524,53.6205033981814],[10.089932036372486,53.6205033981814],[10.089932036372486,53.61151019454415],[10.08093883273524,53.61151019454415]]]}},{"type":"Feature","properties":{"jobs":600,"pop":900,"pointCount":8,"homeWorkCommuteMedian":17002,"workHomeCommuteMedian":26279},"geometry":{"type":"Polygon","coordinates":[[[10.08093883273524,53.6205033981814],[10.08093883273524,53.629496601818644],[10.089932036372486,53.629496601818644],[10.089932036372486,53.6205033981814],[10.08093883273524,53.6205033981814]]]}},{"type":"Feature","properties":{"jobs":300,"pop":550,"pointCount":4,"homeWorkCommuteMedian":15912,"workHomeCommuteMedian":16365},"geometry":{"type":"Polygon","coordinates":[[[10.08093883273524,53.629496601818644],[10.08093883273524,53.63848980545589],[10.089932036372486,53.63848980545589],[10.089932036372486,53.629496601818644],[10.08093883273524,53.629496601818644]]]}},{"type":"Feature","properties":{"jobs":1800,"pop":400,"pointCount":8,"homeWorkCommuteMedian":17260,"workHomeCommuteMedian":26133},"geometry":{"type":"Polygon","coordinates":[[[10.08093883273524,53.63848980545589],[10.08093883273524,53.647483009093136],[10.089932036372486,53.647483009093136],[10.089932036372486,53.63848980545589],[10.08093883273524,53.63848980545589]]]}},{"type":"Feature","properties":{"jobs":300,"pop":400,"pointCount":5,"homeWorkCommuteMedian":21064,"workHomeCommuteMedian":19008},"geometry":{"type":"Polygon","coordinates":[[[10.08093883273524,53.647483009093136],[10.08093883273524,53.65647621273038],[10.089932036372486,53.65647621273038],[10.089932036372486,53.647483009093136],[10.08093883273524,53.647483009093136]]]}},{"type":"Feature","properties":{"jobs":3100,"pop":650,"pointCount":9,"homeWorkCommuteMedian":13862,"workHomeCommuteMedian":15168},"geometry":{"type":"Polygon","coordinates":[[[10.08093883273524,53.65647621273038],[10.08093883273524,53.66546941636763],[10.089932036372486,53.66546941636763],[10.089932036372486,53.65647621273038],[10.08093883273524,53.65647621273038]]]}},{"type":"Feature","properties":{"jobs":0,"pop":400,"pointCount":2,"homeWorkCommuteMedian":19249,"workHomeCommuteMedian":-1},"geometry":{"type":"Polygon","coordinates":[[[10.08093883273524,53.66546941636763],[10.08093883273524,53.674462620004874],[10.089932036372486,53.674462620004874],[10.089932036372486,53.66546941636763],[10.08093883273524,53.66546941636763]]]}},{"type":"Feature","properties":{"jobs":0,"pop":200,"pointCount":2,"homeWorkCommuteMedian":18287,"workHomeCommuteMedian":-1},"geometry":{"type":"Polygon","coordinates":[[[10.08093883273524,53.674462620004874],[10.08093883273524,53.68345582364212],[10.089932036372486,53.68345582364212],[10.089932036372486,53.674462620004874],[10.08093883273524,53.674462620004874]]]}},{"type":"Feature","properties":{"jobs":0,"pop":300,"pointCount":3,"homeWorkCommuteMedian":14756,"workHomeCommuteMedian":-1},"geometry":{"type":"Polygon","coordinates":[[[10.08093883273524,53.68345582364212],[10.08093883273524,53.692449027279366],[10.089932036372486,53.692449027279366],[10.089932036372486,53.68345582364212],[10.08093883273524,53.68345582364212]]]}},{"type":"Feature","properties":{"jobs":0,"pop":500,"pointCount":3,"homeWorkCommuteMedian":15727,"workHomeCommuteMedian":-1},"geometry":{"type":"Polygon","coordinates":[[[10.08093883273524,53.692449027279366],[10.08093883273524,53.70144223091661],[10.089932036372486,53.70144223091661],[10.089932036372486,53.692449027279366],[10.08093883273524,53.692449027279366]]]}},{"type":"Feature","properties":{"jobs":200,"pop":200,"pointCount":3,"homeWorkCommuteMedian":43537,"workHomeCommuteMedian":22853},"geometry":{"type":"Polygon","coordinates":[[[10.08093883273524,53.782381063651826],[10.08093883273524,53.79137426728907],[10.089932036372486,53.79137426728907],[10.089932036372486,53.782381063651826],[10.08093883273524,53.782381063651826]]]}},{"type":"Feature","properties":{"jobs":0,"pop":100,"pointCount":1,"homeWorkCommuteMedian":33182,"workHomeCommuteMedian":-1},"geometry":{"type":"Polygon","coordinates":[[[10.08093883273524,53.79137426728907],[10.08093883273524,53.80036747092632],[10.089932036372486,53.80036747092632],[10.089932036372486,53.79137426728907],[10.08093883273524,53.79137426728907]]]}},{"type":"Feature","properties":{"jobs":0,"pop":100,"pointCount":1,"homeWorkCommuteMedian":30555,"workHomeCommuteMedian":-1},"geometry":{"type":"Polygon","coordinates":[[[10.08093883273524,53.81835387820081],[10.08093883273524,53.827347081838056],[10.089932036372486,53.827347081838056],[10.089932036372486,53.81835387820081],[10.08093883273524,53.81835387820081]]]}},{"type":"Feature","properties":{"jobs":100,"pop":100,"pointCount":1,"homeWorkCommuteMedian":16885,"workHomeCommuteMedian":42503},"geometry":{"type":"Polygon","coordinates":[[[10.08093883273524,53.89029950729878],[10.08093883273524,53.899292710936024],[10.089932036372486,53.899292710936024],[10.089932036372486,53.89029950729878],[10.08093883273524,53.89029950729878]]]}},{"type":"Feature","properties":{"jobs":0,"pop":100,"pointCount":1,"homeWorkCommuteMedian":43711,"workHomeCommuteMedian":-1},"geometry":{"type":"Polygon","coordinates":[[[10.089932036372486,53.359700492701265],[10.089932036372486,53.36869369633851],[10.098925240009732,53.36869369633851],[10.098925240009732,53.359700492701265],[10.089932036372486,53.359700492701265]]]}},{"type":"Feature","properties":{"jobs":0,"pop":200,"pointCount":2,"homeWorkCommuteMedian":31350,"workHomeCommuteMedian":-1},"geometry":{"type":"Polygon","coordinates":[[[10.089932036372486,53.37768689997576],[10.089932036372486,53.386680103613],[10.098925240009732,53.386680103613],[10.098925240009732,53.37768689997576],[10.089932036372486,53.37768689997576]]]}},{"type":"Feature","properties":{"jobs":0,"pop":500,"pointCount":5,"homeWorkCommuteMedian":37538,"workHomeCommuteMedian":-1},"geometry":{"type":"Polygon","coordinates":[[[10.089932036372486,53.386680103613],[10.089932036372486,53.39567330725025],[10.098925240009732,53.39567330725025],[10.098925240009732,53.386680103613],[10.089932036372486,53.386680103613]]]}},{"type":"Feature","properties":{"jobs":200,"pop":300,"pointCount":3,"homeWorkCommuteMedian":24533,"workHomeCommuteMedian":25601},"geometry":{"type":"Polygon","coordinates":[[[10.089932036372486,53.43164612179923],[10.089932036372486,53.44063932543648],[10.098925240009732,53.44063932543648],[10.098925240009732,53.43164612179923],[10.089932036372486,53.43164612179923]]]}},{"type":"Feature","properties":{"jobs":900,"pop":0,"pointCount":1,"homeWorkCommuteMedian":-1,"workHomeCommuteMedian":30573},"geometry":{"type":"Polygon","coordinates":[[[10.089932036372486,53.44063932543648],[10.089932036372486,53.449632529073725],[10.098925240009732,53.449632529073725],[10.098925240009732,53.44063932543648],[10.089932036372486,53.44063932543648]]]}},{"type":"Feature","properties":{"jobs":0,"pop":100,"pointCount":1,"homeWorkCommuteMedian":25309,"workHomeCommuteMedian":-1},"geometry":{"type":"Polygon","coordinates":[[[10.089932036372486,53.494598547259955],[10.089932036372486,53.5035917508972],[10.098925240009732,53.5035917508972],[10.098925240009732,53.494598547259955],[10.089932036372486,53.494598547259955]]]}},{"type":"Feature","properties":{"jobs":200,"pop":100,"pointCount":3,"homeWorkCommuteMedian":15376,"workHomeCommuteMedian":16128},"geometry":{"type":"Polygon","coordinates":[[[10.089932036372486,53.5035917508972],[10.089932036372486,53.51258495453445],[10.098925240009732,53.51258495453445],[10.098925240009732,53.5035917508972],[10.089932036372486,53.5035917508972]]]}},{"type":"Feature","properties":{"jobs":900,"pop":0,"pointCount":1,"homeWorkCommuteMedian":-1,"workHomeCommuteMedian":20730},"geometry":{"type":"Polygon","coordinates":[[[10.089932036372486,53.51258495453445],[10.089932036372486,53.52157815817169],[10.098925240009732,53.52157815817169],[10.098925240009732,53.51258495453445],[10.089932036372486,53.51258495453445]]]}},{"type":"Feature","properties":{"jobs":2200,"pop":2300,"pointCount":17,"homeWorkCommuteMedian":20462,"workHomeCommuteMedian":20363},"geometry":{"type":"Polygon","coordinates":[[[10.089932036372486,53.539564565446184],[10.089932036372486,53.54855776908343],[10.098925240009732,53.54855776908343],[10.098925240009732,53.539564565446184],[10.089932036372486,53.539564565446184]]]}},{"type":"Feature","properties":{"jobs":1500,"pop":1900,"pointCount":16,"homeWorkCommuteMedian":20319,"workHomeCommuteMedian":25736},"geometry":{"type":"Polygon","coordinates":[[[10.089932036372486,53.54855776908343],[10.089932036372486,53.557550972720676],[10.098925240009732,53.557550972720676],[10.098925240009732,53.54855776908343],[10.089932036372486,53.54855776908343]]]}},{"type":"Feature","properties":{"jobs":0,"pop":600,"pointCount":5,"homeWorkCommuteMedian":16793,"workHomeCommuteMedian":-1},"geometry":{"type":"Polygon","coordinates":[[[10.089932036372486,53.557550972720676],[10.089932036372486,53.56654417635792],[10.098925240009732,53.56654417635792],[10.098925240009732,53.557550972720676],[10.089932036372486,53.557550972720676]]]}},{"type":"Feature","properties":{"jobs":1000,"pop":1100,"pointCount":11,"homeWorkCommuteMedian":25515,"workHomeCommuteMedian":23900},"geometry":{"type":"Polygon","coordinates":[[[10.089932036372486,53.56654417635792],[10.089932036372486,53.57553737999517],[10.098925240009732,53.57553737999517],[10.098925240009732,53.56654417635792],[10.089932036372486,53.56654417635792]]]}},{"type":"Feature","properties":{"jobs":800,"pop":1200,"pointCount":10,"homeWorkCommuteMedian":19162,"workHomeCommuteMedian":33669},"geometry":{"type":"Polygon","coordinates":[[[10.089932036372486,53.57553737999517],[10.089932036372486,53.584530583632414],[10.098925240009732,53.584530583632414],[10.098925240009732,53.57553737999517],[10.089932036372486,53.57553737999517]]]}},{"type":"Feature","properties":{"jobs":600,"pop":1800,"pointCount":14,"homeWorkCommuteMedian":18105,"workHomeCommuteMedian":15873},"geometry":{"type":"Polygon","coordinates":[[[10.089932036372486,53.584530583632414],[10.089932036372486,53.59352378726966],[10.098925240009732,53.59352378726966],[10.098925240009732,53.584530583632414],[10.089932036372486,53.584530583632414]]]}},{"type":"Feature","properties":{"jobs":200,"pop":1850,"pointCount":10,"homeWorkCommuteMedian":22855,"workHomeCommuteMedian":19786},"geometry":{"type":"Polygon","coordinates":[[[10.089932036372486,53.59352378726966],[10.089932036372486,53.602516990906906],[10.098925240009732,53.602516990906906],[10.098925240009732,53.59352378726966],[10.089932036372486,53.59352378726966]]]}},{"type":"Feature","properties":{"jobs":0,"pop":500,"pointCount":5,"homeWorkCommuteMedian":25076,"workHomeCommuteMedian":-1},"geometry":{"type":"Polygon","coordinates":[[[10.089932036372486,53.602516990906906],[10.089932036372486,53.61151019454415],[10.098925240009732,53.61151019454415],[10.098925240009732,53.602516990906906],[10.089932036372486,53.602516990906906]]]}},{"type":"Feature","properties":{"jobs":600,"pop":1400,"pointCount":10,"homeWorkCommuteMedian":23372,"workHomeCommuteMedian":20746},"geometry":{"type":"Polygon","coordinates":[[[10.089932036372486,53.61151019454415],[10.089932036372486,53.6205033981814],[10.098925240009732,53.6205033981814],[10.098925240009732,53.61151019454415],[10.089932036372486,53.61151019454415]]]}},{"type":"Feature","properties":{"jobs":700,"pop":1450,"pointCount":11,"homeWorkCommuteMedian":23610,"workHomeCommuteMedian":25092},"geometry":{"type":"Polygon","coordinates":[[[10.089932036372486,53.6205033981814],[10.089932036372486,53.629496601818644],[10.098925240009732,53.629496601818644],[10.098925240009732,53.6205033981814],[10.089932036372486,53.6205033981814]]]}},{"type":"Feature","properties":{"jobs":100,"pop":1300,"pointCount":11,"homeWorkCommuteMedian":20494,"workHomeCommuteMedian":18552},"geometry":{"type":"Polygon","coordinates":[[[10.089932036372486,53.629496601818644],[10.089932036372486,53.63848980545589],[10.098925240009732,53.63848980545589],[10.098925240009732,53.629496601818644],[10.089932036372486,53.629496601818644]]]}},{"type":"Feature","properties":{"jobs":300,"pop":800,"pointCount":9,"homeWorkCommuteMedian":17950,"workHomeCommuteMedian":20713},"geometry":{"type":"Polygon","coordinates":[[[10.089932036372486,53.63848980545589],[10.089932036372486,53.647483009093136],[10.098925240009732,53.647483009093136],[10.098925240009732,53.63848980545589],[10.089932036372486,53.63848980545589]]]}},{"type":"Feature","properties":{"jobs":5300,"pop":700,"pointCount":14,"homeWorkCommuteMedian":13905,"workHomeCommuteMedian":16932},"geometry":{"type":"Polygon","coordinates":[[[10.089932036372486,53.647483009093136],[10.089932036372486,53.65647621273038],[10.098925240009732,53.65647621273038],[10.098925240009732,53.647483009093136],[10.089932036372486,53.647483009093136]]]}},{"type":"Feature","properties":{"jobs":200,"pop":300,"pointCount":5,"homeWorkCommuteMedian":39271,"workHomeCommuteMedian":57239},"geometry":{"type":"Polygon","coordinates":[[[10.089932036372486,53.65647621273038],[10.089932036372486,53.66546941636763],[10.098925240009732,53.66546941636763],[10.098925240009732,53.65647621273038],[10.089932036372486,53.65647621273038]]]}},{"type":"Feature","properties":{"jobs":300,"pop":200,"pointCount":3,"homeWorkCommuteMedian":16914,"workHomeCommuteMedian":15586},"geometry":{"type":"Polygon","coordinates":[[[10.089932036372486,53.66546941636763],[10.089932036372486,53.674462620004874],[10.098925240009732,53.674462620004874],[10.098925240009732,53.66546941636763],[10.089932036372486,53.66546941636763]]]}},{"type":"Feature","properties":{"jobs":100,"pop":300,"pointCount":3,"homeWorkCommuteMedian":24404,"workHomeCommuteMedian":13252},"geometry":{"type":"Polygon","coordinates":[[[10.089932036372486,53.674462620004874],[10.089932036372486,53.68345582364212],[10.098925240009732,53.68345582364212],[10.098925240009732,53.674462620004874],[10.089932036372486,53.674462620004874]]]}},{"type":"Feature","properties":{"jobs":2400,"pop":700,"pointCount":7,"homeWorkCommuteMedian":16460,"workHomeCommuteMedian":18597},"geometry":{"type":"Polygon","coordinates":[[[10.089932036372486,53.68345582364212],[10.089932036372486,53.692449027279366],[10.098925240009732,53.692449027279366],[10.098925240009732,53.68345582364212],[10.089932036372486,53.68345582364212]]]}},{"type":"Feature","properties":{"jobs":0,"pop":200,"pointCount":2,"homeWorkCommuteMedian":19044,"workHomeCommuteMedian":-1},"geometry":{"type":"Polygon","coordinates":[[[10.089932036372486,53.692449027279366],[10.089932036372486,53.70144223091661],[10.098925240009732,53.70144223091661],[10.098925240009732,53.692449027279366],[10.089932036372486,53.692449027279366]]]}},{"type":"Feature","properties":{"jobs":400,"pop":100,"pointCount":2,"homeWorkCommuteMedian":43474,"workHomeCommuteMedian":42251},"geometry":{"type":"Polygon","coordinates":[[[10.089932036372486,53.782381063651826],[10.089932036372486,53.79137426728907],[10.098925240009732,53.79137426728907],[10.098925240009732,53.782381063651826],[10.089932036372486,53.782381063651826]]]}},{"type":"Feature","properties":{"jobs":0,"pop":100,"pointCount":1,"homeWorkCommuteMedian":40170,"workHomeCommuteMedian":-1},"geometry":{"type":"Polygon","coordinates":[[[10.089932036372486,53.80036747092632],[10.089932036372486,53.809360674563564],[10.098925240009732,53.809360674563564],[10.098925240009732,53.80036747092632],[10.089932036372486,53.80036747092632]]]}},{"type":"Feature","properties":{"jobs":100,"pop":0,"pointCount":1,"homeWorkCommuteMedian":-1,"workHomeCommuteMedian":39262},"geometry":{"type":"Polygon","coordinates":[[[10.089932036372486,53.8363402854753],[10.089932036372486,53.84533348911255],[10.098925240009732,53.84533348911255],[10.098925240009732,53.8363402854753],[10.089932036372486,53.8363402854753]]]}},{"type":"Feature","properties":{"jobs":300,"pop":200,"pointCount":3,"homeWorkCommuteMedian":28743,"workHomeCommuteMedian":35702},"geometry":{"type":"Polygon","coordinates":[[[10.098925240009732,53.35070728906402],[10.098925240009732,53.359700492701265],[10.107918443646978,53.359700492701265],[10.107918443646978,53.35070728906402],[10.098925240009732,53.35070728906402]]]}},{"type":"Feature","properties":{"jobs":0,"pop":300,"pointCount":3,"homeWorkCommuteMedian":41063,"workHomeCommuteMedian":-1},"geometry":{"type":"Polygon","coordinates":[[[10.098925240009732,53.359700492701265],[10.098925240009732,53.36869369633851],[10.107918443646978,53.36869369633851],[10.107918443646978,53.359700492701265],[10.098925240009732,53.359700492701265]]]}},{"type":"Feature","properties":{"jobs":1200,"pop":1000,"pointCount":13,"homeWorkCommuteMedian":30640,"workHomeCommuteMedian":29443},"geometry":{"type":"Polygon","coordinates":[[[10.098925240009732,53.37768689997576],[10.098925240009732,53.386680103613],[10.107918443646978,53.386680103613],[10.107918443646978,53.37768689997576],[10.098925240009732,53.37768689997576]]]}},{"type":"Feature","properties":{"jobs":0,"pop":400,"pointCount":3,"homeWorkCommuteMedian":31378,"workHomeCommuteMedian":-1},"geometry":{"type":"Polygon","coordinates":[[[10.098925240009732,53.386680103613],[10.098925240009732,53.39567330725025],[10.107918443646978,53.39567330725025],[10.107918443646978,53.386680103613],[10.098925240009732,53.386680103613]]]}},{"type":"Feature","properties":{"jobs":100,"pop":0,"pointCount":1,"homeWorkCommuteMedian":-1,"workHomeCommuteMedian":28602},"geometry":{"type":"Polygon","coordinates":[[[10.098925240009732,53.41365971452474],[10.098925240009732,53.42265291816199],[10.107918443646978,53.42265291816199],[10.107918443646978,53.41365971452474],[10.098925240009732,53.41365971452474]]]}},{"type":"Feature","properties":{"jobs":200,"pop":0,"pointCount":2,"homeWorkCommuteMedian":-1,"workHomeCommuteMedian":53950},"geometry":{"type":"Polygon","coordinates":[[[10.098925240009732,53.42265291816199],[10.098925240009732,53.43164612179923],[10.107918443646978,53.43164612179923],[10.107918443646978,53.42265291816199],[10.098925240009732,53.42265291816199]]]}},{"type":"Feature","properties":{"jobs":0,"pop":100,"pointCount":1,"homeWorkCommuteMedian":23889,"workHomeCommuteMedian":-1},"geometry":{"type":"Polygon","coordinates":[[[10.098925240009732,53.44063932543648],[10.098925240009732,53.449632529073725],[10.107918443646978,53.449632529073725],[10.107918443646978,53.44063932543648],[10.098925240009732,53.44063932543648]]]}},{"type":"Feature","properties":{"jobs":0,"pop":200,"pointCount":2,"homeWorkCommuteMedian":24825,"workHomeCommuteMedian":-1},"geometry":{"type":"Polygon","coordinates":[[[10.098925240009732,53.449632529073725],[10.098925240009732,53.45862573271097],[10.107918443646978,53.45862573271097],[10.107918443646978,53.449632529073725],[10.098925240009732,53.449632529073725]]]}},{"type":"Feature","properties":{"jobs":0,"pop":100,"pointCount":1,"homeWorkCommuteMedian":15435,"workHomeCommuteMedian":-1},"geometry":{"type":"Polygon","coordinates":[[[10.098925240009732,53.45862573271097],[10.098925240009732,53.46761893634822],[10.107918443646978,53.46761893634822],[10.107918443646978,53.45862573271097],[10.098925240009732,53.45862573271097]]]}},{"type":"Feature","properties":{"jobs":200,"pop":100,"pointCount":2,"homeWorkCommuteMedian":26349,"workHomeCommuteMedian":19021},"geometry":{"type":"Polygon","coordinates":[[[10.098925240009732,53.46761893634822],[10.098925240009732,53.47661213998546],[10.107918443646978,53.47661213998546],[10.107918443646978,53.46761893634822],[10.098925240009732,53.46761893634822]]]}},{"type":"Feature","properties":{"jobs":0,"pop":100,"pointCount":1,"homeWorkCommuteMedian":39441,"workHomeCommuteMedian":-1},"geometry":{"type":"Polygon","coordinates":[[[10.098925240009732,53.47661213998546],[10.098925240009732,53.48560534362271],[10.107918443646978,53.48560534362271],[10.107918443646978,53.47661213998546],[10.098925240009732,53.47661213998546]]]}},{"type":"Feature","properties":{"jobs":200,"pop":100,"pointCount":2,"homeWorkCommuteMedian":21993,"workHomeCommuteMedian":23698},"geometry":{"type":"Polygon","coordinates":[[[10.098925240009732,53.48560534362271],[10.098925240009732,53.494598547259955],[10.107918443646978,53.494598547259955],[10.107918443646978,53.48560534362271],[10.098925240009732,53.48560534362271]]]}},{"type":"Feature","properties":{"jobs":0,"pop":100,"pointCount":1,"homeWorkCommuteMedian":21149,"workHomeCommuteMedian":-1},"geometry":{"type":"Polygon","coordinates":[[[10.098925240009732,53.51258495453445],[10.098925240009732,53.52157815817169],[10.107918443646978,53.52157815817169],[10.107918443646978,53.51258495453445],[10.098925240009732,53.51258495453445]]]}},{"type":"Feature","properties":{"jobs":200,"pop":600,"pointCount":7,"homeWorkCommuteMedian":16775,"workHomeCommuteMedian":19496},"geometry":{"type":"Polygon","coordinates":[[[10.098925240009732,53.53057136180894],[10.098925240009732,53.539564565446184],[10.107918443646978,53.539564565446184],[10.107918443646978,53.53057136180894],[10.098925240009732,53.53057136180894]]]}},{"type":"Feature","properties":{"jobs":14200,"pop":1700,"pointCount":23,"homeWorkCommuteMedian":22389,"workHomeCommuteMedian":18477},"geometry":{"type":"Polygon","coordinates":[[[10.098925240009732,53.539564565446184],[10.098925240009732,53.54855776908343],[10.107918443646978,53.54855776908343],[10.107918443646978,53.539564565446184],[10.098925240009732,53.539564565446184]]]}},{"type":"Feature","properties":{"jobs":300,"pop":2200,"pointCount":14,"homeWorkCommuteMedian":21673,"workHomeCommuteMedian":31973},"geometry":{"type":"Polygon","coordinates":[[[10.098925240009732,53.54855776908343],[10.098925240009732,53.557550972720676],[10.107918443646978,53.557550972720676],[10.107918443646978,53.54855776908343],[10.098925240009732,53.54855776908343]]]}},{"type":"Feature","properties":{"jobs":2300,"pop":800,"pointCount":8,"homeWorkCommuteMedian":20775,"workHomeCommuteMedian":24595},"geometry":{"type":"Polygon","coordinates":[[[10.098925240009732,53.557550972720676],[10.098925240009732,53.56654417635792],[10.107918443646978,53.56654417635792],[10.107918443646978,53.557550972720676],[10.098925240009732,53.557550972720676]]]}},{"type":"Feature","properties":{"jobs":900,"pop":2400,"pointCount":16,"homeWorkCommuteMedian":21190,"workHomeCommuteMedian":18549},"geometry":{"type":"Polygon","coordinates":[[[10.098925240009732,53.56654417635792],[10.098925240009732,53.57553737999517],[10.107918443646978,53.57553737999517],[10.107918443646978,53.56654417635792],[10.098925240009732,53.56654417635792]]]}},{"type":"Feature","properties":{"jobs":1100,"pop":1400,"pointCount":14,"homeWorkCommuteMedian":28121,"workHomeCommuteMedian":21709},"geometry":{"type":"Polygon","coordinates":[[[10.098925240009732,53.57553737999517],[10.098925240009732,53.584530583632414],[10.107918443646978,53.584530583632414],[10.107918443646978,53.57553737999517],[10.098925240009732,53.57553737999517]]]}},{"type":"Feature","properties":{"jobs":1100,"pop":1550,"pointCount":17,"homeWorkCommuteMedian":16753,"workHomeCommuteMedian":25159},"geometry":{"type":"Polygon","coordinates":[[[10.098925240009732,53.584530583632414],[10.098925240009732,53.59352378726966],[10.107918443646978,53.59352378726966],[10.107918443646978,53.584530583632414],[10.098925240009732,53.584530583632414]]]}},{"type":"Feature","properties":{"jobs":1800,"pop":950,"pointCount":9,"homeWorkCommuteMedian":16200,"workHomeCommuteMedian":24369},"geometry":{"type":"Polygon","coordinates":[[[10.098925240009732,53.59352378726966],[10.098925240009732,53.602516990906906],[10.107918443646978,53.602516990906906],[10.107918443646978,53.59352378726966],[10.098925240009732,53.59352378726966]]]}},{"type":"Feature","properties":{"jobs":100,"pop":1000,"pointCount":7,"homeWorkCommuteMedian":17528,"workHomeCommuteMedian":13611},"geometry":{"type":"Polygon","coordinates":[[[10.098925240009732,53.602516990906906],[10.098925240009732,53.61151019454415],[10.107918443646978,53.61151019454415],[10.107918443646978,53.602516990906906],[10.098925240009732,53.602516990906906]]]}},{"type":"Feature","properties":{"jobs":600,"pop":1750,"pointCount":11,"homeWorkCommuteMedian":18439,"workHomeCommuteMedian":17103},"geometry":{"type":"Polygon","coordinates":[[[10.098925240009732,53.61151019454415],[10.098925240009732,53.6205033981814],[10.107918443646978,53.6205033981814],[10.107918443646978,53.61151019454415],[10.098925240009732,53.61151019454415]]]}},{"type":"Feature","properties":{"jobs":100,"pop":1500,"pointCount":10,"homeWorkCommuteMedian":18599,"workHomeCommuteMedian":14099},"geometry":{"type":"Polygon","coordinates":[[[10.098925240009732,53.6205033981814],[10.098925240009732,53.629496601818644],[10.107918443646978,53.629496601818644],[10.107918443646978,53.6205033981814],[10.098925240009732,53.6205033981814]]]}},{"type":"Feature","properties":{"jobs":0,"pop":1000,"pointCount":7,"homeWorkCommuteMedian":18929,"workHomeCommuteMedian":-1},"geometry":{"type":"Polygon","coordinates":[[[10.098925240009732,53.629496601818644],[10.098925240009732,53.63848980545589],[10.107918443646978,53.63848980545589],[10.107918443646978,53.629496601818644],[10.098925240009732,53.629496601818644]]]}},{"type":"Feature","properties":{"jobs":400,"pop":1000,"pointCount":9,"homeWorkCommuteMedian":15205,"workHomeCommuteMedian":18859},"geometry":{"type":"Polygon","coordinates":[[[10.098925240009732,53.63848980545589],[10.098925240009732,53.647483009093136],[10.107918443646978,53.647483009093136],[10.107918443646978,53.63848980545589],[10.098925240009732,53.63848980545589]]]}},{"type":"Feature","properties":{"jobs":2100,"pop":800,"pointCount":14,"homeWorkCommuteMedian":18610,"workHomeCommuteMedian":16170},"geometry":{"type":"Polygon","coordinates":[[[10.098925240009732,53.647483009093136],[10.098925240009732,53.65647621273038],[10.107918443646978,53.65647621273038],[10.107918443646978,53.647483009093136],[10.098925240009732,53.647483009093136]]]}},{"type":"Feature","properties":{"jobs":0,"pop":1250,"pointCount":8,"homeWorkCommuteMedian":21356,"workHomeCommuteMedian":-1},"geometry":{"type":"Polygon","coordinates":[[[10.098925240009732,53.65647621273038],[10.098925240009732,53.66546941636763],[10.107918443646978,53.66546941636763],[10.107918443646978,53.65647621273038],[10.098925240009732,53.65647621273038]]]}},{"type":"Feature","properties":{"jobs":0,"pop":200,"pointCount":2,"homeWorkCommuteMedian":20726,"workHomeCommuteMedian":-1},"geometry":{"type":"Polygon","coordinates":[[[10.098925240009732,53.66546941636763],[10.098925240009732,53.674462620004874],[10.107918443646978,53.674462620004874],[10.107918443646978,53.66546941636763],[10.098925240009732,53.66546941636763]]]}},{"type":"Feature","properties":{"jobs":100,"pop":500,"pointCount":5,"homeWorkCommuteMedian":21761,"workHomeCommuteMedian":23544},"geometry":{"type":"Polygon","coordinates":[[[10.098925240009732,53.674462620004874],[10.098925240009732,53.68345582364212],[10.107918443646978,53.68345582364212],[10.107918443646978,53.674462620004874],[10.098925240009732,53.674462620004874]]]}},{"type":"Feature","properties":{"jobs":300,"pop":100,"pointCount":2,"homeWorkCommuteMedian":30341,"workHomeCommuteMedian":17403},"geometry":{"type":"Polygon","coordinates":[[[10.098925240009732,53.68345582364212],[10.098925240009732,53.692449027279366],[10.107918443646978,53.692449027279366],[10.107918443646978,53.68345582364212],[10.098925240009732,53.68345582364212]]]}},{"type":"Feature","properties":{"jobs":0,"pop":200,"pointCount":2,"homeWorkCommuteMedian":16554,"workHomeCommuteMedian":-1},"geometry":{"type":"Polygon","coordinates":[[[10.098925240009732,53.692449027279366],[10.098925240009732,53.70144223091661],[10.107918443646978,53.70144223091661],[10.107918443646978,53.692449027279366],[10.098925240009732,53.692449027279366]]]}},{"type":"Feature","properties":{"jobs":2600,"pop":600,"pointCount":10,"homeWorkCommuteMedian":14482,"workHomeCommuteMedian":19153},"geometry":{"type":"Polygon","coordinates":[[[10.098925240009732,53.70144223091661],[10.098925240009732,53.71043543455386],[10.107918443646978,53.71043543455386],[10.107918443646978,53.70144223091661],[10.098925240009732,53.70144223091661]]]}},{"type":"Feature","properties":{"jobs":0,"pop":100,"pointCount":1,"homeWorkCommuteMedian":29698,"workHomeCommuteMedian":-1},"geometry":{"type":"Polygon","coordinates":[[[10.098925240009732,53.71043543455386],[10.098925240009732,53.719428638191104],[10.107918443646978,53.719428638191104],[10.107918443646978,53.71043543455386],[10.098925240009732,53.71043543455386]]]}},{"type":"Feature","properties":{"jobs":0,"pop":100,"pointCount":1,"homeWorkCommuteMedian":29815,"workHomeCommuteMedian":-1},"geometry":{"type":"Polygon","coordinates":[[[10.098925240009732,53.80036747092632],[10.098925240009732,53.809360674563564],[10.107918443646978,53.809360674563564],[10.107918443646978,53.80036747092632],[10.098925240009732,53.80036747092632]]]}},{"type":"Feature","properties":{"jobs":0,"pop":100,"pointCount":1,"homeWorkCommuteMedian":43168,"workHomeCommuteMedian":-1},"geometry":{"type":"Polygon","coordinates":[[[10.098925240009732,53.809360674563564],[10.098925240009732,53.81835387820081],[10.107918443646978,53.81835387820081],[10.107918443646978,53.809360674563564],[10.098925240009732,53.809360674563564]]]}},{"type":"Feature","properties":{"jobs":100,"pop":100,"pointCount":2,"homeWorkCommuteMedian":61195,"workHomeCommuteMedian":59865},"geometry":{"type":"Polygon","coordinates":[[[10.098925240009732,53.827347081838056],[10.098925240009732,53.8363402854753],[10.107918443646978,53.8363402854753],[10.107918443646978,53.827347081838056],[10.098925240009732,53.827347081838056]]]}},{"type":"Feature","properties":{"jobs":0,"pop":300,"pointCount":2,"homeWorkCommuteMedian":41783,"workHomeCommuteMedian":-1},"geometry":{"type":"Polygon","coordinates":[[[10.098925240009732,53.8363402854753],[10.098925240009732,53.84533348911255],[10.107918443646978,53.84533348911255],[10.107918443646978,53.8363402854753],[10.098925240009732,53.8363402854753]]]}},{"type":"Feature","properties":{"jobs":0,"pop":100,"pointCount":1,"homeWorkCommuteMedian":59622,"workHomeCommuteMedian":-1},"geometry":{"type":"Polygon","coordinates":[[[10.098925240009732,53.88130630366153],[10.098925240009732,53.89029950729878],[10.107918443646978,53.89029950729878],[10.107918443646978,53.88130630366153],[10.098925240009732,53.88130630366153]]]}},{"type":"Feature","properties":{"jobs":0,"pop":100,"pointCount":1,"homeWorkCommuteMedian":37225,"workHomeCommuteMedian":-1},"geometry":{"type":"Polygon","coordinates":[[[10.107918443646978,53.35070728906402],[10.107918443646978,53.359700492701265],[10.116911647284224,53.359700492701265],[10.116911647284224,53.35070728906402],[10.107918443646978,53.35070728906402]]]}},{"type":"Feature","properties":{"jobs":0,"pop":100,"pointCount":1,"homeWorkCommuteMedian":24243,"workHomeCommuteMedian":-1},"geometry":{"type":"Polygon","coordinates":[[[10.107918443646978,53.359700492701265],[10.107918443646978,53.36869369633851],[10.116911647284224,53.36869369633851],[10.116911647284224,53.359700492701265],[10.107918443646978,53.359700492701265]]]}},{"type":"Feature","properties":{"jobs":1800,"pop":100,"pointCount":6,"homeWorkCommuteMedian":14552,"workHomeCommuteMedian":31773},"geometry":{"type":"Polygon","coordinates":[[[10.107918443646978,53.37768689997576],[10.107918443646978,53.386680103613],[10.116911647284224,53.386680103613],[10.116911647284224,53.37768689997576],[10.107918443646978,53.37768689997576]]]}},{"type":"Feature","properties":{"jobs":0,"pop":100,"pointCount":1,"homeWorkCommuteMedian":24906,"workHomeCommuteMedian":-1},"geometry":{"type":"Polygon","coordinates":[[[10.107918443646978,53.386680103613],[10.107918443646978,53.39567330725025],[10.116911647284224,53.39567330725025],[10.116911647284224,53.386680103613],[10.107918443646978,53.386680103613]]]}},{"type":"Feature","properties":{"jobs":1000,"pop":400,"pointCount":5,"homeWorkCommuteMedian":47058,"workHomeCommuteMedian":40037},"geometry":{"type":"Polygon","coordinates":[[[10.107918443646978,53.41365971452474],[10.107918443646978,53.42265291816199],[10.116911647284224,53.42265291816199],[10.116911647284224,53.41365971452474],[10.107918443646978,53.41365971452474]]]}},{"type":"Feature","properties":{"jobs":200,"pop":0,"pointCount":1,"homeWorkCommuteMedian":-1,"workHomeCommuteMedian":48804},"geometry":{"type":"Polygon","coordinates":[[[10.107918443646978,53.43164612179923],[10.107918443646978,53.44063932543648],[10.116911647284224,53.44063932543648],[10.116911647284224,53.43164612179923],[10.107918443646978,53.43164612179923]]]}},{"type":"Feature","properties":{"jobs":100,"pop":0,"pointCount":1,"homeWorkCommuteMedian":-1,"workHomeCommuteMedian":15686},"geometry":{"type":"Polygon","coordinates":[[[10.107918443646978,53.47661213998546],[10.107918443646978,53.48560534362271],[10.116911647284224,53.48560534362271],[10.116911647284224,53.47661213998546],[10.107918443646978,53.47661213998546]]]}},{"type":"Feature","properties":{"jobs":100,"pop":0,"pointCount":1,"homeWorkCommuteMedian":-1,"workHomeCommuteMedian":23504},"geometry":{"type":"Polygon","coordinates":[[[10.107918443646978,53.494598547259955],[10.107918443646978,53.5035917508972],[10.116911647284224,53.5035917508972],[10.116911647284224,53.494598547259955],[10.107918443646978,53.494598547259955]]]}},{"type":"Feature","properties":{"jobs":0,"pop":200,"pointCount":2,"homeWorkCommuteMedian":21493,"workHomeCommuteMedian":-1},"geometry":{"type":"Polygon","coordinates":[[[10.107918443646978,53.5035917508972],[10.107918443646978,53.51258495453445],[10.116911647284224,53.51258495453445],[10.116911647284224,53.5035917508972],[10.107918443646978,53.5035917508972]]]}},{"type":"Feature","properties":{"jobs":0,"pop":200,"pointCount":2,"homeWorkCommuteMedian":24141,"workHomeCommuteMedian":-1},"geometry":{"type":"Polygon","coordinates":[[[10.107918443646978,53.52157815817169],[10.107918443646978,53.53057136180894],[10.116911647284224,53.53057136180894],[10.116911647284224,53.52157815817169],[10.107918443646978,53.52157815817169]]]}},{"type":"Feature","properties":{"jobs":600,"pop":850,"pointCount":4,"homeWorkCommuteMedian":20373,"workHomeCommuteMedian":14290},"geometry":{"type":"Polygon","coordinates":[[[10.107918443646978,53.53057136180894],[10.107918443646978,53.539564565446184],[10.116911647284224,53.539564565446184],[10.116911647284224,53.53057136180894],[10.107918443646978,53.53057136180894]]]}},{"type":"Feature","properties":{"jobs":600,"pop":1600,"pointCount":13,"homeWorkCommuteMedian":19282,"workHomeCommuteMedian":18558},"geometry":{"type":"Polygon","coordinates":[[[10.107918443646978,53.539564565446184],[10.107918443646978,53.54855776908343],[10.116911647284224,53.54855776908343],[10.116911647284224,53.539564565446184],[10.107918443646978,53.539564565446184]]]}},{"type":"Feature","properties":{"jobs":100,"pop":2000,"pointCount":10,"homeWorkCommuteMedian":20978,"workHomeCommuteMedian":19026},"geometry":{"type":"Polygon","coordinates":[[[10.107918443646978,53.54855776908343],[10.107918443646978,53.557550972720676],[10.116911647284224,53.557550972720676],[10.116911647284224,53.54855776908343],[10.107918443646978,53.54855776908343]]]}},{"type":"Feature","properties":{"jobs":200,"pop":1150,"pointCount":7,"homeWorkCommuteMedian":25703,"workHomeCommuteMedian":40211},"geometry":{"type":"Polygon","coordinates":[[[10.107918443646978,53.557550972720676],[10.107918443646978,53.56654417635792],[10.116911647284224,53.56654417635792],[10.116911647284224,53.557550972720676],[10.107918443646978,53.557550972720676]]]}},{"type":"Feature","properties":{"jobs":500,"pop":600,"pointCount":8,"homeWorkCommuteMedian":28882,"workHomeCommuteMedian":18799},"geometry":{"type":"Polygon","coordinates":[[[10.107918443646978,53.56654417635792],[10.107918443646978,53.57553737999517],[10.116911647284224,53.57553737999517],[10.116911647284224,53.56654417635792],[10.107918443646978,53.56654417635792]]]}},{"type":"Feature","properties":{"jobs":500,"pop":600,"pointCount":8,"homeWorkCommuteMedian":23205,"workHomeCommuteMedian":29590},"geometry":{"type":"Polygon","coordinates":[[[10.107918443646978,53.57553737999517],[10.107918443646978,53.584530583632414],[10.116911647284224,53.584530583632414],[10.116911647284224,53.57553737999517],[10.107918443646978,53.57553737999517]]]}},{"type":"Feature","properties":{"jobs":0,"pop":600,"pointCount":4,"homeWorkCommuteMedian":16269,"workHomeCommuteMedian":-1},"geometry":{"type":"Polygon","coordinates":[[[10.107918443646978,53.584530583632414],[10.107918443646978,53.59352378726966],[10.116911647284224,53.59352378726966],[10.116911647284224,53.584530583632414],[10.107918443646978,53.584530583632414]]]}},{"type":"Feature","properties":{"jobs":200,"pop":1350,"pointCount":9,"homeWorkCommuteMedian":18988,"workHomeCommuteMedian":17111},"geometry":{"type":"Polygon","coordinates":[[[10.107918443646978,53.59352378726966],[10.107918443646978,53.602516990906906],[10.116911647284224,53.602516990906906],[10.116911647284224,53.59352378726966],[10.107918443646978,53.59352378726966]]]}},{"type":"Feature","properties":{"jobs":0,"pop":800,"pointCount":5,"homeWorkCommuteMedian":17579,"workHomeCommuteMedian":-1},"geometry":{"type":"Polygon","coordinates":[[[10.107918443646978,53.602516990906906],[10.107918443646978,53.61151019454415],[10.116911647284224,53.61151019454415],[10.116911647284224,53.602516990906906],[10.107918443646978,53.602516990906906]]]}},{"type":"Feature","properties":{"jobs":1700,"pop":1650,"pointCount":14,"homeWorkCommuteMedian":21466,"workHomeCommuteMedian":16512},"geometry":{"type":"Polygon","coordinates":[[[10.107918443646978,53.61151019454415],[10.107918443646978,53.6205033981814],[10.116911647284224,53.6205033981814],[10.116911647284224,53.61151019454415],[10.107918443646978,53.61151019454415]]]}},{"type":"Feature","properties":{"jobs":2300,"pop":500,"pointCount":8,"homeWorkCommuteMedian":23292,"workHomeCommuteMedian":16246},"geometry":{"type":"Polygon","coordinates":[[[10.107918443646978,53.6205033981814],[10.107918443646978,53.629496601818644],[10.116911647284224,53.629496601818644],[10.116911647284224,53.6205033981814],[10.107918443646978,53.6205033981814]]]}},{"type":"Feature","properties":{"jobs":300,"pop":1450,"pointCount":10,"homeWorkCommuteMedian":23267,"workHomeCommuteMedian":16970},"geometry":{"type":"Polygon","coordinates":[[[10.107918443646978,53.629496601818644],[10.107918443646978,53.63848980545589],[10.116911647284224,53.63848980545589],[10.116911647284224,53.629496601818644],[10.107918443646978,53.629496601818644]]]}},{"type":"Feature","properties":{"jobs":600,"pop":400,"pointCount":4,"homeWorkCommuteMedian":21919,"workHomeCommuteMedian":23355},"geometry":{"type":"Polygon","coordinates":[[[10.107918443646978,53.63848980545589],[10.107918443646978,53.647483009093136],[10.116911647284224,53.647483009093136],[10.116911647284224,53.63848980545589],[10.107918443646978,53.63848980545589]]]}},{"type":"Feature","properties":{"jobs":6000,"pop":800,"pointCount":11,"homeWorkCommuteMedian":25179,"workHomeCommuteMedian":16288},"geometry":{"type":"Polygon","coordinates":[[[10.107918443646978,53.647483009093136],[10.107918443646978,53.65647621273038],[10.116911647284224,53.65647621273038],[10.116911647284224,53.647483009093136],[10.107918443646978,53.647483009093136]]]}},{"type":"Feature","properties":{"jobs":0,"pop":750,"pointCount":5,"homeWorkCommuteMedian":13085,"workHomeCommuteMedian":-1},"geometry":{"type":"Polygon","coordinates":[[[10.107918443646978,53.65647621273038],[10.107918443646978,53.66546941636763],[10.116911647284224,53.66546941636763],[10.116911647284224,53.65647621273038],[10.107918443646978,53.65647621273038]]]}},{"type":"Feature","properties":{"jobs":0,"pop":100,"pointCount":1,"homeWorkCommuteMedian":23436,"workHomeCommuteMedian":-1},"geometry":{"type":"Polygon","coordinates":[[[10.107918443646978,53.66546941636763],[10.107918443646978,53.674462620004874],[10.116911647284224,53.674462620004874],[10.116911647284224,53.66546941636763],[10.107918443646978,53.66546941636763]]]}},{"type":"Feature","properties":{"jobs":0,"pop":200,"pointCount":2,"homeWorkCommuteMedian":44613,"workHomeCommuteMedian":-1},"geometry":{"type":"Polygon","coordinates":[[[10.107918443646978,53.674462620004874],[10.107918443646978,53.68345582364212],[10.116911647284224,53.68345582364212],[10.116911647284224,53.674462620004874],[10.107918443646978,53.674462620004874]]]}},{"type":"Feature","properties":{"jobs":600,"pop":100,"pointCount":2,"homeWorkCommuteMedian":19801,"workHomeCommuteMedian":17161},"geometry":{"type":"Polygon","coordinates":[[[10.107918443646978,53.68345582364212],[10.107918443646978,53.692449027279366],[10.116911647284224,53.692449027279366],[10.116911647284224,53.68345582364212],[10.107918443646978,53.68345582364212]]]}},{"type":"Feature","properties":{"jobs":0,"pop":100,"pointCount":1,"homeWorkCommuteMedian":34498,"workHomeCommuteMedian":-1},"geometry":{"type":"Polygon","coordinates":[[[10.107918443646978,53.692449027279366],[10.107918443646978,53.70144223091661],[10.116911647284224,53.70144223091661],[10.116911647284224,53.692449027279366],[10.107918443646978,53.692449027279366]]]}},{"type":"Feature","properties":{"jobs":700,"pop":200,"pointCount":5,"homeWorkCommuteMedian":44565,"workHomeCommuteMedian":20578},"geometry":{"type":"Polygon","coordinates":[[[10.107918443646978,53.70144223091661],[10.107918443646978,53.71043543455386],[10.116911647284224,53.71043543455386],[10.116911647284224,53.70144223091661],[10.107918443646978,53.70144223091661]]]}},{"type":"Feature","properties":{"jobs":0,"pop":100,"pointCount":1,"homeWorkCommuteMedian":23469,"workHomeCommuteMedian":-1},"geometry":{"type":"Polygon","coordinates":[[[10.107918443646978,53.71043543455386],[10.107918443646978,53.719428638191104],[10.116911647284224,53.719428638191104],[10.116911647284224,53.71043543455386],[10.107918443646978,53.71043543455386]]]}},{"type":"Feature","properties":{"jobs":0,"pop":400,"pointCount":3,"homeWorkCommuteMedian":40211,"workHomeCommuteMedian":-1},"geometry":{"type":"Polygon","coordinates":[[[10.116911647284224,53.359700492701265],[10.116911647284224,53.36869369633851],[10.12590485092147,53.36869369633851],[10.12590485092147,53.359700492701265],[10.116911647284224,53.359700492701265]]]}},{"type":"Feature","properties":{"jobs":0,"pop":600,"pointCount":4,"homeWorkCommuteMedian":45289,"workHomeCommuteMedian":-1},"geometry":{"type":"Polygon","coordinates":[[[10.116911647284224,53.36869369633851],[10.116911647284224,53.37768689997576],[10.12590485092147,53.37768689997576],[10.12590485092147,53.36869369633851],[10.116911647284224,53.36869369633851]]]}},{"type":"Feature","properties":{"jobs":0,"pop":200,"pointCount":2,"homeWorkCommuteMedian":30228,"workHomeCommuteMedian":-1},"geometry":{"type":"Polygon","coordinates":[[[10.116911647284224,53.37768689997576],[10.116911647284224,53.386680103613],[10.12590485092147,53.386680103613],[10.12590485092147,53.37768689997576],[10.116911647284224,53.37768689997576]]]}},{"type":"Feature","properties":{"jobs":800,"pop":500,"pointCount":6,"homeWorkCommuteMedian":39379,"workHomeCommuteMedian":36526},"geometry":{"type":"Polygon","coordinates":[[[10.116911647284224,53.41365971452474],[10.116911647284224,53.42265291816199],[10.12590485092147,53.42265291816199],[10.12590485092147,53.41365971452474],[10.116911647284224,53.41365971452474]]]}},{"type":"Feature","properties":{"jobs":0,"pop":100,"pointCount":1,"homeWorkCommuteMedian":27274,"workHomeCommuteMedian":-1},"geometry":{"type":"Polygon","coordinates":[[[10.116911647284224,53.42265291816199],[10.116911647284224,53.43164612179923],[10.12590485092147,53.43164612179923],[10.12590485092147,53.42265291816199],[10.116911647284224,53.42265291816199]]]}},{"type":"Feature","properties":{"jobs":100,"pop":100,"pointCount":2,"homeWorkCommuteMedian":14952,"workHomeCommuteMedian":26632},"geometry":{"type":"Polygon","coordinates":[[[10.116911647284224,53.44063932543648],[10.116911647284224,53.449632529073725],[10.12590485092147,53.449632529073725],[10.12590485092147,53.44063932543648],[10.116911647284224,53.44063932543648]]]}},{"type":"Feature","properties":{"jobs":200,"pop":0,"pointCount":2,"homeWorkCommuteMedian":-1,"workHomeCommuteMedian":26253},"geometry":{"type":"Polygon","coordinates":[[[10.116911647284224,53.47661213998546],[10.116911647284224,53.48560534362271],[10.12590485092147,53.48560534362271],[10.12590485092147,53.47661213998546],[10.116911647284224,53.47661213998546]]]}},{"type":"Feature","properties":{"jobs":0,"pop":300,"pointCount":3,"homeWorkCommuteMedian":23759,"workHomeCommuteMedian":-1},"geometry":{"type":"Polygon","coordinates":[[[10.116911647284224,53.494598547259955],[10.116911647284224,53.5035917508972],[10.12590485092147,53.5035917508972],[10.12590485092147,53.494598547259955],[10.116911647284224,53.494598547259955]]]}},{"type":"Feature","properties":{"jobs":0,"pop":100,"pointCount":1,"homeWorkCommuteMedian":16489,"workHomeCommuteMedian":-1},"geometry":{"type":"Polygon","coordinates":[[[10.116911647284224,53.51258495453445],[10.116911647284224,53.52157815817169],[10.12590485092147,53.52157815817169],[10.12590485092147,53.51258495453445],[10.116911647284224,53.51258495453445]]]}},{"type":"Feature","properties":{"jobs":200,"pop":600,"pointCount":5,"homeWorkCommuteMedian":39741,"workHomeCommuteMedian":13233},"geometry":{"type":"Polygon","coordinates":[[[10.116911647284224,53.52157815817169],[10.116911647284224,53.53057136180894],[10.12590485092147,53.53057136180894],[10.12590485092147,53.52157815817169],[10.116911647284224,53.52157815817169]]]}},{"type":"Feature","properties":{"jobs":1700,"pop":2000,"pointCount":14,"homeWorkCommuteMedian":18253,"workHomeCommuteMedian":14312},"geometry":{"type":"Polygon","coordinates":[[[10.116911647284224,53.53057136180894],[10.116911647284224,53.539564565446184],[10.12590485092147,53.539564565446184],[10.12590485092147,53.53057136180894],[10.116911647284224,53.53057136180894]]]}},{"type":"Feature","properties":{"jobs":500,"pop":1750,"pointCount":8,"homeWorkCommuteMedian":20474,"workHomeCommuteMedian":15595},"geometry":{"type":"Polygon","coordinates":[[[10.116911647284224,53.539564565446184],[10.116911647284224,53.54855776908343],[10.12590485092147,53.54855776908343],[10.12590485092147,53.539564565446184],[10.116911647284224,53.539564565446184]]]}},{"type":"Feature","properties":{"jobs":0,"pop":600,"pointCount":3,"homeWorkCommuteMedian":23252,"workHomeCommuteMedian":-1},"geometry":{"type":"Polygon","coordinates":[[[10.116911647284224,53.54855776908343],[10.116911647284224,53.557550972720676],[10.12590485092147,53.557550972720676],[10.12590485092147,53.54855776908343],[10.116911647284224,53.54855776908343]]]}},{"type":"Feature","properties":{"jobs":700,"pop":700,"pointCount":7,"homeWorkCommuteMedian":18284,"workHomeCommuteMedian":21819},"geometry":{"type":"Polygon","coordinates":[[[10.116911647284224,53.557550972720676],[10.116911647284224,53.56654417635792],[10.12590485092147,53.56654417635792],[10.12590485092147,53.557550972720676],[10.116911647284224,53.557550972720676]]]}},{"type":"Feature","properties":{"jobs":2500,"pop":1300,"pointCount":14,"homeWorkCommuteMedian":18574,"workHomeCommuteMedian":18169},"geometry":{"type":"Polygon","coordinates":[[[10.116911647284224,53.56654417635792],[10.116911647284224,53.57553737999517],[10.12590485092147,53.57553737999517],[10.12590485092147,53.56654417635792],[10.116911647284224,53.56654417635792]]]}},{"type":"Feature","properties":{"jobs":1000,"pop":500,"pointCount":9,"homeWorkCommuteMedian":18508,"workHomeCommuteMedian":16037},"geometry":{"type":"Polygon","coordinates":[[[10.116911647284224,53.57553737999517],[10.116911647284224,53.584530583632414],[10.12590485092147,53.584530583632414],[10.12590485092147,53.57553737999517],[10.116911647284224,53.57553737999517]]]}},{"type":"Feature","properties":{"jobs":1900,"pop":1000,"pointCount":9,"homeWorkCommuteMedian":22210,"workHomeCommuteMedian":16751},"geometry":{"type":"Polygon","coordinates":[[[10.116911647284224,53.584530583632414],[10.116911647284224,53.59352378726966],[10.12590485092147,53.59352378726966],[10.12590485092147,53.584530583632414],[10.116911647284224,53.584530583632414]]]}},{"type":"Feature","properties":{"jobs":700,"pop":1300,"pointCount":12,"homeWorkCommuteMedian":20577,"workHomeCommuteMedian":14842},"geometry":{"type":"Polygon","coordinates":[[[10.116911647284224,53.59352378726966],[10.116911647284224,53.602516990906906],[10.12590485092147,53.602516990906906],[10.12590485092147,53.59352378726966],[10.116911647284224,53.59352378726966]]]}},{"type":"Feature","properties":{"jobs":4600,"pop":500,"pointCount":11,"homeWorkCommuteMedian":15755,"workHomeCommuteMedian":21161},"geometry":{"type":"Polygon","coordinates":[[[10.116911647284224,53.602516990906906],[10.116911647284224,53.61151019454415],[10.12590485092147,53.61151019454415],[10.12590485092147,53.602516990906906],[10.116911647284224,53.602516990906906]]]}},{"type":"Feature","properties":{"jobs":0,"pop":1100,"pointCount":6,"homeWorkCommuteMedian":15521,"workHomeCommuteMedian":-1},"geometry":{"type":"Polygon","coordinates":[[[10.116911647284224,53.61151019454415],[10.116911647284224,53.6205033981814],[10.12590485092147,53.6205033981814],[10.12590485092147,53.61151019454415],[10.116911647284224,53.61151019454415]]]}},{"type":"Feature","properties":{"jobs":500,"pop":500,"pointCount":7,"homeWorkCommuteMedian":43934,"workHomeCommuteMedian":16130},"geometry":{"type":"Polygon","coordinates":[[[10.116911647284224,53.6205033981814],[10.116911647284224,53.629496601818644],[10.12590485092147,53.629496601818644],[10.12590485092147,53.6205033981814],[10.116911647284224,53.6205033981814]]]}},{"type":"Feature","properties":{"jobs":0,"pop":400,"pointCount":3,"homeWorkCommuteMedian":22687,"workHomeCommuteMedian":-1},"geometry":{"type":"Polygon","coordinates":[[[10.116911647284224,53.629496601818644],[10.116911647284224,53.63848980545589],[10.12590485092147,53.63848980545589],[10.12590485092147,53.629496601818644],[10.116911647284224,53.629496601818644]]]}},{"type":"Feature","properties":{"jobs":0,"pop":900,"pointCount":5,"homeWorkCommuteMedian":20493,"workHomeCommuteMedian":-1},"geometry":{"type":"Polygon","coordinates":[[[10.116911647284224,53.63848980545589],[10.116911647284224,53.647483009093136],[10.12590485092147,53.647483009093136],[10.12590485092147,53.63848980545589],[10.116911647284224,53.63848980545589]]]}},{"type":"Feature","properties":{"jobs":700,"pop":1300,"pointCount":10,"homeWorkCommuteMedian":17920,"workHomeCommuteMedian":18757},"geometry":{"type":"Polygon","coordinates":[[[10.116911647284224,53.647483009093136],[10.116911647284224,53.65647621273038],[10.12590485092147,53.65647621273038],[10.12590485092147,53.647483009093136],[10.116911647284224,53.647483009093136]]]}},{"type":"Feature","properties":{"jobs":100,"pop":900,"pointCount":9,"homeWorkCommuteMedian":24748,"workHomeCommuteMedian":27399},"geometry":{"type":"Polygon","coordinates":[[[10.116911647284224,53.65647621273038],[10.116911647284224,53.66546941636763],[10.12590485092147,53.66546941636763],[10.12590485092147,53.65647621273038],[10.116911647284224,53.65647621273038]]]}},{"type":"Feature","properties":{"jobs":2300,"pop":500,"pointCount":7,"homeWorkCommuteMedian":28067,"workHomeCommuteMedian":16826},"geometry":{"type":"Polygon","coordinates":[[[10.116911647284224,53.66546941636763],[10.116911647284224,53.674462620004874],[10.12590485092147,53.674462620004874],[10.12590485092147,53.66546941636763],[10.116911647284224,53.66546941636763]]]}},{"type":"Feature","properties":{"jobs":0,"pop":400,"pointCount":3,"homeWorkCommuteMedian":17372,"workHomeCommuteMedian":-1},"geometry":{"type":"Polygon","coordinates":[[[10.116911647284224,53.674462620004874],[10.116911647284224,53.68345582364212],[10.12590485092147,53.68345582364212],[10.12590485092147,53.674462620004874],[10.116911647284224,53.674462620004874]]]}},{"type":"Feature","properties":{"jobs":0,"pop":100,"pointCount":1,"homeWorkCommuteMedian":19061,"workHomeCommuteMedian":-1},"geometry":{"type":"Polygon","coordinates":[[[10.116911647284224,53.68345582364212],[10.116911647284224,53.692449027279366],[10.12590485092147,53.692449027279366],[10.12590485092147,53.68345582364212],[10.116911647284224,53.68345582364212]]]}},{"type":"Feature","properties":{"jobs":200,"pop":100,"pointCount":2,"homeWorkCommuteMedian":26715,"workHomeCommuteMedian":23574},"geometry":{"type":"Polygon","coordinates":[[[10.116911647284224,53.692449027279366],[10.116911647284224,53.70144223091661],[10.12590485092147,53.70144223091661],[10.12590485092147,53.692449027279366],[10.116911647284224,53.692449027279366]]]}},{"type":"Feature","properties":{"jobs":0,"pop":300,"pointCount":3,"homeWorkCommuteMedian":21124,"workHomeCommuteMedian":-1},"geometry":{"type":"Polygon","coordinates":[[[10.116911647284224,53.70144223091661],[10.116911647284224,53.71043543455386],[10.12590485092147,53.71043543455386],[10.12590485092147,53.70144223091661],[10.116911647284224,53.70144223091661]]]}},{"type":"Feature","properties":{"jobs":100,"pop":0,"pointCount":1,"homeWorkCommuteMedian":-1,"workHomeCommuteMedian":14754},"geometry":{"type":"Polygon","coordinates":[[[10.116911647284224,53.764394656377334],[10.116911647284224,53.77338786001458],[10.12590485092147,53.77338786001458],[10.12590485092147,53.764394656377334],[10.116911647284224,53.764394656377334]]]}},{"type":"Feature","properties":{"jobs":0,"pop":100,"pointCount":1,"homeWorkCommuteMedian":31263,"workHomeCommuteMedian":-1},"geometry":{"type":"Polygon","coordinates":[[[10.116911647284224,53.782381063651826],[10.116911647284224,53.79137426728907],[10.12590485092147,53.79137426728907],[10.12590485092147,53.782381063651826],[10.116911647284224,53.782381063651826]]]}},{"type":"Feature","properties":{"jobs":100,"pop":100,"pointCount":2,"homeWorkCommuteMedian":45274,"workHomeCommuteMedian":14374},"geometry":{"type":"Polygon","coordinates":[[[10.116911647284224,53.84533348911255],[10.116911647284224,53.854326692749794],[10.12590485092147,53.854326692749794],[10.12590485092147,53.84533348911255],[10.116911647284224,53.84533348911255]]]}},{"type":"Feature","properties":{"jobs":0,"pop":400,"pointCount":3,"homeWorkCommuteMedian":64484,"workHomeCommuteMedian":-1},"geometry":{"type":"Polygon","coordinates":[[[10.12590485092147,53.359700492701265],[10.12590485092147,53.36869369633851],[10.134898054558716,53.36869369633851],[10.134898054558716,53.359700492701265],[10.12590485092147,53.359700492701265]]]}},{"type":"Feature","properties":{"jobs":300,"pop":400,"pointCount":4,"homeWorkCommuteMedian":42045,"workHomeCommuteMedian":23491},"geometry":{"type":"Polygon","coordinates":[[[10.12590485092147,53.36869369633851],[10.12590485092147,53.37768689997576],[10.134898054558716,53.37768689997576],[10.134898054558716,53.36869369633851],[10.12590485092147,53.36869369633851]]]}},{"type":"Feature","properties":{"jobs":600,"pop":200,"pointCount":4,"homeWorkCommuteMedian":38443,"workHomeCommuteMedian":37268},"geometry":{"type":"Polygon","coordinates":[[[10.12590485092147,53.41365971452474],[10.12590485092147,53.42265291816199],[10.134898054558716,53.42265291816199],[10.134898054558716,53.41365971452474],[10.12590485092147,53.41365971452474]]]}},{"type":"Feature","properties":{"jobs":0,"pop":100,"pointCount":1,"homeWorkCommuteMedian":28229,"workHomeCommuteMedian":-1},"geometry":{"type":"Polygon","coordinates":[[[10.12590485092147,53.42265291816199],[10.12590485092147,53.43164612179923],[10.134898054558716,53.43164612179923],[10.134898054558716,53.42265291816199],[10.12590485092147,53.42265291816199]]]}},{"type":"Feature","properties":{"jobs":800,"pop":200,"pointCount":4,"homeWorkCommuteMedian":23345,"workHomeCommuteMedian":21752},"geometry":{"type":"Polygon","coordinates":[[[10.12590485092147,53.44063932543648],[10.12590485092147,53.449632529073725],[10.134898054558716,53.449632529073725],[10.134898054558716,53.44063932543648],[10.12590485092147,53.44063932543648]]]}},{"type":"Feature","properties":{"jobs":0,"pop":100,"pointCount":1,"homeWorkCommuteMedian":30002,"workHomeCommuteMedian":-1},"geometry":{"type":"Polygon","coordinates":[[[10.12590485092147,53.494598547259955],[10.12590485092147,53.5035917508972],[10.134898054558716,53.5035917508972],[10.134898054558716,53.494598547259955],[10.12590485092147,53.494598547259955]]]}},{"type":"Feature","properties":{"jobs":0,"pop":300,"pointCount":2,"homeWorkCommuteMedian":26895,"workHomeCommuteMedian":-1},"geometry":{"type":"Polygon","coordinates":[[[10.12590485092147,53.52157815817169],[10.12590485092147,53.53057136180894],[10.134898054558716,53.53057136180894],[10.134898054558716,53.52157815817169],[10.12590485092147,53.52157815817169]]]}},{"type":"Feature","properties":{"jobs":500,"pop":1600,"pointCount":12,"homeWorkCommuteMedian":17892,"workHomeCommuteMedian":14435},"geometry":{"type":"Polygon","coordinates":[[[10.12590485092147,53.53057136180894],[10.12590485092147,53.539564565446184],[10.134898054558716,53.539564565446184],[10.134898054558716,53.53057136180894],[10.12590485092147,53.53057136180894]]]}},{"type":"Feature","properties":{"jobs":1000,"pop":1600,"pointCount":13,"homeWorkCommuteMedian":18147,"workHomeCommuteMedian":20858},"geometry":{"type":"Polygon","coordinates":[[[10.12590485092147,53.539564565446184],[10.12590485092147,53.54855776908343],[10.134898054558716,53.54855776908343],[10.134898054558716,53.539564565446184],[10.12590485092147,53.539564565446184]]]}},{"type":"Feature","properties":{"jobs":0,"pop":1250,"pointCount":5,"homeWorkCommuteMedian":27198,"workHomeCommuteMedian":-1},"geometry":{"type":"Polygon","coordinates":[[[10.12590485092147,53.557550972720676],[10.12590485092147,53.56654417635792],[10.134898054558716,53.56654417635792],[10.134898054558716,53.557550972720676],[10.12590485092147,53.557550972720676]]]}},{"type":"Feature","properties":{"jobs":300,"pop":1550,"pointCount":7,"homeWorkCommuteMedian":16680,"workHomeCommuteMedian":15748},"geometry":{"type":"Polygon","coordinates":[[[10.12590485092147,53.56654417635792],[10.12590485092147,53.57553737999517],[10.134898054558716,53.57553737999517],[10.134898054558716,53.56654417635792],[10.12590485092147,53.56654417635792]]]}},{"type":"Feature","properties":{"jobs":1200,"pop":1000,"pointCount":8,"homeWorkCommuteMedian":19445,"workHomeCommuteMedian":21201},"geometry":{"type":"Polygon","coordinates":[[[10.12590485092147,53.57553737999517],[10.12590485092147,53.584530583632414],[10.134898054558716,53.584530583632414],[10.134898054558716,53.57553737999517],[10.12590485092147,53.57553737999517]]]}},{"type":"Feature","properties":{"jobs":600,"pop":750,"pointCount":10,"homeWorkCommuteMedian":16806,"workHomeCommuteMedian":21691},"geometry":{"type":"Polygon","coordinates":[[[10.12590485092147,53.584530583632414],[10.12590485092147,53.59352378726966],[10.134898054558716,53.59352378726966],[10.134898054558716,53.584530583632414],[10.12590485092147,53.584530583632414]]]}},{"type":"Feature","properties":{"jobs":1300,"pop":900,"pointCount":12,"homeWorkCommuteMedian":15608,"workHomeCommuteMedian":18587},"geometry":{"type":"Polygon","coordinates":[[[10.12590485092147,53.59352378726966],[10.12590485092147,53.602516990906906],[10.134898054558716,53.602516990906906],[10.134898054558716,53.59352378726966],[10.12590485092147,53.59352378726966]]]}},{"type":"Feature","properties":{"jobs":0,"pop":800,"pointCount":6,"homeWorkCommuteMedian":19204,"workHomeCommuteMedian":-1},"geometry":{"type":"Polygon","coordinates":[[[10.12590485092147,53.602516990906906],[10.12590485092147,53.61151019454415],[10.134898054558716,53.61151019454415],[10.134898054558716,53.602516990906906],[10.12590485092147,53.602516990906906]]]}},{"type":"Feature","properties":{"jobs":0,"pop":800,"pointCount":5,"homeWorkCommuteMedian":21801,"workHomeCommuteMedian":-1},"geometry":{"type":"Polygon","coordinates":[[[10.12590485092147,53.61151019454415],[10.12590485092147,53.6205033981814],[10.134898054558716,53.6205033981814],[10.134898054558716,53.61151019454415],[10.12590485092147,53.61151019454415]]]}},{"type":"Feature","properties":{"jobs":0,"pop":700,"pointCount":6,"homeWorkCommuteMedian":16528,"workHomeCommuteMedian":-1},"geometry":{"type":"Polygon","coordinates":[[[10.12590485092147,53.6205033981814],[10.12590485092147,53.629496601818644],[10.134898054558716,53.629496601818644],[10.134898054558716,53.6205033981814],[10.12590485092147,53.6205033981814]]]}},{"type":"Feature","properties":{"jobs":0,"pop":650,"pointCount":5,"homeWorkCommuteMedian":17340,"workHomeCommuteMedian":-1},"geometry":{"type":"Polygon","coordinates":[[[10.12590485092147,53.629496601818644],[10.12590485092147,53.63848980545589],[10.134898054558716,53.63848980545589],[10.134898054558716,53.629496601818644],[10.12590485092147,53.629496601818644]]]}},{"type":"Feature","properties":{"jobs":300,"pop":0,"pointCount":2,"homeWorkCommuteMedian":-1,"workHomeCommuteMedian":13506},"geometry":{"type":"Polygon","coordinates":[[[10.12590485092147,53.63848980545589],[10.12590485092147,53.647483009093136],[10.134898054558716,53.647483009093136],[10.134898054558716,53.63848980545589],[10.12590485092147,53.63848980545589]]]}},{"type":"Feature","properties":{"jobs":400,"pop":400,"pointCount":5,"homeWorkCommuteMedian":43909,"workHomeCommuteMedian":14224},"geometry":{"type":"Polygon","coordinates":[[[10.12590485092147,53.647483009093136],[10.12590485092147,53.65647621273038],[10.134898054558716,53.65647621273038],[10.134898054558716,53.647483009093136],[10.12590485092147,53.647483009093136]]]}},{"type":"Feature","properties":{"jobs":0,"pop":600,"pointCount":4,"homeWorkCommuteMedian":23428,"workHomeCommuteMedian":-1},"geometry":{"type":"Polygon","coordinates":[[[10.12590485092147,53.65647621273038],[10.12590485092147,53.66546941636763],[10.134898054558716,53.66546941636763],[10.134898054558716,53.65647621273038],[10.12590485092147,53.65647621273038]]]}},{"type":"Feature","properties":{"jobs":600,"pop":200,"pointCount":2,"homeWorkCommuteMedian":23985,"workHomeCommuteMedian":15506},"geometry":{"type":"Polygon","coordinates":[[[10.12590485092147,53.66546941636763],[10.12590485092147,53.674462620004874],[10.134898054558716,53.674462620004874],[10.134898054558716,53.66546941636763],[10.12590485092147,53.66546941636763]]]}},{"type":"Feature","properties":{"jobs":0,"pop":200,"pointCount":2,"homeWorkCommuteMedian":18091,"workHomeCommuteMedian":-1},"geometry":{"type":"Polygon","coordinates":[[[10.12590485092147,53.674462620004874],[10.12590485092147,53.68345582364212],[10.134898054558716,53.68345582364212],[10.134898054558716,53.674462620004874],[10.12590485092147,53.674462620004874]]]}},{"type":"Feature","properties":{"jobs":0,"pop":100,"pointCount":1,"homeWorkCommuteMedian":18135,"workHomeCommuteMedian":-1},"geometry":{"type":"Polygon","coordinates":[[[10.12590485092147,53.68345582364212],[10.12590485092147,53.692449027279366],[10.134898054558716,53.692449027279366],[10.134898054558716,53.68345582364212],[10.12590485092147,53.68345582364212]]]}},{"type":"Feature","properties":{"jobs":200,"pop":100,"pointCount":2,"homeWorkCommuteMedian":16685,"workHomeCommuteMedian":19537},"geometry":{"type":"Polygon","coordinates":[[[10.12590485092147,53.692449027279366],[10.12590485092147,53.70144223091661],[10.134898054558716,53.70144223091661],[10.134898054558716,53.692449027279366],[10.12590485092147,53.692449027279366]]]}},{"type":"Feature","properties":{"jobs":800,"pop":0,"pointCount":2,"homeWorkCommuteMedian":-1,"workHomeCommuteMedian":16753},"geometry":{"type":"Polygon","coordinates":[[[10.12590485092147,53.70144223091661],[10.12590485092147,53.71043543455386],[10.134898054558716,53.71043543455386],[10.134898054558716,53.70144223091661],[10.12590485092147,53.70144223091661]]]}},{"type":"Feature","properties":{"jobs":100,"pop":0,"pointCount":1,"homeWorkCommuteMedian":-1,"workHomeCommuteMedian":22050},"geometry":{"type":"Polygon","coordinates":[[[10.12590485092147,53.74640824910284],[10.12590485092147,53.75540145274009],[10.134898054558716,53.75540145274009],[10.134898054558716,53.74640824910284],[10.12590485092147,53.74640824910284]]]}},{"type":"Feature","properties":{"jobs":0,"pop":100,"pointCount":1,"homeWorkCommuteMedian":20577,"workHomeCommuteMedian":-1},"geometry":{"type":"Polygon","coordinates":[[[10.12590485092147,53.75540145274009],[10.12590485092147,53.764394656377334],[10.134898054558716,53.764394656377334],[10.134898054558716,53.75540145274009],[10.12590485092147,53.75540145274009]]]}},{"type":"Feature","properties":{"jobs":0,"pop":100,"pointCount":1,"homeWorkCommuteMedian":32832,"workHomeCommuteMedian":-1},"geometry":{"type":"Polygon","coordinates":[[[10.12590485092147,53.782381063651826],[10.12590485092147,53.79137426728907],[10.134898054558716,53.79137426728907],[10.134898054558716,53.782381063651826],[10.12590485092147,53.782381063651826]]]}},{"type":"Feature","properties":{"jobs":0,"pop":100,"pointCount":1,"homeWorkCommuteMedian":20087,"workHomeCommuteMedian":-1},"geometry":{"type":"Polygon","coordinates":[[[10.12590485092147,53.79137426728907],[10.12590485092147,53.80036747092632],[10.134898054558716,53.80036747092632],[10.134898054558716,53.79137426728907],[10.12590485092147,53.79137426728907]]]}},{"type":"Feature","properties":{"jobs":0,"pop":100,"pointCount":1,"homeWorkCommuteMedian":40402,"workHomeCommuteMedian":-1},"geometry":{"type":"Polygon","coordinates":[[[10.12590485092147,53.80036747092632],[10.12590485092147,53.809360674563564],[10.134898054558716,53.809360674563564],[10.134898054558716,53.80036747092632],[10.12590485092147,53.80036747092632]]]}},{"type":"Feature","properties":{"jobs":0,"pop":100,"pointCount":1,"homeWorkCommuteMedian":31766,"workHomeCommuteMedian":-1},"geometry":{"type":"Polygon","coordinates":[[[10.12590485092147,53.854326692749794],[10.12590485092147,53.86331989638704],[10.134898054558716,53.86331989638704],[10.134898054558716,53.854326692749794],[10.12590485092147,53.854326692749794]]]}},{"type":"Feature","properties":{"jobs":0,"pop":100,"pointCount":1,"homeWorkCommuteMedian":30221,"workHomeCommuteMedian":-1},"geometry":{"type":"Polygon","coordinates":[[[10.12590485092147,53.88130630366153],[10.12590485092147,53.89029950729878],[10.134898054558716,53.89029950729878],[10.134898054558716,53.88130630366153],[10.12590485092147,53.88130630366153]]]}},{"type":"Feature","properties":{"jobs":0,"pop":100,"pointCount":1,"homeWorkCommuteMedian":36105,"workHomeCommuteMedian":-1},"geometry":{"type":"Polygon","coordinates":[[[10.134898054558716,53.35070728906402],[10.134898054558716,53.359700492701265],[10.143891258195962,53.359700492701265],[10.143891258195962,53.35070728906402],[10.134898054558716,53.35070728906402]]]}},{"type":"Feature","properties":{"jobs":1700,"pop":1000,"pointCount":12,"homeWorkCommuteMedian":31422,"workHomeCommuteMedian":36069},"geometry":{"type":"Polygon","coordinates":[[[10.134898054558716,53.359700492701265],[10.134898054558716,53.36869369633851],[10.143891258195962,53.36869369633851],[10.143891258195962,53.359700492701265],[10.134898054558716,53.359700492701265]]]}},{"type":"Feature","properties":{"jobs":0,"pop":200,"pointCount":2,"homeWorkCommuteMedian":40786,"workHomeCommuteMedian":-1},"geometry":{"type":"Polygon","coordinates":[[[10.134898054558716,53.36869369633851],[10.134898054558716,53.37768689997576],[10.143891258195962,53.37768689997576],[10.143891258195962,53.36869369633851],[10.134898054558716,53.36869369633851]]]}},{"type":"Feature","properties":{"jobs":0,"pop":450,"pointCount":3,"homeWorkCommuteMedian":33362,"workHomeCommuteMedian":-1},"geometry":{"type":"Polygon","coordinates":[[[10.134898054558716,53.404666510887495],[10.134898054558716,53.41365971452474],[10.143891258195962,53.41365971452474],[10.143891258195962,53.404666510887495],[10.134898054558716,53.404666510887495]]]}},{"type":"Feature","properties":{"jobs":600,"pop":200,"pointCount":5,"homeWorkCommuteMedian":34186,"workHomeCommuteMedian":39438},"geometry":{"type":"Polygon","coordinates":[[[10.134898054558716,53.41365971452474],[10.134898054558716,53.42265291816199],[10.143891258195962,53.42265291816199],[10.143891258195962,53.41365971452474],[10.134898054558716,53.41365971452474]]]}},{"type":"Feature","properties":{"jobs":0,"pop":100,"pointCount":1,"homeWorkCommuteMedian":19994,"workHomeCommuteMedian":-1},"geometry":{"type":"Polygon","coordinates":[[[10.134898054558716,53.44063932543648],[10.134898054558716,53.449632529073725],[10.143891258195962,53.449632529073725],[10.143891258195962,53.44063932543648],[10.134898054558716,53.44063932543648]]]}},{"type":"Feature","properties":{"jobs":0,"pop":200,"pointCount":2,"homeWorkCommuteMedian":33742,"workHomeCommuteMedian":-1},"geometry":{"type":"Polygon","coordinates":[[[10.134898054558716,53.449632529073725],[10.134898054558716,53.45862573271097],[10.143891258195962,53.45862573271097],[10.143891258195962,53.449632529073725],[10.134898054558716,53.449632529073725]]]}},{"type":"Feature","properties":{"jobs":0,"pop":100,"pointCount":1,"homeWorkCommuteMedian":40173,"workHomeCommuteMedian":-1},"geometry":{"type":"Polygon","coordinates":[[[10.134898054558716,53.45862573271097],[10.134898054558716,53.46761893634822],[10.143891258195962,53.46761893634822],[10.143891258195962,53.45862573271097],[10.134898054558716,53.45862573271097]]]}},{"type":"Feature","properties":{"jobs":100,"pop":0,"pointCount":1,"homeWorkCommuteMedian":-1,"workHomeCommuteMedian":24742},"geometry":{"type":"Polygon","coordinates":[[[10.134898054558716,53.46761893634822],[10.134898054558716,53.47661213998546],[10.143891258195962,53.47661213998546],[10.143891258195962,53.46761893634822],[10.134898054558716,53.46761893634822]]]}},{"type":"Feature","properties":{"jobs":700,"pop":0,"pointCount":1,"homeWorkCommuteMedian":-1,"workHomeCommuteMedian":15366},"geometry":{"type":"Polygon","coordinates":[[[10.134898054558716,53.494598547259955],[10.134898054558716,53.5035917508972],[10.143891258195962,53.5035917508972],[10.143891258195962,53.494598547259955],[10.134898054558716,53.494598547259955]]]}},{"type":"Feature","properties":{"jobs":0,"pop":1100,"pointCount":8,"homeWorkCommuteMedian":16676,"workHomeCommuteMedian":-1},"geometry":{"type":"Polygon","coordinates":[[[10.134898054558716,53.52157815817169],[10.134898054558716,53.53057136180894],[10.143891258195962,53.53057136180894],[10.143891258195962,53.52157815817169],[10.134898054558716,53.52157815817169]]]}},{"type":"Feature","properties":{"jobs":0,"pop":1100,"pointCount":5,"homeWorkCommuteMedian":20714,"workHomeCommuteMedian":-1},"geometry":{"type":"Polygon","coordinates":[[[10.134898054558716,53.53057136180894],[10.134898054558716,53.539564565446184],[10.143891258195962,53.539564565446184],[10.143891258195962,53.53057136180894],[10.134898054558716,53.53057136180894]]]}},{"type":"Feature","properties":{"jobs":1400,"pop":1200,"pointCount":14,"homeWorkCommuteMedian":17653,"workHomeCommuteMedian":19581},"geometry":{"type":"Polygon","coordinates":[[[10.134898054558716,53.539564565446184],[10.134898054558716,53.54855776908343],[10.143891258195962,53.54855776908343],[10.143891258195962,53.539564565446184],[10.134898054558716,53.539564565446184]]]}},{"type":"Feature","properties":{"jobs":0,"pop":100,"pointCount":1,"homeWorkCommuteMedian":20245,"workHomeCommuteMedian":-1},"geometry":{"type":"Polygon","coordinates":[[[10.134898054558716,53.557550972720676],[10.134898054558716,53.56654417635792],[10.143891258195962,53.56654417635792],[10.143891258195962,53.557550972720676],[10.134898054558716,53.557550972720676]]]}},{"type":"Feature","properties":{"jobs":3100,"pop":1550,"pointCount":16,"homeWorkCommuteMedian":17895,"workHomeCommuteMedian":21503},"geometry":{"type":"Polygon","coordinates":[[[10.134898054558716,53.56654417635792],[10.134898054558716,53.57553737999517],[10.143891258195962,53.57553737999517],[10.143891258195962,53.56654417635792],[10.134898054558716,53.56654417635792]]]}},{"type":"Feature","properties":{"jobs":0,"pop":1650,"pointCount":8,"homeWorkCommuteMedian":19980,"workHomeCommuteMedian":-1},"geometry":{"type":"Polygon","coordinates":[[[10.134898054558716,53.57553737999517],[10.134898054558716,53.584530583632414],[10.143891258195962,53.584530583632414],[10.143891258195962,53.57553737999517],[10.134898054558716,53.57553737999517]]]}},{"type":"Feature","properties":{"jobs":2300,"pop":1800,"pointCount":18,"homeWorkCommuteMedian":20891,"workHomeCommuteMedian":18197},"geometry":{"type":"Polygon","coordinates":[[[10.134898054558716,53.584530583632414],[10.134898054558716,53.59352378726966],[10.143891258195962,53.59352378726966],[10.143891258195962,53.584530583632414],[10.134898054558716,53.584530583632414]]]}},{"type":"Feature","properties":{"jobs":1400,"pop":1700,"pointCount":13,"homeWorkCommuteMedian":18634,"workHomeCommuteMedian":18061},"geometry":{"type":"Polygon","coordinates":[[[10.134898054558716,53.59352378726966],[10.134898054558716,53.602516990906906],[10.143891258195962,53.602516990906906],[10.143891258195962,53.59352378726966],[10.134898054558716,53.59352378726966]]]}},{"type":"Feature","properties":{"jobs":300,"pop":1950,"pointCount":9,"homeWorkCommuteMedian":18404,"workHomeCommuteMedian":17323},"geometry":{"type":"Polygon","coordinates":[[[10.134898054558716,53.602516990906906],[10.134898054558716,53.61151019454415],[10.143891258195962,53.61151019454415],[10.143891258195962,53.602516990906906],[10.134898054558716,53.602516990906906]]]}},{"type":"Feature","properties":{"jobs":400,"pop":2100,"pointCount":16,"homeWorkCommuteMedian":18884,"workHomeCommuteMedian":16817},"geometry":{"type":"Polygon","coordinates":[[[10.134898054558716,53.61151019454415],[10.134898054558716,53.6205033981814],[10.143891258195962,53.6205033981814],[10.143891258195962,53.61151019454415],[10.134898054558716,53.61151019454415]]]}},{"type":"Feature","properties":{"jobs":4900,"pop":800,"pointCount":14,"homeWorkCommuteMedian":19290,"workHomeCommuteMedian":20788},"geometry":{"type":"Polygon","coordinates":[[[10.134898054558716,53.6205033981814],[10.134898054558716,53.629496601818644],[10.143891258195962,53.629496601818644],[10.143891258195962,53.6205033981814],[10.134898054558716,53.6205033981814]]]}},{"type":"Feature","properties":{"jobs":0,"pop":1500,"pointCount":11,"homeWorkCommuteMedian":22176,"workHomeCommuteMedian":-1},"geometry":{"type":"Polygon","coordinates":[[[10.134898054558716,53.629496601818644],[10.134898054558716,53.63848980545589],[10.143891258195962,53.63848980545589],[10.143891258195962,53.629496601818644],[10.134898054558716,53.629496601818644]]]}},{"type":"Feature","properties":{"jobs":0,"pop":400,"pointCount":4,"homeWorkCommuteMedian":27923,"workHomeCommuteMedian":-1},"geometry":{"type":"Polygon","coordinates":[[[10.134898054558716,53.647483009093136],[10.134898054558716,53.65647621273038],[10.143891258195962,53.65647621273038],[10.143891258195962,53.647483009093136],[10.134898054558716,53.647483009093136]]]}},{"type":"Feature","properties":{"jobs":0,"pop":400,"pointCount":3,"homeWorkCommuteMedian":25399,"workHomeCommuteMedian":-1},"geometry":{"type":"Polygon","coordinates":[[[10.134898054558716,53.65647621273038],[10.134898054558716,53.66546941636763],[10.143891258195962,53.66546941636763],[10.143891258195962,53.65647621273038],[10.134898054558716,53.65647621273038]]]}},{"type":"Feature","properties":{"jobs":1800,"pop":400,"pointCount":6,"homeWorkCommuteMedian":32047,"workHomeCommuteMedian":16172},"geometry":{"type":"Polygon","coordinates":[[[10.134898054558716,53.66546941636763],[10.134898054558716,53.674462620004874],[10.143891258195962,53.674462620004874],[10.143891258195962,53.66546941636763],[10.134898054558716,53.66546941636763]]]}},{"type":"Feature","properties":{"jobs":100,"pop":800,"pointCount":9,"homeWorkCommuteMedian":18850,"workHomeCommuteMedian":19266},"geometry":{"type":"Polygon","coordinates":[[[10.134898054558716,53.674462620004874],[10.134898054558716,53.68345582364212],[10.143891258195962,53.68345582364212],[10.143891258195962,53.674462620004874],[10.134898054558716,53.674462620004874]]]}},{"type":"Feature","properties":{"jobs":100,"pop":200,"pointCount":3,"homeWorkCommuteMedian":20768,"workHomeCommuteMedian":23438},"geometry":{"type":"Polygon","coordinates":[[[10.134898054558716,53.68345582364212],[10.134898054558716,53.692449027279366],[10.143891258195962,53.692449027279366],[10.143891258195962,53.68345582364212],[10.134898054558716,53.68345582364212]]]}},{"type":"Feature","properties":{"jobs":1100,"pop":450,"pointCount":4,"homeWorkCommuteMedian":19803,"workHomeCommuteMedian":19019},"geometry":{"type":"Polygon","coordinates":[[[10.134898054558716,53.692449027279366],[10.134898054558716,53.70144223091661],[10.143891258195962,53.70144223091661],[10.143891258195962,53.692449027279366],[10.134898054558716,53.692449027279366]]]}},{"type":"Feature","properties":{"jobs":0,"pop":200,"pointCount":2,"homeWorkCommuteMedian":34019,"workHomeCommuteMedian":-1},"geometry":{"type":"Polygon","coordinates":[[[10.134898054558716,53.75540145274009],[10.134898054558716,53.764394656377334],[10.143891258195962,53.764394656377334],[10.143891258195962,53.75540145274009],[10.134898054558716,53.75540145274009]]]}},{"type":"Feature","properties":{"jobs":600,"pop":300,"pointCount":5,"homeWorkCommuteMedian":25944,"workHomeCommuteMedian":29140},"geometry":{"type":"Polygon","coordinates":[[[10.134898054558716,53.79137426728907],[10.134898054558716,53.80036747092632],[10.143891258195962,53.80036747092632],[10.143891258195962,53.79137426728907],[10.134898054558716,53.79137426728907]]]}},{"type":"Feature","properties":{"jobs":100,"pop":100,"pointCount":2,"homeWorkCommuteMedian":43833,"workHomeCommuteMedian":16066},"geometry":{"type":"Polygon","coordinates":[[[10.134898054558716,53.827347081838056],[10.134898054558716,53.8363402854753],[10.143891258195962,53.8363402854753],[10.143891258195962,53.827347081838056],[10.134898054558716,53.827347081838056]]]}},{"type":"Feature","properties":{"jobs":0,"pop":100,"pointCount":1,"homeWorkCommuteMedian":41771,"workHomeCommuteMedian":-1},"geometry":{"type":"Polygon","coordinates":[[[10.134898054558716,53.854326692749794],[10.134898054558716,53.86331989638704],[10.143891258195962,53.86331989638704],[10.143891258195962,53.854326692749794],[10.134898054558716,53.854326692749794]]]}},{"type":"Feature","properties":{"jobs":0,"pop":250,"pointCount":1,"homeWorkCommuteMedian":41536,"workHomeCommuteMedian":-1},"geometry":{"type":"Polygon","coordinates":[[[10.143891258195962,53.359700492701265],[10.143891258195962,53.36869369633851],[10.152884461833208,53.36869369633851],[10.152884461833208,53.359700492701265],[10.143891258195962,53.359700492701265]]]}},{"type":"Feature","properties":{"jobs":0,"pop":100,"pointCount":1,"homeWorkCommuteMedian":31697,"workHomeCommuteMedian":-1},"geometry":{"type":"Polygon","coordinates":[[[10.143891258195962,53.36869369633851],[10.143891258195962,53.37768689997576],[10.152884461833208,53.37768689997576],[10.152884461833208,53.36869369633851],[10.143891258195962,53.36869369633851]]]}},{"type":"Feature","properties":{"jobs":0,"pop":100,"pointCount":1,"homeWorkCommuteMedian":41752,"workHomeCommuteMedian":-1},"geometry":{"type":"Polygon","coordinates":[[[10.143891258195962,53.39567330725025],[10.143891258195962,53.404666510887495],[10.152884461833208,53.404666510887495],[10.152884461833208,53.39567330725025],[10.143891258195962,53.39567330725025]]]}},{"type":"Feature","properties":{"jobs":0,"pop":200,"pointCount":2,"homeWorkCommuteMedian":39412,"workHomeCommuteMedian":-1},"geometry":{"type":"Polygon","coordinates":[[[10.143891258195962,53.404666510887495],[10.143891258195962,53.41365971452474],[10.152884461833208,53.41365971452474],[10.152884461833208,53.404666510887495],[10.143891258195962,53.404666510887495]]]}},{"type":"Feature","properties":{"jobs":0,"pop":100,"pointCount":1,"homeWorkCommuteMedian":30832,"workHomeCommuteMedian":-1},"geometry":{"type":"Polygon","coordinates":[[[10.143891258195962,53.41365971452474],[10.143891258195962,53.42265291816199],[10.152884461833208,53.42265291816199],[10.152884461833208,53.41365971452474],[10.143891258195962,53.41365971452474]]]}},{"type":"Feature","properties":{"jobs":0,"pop":100,"pointCount":1,"homeWorkCommuteMedian":40720,"workHomeCommuteMedian":-1},"geometry":{"type":"Polygon","coordinates":[[[10.143891258195962,53.449632529073725],[10.143891258195962,53.45862573271097],[10.152884461833208,53.45862573271097],[10.152884461833208,53.449632529073725],[10.143891258195962,53.449632529073725]]]}},{"type":"Feature","properties":{"jobs":0,"pop":600,"pointCount":5,"homeWorkCommuteMedian":27150,"workHomeCommuteMedian":-1},"geometry":{"type":"Polygon","coordinates":[[[10.143891258195962,53.47661213998546],[10.143891258195962,53.48560534362271],[10.152884461833208,53.48560534362271],[10.152884461833208,53.47661213998546],[10.143891258195962,53.47661213998546]]]}},{"type":"Feature","properties":{"jobs":0,"pop":550,"pointCount":3,"homeWorkCommuteMedian":20985,"workHomeCommuteMedian":-1},"geometry":{"type":"Polygon","coordinates":[[[10.143891258195962,53.48560534362271],[10.143891258195962,53.494598547259955],[10.152884461833208,53.494598547259955],[10.152884461833208,53.48560534362271],[10.143891258195962,53.48560534362271]]]}},{"type":"Feature","properties":{"jobs":300,"pop":0,"pointCount":1,"homeWorkCommuteMedian":-1,"workHomeCommuteMedian":21849},"geometry":{"type":"Polygon","coordinates":[[[10.143891258195962,53.5035917508972],[10.143891258195962,53.51258495453445],[10.152884461833208,53.51258495453445],[10.152884461833208,53.5035917508972],[10.143891258195962,53.5035917508972]]]}},{"type":"Feature","properties":{"jobs":3200,"pop":2900,"pointCount":18,"homeWorkCommuteMedian":19248,"workHomeCommuteMedian":16624},"geometry":{"type":"Polygon","coordinates":[[[10.143891258195962,53.52157815817169],[10.143891258195962,53.53057136180894],[10.152884461833208,53.53057136180894],[10.152884461833208,53.52157815817169],[10.143891258195962,53.52157815817169]]]}},{"type":"Feature","properties":{"jobs":0,"pop":1100,"pointCount":7,"homeWorkCommuteMedian":21922,"workHomeCommuteMedian":-1},"geometry":{"type":"Polygon","coordinates":[[[10.143891258195962,53.53057136180894],[10.143891258195962,53.539564565446184],[10.152884461833208,53.539564565446184],[10.152884461833208,53.53057136180894],[10.143891258195962,53.53057136180894]]]}},{"type":"Feature","properties":{"jobs":900,"pop":400,"pointCount":6,"homeWorkCommuteMedian":29785,"workHomeCommuteMedian":26669},"geometry":{"type":"Polygon","coordinates":[[[10.143891258195962,53.539564565446184],[10.143891258195962,53.54855776908343],[10.152884461833208,53.54855776908343],[10.152884461833208,53.539564565446184],[10.143891258195962,53.539564565446184]]]}},{"type":"Feature","properties":{"jobs":200,"pop":0,"pointCount":1,"homeWorkCommuteMedian":-1,"workHomeCommuteMedian":16106},"geometry":{"type":"Polygon","coordinates":[[[10.143891258195962,53.557550972720676],[10.143891258195962,53.56654417635792],[10.152884461833208,53.56654417635792],[10.152884461833208,53.557550972720676],[10.143891258195962,53.557550972720676]]]}},{"type":"Feature","properties":{"jobs":100,"pop":600,"pointCount":4,"homeWorkCommuteMedian":16427,"workHomeCommuteMedian":38851},"geometry":{"type":"Polygon","coordinates":[[[10.143891258195962,53.56654417635792],[10.143891258195962,53.57553737999517],[10.152884461833208,53.57553737999517],[10.152884461833208,53.56654417635792],[10.143891258195962,53.56654417635792]]]}},{"type":"Feature","properties":{"jobs":0,"pop":800,"pointCount":6,"homeWorkCommuteMedian":18726,"workHomeCommuteMedian":-1},"geometry":{"type":"Polygon","coordinates":[[[10.143891258195962,53.57553737999517],[10.143891258195962,53.584530583632414],[10.152884461833208,53.584530583632414],[10.152884461833208,53.57553737999517],[10.143891258195962,53.57553737999517]]]}},{"type":"Feature","properties":{"jobs":800,"pop":2000,"pointCount":15,"homeWorkCommuteMedian":21937,"workHomeCommuteMedian":18146},"geometry":{"type":"Polygon","coordinates":[[[10.143891258195962,53.584530583632414],[10.143891258195962,53.59352378726966],[10.152884461833208,53.59352378726966],[10.152884461833208,53.584530583632414],[10.143891258195962,53.584530583632414]]]}},{"type":"Feature","properties":{"jobs":1600,"pop":1700,"pointCount":16,"homeWorkCommuteMedian":18786,"workHomeCommuteMedian":16940},"geometry":{"type":"Polygon","coordinates":[[[10.143891258195962,53.59352378726966],[10.143891258195962,53.602516990906906],[10.152884461833208,53.602516990906906],[10.152884461833208,53.59352378726966],[10.143891258195962,53.59352378726966]]]}},{"type":"Feature","properties":{"jobs":200,"pop":1200,"pointCount":10,"homeWorkCommuteMedian":22948,"workHomeCommuteMedian":15088},"geometry":{"type":"Polygon","coordinates":[[[10.143891258195962,53.602516990906906],[10.143891258195962,53.61151019454415],[10.152884461833208,53.61151019454415],[10.152884461833208,53.602516990906906],[10.143891258195962,53.602516990906906]]]}},{"type":"Feature","properties":{"jobs":0,"pop":1400,"pointCount":9,"homeWorkCommuteMedian":15608,"workHomeCommuteMedian":-1},"geometry":{"type":"Polygon","coordinates":[[[10.143891258195962,53.61151019454415],[10.143891258195962,53.6205033981814],[10.152884461833208,53.6205033981814],[10.152884461833208,53.61151019454415],[10.143891258195962,53.61151019454415]]]}},{"type":"Feature","properties":{"jobs":500,"pop":1100,"pointCount":10,"homeWorkCommuteMedian":19293,"workHomeCommuteMedian":40755},"geometry":{"type":"Polygon","coordinates":[[[10.143891258195962,53.6205033981814],[10.143891258195962,53.629496601818644],[10.152884461833208,53.629496601818644],[10.152884461833208,53.6205033981814],[10.143891258195962,53.6205033981814]]]}},{"type":"Feature","properties":{"jobs":200,"pop":1300,"pointCount":9,"homeWorkCommuteMedian":16920,"workHomeCommuteMedian":40628},"geometry":{"type":"Polygon","coordinates":[[[10.143891258195962,53.629496601818644],[10.143891258195962,53.63848980545589],[10.152884461833208,53.63848980545589],[10.152884461833208,53.629496601818644],[10.143891258195962,53.629496601818644]]]}},{"type":"Feature","properties":{"jobs":400,"pop":650,"pointCount":7,"homeWorkCommuteMedian":20755,"workHomeCommuteMedian":18473},"geometry":{"type":"Polygon","coordinates":[[[10.143891258195962,53.63848980545589],[10.143891258195962,53.647483009093136],[10.152884461833208,53.647483009093136],[10.152884461833208,53.63848980545589],[10.143891258195962,53.63848980545589]]]}},{"type":"Feature","properties":{"jobs":0,"pop":400,"pointCount":4,"homeWorkCommuteMedian":16303,"workHomeCommuteMedian":-1},"geometry":{"type":"Polygon","coordinates":[[[10.143891258195962,53.647483009093136],[10.143891258195962,53.65647621273038],[10.152884461833208,53.65647621273038],[10.152884461833208,53.647483009093136],[10.143891258195962,53.647483009093136]]]}},{"type":"Feature","properties":{"jobs":0,"pop":300,"pointCount":2,"homeWorkCommuteMedian":12650,"workHomeCommuteMedian":-1},"geometry":{"type":"Polygon","coordinates":[[[10.143891258195962,53.65647621273038],[10.143891258195962,53.66546941636763],[10.152884461833208,53.66546941636763],[10.152884461833208,53.65647621273038],[10.143891258195962,53.65647621273038]]]}},{"type":"Feature","properties":{"jobs":500,"pop":700,"pointCount":8,"homeWorkCommuteMedian":22286,"workHomeCommuteMedian":22869},"geometry":{"type":"Polygon","coordinates":[[[10.143891258195962,53.66546941636763],[10.143891258195962,53.674462620004874],[10.152884461833208,53.674462620004874],[10.152884461833208,53.66546941636763],[10.143891258195962,53.66546941636763]]]}},{"type":"Feature","properties":{"jobs":1700,"pop":900,"pointCount":10,"homeWorkCommuteMedian":16511,"workHomeCommuteMedian":21193},"geometry":{"type":"Polygon","coordinates":[[[10.143891258195962,53.674462620004874],[10.143891258195962,53.68345582364212],[10.152884461833208,53.68345582364212],[10.152884461833208,53.674462620004874],[10.143891258195962,53.674462620004874]]]}},{"type":"Feature","properties":{"jobs":200,"pop":500,"pointCount":5,"homeWorkCommuteMedian":27565,"workHomeCommuteMedian":23087},"geometry":{"type":"Polygon","coordinates":[[[10.143891258195962,53.68345582364212],[10.143891258195962,53.692449027279366],[10.152884461833208,53.692449027279366],[10.152884461833208,53.68345582364212],[10.143891258195962,53.68345582364212]]]}},{"type":"Feature","properties":{"jobs":0,"pop":200,"pointCount":2,"homeWorkCommuteMedian":19670,"workHomeCommuteMedian":-1},"geometry":{"type":"Polygon","coordinates":[[[10.143891258195962,53.692449027279366],[10.143891258195962,53.70144223091661],[10.152884461833208,53.70144223091661],[10.152884461833208,53.692449027279366],[10.143891258195962,53.692449027279366]]]}},{"type":"Feature","properties":{"jobs":0,"pop":100,"pointCount":1,"homeWorkCommuteMedian":22815,"workHomeCommuteMedian":-1},"geometry":{"type":"Polygon","coordinates":[[[10.143891258195962,53.70144223091661],[10.143891258195962,53.71043543455386],[10.152884461833208,53.71043543455386],[10.152884461833208,53.70144223091661],[10.143891258195962,53.70144223091661]]]}},{"type":"Feature","properties":{"jobs":0,"pop":100,"pointCount":1,"homeWorkCommuteMedian":21688,"workHomeCommuteMedian":-1},"geometry":{"type":"Polygon","coordinates":[[[10.143891258195962,53.75540145274009],[10.143891258195962,53.764394656377334],[10.152884461833208,53.764394656377334],[10.152884461833208,53.75540145274009],[10.143891258195962,53.75540145274009]]]}},{"type":"Feature","properties":{"jobs":300,"pop":200,"pointCount":4,"homeWorkCommuteMedian":26971,"workHomeCommuteMedian":24871},"geometry":{"type":"Polygon","coordinates":[[[10.143891258195962,53.79137426728907],[10.143891258195962,53.80036747092632],[10.152884461833208,53.80036747092632],[10.152884461833208,53.79137426728907],[10.143891258195962,53.79137426728907]]]}},{"type":"Feature","properties":{"jobs":300,"pop":100,"pointCount":3,"homeWorkCommuteMedian":22452,"workHomeCommuteMedian":17372},"geometry":{"type":"Polygon","coordinates":[[[10.143891258195962,53.80036747092632],[10.143891258195962,53.809360674563564],[10.152884461833208,53.809360674563564],[10.152884461833208,53.80036747092632],[10.143891258195962,53.80036747092632]]]}},{"type":"Feature","properties":{"jobs":0,"pop":100,"pointCount":1,"homeWorkCommuteMedian":64297,"workHomeCommuteMedian":-1},"geometry":{"type":"Polygon","coordinates":[[[10.143891258195962,53.81835387820081],[10.143891258195962,53.827347081838056],[10.152884461833208,53.827347081838056],[10.152884461833208,53.81835387820081],[10.143891258195962,53.81835387820081]]]}},{"type":"Feature","properties":{"jobs":0,"pop":100,"pointCount":1,"homeWorkCommuteMedian":33231,"workHomeCommuteMedian":-1},"geometry":{"type":"Polygon","coordinates":[[[10.143891258195962,53.827347081838056],[10.143891258195962,53.8363402854753],[10.152884461833208,53.8363402854753],[10.152884461833208,53.827347081838056],[10.143891258195962,53.827347081838056]]]}},{"type":"Feature","properties":{"jobs":0,"pop":100,"pointCount":1,"homeWorkCommuteMedian":26499,"workHomeCommuteMedian":-1},"geometry":{"type":"Polygon","coordinates":[[[10.152884461833208,53.35070728906402],[10.152884461833208,53.359700492701265],[10.161877665470454,53.359700492701265],[10.161877665470454,53.35070728906402],[10.152884461833208,53.35070728906402]]]}},{"type":"Feature","properties":{"jobs":0,"pop":100,"pointCount":1,"homeWorkCommuteMedian":38963,"workHomeCommuteMedian":-1},"geometry":{"type":"Polygon","coordinates":[[[10.152884461833208,53.359700492701265],[10.152884461833208,53.36869369633851],[10.161877665470454,53.36869369633851],[10.161877665470454,53.359700492701265],[10.152884461833208,53.359700492701265]]]}},{"type":"Feature","properties":{"jobs":200,"pop":0,"pointCount":2,"homeWorkCommuteMedian":-1,"workHomeCommuteMedian":76417},"geometry":{"type":"Polygon","coordinates":[[[10.152884461833208,53.36869369633851],[10.152884461833208,53.37768689997576],[10.161877665470454,53.37768689997576],[10.161877665470454,53.36869369633851],[10.152884461833208,53.36869369633851]]]}},{"type":"Feature","properties":{"jobs":0,"pop":100,"pointCount":1,"homeWorkCommuteMedian":42384,"workHomeCommuteMedian":-1},"geometry":{"type":"Polygon","coordinates":[[[10.152884461833208,53.39567330725025],[10.152884461833208,53.404666510887495],[10.161877665470454,53.404666510887495],[10.161877665470454,53.39567330725025],[10.152884461833208,53.39567330725025]]]}},{"type":"Feature","properties":{"jobs":200,"pop":200,"pointCount":3,"homeWorkCommuteMedian":46298,"workHomeCommuteMedian":43329},"geometry":{"type":"Polygon","coordinates":[[[10.152884461833208,53.404666510887495],[10.152884461833208,53.41365971452474],[10.161877665470454,53.41365971452474],[10.161877665470454,53.404666510887495],[10.152884461833208,53.404666510887495]]]}},{"type":"Feature","properties":{"jobs":0,"pop":100,"pointCount":1,"homeWorkCommuteMedian":27804,"workHomeCommuteMedian":-1},"geometry":{"type":"Polygon","coordinates":[[[10.152884461833208,53.449632529073725],[10.152884461833208,53.45862573271097],[10.161877665470454,53.45862573271097],[10.161877665470454,53.449632529073725],[10.152884461833208,53.449632529073725]]]}},{"type":"Feature","properties":{"jobs":0,"pop":1000,"pointCount":6,"homeWorkCommuteMedian":21436,"workHomeCommuteMedian":-1},"geometry":{"type":"Polygon","coordinates":[[[10.152884461833208,53.47661213998546],[10.152884461833208,53.48560534362271],[10.161877665470454,53.48560534362271],[10.161877665470454,53.47661213998546],[10.152884461833208,53.47661213998546]]]}},{"type":"Feature","properties":{"jobs":4500,"pop":200,"pointCount":4,"homeWorkCommuteMedian":27374,"workHomeCommuteMedian":23291},"geometry":{"type":"Polygon","coordinates":[[[10.152884461833208,53.48560534362271],[10.152884461833208,53.494598547259955],[10.161877665470454,53.494598547259955],[10.161877665470454,53.48560534362271],[10.152884461833208,53.48560534362271]]]}},{"type":"Feature","properties":{"jobs":0,"pop":200,"pointCount":2,"homeWorkCommuteMedian":21786,"workHomeCommuteMedian":-1},"geometry":{"type":"Polygon","coordinates":[[[10.152884461833208,53.5035917508972],[10.152884461833208,53.51258495453445],[10.161877665470454,53.51258495453445],[10.161877665470454,53.5035917508972],[10.152884461833208,53.5035917508972]]]}},{"type":"Feature","properties":{"jobs":0,"pop":600,"pointCount":6,"homeWorkCommuteMedian":14946,"workHomeCommuteMedian":-1},"geometry":{"type":"Polygon","coordinates":[[[10.152884461833208,53.51258495453445],[10.152884461833208,53.52157815817169],[10.161877665470454,53.52157815817169],[10.161877665470454,53.51258495453445],[10.152884461833208,53.51258495453445]]]}},{"type":"Feature","properties":{"jobs":0,"pop":300,"pointCount":2,"homeWorkCommuteMedian":16830,"workHomeCommuteMedian":-1},"geometry":{"type":"Polygon","coordinates":[[[10.152884461833208,53.52157815817169],[10.152884461833208,53.53057136180894],[10.161877665470454,53.53057136180894],[10.161877665470454,53.52157815817169],[10.152884461833208,53.52157815817169]]]}},{"type":"Feature","properties":{"jobs":0,"pop":200,"pointCount":2,"homeWorkCommuteMedian":42829,"workHomeCommuteMedian":-1},"geometry":{"type":"Polygon","coordinates":[[[10.152884461833208,53.53057136180894],[10.152884461833208,53.539564565446184],[10.161877665470454,53.539564565446184],[10.161877665470454,53.53057136180894],[10.152884461833208,53.53057136180894]]]}},{"type":"Feature","properties":{"jobs":200,"pop":100,"pointCount":3,"homeWorkCommuteMedian":13712,"workHomeCommuteMedian":29622},"geometry":{"type":"Polygon","coordinates":[[[10.152884461833208,53.539564565446184],[10.152884461833208,53.54855776908343],[10.161877665470454,53.54855776908343],[10.161877665470454,53.539564565446184],[10.152884461833208,53.539564565446184]]]}},{"type":"Feature","properties":{"jobs":2300,"pop":400,"pointCount":7,"homeWorkCommuteMedian":30600,"workHomeCommuteMedian":22316},"geometry":{"type":"Polygon","coordinates":[[[10.152884461833208,53.54855776908343],[10.152884461833208,53.557550972720676],[10.161877665470454,53.557550972720676],[10.161877665470454,53.54855776908343],[10.152884461833208,53.54855776908343]]]}},{"type":"Feature","properties":{"jobs":0,"pop":400,"pointCount":4,"homeWorkCommuteMedian":22432,"workHomeCommuteMedian":-1},"geometry":{"type":"Polygon","coordinates":[[[10.152884461833208,53.56654417635792],[10.152884461833208,53.57553737999517],[10.161877665470454,53.57553737999517],[10.161877665470454,53.56654417635792],[10.152884461833208,53.56654417635792]]]}},{"type":"Feature","properties":{"jobs":0,"pop":100,"pointCount":1,"homeWorkCommuteMedian":22263,"workHomeCommuteMedian":-1},"geometry":{"type":"Polygon","coordinates":[[[10.152884461833208,53.57553737999517],[10.152884461833208,53.584530583632414],[10.161877665470454,53.584530583632414],[10.161877665470454,53.57553737999517],[10.152884461833208,53.57553737999517]]]}},{"type":"Feature","properties":{"jobs":700,"pop":1500,"pointCount":12,"homeWorkCommuteMedian":19777,"workHomeCommuteMedian":16259},"geometry":{"type":"Polygon","coordinates":[[[10.152884461833208,53.584530583632414],[10.152884461833208,53.59352378726966],[10.161877665470454,53.59352378726966],[10.161877665470454,53.584530583632414],[10.152884461833208,53.584530583632414]]]}},{"type":"Feature","properties":{"jobs":3000,"pop":500,"pointCount":7,"homeWorkCommuteMedian":17598,"workHomeCommuteMedian":19825},"geometry":{"type":"Polygon","coordinates":[[[10.152884461833208,53.59352378726966],[10.152884461833208,53.602516990906906],[10.161877665470454,53.602516990906906],[10.161877665470454,53.59352378726966],[10.152884461833208,53.59352378726966]]]}},{"type":"Feature","properties":{"jobs":9300,"pop":200,"pointCount":4,"homeWorkCommuteMedian":14243,"workHomeCommuteMedian":20748},"geometry":{"type":"Polygon","coordinates":[[[10.152884461833208,53.602516990906906],[10.152884461833208,53.61151019454415],[10.161877665470454,53.61151019454415],[10.161877665470454,53.602516990906906],[10.152884461833208,53.602516990906906]]]}},{"type":"Feature","properties":{"jobs":300,"pop":1100,"pointCount":9,"homeWorkCommuteMedian":16481,"workHomeCommuteMedian":20584},"geometry":{"type":"Polygon","coordinates":[[[10.152884461833208,53.61151019454415],[10.152884461833208,53.6205033981814],[10.161877665470454,53.6205033981814],[10.161877665470454,53.61151019454415],[10.152884461833208,53.61151019454415]]]}},{"type":"Feature","properties":{"jobs":0,"pop":800,"pointCount":5,"homeWorkCommuteMedian":18487,"workHomeCommuteMedian":-1},"geometry":{"type":"Polygon","coordinates":[[[10.152884461833208,53.6205033981814],[10.152884461833208,53.629496601818644],[10.161877665470454,53.629496601818644],[10.161877665470454,53.6205033981814],[10.152884461833208,53.6205033981814]]]}},{"type":"Feature","properties":{"jobs":0,"pop":1500,"pointCount":7,"homeWorkCommuteMedian":18277,"workHomeCommuteMedian":-1},"geometry":{"type":"Polygon","coordinates":[[[10.152884461833208,53.629496601818644],[10.152884461833208,53.63848980545589],[10.161877665470454,53.63848980545589],[10.161877665470454,53.629496601818644],[10.152884461833208,53.629496601818644]]]}},{"type":"Feature","properties":{"jobs":100,"pop":300,"pointCount":3,"homeWorkCommuteMedian":34100,"workHomeCommuteMedian":18012},"geometry":{"type":"Polygon","coordinates":[[[10.152884461833208,53.63848980545589],[10.152884461833208,53.647483009093136],[10.161877665470454,53.647483009093136],[10.161877665470454,53.63848980545589],[10.152884461833208,53.63848980545589]]]}},{"type":"Feature","properties":{"jobs":0,"pop":700,"pointCount":3,"homeWorkCommuteMedian":18469,"workHomeCommuteMedian":-1},"geometry":{"type":"Polygon","coordinates":[[[10.152884461833208,53.647483009093136],[10.152884461833208,53.65647621273038],[10.161877665470454,53.65647621273038],[10.161877665470454,53.647483009093136],[10.152884461833208,53.647483009093136]]]}},{"type":"Feature","properties":{"jobs":400,"pop":200,"pointCount":4,"homeWorkCommuteMedian":24430,"workHomeCommuteMedian":18293},"geometry":{"type":"Polygon","coordinates":[[[10.152884461833208,53.65647621273038],[10.152884461833208,53.66546941636763],[10.161877665470454,53.66546941636763],[10.161877665470454,53.65647621273038],[10.152884461833208,53.65647621273038]]]}},{"type":"Feature","properties":{"jobs":0,"pop":200,"pointCount":1,"homeWorkCommuteMedian":18971,"workHomeCommuteMedian":-1},"geometry":{"type":"Polygon","coordinates":[[[10.152884461833208,53.674462620004874],[10.152884461833208,53.68345582364212],[10.161877665470454,53.68345582364212],[10.161877665470454,53.674462620004874],[10.152884461833208,53.674462620004874]]]}},{"type":"Feature","properties":{"jobs":0,"pop":100,"pointCount":1,"homeWorkCommuteMedian":51757,"workHomeCommuteMedian":-1},"geometry":{"type":"Polygon","coordinates":[[[10.152884461833208,53.75540145274009],[10.152884461833208,53.764394656377334],[10.161877665470454,53.764394656377334],[10.161877665470454,53.75540145274009],[10.152884461833208,53.75540145274009]]]}},{"type":"Feature","properties":{"jobs":200,"pop":500,"pointCount":5,"homeWorkCommuteMedian":25697,"workHomeCommuteMedian":19547},"geometry":{"type":"Polygon","coordinates":[[[10.152884461833208,53.80036747092632],[10.152884461833208,53.809360674563564],[10.161877665470454,53.809360674563564],[10.161877665470454,53.80036747092632],[10.152884461833208,53.80036747092632]]]}},{"type":"Feature","properties":{"jobs":0,"pop":200,"pointCount":2,"homeWorkCommuteMedian":47943,"workHomeCommuteMedian":-1},"geometry":{"type":"Polygon","coordinates":[[[10.152884461833208,53.81835387820081],[10.152884461833208,53.827347081838056],[10.161877665470454,53.827347081838056],[10.161877665470454,53.81835387820081],[10.152884461833208,53.81835387820081]]]}},{"type":"Feature","properties":{"jobs":100,"pop":100,"pointCount":2,"homeWorkCommuteMedian":38743,"workHomeCommuteMedian":31750},"geometry":{"type":"Polygon","coordinates":[[[10.161877665470454,53.359700492701265],[10.161877665470454,53.36869369633851],[10.1708708691077,53.36869369633851],[10.1708708691077,53.359700492701265],[10.161877665470454,53.359700492701265]]]}},{"type":"Feature","properties":{"jobs":100,"pop":100,"pointCount":2,"homeWorkCommuteMedian":70393,"workHomeCommuteMedian":24100},"geometry":{"type":"Polygon","coordinates":[[[10.161877665470454,53.36869369633851],[10.161877665470454,53.37768689997576],[10.1708708691077,53.37768689997576],[10.1708708691077,53.36869369633851],[10.161877665470454,53.36869369633851]]]}},{"type":"Feature","properties":{"jobs":200,"pop":400,"pointCount":5,"homeWorkCommuteMedian":40635,"workHomeCommuteMedian":39295},"geometry":{"type":"Polygon","coordinates":[[[10.161877665470454,53.39567330725025],[10.161877665470454,53.404666510887495],[10.1708708691077,53.404666510887495],[10.1708708691077,53.39567330725025],[10.161877665470454,53.39567330725025]]]}},{"type":"Feature","properties":{"jobs":100,"pop":200,"pointCount":3,"homeWorkCommuteMedian":26820,"workHomeCommuteMedian":34313},"geometry":{"type":"Polygon","coordinates":[[[10.161877665470454,53.404666510887495],[10.161877665470454,53.41365971452474],[10.1708708691077,53.41365971452474],[10.1708708691077,53.404666510887495],[10.161877665470454,53.404666510887495]]]}},{"type":"Feature","properties":{"jobs":0,"pop":200,"pointCount":2,"homeWorkCommuteMedian":62354,"workHomeCommuteMedian":-1},"geometry":{"type":"Polygon","coordinates":[[[10.161877665470454,53.44063932543648],[10.161877665470454,53.449632529073725],[10.1708708691077,53.449632529073725],[10.1708708691077,53.44063932543648],[10.161877665470454,53.44063932543648]]]}},{"type":"Feature","properties":{"jobs":0,"pop":100,"pointCount":1,"homeWorkCommuteMedian":30072,"workHomeCommuteMedian":-1},"geometry":{"type":"Polygon","coordinates":[[[10.161877665470454,53.449632529073725],[10.161877665470454,53.45862573271097],[10.1708708691077,53.45862573271097],[10.1708708691077,53.449632529073725],[10.161877665470454,53.449632529073725]]]}},{"type":"Feature","properties":{"jobs":0,"pop":2200,"pointCount":10,"homeWorkCommuteMedian":28596,"workHomeCommuteMedian":-1},"geometry":{"type":"Polygon","coordinates":[[[10.161877665470454,53.47661213998546],[10.161877665470454,53.48560534362271],[10.1708708691077,53.48560534362271],[10.1708708691077,53.47661213998546],[10.161877665470454,53.47661213998546]]]}},{"type":"Feature","properties":{"jobs":100,"pop":1100,"pointCount":5,"homeWorkCommuteMedian":23659,"workHomeCommuteMedian":24385},"geometry":{"type":"Polygon","coordinates":[[[10.161877665470454,53.48560534362271],[10.161877665470454,53.494598547259955],[10.1708708691077,53.494598547259955],[10.1708708691077,53.48560534362271],[10.161877665470454,53.48560534362271]]]}},{"type":"Feature","properties":{"jobs":0,"pop":100,"pointCount":1,"homeWorkCommuteMedian":25721,"workHomeCommuteMedian":-1},"geometry":{"type":"Polygon","coordinates":[[[10.161877665470454,53.494598547259955],[10.161877665470454,53.5035917508972],[10.1708708691077,53.5035917508972],[10.1708708691077,53.494598547259955],[10.161877665470454,53.494598547259955]]]}},{"type":"Feature","properties":{"jobs":500,"pop":500,"pointCount":5,"homeWorkCommuteMedian":20876,"workHomeCommuteMedian":18927},"geometry":{"type":"Polygon","coordinates":[[[10.161877665470454,53.5035917508972],[10.161877665470454,53.51258495453445],[10.1708708691077,53.51258495453445],[10.1708708691077,53.5035917508972],[10.161877665470454,53.5035917508972]]]}},{"type":"Feature","properties":{"jobs":900,"pop":1200,"pointCount":11,"homeWorkCommuteMedian":27161,"workHomeCommuteMedian":23985},"geometry":{"type":"Polygon","coordinates":[[[10.161877665470454,53.51258495453445],[10.161877665470454,53.52157815817169],[10.1708708691077,53.52157815817169],[10.1708708691077,53.51258495453445],[10.161877665470454,53.51258495453445]]]}},{"type":"Feature","properties":{"jobs":0,"pop":300,"pointCount":2,"homeWorkCommuteMedian":18269,"workHomeCommuteMedian":-1},"geometry":{"type":"Polygon","coordinates":[[[10.161877665470454,53.52157815817169],[10.161877665470454,53.53057136180894],[10.1708708691077,53.53057136180894],[10.1708708691077,53.52157815817169],[10.161877665470454,53.52157815817169]]]}},{"type":"Feature","properties":{"jobs":500,"pop":1100,"pointCount":9,"homeWorkCommuteMedian":22263,"workHomeCommuteMedian":19227},"geometry":{"type":"Polygon","coordinates":[[[10.161877665470454,53.539564565446184],[10.161877665470454,53.54855776908343],[10.1708708691077,53.54855776908343],[10.1708708691077,53.539564565446184],[10.161877665470454,53.539564565446184]]]}},{"type":"Feature","properties":{"jobs":500,"pop":100,"pointCount":4,"homeWorkCommuteMedian":20822,"workHomeCommuteMedian":25239},"geometry":{"type":"Polygon","coordinates":[[[10.161877665470454,53.54855776908343],[10.161877665470454,53.557550972720676],[10.1708708691077,53.557550972720676],[10.1708708691077,53.54855776908343],[10.161877665470454,53.54855776908343]]]}},{"type":"Feature","properties":{"jobs":0,"pop":100,"pointCount":1,"homeWorkCommuteMedian":19267,"workHomeCommuteMedian":-1},"geometry":{"type":"Polygon","coordinates":[[[10.161877665470454,53.557550972720676],[10.161877665470454,53.56654417635792],[10.1708708691077,53.56654417635792],[10.1708708691077,53.557550972720676],[10.161877665470454,53.557550972720676]]]}},{"type":"Feature","properties":{"jobs":2400,"pop":1200,"pointCount":12,"homeWorkCommuteMedian":19697,"workHomeCommuteMedian":18720},"geometry":{"type":"Polygon","coordinates":[[[10.161877665470454,53.56654417635792],[10.161877665470454,53.57553737999517],[10.1708708691077,53.57553737999517],[10.1708708691077,53.56654417635792],[10.161877665470454,53.56654417635792]]]}},{"type":"Feature","properties":{"jobs":100,"pop":500,"pointCount":5,"homeWorkCommuteMedian":16551,"workHomeCommuteMedian":16107},"geometry":{"type":"Polygon","coordinates":[[[10.161877665470454,53.584530583632414],[10.161877665470454,53.59352378726966],[10.1708708691077,53.59352378726966],[10.1708708691077,53.584530583632414],[10.161877665470454,53.584530583632414]]]}},{"type":"Feature","properties":{"jobs":100,"pop":1300,"pointCount":9,"homeWorkCommuteMedian":19651,"workHomeCommuteMedian":27170},"geometry":{"type":"Polygon","coordinates":[[[10.161877665470454,53.59352378726966],[10.161877665470454,53.602516990906906],[10.1708708691077,53.602516990906906],[10.1708708691077,53.59352378726966],[10.161877665470454,53.59352378726966]]]}},{"type":"Feature","properties":{"jobs":1900,"pop":700,"pointCount":9,"homeWorkCommuteMedian":23720,"workHomeCommuteMedian":18555},"geometry":{"type":"Polygon","coordinates":[[[10.161877665470454,53.602516990906906],[10.161877665470454,53.61151019454415],[10.1708708691077,53.61151019454415],[10.1708708691077,53.602516990906906],[10.161877665470454,53.602516990906906]]]}},{"type":"Feature","properties":{"jobs":200,"pop":1000,"pointCount":7,"homeWorkCommuteMedian":22089,"workHomeCommuteMedian":14136},"geometry":{"type":"Polygon","coordinates":[[[10.161877665470454,53.61151019454415],[10.161877665470454,53.6205033981814],[10.1708708691077,53.6205033981814],[10.1708708691077,53.61151019454415],[10.161877665470454,53.61151019454415]]]}},{"type":"Feature","properties":{"jobs":2400,"pop":1100,"pointCount":11,"homeWorkCommuteMedian":17119,"workHomeCommuteMedian":21387},"geometry":{"type":"Polygon","coordinates":[[[10.161877665470454,53.6205033981814],[10.161877665470454,53.629496601818644],[10.1708708691077,53.629496601818644],[10.1708708691077,53.6205033981814],[10.161877665470454,53.6205033981814]]]}},{"type":"Feature","properties":{"jobs":0,"pop":1900,"pointCount":10,"homeWorkCommuteMedian":21784,"workHomeCommuteMedian":-1},"geometry":{"type":"Polygon","coordinates":[[[10.161877665470454,53.629496601818644],[10.161877665470454,53.63848980545589],[10.1708708691077,53.63848980545589],[10.1708708691077,53.629496601818644],[10.161877665470454,53.629496601818644]]]}},{"type":"Feature","properties":{"jobs":0,"pop":300,"pointCount":3,"homeWorkCommuteMedian":30369,"workHomeCommuteMedian":-1},"geometry":{"type":"Polygon","coordinates":[[[10.161877665470454,53.63848980545589],[10.161877665470454,53.647483009093136],[10.1708708691077,53.647483009093136],[10.1708708691077,53.63848980545589],[10.161877665470454,53.63848980545589]]]}},{"type":"Feature","properties":{"jobs":7600,"pop":800,"pointCount":15,"homeWorkCommuteMedian":16988,"workHomeCommuteMedian":16851},"geometry":{"type":"Polygon","coordinates":[[[10.161877665470454,53.647483009093136],[10.161877665470454,53.65647621273038],[10.1708708691077,53.65647621273038],[10.1708708691077,53.647483009093136],[10.161877665470454,53.647483009093136]]]}},{"type":"Feature","properties":{"jobs":0,"pop":400,"pointCount":4,"homeWorkCommuteMedian":26809,"workHomeCommuteMedian":-1},"geometry":{"type":"Polygon","coordinates":[[[10.161877665470454,53.65647621273038],[10.161877665470454,53.66546941636763],[10.1708708691077,53.66546941636763],[10.1708708691077,53.65647621273038],[10.161877665470454,53.65647621273038]]]}},{"type":"Feature","properties":{"jobs":0,"pop":100,"pointCount":1,"homeWorkCommuteMedian":12477,"workHomeCommuteMedian":-1},"geometry":{"type":"Polygon","coordinates":[[[10.161877665470454,53.674462620004874],[10.161877665470454,53.68345582364212],[10.1708708691077,53.68345582364212],[10.1708708691077,53.674462620004874],[10.161877665470454,53.674462620004874]]]}},{"type":"Feature","properties":{"jobs":400,"pop":100,"pointCount":4,"homeWorkCommuteMedian":17445,"workHomeCommuteMedian":32037},"geometry":{"type":"Polygon","coordinates":[[[10.161877665470454,53.68345582364212],[10.161877665470454,53.692449027279366],[10.1708708691077,53.692449027279366],[10.1708708691077,53.68345582364212],[10.161877665470454,53.68345582364212]]]}},{"type":"Feature","properties":{"jobs":500,"pop":0,"pointCount":2,"homeWorkCommuteMedian":-1,"workHomeCommuteMedian":26186},"geometry":{"type":"Polygon","coordinates":[[[10.161877665470454,53.692449027279366],[10.161877665470454,53.70144223091661],[10.1708708691077,53.70144223091661],[10.1708708691077,53.692449027279366],[10.161877665470454,53.692449027279366]]]}},{"type":"Feature","properties":{"jobs":0,"pop":300,"pointCount":1,"homeWorkCommuteMedian":30355,"workHomeCommuteMedian":-1},"geometry":{"type":"Polygon","coordinates":[[[10.161877665470454,53.80036747092632],[10.161877665470454,53.809360674563564],[10.1708708691077,53.809360674563564],[10.1708708691077,53.80036747092632],[10.161877665470454,53.80036747092632]]]}},{"type":"Feature","properties":{"jobs":600,"pop":0,"pointCount":4,"homeWorkCommuteMedian":-1,"workHomeCommuteMedian":34181},"geometry":{"type":"Polygon","coordinates":[[[10.161877665470454,53.809360674563564],[10.161877665470454,53.81835387820081],[10.1708708691077,53.81835387820081],[10.1708708691077,53.809360674563564],[10.161877665470454,53.809360674563564]]]}},{"type":"Feature","properties":{"jobs":0,"pop":100,"pointCount":1,"homeWorkCommuteMedian":17282,"workHomeCommuteMedian":-1},"geometry":{"type":"Polygon","coordinates":[[[10.161877665470454,53.8363402854753],[10.161877665470454,53.84533348911255],[10.1708708691077,53.84533348911255],[10.1708708691077,53.8363402854753],[10.161877665470454,53.8363402854753]]]}},{"type":"Feature","properties":{"jobs":0,"pop":100,"pointCount":1,"homeWorkCommuteMedian":43145,"workHomeCommuteMedian":-1},"geometry":{"type":"Polygon","coordinates":[[[10.161877665470454,53.84533348911255],[10.161877665470454,53.854326692749794],[10.1708708691077,53.854326692749794],[10.1708708691077,53.84533348911255],[10.161877665470454,53.84533348911255]]]}},{"type":"Feature","properties":{"jobs":0,"pop":100,"pointCount":1,"homeWorkCommuteMedian":49110,"workHomeCommuteMedian":-1},"geometry":{"type":"Polygon","coordinates":[[[10.161877665470454,53.854326692749794],[10.161877665470454,53.86331989638704],[10.1708708691077,53.86331989638704],[10.1708708691077,53.854326692749794],[10.161877665470454,53.854326692749794]]]}},{"type":"Feature","properties":{"jobs":0,"pop":100,"pointCount":1,"homeWorkCommuteMedian":42476,"workHomeCommuteMedian":-1},"geometry":{"type":"Polygon","coordinates":[[[10.161877665470454,53.88130630366153],[10.161877665470454,53.89029950729878],[10.1708708691077,53.89029950729878],[10.1708708691077,53.88130630366153],[10.161877665470454,53.88130630366153]]]}},{"type":"Feature","properties":{"jobs":400,"pop":0,"pointCount":2,"homeWorkCommuteMedian":-1,"workHomeCommuteMedian":42806},"geometry":{"type":"Polygon","coordinates":[[[10.1708708691077,53.386680103613],[10.1708708691077,53.39567330725025],[10.179864072744946,53.39567330725025],[10.179864072744946,53.386680103613],[10.1708708691077,53.386680103613]]]}},{"type":"Feature","properties":{"jobs":300,"pop":100,"pointCount":2,"homeWorkCommuteMedian":35606,"workHomeCommuteMedian":33775},"geometry":{"type":"Polygon","coordinates":[[[10.1708708691077,53.39567330725025],[10.1708708691077,53.404666510887495],[10.179864072744946,53.404666510887495],[10.179864072744946,53.39567330725025],[10.1708708691077,53.39567330725025]]]}},{"type":"Feature","properties":{"jobs":800,"pop":100,"pointCount":2,"homeWorkCommuteMedian":53708,"workHomeCommuteMedian":31644},"geometry":{"type":"Polygon","coordinates":[[[10.1708708691077,53.404666510887495],[10.1708708691077,53.41365971452474],[10.179864072744946,53.41365971452474],[10.179864072744946,53.404666510887495],[10.1708708691077,53.404666510887495]]]}},{"type":"Feature","properties":{"jobs":0,"pop":100,"pointCount":1,"homeWorkCommuteMedian":35772,"workHomeCommuteMedian":-1},"geometry":{"type":"Polygon","coordinates":[[[10.1708708691077,53.44063932543648],[10.1708708691077,53.449632529073725],[10.179864072744946,53.449632529073725],[10.179864072744946,53.44063932543648],[10.1708708691077,53.44063932543648]]]}},{"type":"Feature","properties":{"jobs":0,"pop":200,"pointCount":2,"homeWorkCommuteMedian":27622,"workHomeCommuteMedian":-1},"geometry":{"type":"Polygon","coordinates":[[[10.1708708691077,53.45862573271097],[10.1708708691077,53.46761893634822],[10.179864072744946,53.46761893634822],[10.179864072744946,53.45862573271097],[10.1708708691077,53.45862573271097]]]}},{"type":"Feature","properties":{"jobs":0,"pop":100,"pointCount":1,"homeWorkCommuteMedian":55873,"workHomeCommuteMedian":-1},"geometry":{"type":"Polygon","coordinates":[[[10.1708708691077,53.46761893634822],[10.1708708691077,53.47661213998546],[10.179864072744946,53.47661213998546],[10.179864072744946,53.46761893634822],[10.1708708691077,53.46761893634822]]]}},{"type":"Feature","properties":{"jobs":1900,"pop":1800,"pointCount":11,"homeWorkCommuteMedian":24543,"workHomeCommuteMedian":24386},"geometry":{"type":"Polygon","coordinates":[[[10.1708708691077,53.47661213998546],[10.1708708691077,53.48560534362271],[10.179864072744946,53.48560534362271],[10.179864072744946,53.47661213998546],[10.1708708691077,53.47661213998546]]]}},{"type":"Feature","properties":{"jobs":0,"pop":400,"pointCount":3,"homeWorkCommuteMedian":24229,"workHomeCommuteMedian":-1},"geometry":{"type":"Polygon","coordinates":[[[10.1708708691077,53.48560534362271],[10.1708708691077,53.494598547259955],[10.179864072744946,53.494598547259955],[10.179864072744946,53.48560534362271],[10.1708708691077,53.48560534362271]]]}},{"type":"Feature","properties":{"jobs":0,"pop":600,"pointCount":5,"homeWorkCommuteMedian":21580,"workHomeCommuteMedian":-1},"geometry":{"type":"Polygon","coordinates":[[[10.1708708691077,53.494598547259955],[10.1708708691077,53.5035917508972],[10.179864072744946,53.5035917508972],[10.179864072744946,53.494598547259955],[10.1708708691077,53.494598547259955]]]}},{"type":"Feature","properties":{"jobs":600,"pop":500,"pointCount":7,"homeWorkCommuteMedian":23428,"workHomeCommuteMedian":19624},"geometry":{"type":"Polygon","coordinates":[[[10.1708708691077,53.5035917508972],[10.1708708691077,53.51258495453445],[10.179864072744946,53.51258495453445],[10.179864072744946,53.5035917508972],[10.1708708691077,53.5035917508972]]]}},{"type":"Feature","properties":{"jobs":300,"pop":100,"pointCount":3,"homeWorkCommuteMedian":16920,"workHomeCommuteMedian":18521},"geometry":{"type":"Polygon","coordinates":[[[10.1708708691077,53.51258495453445],[10.1708708691077,53.52157815817169],[10.179864072744946,53.52157815817169],[10.179864072744946,53.51258495453445],[10.1708708691077,53.51258495453445]]]}},{"type":"Feature","properties":{"jobs":0,"pop":500,"pointCount":5,"homeWorkCommuteMedian":17329,"workHomeCommuteMedian":-1},"geometry":{"type":"Polygon","coordinates":[[[10.1708708691077,53.539564565446184],[10.1708708691077,53.54855776908343],[10.179864072744946,53.54855776908343],[10.179864072744946,53.539564565446184],[10.1708708691077,53.539564565446184]]]}},{"type":"Feature","properties":{"jobs":0,"pop":100,"pointCount":1,"homeWorkCommuteMedian":32967,"workHomeCommuteMedian":-1},"geometry":{"type":"Polygon","coordinates":[[[10.1708708691077,53.54855776908343],[10.1708708691077,53.557550972720676],[10.179864072744946,53.557550972720676],[10.179864072744946,53.54855776908343],[10.1708708691077,53.54855776908343]]]}},{"type":"Feature","properties":{"jobs":0,"pop":100,"pointCount":1,"homeWorkCommuteMedian":42636,"workHomeCommuteMedian":-1},"geometry":{"type":"Polygon","coordinates":[[[10.1708708691077,53.557550972720676],[10.1708708691077,53.56654417635792],[10.179864072744946,53.56654417635792],[10.179864072744946,53.557550972720676],[10.1708708691077,53.557550972720676]]]}},{"type":"Feature","properties":{"jobs":600,"pop":1050,"pointCount":10,"homeWorkCommuteMedian":18597,"workHomeCommuteMedian":25552},"geometry":{"type":"Polygon","coordinates":[[[10.1708708691077,53.56654417635792],[10.1708708691077,53.57553737999517],[10.179864072744946,53.57553737999517],[10.179864072744946,53.56654417635792],[10.1708708691077,53.56654417635792]]]}},{"type":"Feature","properties":{"jobs":0,"pop":900,"pointCount":5,"homeWorkCommuteMedian":20707,"workHomeCommuteMedian":-1},"geometry":{"type":"Polygon","coordinates":[[[10.1708708691077,53.584530583632414],[10.1708708691077,53.59352378726966],[10.179864072744946,53.59352378726966],[10.179864072744946,53.584530583632414],[10.1708708691077,53.584530583632414]]]}},{"type":"Feature","properties":{"jobs":0,"pop":800,"pointCount":6,"homeWorkCommuteMedian":25134,"workHomeCommuteMedian":-1},"geometry":{"type":"Polygon","coordinates":[[[10.1708708691077,53.59352378726966],[10.1708708691077,53.602516990906906],[10.179864072744946,53.602516990906906],[10.179864072744946,53.59352378726966],[10.1708708691077,53.59352378726966]]]}},{"type":"Feature","properties":{"jobs":900,"pop":500,"pointCount":5,"homeWorkCommuteMedian":22432,"workHomeCommuteMedian":22413},"geometry":{"type":"Polygon","coordinates":[[[10.1708708691077,53.602516990906906],[10.1708708691077,53.61151019454415],[10.179864072744946,53.61151019454415],[10.179864072744946,53.602516990906906],[10.1708708691077,53.602516990906906]]]}},{"type":"Feature","properties":{"jobs":0,"pop":100,"pointCount":1,"homeWorkCommuteMedian":25091,"workHomeCommuteMedian":-1},"geometry":{"type":"Polygon","coordinates":[[[10.1708708691077,53.61151019454415],[10.1708708691077,53.6205033981814],[10.179864072744946,53.6205033981814],[10.179864072744946,53.61151019454415],[10.1708708691077,53.61151019454415]]]}},{"type":"Feature","properties":{"jobs":0,"pop":200,"pointCount":2,"homeWorkCommuteMedian":22898,"workHomeCommuteMedian":-1},"geometry":{"type":"Polygon","coordinates":[[[10.1708708691077,53.6205033981814],[10.1708708691077,53.629496601818644],[10.179864072744946,53.629496601818644],[10.179864072744946,53.6205033981814],[10.1708708691077,53.6205033981814]]]}},{"type":"Feature","properties":{"jobs":0,"pop":1350,"pointCount":7,"homeWorkCommuteMedian":22234,"workHomeCommuteMedian":-1},"geometry":{"type":"Polygon","coordinates":[[[10.1708708691077,53.629496601818644],[10.1708708691077,53.63848980545589],[10.179864072744946,53.63848980545589],[10.179864072744946,53.629496601818644],[10.1708708691077,53.629496601818644]]]}},{"type":"Feature","properties":{"jobs":0,"pop":300,"pointCount":3,"homeWorkCommuteMedian":30573,"workHomeCommuteMedian":-1},"geometry":{"type":"Polygon","coordinates":[[[10.1708708691077,53.63848980545589],[10.1708708691077,53.647483009093136],[10.179864072744946,53.647483009093136],[10.179864072744946,53.63848980545589],[10.1708708691077,53.63848980545589]]]}},{"type":"Feature","properties":{"jobs":500,"pop":500,"pointCount":6,"homeWorkCommuteMedian":27803,"workHomeCommuteMedian":14197},"geometry":{"type":"Polygon","coordinates":[[[10.1708708691077,53.647483009093136],[10.1708708691077,53.65647621273038],[10.179864072744946,53.65647621273038],[10.179864072744946,53.647483009093136],[10.1708708691077,53.647483009093136]]]}},{"type":"Feature","properties":{"jobs":0,"pop":700,"pointCount":3,"homeWorkCommuteMedian":18332,"workHomeCommuteMedian":-1},"geometry":{"type":"Polygon","coordinates":[[[10.1708708691077,53.65647621273038],[10.1708708691077,53.66546941636763],[10.179864072744946,53.66546941636763],[10.179864072744946,53.65647621273038],[10.1708708691077,53.65647621273038]]]}},{"type":"Feature","properties":{"jobs":0,"pop":100,"pointCount":1,"homeWorkCommuteMedian":18065,"workHomeCommuteMedian":-1},"geometry":{"type":"Polygon","coordinates":[[[10.1708708691077,53.674462620004874],[10.1708708691077,53.68345582364212],[10.179864072744946,53.68345582364212],[10.179864072744946,53.674462620004874],[10.1708708691077,53.674462620004874]]]}},{"type":"Feature","properties":{"jobs":0,"pop":200,"pointCount":1,"homeWorkCommuteMedian":52414,"workHomeCommuteMedian":-1},"geometry":{"type":"Polygon","coordinates":[[[10.1708708691077,53.68345582364212],[10.1708708691077,53.692449027279366],[10.179864072744946,53.692449027279366],[10.179864072744946,53.68345582364212],[10.1708708691077,53.68345582364212]]]}},{"type":"Feature","properties":{"jobs":100,"pop":200,"pointCount":3,"homeWorkCommuteMedian":16809,"workHomeCommuteMedian":11954},"geometry":{"type":"Polygon","coordinates":[[[10.1708708691077,53.692449027279366],[10.1708708691077,53.70144223091661],[10.179864072744946,53.70144223091661],[10.179864072744946,53.692449027279366],[10.1708708691077,53.692449027279366]]]}},{"type":"Feature","properties":{"jobs":200,"pop":0,"pointCount":1,"homeWorkCommuteMedian":-1,"workHomeCommuteMedian":15999},"geometry":{"type":"Polygon","coordinates":[[[10.1708708691077,53.74640824910284],[10.1708708691077,53.75540145274009],[10.179864072744946,53.75540145274009],[10.179864072744946,53.74640824910284],[10.1708708691077,53.74640824910284]]]}},{"type":"Feature","properties":{"jobs":0,"pop":200,"pointCount":2,"homeWorkCommuteMedian":29693,"workHomeCommuteMedian":-1},"geometry":{"type":"Polygon","coordinates":[[[10.1708708691077,53.75540145274009],[10.1708708691077,53.764394656377334],[10.179864072744946,53.764394656377334],[10.179864072744946,53.75540145274009],[10.1708708691077,53.75540145274009]]]}},{"type":"Feature","properties":{"jobs":0,"pop":100,"pointCount":1,"homeWorkCommuteMedian":30288,"workHomeCommuteMedian":-1},"geometry":{"type":"Polygon","coordinates":[[[10.1708708691077,53.81835387820081],[10.1708708691077,53.827347081838056],[10.179864072744946,53.827347081838056],[10.179864072744946,53.81835387820081],[10.1708708691077,53.81835387820081]]]}},{"type":"Feature","properties":{"jobs":200,"pop":200,"pointCount":3,"homeWorkCommuteMedian":85613,"workHomeCommuteMedian":45982},"geometry":{"type":"Polygon","coordinates":[[[10.1708708691077,53.8363402854753],[10.1708708691077,53.84533348911255],[10.179864072744946,53.84533348911255],[10.179864072744946,53.8363402854753],[10.1708708691077,53.8363402854753]]]}},{"type":"Feature","properties":{"jobs":0,"pop":200,"pointCount":2,"homeWorkCommuteMedian":56091,"workHomeCommuteMedian":-1},"geometry":{"type":"Polygon","coordinates":[[[10.1708708691077,53.88130630366153],[10.1708708691077,53.89029950729878],[10.179864072744946,53.89029950729878],[10.179864072744946,53.88130630366153],[10.1708708691077,53.88130630366153]]]}},{"type":"Feature","properties":{"jobs":400,"pop":0,"pointCount":3,"homeWorkCommuteMedian":-1,"workHomeCommuteMedian":59908},"geometry":{"type":"Polygon","coordinates":[[[10.1708708691077,53.89029950729878],[10.1708708691077,53.899292710936024],[10.179864072744946,53.899292710936024],[10.179864072744946,53.89029950729878],[10.1708708691077,53.89029950729878]]]}},{"type":"Feature","properties":{"jobs":200,"pop":100,"pointCount":3,"homeWorkCommuteMedian":40788,"workHomeCommuteMedian":45542},"geometry":{"type":"Polygon","coordinates":[[[10.179864072744946,53.35070728906402],[10.179864072744946,53.359700492701265],[10.188857276382192,53.359700492701265],[10.188857276382192,53.35070728906402],[10.179864072744946,53.35070728906402]]]}},{"type":"Feature","properties":{"jobs":100,"pop":250,"pointCount":2,"homeWorkCommuteMedian":44253,"workHomeCommuteMedian":40576},"geometry":{"type":"Polygon","coordinates":[[[10.179864072744946,53.359700492701265],[10.179864072744946,53.36869369633851],[10.188857276382192,53.36869369633851],[10.188857276382192,53.359700492701265],[10.179864072744946,53.359700492701265]]]}},{"type":"Feature","properties":{"jobs":0,"pop":100,"pointCount":1,"homeWorkCommuteMedian":43639,"workHomeCommuteMedian":-1},"geometry":{"type":"Polygon","coordinates":[[[10.179864072744946,53.36869369633851],[10.179864072744946,53.37768689997576],[10.188857276382192,53.37768689997576],[10.188857276382192,53.36869369633851],[10.179864072744946,53.36869369633851]]]}},{"type":"Feature","properties":{"jobs":400,"pop":800,"pointCount":6,"homeWorkCommuteMedian":40526,"workHomeCommuteMedian":48323},"geometry":{"type":"Polygon","coordinates":[[[10.179864072744946,53.386680103613],[10.179864072744946,53.39567330725025],[10.188857276382192,53.39567330725025],[10.188857276382192,53.386680103613],[10.179864072744946,53.386680103613]]]}},{"type":"Feature","properties":{"jobs":300,"pop":300,"pointCount":5,"homeWorkCommuteMedian":35233,"workHomeCommuteMedian":32913},"geometry":{"type":"Polygon","coordinates":[[[10.179864072744946,53.39567330725025],[10.179864072744946,53.404666510887495],[10.188857276382192,53.404666510887495],[10.188857276382192,53.39567330725025],[10.179864072744946,53.39567330725025]]]}},{"type":"Feature","properties":{"jobs":300,"pop":200,"pointCount":3,"homeWorkCommuteMedian":32831,"workHomeCommuteMedian":36268},"geometry":{"type":"Polygon","coordinates":[[[10.179864072744946,53.404666510887495],[10.179864072744946,53.41365971452474],[10.188857276382192,53.41365971452474],[10.188857276382192,53.404666510887495],[10.179864072744946,53.404666510887495]]]}},{"type":"Feature","properties":{"jobs":0,"pop":200,"pointCount":2,"homeWorkCommuteMedian":42280,"workHomeCommuteMedian":-1},"geometry":{"type":"Polygon","coordinates":[[[10.179864072744946,53.43164612179923],[10.179864072744946,53.44063932543648],[10.188857276382192,53.44063932543648],[10.188857276382192,53.43164612179923],[10.179864072744946,53.43164612179923]]]}},{"type":"Feature","properties":{"jobs":0,"pop":100,"pointCount":1,"homeWorkCommuteMedian":29040,"workHomeCommuteMedian":-1},"geometry":{"type":"Polygon","coordinates":[[[10.179864072744946,53.44063932543648],[10.179864072744946,53.449632529073725],[10.188857276382192,53.449632529073725],[10.188857276382192,53.44063932543648],[10.179864072744946,53.44063932543648]]]}},{"type":"Feature","properties":{"jobs":0,"pop":100,"pointCount":1,"homeWorkCommuteMedian":20901,"workHomeCommuteMedian":-1},"geometry":{"type":"Polygon","coordinates":[[[10.179864072744946,53.449632529073725],[10.179864072744946,53.45862573271097],[10.188857276382192,53.45862573271097],[10.188857276382192,53.449632529073725],[10.179864072744946,53.449632529073725]]]}},{"type":"Feature","properties":{"jobs":0,"pop":100,"pointCount":1,"homeWorkCommuteMedian":24369,"workHomeCommuteMedian":-1},"geometry":{"type":"Polygon","coordinates":[[[10.179864072744946,53.46761893634822],[10.179864072744946,53.47661213998546],[10.188857276382192,53.47661213998546],[10.188857276382192,53.46761893634822],[10.179864072744946,53.46761893634822]]]}},{"type":"Feature","properties":{"jobs":200,"pop":1700,"pointCount":10,"homeWorkCommuteMedian":23320,"workHomeCommuteMedian":25551},"geometry":{"type":"Polygon","coordinates":[[[10.179864072744946,53.47661213998546],[10.179864072744946,53.48560534362271],[10.188857276382192,53.48560534362271],[10.188857276382192,53.47661213998546],[10.179864072744946,53.47661213998546]]]}},{"type":"Feature","properties":{"jobs":4400,"pop":1700,"pointCount":13,"homeWorkCommuteMedian":23600,"workHomeCommuteMedian":22052},"geometry":{"type":"Polygon","coordinates":[[[10.179864072744946,53.48560534362271],[10.179864072744946,53.494598547259955],[10.188857276382192,53.494598547259955],[10.188857276382192,53.48560534362271],[10.179864072744946,53.48560534362271]]]}},{"type":"Feature","properties":{"jobs":300,"pop":800,"pointCount":7,"homeWorkCommuteMedian":22624,"workHomeCommuteMedian":20737},"geometry":{"type":"Polygon","coordinates":[[[10.179864072744946,53.494598547259955],[10.179864072744946,53.5035917508972],[10.188857276382192,53.5035917508972],[10.188857276382192,53.494598547259955],[10.179864072744946,53.494598547259955]]]}},{"type":"Feature","properties":{"jobs":2700,"pop":1900,"pointCount":17,"homeWorkCommuteMedian":16811,"workHomeCommuteMedian":17485},"geometry":{"type":"Polygon","coordinates":[[[10.179864072744946,53.5035917508972],[10.179864072744946,53.51258495453445],[10.188857276382192,53.51258495453445],[10.188857276382192,53.5035917508972],[10.179864072744946,53.5035917508972]]]}},{"type":"Feature","properties":{"jobs":0,"pop":100,"pointCount":1,"homeWorkCommuteMedian":23323,"workHomeCommuteMedian":-1},"geometry":{"type":"Polygon","coordinates":[[[10.179864072744946,53.51258495453445],[10.179864072744946,53.52157815817169],[10.188857276382192,53.52157815817169],[10.188857276382192,53.51258495453445],[10.179864072744946,53.51258495453445]]]}},{"type":"Feature","properties":{"jobs":0,"pop":100,"pointCount":1,"homeWorkCommuteMedian":56316,"workHomeCommuteMedian":-1},"geometry":{"type":"Polygon","coordinates":[[[10.179864072744946,53.52157815817169],[10.179864072744946,53.53057136180894],[10.188857276382192,53.53057136180894],[10.188857276382192,53.52157815817169],[10.179864072744946,53.52157815817169]]]}},{"type":"Feature","properties":{"jobs":0,"pop":100,"pointCount":1,"homeWorkCommuteMedian":15978,"workHomeCommuteMedian":-1},"geometry":{"type":"Polygon","coordinates":[[[10.179864072744946,53.54855776908343],[10.179864072744946,53.557550972720676],[10.188857276382192,53.557550972720676],[10.188857276382192,53.54855776908343],[10.179864072744946,53.54855776908343]]]}},{"type":"Feature","properties":{"jobs":100,"pop":200,"pointCount":2,"homeWorkCommuteMedian":54931,"workHomeCommuteMedian":19721},"geometry":{"type":"Polygon","coordinates":[[[10.179864072744946,53.557550972720676],[10.179864072744946,53.56654417635792],[10.188857276382192,53.56654417635792],[10.188857276382192,53.557550972720676],[10.179864072744946,53.557550972720676]]]}},{"type":"Feature","properties":{"jobs":1300,"pop":400,"pointCount":7,"homeWorkCommuteMedian":24826,"workHomeCommuteMedian":24462},"geometry":{"type":"Polygon","coordinates":[[[10.179864072744946,53.56654417635792],[10.179864072744946,53.57553737999517],[10.188857276382192,53.57553737999517],[10.188857276382192,53.56654417635792],[10.179864072744946,53.56654417635792]]]}},{"type":"Feature","properties":{"jobs":200,"pop":1100,"pointCount":8,"homeWorkCommuteMedian":19694,"workHomeCommuteMedian":15904},"geometry":{"type":"Polygon","coordinates":[[[10.179864072744946,53.584530583632414],[10.179864072744946,53.59352378726966],[10.188857276382192,53.59352378726966],[10.188857276382192,53.584530583632414],[10.179864072744946,53.584530583632414]]]}},{"type":"Feature","properties":{"jobs":200,"pop":400,"pointCount":4,"homeWorkCommuteMedian":45534,"workHomeCommuteMedian":28448},"geometry":{"type":"Polygon","coordinates":[[[10.179864072744946,53.59352378726966],[10.179864072744946,53.602516990906906],[10.188857276382192,53.602516990906906],[10.188857276382192,53.59352378726966],[10.179864072744946,53.59352378726966]]]}},{"type":"Feature","properties":{"jobs":300,"pop":400,"pointCount":5,"homeWorkCommuteMedian":22188,"workHomeCommuteMedian":29400},"geometry":{"type":"Polygon","coordinates":[[[10.179864072744946,53.602516990906906],[10.179864072744946,53.61151019454415],[10.188857276382192,53.61151019454415],[10.188857276382192,53.602516990906906],[10.179864072744946,53.602516990906906]]]}},{"type":"Feature","properties":{"jobs":200,"pop":250,"pointCount":2,"homeWorkCommuteMedian":49910,"workHomeCommuteMedian":15453},"geometry":{"type":"Polygon","coordinates":[[[10.179864072744946,53.61151019454415],[10.179864072744946,53.6205033981814],[10.188857276382192,53.6205033981814],[10.188857276382192,53.61151019454415],[10.179864072744946,53.61151019454415]]]}},{"type":"Feature","properties":{"jobs":800,"pop":600,"pointCount":7,"homeWorkCommuteMedian":29443,"workHomeCommuteMedian":35804},"geometry":{"type":"Polygon","coordinates":[[[10.179864072744946,53.629496601818644],[10.179864072744946,53.63848980545589],[10.188857276382192,53.63848980545589],[10.188857276382192,53.629496601818644],[10.179864072744946,53.629496601818644]]]}},{"type":"Feature","properties":{"jobs":0,"pop":400,"pointCount":4,"homeWorkCommuteMedian":20625,"workHomeCommuteMedian":-1},"geometry":{"type":"Polygon","coordinates":[[[10.179864072744946,53.63848980545589],[10.179864072744946,53.647483009093136],[10.188857276382192,53.647483009093136],[10.188857276382192,53.63848980545589],[10.179864072744946,53.63848980545589]]]}},{"type":"Feature","properties":{"jobs":600,"pop":1100,"pointCount":10,"homeWorkCommuteMedian":19614,"workHomeCommuteMedian":18476},"geometry":{"type":"Polygon","coordinates":[[[10.179864072744946,53.647483009093136],[10.179864072744946,53.65647621273038],[10.188857276382192,53.65647621273038],[10.188857276382192,53.647483009093136],[10.179864072744946,53.647483009093136]]]}},{"type":"Feature","properties":{"jobs":300,"pop":100,"pointCount":2,"homeWorkCommuteMedian":53207,"workHomeCommuteMedian":17451},"geometry":{"type":"Polygon","coordinates":[[[10.179864072744946,53.65647621273038],[10.179864072744946,53.66546941636763],[10.188857276382192,53.66546941636763],[10.188857276382192,53.65647621273038],[10.179864072744946,53.65647621273038]]]}},{"type":"Feature","properties":{"jobs":0,"pop":100,"pointCount":1,"homeWorkCommuteMedian":27182,"workHomeCommuteMedian":-1},"geometry":{"type":"Polygon","coordinates":[[[10.179864072744946,53.72842184182835],[10.179864072744946,53.737415045465596],[10.188857276382192,53.737415045465596],[10.188857276382192,53.72842184182835],[10.179864072744946,53.72842184182835]]]}},{"type":"Feature","properties":{"jobs":1200,"pop":300,"pointCount":5,"homeWorkCommuteMedian":28933,"workHomeCommuteMedian":25285},"geometry":{"type":"Polygon","coordinates":[[[10.179864072744946,53.764394656377334],[10.179864072744946,53.77338786001458],[10.188857276382192,53.77338786001458],[10.188857276382192,53.764394656377334],[10.179864072744946,53.764394656377334]]]}},{"type":"Feature","properties":{"jobs":0,"pop":100,"pointCount":1,"homeWorkCommuteMedian":25714,"workHomeCommuteMedian":-1},"geometry":{"type":"Polygon","coordinates":[[[10.179864072744946,53.81835387820081],[10.179864072744946,53.827347081838056],[10.188857276382192,53.827347081838056],[10.188857276382192,53.81835387820081],[10.179864072744946,53.81835387820081]]]}},{"type":"Feature","properties":{"jobs":0,"pop":100,"pointCount":1,"homeWorkCommuteMedian":22062,"workHomeCommuteMedian":-1},"geometry":{"type":"Polygon","coordinates":[[[10.179864072744946,53.8363402854753],[10.179864072744946,53.84533348911255],[10.188857276382192,53.84533348911255],[10.188857276382192,53.8363402854753],[10.179864072744946,53.8363402854753]]]}},{"type":"Feature","properties":{"jobs":100,"pop":0,"pointCount":1,"homeWorkCommuteMedian":-1,"workHomeCommuteMedian":56743},"geometry":{"type":"Polygon","coordinates":[[[10.179864072744946,53.89029950729878],[10.179864072744946,53.899292710936024],[10.188857276382192,53.899292710936024],[10.188857276382192,53.89029950729878],[10.179864072744946,53.89029950729878]]]}},{"type":"Feature","properties":{"jobs":600,"pop":1300,"pointCount":9,"homeWorkCommuteMedian":42143,"workHomeCommuteMedian":39356},"geometry":{"type":"Polygon","coordinates":[[[10.188857276382192,53.359700492701265],[10.188857276382192,53.36869369633851],[10.197850480019438,53.36869369633851],[10.197850480019438,53.359700492701265],[10.188857276382192,53.359700492701265]]]}},{"type":"Feature","properties":{"jobs":0,"pop":700,"pointCount":6,"homeWorkCommuteMedian":40183,"workHomeCommuteMedian":-1},"geometry":{"type":"Polygon","coordinates":[[[10.188857276382192,53.36869369633851],[10.188857276382192,53.37768689997576],[10.197850480019438,53.37768689997576],[10.197850480019438,53.36869369633851],[10.188857276382192,53.36869369633851]]]}},{"type":"Feature","properties":{"jobs":0,"pop":400,"pointCount":4,"homeWorkCommuteMedian":38697,"workHomeCommuteMedian":-1},"geometry":{"type":"Polygon","coordinates":[[[10.188857276382192,53.37768689997576],[10.188857276382192,53.386680103613],[10.197850480019438,53.386680103613],[10.197850480019438,53.37768689997576],[10.188857276382192,53.37768689997576]]]}},{"type":"Feature","properties":{"jobs":0,"pop":100,"pointCount":1,"homeWorkCommuteMedian":38457,"workHomeCommuteMedian":-1},"geometry":{"type":"Polygon","coordinates":[[[10.188857276382192,53.404666510887495],[10.188857276382192,53.41365971452474],[10.197850480019438,53.41365971452474],[10.197850480019438,53.404666510887495],[10.188857276382192,53.404666510887495]]]}},{"type":"Feature","properties":{"jobs":0,"pop":100,"pointCount":1,"homeWorkCommuteMedian":45085,"workHomeCommuteMedian":-1},"geometry":{"type":"Polygon","coordinates":[[[10.188857276382192,53.41365971452474],[10.188857276382192,53.42265291816199],[10.197850480019438,53.42265291816199],[10.197850480019438,53.41365971452474],[10.188857276382192,53.41365971452474]]]}},{"type":"Feature","properties":{"jobs":0,"pop":100,"pointCount":1,"homeWorkCommuteMedian":13666,"workHomeCommuteMedian":-1},"geometry":{"type":"Polygon","coordinates":[[[10.188857276382192,53.42265291816199],[10.188857276382192,53.43164612179923],[10.197850480019438,53.43164612179923],[10.197850480019438,53.42265291816199],[10.188857276382192,53.42265291816199]]]}},{"type":"Feature","properties":{"jobs":100,"pop":0,"pointCount":1,"homeWorkCommuteMedian":-1,"workHomeCommuteMedian":31295},"geometry":{"type":"Polygon","coordinates":[[[10.188857276382192,53.43164612179923],[10.188857276382192,53.44063932543648],[10.197850480019438,53.44063932543648],[10.197850480019438,53.43164612179923],[10.188857276382192,53.43164612179923]]]}},{"type":"Feature","properties":{"jobs":0,"pop":100,"pointCount":1,"homeWorkCommuteMedian":27357,"workHomeCommuteMedian":-1},"geometry":{"type":"Polygon","coordinates":[[[10.188857276382192,53.45862573271097],[10.188857276382192,53.46761893634822],[10.197850480019438,53.46761893634822],[10.197850480019438,53.45862573271097],[10.188857276382192,53.45862573271097]]]}},{"type":"Feature","properties":{"jobs":0,"pop":300,"pointCount":3,"homeWorkCommuteMedian":30443,"workHomeCommuteMedian":-1},"geometry":{"type":"Polygon","coordinates":[[[10.188857276382192,53.46761893634822],[10.188857276382192,53.47661213998546],[10.197850480019438,53.47661213998546],[10.197850480019438,53.46761893634822],[10.188857276382192,53.46761893634822]]]}},{"type":"Feature","properties":{"jobs":0,"pop":1800,"pointCount":10,"homeWorkCommuteMedian":18731,"workHomeCommuteMedian":-1},"geometry":{"type":"Polygon","coordinates":[[[10.188857276382192,53.47661213998546],[10.188857276382192,53.48560534362271],[10.197850480019438,53.48560534362271],[10.197850480019438,53.47661213998546],[10.188857276382192,53.47661213998546]]]}},{"type":"Feature","properties":{"jobs":500,"pop":1100,"pointCount":11,"homeWorkCommuteMedian":22042,"workHomeCommuteMedian":28388},"geometry":{"type":"Polygon","coordinates":[[[10.188857276382192,53.48560534362271],[10.188857276382192,53.494598547259955],[10.197850480019438,53.494598547259955],[10.197850480019438,53.48560534362271],[10.188857276382192,53.48560534362271]]]}},{"type":"Feature","properties":{"jobs":1200,"pop":1650,"pointCount":11,"homeWorkCommuteMedian":20686,"workHomeCommuteMedian":20562},"geometry":{"type":"Polygon","coordinates":[[[10.188857276382192,53.494598547259955],[10.188857276382192,53.5035917508972],[10.197850480019438,53.5035917508972],[10.197850480019438,53.494598547259955],[10.188857276382192,53.494598547259955]]]}},{"type":"Feature","properties":{"jobs":200,"pop":1650,"pointCount":12,"homeWorkCommuteMedian":18793,"workHomeCommuteMedian":25214},"geometry":{"type":"Polygon","coordinates":[[[10.188857276382192,53.5035917508972],[10.188857276382192,53.51258495453445],[10.197850480019438,53.51258495453445],[10.197850480019438,53.5035917508972],[10.188857276382192,53.5035917508972]]]}},{"type":"Feature","properties":{"jobs":0,"pop":700,"pointCount":5,"homeWorkCommuteMedian":19997,"workHomeCommuteMedian":-1},"geometry":{"type":"Polygon","coordinates":[[[10.188857276382192,53.539564565446184],[10.188857276382192,53.54855776908343],[10.197850480019438,53.54855776908343],[10.197850480019438,53.539564565446184],[10.188857276382192,53.539564565446184]]]}},{"type":"Feature","properties":{"jobs":0,"pop":100,"pointCount":1,"homeWorkCommuteMedian":21577,"workHomeCommuteMedian":-1},"geometry":{"type":"Polygon","coordinates":[[[10.188857276382192,53.54855776908343],[10.188857276382192,53.557550972720676],[10.197850480019438,53.557550972720676],[10.197850480019438,53.54855776908343],[10.188857276382192,53.54855776908343]]]}},{"type":"Feature","properties":{"jobs":0,"pop":100,"pointCount":1,"homeWorkCommuteMedian":31120,"workHomeCommuteMedian":-1},"geometry":{"type":"Polygon","coordinates":[[[10.188857276382192,53.557550972720676],[10.188857276382192,53.56654417635792],[10.197850480019438,53.56654417635792],[10.197850480019438,53.557550972720676],[10.188857276382192,53.557550972720676]]]}},{"type":"Feature","properties":{"jobs":800,"pop":100,"pointCount":4,"homeWorkCommuteMedian":18402,"workHomeCommuteMedian":25489},"geometry":{"type":"Polygon","coordinates":[[[10.188857276382192,53.56654417635792],[10.188857276382192,53.57553737999517],[10.197850480019438,53.57553737999517],[10.197850480019438,53.56654417635792],[10.188857276382192,53.56654417635792]]]}},{"type":"Feature","properties":{"jobs":200,"pop":100,"pointCount":2,"homeWorkCommuteMedian":46349,"workHomeCommuteMedian":23673},"geometry":{"type":"Polygon","coordinates":[[[10.188857276382192,53.57553737999517],[10.188857276382192,53.584530583632414],[10.197850480019438,53.584530583632414],[10.197850480019438,53.57553737999517],[10.188857276382192,53.57553737999517]]]}},{"type":"Feature","properties":{"jobs":0,"pop":100,"pointCount":1,"homeWorkCommuteMedian":22052,"workHomeCommuteMedian":-1},"geometry":{"type":"Polygon","coordinates":[[[10.188857276382192,53.584530583632414],[10.188857276382192,53.59352378726966],[10.197850480019438,53.59352378726966],[10.197850480019438,53.584530583632414],[10.188857276382192,53.584530583632414]]]}},{"type":"Feature","properties":{"jobs":100,"pop":0,"pointCount":1,"homeWorkCommuteMedian":-1,"workHomeCommuteMedian":22577},"geometry":{"type":"Polygon","coordinates":[[[10.188857276382192,53.602516990906906],[10.188857276382192,53.61151019454415],[10.197850480019438,53.61151019454415],[10.197850480019438,53.602516990906906],[10.188857276382192,53.602516990906906]]]}},{"type":"Feature","properties":{"jobs":200,"pop":0,"pointCount":1,"homeWorkCommuteMedian":-1,"workHomeCommuteMedian":15749},"geometry":{"type":"Polygon","coordinates":[[[10.188857276382192,53.63848980545589],[10.188857276382192,53.647483009093136],[10.197850480019438,53.647483009093136],[10.197850480019438,53.63848980545589],[10.188857276382192,53.63848980545589]]]}},{"type":"Feature","properties":{"jobs":0,"pop":200,"pointCount":2,"homeWorkCommuteMedian":17594,"workHomeCommuteMedian":-1},"geometry":{"type":"Polygon","coordinates":[[[10.188857276382192,53.647483009093136],[10.188857276382192,53.65647621273038],[10.197850480019438,53.65647621273038],[10.197850480019438,53.647483009093136],[10.188857276382192,53.647483009093136]]]}},{"type":"Feature","properties":{"jobs":100,"pop":300,"pointCount":3,"homeWorkCommuteMedian":9470,"workHomeCommuteMedian":16606},"geometry":{"type":"Polygon","coordinates":[[[10.188857276382192,53.65647621273038],[10.188857276382192,53.66546941636763],[10.197850480019438,53.66546941636763],[10.197850480019438,53.65647621273038],[10.188857276382192,53.65647621273038]]]}},{"type":"Feature","properties":{"jobs":300,"pop":0,"pointCount":1,"homeWorkCommuteMedian":-1,"workHomeCommuteMedian":18738},"geometry":{"type":"Polygon","coordinates":[[[10.188857276382192,53.70144223091661],[10.188857276382192,53.71043543455386],[10.197850480019438,53.71043543455386],[10.197850480019438,53.70144223091661],[10.188857276382192,53.70144223091661]]]}},{"type":"Feature","properties":{"jobs":200,"pop":0,"pointCount":1,"homeWorkCommuteMedian":-1,"workHomeCommuteMedian":59567},"geometry":{"type":"Polygon","coordinates":[[[10.188857276382192,53.737415045465596],[10.188857276382192,53.74640824910284],[10.197850480019438,53.74640824910284],[10.197850480019438,53.737415045465596],[10.188857276382192,53.737415045465596]]]}},{"type":"Feature","properties":{"jobs":0,"pop":300,"pointCount":2,"homeWorkCommuteMedian":17760,"workHomeCommuteMedian":-1},"geometry":{"type":"Polygon","coordinates":[[[10.188857276382192,53.75540145274009],[10.188857276382192,53.764394656377334],[10.197850480019438,53.764394656377334],[10.197850480019438,53.75540145274009],[10.188857276382192,53.75540145274009]]]}},{"type":"Feature","properties":{"jobs":100,"pop":200,"pointCount":3,"homeWorkCommuteMedian":38213,"workHomeCommuteMedian":18792},"geometry":{"type":"Polygon","coordinates":[[[10.188857276382192,53.764394656377334],[10.188857276382192,53.77338786001458],[10.197850480019438,53.77338786001458],[10.197850480019438,53.764394656377334],[10.188857276382192,53.764394656377334]]]}},{"type":"Feature","properties":{"jobs":0,"pop":100,"pointCount":1,"homeWorkCommuteMedian":24543,"workHomeCommuteMedian":-1},"geometry":{"type":"Polygon","coordinates":[[[10.188857276382192,53.77338786001458],[10.188857276382192,53.782381063651826],[10.197850480019438,53.782381063651826],[10.197850480019438,53.77338786001458],[10.188857276382192,53.77338786001458]]]}},{"type":"Feature","properties":{"jobs":0,"pop":100,"pointCount":1,"homeWorkCommuteMedian":32958,"workHomeCommuteMedian":-1},"geometry":{"type":"Polygon","coordinates":[[[10.188857276382192,53.782381063651826],[10.188857276382192,53.79137426728907],[10.197850480019438,53.79137426728907],[10.197850480019438,53.782381063651826],[10.188857276382192,53.782381063651826]]]}},{"type":"Feature","properties":{"jobs":0,"pop":100,"pointCount":1,"homeWorkCommuteMedian":56797,"workHomeCommuteMedian":-1},"geometry":{"type":"Polygon","coordinates":[[[10.188857276382192,53.872313100024286],[10.188857276382192,53.88130630366153],[10.197850480019438,53.88130630366153],[10.197850480019438,53.872313100024286],[10.188857276382192,53.872313100024286]]]}},{"type":"Feature","properties":{"jobs":700,"pop":400,"pointCount":6,"homeWorkCommuteMedian":43446,"workHomeCommuteMedian":40706},"geometry":{"type":"Polygon","coordinates":[[[10.197850480019438,53.35070728906402],[10.197850480019438,53.359700492701265],[10.206843683656684,53.359700492701265],[10.206843683656684,53.35070728906402],[10.197850480019438,53.35070728906402]]]}},{"type":"Feature","properties":{"jobs":200,"pop":600,"pointCount":8,"homeWorkCommuteMedian":46431,"workHomeCommuteMedian":29877},"geometry":{"type":"Polygon","coordinates":[[[10.197850480019438,53.359700492701265],[10.197850480019438,53.36869369633851],[10.206843683656684,53.36869369633851],[10.206843683656684,53.359700492701265],[10.197850480019438,53.359700492701265]]]}},{"type":"Feature","properties":{"jobs":0,"pop":200,"pointCount":1,"homeWorkCommuteMedian":22010,"workHomeCommuteMedian":-1},"geometry":{"type":"Polygon","coordinates":[[[10.197850480019438,53.36869369633851],[10.197850480019438,53.37768689997576],[10.206843683656684,53.37768689997576],[10.206843683656684,53.36869369633851],[10.197850480019438,53.36869369633851]]]}},{"type":"Feature","properties":{"jobs":0,"pop":200,"pointCount":2,"homeWorkCommuteMedian":45091,"workHomeCommuteMedian":-1},"geometry":{"type":"Polygon","coordinates":[[[10.197850480019438,53.386680103613],[10.197850480019438,53.39567330725025],[10.206843683656684,53.39567330725025],[10.206843683656684,53.386680103613],[10.197850480019438,53.386680103613]]]}},{"type":"Feature","properties":{"jobs":0,"pop":100,"pointCount":1,"homeWorkCommuteMedian":22013,"workHomeCommuteMedian":-1},"geometry":{"type":"Polygon","coordinates":[[[10.197850480019438,53.404666510887495],[10.197850480019438,53.41365971452474],[10.206843683656684,53.41365971452474],[10.206843683656684,53.404666510887495],[10.197850480019438,53.404666510887495]]]}},{"type":"Feature","properties":{"jobs":100,"pop":0,"pointCount":1,"homeWorkCommuteMedian":-1,"workHomeCommuteMedian":32296},"geometry":{"type":"Polygon","coordinates":[[[10.197850480019438,53.41365971452474],[10.197850480019438,53.42265291816199],[10.206843683656684,53.42265291816199],[10.206843683656684,53.41365971452474],[10.197850480019438,53.41365971452474]]]}},{"type":"Feature","properties":{"jobs":200,"pop":100,"pointCount":2,"homeWorkCommuteMedian":27144,"workHomeCommuteMedian":37186},"geometry":{"type":"Polygon","coordinates":[[[10.197850480019438,53.45862573271097],[10.197850480019438,53.46761893634822],[10.206843683656684,53.46761893634822],[10.206843683656684,53.45862573271097],[10.197850480019438,53.45862573271097]]]}},{"type":"Feature","properties":{"jobs":0,"pop":100,"pointCount":1,"homeWorkCommuteMedian":22841,"workHomeCommuteMedian":-1},"geometry":{"type":"Polygon","coordinates":[[[10.197850480019438,53.46761893634822],[10.197850480019438,53.47661213998546],[10.206843683656684,53.47661213998546],[10.206843683656684,53.46761893634822],[10.197850480019438,53.46761893634822]]]}},{"type":"Feature","properties":{"jobs":500,"pop":1000,"pointCount":11,"homeWorkCommuteMedian":21904,"workHomeCommuteMedian":25768},"geometry":{"type":"Polygon","coordinates":[[[10.197850480019438,53.47661213998546],[10.197850480019438,53.48560534362271],[10.206843683656684,53.48560534362271],[10.206843683656684,53.47661213998546],[10.197850480019438,53.47661213998546]]]}},{"type":"Feature","properties":{"jobs":200,"pop":400,"pointCount":4,"homeWorkCommuteMedian":25848,"workHomeCommuteMedian":23723},"geometry":{"type":"Polygon","coordinates":[[[10.197850480019438,53.48560534362271],[10.197850480019438,53.494598547259955],[10.206843683656684,53.494598547259955],[10.206843683656684,53.48560534362271],[10.197850480019438,53.48560534362271]]]}},{"type":"Feature","properties":{"jobs":2300,"pop":2150,"pointCount":15,"homeWorkCommuteMedian":20543,"workHomeCommuteMedian":21382},"geometry":{"type":"Polygon","coordinates":[[[10.197850480019438,53.494598547259955],[10.197850480019438,53.5035917508972],[10.206843683656684,53.5035917508972],[10.206843683656684,53.494598547259955],[10.197850480019438,53.494598547259955]]]}},{"type":"Feature","properties":{"jobs":400,"pop":1000,"pointCount":8,"homeWorkCommuteMedian":25993,"workHomeCommuteMedian":20277},"geometry":{"type":"Polygon","coordinates":[[[10.197850480019438,53.5035917508972],[10.197850480019438,53.51258495453445],[10.206843683656684,53.51258495453445],[10.206843683656684,53.5035917508972],[10.197850480019438,53.5035917508972]]]}},{"type":"Feature","properties":{"jobs":0,"pop":200,"pointCount":1,"homeWorkCommuteMedian":27418,"workHomeCommuteMedian":-1},"geometry":{"type":"Polygon","coordinates":[[[10.197850480019438,53.51258495453445],[10.197850480019438,53.52157815817169],[10.206843683656684,53.52157815817169],[10.206843683656684,53.51258495453445],[10.197850480019438,53.51258495453445]]]}},{"type":"Feature","properties":{"jobs":500,"pop":950,"pointCount":9,"homeWorkCommuteMedian":23420,"workHomeCommuteMedian":26439},"geometry":{"type":"Polygon","coordinates":[[[10.197850480019438,53.539564565446184],[10.197850480019438,53.54855776908343],[10.206843683656684,53.54855776908343],[10.206843683656684,53.539564565446184],[10.197850480019438,53.539564565446184]]]}},{"type":"Feature","properties":{"jobs":200,"pop":100,"pointCount":2,"homeWorkCommuteMedian":22256,"workHomeCommuteMedian":28074},"geometry":{"type":"Polygon","coordinates":[[[10.197850480019438,53.557550972720676],[10.197850480019438,53.56654417635792],[10.206843683656684,53.56654417635792],[10.206843683656684,53.557550972720676],[10.197850480019438,53.557550972720676]]]}},{"type":"Feature","properties":{"jobs":0,"pop":100,"pointCount":1,"homeWorkCommuteMedian":26636,"workHomeCommuteMedian":-1},"geometry":{"type":"Polygon","coordinates":[[[10.197850480019438,53.647483009093136],[10.197850480019438,53.65647621273038],[10.206843683656684,53.65647621273038],[10.206843683656684,53.647483009093136],[10.197850480019438,53.647483009093136]]]}},{"type":"Feature","properties":{"jobs":100,"pop":100,"pointCount":2,"homeWorkCommuteMedian":10093,"workHomeCommuteMedian":19053},"geometry":{"type":"Polygon","coordinates":[[[10.197850480019438,53.65647621273038],[10.197850480019438,53.66546941636763],[10.206843683656684,53.66546941636763],[10.206843683656684,53.65647621273038],[10.197850480019438,53.65647621273038]]]}},{"type":"Feature","properties":{"jobs":100,"pop":0,"pointCount":1,"homeWorkCommuteMedian":-1,"workHomeCommuteMedian":28496},"geometry":{"type":"Polygon","coordinates":[[[10.197850480019438,53.674462620004874],[10.197850480019438,53.68345582364212],[10.206843683656684,53.68345582364212],[10.206843683656684,53.674462620004874],[10.197850480019438,53.674462620004874]]]}},{"type":"Feature","properties":{"jobs":0,"pop":400,"pointCount":3,"homeWorkCommuteMedian":33882,"workHomeCommuteMedian":-1},"geometry":{"type":"Polygon","coordinates":[[[10.197850480019438,53.70144223091661],[10.197850480019438,53.71043543455386],[10.206843683656684,53.71043543455386],[10.206843683656684,53.70144223091661],[10.197850480019438,53.70144223091661]]]}},{"type":"Feature","properties":{"jobs":0,"pop":100,"pointCount":1,"homeWorkCommuteMedian":24058,"workHomeCommuteMedian":-1},"geometry":{"type":"Polygon","coordinates":[[[10.197850480019438,53.809360674563564],[10.197850480019438,53.81835387820081],[10.206843683656684,53.81835387820081],[10.206843683656684,53.809360674563564],[10.197850480019438,53.809360674563564]]]}},{"type":"Feature","properties":{"jobs":200,"pop":0,"pointCount":1,"homeWorkCommuteMedian":-1,"workHomeCommuteMedian":54739},"geometry":{"type":"Polygon","coordinates":[[[10.197850480019438,53.872313100024286],[10.197850480019438,53.88130630366153],[10.206843683656684,53.88130630366153],[10.206843683656684,53.872313100024286],[10.197850480019438,53.872313100024286]]]}},{"type":"Feature","properties":{"jobs":600,"pop":1050,"pointCount":11,"homeWorkCommuteMedian":38365,"workHomeCommuteMedian":52451},"geometry":{"type":"Polygon","coordinates":[[[10.206843683656684,53.35070728906402],[10.206843683656684,53.359700492701265],[10.21583688729393,53.359700492701265],[10.21583688729393,53.35070728906402],[10.206843683656684,53.35070728906402]]]}},{"type":"Feature","properties":{"jobs":1900,"pop":1200,"pointCount":16,"homeWorkCommuteMedian":39847,"workHomeCommuteMedian":42144},"geometry":{"type":"Polygon","coordinates":[[[10.206843683656684,53.359700492701265],[10.206843683656684,53.36869369633851],[10.21583688729393,53.36869369633851],[10.21583688729393,53.359700492701265],[10.206843683656684,53.359700492701265]]]}},{"type":"Feature","properties":{"jobs":0,"pop":100,"pointCount":1,"homeWorkCommuteMedian":39923,"workHomeCommuteMedian":-1},"geometry":{"type":"Polygon","coordinates":[[[10.206843683656684,53.386680103613],[10.206843683656684,53.39567330725025],[10.21583688729393,53.39567330725025],[10.21583688729393,53.386680103613],[10.206843683656684,53.386680103613]]]}},{"type":"Feature","properties":{"jobs":0,"pop":100,"pointCount":1,"homeWorkCommuteMedian":41127,"workHomeCommuteMedian":-1},"geometry":{"type":"Polygon","coordinates":[[[10.206843683656684,53.39567330725025],[10.206843683656684,53.404666510887495],[10.21583688729393,53.404666510887495],[10.21583688729393,53.39567330725025],[10.206843683656684,53.39567330725025]]]}},{"type":"Feature","properties":{"jobs":0,"pop":100,"pointCount":1,"homeWorkCommuteMedian":25860,"workHomeCommuteMedian":-1},"geometry":{"type":"Polygon","coordinates":[[[10.206843683656684,53.449632529073725],[10.206843683656684,53.45862573271097],[10.21583688729393,53.45862573271097],[10.21583688729393,53.449632529073725],[10.206843683656684,53.449632529073725]]]}},{"type":"Feature","properties":{"jobs":0,"pop":100,"pointCount":1,"homeWorkCommuteMedian":19496,"workHomeCommuteMedian":-1},"geometry":{"type":"Polygon","coordinates":[[[10.206843683656684,53.45862573271097],[10.206843683656684,53.46761893634822],[10.21583688729393,53.46761893634822],[10.21583688729393,53.45862573271097],[10.206843683656684,53.45862573271097]]]}},{"type":"Feature","properties":{"jobs":1900,"pop":1000,"pointCount":11,"homeWorkCommuteMedian":24807,"workHomeCommuteMedian":21728},"geometry":{"type":"Polygon","coordinates":[[[10.206843683656684,53.47661213998546],[10.206843683656684,53.48560534362271],[10.21583688729393,53.48560534362271],[10.21583688729393,53.47661213998546],[10.206843683656684,53.47661213998546]]]}},{"type":"Feature","properties":{"jobs":18900,"pop":1200,"pointCount":16,"homeWorkCommuteMedian":20825,"workHomeCommuteMedian":22095},"geometry":{"type":"Polygon","coordinates":[[[10.206843683656684,53.48560534362271],[10.206843683656684,53.494598547259955],[10.21583688729393,53.494598547259955],[10.21583688729393,53.48560534362271],[10.206843683656684,53.48560534362271]]]}},{"type":"Feature","properties":{"jobs":2600,"pop":1000,"pointCount":10,"homeWorkCommuteMedian":18772,"workHomeCommuteMedian":23610},"geometry":{"type":"Polygon","coordinates":[[[10.206843683656684,53.494598547259955],[10.206843683656684,53.5035917508972],[10.21583688729393,53.5035917508972],[10.21583688729393,53.494598547259955],[10.206843683656684,53.494598547259955]]]}},{"type":"Feature","properties":{"jobs":500,"pop":1150,"pointCount":11,"homeWorkCommuteMedian":22838,"workHomeCommuteMedian":19730},"geometry":{"type":"Polygon","coordinates":[[[10.206843683656684,53.5035917508972],[10.206843683656684,53.51258495453445],[10.21583688729393,53.51258495453445],[10.21583688729393,53.5035917508972],[10.206843683656684,53.5035917508972]]]}},{"type":"Feature","properties":{"jobs":1100,"pop":200,"pointCount":3,"homeWorkCommuteMedian":21202,"workHomeCommuteMedian":19397},"geometry":{"type":"Polygon","coordinates":[[[10.206843683656684,53.51258495453445],[10.206843683656684,53.52157815817169],[10.21583688729393,53.52157815817169],[10.21583688729393,53.51258495453445],[10.206843683656684,53.51258495453445]]]}},{"type":"Feature","properties":{"jobs":0,"pop":100,"pointCount":1,"homeWorkCommuteMedian":17174,"workHomeCommuteMedian":-1},"geometry":{"type":"Polygon","coordinates":[[[10.206843683656684,53.53057136180894],[10.206843683656684,53.539564565446184],[10.21583688729393,53.539564565446184],[10.21583688729393,53.53057136180894],[10.206843683656684,53.53057136180894]]]}},{"type":"Feature","properties":{"jobs":5300,"pop":1150,"pointCount":13,"homeWorkCommuteMedian":20755,"workHomeCommuteMedian":21001},"geometry":{"type":"Polygon","coordinates":[[[10.206843683656684,53.539564565446184],[10.206843683656684,53.54855776908343],[10.21583688729393,53.54855776908343],[10.21583688729393,53.539564565446184],[10.206843683656684,53.539564565446184]]]}},{"type":"Feature","properties":{"jobs":0,"pop":300,"pointCount":3,"homeWorkCommuteMedian":25375,"workHomeCommuteMedian":-1},"geometry":{"type":"Polygon","coordinates":[[[10.206843683656684,53.54855776908343],[10.206843683656684,53.557550972720676],[10.21583688729393,53.557550972720676],[10.21583688729393,53.54855776908343],[10.206843683656684,53.54855776908343]]]}},{"type":"Feature","properties":{"jobs":0,"pop":300,"pointCount":2,"homeWorkCommuteMedian":27891,"workHomeCommuteMedian":-1},"geometry":{"type":"Polygon","coordinates":[[[10.206843683656684,53.557550972720676],[10.206843683656684,53.56654417635792],[10.21583688729393,53.56654417635792],[10.21583688729393,53.557550972720676],[10.206843683656684,53.557550972720676]]]}},{"type":"Feature","properties":{"jobs":0,"pop":300,"pointCount":2,"homeWorkCommuteMedian":29958,"workHomeCommuteMedian":-1},"geometry":{"type":"Polygon","coordinates":[[[10.206843683656684,53.59352378726966],[10.206843683656684,53.602516990906906],[10.21583688729393,53.602516990906906],[10.21583688729393,53.59352378726966],[10.206843683656684,53.59352378726966]]]}},{"type":"Feature","properties":{"jobs":0,"pop":200,"pointCount":1,"homeWorkCommuteMedian":18824,"workHomeCommuteMedian":-1},"geometry":{"type":"Polygon","coordinates":[[[10.206843683656684,53.629496601818644],[10.206843683656684,53.63848980545589],[10.21583688729393,53.63848980545589],[10.21583688729393,53.629496601818644],[10.206843683656684,53.629496601818644]]]}},{"type":"Feature","properties":{"jobs":0,"pop":300,"pointCount":2,"homeWorkCommuteMedian":26032,"workHomeCommuteMedian":-1},"geometry":{"type":"Polygon","coordinates":[[[10.206843683656684,53.63848980545589],[10.206843683656684,53.647483009093136],[10.21583688729393,53.647483009093136],[10.21583688729393,53.63848980545589],[10.206843683656684,53.63848980545589]]]}},{"type":"Feature","properties":{"jobs":0,"pop":300,"pointCount":3,"homeWorkCommuteMedian":11483,"workHomeCommuteMedian":-1},"geometry":{"type":"Polygon","coordinates":[[[10.206843683656684,53.65647621273038],[10.206843683656684,53.66546941636763],[10.21583688729393,53.66546941636763],[10.21583688729393,53.65647621273038],[10.206843683656684,53.65647621273038]]]}},{"type":"Feature","properties":{"jobs":100,"pop":300,"pointCount":4,"homeWorkCommuteMedian":21723,"workHomeCommuteMedian":19871},"geometry":{"type":"Polygon","coordinates":[[[10.206843683656684,53.66546941636763],[10.206843683656684,53.674462620004874],[10.21583688729393,53.674462620004874],[10.21583688729393,53.66546941636763],[10.206843683656684,53.66546941636763]]]}},{"type":"Feature","properties":{"jobs":0,"pop":400,"pointCount":3,"homeWorkCommuteMedian":29547,"workHomeCommuteMedian":-1},"geometry":{"type":"Polygon","coordinates":[[[10.206843683656684,53.674462620004874],[10.206843683656684,53.68345582364212],[10.21583688729393,53.68345582364212],[10.21583688729393,53.674462620004874],[10.206843683656684,53.674462620004874]]]}},{"type":"Feature","properties":{"jobs":0,"pop":100,"pointCount":1,"homeWorkCommuteMedian":35321,"workHomeCommuteMedian":-1},"geometry":{"type":"Polygon","coordinates":[[[10.206843683656684,53.692449027279366],[10.206843683656684,53.70144223091661],[10.21583688729393,53.70144223091661],[10.21583688729393,53.692449027279366],[10.206843683656684,53.692449027279366]]]}},{"type":"Feature","properties":{"jobs":1100,"pop":100,"pointCount":5,"homeWorkCommuteMedian":33820,"workHomeCommuteMedian":28212},"geometry":{"type":"Polygon","coordinates":[[[10.206843683656684,53.70144223091661],[10.206843683656684,53.71043543455386],[10.21583688729393,53.71043543455386],[10.21583688729393,53.70144223091661],[10.206843683656684,53.70144223091661]]]}},{"type":"Feature","properties":{"jobs":0,"pop":100,"pointCount":1,"homeWorkCommuteMedian":17253,"workHomeCommuteMedian":-1},"geometry":{"type":"Polygon","coordinates":[[[10.206843683656684,53.737415045465596],[10.206843683656684,53.74640824910284],[10.21583688729393,53.74640824910284],[10.21583688729393,53.737415045465596],[10.206843683656684,53.737415045465596]]]}},{"type":"Feature","properties":{"jobs":0,"pop":100,"pointCount":1,"homeWorkCommuteMedian":24921,"workHomeCommuteMedian":-1},"geometry":{"type":"Polygon","coordinates":[[[10.206843683656684,53.74640824910284],[10.206843683656684,53.75540145274009],[10.21583688729393,53.75540145274009],[10.21583688729393,53.74640824910284],[10.206843683656684,53.74640824910284]]]}},{"type":"Feature","properties":{"jobs":1000,"pop":1000,"pointCount":10,"homeWorkCommuteMedian":40620,"workHomeCommuteMedian":41534},"geometry":{"type":"Polygon","coordinates":[[[10.21583688729393,53.35070728906402],[10.21583688729393,53.359700492701265],[10.224830090931176,53.359700492701265],[10.224830090931176,53.35070728906402],[10.21583688729393,53.35070728906402]]]}},{"type":"Feature","properties":{"jobs":200,"pop":700,"pointCount":7,"homeWorkCommuteMedian":38738,"workHomeCommuteMedian":34777},"geometry":{"type":"Polygon","coordinates":[[[10.21583688729393,53.359700492701265],[10.21583688729393,53.36869369633851],[10.224830090931176,53.36869369633851],[10.224830090931176,53.359700492701265],[10.21583688729393,53.359700492701265]]]}},{"type":"Feature","properties":{"jobs":100,"pop":0,"pointCount":1,"homeWorkCommuteMedian":-1,"workHomeCommuteMedian":31787},"geometry":{"type":"Polygon","coordinates":[[[10.21583688729393,53.404666510887495],[10.21583688729393,53.41365971452474],[10.224830090931176,53.41365971452474],[10.224830090931176,53.404666510887495],[10.21583688729393,53.404666510887495]]]}},{"type":"Feature","properties":{"jobs":500,"pop":100,"pointCount":4,"homeWorkCommuteMedian":37827,"workHomeCommuteMedian":28302},"geometry":{"type":"Polygon","coordinates":[[[10.21583688729393,53.44063932543648],[10.21583688729393,53.449632529073725],[10.224830090931176,53.449632529073725],[10.224830090931176,53.44063932543648],[10.21583688729393,53.44063932543648]]]}},{"type":"Feature","properties":{"jobs":100,"pop":200,"pointCount":3,"homeWorkCommuteMedian":70260,"workHomeCommuteMedian":18414},"geometry":{"type":"Polygon","coordinates":[[[10.21583688729393,53.449632529073725],[10.21583688729393,53.45862573271097],[10.224830090931176,53.45862573271097],[10.224830090931176,53.449632529073725],[10.21583688729393,53.449632529073725]]]}},{"type":"Feature","properties":{"jobs":100,"pop":100,"pointCount":2,"homeWorkCommuteMedian":56270,"workHomeCommuteMedian":30791},"geometry":{"type":"Polygon","coordinates":[[[10.21583688729393,53.45862573271097],[10.21583688729393,53.46761893634822],[10.224830090931176,53.46761893634822],[10.224830090931176,53.45862573271097],[10.21583688729393,53.45862573271097]]]}},{"type":"Feature","properties":{"jobs":700,"pop":700,"pointCount":8,"homeWorkCommuteMedian":19455,"workHomeCommuteMedian":24251},"geometry":{"type":"Polygon","coordinates":[[[10.21583688729393,53.47661213998546],[10.21583688729393,53.48560534362271],[10.224830090931176,53.48560534362271],[10.224830090931176,53.47661213998546],[10.21583688729393,53.47661213998546]]]}},{"type":"Feature","properties":{"jobs":200,"pop":800,"pointCount":8,"homeWorkCommuteMedian":22594,"workHomeCommuteMedian":25167},"geometry":{"type":"Polygon","coordinates":[[[10.21583688729393,53.48560534362271],[10.21583688729393,53.494598547259955],[10.224830090931176,53.494598547259955],[10.224830090931176,53.48560534362271],[10.21583688729393,53.48560534362271]]]}},{"type":"Feature","properties":{"jobs":0,"pop":1100,"pointCount":5,"homeWorkCommuteMedian":18284,"workHomeCommuteMedian":-1},"geometry":{"type":"Polygon","coordinates":[[[10.21583688729393,53.494598547259955],[10.21583688729393,53.5035917508972],[10.224830090931176,53.5035917508972],[10.224830090931176,53.494598547259955],[10.21583688729393,53.494598547259955]]]}},{"type":"Feature","properties":{"jobs":0,"pop":300,"pointCount":3,"homeWorkCommuteMedian":20519,"workHomeCommuteMedian":-1},"geometry":{"type":"Polygon","coordinates":[[[10.21583688729393,53.5035917508972],[10.21583688729393,53.51258495453445],[10.224830090931176,53.51258495453445],[10.224830090931176,53.5035917508972],[10.21583688729393,53.5035917508972]]]}},{"type":"Feature","properties":{"jobs":200,"pop":200,"pointCount":2,"homeWorkCommuteMedian":24471,"workHomeCommuteMedian":17309},"geometry":{"type":"Polygon","coordinates":[[[10.21583688729393,53.52157815817169],[10.21583688729393,53.53057136180894],[10.224830090931176,53.53057136180894],[10.224830090931176,53.52157815817169],[10.21583688729393,53.52157815817169]]]}},{"type":"Feature","properties":{"jobs":100,"pop":400,"pointCount":5,"homeWorkCommuteMedian":24314,"workHomeCommuteMedian":22824},"geometry":{"type":"Polygon","coordinates":[[[10.21583688729393,53.53057136180894],[10.21583688729393,53.539564565446184],[10.224830090931176,53.539564565446184],[10.224830090931176,53.53057136180894],[10.21583688729393,53.53057136180894]]]}},{"type":"Feature","properties":{"jobs":100,"pop":700,"pointCount":5,"homeWorkCommuteMedian":24179,"workHomeCommuteMedian":56596},"geometry":{"type":"Polygon","coordinates":[[[10.21583688729393,53.539564565446184],[10.21583688729393,53.54855776908343],[10.224830090931176,53.54855776908343],[10.224830090931176,53.539564565446184],[10.21583688729393,53.539564565446184]]]}},{"type":"Feature","properties":{"jobs":0,"pop":500,"pointCount":4,"homeWorkCommuteMedian":25736,"workHomeCommuteMedian":-1},"geometry":{"type":"Polygon","coordinates":[[[10.21583688729393,53.54855776908343],[10.21583688729393,53.557550972720676],[10.224830090931176,53.557550972720676],[10.224830090931176,53.54855776908343],[10.21583688729393,53.54855776908343]]]}},{"type":"Feature","properties":{"jobs":0,"pop":100,"pointCount":1,"homeWorkCommuteMedian":34340,"workHomeCommuteMedian":-1},"geometry":{"type":"Polygon","coordinates":[[[10.21583688729393,53.59352378726966],[10.21583688729393,53.602516990906906],[10.224830090931176,53.602516990906906],[10.224830090931176,53.59352378726966],[10.21583688729393,53.59352378726966]]]}},{"type":"Feature","properties":{"jobs":500,"pop":100,"pointCount":3,"homeWorkCommuteMedian":41501,"workHomeCommuteMedian":21817},"geometry":{"type":"Polygon","coordinates":[[[10.21583688729393,53.602516990906906],[10.21583688729393,53.61151019454415],[10.224830090931176,53.61151019454415],[10.224830090931176,53.602516990906906],[10.21583688729393,53.602516990906906]]]}},{"type":"Feature","properties":{"jobs":0,"pop":400,"pointCount":3,"homeWorkCommuteMedian":23889,"workHomeCommuteMedian":-1},"geometry":{"type":"Polygon","coordinates":[[[10.21583688729393,53.63848980545589],[10.21583688729393,53.647483009093136],[10.224830090931176,53.647483009093136],[10.224830090931176,53.63848980545589],[10.21583688729393,53.63848980545589]]]}},{"type":"Feature","properties":{"jobs":100,"pop":100,"pointCount":2,"homeWorkCommuteMedian":12989,"workHomeCommuteMedian":14400},"geometry":{"type":"Polygon","coordinates":[[[10.21583688729393,53.65647621273038],[10.21583688729393,53.66546941636763],[10.224830090931176,53.66546941636763],[10.224830090931176,53.65647621273038],[10.21583688729393,53.65647621273038]]]}},{"type":"Feature","properties":{"jobs":100,"pop":300,"pointCount":4,"homeWorkCommuteMedian":41106,"workHomeCommuteMedian":32417},"geometry":{"type":"Polygon","coordinates":[[[10.21583688729393,53.66546941636763],[10.21583688729393,53.674462620004874],[10.224830090931176,53.674462620004874],[10.224830090931176,53.66546941636763],[10.21583688729393,53.66546941636763]]]}},{"type":"Feature","properties":{"jobs":0,"pop":500,"pointCount":4,"homeWorkCommuteMedian":29937,"workHomeCommuteMedian":-1},"geometry":{"type":"Polygon","coordinates":[[[10.21583688729393,53.674462620004874],[10.21583688729393,53.68345582364212],[10.224830090931176,53.68345582364212],[10.224830090931176,53.674462620004874],[10.21583688729393,53.674462620004874]]]}},{"type":"Feature","properties":{"jobs":0,"pop":100,"pointCount":1,"homeWorkCommuteMedian":23416,"workHomeCommuteMedian":-1},"geometry":{"type":"Polygon","coordinates":[[[10.21583688729393,53.692449027279366],[10.21583688729393,53.70144223091661],[10.224830090931176,53.70144223091661],[10.224830090931176,53.692449027279366],[10.21583688729393,53.692449027279366]]]}},{"type":"Feature","properties":{"jobs":0,"pop":600,"pointCount":3,"homeWorkCommuteMedian":31750,"workHomeCommuteMedian":-1},"geometry":{"type":"Polygon","coordinates":[[[10.21583688729393,53.70144223091661],[10.21583688729393,53.71043543455386],[10.224830090931176,53.71043543455386],[10.224830090931176,53.70144223091661],[10.21583688729393,53.70144223091661]]]}},{"type":"Feature","properties":{"jobs":0,"pop":300,"pointCount":2,"homeWorkCommuteMedian":19002,"workHomeCommuteMedian":-1},"geometry":{"type":"Polygon","coordinates":[[[10.21583688729393,53.71043543455386],[10.21583688729393,53.719428638191104],[10.224830090931176,53.719428638191104],[10.224830090931176,53.71043543455386],[10.21583688729393,53.71043543455386]]]}},{"type":"Feature","properties":{"jobs":200,"pop":0,"pointCount":1,"homeWorkCommuteMedian":-1,"workHomeCommuteMedian":30808},"geometry":{"type":"Polygon","coordinates":[[[10.21583688729393,53.737415045465596],[10.21583688729393,53.74640824910284],[10.224830090931176,53.74640824910284],[10.224830090931176,53.737415045465596],[10.21583688729393,53.737415045465596]]]}},{"type":"Feature","properties":{"jobs":0,"pop":100,"pointCount":1,"homeWorkCommuteMedian":57099,"workHomeCommuteMedian":-1},"geometry":{"type":"Polygon","coordinates":[[[10.21583688729393,53.80036747092632],[10.21583688729393,53.809360674563564],[10.224830090931176,53.809360674563564],[10.224830090931176,53.80036747092632],[10.21583688729393,53.80036747092632]]]}},{"type":"Feature","properties":{"jobs":200,"pop":300,"pointCount":5,"homeWorkCommuteMedian":39783,"workHomeCommuteMedian":25800},"geometry":{"type":"Polygon","coordinates":[[[10.224830090931176,53.35070728906402],[10.224830090931176,53.359700492701265],[10.233823294568422,53.359700492701265],[10.233823294568422,53.35070728906402],[10.224830090931176,53.35070728906402]]]}},{"type":"Feature","properties":{"jobs":0,"pop":300,"pointCount":3,"homeWorkCommuteMedian":30261,"workHomeCommuteMedian":-1},"geometry":{"type":"Polygon","coordinates":[[[10.224830090931176,53.359700492701265],[10.224830090931176,53.36869369633851],[10.233823294568422,53.36869369633851],[10.233823294568422,53.359700492701265],[10.224830090931176,53.359700492701265]]]}},{"type":"Feature","properties":{"jobs":1300,"pop":400,"pointCount":7,"homeWorkCommuteMedian":28331,"workHomeCommuteMedian":40422},"geometry":{"type":"Polygon","coordinates":[[[10.224830090931176,53.36869369633851],[10.224830090931176,53.37768689997576],[10.233823294568422,53.37768689997576],[10.233823294568422,53.36869369633851],[10.224830090931176,53.36869369633851]]]}},{"type":"Feature","properties":{"jobs":200,"pop":400,"pointCount":5,"homeWorkCommuteMedian":45117,"workHomeCommuteMedian":49979},"geometry":{"type":"Polygon","coordinates":[[[10.224830090931176,53.386680103613],[10.224830090931176,53.39567330725025],[10.233823294568422,53.39567330725025],[10.233823294568422,53.386680103613],[10.224830090931176,53.386680103613]]]}},{"type":"Feature","properties":{"jobs":0,"pop":100,"pointCount":1,"homeWorkCommuteMedian":37314,"workHomeCommuteMedian":-1},"geometry":{"type":"Polygon","coordinates":[[[10.224830090931176,53.39567330725025],[10.224830090931176,53.404666510887495],[10.233823294568422,53.404666510887495],[10.233823294568422,53.39567330725025],[10.224830090931176,53.39567330725025]]]}},{"type":"Feature","properties":{"jobs":0,"pop":100,"pointCount":1,"homeWorkCommuteMedian":31246,"workHomeCommuteMedian":-1},"geometry":{"type":"Polygon","coordinates":[[[10.224830090931176,53.41365971452474],[10.224830090931176,53.42265291816199],[10.233823294568422,53.42265291816199],[10.233823294568422,53.41365971452474],[10.224830090931176,53.41365971452474]]]}},{"type":"Feature","properties":{"jobs":0,"pop":200,"pointCount":2,"homeWorkCommuteMedian":26429,"workHomeCommuteMedian":-1},"geometry":{"type":"Polygon","coordinates":[[[10.224830090931176,53.43164612179923],[10.224830090931176,53.44063932543648],[10.233823294568422,53.44063932543648],[10.233823294568422,53.43164612179923],[10.224830090931176,53.43164612179923]]]}},{"type":"Feature","properties":{"jobs":1400,"pop":100,"pointCount":4,"homeWorkCommuteMedian":13816,"workHomeCommuteMedian":35162},"geometry":{"type":"Polygon","coordinates":[[[10.224830090931176,53.44063932543648],[10.224830090931176,53.449632529073725],[10.233823294568422,53.449632529073725],[10.233823294568422,53.44063932543648],[10.224830090931176,53.44063932543648]]]}},{"type":"Feature","properties":{"jobs":0,"pop":300,"pointCount":3,"homeWorkCommuteMedian":24560,"workHomeCommuteMedian":-1},"geometry":{"type":"Polygon","coordinates":[[[10.224830090931176,53.449632529073725],[10.224830090931176,53.45862573271097],[10.233823294568422,53.45862573271097],[10.233823294568422,53.449632529073725],[10.224830090931176,53.449632529073725]]]}},{"type":"Feature","properties":{"jobs":0,"pop":200,"pointCount":2,"homeWorkCommuteMedian":38274,"workHomeCommuteMedian":-1},"geometry":{"type":"Polygon","coordinates":[[[10.224830090931176,53.46761893634822],[10.224830090931176,53.47661213998546],[10.233823294568422,53.47661213998546],[10.233823294568422,53.46761893634822],[10.224830090931176,53.46761893634822]]]}},{"type":"Feature","properties":{"jobs":200,"pop":1200,"pointCount":10,"homeWorkCommuteMedian":23459,"workHomeCommuteMedian":25451},"geometry":{"type":"Polygon","coordinates":[[[10.224830090931176,53.47661213998546],[10.224830090931176,53.48560534362271],[10.233823294568422,53.48560534362271],[10.233823294568422,53.47661213998546],[10.224830090931176,53.47661213998546]]]}},{"type":"Feature","properties":{"jobs":0,"pop":1100,"pointCount":7,"homeWorkCommuteMedian":25424,"workHomeCommuteMedian":-1},"geometry":{"type":"Polygon","coordinates":[[[10.224830090931176,53.48560534362271],[10.224830090931176,53.494598547259955],[10.233823294568422,53.494598547259955],[10.233823294568422,53.48560534362271],[10.224830090931176,53.48560534362271]]]}},{"type":"Feature","properties":{"jobs":0,"pop":500,"pointCount":4,"homeWorkCommuteMedian":19824,"workHomeCommuteMedian":-1},"geometry":{"type":"Polygon","coordinates":[[[10.224830090931176,53.5035917508972],[10.224830090931176,53.51258495453445],[10.233823294568422,53.51258495453445],[10.233823294568422,53.5035917508972],[10.224830090931176,53.5035917508972]]]}},{"type":"Feature","properties":{"jobs":200,"pop":200,"pointCount":3,"homeWorkCommuteMedian":26106,"workHomeCommuteMedian":32207},"geometry":{"type":"Polygon","coordinates":[[[10.224830090931176,53.51258495453445],[10.224830090931176,53.52157815817169],[10.233823294568422,53.52157815817169],[10.233823294568422,53.51258495453445],[10.224830090931176,53.51258495453445]]]}},{"type":"Feature","properties":{"jobs":1000,"pop":500,"pointCount":6,"homeWorkCommuteMedian":31923,"workHomeCommuteMedian":21993},"geometry":{"type":"Polygon","coordinates":[[[10.224830090931176,53.52157815817169],[10.224830090931176,53.53057136180894],[10.233823294568422,53.53057136180894],[10.233823294568422,53.52157815817169],[10.224830090931176,53.52157815817169]]]}},{"type":"Feature","properties":{"jobs":300,"pop":700,"pointCount":7,"homeWorkCommuteMedian":21922,"workHomeCommuteMedian":27090},"geometry":{"type":"Polygon","coordinates":[[[10.224830090931176,53.53057136180894],[10.224830090931176,53.539564565446184],[10.233823294568422,53.539564565446184],[10.233823294568422,53.53057136180894],[10.224830090931176,53.53057136180894]]]}},{"type":"Feature","properties":{"jobs":1200,"pop":1350,"pointCount":11,"homeWorkCommuteMedian":25013,"workHomeCommuteMedian":16985},"geometry":{"type":"Polygon","coordinates":[[[10.224830090931176,53.539564565446184],[10.224830090931176,53.54855776908343],[10.233823294568422,53.54855776908343],[10.233823294568422,53.539564565446184],[10.224830090931176,53.539564565446184]]]}},{"type":"Feature","properties":{"jobs":200,"pop":100,"pointCount":2,"homeWorkCommuteMedian":19284,"workHomeCommuteMedian":24825},"geometry":{"type":"Polygon","coordinates":[[[10.224830090931176,53.54855776908343],[10.224830090931176,53.557550972720676],[10.233823294568422,53.557550972720676],[10.233823294568422,53.54855776908343],[10.224830090931176,53.54855776908343]]]}},{"type":"Feature","properties":{"jobs":300,"pop":0,"pointCount":1,"homeWorkCommuteMedian":-1,"workHomeCommuteMedian":17866},"geometry":{"type":"Polygon","coordinates":[[[10.224830090931176,53.56654417635792],[10.224830090931176,53.57553737999517],[10.233823294568422,53.57553737999517],[10.233823294568422,53.56654417635792],[10.224830090931176,53.56654417635792]]]}},{"type":"Feature","properties":{"jobs":0,"pop":200,"pointCount":1,"homeWorkCommuteMedian":31202,"workHomeCommuteMedian":-1},"geometry":{"type":"Polygon","coordinates":[[[10.224830090931176,53.584530583632414],[10.224830090931176,53.59352378726966],[10.233823294568422,53.59352378726966],[10.233823294568422,53.584530583632414],[10.224830090931176,53.584530583632414]]]}},{"type":"Feature","properties":{"jobs":0,"pop":100,"pointCount":1,"homeWorkCommuteMedian":57485,"workHomeCommuteMedian":-1},"geometry":{"type":"Polygon","coordinates":[[[10.224830090931176,53.59352378726966],[10.224830090931176,53.602516990906906],[10.233823294568422,53.602516990906906],[10.233823294568422,53.59352378726966],[10.224830090931176,53.59352378726966]]]}},{"type":"Feature","properties":{"jobs":200,"pop":300,"pointCount":3,"homeWorkCommuteMedian":21880,"workHomeCommuteMedian":19170},"geometry":{"type":"Polygon","coordinates":[[[10.224830090931176,53.61151019454415],[10.224830090931176,53.6205033981814],[10.233823294568422,53.6205033981814],[10.233823294568422,53.61151019454415],[10.224830090931176,53.61151019454415]]]}},{"type":"Feature","properties":{"jobs":0,"pop":100,"pointCount":1,"homeWorkCommuteMedian":23698,"workHomeCommuteMedian":-1},"geometry":{"type":"Polygon","coordinates":[[[10.224830090931176,53.6205033981814],[10.224830090931176,53.629496601818644],[10.233823294568422,53.629496601818644],[10.233823294568422,53.6205033981814],[10.224830090931176,53.6205033981814]]]}},{"type":"Feature","properties":{"jobs":0,"pop":400,"pointCount":3,"homeWorkCommuteMedian":25312,"workHomeCommuteMedian":-1},"geometry":{"type":"Polygon","coordinates":[[[10.224830090931176,53.647483009093136],[10.224830090931176,53.65647621273038],[10.233823294568422,53.65647621273038],[10.233823294568422,53.647483009093136],[10.224830090931176,53.647483009093136]]]}},{"type":"Feature","properties":{"jobs":700,"pop":300,"pointCount":6,"homeWorkCommuteMedian":13470,"workHomeCommuteMedian":32145},"geometry":{"type":"Polygon","coordinates":[[[10.224830090931176,53.65647621273038],[10.224830090931176,53.66546941636763],[10.233823294568422,53.66546941636763],[10.233823294568422,53.65647621273038],[10.224830090931176,53.65647621273038]]]}},{"type":"Feature","properties":{"jobs":300,"pop":900,"pointCount":8,"homeWorkCommuteMedian":31992,"workHomeCommuteMedian":19315},"geometry":{"type":"Polygon","coordinates":[[[10.224830090931176,53.66546941636763],[10.224830090931176,53.674462620004874],[10.233823294568422,53.674462620004874],[10.233823294568422,53.66546941636763],[10.224830090931176,53.66546941636763]]]}},{"type":"Feature","properties":{"jobs":0,"pop":1050,"pointCount":5,"homeWorkCommuteMedian":13611,"workHomeCommuteMedian":-1},"geometry":{"type":"Polygon","coordinates":[[[10.224830090931176,53.674462620004874],[10.224830090931176,53.68345582364212],[10.233823294568422,53.68345582364212],[10.233823294568422,53.674462620004874],[10.224830090931176,53.674462620004874]]]}},{"type":"Feature","properties":{"jobs":0,"pop":300,"pointCount":3,"homeWorkCommuteMedian":26324,"workHomeCommuteMedian":-1},"geometry":{"type":"Polygon","coordinates":[[[10.224830090931176,53.68345582364212],[10.224830090931176,53.692449027279366],[10.233823294568422,53.692449027279366],[10.233823294568422,53.68345582364212],[10.224830090931176,53.68345582364212]]]}},{"type":"Feature","properties":{"jobs":0,"pop":100,"pointCount":1,"homeWorkCommuteMedian":39018,"workHomeCommuteMedian":-1},"geometry":{"type":"Polygon","coordinates":[[[10.224830090931176,53.692449027279366],[10.224830090931176,53.70144223091661],[10.233823294568422,53.70144223091661],[10.233823294568422,53.692449027279366],[10.224830090931176,53.692449027279366]]]}},{"type":"Feature","properties":{"jobs":400,"pop":300,"pointCount":4,"homeWorkCommuteMedian":19786,"workHomeCommuteMedian":24085},"geometry":{"type":"Polygon","coordinates":[[[10.224830090931176,53.70144223091661],[10.224830090931176,53.71043543455386],[10.233823294568422,53.71043543455386],[10.233823294568422,53.70144223091661],[10.224830090931176,53.70144223091661]]]}},{"type":"Feature","properties":{"jobs":0,"pop":100,"pointCount":1,"homeWorkCommuteMedian":37701,"workHomeCommuteMedian":-1},"geometry":{"type":"Polygon","coordinates":[[[10.224830090931176,53.737415045465596],[10.224830090931176,53.74640824910284],[10.233823294568422,53.74640824910284],[10.233823294568422,53.737415045465596],[10.224830090931176,53.737415045465596]]]}},{"type":"Feature","properties":{"jobs":500,"pop":300,"pointCount":5,"homeWorkCommuteMedian":40425,"workHomeCommuteMedian":40662},"geometry":{"type":"Polygon","coordinates":[[[10.224830090931176,53.79137426728907],[10.224830090931176,53.80036747092632],[10.233823294568422,53.80036747092632],[10.233823294568422,53.79137426728907],[10.224830090931176,53.79137426728907]]]}},{"type":"Feature","properties":{"jobs":400,"pop":100,"pointCount":3,"homeWorkCommuteMedian":46971,"workHomeCommuteMedian":52625},"geometry":{"type":"Polygon","coordinates":[[[10.224830090931176,53.80036747092632],[10.224830090931176,53.809360674563564],[10.233823294568422,53.809360674563564],[10.233823294568422,53.80036747092632],[10.224830090931176,53.80036747092632]]]}},{"type":"Feature","properties":{"jobs":0,"pop":100,"pointCount":1,"homeWorkCommuteMedian":42550,"workHomeCommuteMedian":-1},"geometry":{"type":"Polygon","coordinates":[[[10.233823294568422,53.35070728906402],[10.233823294568422,53.359700492701265],[10.242816498205668,53.359700492701265],[10.242816498205668,53.35070728906402],[10.233823294568422,53.35070728906402]]]}},{"type":"Feature","properties":{"jobs":500,"pop":550,"pointCount":3,"homeWorkCommuteMedian":40681,"workHomeCommuteMedian":28926},"geometry":{"type":"Polygon","coordinates":[[[10.233823294568422,53.36869369633851],[10.233823294568422,53.37768689997576],[10.242816498205668,53.37768689997576],[10.242816498205668,53.36869369633851],[10.233823294568422,53.36869369633851]]]}},{"type":"Feature","properties":{"jobs":0,"pop":100,"pointCount":1,"homeWorkCommuteMedian":31485,"workHomeCommuteMedian":-1},"geometry":{"type":"Polygon","coordinates":[[[10.233823294568422,53.39567330725025],[10.233823294568422,53.404666510887495],[10.242816498205668,53.404666510887495],[10.242816498205668,53.39567330725025],[10.233823294568422,53.39567330725025]]]}},{"type":"Feature","properties":{"jobs":0,"pop":100,"pointCount":1,"homeWorkCommuteMedian":30019,"workHomeCommuteMedian":-1},"geometry":{"type":"Polygon","coordinates":[[[10.233823294568422,53.404666510887495],[10.233823294568422,53.41365971452474],[10.242816498205668,53.41365971452474],[10.242816498205668,53.404666510887495],[10.233823294568422,53.404666510887495]]]}},{"type":"Feature","properties":{"jobs":0,"pop":100,"pointCount":1,"homeWorkCommuteMedian":65330,"workHomeCommuteMedian":-1},"geometry":{"type":"Polygon","coordinates":[[[10.233823294568422,53.42265291816199],[10.233823294568422,53.43164612179923],[10.242816498205668,53.43164612179923],[10.242816498205668,53.42265291816199],[10.233823294568422,53.42265291816199]]]}},{"type":"Feature","properties":{"jobs":0,"pop":100,"pointCount":1,"homeWorkCommuteMedian":25521,"workHomeCommuteMedian":-1},"geometry":{"type":"Polygon","coordinates":[[[10.233823294568422,53.43164612179923],[10.233823294568422,53.44063932543648],[10.242816498205668,53.44063932543648],[10.242816498205668,53.43164612179923],[10.233823294568422,53.43164612179923]]]}},{"type":"Feature","properties":{"jobs":0,"pop":100,"pointCount":1,"homeWorkCommuteMedian":44769,"workHomeCommuteMedian":-1},"geometry":{"type":"Polygon","coordinates":[[[10.233823294568422,53.44063932543648],[10.233823294568422,53.449632529073725],[10.242816498205668,53.449632529073725],[10.242816498205668,53.44063932543648],[10.233823294568422,53.44063932543648]]]}},{"type":"Feature","properties":{"jobs":0,"pop":300,"pointCount":1,"homeWorkCommuteMedian":31743,"workHomeCommuteMedian":-1},"geometry":{"type":"Polygon","coordinates":[[[10.233823294568422,53.449632529073725],[10.233823294568422,53.45862573271097],[10.242816498205668,53.45862573271097],[10.242816498205668,53.449632529073725],[10.233823294568422,53.449632529073725]]]}},{"type":"Feature","properties":{"jobs":0,"pop":100,"pointCount":1,"homeWorkCommuteMedian":42093,"workHomeCommuteMedian":-1},"geometry":{"type":"Polygon","coordinates":[[[10.233823294568422,53.46761893634822],[10.233823294568422,53.47661213998546],[10.242816498205668,53.47661213998546],[10.242816498205668,53.46761893634822],[10.233823294568422,53.46761893634822]]]}},{"type":"Feature","properties":{"jobs":100,"pop":500,"pointCount":6,"homeWorkCommuteMedian":27609,"workHomeCommuteMedian":22187},"geometry":{"type":"Polygon","coordinates":[[[10.233823294568422,53.47661213998546],[10.233823294568422,53.48560534362271],[10.242816498205668,53.48560534362271],[10.242816498205668,53.47661213998546],[10.233823294568422,53.47661213998546]]]}},{"type":"Feature","properties":{"jobs":300,"pop":500,"pointCount":6,"homeWorkCommuteMedian":20295,"workHomeCommuteMedian":34498},"geometry":{"type":"Polygon","coordinates":[[[10.233823294568422,53.48560534362271],[10.233823294568422,53.494598547259955],[10.242816498205668,53.494598547259955],[10.242816498205668,53.48560534362271],[10.233823294568422,53.48560534362271]]]}},{"type":"Feature","properties":{"jobs":0,"pop":500,"pointCount":4,"homeWorkCommuteMedian":21362,"workHomeCommuteMedian":-1},"geometry":{"type":"Polygon","coordinates":[[[10.233823294568422,53.494598547259955],[10.233823294568422,53.5035917508972],[10.242816498205668,53.5035917508972],[10.242816498205668,53.494598547259955],[10.233823294568422,53.494598547259955]]]}},{"type":"Feature","properties":{"jobs":1700,"pop":1000,"pointCount":11,"homeWorkCommuteMedian":23064,"workHomeCommuteMedian":24240},"geometry":{"type":"Polygon","coordinates":[[[10.233823294568422,53.5035917508972],[10.233823294568422,53.51258495453445],[10.242816498205668,53.51258495453445],[10.242816498205668,53.5035917508972],[10.233823294568422,53.5035917508972]]]}},{"type":"Feature","properties":{"jobs":100,"pop":200,"pointCount":3,"homeWorkCommuteMedian":44616,"workHomeCommuteMedian":37353},"geometry":{"type":"Polygon","coordinates":[[[10.233823294568422,53.51258495453445],[10.233823294568422,53.52157815817169],[10.242816498205668,53.52157815817169],[10.242816498205668,53.51258495453445],[10.233823294568422,53.51258495453445]]]}},{"type":"Feature","properties":{"jobs":700,"pop":600,"pointCount":6,"homeWorkCommuteMedian":25208,"workHomeCommuteMedian":23136},"geometry":{"type":"Polygon","coordinates":[[[10.233823294568422,53.52157815817169],[10.233823294568422,53.53057136180894],[10.242816498205668,53.53057136180894],[10.242816498205668,53.52157815817169],[10.233823294568422,53.52157815817169]]]}},{"type":"Feature","properties":{"jobs":0,"pop":200,"pointCount":2,"homeWorkCommuteMedian":25224,"workHomeCommuteMedian":-1},"geometry":{"type":"Polygon","coordinates":[[[10.233823294568422,53.53057136180894],[10.233823294568422,53.539564565446184],[10.242816498205668,53.539564565446184],[10.242816498205668,53.53057136180894],[10.233823294568422,53.53057136180894]]]}},{"type":"Feature","properties":{"jobs":200,"pop":1100,"pointCount":8,"homeWorkCommuteMedian":22283,"workHomeCommuteMedian":38890},"geometry":{"type":"Polygon","coordinates":[[[10.233823294568422,53.539564565446184],[10.233823294568422,53.54855776908343],[10.242816498205668,53.54855776908343],[10.242816498205668,53.539564565446184],[10.233823294568422,53.539564565446184]]]}},{"type":"Feature","properties":{"jobs":500,"pop":1000,"pointCount":10,"homeWorkCommuteMedian":20283,"workHomeCommuteMedian":29994},"geometry":{"type":"Polygon","coordinates":[[[10.233823294568422,53.54855776908343],[10.233823294568422,53.557550972720676],[10.242816498205668,53.557550972720676],[10.242816498205668,53.54855776908343],[10.233823294568422,53.54855776908343]]]}},{"type":"Feature","properties":{"jobs":500,"pop":500,"pointCount":5,"homeWorkCommuteMedian":47622,"workHomeCommuteMedian":17330},"geometry":{"type":"Polygon","coordinates":[[[10.233823294568422,53.56654417635792],[10.233823294568422,53.57553737999517],[10.242816498205668,53.57553737999517],[10.242816498205668,53.56654417635792],[10.233823294568422,53.56654417635792]]]}},{"type":"Feature","properties":{"jobs":0,"pop":200,"pointCount":2,"homeWorkCommuteMedian":22503,"workHomeCommuteMedian":-1},"geometry":{"type":"Polygon","coordinates":[[[10.233823294568422,53.584530583632414],[10.233823294568422,53.59352378726966],[10.242816498205668,53.59352378726966],[10.242816498205668,53.584530583632414],[10.233823294568422,53.584530583632414]]]}},{"type":"Feature","properties":{"jobs":100,"pop":0,"pointCount":1,"homeWorkCommuteMedian":-1,"workHomeCommuteMedian":32474},"geometry":{"type":"Polygon","coordinates":[[[10.233823294568422,53.59352378726966],[10.233823294568422,53.602516990906906],[10.242816498205668,53.602516990906906],[10.242816498205668,53.59352378726966],[10.233823294568422,53.59352378726966]]]}},{"type":"Feature","properties":{"jobs":200,"pop":0,"pointCount":1,"homeWorkCommuteMedian":-1,"workHomeCommuteMedian":39907},"geometry":{"type":"Polygon","coordinates":[[[10.233823294568422,53.61151019454415],[10.233823294568422,53.6205033981814],[10.242816498205668,53.6205033981814],[10.242816498205668,53.61151019454415],[10.233823294568422,53.61151019454415]]]}},{"type":"Feature","properties":{"jobs":0,"pop":100,"pointCount":1,"homeWorkCommuteMedian":23900,"workHomeCommuteMedian":-1},"geometry":{"type":"Polygon","coordinates":[[[10.233823294568422,53.63848980545589],[10.233823294568422,53.647483009093136],[10.242816498205668,53.647483009093136],[10.242816498205668,53.63848980545589],[10.233823294568422,53.63848980545589]]]}},{"type":"Feature","properties":{"jobs":0,"pop":700,"pointCount":5,"homeWorkCommuteMedian":30589,"workHomeCommuteMedian":-1},"geometry":{"type":"Polygon","coordinates":[[[10.233823294568422,53.647483009093136],[10.233823294568422,53.65647621273038],[10.242816498205668,53.65647621273038],[10.242816498205668,53.647483009093136],[10.233823294568422,53.647483009093136]]]}},{"type":"Feature","properties":{"jobs":0,"pop":1100,"pointCount":8,"homeWorkCommuteMedian":27065,"workHomeCommuteMedian":-1},"geometry":{"type":"Polygon","coordinates":[[[10.233823294568422,53.65647621273038],[10.233823294568422,53.66546941636763],[10.242816498205668,53.66546941636763],[10.242816498205668,53.65647621273038],[10.233823294568422,53.65647621273038]]]}},{"type":"Feature","properties":{"jobs":9100,"pop":600,"pointCount":10,"homeWorkCommuteMedian":24862,"workHomeCommuteMedian":27418},"geometry":{"type":"Polygon","coordinates":[[[10.233823294568422,53.66546941636763],[10.233823294568422,53.674462620004874],[10.242816498205668,53.674462620004874],[10.242816498205668,53.66546941636763],[10.233823294568422,53.66546941636763]]]}},{"type":"Feature","properties":{"jobs":4200,"pop":1200,"pointCount":15,"homeWorkCommuteMedian":11184,"workHomeCommuteMedian":27712},"geometry":{"type":"Polygon","coordinates":[[[10.233823294568422,53.674462620004874],[10.233823294568422,53.68345582364212],[10.242816498205668,53.68345582364212],[10.242816498205668,53.674462620004874],[10.233823294568422,53.674462620004874]]]}},{"type":"Feature","properties":{"jobs":200,"pop":300,"pointCount":4,"homeWorkCommuteMedian":50906,"workHomeCommuteMedian":58788},"geometry":{"type":"Polygon","coordinates":[[[10.233823294568422,53.68345582364212],[10.233823294568422,53.692449027279366],[10.242816498205668,53.692449027279366],[10.242816498205668,53.68345582364212],[10.233823294568422,53.68345582364212]]]}},{"type":"Feature","properties":{"jobs":0,"pop":200,"pointCount":2,"homeWorkCommuteMedian":28955,"workHomeCommuteMedian":-1},"geometry":{"type":"Polygon","coordinates":[[[10.233823294568422,53.692449027279366],[10.233823294568422,53.70144223091661],[10.242816498205668,53.70144223091661],[10.242816498205668,53.692449027279366],[10.233823294568422,53.692449027279366]]]}},{"type":"Feature","properties":{"jobs":0,"pop":100,"pointCount":1,"homeWorkCommuteMedian":19619,"workHomeCommuteMedian":-1},"geometry":{"type":"Polygon","coordinates":[[[10.233823294568422,53.70144223091661],[10.233823294568422,53.71043543455386],[10.242816498205668,53.71043543455386],[10.242816498205668,53.70144223091661],[10.233823294568422,53.70144223091661]]]}},{"type":"Feature","properties":{"jobs":0,"pop":100,"pointCount":1,"homeWorkCommuteMedian":26589,"workHomeCommuteMedian":-1},"geometry":{"type":"Polygon","coordinates":[[[10.233823294568422,53.71043543455386],[10.233823294568422,53.719428638191104],[10.242816498205668,53.719428638191104],[10.242816498205668,53.71043543455386],[10.233823294568422,53.71043543455386]]]}},{"type":"Feature","properties":{"jobs":0,"pop":100,"pointCount":1,"homeWorkCommuteMedian":17493,"workHomeCommuteMedian":-1},"geometry":{"type":"Polygon","coordinates":[[[10.233823294568422,53.719428638191104],[10.233823294568422,53.72842184182835],[10.242816498205668,53.72842184182835],[10.242816498205668,53.719428638191104],[10.233823294568422,53.719428638191104]]]}},{"type":"Feature","properties":{"jobs":0,"pop":100,"pointCount":1,"homeWorkCommuteMedian":24592,"workHomeCommuteMedian":-1},"geometry":{"type":"Polygon","coordinates":[[[10.233823294568422,53.764394656377334],[10.233823294568422,53.77338786001458],[10.242816498205668,53.77338786001458],[10.242816498205668,53.764394656377334],[10.233823294568422,53.764394656377334]]]}},{"type":"Feature","properties":{"jobs":0,"pop":100,"pointCount":1,"homeWorkCommuteMedian":17655,"workHomeCommuteMedian":-1},"geometry":{"type":"Polygon","coordinates":[[[10.233823294568422,53.782381063651826],[10.233823294568422,53.79137426728907],[10.242816498205668,53.79137426728907],[10.242816498205668,53.782381063651826],[10.233823294568422,53.782381063651826]]]}},{"type":"Feature","properties":{"jobs":0,"pop":100,"pointCount":1,"homeWorkCommuteMedian":73785,"workHomeCommuteMedian":-1},"geometry":{"type":"Polygon","coordinates":[[[10.233823294568422,53.79137426728907],[10.233823294568422,53.80036747092632],[10.242816498205668,53.80036747092632],[10.242816498205668,53.79137426728907],[10.233823294568422,53.79137426728907]]]}},{"type":"Feature","properties":{"jobs":0,"pop":200,"pointCount":1,"homeWorkCommuteMedian":27520,"workHomeCommuteMedian":-1},"geometry":{"type":"Polygon","coordinates":[[[10.233823294568422,53.809360674563564],[10.233823294568422,53.81835387820081],[10.242816498205668,53.81835387820081],[10.242816498205668,53.809360674563564],[10.233823294568422,53.809360674563564]]]}},{"type":"Feature","properties":{"jobs":0,"pop":100,"pointCount":1,"homeWorkCommuteMedian":48963,"workHomeCommuteMedian":-1},"geometry":{"type":"Polygon","coordinates":[[[10.233823294568422,53.84533348911255],[10.233823294568422,53.854326692749794],[10.242816498205668,53.854326692749794],[10.242816498205668,53.84533348911255],[10.233823294568422,53.84533348911255]]]}},{"type":"Feature","properties":{"jobs":100,"pop":100,"pointCount":1,"homeWorkCommuteMedian":37110,"workHomeCommuteMedian":70260},"geometry":{"type":"Polygon","coordinates":[[[10.233823294568422,53.88130630366153],[10.233823294568422,53.89029950729878],[10.242816498205668,53.89029950729878],[10.242816498205668,53.88130630366153],[10.233823294568422,53.88130630366153]]]}},{"type":"Feature","properties":{"jobs":200,"pop":200,"pointCount":4,"homeWorkCommuteMedian":45993,"workHomeCommuteMedian":59069},"geometry":{"type":"Polygon","coordinates":[[[10.233823294568422,53.89029950729878],[10.233823294568422,53.899292710936024],[10.242816498205668,53.899292710936024],[10.242816498205668,53.89029950729878],[10.233823294568422,53.89029950729878]]]}},{"type":"Feature","properties":{"jobs":300,"pop":200,"pointCount":2,"homeWorkCommuteMedian":53409,"workHomeCommuteMedian":41786},"geometry":{"type":"Polygon","coordinates":[[[10.242816498205668,53.35070728906402],[10.242816498205668,53.359700492701265],[10.251809701842914,53.359700492701265],[10.251809701842914,53.35070728906402],[10.242816498205668,53.35070728906402]]]}},{"type":"Feature","properties":{"jobs":200,"pop":0,"pointCount":1,"homeWorkCommuteMedian":-1,"workHomeCommuteMedian":25327},"geometry":{"type":"Polygon","coordinates":[[[10.242816498205668,53.37768689997576],[10.242816498205668,53.386680103613],[10.251809701842914,53.386680103613],[10.251809701842914,53.37768689997576],[10.242816498205668,53.37768689997576]]]}},{"type":"Feature","properties":{"jobs":0,"pop":100,"pointCount":1,"homeWorkCommuteMedian":27821,"workHomeCommuteMedian":-1},"geometry":{"type":"Polygon","coordinates":[[[10.242816498205668,53.43164612179923],[10.242816498205668,53.44063932543648],[10.251809701842914,53.44063932543648],[10.251809701842914,53.43164612179923],[10.242816498205668,53.43164612179923]]]}},{"type":"Feature","properties":{"jobs":100,"pop":0,"pointCount":1,"homeWorkCommuteMedian":-1,"workHomeCommuteMedian":27657},"geometry":{"type":"Polygon","coordinates":[[[10.242816498205668,53.46761893634822],[10.242816498205668,53.47661213998546],[10.251809701842914,53.47661213998546],[10.251809701842914,53.46761893634822],[10.242816498205668,53.46761893634822]]]}},{"type":"Feature","properties":{"jobs":100,"pop":500,"pointCount":6,"homeWorkCommuteMedian":34495,"workHomeCommuteMedian":27587},"geometry":{"type":"Polygon","coordinates":[[[10.242816498205668,53.47661213998546],[10.242816498205668,53.48560534362271],[10.251809701842914,53.48560534362271],[10.251809701842914,53.47661213998546],[10.242816498205668,53.47661213998546]]]}},{"type":"Feature","properties":{"jobs":200,"pop":750,"pointCount":5,"homeWorkCommuteMedian":24222,"workHomeCommuteMedian":23301},"geometry":{"type":"Polygon","coordinates":[[[10.242816498205668,53.48560534362271],[10.242816498205668,53.494598547259955],[10.251809701842914,53.494598547259955],[10.251809701842914,53.48560534362271],[10.242816498205668,53.48560534362271]]]}},{"type":"Feature","properties":{"jobs":200,"pop":500,"pointCount":6,"homeWorkCommuteMedian":28710,"workHomeCommuteMedian":32082},"geometry":{"type":"Polygon","coordinates":[[[10.242816498205668,53.494598547259955],[10.242816498205668,53.5035917508972],[10.251809701842914,53.5035917508972],[10.251809701842914,53.494598547259955],[10.242816498205668,53.494598547259955]]]}},{"type":"Feature","properties":{"jobs":2400,"pop":300,"pointCount":6,"homeWorkCommuteMedian":24154,"workHomeCommuteMedian":23987},"geometry":{"type":"Polygon","coordinates":[[[10.242816498205668,53.5035917508972],[10.242816498205668,53.51258495453445],[10.251809701842914,53.51258495453445],[10.251809701842914,53.5035917508972],[10.242816498205668,53.5035917508972]]]}},{"type":"Feature","properties":{"jobs":400,"pop":300,"pointCount":4,"homeWorkCommuteMedian":11065,"workHomeCommuteMedian":23548},"geometry":{"type":"Polygon","coordinates":[[[10.242816498205668,53.51258495453445],[10.242816498205668,53.52157815817169],[10.251809701842914,53.52157815817169],[10.251809701842914,53.51258495453445],[10.242816498205668,53.51258495453445]]]}},{"type":"Feature","properties":{"jobs":500,"pop":200,"pointCount":6,"homeWorkCommuteMedian":20032,"workHomeCommuteMedian":20890},"geometry":{"type":"Polygon","coordinates":[[[10.242816498205668,53.52157815817169],[10.242816498205668,53.53057136180894],[10.251809701842914,53.53057136180894],[10.251809701842914,53.52157815817169],[10.242816498205668,53.52157815817169]]]}},{"type":"Feature","properties":{"jobs":0,"pop":100,"pointCount":1,"homeWorkCommuteMedian":7662,"workHomeCommuteMedian":-1},"geometry":{"type":"Polygon","coordinates":[[[10.242816498205668,53.53057136180894],[10.242816498205668,53.539564565446184],[10.251809701842914,53.539564565446184],[10.251809701842914,53.53057136180894],[10.242816498205668,53.53057136180894]]]}},{"type":"Feature","properties":{"jobs":500,"pop":300,"pointCount":4,"homeWorkCommuteMedian":18788,"workHomeCommuteMedian":21356},"geometry":{"type":"Polygon","coordinates":[[[10.242816498205668,53.539564565446184],[10.242816498205668,53.54855776908343],[10.251809701842914,53.54855776908343],[10.251809701842914,53.539564565446184],[10.242816498205668,53.539564565446184]]]}},{"type":"Feature","properties":{"jobs":1200,"pop":1700,"pointCount":14,"homeWorkCommuteMedian":14914,"workHomeCommuteMedian":22899},"geometry":{"type":"Polygon","coordinates":[[[10.242816498205668,53.54855776908343],[10.242816498205668,53.557550972720676],[10.251809701842914,53.557550972720676],[10.251809701842914,53.54855776908343],[10.242816498205668,53.54855776908343]]]}},{"type":"Feature","properties":{"jobs":0,"pop":100,"pointCount":1,"homeWorkCommuteMedian":20534,"workHomeCommuteMedian":-1},"geometry":{"type":"Polygon","coordinates":[[[10.242816498205668,53.557550972720676],[10.242816498205668,53.56654417635792],[10.251809701842914,53.56654417635792],[10.251809701842914,53.557550972720676],[10.242816498205668,53.557550972720676]]]}},{"type":"Feature","properties":{"jobs":0,"pop":200,"pointCount":2,"homeWorkCommuteMedian":64393,"workHomeCommuteMedian":-1},"geometry":{"type":"Polygon","coordinates":[[[10.242816498205668,53.56654417635792],[10.242816498205668,53.57553737999517],[10.251809701842914,53.57553737999517],[10.251809701842914,53.56654417635792],[10.242816498205668,53.56654417635792]]]}},{"type":"Feature","properties":{"jobs":300,"pop":0,"pointCount":1,"homeWorkCommuteMedian":-1,"workHomeCommuteMedian":19800},"geometry":{"type":"Polygon","coordinates":[[[10.242816498205668,53.59352378726966],[10.242816498205668,53.602516990906906],[10.251809701842914,53.602516990906906],[10.251809701842914,53.59352378726966],[10.242816498205668,53.59352378726966]]]}},{"type":"Feature","properties":{"jobs":100,"pop":100,"pointCount":2,"homeWorkCommuteMedian":32852,"workHomeCommuteMedian":33156},"geometry":{"type":"Polygon","coordinates":[[[10.242816498205668,53.602516990906906],[10.242816498205668,53.61151019454415],[10.251809701842914,53.61151019454415],[10.251809701842914,53.602516990906906],[10.242816498205668,53.602516990906906]]]}},{"type":"Feature","properties":{"jobs":100,"pop":300,"pointCount":3,"homeWorkCommuteMedian":11831,"workHomeCommuteMedian":32701},"geometry":{"type":"Polygon","coordinates":[[[10.242816498205668,53.63848980545589],[10.242816498205668,53.647483009093136],[10.251809701842914,53.647483009093136],[10.251809701842914,53.63848980545589],[10.242816498205668,53.63848980545589]]]}},{"type":"Feature","properties":{"jobs":0,"pop":100,"pointCount":1,"homeWorkCommuteMedian":19664,"workHomeCommuteMedian":-1},"geometry":{"type":"Polygon","coordinates":[[[10.242816498205668,53.647483009093136],[10.242816498205668,53.65647621273038],[10.251809701842914,53.65647621273038],[10.251809701842914,53.647483009093136],[10.242816498205668,53.647483009093136]]]}},{"type":"Feature","properties":{"jobs":0,"pop":400,"pointCount":3,"homeWorkCommuteMedian":24631,"workHomeCommuteMedian":-1},"geometry":{"type":"Polygon","coordinates":[[[10.242816498205668,53.65647621273038],[10.242816498205668,53.66546941636763],[10.251809701842914,53.66546941636763],[10.251809701842914,53.65647621273038],[10.242816498205668,53.65647621273038]]]}},{"type":"Feature","properties":{"jobs":300,"pop":300,"pointCount":5,"homeWorkCommuteMedian":31513,"workHomeCommuteMedian":25201},"geometry":{"type":"Polygon","coordinates":[[[10.242816498205668,53.66546941636763],[10.242816498205668,53.674462620004874],[10.251809701842914,53.674462620004874],[10.251809701842914,53.66546941636763],[10.242816498205668,53.66546941636763]]]}},{"type":"Feature","properties":{"jobs":0,"pop":400,"pointCount":4,"homeWorkCommuteMedian":28278,"workHomeCommuteMedian":-1},"geometry":{"type":"Polygon","coordinates":[[[10.242816498205668,53.674462620004874],[10.242816498205668,53.68345582364212],[10.251809701842914,53.68345582364212],[10.251809701842914,53.674462620004874],[10.242816498205668,53.674462620004874]]]}},{"type":"Feature","properties":{"jobs":0,"pop":300,"pointCount":3,"homeWorkCommuteMedian":18362,"workHomeCommuteMedian":-1},"geometry":{"type":"Polygon","coordinates":[[[10.242816498205668,53.68345582364212],[10.242816498205668,53.692449027279366],[10.251809701842914,53.692449027279366],[10.251809701842914,53.68345582364212],[10.242816498205668,53.68345582364212]]]}},{"type":"Feature","properties":{"jobs":0,"pop":100,"pointCount":1,"homeWorkCommuteMedian":19662,"workHomeCommuteMedian":-1},"geometry":{"type":"Polygon","coordinates":[[[10.242816498205668,53.692449027279366],[10.242816498205668,53.70144223091661],[10.251809701842914,53.70144223091661],[10.251809701842914,53.692449027279366],[10.242816498205668,53.692449027279366]]]}},{"type":"Feature","properties":{"jobs":400,"pop":100,"pointCount":3,"homeWorkCommuteMedian":23757,"workHomeCommuteMedian":31011},"geometry":{"type":"Polygon","coordinates":[[[10.242816498205668,53.70144223091661],[10.242816498205668,53.71043543455386],[10.251809701842914,53.71043543455386],[10.251809701842914,53.70144223091661],[10.242816498205668,53.70144223091661]]]}},{"type":"Feature","properties":{"jobs":0,"pop":200,"pointCount":2,"homeWorkCommuteMedian":23770,"workHomeCommuteMedian":-1},"geometry":{"type":"Polygon","coordinates":[[[10.242816498205668,53.719428638191104],[10.242816498205668,53.72842184182835],[10.251809701842914,53.72842184182835],[10.251809701842914,53.719428638191104],[10.242816498205668,53.719428638191104]]]}},{"type":"Feature","properties":{"jobs":0,"pop":200,"pointCount":2,"homeWorkCommuteMedian":60978,"workHomeCommuteMedian":-1},"geometry":{"type":"Polygon","coordinates":[[[10.242816498205668,53.72842184182835],[10.242816498205668,53.737415045465596],[10.251809701842914,53.737415045465596],[10.251809701842914,53.72842184182835],[10.242816498205668,53.72842184182835]]]}},{"type":"Feature","properties":{"jobs":0,"pop":100,"pointCount":1,"homeWorkCommuteMedian":21111,"workHomeCommuteMedian":-1},"geometry":{"type":"Polygon","coordinates":[[[10.242816498205668,53.737415045465596],[10.242816498205668,53.74640824910284],[10.251809701842914,53.74640824910284],[10.251809701842914,53.737415045465596],[10.242816498205668,53.737415045465596]]]}},{"type":"Feature","properties":{"jobs":0,"pop":100,"pointCount":1,"homeWorkCommuteMedian":36537,"workHomeCommuteMedian":-1},"geometry":{"type":"Polygon","coordinates":[[[10.242816498205668,53.74640824910284],[10.242816498205668,53.75540145274009],[10.251809701842914,53.75540145274009],[10.251809701842914,53.74640824910284],[10.242816498205668,53.74640824910284]]]}},{"type":"Feature","properties":{"jobs":0,"pop":100,"pointCount":1,"homeWorkCommuteMedian":48244,"workHomeCommuteMedian":-1},"geometry":{"type":"Polygon","coordinates":[[[10.242816498205668,53.79137426728907],[10.242816498205668,53.80036747092632],[10.251809701842914,53.80036747092632],[10.251809701842914,53.79137426728907],[10.242816498205668,53.79137426728907]]]}},{"type":"Feature","properties":{"jobs":0,"pop":100,"pointCount":1,"homeWorkCommuteMedian":30327,"workHomeCommuteMedian":-1},"geometry":{"type":"Polygon","coordinates":[[[10.242816498205668,53.8363402854753],[10.242816498205668,53.84533348911255],[10.251809701842914,53.84533348911255],[10.251809701842914,53.8363402854753],[10.242816498205668,53.8363402854753]]]}},{"type":"Feature","properties":{"jobs":200,"pop":0,"pointCount":1,"homeWorkCommuteMedian":-1,"workHomeCommuteMedian":48427},"geometry":{"type":"Polygon","coordinates":[[[10.242816498205668,53.84533348911255],[10.242816498205668,53.854326692749794],[10.251809701842914,53.854326692749794],[10.251809701842914,53.84533348911255],[10.242816498205668,53.84533348911255]]]}},{"type":"Feature","properties":{"jobs":0,"pop":100,"pointCount":1,"homeWorkCommuteMedian":23440,"workHomeCommuteMedian":-1},"geometry":{"type":"Polygon","coordinates":[[[10.242816498205668,53.854326692749794],[10.242816498205668,53.86331989638704],[10.251809701842914,53.86331989638704],[10.251809701842914,53.854326692749794],[10.242816498205668,53.854326692749794]]]}},{"type":"Feature","properties":{"jobs":0,"pop":200,"pointCount":2,"homeWorkCommuteMedian":47141,"workHomeCommuteMedian":-1},"geometry":{"type":"Polygon","coordinates":[[[10.242816498205668,53.86331989638704],[10.242816498205668,53.872313100024286],[10.251809701842914,53.872313100024286],[10.251809701842914,53.86331989638704],[10.242816498205668,53.86331989638704]]]}},{"type":"Feature","properties":{"jobs":400,"pop":200,"pointCount":4,"homeWorkCommuteMedian":38075,"workHomeCommuteMedian":46812},"geometry":{"type":"Polygon","coordinates":[[[10.251809701842914,53.404666510887495],[10.251809701842914,53.41365971452474],[10.26080290548016,53.41365971452474],[10.26080290548016,53.404666510887495],[10.251809701842914,53.404666510887495]]]}},{"type":"Feature","properties":{"jobs":0,"pop":200,"pointCount":2,"homeWorkCommuteMedian":43474,"workHomeCommuteMedian":-1},"geometry":{"type":"Polygon","coordinates":[[[10.251809701842914,53.45862573271097],[10.251809701842914,53.46761893634822],[10.26080290548016,53.46761893634822],[10.26080290548016,53.45862573271097],[10.251809701842914,53.45862573271097]]]}},{"type":"Feature","properties":{"jobs":0,"pop":200,"pointCount":2,"homeWorkCommuteMedian":28696,"workHomeCommuteMedian":-1},"geometry":{"type":"Polygon","coordinates":[[[10.251809701842914,53.46761893634822],[10.251809701842914,53.47661213998546],[10.26080290548016,53.47661213998546],[10.26080290548016,53.46761893634822],[10.251809701842914,53.46761893634822]]]}},{"type":"Feature","properties":{"jobs":0,"pop":200,"pointCount":2,"homeWorkCommuteMedian":24895,"workHomeCommuteMedian":-1},"geometry":{"type":"Polygon","coordinates":[[[10.251809701842914,53.47661213998546],[10.251809701842914,53.48560534362271],[10.26080290548016,53.48560534362271],[10.26080290548016,53.47661213998546],[10.251809701842914,53.47661213998546]]]}},{"type":"Feature","properties":{"jobs":4500,"pop":1150,"pointCount":11,"homeWorkCommuteMedian":22859,"workHomeCommuteMedian":21838},"geometry":{"type":"Polygon","coordinates":[[[10.251809701842914,53.48560534362271],[10.251809701842914,53.494598547259955],[10.26080290548016,53.494598547259955],[10.26080290548016,53.48560534362271],[10.251809701842914,53.48560534362271]]]}},{"type":"Feature","properties":{"jobs":0,"pop":300,"pointCount":3,"homeWorkCommuteMedian":24459,"workHomeCommuteMedian":-1},"geometry":{"type":"Polygon","coordinates":[[[10.251809701842914,53.494598547259955],[10.251809701842914,53.5035917508972],[10.26080290548016,53.5035917508972],[10.26080290548016,53.494598547259955],[10.251809701842914,53.494598547259955]]]}},{"type":"Feature","properties":{"jobs":2300,"pop":300,"pointCount":6,"homeWorkCommuteMedian":22365,"workHomeCommuteMedian":22379},"geometry":{"type":"Polygon","coordinates":[[[10.251809701842914,53.5035917508972],[10.251809701842914,53.51258495453445],[10.26080290548016,53.51258495453445],[10.26080290548016,53.5035917508972],[10.251809701842914,53.5035917508972]]]}},{"type":"Feature","properties":{"jobs":0,"pop":850,"pointCount":3,"homeWorkCommuteMedian":20363,"workHomeCommuteMedian":-1},"geometry":{"type":"Polygon","coordinates":[[[10.251809701842914,53.51258495453445],[10.251809701842914,53.52157815817169],[10.26080290548016,53.52157815817169],[10.26080290548016,53.51258495453445],[10.251809701842914,53.51258495453445]]]}},{"type":"Feature","properties":{"jobs":1300,"pop":400,"pointCount":7,"homeWorkCommuteMedian":17111,"workHomeCommuteMedian":25757},"geometry":{"type":"Polygon","coordinates":[[[10.251809701842914,53.52157815817169],[10.251809701842914,53.53057136180894],[10.26080290548016,53.53057136180894],[10.26080290548016,53.52157815817169],[10.251809701842914,53.52157815817169]]]}},{"type":"Feature","properties":{"jobs":100,"pop":400,"pointCount":3,"homeWorkCommuteMedian":25320,"workHomeCommuteMedian":17110},"geometry":{"type":"Polygon","coordinates":[[[10.251809701842914,53.53057136180894],[10.251809701842914,53.539564565446184],[10.26080290548016,53.539564565446184],[10.26080290548016,53.53057136180894],[10.251809701842914,53.53057136180894]]]}},{"type":"Feature","properties":{"jobs":900,"pop":700,"pointCount":9,"homeWorkCommuteMedian":18526,"workHomeCommuteMedian":27333},"geometry":{"type":"Polygon","coordinates":[[[10.251809701842914,53.647483009093136],[10.251809701842914,53.65647621273038],[10.26080290548016,53.65647621273038],[10.26080290548016,53.647483009093136],[10.251809701842914,53.647483009093136]]]}},{"type":"Feature","properties":{"jobs":0,"pop":200,"pointCount":2,"homeWorkCommuteMedian":39465,"workHomeCommuteMedian":-1},"geometry":{"type":"Polygon","coordinates":[[[10.251809701842914,53.65647621273038],[10.251809701842914,53.66546941636763],[10.26080290548016,53.66546941636763],[10.26080290548016,53.65647621273038],[10.251809701842914,53.65647621273038]]]}},{"type":"Feature","properties":{"jobs":0,"pop":100,"pointCount":1,"homeWorkCommuteMedian":7322,"workHomeCommuteMedian":-1},"geometry":{"type":"Polygon","coordinates":[[[10.251809701842914,53.66546941636763],[10.251809701842914,53.674462620004874],[10.26080290548016,53.674462620004874],[10.26080290548016,53.66546941636763],[10.251809701842914,53.66546941636763]]]}},{"type":"Feature","properties":{"jobs":700,"pop":200,"pointCount":5,"homeWorkCommuteMedian":29857,"workHomeCommuteMedian":33882},"geometry":{"type":"Polygon","coordinates":[[[10.251809701842914,53.674462620004874],[10.251809701842914,53.68345582364212],[10.26080290548016,53.68345582364212],[10.26080290548016,53.674462620004874],[10.251809701842914,53.674462620004874]]]}},{"type":"Feature","properties":{"jobs":400,"pop":200,"pointCount":4,"homeWorkCommuteMedian":24595,"workHomeCommuteMedian":20950},"geometry":{"type":"Polygon","coordinates":[[[10.251809701842914,53.68345582364212],[10.251809701842914,53.692449027279366],[10.26080290548016,53.692449027279366],[10.26080290548016,53.68345582364212],[10.251809701842914,53.68345582364212]]]}},{"type":"Feature","properties":{"jobs":0,"pop":300,"pointCount":3,"homeWorkCommuteMedian":18082,"workHomeCommuteMedian":-1},"geometry":{"type":"Polygon","coordinates":[[[10.251809701842914,53.692449027279366],[10.251809701842914,53.70144223091661],[10.26080290548016,53.70144223091661],[10.26080290548016,53.692449027279366],[10.251809701842914,53.692449027279366]]]}},{"type":"Feature","properties":{"jobs":200,"pop":300,"pointCount":4,"homeWorkCommuteMedian":40504,"workHomeCommuteMedian":38155},"geometry":{"type":"Polygon","coordinates":[[[10.251809701842914,53.70144223091661],[10.251809701842914,53.71043543455386],[10.26080290548016,53.71043543455386],[10.26080290548016,53.70144223091661],[10.251809701842914,53.70144223091661]]]}},{"type":"Feature","properties":{"jobs":700,"pop":1050,"pointCount":9,"homeWorkCommuteMedian":24689,"workHomeCommuteMedian":19576},"geometry":{"type":"Polygon","coordinates":[[[10.251809701842914,53.719428638191104],[10.251809701842914,53.72842184182835],[10.26080290548016,53.72842184182835],[10.26080290548016,53.719428638191104],[10.251809701842914,53.719428638191104]]]}},{"type":"Feature","properties":{"jobs":700,"pop":1000,"pointCount":9,"homeWorkCommuteMedian":27994,"workHomeCommuteMedian":21251},"geometry":{"type":"Polygon","coordinates":[[[10.251809701842914,53.72842184182835],[10.251809701842914,53.737415045465596],[10.26080290548016,53.737415045465596],[10.26080290548016,53.72842184182835],[10.251809701842914,53.72842184182835]]]}},{"type":"Feature","properties":{"jobs":0,"pop":100,"pointCount":1,"homeWorkCommuteMedian":19366,"workHomeCommuteMedian":-1},"geometry":{"type":"Polygon","coordinates":[[[10.251809701842914,53.737415045465596],[10.251809701842914,53.74640824910284],[10.26080290548016,53.74640824910284],[10.26080290548016,53.737415045465596],[10.251809701842914,53.737415045465596]]]}},{"type":"Feature","properties":{"jobs":0,"pop":300,"pointCount":2,"homeWorkCommuteMedian":46694,"workHomeCommuteMedian":-1},"geometry":{"type":"Polygon","coordinates":[[[10.251809701842914,53.75540145274009],[10.251809701842914,53.764394656377334],[10.26080290548016,53.764394656377334],[10.26080290548016,53.75540145274009],[10.251809701842914,53.75540145274009]]]}},{"type":"Feature","properties":{"jobs":0,"pop":100,"pointCount":1,"homeWorkCommuteMedian":24250,"workHomeCommuteMedian":-1},"geometry":{"type":"Polygon","coordinates":[[[10.251809701842914,53.764394656377334],[10.251809701842914,53.77338786001458],[10.26080290548016,53.77338786001458],[10.26080290548016,53.764394656377334],[10.251809701842914,53.764394656377334]]]}},{"type":"Feature","properties":{"jobs":100,"pop":300,"pointCount":4,"homeWorkCommuteMedian":53678,"workHomeCommuteMedian":80606},"geometry":{"type":"Polygon","coordinates":[[[10.251809701842914,53.86331989638704],[10.251809701842914,53.872313100024286],[10.26080290548016,53.872313100024286],[10.26080290548016,53.86331989638704],[10.251809701842914,53.86331989638704]]]}},{"type":"Feature","properties":{"jobs":0,"pop":600,"pointCount":3,"homeWorkCommuteMedian":40850,"workHomeCommuteMedian":-1},"geometry":{"type":"Polygon","coordinates":[[[10.26080290548016,53.36869369633851],[10.26080290548016,53.37768689997576],[10.269796109117406,53.37768689997576],[10.269796109117406,53.36869369633851],[10.26080290548016,53.36869369633851]]]}},{"type":"Feature","properties":{"jobs":0,"pop":300,"pointCount":1,"homeWorkCommuteMedian":42906,"workHomeCommuteMedian":-1},"geometry":{"type":"Polygon","coordinates":[[[10.26080290548016,53.404666510887495],[10.26080290548016,53.41365971452474],[10.269796109117406,53.41365971452474],[10.269796109117406,53.404666510887495],[10.26080290548016,53.404666510887495]]]}},{"type":"Feature","properties":{"jobs":200,"pop":200,"pointCount":3,"homeWorkCommuteMedian":46392,"workHomeCommuteMedian":81919},"geometry":{"type":"Polygon","coordinates":[[[10.26080290548016,53.41365971452474],[10.26080290548016,53.42265291816199],[10.269796109117406,53.42265291816199],[10.269796109117406,53.41365971452474],[10.26080290548016,53.41365971452474]]]}},{"type":"Feature","properties":{"jobs":100,"pop":0,"pointCount":1,"homeWorkCommuteMedian":-1,"workHomeCommuteMedian":19284},"geometry":{"type":"Polygon","coordinates":[[[10.26080290548016,53.42265291816199],[10.26080290548016,53.43164612179923],[10.269796109117406,53.43164612179923],[10.269796109117406,53.42265291816199],[10.26080290548016,53.42265291816199]]]}},{"type":"Feature","properties":{"jobs":0,"pop":100,"pointCount":1,"homeWorkCommuteMedian":31531,"workHomeCommuteMedian":-1},"geometry":{"type":"Polygon","coordinates":[[[10.26080290548016,53.46761893634822],[10.26080290548016,53.47661213998546],[10.269796109117406,53.47661213998546],[10.269796109117406,53.46761893634822],[10.26080290548016,53.46761893634822]]]}},{"type":"Feature","properties":{"jobs":300,"pop":600,"pointCount":7,"homeWorkCommuteMedian":25495,"workHomeCommuteMedian":26936},"geometry":{"type":"Polygon","coordinates":[[[10.26080290548016,53.48560534362271],[10.26080290548016,53.494598547259955],[10.269796109117406,53.494598547259955],[10.269796109117406,53.48560534362271],[10.26080290548016,53.48560534362271]]]}},{"type":"Feature","properties":{"jobs":0,"pop":400,"pointCount":4,"homeWorkCommuteMedian":40106,"workHomeCommuteMedian":-1},"geometry":{"type":"Polygon","coordinates":[[[10.26080290548016,53.494598547259955],[10.26080290548016,53.5035917508972],[10.269796109117406,53.5035917508972],[10.269796109117406,53.494598547259955],[10.26080290548016,53.494598547259955]]]}},{"type":"Feature","properties":{"jobs":0,"pop":400,"pointCount":4,"homeWorkCommuteMedian":18175,"workHomeCommuteMedian":-1},"geometry":{"type":"Polygon","coordinates":[[[10.26080290548016,53.5035917508972],[10.26080290548016,53.51258495453445],[10.269796109117406,53.51258495453445],[10.269796109117406,53.5035917508972],[10.26080290548016,53.5035917508972]]]}},{"type":"Feature","properties":{"jobs":0,"pop":100,"pointCount":1,"homeWorkCommuteMedian":7406,"workHomeCommuteMedian":-1},"geometry":{"type":"Polygon","coordinates":[[[10.26080290548016,53.52157815817169],[10.26080290548016,53.53057136180894],[10.269796109117406,53.53057136180894],[10.269796109117406,53.52157815817169],[10.26080290548016,53.52157815817169]]]}},{"type":"Feature","properties":{"jobs":0,"pop":100,"pointCount":1,"homeWorkCommuteMedian":32756,"workHomeCommuteMedian":-1},"geometry":{"type":"Polygon","coordinates":[[[10.26080290548016,53.59352378726966],[10.26080290548016,53.602516990906906],[10.269796109117406,53.602516990906906],[10.269796109117406,53.59352378726966],[10.26080290548016,53.59352378726966]]]}},{"type":"Feature","properties":{"jobs":0,"pop":100,"pointCount":1,"homeWorkCommuteMedian":35926,"workHomeCommuteMedian":-1},"geometry":{"type":"Polygon","coordinates":[[[10.26080290548016,53.6205033981814],[10.26080290548016,53.629496601818644],[10.269796109117406,53.629496601818644],[10.269796109117406,53.6205033981814],[10.26080290548016,53.6205033981814]]]}},{"type":"Feature","properties":{"jobs":200,"pop":200,"pointCount":3,"homeWorkCommuteMedian":51540,"workHomeCommuteMedian":55492},"geometry":{"type":"Polygon","coordinates":[[[10.26080290548016,53.629496601818644],[10.26080290548016,53.63848980545589],[10.269796109117406,53.63848980545589],[10.269796109117406,53.629496601818644],[10.26080290548016,53.629496601818644]]]}},{"type":"Feature","properties":{"jobs":1400,"pop":100,"pointCount":4,"homeWorkCommuteMedian":18916,"workHomeCommuteMedian":25976},"geometry":{"type":"Polygon","coordinates":[[[10.26080290548016,53.647483009093136],[10.26080290548016,53.65647621273038],[10.269796109117406,53.65647621273038],[10.269796109117406,53.647483009093136],[10.26080290548016,53.647483009093136]]]}},{"type":"Feature","properties":{"jobs":0,"pop":200,"pointCount":2,"homeWorkCommuteMedian":26229,"workHomeCommuteMedian":-1},"geometry":{"type":"Polygon","coordinates":[[[10.26080290548016,53.65647621273038],[10.26080290548016,53.66546941636763],[10.269796109117406,53.66546941636763],[10.269796109117406,53.65647621273038],[10.26080290548016,53.65647621273038]]]}},{"type":"Feature","properties":{"jobs":0,"pop":200,"pointCount":2,"homeWorkCommuteMedian":28005,"workHomeCommuteMedian":-1},"geometry":{"type":"Polygon","coordinates":[[[10.26080290548016,53.674462620004874],[10.26080290548016,53.68345582364212],[10.269796109117406,53.68345582364212],[10.269796109117406,53.674462620004874],[10.26080290548016,53.674462620004874]]]}},{"type":"Feature","properties":{"jobs":0,"pop":300,"pointCount":1,"homeWorkCommuteMedian":9986,"workHomeCommuteMedian":-1},"geometry":{"type":"Polygon","coordinates":[[[10.26080290548016,53.68345582364212],[10.26080290548016,53.692449027279366],[10.269796109117406,53.692449027279366],[10.269796109117406,53.68345582364212],[10.26080290548016,53.68345582364212]]]}},{"type":"Feature","properties":{"jobs":0,"pop":100,"pointCount":1,"homeWorkCommuteMedian":16132,"workHomeCommuteMedian":-1},"geometry":{"type":"Polygon","coordinates":[[[10.26080290548016,53.692449027279366],[10.26080290548016,53.70144223091661],[10.269796109117406,53.70144223091661],[10.269796109117406,53.692449027279366],[10.26080290548016,53.692449027279366]]]}},{"type":"Feature","properties":{"jobs":100,"pop":0,"pointCount":1,"homeWorkCommuteMedian":-1,"workHomeCommuteMedian":22235},"geometry":{"type":"Polygon","coordinates":[[[10.26080290548016,53.70144223091661],[10.26080290548016,53.71043543455386],[10.269796109117406,53.71043543455386],[10.269796109117406,53.70144223091661],[10.26080290548016,53.70144223091661]]]}},{"type":"Feature","properties":{"jobs":500,"pop":200,"pointCount":4,"homeWorkCommuteMedian":33669,"workHomeCommuteMedian":26939},"geometry":{"type":"Polygon","coordinates":[[[10.26080290548016,53.719428638191104],[10.26080290548016,53.72842184182835],[10.269796109117406,53.72842184182835],[10.269796109117406,53.719428638191104],[10.26080290548016,53.719428638191104]]]}},{"type":"Feature","properties":{"jobs":2800,"pop":800,"pointCount":8,"homeWorkCommuteMedian":29590,"workHomeCommuteMedian":23100},"geometry":{"type":"Polygon","coordinates":[[[10.26080290548016,53.72842184182835],[10.26080290548016,53.737415045465596],[10.269796109117406,53.737415045465596],[10.269796109117406,53.72842184182835],[10.26080290548016,53.72842184182835]]]}},{"type":"Feature","properties":{"jobs":0,"pop":200,"pointCount":2,"homeWorkCommuteMedian":57515,"workHomeCommuteMedian":-1},"geometry":{"type":"Polygon","coordinates":[[[10.26080290548016,53.737415045465596],[10.26080290548016,53.74640824910284],[10.269796109117406,53.74640824910284],[10.269796109117406,53.737415045465596],[10.26080290548016,53.737415045465596]]]}},{"type":"Feature","properties":{"jobs":100,"pop":0,"pointCount":1,"homeWorkCommuteMedian":-1,"workHomeCommuteMedian":24221},"geometry":{"type":"Polygon","coordinates":[[[10.26080290548016,53.74640824910284],[10.26080290548016,53.75540145274009],[10.269796109117406,53.75540145274009],[10.269796109117406,53.74640824910284],[10.26080290548016,53.74640824910284]]]}},{"type":"Feature","properties":{"jobs":0,"pop":100,"pointCount":1,"homeWorkCommuteMedian":18559,"workHomeCommuteMedian":-1},"geometry":{"type":"Polygon","coordinates":[[[10.26080290548016,53.75540145274009],[10.26080290548016,53.764394656377334],[10.269796109117406,53.764394656377334],[10.269796109117406,53.75540145274009],[10.26080290548016,53.75540145274009]]]}},{"type":"Feature","properties":{"jobs":400,"pop":200,"pointCount":3,"homeWorkCommuteMedian":53931,"workHomeCommuteMedian":42279},"geometry":{"type":"Polygon","coordinates":[[[10.26080290548016,53.764394656377334],[10.26080290548016,53.77338786001458],[10.269796109117406,53.77338786001458],[10.269796109117406,53.764394656377334],[10.26080290548016,53.764394656377334]]]}},{"type":"Feature","properties":{"jobs":0,"pop":200,"pointCount":2,"homeWorkCommuteMedian":57421,"workHomeCommuteMedian":-1},"geometry":{"type":"Polygon","coordinates":[[[10.26080290548016,53.89029950729878],[10.26080290548016,53.899292710936024],[10.269796109117406,53.899292710936024],[10.269796109117406,53.89029950729878],[10.26080290548016,53.89029950729878]]]}},{"type":"Feature","properties":{"jobs":200,"pop":300,"pointCount":4,"homeWorkCommuteMedian":34421,"workHomeCommuteMedian":79719},"geometry":{"type":"Polygon","coordinates":[[[10.269796109117406,53.41365971452474],[10.269796109117406,53.42265291816199],[10.278789312754652,53.42265291816199],[10.278789312754652,53.41365971452474],[10.269796109117406,53.41365971452474]]]}},{"type":"Feature","properties":{"jobs":0,"pop":100,"pointCount":1,"homeWorkCommuteMedian":36521,"workHomeCommuteMedian":-1},"geometry":{"type":"Polygon","coordinates":[[[10.269796109117406,53.45862573271097],[10.269796109117406,53.46761893634822],[10.278789312754652,53.46761893634822],[10.278789312754652,53.45862573271097],[10.269796109117406,53.45862573271097]]]}},{"type":"Feature","properties":{"jobs":200,"pop":0,"pointCount":1,"homeWorkCommuteMedian":-1,"workHomeCommuteMedian":26136},"geometry":{"type":"Polygon","coordinates":[[[10.269796109117406,53.46761893634822],[10.269796109117406,53.47661213998546],[10.278789312754652,53.47661213998546],[10.278789312754652,53.46761893634822],[10.269796109117406,53.46761893634822]]]}},{"type":"Feature","properties":{"jobs":600,"pop":300,"pointCount":4,"homeWorkCommuteMedian":19973,"workHomeCommuteMedian":28939},"geometry":{"type":"Polygon","coordinates":[[[10.269796109117406,53.48560534362271],[10.269796109117406,53.494598547259955],[10.278789312754652,53.494598547259955],[10.278789312754652,53.48560534362271],[10.269796109117406,53.48560534362271]]]}},{"type":"Feature","properties":{"jobs":0,"pop":100,"pointCount":1,"homeWorkCommuteMedian":29877,"workHomeCommuteMedian":-1},"geometry":{"type":"Polygon","coordinates":[[[10.269796109117406,53.494598547259955],[10.269796109117406,53.5035917508972],[10.278789312754652,53.5035917508972],[10.278789312754652,53.494598547259955],[10.269796109117406,53.494598547259955]]]}},{"type":"Feature","properties":{"jobs":500,"pop":100,"pointCount":2,"homeWorkCommuteMedian":23985,"workHomeCommuteMedian":26705},"geometry":{"type":"Polygon","coordinates":[[[10.269796109117406,53.51258495453445],[10.269796109117406,53.52157815817169],[10.278789312754652,53.52157815817169],[10.278789312754652,53.51258495453445],[10.269796109117406,53.51258495453445]]]}},{"type":"Feature","properties":{"jobs":0,"pop":100,"pointCount":1,"homeWorkCommuteMedian":20791,"workHomeCommuteMedian":-1},"geometry":{"type":"Polygon","coordinates":[[[10.269796109117406,53.52157815817169],[10.269796109117406,53.53057136180894],[10.278789312754652,53.53057136180894],[10.278789312754652,53.52157815817169],[10.269796109117406,53.52157815817169]]]}},{"type":"Feature","properties":{"jobs":0,"pop":400,"pointCount":1,"homeWorkCommuteMedian":44929,"workHomeCommuteMedian":-1},"geometry":{"type":"Polygon","coordinates":[[[10.269796109117406,53.539564565446184],[10.269796109117406,53.54855776908343],[10.278789312754652,53.54855776908343],[10.278789312754652,53.539564565446184],[10.269796109117406,53.539564565446184]]]}},{"type":"Feature","properties":{"jobs":100,"pop":100,"pointCount":2,"homeWorkCommuteMedian":16815,"workHomeCommuteMedian":19856},"geometry":{"type":"Polygon","coordinates":[[[10.269796109117406,53.59352378726966],[10.269796109117406,53.602516990906906],[10.278789312754652,53.602516990906906],[10.278789312754652,53.59352378726966],[10.269796109117406,53.59352378726966]]]}},{"type":"Feature","properties":{"jobs":0,"pop":200,"pointCount":2,"homeWorkCommuteMedian":42251,"workHomeCommuteMedian":-1},"geometry":{"type":"Polygon","coordinates":[[[10.269796109117406,53.63848980545589],[10.269796109117406,53.647483009093136],[10.278789312754652,53.647483009093136],[10.278789312754652,53.63848980545589],[10.269796109117406,53.63848980545589]]]}},{"type":"Feature","properties":{"jobs":0,"pop":500,"pointCount":4,"homeWorkCommuteMedian":35480,"workHomeCommuteMedian":-1},"geometry":{"type":"Polygon","coordinates":[[[10.269796109117406,53.647483009093136],[10.269796109117406,53.65647621273038],[10.278789312754652,53.65647621273038],[10.278789312754652,53.647483009093136],[10.269796109117406,53.647483009093136]]]}},{"type":"Feature","properties":{"jobs":0,"pop":100,"pointCount":1,"homeWorkCommuteMedian":25226,"workHomeCommuteMedian":-1},"geometry":{"type":"Polygon","coordinates":[[[10.269796109117406,53.65647621273038],[10.269796109117406,53.66546941636763],[10.278789312754652,53.66546941636763],[10.278789312754652,53.65647621273038],[10.269796109117406,53.65647621273038]]]}},{"type":"Feature","properties":{"jobs":0,"pop":200,"pointCount":2,"homeWorkCommuteMedian":28050,"workHomeCommuteMedian":-1},"geometry":{"type":"Polygon","coordinates":[[[10.269796109117406,53.66546941636763],[10.269796109117406,53.674462620004874],[10.278789312754652,53.674462620004874],[10.278789312754652,53.66546941636763],[10.269796109117406,53.66546941636763]]]}},{"type":"Feature","properties":{"jobs":0,"pop":200,"pointCount":2,"homeWorkCommuteMedian":42546,"workHomeCommuteMedian":-1},"geometry":{"type":"Polygon","coordinates":[[[10.269796109117406,53.68345582364212],[10.269796109117406,53.692449027279366],[10.278789312754652,53.692449027279366],[10.278789312754652,53.68345582364212],[10.269796109117406,53.68345582364212]]]}},{"type":"Feature","properties":{"jobs":700,"pop":700,"pointCount":10,"homeWorkCommuteMedian":27334,"workHomeCommuteMedian":32361},"geometry":{"type":"Polygon","coordinates":[[[10.269796109117406,53.719428638191104],[10.269796109117406,53.72842184182835],[10.278789312754652,53.72842184182835],[10.278789312754652,53.719428638191104],[10.269796109117406,53.719428638191104]]]}},{"type":"Feature","properties":{"jobs":600,"pop":400,"pointCount":4,"homeWorkCommuteMedian":26251,"workHomeCommuteMedian":29551},"geometry":{"type":"Polygon","coordinates":[[[10.269796109117406,53.72842184182835],[10.269796109117406,53.737415045465596],[10.278789312754652,53.737415045465596],[10.278789312754652,53.72842184182835],[10.269796109117406,53.72842184182835]]]}},{"type":"Feature","properties":{"jobs":0,"pop":100,"pointCount":1,"homeWorkCommuteMedian":20746,"workHomeCommuteMedian":-1},"geometry":{"type":"Polygon","coordinates":[[[10.269796109117406,53.737415045465596],[10.269796109117406,53.74640824910284],[10.278789312754652,53.74640824910284],[10.278789312754652,53.737415045465596],[10.269796109117406,53.737415045465596]]]}},{"type":"Feature","properties":{"jobs":300,"pop":0,"pointCount":2,"homeWorkCommuteMedian":-1,"workHomeCommuteMedian":26745},"geometry":{"type":"Polygon","coordinates":[[[10.269796109117406,53.74640824910284],[10.269796109117406,53.75540145274009],[10.278789312754652,53.75540145274009],[10.278789312754652,53.74640824910284],[10.269796109117406,53.74640824910284]]]}},{"type":"Feature","properties":{"jobs":0,"pop":300,"pointCount":2,"homeWorkCommuteMedian":34407,"workHomeCommuteMedian":-1},"geometry":{"type":"Polygon","coordinates":[[[10.269796109117406,53.80036747092632],[10.269796109117406,53.809360674563564],[10.278789312754652,53.809360674563564],[10.278789312754652,53.80036747092632],[10.269796109117406,53.80036747092632]]]}},{"type":"Feature","properties":{"jobs":0,"pop":100,"pointCount":1,"homeWorkCommuteMedian":14374,"workHomeCommuteMedian":-1},"geometry":{"type":"Polygon","coordinates":[[[10.269796109117406,53.86331989638704],[10.269796109117406,53.872313100024286],[10.278789312754652,53.872313100024286],[10.278789312754652,53.86331989638704],[10.269796109117406,53.86331989638704]]]}},{"type":"Feature","properties":{"jobs":0,"pop":200,"pointCount":2,"homeWorkCommuteMedian":47069,"workHomeCommuteMedian":-1},"geometry":{"type":"Polygon","coordinates":[[[10.278789312754652,53.359700492701265],[10.278789312754652,53.36869369633851],[10.287782516391898,53.36869369633851],[10.287782516391898,53.359700492701265],[10.278789312754652,53.359700492701265]]]}},{"type":"Feature","properties":{"jobs":100,"pop":100,"pointCount":2,"homeWorkCommuteMedian":57577,"workHomeCommuteMedian":60978},"geometry":{"type":"Polygon","coordinates":[[[10.278789312754652,53.41365971452474],[10.278789312754652,53.42265291816199],[10.287782516391898,53.42265291816199],[10.287782516391898,53.41365971452474],[10.278789312754652,53.41365971452474]]]}},{"type":"Feature","properties":{"jobs":100,"pop":300,"pointCount":4,"homeWorkCommuteMedian":30614,"workHomeCommuteMedian":33849},"geometry":{"type":"Polygon","coordinates":[[[10.278789312754652,53.449632529073725],[10.278789312754652,53.45862573271097],[10.287782516391898,53.45862573271097],[10.287782516391898,53.449632529073725],[10.278789312754652,53.449632529073725]]]}},{"type":"Feature","properties":{"jobs":700,"pop":300,"pointCount":5,"homeWorkCommuteMedian":39198,"workHomeCommuteMedian":35406},"geometry":{"type":"Polygon","coordinates":[[[10.278789312754652,53.46761893634822],[10.278789312754652,53.47661213998546],[10.287782516391898,53.47661213998546],[10.287782516391898,53.46761893634822],[10.278789312754652,53.46761893634822]]]}},{"type":"Feature","properties":{"jobs":0,"pop":600,"pointCount":4,"homeWorkCommuteMedian":27782,"workHomeCommuteMedian":-1},"geometry":{"type":"Polygon","coordinates":[[[10.278789312754652,53.47661213998546],[10.278789312754652,53.48560534362271],[10.287782516391898,53.48560534362271],[10.287782516391898,53.47661213998546],[10.278789312754652,53.47661213998546]]]}},{"type":"Feature","properties":{"jobs":300,"pop":100,"pointCount":2,"homeWorkCommuteMedian":25922,"workHomeCommuteMedian":22763},"geometry":{"type":"Polygon","coordinates":[[[10.278789312754652,53.48560534362271],[10.278789312754652,53.494598547259955],[10.287782516391898,53.494598547259955],[10.287782516391898,53.48560534362271],[10.278789312754652,53.48560534362271]]]}},{"type":"Feature","properties":{"jobs":0,"pop":100,"pointCount":1,"homeWorkCommuteMedian":23097,"workHomeCommuteMedian":-1},"geometry":{"type":"Polygon","coordinates":[[[10.278789312754652,53.494598547259955],[10.278789312754652,53.5035917508972],[10.287782516391898,53.5035917508972],[10.287782516391898,53.494598547259955],[10.278789312754652,53.494598547259955]]]}},{"type":"Feature","properties":{"jobs":0,"pop":100,"pointCount":1,"homeWorkCommuteMedian":29481,"workHomeCommuteMedian":-1},"geometry":{"type":"Polygon","coordinates":[[[10.278789312754652,53.51258495453445],[10.278789312754652,53.52157815817169],[10.287782516391898,53.52157815817169],[10.287782516391898,53.51258495453445],[10.278789312754652,53.51258495453445]]]}},{"type":"Feature","properties":{"jobs":0,"pop":100,"pointCount":1,"homeWorkCommuteMedian":61546,"workHomeCommuteMedian":-1},"geometry":{"type":"Polygon","coordinates":[[[10.278789312754652,53.52157815817169],[10.278789312754652,53.53057136180894],[10.287782516391898,53.53057136180894],[10.287782516391898,53.52157815817169],[10.278789312754652,53.52157815817169]]]}},{"type":"Feature","properties":{"jobs":0,"pop":300,"pointCount":3,"homeWorkCommuteMedian":17055,"workHomeCommuteMedian":-1},"geometry":{"type":"Polygon","coordinates":[[[10.278789312754652,53.539564565446184],[10.278789312754652,53.54855776908343],[10.287782516391898,53.54855776908343],[10.287782516391898,53.539564565446184],[10.278789312754652,53.539564565446184]]]}},{"type":"Feature","properties":{"jobs":0,"pop":100,"pointCount":1,"homeWorkCommuteMedian":31263,"workHomeCommuteMedian":-1},"geometry":{"type":"Polygon","coordinates":[[[10.278789312754652,53.54855776908343],[10.278789312754652,53.557550972720676],[10.287782516391898,53.557550972720676],[10.287782516391898,53.54855776908343],[10.278789312754652,53.54855776908343]]]}},{"type":"Feature","properties":{"jobs":600,"pop":0,"pointCount":1,"homeWorkCommuteMedian":-1,"workHomeCommuteMedian":50513},"geometry":{"type":"Polygon","coordinates":[[[10.278789312754652,53.63848980545589],[10.278789312754652,53.647483009093136],[10.287782516391898,53.647483009093136],[10.287782516391898,53.63848980545589],[10.278789312754652,53.63848980545589]]]}},{"type":"Feature","properties":{"jobs":300,"pop":900,"pointCount":6,"homeWorkCommuteMedian":22816,"workHomeCommuteMedian":27903},"geometry":{"type":"Polygon","coordinates":[[[10.278789312754652,53.647483009093136],[10.278789312754652,53.65647621273038],[10.287782516391898,53.65647621273038],[10.287782516391898,53.647483009093136],[10.278789312754652,53.647483009093136]]]}},{"type":"Feature","properties":{"jobs":2900,"pop":400,"pointCount":7,"homeWorkCommuteMedian":27210,"workHomeCommuteMedian":23998},"geometry":{"type":"Polygon","coordinates":[[[10.278789312754652,53.65647621273038],[10.278789312754652,53.66546941636763],[10.287782516391898,53.66546941636763],[10.287782516391898,53.65647621273038],[10.278789312754652,53.65647621273038]]]}},{"type":"Feature","properties":{"jobs":0,"pop":550,"pointCount":4,"homeWorkCommuteMedian":33153,"workHomeCommuteMedian":-1},"geometry":{"type":"Polygon","coordinates":[[[10.278789312754652,53.66546941636763],[10.278789312754652,53.674462620004874],[10.287782516391898,53.674462620004874],[10.287782516391898,53.66546941636763],[10.278789312754652,53.66546941636763]]]}},{"type":"Feature","properties":{"jobs":100,"pop":500,"pointCount":5,"homeWorkCommuteMedian":27170,"workHomeCommuteMedian":42487},"geometry":{"type":"Polygon","coordinates":[[[10.278789312754652,53.719428638191104],[10.278789312754652,53.72842184182835],[10.287782516391898,53.72842184182835],[10.287782516391898,53.719428638191104],[10.278789312754652,53.719428638191104]]]}},{"type":"Feature","properties":{"jobs":0,"pop":400,"pointCount":4,"homeWorkCommuteMedian":39043,"workHomeCommuteMedian":-1},"geometry":{"type":"Polygon","coordinates":[[[10.278789312754652,53.72842184182835],[10.278789312754652,53.737415045465596],[10.287782516391898,53.737415045465596],[10.287782516391898,53.72842184182835],[10.278789312754652,53.72842184182835]]]}},{"type":"Feature","properties":{"jobs":0,"pop":100,"pointCount":1,"homeWorkCommuteMedian":35018,"workHomeCommuteMedian":-1},"geometry":{"type":"Polygon","coordinates":[[[10.278789312754652,53.75540145274009],[10.278789312754652,53.764394656377334],[10.287782516391898,53.764394656377334],[10.287782516391898,53.75540145274009],[10.278789312754652,53.75540145274009]]]}},{"type":"Feature","properties":{"jobs":0,"pop":100,"pointCount":1,"homeWorkCommuteMedian":40795,"workHomeCommuteMedian":-1},"geometry":{"type":"Polygon","coordinates":[[[10.287782516391898,53.359700492701265],[10.287782516391898,53.36869369633851],[10.296775720029144,53.36869369633851],[10.296775720029144,53.359700492701265],[10.287782516391898,53.359700492701265]]]}},{"type":"Feature","properties":{"jobs":600,"pop":0,"pointCount":1,"homeWorkCommuteMedian":-1,"workHomeCommuteMedian":54363},"geometry":{"type":"Polygon","coordinates":[[[10.287782516391898,53.36869369633851],[10.287782516391898,53.37768689997576],[10.296775720029144,53.37768689997576],[10.296775720029144,53.36869369633851],[10.287782516391898,53.36869369633851]]]}},{"type":"Feature","properties":{"jobs":300,"pop":200,"pointCount":3,"homeWorkCommuteMedian":50925,"workHomeCommuteMedian":44998},"geometry":{"type":"Polygon","coordinates":[[[10.287782516391898,53.41365971452474],[10.287782516391898,53.42265291816199],[10.296775720029144,53.42265291816199],[10.296775720029144,53.41365971452474],[10.287782516391898,53.41365971452474]]]}},{"type":"Feature","properties":{"jobs":200,"pop":100,"pointCount":2,"homeWorkCommuteMedian":40277,"workHomeCommuteMedian":31516},"geometry":{"type":"Polygon","coordinates":[[[10.287782516391898,53.42265291816199],[10.287782516391898,53.43164612179923],[10.296775720029144,53.43164612179923],[10.296775720029144,53.42265291816199],[10.287782516391898,53.42265291816199]]]}},{"type":"Feature","properties":{"jobs":0,"pop":100,"pointCount":1,"homeWorkCommuteMedian":61546,"workHomeCommuteMedian":-1},"geometry":{"type":"Polygon","coordinates":[[[10.287782516391898,53.45862573271097],[10.287782516391898,53.46761893634822],[10.296775720029144,53.46761893634822],[10.296775720029144,53.45862573271097],[10.287782516391898,53.45862573271097]]]}},{"type":"Feature","properties":{"jobs":0,"pop":100,"pointCount":1,"homeWorkCommuteMedian":28447,"workHomeCommuteMedian":-1},"geometry":{"type":"Polygon","coordinates":[[[10.287782516391898,53.46761893634822],[10.287782516391898,53.47661213998546],[10.296775720029144,53.47661213998546],[10.296775720029144,53.46761893634822],[10.287782516391898,53.46761893634822]]]}},{"type":"Feature","properties":{"jobs":0,"pop":300,"pointCount":3,"homeWorkCommuteMedian":33814,"workHomeCommuteMedian":-1},"geometry":{"type":"Polygon","coordinates":[[[10.287782516391898,53.47661213998546],[10.287782516391898,53.48560534362271],[10.296775720029144,53.48560534362271],[10.296775720029144,53.47661213998546],[10.287782516391898,53.47661213998546]]]}},{"type":"Feature","properties":{"jobs":0,"pop":100,"pointCount":1,"homeWorkCommuteMedian":40080,"workHomeCommuteMedian":-1},"geometry":{"type":"Polygon","coordinates":[[[10.287782516391898,53.48560534362271],[10.287782516391898,53.494598547259955],[10.296775720029144,53.494598547259955],[10.296775720029144,53.48560534362271],[10.287782516391898,53.48560534362271]]]}},{"type":"Feature","properties":{"jobs":0,"pop":100,"pointCount":1,"homeWorkCommuteMedian":26984,"workHomeCommuteMedian":-1},"geometry":{"type":"Polygon","coordinates":[[[10.287782516391898,53.5035917508972],[10.287782516391898,53.51258495453445],[10.296775720029144,53.51258495453445],[10.296775720029144,53.5035917508972],[10.287782516391898,53.5035917508972]]]}},{"type":"Feature","properties":{"jobs":0,"pop":100,"pointCount":1,"homeWorkCommuteMedian":27712,"workHomeCommuteMedian":-1},"geometry":{"type":"Polygon","coordinates":[[[10.287782516391898,53.51258495453445],[10.287782516391898,53.52157815817169],[10.296775720029144,53.52157815817169],[10.296775720029144,53.51258495453445],[10.287782516391898,53.51258495453445]]]}},{"type":"Feature","properties":{"jobs":0,"pop":100,"pointCount":1,"homeWorkCommuteMedian":28940,"workHomeCommuteMedian":-1},"geometry":{"type":"Polygon","coordinates":[[[10.287782516391898,53.52157815817169],[10.287782516391898,53.53057136180894],[10.296775720029144,53.53057136180894],[10.296775720029144,53.52157815817169],[10.287782516391898,53.52157815817169]]]}},{"type":"Feature","properties":{"jobs":100,"pop":0,"pointCount":1,"homeWorkCommuteMedian":-1,"workHomeCommuteMedian":22936},"geometry":{"type":"Polygon","coordinates":[[[10.287782516391898,53.57553737999517],[10.287782516391898,53.584530583632414],[10.296775720029144,53.584530583632414],[10.296775720029144,53.57553737999517],[10.287782516391898,53.57553737999517]]]}},{"type":"Feature","properties":{"jobs":100,"pop":300,"pointCount":2,"homeWorkCommuteMedian":18859,"workHomeCommuteMedian":13875},"geometry":{"type":"Polygon","coordinates":[[[10.287782516391898,53.584530583632414],[10.287782516391898,53.59352378726966],[10.296775720029144,53.59352378726966],[10.296775720029144,53.584530583632414],[10.287782516391898,53.584530583632414]]]}},{"type":"Feature","properties":{"jobs":0,"pop":100,"pointCount":1,"homeWorkCommuteMedian":39557,"workHomeCommuteMedian":-1},"geometry":{"type":"Polygon","coordinates":[[[10.287782516391898,53.602516990906906],[10.287782516391898,53.61151019454415],[10.296775720029144,53.61151019454415],[10.296775720029144,53.602516990906906],[10.287782516391898,53.602516990906906]]]}},{"type":"Feature","properties":{"jobs":200,"pop":300,"pointCount":4,"homeWorkCommuteMedian":28041,"workHomeCommuteMedian":30396},"geometry":{"type":"Polygon","coordinates":[[[10.287782516391898,53.629496601818644],[10.287782516391898,53.63848980545589],[10.296775720029144,53.63848980545589],[10.296775720029144,53.629496601818644],[10.287782516391898,53.629496601818644]]]}},{"type":"Feature","properties":{"jobs":200,"pop":200,"pointCount":3,"homeWorkCommuteMedian":18558,"workHomeCommuteMedian":41783},"geometry":{"type":"Polygon","coordinates":[[[10.287782516391898,53.63848980545589],[10.287782516391898,53.647483009093136],[10.296775720029144,53.647483009093136],[10.296775720029144,53.63848980545589],[10.287782516391898,53.63848980545589]]]}},{"type":"Feature","properties":{"jobs":0,"pop":100,"pointCount":1,"homeWorkCommuteMedian":15751,"workHomeCommuteMedian":-1},"geometry":{"type":"Polygon","coordinates":[[[10.287782516391898,53.647483009093136],[10.287782516391898,53.65647621273038],[10.296775720029144,53.65647621273038],[10.296775720029144,53.647483009093136],[10.287782516391898,53.647483009093136]]]}},{"type":"Feature","properties":{"jobs":0,"pop":400,"pointCount":3,"homeWorkCommuteMedian":21232,"workHomeCommuteMedian":-1},"geometry":{"type":"Polygon","coordinates":[[[10.287782516391898,53.65647621273038],[10.287782516391898,53.66546941636763],[10.296775720029144,53.66546941636763],[10.296775720029144,53.65647621273038],[10.287782516391898,53.65647621273038]]]}},{"type":"Feature","properties":{"jobs":0,"pop":100,"pointCount":1,"homeWorkCommuteMedian":26135,"workHomeCommuteMedian":-1},"geometry":{"type":"Polygon","coordinates":[[[10.287782516391898,53.66546941636763],[10.287782516391898,53.674462620004874],[10.296775720029144,53.674462620004874],[10.296775720029144,53.66546941636763],[10.287782516391898,53.66546941636763]]]}},{"type":"Feature","properties":{"jobs":0,"pop":200,"pointCount":1,"homeWorkCommuteMedian":37705,"workHomeCommuteMedian":-1},"geometry":{"type":"Polygon","coordinates":[[[10.287782516391898,53.71043543455386],[10.287782516391898,53.719428638191104],[10.296775720029144,53.719428638191104],[10.296775720029144,53.71043543455386],[10.287782516391898,53.71043543455386]]]}},{"type":"Feature","properties":{"jobs":0,"pop":100,"pointCount":1,"homeWorkCommuteMedian":21811,"workHomeCommuteMedian":-1},"geometry":{"type":"Polygon","coordinates":[[[10.287782516391898,53.719428638191104],[10.287782516391898,53.72842184182835],[10.296775720029144,53.72842184182835],[10.296775720029144,53.719428638191104],[10.287782516391898,53.719428638191104]]]}},{"type":"Feature","properties":{"jobs":0,"pop":100,"pointCount":1,"homeWorkCommuteMedian":36981,"workHomeCommuteMedian":-1},"geometry":{"type":"Polygon","coordinates":[[[10.287782516391898,53.72842184182835],[10.287782516391898,53.737415045465596],[10.296775720029144,53.737415045465596],[10.296775720029144,53.72842184182835],[10.287782516391898,53.72842184182835]]]}},{"type":"Feature","properties":{"jobs":0,"pop":200,"pointCount":2,"homeWorkCommuteMedian":34626,"workHomeCommuteMedian":-1},"geometry":{"type":"Polygon","coordinates":[[[10.287782516391898,53.764394656377334],[10.287782516391898,53.77338786001458],[10.296775720029144,53.77338786001458],[10.296775720029144,53.764394656377334],[10.287782516391898,53.764394656377334]]]}},{"type":"Feature","properties":{"jobs":0,"pop":100,"pointCount":1,"homeWorkCommuteMedian":31971,"workHomeCommuteMedian":-1},"geometry":{"type":"Polygon","coordinates":[[[10.287782516391898,53.782381063651826],[10.287782516391898,53.79137426728907],[10.296775720029144,53.79137426728907],[10.296775720029144,53.782381063651826],[10.287782516391898,53.782381063651826]]]}},{"type":"Feature","properties":{"jobs":200,"pop":0,"pointCount":1,"homeWorkCommuteMedian":-1,"workHomeCommuteMedian":56073},"geometry":{"type":"Polygon","coordinates":[[[10.287782516391898,53.854326692749794],[10.287782516391898,53.86331989638704],[10.296775720029144,53.86331989638704],[10.296775720029144,53.854326692749794],[10.287782516391898,53.854326692749794]]]}},{"type":"Feature","properties":{"jobs":0,"pop":100,"pointCount":1,"homeWorkCommuteMedian":31979,"workHomeCommuteMedian":-1},"geometry":{"type":"Polygon","coordinates":[[[10.287782516391898,53.86331989638704],[10.287782516391898,53.872313100024286],[10.296775720029144,53.872313100024286],[10.296775720029144,53.86331989638704],[10.287782516391898,53.86331989638704]]]}},{"type":"Feature","properties":{"jobs":200,"pop":0,"pointCount":2,"homeWorkCommuteMedian":-1,"workHomeCommuteMedian":63283},"geometry":{"type":"Polygon","coordinates":[[[10.287782516391898,53.872313100024286],[10.287782516391898,53.88130630366153],[10.296775720029144,53.88130630366153],[10.296775720029144,53.872313100024286],[10.287782516391898,53.872313100024286]]]}},{"type":"Feature","properties":{"jobs":200,"pop":100,"pointCount":3,"homeWorkCommuteMedian":32037,"workHomeCommuteMedian":53713},"geometry":{"type":"Polygon","coordinates":[[[10.287782516391898,53.89029950729878],[10.287782516391898,53.899292710936024],[10.296775720029144,53.899292710936024],[10.296775720029144,53.89029950729878],[10.287782516391898,53.89029950729878]]]}},{"type":"Feature","properties":{"jobs":0,"pop":300,"pointCount":3,"homeWorkCommuteMedian":45674,"workHomeCommuteMedian":-1},"geometry":{"type":"Polygon","coordinates":[[[10.296775720029144,53.359700492701265],[10.296775720029144,53.36869369633851],[10.30576892366639,53.36869369633851],[10.30576892366639,53.359700492701265],[10.296775720029144,53.359700492701265]]]}},{"type":"Feature","properties":{"jobs":0,"pop":100,"pointCount":1,"homeWorkCommuteMedian":46936,"workHomeCommuteMedian":-1},"geometry":{"type":"Polygon","coordinates":[[[10.296775720029144,53.36869369633851],[10.296775720029144,53.37768689997576],[10.30576892366639,53.37768689997576],[10.30576892366639,53.36869369633851],[10.296775720029144,53.36869369633851]]]}},{"type":"Feature","properties":{"jobs":0,"pop":100,"pointCount":1,"homeWorkCommuteMedian":49128,"workHomeCommuteMedian":-1},"geometry":{"type":"Polygon","coordinates":[[[10.296775720029144,53.41365971452474],[10.296775720029144,53.42265291816199],[10.30576892366639,53.42265291816199],[10.30576892366639,53.41365971452474],[10.296775720029144,53.41365971452474]]]}},{"type":"Feature","properties":{"jobs":100,"pop":0,"pointCount":1,"homeWorkCommuteMedian":-1,"workHomeCommuteMedian":49529},"geometry":{"type":"Polygon","coordinates":[[[10.296775720029144,53.42265291816199],[10.296775720029144,53.43164612179923],[10.30576892366639,53.43164612179923],[10.30576892366639,53.42265291816199],[10.296775720029144,53.42265291816199]]]}},{"type":"Feature","properties":{"jobs":0,"pop":200,"pointCount":1,"homeWorkCommuteMedian":40752,"workHomeCommuteMedian":-1},"geometry":{"type":"Polygon","coordinates":[[[10.296775720029144,53.43164612179923],[10.296775720029144,53.44063932543648],[10.30576892366639,53.44063932543648],[10.30576892366639,53.43164612179923],[10.296775720029144,53.43164612179923]]]}},{"type":"Feature","properties":{"jobs":0,"pop":300,"pointCount":3,"homeWorkCommuteMedian":32208,"workHomeCommuteMedian":-1},"geometry":{"type":"Polygon","coordinates":[[[10.296775720029144,53.45862573271097],[10.296775720029144,53.46761893634822],[10.30576892366639,53.46761893634822],[10.30576892366639,53.45862573271097],[10.296775720029144,53.45862573271097]]]}},{"type":"Feature","properties":{"jobs":0,"pop":200,"pointCount":1,"homeWorkCommuteMedian":38381,"workHomeCommuteMedian":-1},"geometry":{"type":"Polygon","coordinates":[[[10.296775720029144,53.46761893634822],[10.296775720029144,53.47661213998546],[10.30576892366639,53.47661213998546],[10.30576892366639,53.46761893634822],[10.296775720029144,53.46761893634822]]]}},{"type":"Feature","properties":{"jobs":0,"pop":200,"pointCount":2,"homeWorkCommuteMedian":45373,"workHomeCommuteMedian":-1},"geometry":{"type":"Polygon","coordinates":[[[10.296775720029144,53.5035917508972],[10.296775720029144,53.51258495453445],[10.30576892366639,53.51258495453445],[10.30576892366639,53.5035917508972],[10.296775720029144,53.5035917508972]]]}},{"type":"Feature","properties":{"jobs":500,"pop":0,"pointCount":1,"homeWorkCommuteMedian":-1,"workHomeCommuteMedian":23133},"geometry":{"type":"Polygon","coordinates":[[[10.296775720029144,53.51258495453445],[10.296775720029144,53.52157815817169],[10.30576892366639,53.52157815817169],[10.30576892366639,53.51258495453445],[10.296775720029144,53.51258495453445]]]}},{"type":"Feature","properties":{"jobs":600,"pop":800,"pointCount":8,"homeWorkCommuteMedian":24502,"workHomeCommuteMedian":26435},"geometry":{"type":"Polygon","coordinates":[[[10.296775720029144,53.52157815817169],[10.296775720029144,53.53057136180894],[10.30576892366639,53.53057136180894],[10.30576892366639,53.52157815817169],[10.296775720029144,53.52157815817169]]]}},{"type":"Feature","properties":{"jobs":300,"pop":0,"pointCount":2,"homeWorkCommuteMedian":-1,"workHomeCommuteMedian":27135},"geometry":{"type":"Polygon","coordinates":[[[10.296775720029144,53.539564565446184],[10.296775720029144,53.54855776908343],[10.30576892366639,53.54855776908343],[10.30576892366639,53.539564565446184],[10.296775720029144,53.539564565446184]]]}},{"type":"Feature","properties":{"jobs":400,"pop":0,"pointCount":2,"homeWorkCommuteMedian":-1,"workHomeCommuteMedian":23316},"geometry":{"type":"Polygon","coordinates":[[[10.296775720029144,53.629496601818644],[10.296775720029144,53.63848980545589],[10.30576892366639,53.63848980545589],[10.30576892366639,53.629496601818644],[10.296775720029144,53.629496601818644]]]}},{"type":"Feature","properties":{"jobs":100,"pop":0,"pointCount":1,"homeWorkCommuteMedian":-1,"workHomeCommuteMedian":34361},"geometry":{"type":"Polygon","coordinates":[[[10.296775720029144,53.782381063651826],[10.296775720029144,53.79137426728907],[10.30576892366639,53.79137426728907],[10.30576892366639,53.782381063651826],[10.296775720029144,53.782381063651826]]]}},{"type":"Feature","properties":{"jobs":0,"pop":200,"pointCount":2,"homeWorkCommuteMedian":42304,"workHomeCommuteMedian":-1},"geometry":{"type":"Polygon","coordinates":[[[10.296775720029144,53.80036747092632],[10.296775720029144,53.809360674563564],[10.30576892366639,53.809360674563564],[10.30576892366639,53.80036747092632],[10.296775720029144,53.80036747092632]]]}},{"type":"Feature","properties":{"jobs":0,"pop":300,"pointCount":2,"homeWorkCommuteMedian":27333,"workHomeCommuteMedian":-1},"geometry":{"type":"Polygon","coordinates":[[[10.296775720029144,53.8363402854753],[10.296775720029144,53.84533348911255],[10.30576892366639,53.84533348911255],[10.30576892366639,53.8363402854753],[10.296775720029144,53.8363402854753]]]}},{"type":"Feature","properties":{"jobs":400,"pop":200,"pointCount":4,"homeWorkCommuteMedian":49668,"workHomeCommuteMedian":59466},"geometry":{"type":"Polygon","coordinates":[[[10.296775720029144,53.872313100024286],[10.296775720029144,53.88130630366153],[10.30576892366639,53.88130630366153],[10.30576892366639,53.872313100024286],[10.296775720029144,53.872313100024286]]]}},{"type":"Feature","properties":{"jobs":0,"pop":100,"pointCount":1,"homeWorkCommuteMedian":98114,"workHomeCommuteMedian":-1},"geometry":{"type":"Polygon","coordinates":[[[10.296775720029144,53.89029950729878],[10.296775720029144,53.899292710936024],[10.30576892366639,53.899292710936024],[10.30576892366639,53.89029950729878],[10.296775720029144,53.89029950729878]]]}},{"type":"Feature","properties":{"jobs":100,"pop":100,"pointCount":1,"homeWorkCommuteMedian":25658,"workHomeCommuteMedian":43735},"geometry":{"type":"Polygon","coordinates":[[[10.30576892366639,53.359700492701265],[10.30576892366639,53.36869369633851],[10.314762127303636,53.36869369633851],[10.314762127303636,53.359700492701265],[10.30576892366639,53.359700492701265]]]}},{"type":"Feature","properties":{"jobs":100,"pop":100,"pointCount":1,"homeWorkCommuteMedian":56530,"workHomeCommuteMedian":20121},"geometry":{"type":"Polygon","coordinates":[[[10.30576892366639,53.404666510887495],[10.30576892366639,53.41365971452474],[10.314762127303636,53.41365971452474],[10.314762127303636,53.404666510887495],[10.30576892366639,53.404666510887495]]]}},{"type":"Feature","properties":{"jobs":0,"pop":100,"pointCount":1,"homeWorkCommuteMedian":32766,"workHomeCommuteMedian":-1},"geometry":{"type":"Polygon","coordinates":[[[10.30576892366639,53.42265291816199],[10.30576892366639,53.43164612179923],[10.314762127303636,53.43164612179923],[10.314762127303636,53.42265291816199],[10.30576892366639,53.42265291816199]]]}},{"type":"Feature","properties":{"jobs":0,"pop":200,"pointCount":2,"homeWorkCommuteMedian":73213,"workHomeCommuteMedian":-1},"geometry":{"type":"Polygon","coordinates":[[[10.30576892366639,53.44063932543648],[10.30576892366639,53.449632529073725],[10.314762127303636,53.449632529073725],[10.314762127303636,53.44063932543648],[10.30576892366639,53.44063932543648]]]}},{"type":"Feature","properties":{"jobs":600,"pop":300,"pointCount":5,"homeWorkCommuteMedian":25833,"workHomeCommuteMedian":31308},"geometry":{"type":"Polygon","coordinates":[[[10.30576892366639,53.45862573271097],[10.30576892366639,53.46761893634822],[10.314762127303636,53.46761893634822],[10.314762127303636,53.45862573271097],[10.30576892366639,53.45862573271097]]]}},{"type":"Feature","properties":{"jobs":0,"pop":100,"pointCount":1,"homeWorkCommuteMedian":29488,"workHomeCommuteMedian":-1},"geometry":{"type":"Polygon","coordinates":[[[10.30576892366639,53.46761893634822],[10.30576892366639,53.47661213998546],[10.314762127303636,53.47661213998546],[10.314762127303636,53.46761893634822],[10.30576892366639,53.46761893634822]]]}},{"type":"Feature","properties":{"jobs":0,"pop":100,"pointCount":1,"homeWorkCommuteMedian":22586,"workHomeCommuteMedian":-1},"geometry":{"type":"Polygon","coordinates":[[[10.30576892366639,53.494598547259955],[10.30576892366639,53.5035917508972],[10.314762127303636,53.5035917508972],[10.314762127303636,53.494598547259955],[10.30576892366639,53.494598547259955]]]}},{"type":"Feature","properties":{"jobs":0,"pop":100,"pointCount":1,"homeWorkCommuteMedian":21664,"workHomeCommuteMedian":-1},"geometry":{"type":"Polygon","coordinates":[[[10.30576892366639,53.5035917508972],[10.30576892366639,53.51258495453445],[10.314762127303636,53.51258495453445],[10.314762127303636,53.5035917508972],[10.30576892366639,53.5035917508972]]]}},{"type":"Feature","properties":{"jobs":0,"pop":100,"pointCount":1,"homeWorkCommuteMedian":20835,"workHomeCommuteMedian":-1},"geometry":{"type":"Polygon","coordinates":[[[10.30576892366639,53.51258495453445],[10.30576892366639,53.52157815817169],[10.314762127303636,53.52157815817169],[10.314762127303636,53.51258495453445],[10.30576892366639,53.51258495453445]]]}},{"type":"Feature","properties":{"jobs":500,"pop":500,"pointCount":7,"homeWorkCommuteMedian":25867,"workHomeCommuteMedian":25010},"geometry":{"type":"Polygon","coordinates":[[[10.30576892366639,53.52157815817169],[10.30576892366639,53.53057136180894],[10.314762127303636,53.53057136180894],[10.314762127303636,53.52157815817169],[10.30576892366639,53.52157815817169]]]}},{"type":"Feature","properties":{"jobs":0,"pop":100,"pointCount":1,"homeWorkCommuteMedian":46561,"workHomeCommuteMedian":-1},"geometry":{"type":"Polygon","coordinates":[[[10.30576892366639,53.629496601818644],[10.30576892366639,53.63848980545589],[10.314762127303636,53.63848980545589],[10.314762127303636,53.629496601818644],[10.30576892366639,53.629496601818644]]]}},{"type":"Feature","properties":{"jobs":0,"pop":200,"pointCount":2,"homeWorkCommuteMedian":61613,"workHomeCommuteMedian":-1},"geometry":{"type":"Polygon","coordinates":[[[10.30576892366639,53.63848980545589],[10.30576892366639,53.647483009093136],[10.314762127303636,53.647483009093136],[10.314762127303636,53.63848980545589],[10.30576892366639,53.63848980545589]]]}},{"type":"Feature","properties":{"jobs":0,"pop":100,"pointCount":1,"homeWorkCommuteMedian":13372,"workHomeCommuteMedian":-1},"geometry":{"type":"Polygon","coordinates":[[[10.30576892366639,53.647483009093136],[10.30576892366639,53.65647621273038],[10.314762127303636,53.65647621273038],[10.314762127303636,53.647483009093136],[10.30576892366639,53.647483009093136]]]}},{"type":"Feature","properties":{"jobs":400,"pop":100,"pointCount":2,"homeWorkCommuteMedian":29657,"workHomeCommuteMedian":46460},"geometry":{"type":"Polygon","coordinates":[[[10.30576892366639,53.65647621273038],[10.30576892366639,53.66546941636763],[10.314762127303636,53.66546941636763],[10.314762127303636,53.65647621273038],[10.30576892366639,53.65647621273038]]]}},{"type":"Feature","properties":{"jobs":0,"pop":200,"pointCount":1,"homeWorkCommuteMedian":32711,"workHomeCommuteMedian":-1},"geometry":{"type":"Polygon","coordinates":[[[10.30576892366639,53.70144223091661],[10.30576892366639,53.71043543455386],[10.314762127303636,53.71043543455386],[10.314762127303636,53.70144223091661],[10.30576892366639,53.70144223091661]]]}},{"type":"Feature","properties":{"jobs":0,"pop":200,"pointCount":2,"homeWorkCommuteMedian":54568,"workHomeCommuteMedian":-1},"geometry":{"type":"Polygon","coordinates":[[[10.30576892366639,53.71043543455386],[10.30576892366639,53.719428638191104],[10.314762127303636,53.719428638191104],[10.314762127303636,53.71043543455386],[10.30576892366639,53.71043543455386]]]}},{"type":"Feature","properties":{"jobs":0,"pop":100,"pointCount":1,"homeWorkCommuteMedian":36135,"workHomeCommuteMedian":-1},"geometry":{"type":"Polygon","coordinates":[[[10.30576892366639,53.72842184182835],[10.30576892366639,53.737415045465596],[10.314762127303636,53.737415045465596],[10.314762127303636,53.72842184182835],[10.30576892366639,53.72842184182835]]]}},{"type":"Feature","properties":{"jobs":0,"pop":400,"pointCount":3,"homeWorkCommuteMedian":53950,"workHomeCommuteMedian":-1},"geometry":{"type":"Polygon","coordinates":[[[10.30576892366639,53.737415045465596],[10.30576892366639,53.74640824910284],[10.314762127303636,53.74640824910284],[10.314762127303636,53.737415045465596],[10.30576892366639,53.737415045465596]]]}},{"type":"Feature","properties":{"jobs":0,"pop":100,"pointCount":1,"homeWorkCommuteMedian":31800,"workHomeCommuteMedian":-1},"geometry":{"type":"Polygon","coordinates":[[[10.30576892366639,53.74640824910284],[10.30576892366639,53.75540145274009],[10.314762127303636,53.75540145274009],[10.314762127303636,53.74640824910284],[10.30576892366639,53.74640824910284]]]}},{"type":"Feature","properties":{"jobs":0,"pop":100,"pointCount":1,"homeWorkCommuteMedian":44378,"workHomeCommuteMedian":-1},"geometry":{"type":"Polygon","coordinates":[[[10.314762127303636,53.41365971452474],[10.314762127303636,53.42265291816199],[10.323755330940882,53.42265291816199],[10.323755330940882,53.41365971452474],[10.314762127303636,53.41365971452474]]]}},{"type":"Feature","properties":{"jobs":0,"pop":100,"pointCount":1,"homeWorkCommuteMedian":28074,"workHomeCommuteMedian":-1},"geometry":{"type":"Polygon","coordinates":[[[10.314762127303636,53.42265291816199],[10.314762127303636,53.43164612179923],[10.323755330940882,53.43164612179923],[10.323755330940882,53.42265291816199],[10.314762127303636,53.42265291816199]]]}},{"type":"Feature","properties":{"jobs":100,"pop":100,"pointCount":2,"homeWorkCommuteMedian":31364,"workHomeCommuteMedian":40730},"geometry":{"type":"Polygon","coordinates":[[[10.314762127303636,53.45862573271097],[10.314762127303636,53.46761893634822],[10.323755330940882,53.46761893634822],[10.323755330940882,53.45862573271097],[10.314762127303636,53.45862573271097]]]}},{"type":"Feature","properties":{"jobs":200,"pop":0,"pointCount":1,"homeWorkCommuteMedian":-1,"workHomeCommuteMedian":70724},"geometry":{"type":"Polygon","coordinates":[[[10.314762127303636,53.46761893634822],[10.314762127303636,53.47661213998546],[10.323755330940882,53.47661213998546],[10.323755330940882,53.46761893634822],[10.314762127303636,53.46761893634822]]]}},{"type":"Feature","properties":{"jobs":0,"pop":350,"pointCount":2,"homeWorkCommuteMedian":36654,"workHomeCommuteMedian":-1},"geometry":{"type":"Polygon","coordinates":[[[10.314762127303636,53.48560534362271],[10.314762127303636,53.494598547259955],[10.323755330940882,53.494598547259955],[10.323755330940882,53.48560534362271],[10.314762127303636,53.48560534362271]]]}},{"type":"Feature","properties":{"jobs":0,"pop":200,"pointCount":2,"homeWorkCommuteMedian":55481,"workHomeCommuteMedian":-1},"geometry":{"type":"Polygon","coordinates":[[[10.314762127303636,53.494598547259955],[10.314762127303636,53.5035917508972],[10.323755330940882,53.5035917508972],[10.323755330940882,53.494598547259955],[10.314762127303636,53.494598547259955]]]}},{"type":"Feature","properties":{"jobs":0,"pop":100,"pointCount":1,"homeWorkCommuteMedian":26519,"workHomeCommuteMedian":-1},"geometry":{"type":"Polygon","coordinates":[[[10.314762127303636,53.51258495453445],[10.314762127303636,53.52157815817169],[10.323755330940882,53.52157815817169],[10.323755330940882,53.51258495453445],[10.314762127303636,53.51258495453445]]]}},{"type":"Feature","properties":{"jobs":300,"pop":500,"pointCount":7,"homeWorkCommuteMedian":33865,"workHomeCommuteMedian":23796},"geometry":{"type":"Polygon","coordinates":[[[10.314762127303636,53.52157815817169],[10.314762127303636,53.53057136180894],[10.323755330940882,53.53057136180894],[10.323755330940882,53.52157815817169],[10.314762127303636,53.52157815817169]]]}},{"type":"Feature","properties":{"jobs":0,"pop":100,"pointCount":1,"homeWorkCommuteMedian":34153,"workHomeCommuteMedian":-1},"geometry":{"type":"Polygon","coordinates":[[[10.314762127303636,53.56654417635792],[10.314762127303636,53.57553737999517],[10.323755330940882,53.57553737999517],[10.323755330940882,53.56654417635792],[10.314762127303636,53.56654417635792]]]}},{"type":"Feature","properties":{"jobs":0,"pop":200,"pointCount":1,"homeWorkCommuteMedian":34471,"workHomeCommuteMedian":-1},"geometry":{"type":"Polygon","coordinates":[[[10.314762127303636,53.647483009093136],[10.314762127303636,53.65647621273038],[10.323755330940882,53.65647621273038],[10.323755330940882,53.647483009093136],[10.314762127303636,53.647483009093136]]]}},{"type":"Feature","properties":{"jobs":0,"pop":100,"pointCount":1,"homeWorkCommuteMedian":16345,"workHomeCommuteMedian":-1},"geometry":{"type":"Polygon","coordinates":[[[10.314762127303636,53.65647621273038],[10.314762127303636,53.66546941636763],[10.323755330940882,53.66546941636763],[10.323755330940882,53.65647621273038],[10.314762127303636,53.65647621273038]]]}},{"type":"Feature","properties":{"jobs":300,"pop":100,"pointCount":3,"homeWorkCommuteMedian":60728,"workHomeCommuteMedian":27097},"geometry":{"type":"Polygon","coordinates":[[[10.314762127303636,53.692449027279366],[10.314762127303636,53.70144223091661],[10.323755330940882,53.70144223091661],[10.323755330940882,53.692449027279366],[10.314762127303636,53.692449027279366]]]}},{"type":"Feature","properties":{"jobs":0,"pop":100,"pointCount":1,"homeWorkCommuteMedian":49987,"workHomeCommuteMedian":-1},"geometry":{"type":"Polygon","coordinates":[[[10.314762127303636,53.71043543455386],[10.314762127303636,53.719428638191104],[10.323755330940882,53.719428638191104],[10.323755330940882,53.71043543455386],[10.314762127303636,53.71043543455386]]]}},{"type":"Feature","properties":{"jobs":400,"pop":100,"pointCount":2,"homeWorkCommuteMedian":42419,"workHomeCommuteMedian":28339},"geometry":{"type":"Polygon","coordinates":[[[10.314762127303636,53.81835387820081],[10.314762127303636,53.827347081838056],[10.323755330940882,53.827347081838056],[10.323755330940882,53.81835387820081],[10.314762127303636,53.81835387820081]]]}},{"type":"Feature","properties":{"jobs":100,"pop":550,"pointCount":5,"homeWorkCommuteMedian":49376,"workHomeCommuteMedian":78474},"geometry":{"type":"Polygon","coordinates":[[[10.314762127303636,53.89029950729878],[10.314762127303636,53.899292710936024],[10.323755330940882,53.899292710936024],[10.323755330940882,53.89029950729878],[10.314762127303636,53.89029950729878]]]}},{"type":"Feature","properties":{"jobs":300,"pop":300,"pointCount":4,"homeWorkCommuteMedian":50354,"workHomeCommuteMedian":42212},"geometry":{"type":"Polygon","coordinates":[[[10.323755330940882,53.359700492701265],[10.323755330940882,53.36869369633851],[10.332748534578128,53.36869369633851],[10.332748534578128,53.359700492701265],[10.323755330940882,53.359700492701265]]]}},{"type":"Feature","properties":{"jobs":200,"pop":100,"pointCount":1,"homeWorkCommuteMedian":15913,"workHomeCommuteMedian":24720},"geometry":{"type":"Polygon","coordinates":[[[10.323755330940882,53.404666510887495],[10.323755330940882,53.41365971452474],[10.332748534578128,53.41365971452474],[10.332748534578128,53.404666510887495],[10.323755330940882,53.404666510887495]]]}},{"type":"Feature","properties":{"jobs":200,"pop":400,"pointCount":5,"homeWorkCommuteMedian":38814,"workHomeCommuteMedian":34975},"geometry":{"type":"Polygon","coordinates":[[[10.323755330940882,53.41365971452474],[10.323755330940882,53.42265291816199],[10.332748534578128,53.42265291816199],[10.332748534578128,53.41365971452474],[10.323755330940882,53.41365971452474]]]}},{"type":"Feature","properties":{"jobs":0,"pop":100,"pointCount":1,"homeWorkCommuteMedian":53233,"workHomeCommuteMedian":-1},"geometry":{"type":"Polygon","coordinates":[[[10.323755330940882,53.43164612179923],[10.323755330940882,53.44063932543648],[10.332748534578128,53.44063932543648],[10.332748534578128,53.43164612179923],[10.323755330940882,53.43164612179923]]]}},{"type":"Feature","properties":{"jobs":0,"pop":100,"pointCount":1,"homeWorkCommuteMedian":30600,"workHomeCommuteMedian":-1},"geometry":{"type":"Polygon","coordinates":[[[10.323755330940882,53.44063932543648],[10.323755330940882,53.449632529073725],[10.332748534578128,53.449632529073725],[10.332748534578128,53.44063932543648],[10.323755330940882,53.44063932543648]]]}},{"type":"Feature","properties":{"jobs":0,"pop":100,"pointCount":1,"homeWorkCommuteMedian":31116,"workHomeCommuteMedian":-1},"geometry":{"type":"Polygon","coordinates":[[[10.323755330940882,53.449632529073725],[10.323755330940882,53.45862573271097],[10.332748534578128,53.45862573271097],[10.332748534578128,53.449632529073725],[10.323755330940882,53.449632529073725]]]}},{"type":"Feature","properties":{"jobs":0,"pop":200,"pointCount":2,"homeWorkCommuteMedian":36046,"workHomeCommuteMedian":-1},"geometry":{"type":"Polygon","coordinates":[[[10.323755330940882,53.52157815817169],[10.323755330940882,53.53057136180894],[10.332748534578128,53.53057136180894],[10.332748534578128,53.52157815817169],[10.323755330940882,53.52157815817169]]]}},{"type":"Feature","properties":{"jobs":100,"pop":100,"pointCount":2,"homeWorkCommuteMedian":35056,"workHomeCommuteMedian":25401},"geometry":{"type":"Polygon","coordinates":[[[10.323755330940882,53.557550972720676],[10.323755330940882,53.56654417635792],[10.332748534578128,53.56654417635792],[10.332748534578128,53.557550972720676],[10.323755330940882,53.557550972720676]]]}},{"type":"Feature","properties":{"jobs":300,"pop":0,"pointCount":1,"homeWorkCommuteMedian":-1,"workHomeCommuteMedian":22816},"geometry":{"type":"Polygon","coordinates":[[[10.323755330940882,53.56654417635792],[10.323755330940882,53.57553737999517],[10.332748534578128,53.57553737999517],[10.332748534578128,53.56654417635792],[10.323755330940882,53.56654417635792]]]}},{"type":"Feature","properties":{"jobs":200,"pop":100,"pointCount":2,"homeWorkCommuteMedian":13793,"workHomeCommuteMedian":29841},"geometry":{"type":"Polygon","coordinates":[[[10.323755330940882,53.584530583632414],[10.323755330940882,53.59352378726966],[10.332748534578128,53.59352378726966],[10.332748534578128,53.584530583632414],[10.323755330940882,53.584530583632414]]]}},{"type":"Feature","properties":{"jobs":0,"pop":100,"pointCount":1,"homeWorkCommuteMedian":24000,"workHomeCommuteMedian":-1},"geometry":{"type":"Polygon","coordinates":[[[10.323755330940882,53.59352378726966],[10.323755330940882,53.602516990906906],[10.332748534578128,53.602516990906906],[10.332748534578128,53.59352378726966],[10.323755330940882,53.59352378726966]]]}},{"type":"Feature","properties":{"jobs":0,"pop":200,"pointCount":2,"homeWorkCommuteMedian":19074,"workHomeCommuteMedian":-1},"geometry":{"type":"Polygon","coordinates":[[[10.323755330940882,53.647483009093136],[10.323755330940882,53.65647621273038],[10.332748534578128,53.65647621273038],[10.332748534578128,53.647483009093136],[10.323755330940882,53.647483009093136]]]}},{"type":"Feature","properties":{"jobs":0,"pop":100,"pointCount":1,"homeWorkCommuteMedian":36960,"workHomeCommuteMedian":-1},"geometry":{"type":"Polygon","coordinates":[[[10.323755330940882,53.66546941636763],[10.323755330940882,53.674462620004874],[10.332748534578128,53.674462620004874],[10.332748534578128,53.66546941636763],[10.323755330940882,53.66546941636763]]]}},{"type":"Feature","properties":{"jobs":100,"pop":0,"pointCount":1,"homeWorkCommuteMedian":-1,"workHomeCommuteMedian":20149},"geometry":{"type":"Polygon","coordinates":[[[10.323755330940882,53.692449027279366],[10.323755330940882,53.70144223091661],[10.332748534578128,53.70144223091661],[10.332748534578128,53.692449027279366],[10.323755330940882,53.692449027279366]]]}},{"type":"Feature","properties":{"jobs":100,"pop":0,"pointCount":1,"homeWorkCommuteMedian":-1,"workHomeCommuteMedian":17192},"geometry":{"type":"Polygon","coordinates":[[[10.323755330940882,53.71043543455386],[10.323755330940882,53.719428638191104],[10.332748534578128,53.719428638191104],[10.332748534578128,53.71043543455386],[10.323755330940882,53.71043543455386]]]}},{"type":"Feature","properties":{"jobs":300,"pop":0,"pointCount":1,"homeWorkCommuteMedian":-1,"workHomeCommuteMedian":34064},"geometry":{"type":"Polygon","coordinates":[[[10.323755330940882,53.764394656377334],[10.323755330940882,53.77338786001458],[10.332748534578128,53.77338786001458],[10.332748534578128,53.764394656377334],[10.323755330940882,53.764394656377334]]]}},{"type":"Feature","properties":{"jobs":200,"pop":200,"pointCount":3,"homeWorkCommuteMedian":46732,"workHomeCommuteMedian":44550},"geometry":{"type":"Polygon","coordinates":[[[10.323755330940882,53.79137426728907],[10.323755330940882,53.80036747092632],[10.332748534578128,53.80036747092632],[10.332748534578128,53.79137426728907],[10.323755330940882,53.79137426728907]]]}},{"type":"Feature","properties":{"jobs":0,"pop":100,"pointCount":1,"homeWorkCommuteMedian":40380,"workHomeCommuteMedian":-1},"geometry":{"type":"Polygon","coordinates":[[[10.323755330940882,53.81835387820081],[10.323755330940882,53.827347081838056],[10.332748534578128,53.827347081838056],[10.332748534578128,53.81835387820081],[10.323755330940882,53.81835387820081]]]}},{"type":"Feature","properties":{"jobs":100,"pop":0,"pointCount":1,"homeWorkCommuteMedian":-1,"workHomeCommuteMedian":14967},"geometry":{"type":"Polygon","coordinates":[[[10.323755330940882,53.89029950729878],[10.323755330940882,53.899292710936024],[10.332748534578128,53.899292710936024],[10.332748534578128,53.89029950729878],[10.323755330940882,53.89029950729878]]]}},{"type":"Feature","properties":{"jobs":400,"pop":300,"pointCount":4,"homeWorkCommuteMedian":46494,"workHomeCommuteMedian":49251},"geometry":{"type":"Polygon","coordinates":[[[10.332748534578128,53.359700492701265],[10.332748534578128,53.36869369633851],[10.341741738215374,53.36869369633851],[10.341741738215374,53.359700492701265],[10.332748534578128,53.359700492701265]]]}},{"type":"Feature","properties":{"jobs":100,"pop":0,"pointCount":1,"homeWorkCommuteMedian":-1,"workHomeCommuteMedian":46544},"geometry":{"type":"Polygon","coordinates":[[[10.332748534578128,53.37768689997576],[10.332748534578128,53.386680103613],[10.341741738215374,53.386680103613],[10.341741738215374,53.37768689997576],[10.332748534578128,53.37768689997576]]]}},{"type":"Feature","properties":{"jobs":100,"pop":100,"pointCount":2,"homeWorkCommuteMedian":41592,"workHomeCommuteMedian":24086},"geometry":{"type":"Polygon","coordinates":[[[10.332748534578128,53.41365971452474],[10.332748534578128,53.42265291816199],[10.341741738215374,53.42265291816199],[10.341741738215374,53.41365971452474],[10.332748534578128,53.41365971452474]]]}},{"type":"Feature","properties":{"jobs":0,"pop":200,"pointCount":2,"homeWorkCommuteMedian":38129,"workHomeCommuteMedian":-1},"geometry":{"type":"Polygon","coordinates":[[[10.332748534578128,53.44063932543648],[10.332748534578128,53.449632529073725],[10.341741738215374,53.449632529073725],[10.341741738215374,53.44063932543648],[10.332748534578128,53.44063932543648]]]}},{"type":"Feature","properties":{"jobs":500,"pop":0,"pointCount":2,"homeWorkCommuteMedian":-1,"workHomeCommuteMedian":29316},"geometry":{"type":"Polygon","coordinates":[[[10.332748534578128,53.52157815817169],[10.332748534578128,53.53057136180894],[10.341741738215374,53.53057136180894],[10.341741738215374,53.52157815817169],[10.332748534578128,53.52157815817169]]]}},{"type":"Feature","properties":{"jobs":0,"pop":100,"pointCount":1,"homeWorkCommuteMedian":29499,"workHomeCommuteMedian":-1},"geometry":{"type":"Polygon","coordinates":[[[10.332748534578128,53.557550972720676],[10.332748534578128,53.56654417635792],[10.341741738215374,53.56654417635792],[10.341741738215374,53.557550972720676],[10.332748534578128,53.557550972720676]]]}},{"type":"Feature","properties":{"jobs":300,"pop":200,"pointCount":3,"homeWorkCommuteMedian":31518,"workHomeCommuteMedian":27801},"geometry":{"type":"Polygon","coordinates":[[[10.332748534578128,53.56654417635792],[10.332748534578128,53.57553737999517],[10.341741738215374,53.57553737999517],[10.341741738215374,53.56654417635792],[10.332748534578128,53.56654417635792]]]}},{"type":"Feature","properties":{"jobs":0,"pop":100,"pointCount":1,"homeWorkCommuteMedian":22371,"workHomeCommuteMedian":-1},"geometry":{"type":"Polygon","coordinates":[[[10.332748534578128,53.57553737999517],[10.332748534578128,53.584530583632414],[10.341741738215374,53.584530583632414],[10.341741738215374,53.57553737999517],[10.332748534578128,53.57553737999517]]]}},{"type":"Feature","properties":{"jobs":0,"pop":200,"pointCount":2,"homeWorkCommuteMedian":32657,"workHomeCommuteMedian":-1},"geometry":{"type":"Polygon","coordinates":[[[10.332748534578128,53.602516990906906],[10.332748534578128,53.61151019454415],[10.341741738215374,53.61151019454415],[10.341741738215374,53.602516990906906],[10.332748534578128,53.602516990906906]]]}},{"type":"Feature","properties":{"jobs":400,"pop":300,"pointCount":4,"homeWorkCommuteMedian":21412,"workHomeCommuteMedian":30138},"geometry":{"type":"Polygon","coordinates":[[[10.332748534578128,53.61151019454415],[10.332748534578128,53.6205033981814],[10.341741738215374,53.6205033981814],[10.341741738215374,53.61151019454415],[10.332748534578128,53.61151019454415]]]}},{"type":"Feature","properties":{"jobs":200,"pop":0,"pointCount":1,"homeWorkCommuteMedian":-1,"workHomeCommuteMedian":42981},"geometry":{"type":"Polygon","coordinates":[[[10.332748534578128,53.647483009093136],[10.332748534578128,53.65647621273038],[10.341741738215374,53.65647621273038],[10.341741738215374,53.647483009093136],[10.332748534578128,53.647483009093136]]]}},{"type":"Feature","properties":{"jobs":0,"pop":100,"pointCount":1,"homeWorkCommuteMedian":15396,"workHomeCommuteMedian":-1},"geometry":{"type":"Polygon","coordinates":[[[10.332748534578128,53.65647621273038],[10.332748534578128,53.66546941636763],[10.341741738215374,53.66546941636763],[10.341741738215374,53.65647621273038],[10.332748534578128,53.65647621273038]]]}},{"type":"Feature","properties":{"jobs":0,"pop":200,"pointCount":2,"homeWorkCommuteMedian":25209,"workHomeCommuteMedian":-1},"geometry":{"type":"Polygon","coordinates":[[[10.332748534578128,53.674462620004874],[10.332748534578128,53.68345582364212],[10.341741738215374,53.68345582364212],[10.341741738215374,53.674462620004874],[10.332748534578128,53.674462620004874]]]}},{"type":"Feature","properties":{"jobs":0,"pop":100,"pointCount":1,"homeWorkCommuteMedian":30079,"workHomeCommuteMedian":-1},"geometry":{"type":"Polygon","coordinates":[[[10.332748534578128,53.75540145274009],[10.332748534578128,53.764394656377334],[10.341741738215374,53.764394656377334],[10.341741738215374,53.75540145274009],[10.332748534578128,53.75540145274009]]]}},{"type":"Feature","properties":{"jobs":300,"pop":300,"pointCount":5,"homeWorkCommuteMedian":34340,"workHomeCommuteMedian":54254},"geometry":{"type":"Polygon","coordinates":[[[10.332748534578128,53.79137426728907],[10.332748534578128,53.80036747092632],[10.341741738215374,53.80036747092632],[10.341741738215374,53.79137426728907],[10.332748534578128,53.79137426728907]]]}},{"type":"Feature","properties":{"jobs":0,"pop":100,"pointCount":1,"homeWorkCommuteMedian":41916,"workHomeCommuteMedian":-1},"geometry":{"type":"Polygon","coordinates":[[[10.332748534578128,53.80036747092632],[10.332748534578128,53.809360674563564],[10.341741738215374,53.809360674563564],[10.341741738215374,53.80036747092632],[10.332748534578128,53.80036747092632]]]}},{"type":"Feature","properties":{"jobs":0,"pop":200,"pointCount":2,"homeWorkCommuteMedian":39211,"workHomeCommuteMedian":-1},"geometry":{"type":"Polygon","coordinates":[[[10.332748534578128,53.809360674563564],[10.332748534578128,53.81835387820081],[10.341741738215374,53.81835387820081],[10.341741738215374,53.809360674563564],[10.332748534578128,53.809360674563564]]]}},{"type":"Feature","properties":{"jobs":0,"pop":100,"pointCount":1,"homeWorkCommuteMedian":29884,"workHomeCommuteMedian":-1},"geometry":{"type":"Polygon","coordinates":[[[10.332748534578128,53.827347081838056],[10.332748534578128,53.8363402854753],[10.341741738215374,53.8363402854753],[10.341741738215374,53.827347081838056],[10.332748534578128,53.827347081838056]]]}},{"type":"Feature","properties":{"jobs":0,"pop":100,"pointCount":1,"homeWorkCommuteMedian":37467,"workHomeCommuteMedian":-1},"geometry":{"type":"Polygon","coordinates":[[[10.332748534578128,53.89029950729878],[10.332748534578128,53.899292710936024],[10.341741738215374,53.899292710936024],[10.341741738215374,53.89029950729878],[10.332748534578128,53.89029950729878]]]}},{"type":"Feature","properties":{"jobs":200,"pop":300,"pointCount":4,"homeWorkCommuteMedian":42333,"workHomeCommuteMedian":42964},"geometry":{"type":"Polygon","coordinates":[[[10.341741738215374,53.359700492701265],[10.341741738215374,53.36869369633851],[10.35073494185262,53.36869369633851],[10.35073494185262,53.359700492701265],[10.341741738215374,53.359700492701265]]]}},{"type":"Feature","properties":{"jobs":0,"pop":450,"pointCount":2,"homeWorkCommuteMedian":38910,"workHomeCommuteMedian":-1},"geometry":{"type":"Polygon","coordinates":[[[10.341741738215374,53.41365971452474],[10.341741738215374,53.42265291816199],[10.35073494185262,53.42265291816199],[10.35073494185262,53.41365971452474],[10.341741738215374,53.41365971452474]]]}},{"type":"Feature","properties":{"jobs":1200,"pop":1000,"pointCount":13,"homeWorkCommuteMedian":38182,"workHomeCommuteMedian":37773},"geometry":{"type":"Polygon","coordinates":[[[10.341741738215374,53.43164612179923],[10.341741738215374,53.44063932543648],[10.35073494185262,53.44063932543648],[10.35073494185262,53.43164612179923],[10.341741738215374,53.43164612179923]]]}},{"type":"Feature","properties":{"jobs":0,"pop":200,"pointCount":2,"homeWorkCommuteMedian":68932,"workHomeCommuteMedian":-1},"geometry":{"type":"Polygon","coordinates":[[[10.341741738215374,53.44063932543648],[10.341741738215374,53.449632529073725],[10.35073494185262,53.449632529073725],[10.35073494185262,53.44063932543648],[10.341741738215374,53.44063932543648]]]}},{"type":"Feature","properties":{"jobs":300,"pop":0,"pointCount":1,"homeWorkCommuteMedian":-1,"workHomeCommuteMedian":28584},"geometry":{"type":"Polygon","coordinates":[[[10.341741738215374,53.449632529073725],[10.341741738215374,53.45862573271097],[10.35073494185262,53.45862573271097],[10.35073494185262,53.449632529073725],[10.341741738215374,53.449632529073725]]]}},{"type":"Feature","properties":{"jobs":300,"pop":0,"pointCount":1,"homeWorkCommuteMedian":-1,"workHomeCommuteMedian":31036},"geometry":{"type":"Polygon","coordinates":[[[10.341741738215374,53.45862573271097],[10.341741738215374,53.46761893634822],[10.35073494185262,53.46761893634822],[10.35073494185262,53.45862573271097],[10.341741738215374,53.45862573271097]]]}},{"type":"Feature","properties":{"jobs":600,"pop":400,"pointCount":5,"homeWorkCommuteMedian":36213,"workHomeCommuteMedian":28329},"geometry":{"type":"Polygon","coordinates":[[[10.341741738215374,53.494598547259955],[10.341741738215374,53.5035917508972],[10.35073494185262,53.5035917508972],[10.35073494185262,53.494598547259955],[10.341741738215374,53.494598547259955]]]}},{"type":"Feature","properties":{"jobs":100,"pop":100,"pointCount":1,"homeWorkCommuteMedian":17246,"workHomeCommuteMedian":27779},"geometry":{"type":"Polygon","coordinates":[[[10.341741738215374,53.52157815817169],[10.341741738215374,53.53057136180894],[10.35073494185262,53.53057136180894],[10.35073494185262,53.52157815817169],[10.341741738215374,53.52157815817169]]]}},{"type":"Feature","properties":{"jobs":100,"pop":0,"pointCount":1,"homeWorkCommuteMedian":-1,"workHomeCommuteMedian":33936},"geometry":{"type":"Polygon","coordinates":[[[10.341741738215374,53.53057136180894],[10.341741738215374,53.539564565446184],[10.35073494185262,53.539564565446184],[10.35073494185262,53.53057136180894],[10.341741738215374,53.53057136180894]]]}},{"type":"Feature","properties":{"jobs":500,"pop":0,"pointCount":2,"homeWorkCommuteMedian":-1,"workHomeCommuteMedian":24404},"geometry":{"type":"Polygon","coordinates":[[[10.341741738215374,53.61151019454415],[10.341741738215374,53.6205033981814],[10.35073494185262,53.6205033981814],[10.35073494185262,53.61151019454415],[10.341741738215374,53.61151019454415]]]}},{"type":"Feature","properties":{"jobs":0,"pop":250,"pointCount":1,"homeWorkCommuteMedian":44987,"workHomeCommuteMedian":-1},"geometry":{"type":"Polygon","coordinates":[[[10.341741738215374,53.692449027279366],[10.341741738215374,53.70144223091661],[10.35073494185262,53.70144223091661],[10.35073494185262,53.692449027279366],[10.341741738215374,53.692449027279366]]]}},{"type":"Feature","properties":{"jobs":0,"pop":300,"pointCount":3,"homeWorkCommuteMedian":32049,"workHomeCommuteMedian":-1},"geometry":{"type":"Polygon","coordinates":[[[10.341741738215374,53.782381063651826],[10.341741738215374,53.79137426728907],[10.35073494185262,53.79137426728907],[10.35073494185262,53.782381063651826],[10.341741738215374,53.782381063651826]]]}},{"type":"Feature","properties":{"jobs":0,"pop":100,"pointCount":1,"homeWorkCommuteMedian":49419,"workHomeCommuteMedian":-1},"geometry":{"type":"Polygon","coordinates":[[[10.341741738215374,53.79137426728907],[10.341741738215374,53.80036747092632],[10.35073494185262,53.80036747092632],[10.35073494185262,53.79137426728907],[10.341741738215374,53.79137426728907]]]}},{"type":"Feature","properties":{"jobs":0,"pop":600,"pointCount":3,"homeWorkCommuteMedian":47936,"workHomeCommuteMedian":-1},"geometry":{"type":"Polygon","coordinates":[[[10.341741738215374,53.80036747092632],[10.341741738215374,53.809360674563564],[10.35073494185262,53.809360674563564],[10.35073494185262,53.80036747092632],[10.341741738215374,53.80036747092632]]]}},{"type":"Feature","properties":{"jobs":0,"pop":400,"pointCount":4,"homeWorkCommuteMedian":67154,"workHomeCommuteMedian":-1},"geometry":{"type":"Polygon","coordinates":[[[10.341741738215374,53.809360674563564],[10.341741738215374,53.81835387820081],[10.35073494185262,53.81835387820081],[10.35073494185262,53.809360674563564],[10.341741738215374,53.809360674563564]]]}},{"type":"Feature","properties":{"jobs":0,"pop":100,"pointCount":1,"homeWorkCommuteMedian":47658,"workHomeCommuteMedian":-1},"geometry":{"type":"Polygon","coordinates":[[[10.341741738215374,53.88130630366153],[10.341741738215374,53.89029950729878],[10.35073494185262,53.89029950729878],[10.35073494185262,53.88130630366153],[10.341741738215374,53.88130630366153]]]}},{"type":"Feature","properties":{"jobs":0,"pop":100,"pointCount":1,"homeWorkCommuteMedian":56168,"workHomeCommuteMedian":-1},"geometry":{"type":"Polygon","coordinates":[[[10.35073494185262,53.36869369633851],[10.35073494185262,53.37768689997576],[10.359728145489866,53.37768689997576],[10.359728145489866,53.36869369633851],[10.35073494185262,53.36869369633851]]]}},{"type":"Feature","properties":{"jobs":0,"pop":100,"pointCount":1,"homeWorkCommuteMedian":19860,"workHomeCommuteMedian":-1},"geometry":{"type":"Polygon","coordinates":[[[10.35073494185262,53.386680103613],[10.35073494185262,53.39567330725025],[10.359728145489866,53.39567330725025],[10.359728145489866,53.386680103613],[10.35073494185262,53.386680103613]]]}},{"type":"Feature","properties":{"jobs":300,"pop":500,"pointCount":7,"homeWorkCommuteMedian":36836,"workHomeCommuteMedian":18659},"geometry":{"type":"Polygon","coordinates":[[[10.35073494185262,53.41365971452474],[10.35073494185262,53.42265291816199],[10.359728145489866,53.42265291816199],[10.359728145489866,53.41365971452474],[10.35073494185262,53.41365971452474]]]}},{"type":"Feature","properties":{"jobs":0,"pop":100,"pointCount":1,"homeWorkCommuteMedian":13508,"workHomeCommuteMedian":-1},"geometry":{"type":"Polygon","coordinates":[[[10.35073494185262,53.42265291816199],[10.35073494185262,53.43164612179923],[10.359728145489866,53.43164612179923],[10.359728145489866,53.42265291816199],[10.35073494185262,53.42265291816199]]]}},{"type":"Feature","properties":{"jobs":200,"pop":700,"pointCount":8,"homeWorkCommuteMedian":37421,"workHomeCommuteMedian":42027},"geometry":{"type":"Polygon","coordinates":[[[10.35073494185262,53.43164612179923],[10.35073494185262,53.44063932543648],[10.359728145489866,53.44063932543648],[10.359728145489866,53.43164612179923],[10.35073494185262,53.43164612179923]]]}},{"type":"Feature","properties":{"jobs":0,"pop":200,"pointCount":2,"homeWorkCommuteMedian":21514,"workHomeCommuteMedian":-1},"geometry":{"type":"Polygon","coordinates":[[[10.35073494185262,53.44063932543648],[10.35073494185262,53.449632529073725],[10.359728145489866,53.449632529073725],[10.359728145489866,53.44063932543648],[10.35073494185262,53.44063932543648]]]}},{"type":"Feature","properties":{"jobs":0,"pop":400,"pointCount":4,"homeWorkCommuteMedian":39502,"workHomeCommuteMedian":-1},"geometry":{"type":"Polygon","coordinates":[[[10.35073494185262,53.449632529073725],[10.35073494185262,53.45862573271097],[10.359728145489866,53.45862573271097],[10.359728145489866,53.449632529073725],[10.35073494185262,53.449632529073725]]]}},{"type":"Feature","properties":{"jobs":0,"pop":100,"pointCount":1,"homeWorkCommuteMedian":19721,"workHomeCommuteMedian":-1},"geometry":{"type":"Polygon","coordinates":[[[10.35073494185262,53.45862573271097],[10.35073494185262,53.46761893634822],[10.359728145489866,53.46761893634822],[10.359728145489866,53.45862573271097],[10.35073494185262,53.45862573271097]]]}},{"type":"Feature","properties":{"jobs":0,"pop":100,"pointCount":1,"homeWorkCommuteMedian":19232,"workHomeCommuteMedian":-1},"geometry":{"type":"Polygon","coordinates":[[[10.35073494185262,53.494598547259955],[10.35073494185262,53.5035917508972],[10.359728145489866,53.5035917508972],[10.359728145489866,53.494598547259955],[10.35073494185262,53.494598547259955]]]}},{"type":"Feature","properties":{"jobs":0,"pop":300,"pointCount":2,"homeWorkCommuteMedian":24572,"workHomeCommuteMedian":-1},"geometry":{"type":"Polygon","coordinates":[[[10.35073494185262,53.5035917508972],[10.35073494185262,53.51258495453445],[10.359728145489866,53.51258495453445],[10.359728145489866,53.5035917508972],[10.35073494185262,53.5035917508972]]]}},{"type":"Feature","properties":{"jobs":0,"pop":100,"pointCount":1,"homeWorkCommuteMedian":55262,"workHomeCommuteMedian":-1},"geometry":{"type":"Polygon","coordinates":[[[10.35073494185262,53.539564565446184],[10.35073494185262,53.54855776908343],[10.359728145489866,53.54855776908343],[10.359728145489866,53.539564565446184],[10.35073494185262,53.539564565446184]]]}},{"type":"Feature","properties":{"jobs":100,"pop":100,"pointCount":1,"homeWorkCommuteMedian":34931,"workHomeCommuteMedian":23789},"geometry":{"type":"Polygon","coordinates":[[[10.35073494185262,53.56654417635792],[10.35073494185262,53.57553737999517],[10.359728145489866,53.57553737999517],[10.359728145489866,53.56654417635792],[10.35073494185262,53.56654417635792]]]}},{"type":"Feature","properties":{"jobs":0,"pop":100,"pointCount":1,"homeWorkCommuteMedian":46672,"workHomeCommuteMedian":-1},"geometry":{"type":"Polygon","coordinates":[[[10.35073494185262,53.65647621273038],[10.35073494185262,53.66546941636763],[10.359728145489866,53.66546941636763],[10.359728145489866,53.65647621273038],[10.35073494185262,53.65647621273038]]]}},{"type":"Feature","properties":{"jobs":0,"pop":200,"pointCount":2,"homeWorkCommuteMedian":31830,"workHomeCommuteMedian":-1},"geometry":{"type":"Polygon","coordinates":[[[10.35073494185262,53.70144223091661],[10.35073494185262,53.71043543455386],[10.359728145489866,53.71043543455386],[10.359728145489866,53.70144223091661],[10.35073494185262,53.70144223091661]]]}},{"type":"Feature","properties":{"jobs":0,"pop":200,"pointCount":2,"homeWorkCommuteMedian":50520,"workHomeCommuteMedian":-1},"geometry":{"type":"Polygon","coordinates":[[[10.35073494185262,53.782381063651826],[10.35073494185262,53.79137426728907],[10.359728145489866,53.79137426728907],[10.359728145489866,53.782381063651826],[10.35073494185262,53.782381063651826]]]}},{"type":"Feature","properties":{"jobs":300,"pop":400,"pointCount":5,"homeWorkCommuteMedian":45019,"workHomeCommuteMedian":31592},"geometry":{"type":"Polygon","coordinates":[[[10.35073494185262,53.80036747092632],[10.35073494185262,53.809360674563564],[10.359728145489866,53.809360674563564],[10.359728145489866,53.80036747092632],[10.35073494185262,53.80036747092632]]]}},{"type":"Feature","properties":{"jobs":0,"pop":100,"pointCount":1,"homeWorkCommuteMedian":50106,"workHomeCommuteMedian":-1},"geometry":{"type":"Polygon","coordinates":[[[10.35073494185262,53.809360674563564],[10.35073494185262,53.81835387820081],[10.359728145489866,53.81835387820081],[10.359728145489866,53.809360674563564],[10.35073494185262,53.809360674563564]]]}},{"type":"Feature","properties":{"jobs":100,"pop":100,"pointCount":1,"homeWorkCommuteMedian":36659,"workHomeCommuteMedian":51723},"geometry":{"type":"Polygon","coordinates":[[[10.35073494185262,53.84533348911255],[10.35073494185262,53.854326692749794],[10.359728145489866,53.854326692749794],[10.359728145489866,53.84533348911255],[10.35073494185262,53.84533348911255]]]}},{"type":"Feature","properties":{"jobs":100,"pop":0,"pointCount":1,"homeWorkCommuteMedian":-1,"workHomeCommuteMedian":32047},"geometry":{"type":"Polygon","coordinates":[[[10.35073494185262,53.854326692749794],[10.35073494185262,53.86331989638704],[10.359728145489866,53.86331989638704],[10.359728145489866,53.854326692749794],[10.35073494185262,53.854326692749794]]]}},{"type":"Feature","properties":{"jobs":0,"pop":100,"pointCount":1,"homeWorkCommuteMedian":39021,"workHomeCommuteMedian":-1},"geometry":{"type":"Polygon","coordinates":[[[10.35073494185262,53.86331989638704],[10.35073494185262,53.872313100024286],[10.359728145489866,53.872313100024286],[10.359728145489866,53.86331989638704],[10.35073494185262,53.86331989638704]]]}},{"type":"Feature","properties":{"jobs":0,"pop":200,"pointCount":2,"homeWorkCommuteMedian":48146,"workHomeCommuteMedian":-1},"geometry":{"type":"Polygon","coordinates":[[[10.359728145489866,53.404666510887495],[10.359728145489866,53.41365971452474],[10.368721349127112,53.41365971452474],[10.368721349127112,53.404666510887495],[10.359728145489866,53.404666510887495]]]}},{"type":"Feature","properties":{"jobs":300,"pop":800,"pointCount":7,"homeWorkCommuteMedian":39296,"workHomeCommuteMedian":39790},"geometry":{"type":"Polygon","coordinates":[[[10.359728145489866,53.41365971452474],[10.359728145489866,53.42265291816199],[10.368721349127112,53.42265291816199],[10.368721349127112,53.41365971452474],[10.359728145489866,53.41365971452474]]]}},{"type":"Feature","properties":{"jobs":0,"pop":300,"pointCount":1,"homeWorkCommuteMedian":35679,"workHomeCommuteMedian":-1},"geometry":{"type":"Polygon","coordinates":[[[10.359728145489866,53.42265291816199],[10.359728145489866,53.43164612179923],[10.368721349127112,53.43164612179923],[10.368721349127112,53.42265291816199],[10.359728145489866,53.42265291816199]]]}},{"type":"Feature","properties":{"jobs":1000,"pop":1100,"pointCount":13,"homeWorkCommuteMedian":34450,"workHomeCommuteMedian":31453},"geometry":{"type":"Polygon","coordinates":[[[10.359728145489866,53.43164612179923],[10.359728145489866,53.44063932543648],[10.368721349127112,53.44063932543648],[10.368721349127112,53.43164612179923],[10.359728145489866,53.43164612179923]]]}},{"type":"Feature","properties":{"jobs":700,"pop":800,"pointCount":9,"homeWorkCommuteMedian":28736,"workHomeCommuteMedian":38287},"geometry":{"type":"Polygon","coordinates":[[[10.359728145489866,53.44063932543648],[10.359728145489866,53.449632529073725],[10.368721349127112,53.449632529073725],[10.368721349127112,53.44063932543648],[10.359728145489866,53.44063932543648]]]}},{"type":"Feature","properties":{"jobs":700,"pop":200,"pointCount":4,"homeWorkCommuteMedian":44645,"workHomeCommuteMedian":37689},"geometry":{"type":"Polygon","coordinates":[[[10.359728145489866,53.449632529073725],[10.359728145489866,53.45862573271097],[10.368721349127112,53.45862573271097],[10.368721349127112,53.449632529073725],[10.359728145489866,53.449632529073725]]]}},{"type":"Feature","properties":{"jobs":0,"pop":200,"pointCount":2,"homeWorkCommuteMedian":26792,"workHomeCommuteMedian":-1},"geometry":{"type":"Polygon","coordinates":[[[10.359728145489866,53.47661213998546],[10.359728145489866,53.48560534362271],[10.368721349127112,53.48560534362271],[10.368721349127112,53.47661213998546],[10.359728145489866,53.47661213998546]]]}},{"type":"Feature","properties":{"jobs":700,"pop":0,"pointCount":2,"homeWorkCommuteMedian":-1,"workHomeCommuteMedian":22422},"geometry":{"type":"Polygon","coordinates":[[[10.359728145489866,53.48560534362271],[10.359728145489866,53.494598547259955],[10.368721349127112,53.494598547259955],[10.368721349127112,53.48560534362271],[10.359728145489866,53.48560534362271]]]}},{"type":"Feature","properties":{"jobs":100,"pop":100,"pointCount":2,"homeWorkCommuteMedian":33629,"workHomeCommuteMedian":26485},"geometry":{"type":"Polygon","coordinates":[[[10.359728145489866,53.494598547259955],[10.359728145489866,53.5035917508972],[10.368721349127112,53.5035917508972],[10.368721349127112,53.494598547259955],[10.359728145489866,53.494598547259955]]]}},{"type":"Feature","properties":{"jobs":0,"pop":100,"pointCount":1,"homeWorkCommuteMedian":25736,"workHomeCommuteMedian":-1},"geometry":{"type":"Polygon","coordinates":[[[10.359728145489866,53.5035917508972],[10.359728145489866,53.51258495453445],[10.368721349127112,53.51258495453445],[10.368721349127112,53.5035917508972],[10.359728145489866,53.5035917508972]]]}},{"type":"Feature","properties":{"jobs":100,"pop":100,"pointCount":2,"homeWorkCommuteMedian":38019,"workHomeCommuteMedian":46502},"geometry":{"type":"Polygon","coordinates":[[[10.359728145489866,53.584530583632414],[10.359728145489866,53.59352378726966],[10.368721349127112,53.59352378726966],[10.368721349127112,53.584530583632414],[10.359728145489866,53.584530583632414]]]}},{"type":"Feature","properties":{"jobs":100,"pop":100,"pointCount":1,"homeWorkCommuteMedian":14334,"workHomeCommuteMedian":32078},"geometry":{"type":"Polygon","coordinates":[[[10.359728145489866,53.602516990906906],[10.359728145489866,53.61151019454415],[10.368721349127112,53.61151019454415],[10.368721349127112,53.602516990906906],[10.359728145489866,53.602516990906906]]]}},{"type":"Feature","properties":{"jobs":100,"pop":100,"pointCount":2,"homeWorkCommuteMedian":38308,"workHomeCommuteMedian":45564},"geometry":{"type":"Polygon","coordinates":[[[10.359728145489866,53.629496601818644],[10.359728145489866,53.63848980545589],[10.368721349127112,53.63848980545589],[10.368721349127112,53.629496601818644],[10.359728145489866,53.629496601818644]]]}},{"type":"Feature","properties":{"jobs":800,"pop":300,"pointCount":5,"homeWorkCommuteMedian":24724,"workHomeCommuteMedian":27885},"geometry":{"type":"Polygon","coordinates":[[[10.359728145489866,53.63848980545589],[10.359728145489866,53.647483009093136],[10.368721349127112,53.647483009093136],[10.368721349127112,53.63848980545589],[10.359728145489866,53.63848980545589]]]}},{"type":"Feature","properties":{"jobs":700,"pop":800,"pointCount":8,"homeWorkCommuteMedian":23961,"workHomeCommuteMedian":24250},"geometry":{"type":"Polygon","coordinates":[[[10.359728145489866,53.647483009093136],[10.359728145489866,53.65647621273038],[10.368721349127112,53.65647621273038],[10.368721349127112,53.647483009093136],[10.359728145489866,53.647483009093136]]]}},{"type":"Feature","properties":{"jobs":0,"pop":100,"pointCount":1,"homeWorkCommuteMedian":23797,"workHomeCommuteMedian":-1},"geometry":{"type":"Polygon","coordinates":[[[10.359728145489866,53.65647621273038],[10.359728145489866,53.66546941636763],[10.368721349127112,53.66546941636763],[10.368721349127112,53.65647621273038],[10.359728145489866,53.65647621273038]]]}},{"type":"Feature","properties":{"jobs":0,"pop":100,"pointCount":1,"homeWorkCommuteMedian":33649,"workHomeCommuteMedian":-1},"geometry":{"type":"Polygon","coordinates":[[[10.359728145489866,53.68345582364212],[10.359728145489866,53.692449027279366],[10.368721349127112,53.692449027279366],[10.368721349127112,53.68345582364212],[10.359728145489866,53.68345582364212]]]}},{"type":"Feature","properties":{"jobs":0,"pop":100,"pointCount":1,"homeWorkCommuteMedian":34448,"workHomeCommuteMedian":-1},"geometry":{"type":"Polygon","coordinates":[[[10.359728145489866,53.692449027279366],[10.359728145489866,53.70144223091661],[10.368721349127112,53.70144223091661],[10.368721349127112,53.692449027279366],[10.359728145489866,53.692449027279366]]]}},{"type":"Feature","properties":{"jobs":200,"pop":0,"pointCount":1,"homeWorkCommuteMedian":-1,"workHomeCommuteMedian":33268},"geometry":{"type":"Polygon","coordinates":[[[10.359728145489866,53.72842184182835],[10.359728145489866,53.737415045465596],[10.368721349127112,53.737415045465596],[10.368721349127112,53.72842184182835],[10.359728145489866,53.72842184182835]]]}},{"type":"Feature","properties":{"jobs":0,"pop":100,"pointCount":1,"homeWorkCommuteMedian":33402,"workHomeCommuteMedian":-1},"geometry":{"type":"Polygon","coordinates":[[[10.359728145489866,53.737415045465596],[10.359728145489866,53.74640824910284],[10.368721349127112,53.74640824910284],[10.368721349127112,53.737415045465596],[10.359728145489866,53.737415045465596]]]}},{"type":"Feature","properties":{"jobs":0,"pop":600,"pointCount":4,"homeWorkCommuteMedian":30757,"workHomeCommuteMedian":-1},"geometry":{"type":"Polygon","coordinates":[[[10.359728145489866,53.79137426728907],[10.359728145489866,53.80036747092632],[10.368721349127112,53.80036747092632],[10.368721349127112,53.79137426728907],[10.359728145489866,53.79137426728907]]]}},{"type":"Feature","properties":{"jobs":300,"pop":900,"pointCount":11,"homeWorkCommuteMedian":39000,"workHomeCommuteMedian":28403},"geometry":{"type":"Polygon","coordinates":[[[10.359728145489866,53.80036747092632],[10.359728145489866,53.809360674563564],[10.368721349127112,53.809360674563564],[10.368721349127112,53.80036747092632],[10.359728145489866,53.80036747092632]]]}},{"type":"Feature","properties":{"jobs":500,"pop":400,"pointCount":4,"homeWorkCommuteMedian":36049,"workHomeCommuteMedian":55232},"geometry":{"type":"Polygon","coordinates":[[[10.359728145489866,53.809360674563564],[10.359728145489866,53.81835387820081],[10.368721349127112,53.81835387820081],[10.368721349127112,53.809360674563564],[10.359728145489866,53.809360674563564]]]}},{"type":"Feature","properties":{"jobs":100,"pop":100,"pointCount":2,"homeWorkCommuteMedian":59433,"workHomeCommuteMedian":26953},"geometry":{"type":"Polygon","coordinates":[[[10.359728145489866,53.81835387820081],[10.359728145489866,53.827347081838056],[10.368721349127112,53.827347081838056],[10.368721349127112,53.81835387820081],[10.359728145489866,53.81835387820081]]]}},{"type":"Feature","properties":{"jobs":0,"pop":100,"pointCount":1,"homeWorkCommuteMedian":54166,"workHomeCommuteMedian":-1},"geometry":{"type":"Polygon","coordinates":[[[10.359728145489866,53.89029950729878],[10.359728145489866,53.899292710936024],[10.368721349127112,53.899292710936024],[10.368721349127112,53.89029950729878],[10.359728145489866,53.89029950729878]]]}},{"type":"Feature","properties":{"jobs":0,"pop":100,"pointCount":1,"homeWorkCommuteMedian":61467,"workHomeCommuteMedian":-1},"geometry":{"type":"Polygon","coordinates":[[[10.368721349127112,53.35070728906402],[10.368721349127112,53.359700492701265],[10.377714552764358,53.359700492701265],[10.377714552764358,53.35070728906402],[10.368721349127112,53.35070728906402]]]}},{"type":"Feature","properties":{"jobs":100,"pop":1050,"pointCount":8,"homeWorkCommuteMedian":44624,"workHomeCommuteMedian":19263},"geometry":{"type":"Polygon","coordinates":[[[10.368721349127112,53.41365971452474],[10.368721349127112,53.42265291816199],[10.377714552764358,53.42265291816199],[10.377714552764358,53.41365971452474],[10.368721349127112,53.41365971452474]]]}},{"type":"Feature","properties":{"jobs":300,"pop":200,"pointCount":5,"homeWorkCommuteMedian":68799,"workHomeCommuteMedian":24771},"geometry":{"type":"Polygon","coordinates":[[[10.368721349127112,53.42265291816199],[10.368721349127112,53.43164612179923],[10.377714552764358,53.43164612179923],[10.377714552764358,53.42265291816199],[10.368721349127112,53.42265291816199]]]}},{"type":"Feature","properties":{"jobs":1400,"pop":1400,"pointCount":15,"homeWorkCommuteMedian":39349,"workHomeCommuteMedian":44750},"geometry":{"type":"Polygon","coordinates":[[[10.368721349127112,53.43164612179923],[10.368721349127112,53.44063932543648],[10.377714552764358,53.44063932543648],[10.377714552764358,53.43164612179923],[10.368721349127112,53.43164612179923]]]}},{"type":"Feature","properties":{"jobs":600,"pop":400,"pointCount":5,"homeWorkCommuteMedian":41521,"workHomeCommuteMedian":43164},"geometry":{"type":"Polygon","coordinates":[[[10.368721349127112,53.44063932543648],[10.368721349127112,53.449632529073725],[10.377714552764358,53.449632529073725],[10.377714552764358,53.44063932543648],[10.368721349127112,53.44063932543648]]]}},{"type":"Feature","properties":{"jobs":0,"pop":600,"pointCount":6,"homeWorkCommuteMedian":21944,"workHomeCommuteMedian":-1},"geometry":{"type":"Polygon","coordinates":[[[10.368721349127112,53.449632529073725],[10.368721349127112,53.45862573271097],[10.377714552764358,53.45862573271097],[10.377714552764358,53.449632529073725],[10.368721349127112,53.449632529073725]]]}},{"type":"Feature","properties":{"jobs":0,"pop":100,"pointCount":1,"homeWorkCommuteMedian":19624,"workHomeCommuteMedian":-1},"geometry":{"type":"Polygon","coordinates":[[[10.368721349127112,53.46761893634822],[10.368721349127112,53.47661213998546],[10.377714552764358,53.47661213998546],[10.377714552764358,53.46761893634822],[10.368721349127112,53.46761893634822]]]}},{"type":"Feature","properties":{"jobs":0,"pop":100,"pointCount":1,"homeWorkCommuteMedian":30795,"workHomeCommuteMedian":-1},"geometry":{"type":"Polygon","coordinates":[[[10.368721349127112,53.47661213998546],[10.368721349127112,53.48560534362271],[10.377714552764358,53.48560534362271],[10.377714552764358,53.47661213998546],[10.368721349127112,53.47661213998546]]]}},{"type":"Feature","properties":{"jobs":0,"pop":100,"pointCount":1,"homeWorkCommuteMedian":36817,"workHomeCommuteMedian":-1},"geometry":{"type":"Polygon","coordinates":[[[10.368721349127112,53.48560534362271],[10.368721349127112,53.494598547259955],[10.377714552764358,53.494598547259955],[10.377714552764358,53.48560534362271],[10.368721349127112,53.48560534362271]]]}},{"type":"Feature","properties":{"jobs":100,"pop":0,"pointCount":1,"homeWorkCommuteMedian":-1,"workHomeCommuteMedian":21119},"geometry":{"type":"Polygon","coordinates":[[[10.368721349127112,53.56654417635792],[10.368721349127112,53.57553737999517],[10.377714552764358,53.57553737999517],[10.377714552764358,53.56654417635792],[10.368721349127112,53.56654417635792]]]}},{"type":"Feature","properties":{"jobs":100,"pop":0,"pointCount":1,"homeWorkCommuteMedian":-1,"workHomeCommuteMedian":33930},"geometry":{"type":"Polygon","coordinates":[[[10.368721349127112,53.59352378726966],[10.368721349127112,53.602516990906906],[10.377714552764358,53.602516990906906],[10.377714552764358,53.59352378726966],[10.368721349127112,53.59352378726966]]]}},{"type":"Feature","properties":{"jobs":200,"pop":200,"pointCount":3,"homeWorkCommuteMedian":35358,"workHomeCommuteMedian":26163},"geometry":{"type":"Polygon","coordinates":[[[10.368721349127112,53.629496601818644],[10.368721349127112,53.63848980545589],[10.377714552764358,53.63848980545589],[10.377714552764358,53.629496601818644],[10.368721349127112,53.629496601818644]]]}},{"type":"Feature","properties":{"jobs":0,"pop":100,"pointCount":1,"homeWorkCommuteMedian":41611,"workHomeCommuteMedian":-1},"geometry":{"type":"Polygon","coordinates":[[[10.368721349127112,53.63848980545589],[10.368721349127112,53.647483009093136],[10.377714552764358,53.647483009093136],[10.377714552764358,53.63848980545589],[10.368721349127112,53.63848980545589]]]}},{"type":"Feature","properties":{"jobs":100,"pop":100,"pointCount":2,"homeWorkCommuteMedian":20137,"workHomeCommuteMedian":32020},"geometry":{"type":"Polygon","coordinates":[[[10.368721349127112,53.647483009093136],[10.368721349127112,53.65647621273038],[10.377714552764358,53.65647621273038],[10.377714552764358,53.647483009093136],[10.368721349127112,53.647483009093136]]]}},{"type":"Feature","properties":{"jobs":300,"pop":100,"pointCount":2,"homeWorkCommuteMedian":43047,"workHomeCommuteMedian":53031},"geometry":{"type":"Polygon","coordinates":[[[10.368721349127112,53.65647621273038],[10.368721349127112,53.66546941636763],[10.377714552764358,53.66546941636763],[10.377714552764358,53.65647621273038],[10.368721349127112,53.65647621273038]]]}},{"type":"Feature","properties":{"jobs":100,"pop":0,"pointCount":1,"homeWorkCommuteMedian":-1,"workHomeCommuteMedian":44147},"geometry":{"type":"Polygon","coordinates":[[[10.368721349127112,53.68345582364212],[10.368721349127112,53.692449027279366],[10.377714552764358,53.692449027279366],[10.377714552764358,53.68345582364212],[10.368721349127112,53.68345582364212]]]}},{"type":"Feature","properties":{"jobs":200,"pop":200,"pointCount":4,"homeWorkCommuteMedian":43086,"workHomeCommuteMedian":39747},"geometry":{"type":"Polygon","coordinates":[[[10.368721349127112,53.70144223091661],[10.368721349127112,53.71043543455386],[10.377714552764358,53.71043543455386],[10.377714552764358,53.70144223091661],[10.368721349127112,53.70144223091661]]]}},{"type":"Feature","properties":{"jobs":0,"pop":100,"pointCount":1,"homeWorkCommuteMedian":20099,"workHomeCommuteMedian":-1},"geometry":{"type":"Polygon","coordinates":[[[10.368721349127112,53.71043543455386],[10.368721349127112,53.719428638191104],[10.377714552764358,53.719428638191104],[10.377714552764358,53.71043543455386],[10.368721349127112,53.71043543455386]]]}},{"type":"Feature","properties":{"jobs":0,"pop":100,"pointCount":1,"homeWorkCommuteMedian":35036,"workHomeCommuteMedian":-1},"geometry":{"type":"Polygon","coordinates":[[[10.368721349127112,53.72842184182835],[10.368721349127112,53.737415045465596],[10.377714552764358,53.737415045465596],[10.377714552764358,53.72842184182835],[10.368721349127112,53.72842184182835]]]}},{"type":"Feature","properties":{"jobs":0,"pop":100,"pointCount":1,"homeWorkCommuteMedian":30798,"workHomeCommuteMedian":-1},"geometry":{"type":"Polygon","coordinates":[[[10.368721349127112,53.737415045465596],[10.368721349127112,53.74640824910284],[10.377714552764358,53.74640824910284],[10.377714552764358,53.737415045465596],[10.368721349127112,53.737415045465596]]]}},{"type":"Feature","properties":{"jobs":0,"pop":100,"pointCount":1,"homeWorkCommuteMedian":40076,"workHomeCommuteMedian":-1},"geometry":{"type":"Polygon","coordinates":[[[10.368721349127112,53.79137426728907],[10.368721349127112,53.80036747092632],[10.377714552764358,53.80036747092632],[10.377714552764358,53.79137426728907],[10.368721349127112,53.79137426728907]]]}},{"type":"Feature","properties":{"jobs":600,"pop":800,"pointCount":8,"homeWorkCommuteMedian":33075,"workHomeCommuteMedian":53372},"geometry":{"type":"Polygon","coordinates":[[[10.368721349127112,53.80036747092632],[10.368721349127112,53.809360674563564],[10.377714552764358,53.809360674563564],[10.377714552764358,53.80036747092632],[10.368721349127112,53.80036747092632]]]}},{"type":"Feature","properties":{"jobs":1000,"pop":1000,"pointCount":10,"homeWorkCommuteMedian":43457,"workHomeCommuteMedian":50433},"geometry":{"type":"Polygon","coordinates":[[[10.368721349127112,53.809360674563564],[10.368721349127112,53.81835387820081],[10.377714552764358,53.81835387820081],[10.377714552764358,53.809360674563564],[10.368721349127112,53.809360674563564]]]}},{"type":"Feature","properties":{"jobs":0,"pop":100,"pointCount":1,"homeWorkCommuteMedian":38231,"workHomeCommuteMedian":-1},"geometry":{"type":"Polygon","coordinates":[[[10.368721349127112,53.81835387820081],[10.368721349127112,53.827347081838056],[10.377714552764358,53.827347081838056],[10.377714552764358,53.81835387820081],[10.368721349127112,53.81835387820081]]]}},{"type":"Feature","properties":{"jobs":0,"pop":100,"pointCount":1,"homeWorkCommuteMedian":39727,"workHomeCommuteMedian":-1},"geometry":{"type":"Polygon","coordinates":[[[10.368721349127112,53.8363402854753],[10.368721349127112,53.84533348911255],[10.377714552764358,53.84533348911255],[10.377714552764358,53.8363402854753],[10.368721349127112,53.8363402854753]]]}},{"type":"Feature","properties":{"jobs":400,"pop":100,"pointCount":4,"homeWorkCommuteMedian":25207,"workHomeCommuteMedian":63115},"geometry":{"type":"Polygon","coordinates":[[[10.368721349127112,53.88130630366153],[10.368721349127112,53.89029950729878],[10.377714552764358,53.89029950729878],[10.377714552764358,53.88130630366153],[10.368721349127112,53.88130630366153]]]}},{"type":"Feature","properties":{"jobs":400,"pop":300,"pointCount":4,"homeWorkCommuteMedian":43248,"workHomeCommuteMedian":25953},"geometry":{"type":"Polygon","coordinates":[[[10.377714552764358,53.404666510887495],[10.377714552764358,53.41365971452474],[10.386707756401604,53.41365971452474],[10.386707756401604,53.404666510887495],[10.377714552764358,53.404666510887495]]]}},{"type":"Feature","properties":{"jobs":0,"pop":400,"pointCount":3,"homeWorkCommuteMedian":24436,"workHomeCommuteMedian":-1},"geometry":{"type":"Polygon","coordinates":[[[10.377714552764358,53.42265291816199],[10.377714552764358,53.43164612179923],[10.386707756401604,53.43164612179923],[10.386707756401604,53.42265291816199],[10.377714552764358,53.42265291816199]]]}},{"type":"Feature","properties":{"jobs":100,"pop":400,"pointCount":5,"homeWorkCommuteMedian":38513,"workHomeCommuteMedian":34426},"geometry":{"type":"Polygon","coordinates":[[[10.377714552764358,53.43164612179923],[10.377714552764358,53.44063932543648],[10.386707756401604,53.44063932543648],[10.386707756401604,53.43164612179923],[10.377714552764358,53.43164612179923]]]}},{"type":"Feature","properties":{"jobs":0,"pop":500,"pointCount":4,"homeWorkCommuteMedian":20126,"workHomeCommuteMedian":-1},"geometry":{"type":"Polygon","coordinates":[[[10.377714552764358,53.44063932543648],[10.377714552764358,53.449632529073725],[10.386707756401604,53.449632529073725],[10.386707756401604,53.44063932543648],[10.377714552764358,53.44063932543648]]]}},{"type":"Feature","properties":{"jobs":0,"pop":100,"pointCount":1,"homeWorkCommuteMedian":15409,"workHomeCommuteMedian":-1},"geometry":{"type":"Polygon","coordinates":[[[10.377714552764358,53.449632529073725],[10.377714552764358,53.45862573271097],[10.386707756401604,53.45862573271097],[10.386707756401604,53.449632529073725],[10.377714552764358,53.449632529073725]]]}},{"type":"Feature","properties":{"jobs":0,"pop":100,"pointCount":1,"homeWorkCommuteMedian":38954,"workHomeCommuteMedian":-1},"geometry":{"type":"Polygon","coordinates":[[[10.377714552764358,53.56654417635792],[10.377714552764358,53.57553737999517],[10.386707756401604,53.57553737999517],[10.386707756401604,53.56654417635792],[10.377714552764358,53.56654417635792]]]}},{"type":"Feature","properties":{"jobs":200,"pop":0,"pointCount":2,"homeWorkCommuteMedian":-1,"workHomeCommuteMedian":29613},"geometry":{"type":"Polygon","coordinates":[[[10.377714552764358,53.57553737999517],[10.377714552764358,53.584530583632414],[10.386707756401604,53.584530583632414],[10.386707756401604,53.57553737999517],[10.377714552764358,53.57553737999517]]]}},{"type":"Feature","properties":{"jobs":100,"pop":0,"pointCount":1,"homeWorkCommuteMedian":-1,"workHomeCommuteMedian":32513},"geometry":{"type":"Polygon","coordinates":[[[10.377714552764358,53.584530583632414],[10.377714552764358,53.59352378726966],[10.386707756401604,53.59352378726966],[10.386707756401604,53.584530583632414],[10.377714552764358,53.584530583632414]]]}},{"type":"Feature","properties":{"jobs":0,"pop":500,"pointCount":3,"homeWorkCommuteMedian":32866,"workHomeCommuteMedian":-1},"geometry":{"type":"Polygon","coordinates":[[[10.377714552764358,53.61151019454415],[10.377714552764358,53.6205033981814],[10.386707756401604,53.6205033981814],[10.386707756401604,53.61151019454415],[10.377714552764358,53.61151019454415]]]}},{"type":"Feature","properties":{"jobs":0,"pop":100,"pointCount":1,"homeWorkCommuteMedian":19382,"workHomeCommuteMedian":-1},"geometry":{"type":"Polygon","coordinates":[[[10.377714552764358,53.629496601818644],[10.377714552764358,53.63848980545589],[10.386707756401604,53.63848980545589],[10.386707756401604,53.629496601818644],[10.377714552764358,53.629496601818644]]]}},{"type":"Feature","properties":{"jobs":0,"pop":100,"pointCount":1,"homeWorkCommuteMedian":31003,"workHomeCommuteMedian":-1},"geometry":{"type":"Polygon","coordinates":[[[10.377714552764358,53.65647621273038],[10.377714552764358,53.66546941636763],[10.386707756401604,53.66546941636763],[10.386707756401604,53.65647621273038],[10.377714552764358,53.65647621273038]]]}},{"type":"Feature","properties":{"jobs":100,"pop":0,"pointCount":1,"homeWorkCommuteMedian":-1,"workHomeCommuteMedian":38638},"geometry":{"type":"Polygon","coordinates":[[[10.377714552764358,53.68345582364212],[10.377714552764358,53.692449027279366],[10.386707756401604,53.692449027279366],[10.386707756401604,53.68345582364212],[10.377714552764358,53.68345582364212]]]}},{"type":"Feature","properties":{"jobs":200,"pop":0,"pointCount":1,"homeWorkCommuteMedian":-1,"workHomeCommuteMedian":47472},"geometry":{"type":"Polygon","coordinates":[[[10.377714552764358,53.692449027279366],[10.377714552764358,53.70144223091661],[10.386707756401604,53.70144223091661],[10.386707756401604,53.692449027279366],[10.377714552764358,53.692449027279366]]]}},{"type":"Feature","properties":{"jobs":900,"pop":200,"pointCount":7,"homeWorkCommuteMedian":30818,"workHomeCommuteMedian":35169},"geometry":{"type":"Polygon","coordinates":[[[10.377714552764358,53.70144223091661],[10.377714552764358,53.71043543455386],[10.386707756401604,53.71043543455386],[10.386707756401604,53.70144223091661],[10.377714552764358,53.70144223091661]]]}},{"type":"Feature","properties":{"jobs":200,"pop":200,"pointCount":3,"homeWorkCommuteMedian":42050,"workHomeCommuteMedian":43284},"geometry":{"type":"Polygon","coordinates":[[[10.377714552764358,53.71043543455386],[10.377714552764358,53.719428638191104],[10.386707756401604,53.719428638191104],[10.386707756401604,53.71043543455386],[10.377714552764358,53.71043543455386]]]}},{"type":"Feature","properties":{"jobs":0,"pop":100,"pointCount":1,"homeWorkCommuteMedian":41960,"workHomeCommuteMedian":-1},"geometry":{"type":"Polygon","coordinates":[[[10.377714552764358,53.72842184182835],[10.377714552764358,53.737415045465596],[10.386707756401604,53.737415045465596],[10.386707756401604,53.72842184182835],[10.377714552764358,53.72842184182835]]]}},{"type":"Feature","properties":{"jobs":0,"pop":100,"pointCount":1,"homeWorkCommuteMedian":36150,"workHomeCommuteMedian":-1},"geometry":{"type":"Polygon","coordinates":[[[10.377714552764358,53.75540145274009],[10.377714552764358,53.764394656377334],[10.386707756401604,53.764394656377334],[10.386707756401604,53.75540145274009],[10.377714552764358,53.75540145274009]]]}},{"type":"Feature","properties":{"jobs":0,"pop":300,"pointCount":3,"homeWorkCommuteMedian":33214,"workHomeCommuteMedian":-1},"geometry":{"type":"Polygon","coordinates":[[[10.377714552764358,53.764394656377334],[10.377714552764358,53.77338786001458],[10.386707756401604,53.77338786001458],[10.386707756401604,53.764394656377334],[10.377714552764358,53.764394656377334]]]}},{"type":"Feature","properties":{"jobs":100,"pop":100,"pointCount":2,"homeWorkCommuteMedian":62800,"workHomeCommuteMedian":41207},"geometry":{"type":"Polygon","coordinates":[[[10.377714552764358,53.77338786001458],[10.377714552764358,53.782381063651826],[10.386707756401604,53.782381063651826],[10.386707756401604,53.77338786001458],[10.377714552764358,53.77338786001458]]]}},{"type":"Feature","properties":{"jobs":0,"pop":600,"pointCount":5,"homeWorkCommuteMedian":33120,"workHomeCommuteMedian":-1},"geometry":{"type":"Polygon","coordinates":[[[10.377714552764358,53.79137426728907],[10.377714552764358,53.80036747092632],[10.386707756401604,53.80036747092632],[10.386707756401604,53.79137426728907],[10.377714552764358,53.79137426728907]]]}},{"type":"Feature","properties":{"jobs":500,"pop":400,"pointCount":7,"homeWorkCommuteMedian":50739,"workHomeCommuteMedian":32762},"geometry":{"type":"Polygon","coordinates":[[[10.377714552764358,53.80036747092632],[10.377714552764358,53.809360674563564],[10.386707756401604,53.809360674563564],[10.386707756401604,53.80036747092632],[10.377714552764358,53.80036747092632]]]}},{"type":"Feature","properties":{"jobs":0,"pop":850,"pointCount":6,"homeWorkCommuteMedian":37724,"workHomeCommuteMedian":-1},"geometry":{"type":"Polygon","coordinates":[[[10.377714552764358,53.809360674563564],[10.377714552764358,53.81835387820081],[10.386707756401604,53.81835387820081],[10.386707756401604,53.809360674563564],[10.377714552764358,53.809360674563564]]]}},{"type":"Feature","properties":{"jobs":400,"pop":200,"pointCount":3,"homeWorkCommuteMedian":41794,"workHomeCommuteMedian":51879},"geometry":{"type":"Polygon","coordinates":[[[10.377714552764358,53.827347081838056],[10.377714552764358,53.8363402854753],[10.386707756401604,53.8363402854753],[10.386707756401604,53.827347081838056],[10.377714552764358,53.827347081838056]]]}},{"type":"Feature","properties":{"jobs":0,"pop":100,"pointCount":1,"homeWorkCommuteMedian":42111,"workHomeCommuteMedian":-1},"geometry":{"type":"Polygon","coordinates":[[[10.377714552764358,53.8363402854753],[10.377714552764358,53.84533348911255],[10.386707756401604,53.84533348911255],[10.386707756401604,53.8363402854753],[10.377714552764358,53.8363402854753]]]}},{"type":"Feature","properties":{"jobs":0,"pop":100,"pointCount":1,"homeWorkCommuteMedian":73007,"workHomeCommuteMedian":-1},"geometry":{"type":"Polygon","coordinates":[[[10.377714552764358,53.84533348911255],[10.377714552764358,53.854326692749794],[10.386707756401604,53.854326692749794],[10.386707756401604,53.84533348911255],[10.377714552764358,53.84533348911255]]]}},{"type":"Feature","properties":{"jobs":0,"pop":200,"pointCount":1,"homeWorkCommuteMedian":62523,"workHomeCommuteMedian":-1},"geometry":{"type":"Polygon","coordinates":[[[10.377714552764358,53.88130630366153],[10.377714552764358,53.89029950729878],[10.386707756401604,53.89029950729878],[10.386707756401604,53.88130630366153],[10.377714552764358,53.88130630366153]]]}},{"type":"Feature","properties":{"jobs":0,"pop":100,"pointCount":1,"homeWorkCommuteMedian":44209,"workHomeCommuteMedian":-1},"geometry":{"type":"Polygon","coordinates":[[[10.377714552764358,53.89029950729878],[10.377714552764358,53.899292710936024],[10.386707756401604,53.899292710936024],[10.386707756401604,53.89029950729878],[10.377714552764358,53.89029950729878]]]}},{"type":"Feature","properties":{"jobs":300,"pop":100,"pointCount":4,"homeWorkCommuteMedian":30022,"workHomeCommuteMedian":42138},"geometry":{"type":"Polygon","coordinates":[[[10.386707756401604,53.359700492701265],[10.386707756401604,53.36869369633851],[10.39570096003885,53.36869369633851],[10.39570096003885,53.359700492701265],[10.386707756401604,53.359700492701265]]]}},{"type":"Feature","properties":{"jobs":100,"pop":100,"pointCount":2,"homeWorkCommuteMedian":44862,"workHomeCommuteMedian":75544},"geometry":{"type":"Polygon","coordinates":[[[10.386707756401604,53.404666510887495],[10.386707756401604,53.41365971452474],[10.39570096003885,53.41365971452474],[10.39570096003885,53.404666510887495],[10.386707756401604,53.404666510887495]]]}},{"type":"Feature","properties":{"jobs":0,"pop":100,"pointCount":1,"homeWorkCommuteMedian":17231,"workHomeCommuteMedian":-1},"geometry":{"type":"Polygon","coordinates":[[[10.386707756401604,53.42265291816199],[10.386707756401604,53.43164612179923],[10.39570096003885,53.43164612179923],[10.39570096003885,53.42265291816199],[10.386707756401604,53.42265291816199]]]}},{"type":"Feature","properties":{"jobs":0,"pop":1300,"pointCount":9,"homeWorkCommuteMedian":37167,"workHomeCommuteMedian":-1},"geometry":{"type":"Polygon","coordinates":[[[10.386707756401604,53.43164612179923],[10.386707756401604,53.44063932543648],[10.39570096003885,53.44063932543648],[10.39570096003885,53.43164612179923],[10.386707756401604,53.43164612179923]]]}},{"type":"Feature","properties":{"jobs":0,"pop":100,"pointCount":1,"homeWorkCommuteMedian":26700,"workHomeCommuteMedian":-1},"geometry":{"type":"Polygon","coordinates":[[[10.386707756401604,53.56654417635792],[10.386707756401604,53.57553737999517],[10.39570096003885,53.57553737999517],[10.39570096003885,53.56654417635792],[10.386707756401604,53.56654417635792]]]}},{"type":"Feature","properties":{"jobs":1000,"pop":500,"pointCount":8,"homeWorkCommuteMedian":27097,"workHomeCommuteMedian":27546},"geometry":{"type":"Polygon","coordinates":[[[10.386707756401604,53.57553737999517],[10.386707756401604,53.584530583632414],[10.39570096003885,53.584530583632414],[10.39570096003885,53.57553737999517],[10.386707756401604,53.57553737999517]]]}},{"type":"Feature","properties":{"jobs":0,"pop":300,"pointCount":2,"homeWorkCommuteMedian":27768,"workHomeCommuteMedian":-1},"geometry":{"type":"Polygon","coordinates":[[[10.386707756401604,53.59352378726966],[10.386707756401604,53.602516990906906],[10.39570096003885,53.602516990906906],[10.39570096003885,53.59352378726966],[10.386707756401604,53.59352378726966]]]}},{"type":"Feature","properties":{"jobs":0,"pop":100,"pointCount":1,"homeWorkCommuteMedian":37739,"workHomeCommuteMedian":-1},"geometry":{"type":"Polygon","coordinates":[[[10.386707756401604,53.602516990906906],[10.386707756401604,53.61151019454415],[10.39570096003885,53.61151019454415],[10.39570096003885,53.602516990906906],[10.386707756401604,53.602516990906906]]]}},{"type":"Feature","properties":{"jobs":700,"pop":300,"pointCount":6,"homeWorkCommuteMedian":20387,"workHomeCommuteMedian":27910},"geometry":{"type":"Polygon","coordinates":[[[10.386707756401604,53.61151019454415],[10.386707756401604,53.6205033981814],[10.39570096003885,53.6205033981814],[10.39570096003885,53.61151019454415],[10.386707756401604,53.61151019454415]]]}},{"type":"Feature","properties":{"jobs":500,"pop":400,"pointCount":4,"homeWorkCommuteMedian":33995,"workHomeCommuteMedian":28431},"geometry":{"type":"Polygon","coordinates":[[[10.386707756401604,53.6205033981814],[10.386707756401604,53.629496601818644],[10.39570096003885,53.629496601818644],[10.39570096003885,53.6205033981814],[10.386707756401604,53.6205033981814]]]}},{"type":"Feature","properties":{"jobs":0,"pop":100,"pointCount":1,"homeWorkCommuteMedian":26650,"workHomeCommuteMedian":-1},"geometry":{"type":"Polygon","coordinates":[[[10.386707756401604,53.629496601818644],[10.386707756401604,53.63848980545589],[10.39570096003885,53.63848980545589],[10.39570096003885,53.629496601818644],[10.386707756401604,53.629496601818644]]]}},{"type":"Feature","properties":{"jobs":0,"pop":200,"pointCount":2,"homeWorkCommuteMedian":32725,"workHomeCommuteMedian":-1},"geometry":{"type":"Polygon","coordinates":[[[10.386707756401604,53.65647621273038],[10.386707756401604,53.66546941636763],[10.39570096003885,53.66546941636763],[10.39570096003885,53.65647621273038],[10.386707756401604,53.65647621273038]]]}},{"type":"Feature","properties":{"jobs":0,"pop":100,"pointCount":1,"homeWorkCommuteMedian":24510,"workHomeCommuteMedian":-1},"geometry":{"type":"Polygon","coordinates":[[[10.386707756401604,53.66546941636763],[10.386707756401604,53.674462620004874],[10.39570096003885,53.674462620004874],[10.39570096003885,53.66546941636763],[10.386707756401604,53.66546941636763]]]}},{"type":"Feature","properties":{"jobs":100,"pop":200,"pointCount":3,"homeWorkCommuteMedian":57270,"workHomeCommuteMedian":29294},"geometry":{"type":"Polygon","coordinates":[[[10.386707756401604,53.68345582364212],[10.386707756401604,53.692449027279366],[10.39570096003885,53.692449027279366],[10.39570096003885,53.68345582364212],[10.386707756401604,53.68345582364212]]]}},{"type":"Feature","properties":{"jobs":300,"pop":300,"pointCount":2,"homeWorkCommuteMedian":51780,"workHomeCommuteMedian":38060},"geometry":{"type":"Polygon","coordinates":[[[10.386707756401604,53.692449027279366],[10.386707756401604,53.70144223091661],[10.39570096003885,53.70144223091661],[10.39570096003885,53.692449027279366],[10.386707756401604,53.692449027279366]]]}},{"type":"Feature","properties":{"jobs":200,"pop":0,"pointCount":2,"homeWorkCommuteMedian":-1,"workHomeCommuteMedian":32580},"geometry":{"type":"Polygon","coordinates":[[[10.386707756401604,53.70144223091661],[10.386707756401604,53.71043543455386],[10.39570096003885,53.71043543455386],[10.39570096003885,53.70144223091661],[10.386707756401604,53.70144223091661]]]}},{"type":"Feature","properties":{"jobs":200,"pop":0,"pointCount":1,"homeWorkCommuteMedian":-1,"workHomeCommuteMedian":36959},"geometry":{"type":"Polygon","coordinates":[[[10.386707756401604,53.719428638191104],[10.386707756401604,53.72842184182835],[10.39570096003885,53.72842184182835],[10.39570096003885,53.719428638191104],[10.386707756401604,53.719428638191104]]]}},{"type":"Feature","properties":{"jobs":100,"pop":100,"pointCount":2,"homeWorkCommuteMedian":47366,"workHomeCommuteMedian":29739},"geometry":{"type":"Polygon","coordinates":[[[10.386707756401604,53.79137426728907],[10.386707756401604,53.80036747092632],[10.39570096003885,53.80036747092632],[10.39570096003885,53.79137426728907],[10.386707756401604,53.79137426728907]]]}},{"type":"Feature","properties":{"jobs":400,"pop":700,"pointCount":9,"homeWorkCommuteMedian":52553,"workHomeCommuteMedian":39631},"geometry":{"type":"Polygon","coordinates":[[[10.386707756401604,53.80036747092632],[10.386707756401604,53.809360674563564],[10.39570096003885,53.809360674563564],[10.39570096003885,53.80036747092632],[10.386707756401604,53.80036747092632]]]}},{"type":"Feature","properties":{"jobs":300,"pop":600,"pointCount":5,"homeWorkCommuteMedian":56005,"workHomeCommuteMedian":43087},"geometry":{"type":"Polygon","coordinates":[[[10.386707756401604,53.809360674563564],[10.386707756401604,53.81835387820081],[10.39570096003885,53.81835387820081],[10.39570096003885,53.809360674563564],[10.386707756401604,53.809360674563564]]]}},{"type":"Feature","properties":{"jobs":0,"pop":300,"pointCount":2,"homeWorkCommuteMedian":33349,"workHomeCommuteMedian":-1},"geometry":{"type":"Polygon","coordinates":[[[10.386707756401604,53.81835387820081],[10.386707756401604,53.827347081838056],[10.39570096003885,53.827347081838056],[10.39570096003885,53.81835387820081],[10.386707756401604,53.81835387820081]]]}},{"type":"Feature","properties":{"jobs":0,"pop":200,"pointCount":1,"homeWorkCommuteMedian":78924,"workHomeCommuteMedian":-1},"geometry":{"type":"Polygon","coordinates":[[[10.386707756401604,53.827347081838056],[10.386707756401604,53.8363402854753],[10.39570096003885,53.8363402854753],[10.39570096003885,53.827347081838056],[10.386707756401604,53.827347081838056]]]}},{"type":"Feature","properties":{"jobs":0,"pop":200,"pointCount":2,"homeWorkCommuteMedian":40628,"workHomeCommuteMedian":-1},"geometry":{"type":"Polygon","coordinates":[[[10.386707756401604,53.8363402854753],[10.386707756401604,53.84533348911255],[10.39570096003885,53.84533348911255],[10.39570096003885,53.8363402854753],[10.386707756401604,53.8363402854753]]]}},{"type":"Feature","properties":{"jobs":0,"pop":200,"pointCount":2,"homeWorkCommuteMedian":77479,"workHomeCommuteMedian":-1},"geometry":{"type":"Polygon","coordinates":[[[10.386707756401604,53.88130630366153],[10.386707756401604,53.89029950729878],[10.39570096003885,53.89029950729878],[10.39570096003885,53.88130630366153],[10.386707756401604,53.88130630366153]]]}}],"properties":{"residentWeightedNearestNeighborKm":{"p10":0,"p25":0,"p50":0.1649924392299877,"p75":0.16568474967952276,"p90":0.3231420283735765,"mean":0.16678011676087906},"workerWeightedNearestNeighborKm":{"p10":0,"p25":0,"p50":0,"p75":0.16521688252912572,"p90":0.2779877005835794,"mean":0.11641840274300598},"commuteDistanceKm":{"p10":12978,"p25":15958,"p50":21907,"p75":31926,"p90":42994,"mean":25200.382650173822},"residentCellDensity":{"p10":100,"p25":100,"p50":300,"p75":700,"p90":1250,"mean":527.8805719091673},"workerCellDensity":{"p10":100,"p25":200,"p50":400,"p75":900,"p90":2100,"mean":870.5128205128206},"detail":{"radiusKm":0,"expectedPointSpacingKm":0.4725402414684168,"normalizedRadius":0,"activityPerPoint":108.80858028945555,"playableAreaKm2":3224,"playableAreaPerPointKm2":0.2777394900068918,"playableCatchmentRadiusKm":0.2973335256119595,"localityScore":0,"deaggregationScore":1,"score":0},"polycentrism":{"activity":{"score":0,"continuousScore":0.7390047933195304,"detectedCenterCount":1,"effectiveCenterCount":1,"largestCenterShare":1,"bandwidthKm":1.3,"reliabilityScore":1,"supportLevel":"high","usedFallback":false,"topCenters":[{"longitude":9.996768015573412,"latitude":53.58335246882546,"massShare":1,"assignedMass":2526100,"assignedPointCount":11608,"prominenceRatio":1}],"debug":{"rawPeakCount":124,"mergedPeakCount":67,"filteredPeakCount":1,"prominenceThreshold":0.22,"minPointsPerCenter":10,"rejectedCenters":[{"longitude":10.011763460234542,"latitude":53.62623421108742,"massShare":0.07426467677447449,"assignedMass":187600,"assignedPointCount":615,"prominenceRatio":0.9999977481064986,"strongestCompetitorDistanceKm":6.798284285466485,"strongestCompetitorPotential":129324.29107938315,"localConsolidatedShare":0.07426467677447449,"localConsolidatedMass":187600,"localContributorCount":1,"localContributorDistancesKm":[],"rejectionReasons":["not_dominant_local_peak","below_relative_share_floor","too_close_for_low_share_center"]},{"longitude":10.202388175807078,"latitude":53.494590626215484,"massShare":0.050888721744982386,"assignedMass":128550,"assignedPointCount":530,"prominenceRatio":1,"strongestCompetitorDistanceKm":17.596738934182035,"strongestCompetitorPotential":129324.29107938315,"localConsolidatedShare":0.050888721744982386,"localConsolidatedMass":128550,"localContributorCount":1,"localContributorDistancesKm":[],"rejectionReasons":["below_secondary_share_floor"]},{"longitude":9.971126708984375,"latitude":53.45160888671875,"massShare":0.0405367958513123,"assignedMass":102400,"assignedPointCount":445,"prominenceRatio":1,"strongestCompetitorDistanceKm":13.069589494091417,"strongestCompetitorPotential":129324.29107938315,"localConsolidatedShare":0.0405367958513123,"localConsolidatedMass":102400,"localContributorCount":1,"localContributorDistancesKm":[],"rejectionReasons":["below_secondary_share_floor"]},{"longitude":10.124925072690674,"latitude":53.5874278684858,"massShare":0.0884961007086022,"assignedMass":223550,"assignedPointCount":978,"prominenceRatio":1,"strongestCompetitorDistanceKm":11.47106514195645,"strongestCompetitorPotential":129324.29107938315,"localConsolidatedShare":0.0884961007086022,"localConsolidatedMass":223550,"localContributorCount":1,"localContributorDistancesKm":[],"rejectionReasons":["not_dominant_local_peak","below_relative_share_floor","too_close_for_low_share_center"]},{"longitude":9.868285263895377,"latitude":53.589566791219056,"massShare":0.08475515616958948,"assignedMass":214100,"assignedPointCount":962,"prominenceRatio":0.9999992661289447,"strongestCompetitorDistanceKm":7.198613562163758,"strongestCompetitorPotential":129324.29107938315,"localConsolidatedShare":0.08475515616958948,"localConsolidatedMass":214100,"localContributorCount":1,"localContributorDistancesKm":[],"rejectionReasons":["not_dominant_local_peak","below_relative_share_floor","too_close_for_low_share_center"]},{"longitude":10.0006689476168,"latitude":53.69171543180746,"massShare":0.04194212422311072,"assignedMass":105950,"assignedPointCount":459,"prominenceRatio":1,"strongestCompetitorDistanceKm":11.769559511187223,"strongestCompetitorPotential":129324.29107938315,"localConsolidatedShare":0.04194212422311072,"localConsolidatedMass":105950,"localContributorCount":1,"localContributorDistancesKm":[],"rejectionReasons":["below_secondary_share_floor"]},{"longitude":10.108599050203528,"latitude":53.65566146540027,"massShare":0.0437631130992439,"assignedMass":110550,"assignedPointCount":505,"prominenceRatio":1,"strongestCompetitorDistanceKm":11.501609499439924,"strongestCompetitorPotential":129324.29107938315,"localConsolidatedShare":0.0437631130992439,"localConsolidatedMass":110550,"localContributorCount":1,"localContributorDistancesKm":[],"rejectionReasons":["below_secondary_share_floor"]},{"longitude":9.865359342915811,"latitude":53.4745636550308,"massShare":0.01927873005819247,"assignedMass":48700,"assignedPointCount":216,"prominenceRatio":1,"strongestCompetitorDistanceKm":13.693840675686262,"strongestCompetitorPotential":129324.29107938315,"localConsolidatedShare":0.01927873005819247,"localConsolidatedMass":48700,"localContributorCount":1,"localContributorDistancesKm":[],"rejectionReasons":["below_secondary_share_floor"]},{"longitude":9.80456599713056,"latitude":53.65872668579627,"massShare":0.027591940144887375,"assignedMass":69700,"assignedPointCount":333,"prominenceRatio":1,"strongestCompetitorDistanceKm":15.141423394766278,"strongestCompetitorPotential":129324.29107938315,"localConsolidatedShare":0.027591940144887375,"localConsolidatedMass":69700,"localContributorCount":1,"localContributorDistancesKm":[],"rejectionReasons":["below_secondary_share_floor"]},{"longitude":10.237521718146718,"latitude":53.66819498069498,"massShare":0.020505918213847434,"assignedMass":51800,"assignedPointCount":257,"prominenceRatio":1,"strongestCompetitorDistanceKm":20.29917796360955,"strongestCompetitorPotential":129324.29107938315,"localConsolidatedShare":0.020505918213847434,"localConsolidatedMass":51800,"localContributorCount":1,"localContributorDistancesKm":[],"rejectionReasons":["below_secondary_share_floor"]},{"longitude":10.010349099099098,"latitude":53.51133333333333,"massShare":0.021970626657693677,"assignedMass":55500,"assignedPointCount":293,"prominenceRatio":0.9999997731812456,"strongestCompetitorDistanceKm":7.594031441638012,"strongestCompetitorPotential":129324.29107938315,"localConsolidatedShare":0.021970626657693677,"localConsolidatedMass":55500,"localContributorCount":1,"localContributorDistancesKm":[],"rejectionReasons":["below_secondary_share_floor"]},{"longitude":9.664683295964126,"latitude":53.75265134529148,"massShare":0.017655674755552037,"assignedMass":44600,"assignedPointCount":273,"prominenceRatio":1,"strongestCompetitorDistanceKm":28.908269452238457,"strongestCompetitorPotential":129324.29107938315,"localConsolidatedShare":0.017655674755552037,"localConsolidatedMass":44600,"localContributorCount":1,"localContributorDistancesKm":[],"rejectionReasons":["below_secondary_share_floor"]},{"longitude":9.689704038997215,"latitude":53.47118036211699,"massShare":0.014211630576778433,"assignedMass":35900,"assignedPointCount":215,"prominenceRatio":1,"strongestCompetitorDistanceKm":21.854081310080595,"strongestCompetitorPotential":129324.29107938315,"localConsolidatedShare":0.014211630576778433,"localConsolidatedMass":35900,"localContributorCount":1,"localContributorDistancesKm":[],"rejectionReasons":["below_secondary_share_floor"]},{"longitude":9.73344247246022,"latitude":53.580563035495715,"massShare":0.01617117295435652,"assignedMass":40850,"assignedPointCount":210,"prominenceRatio":1,"strongestCompetitorDistanceKm":17.181779813056163,"strongestCompetitorPotential":129324.29107938315,"localConsolidatedShare":0.01617117295435652,"localConsolidatedMass":40850,"localContributorCount":1,"localContributorDistancesKm":[],"rejectionReasons":["below_secondary_share_floor"]},{"longitude":9.791214859437751,"latitude":53.46940763052209,"massShare":0.009857091959938245,"assignedMass":24900,"assignedPointCount":114,"prominenceRatio":1,"strongestCompetitorDistanceKm":17.167307836671746,"strongestCompetitorPotential":129324.29107938315,"localConsolidatedShare":0.009857091959938245,"localConsolidatedMass":24900,"localContributorCount":1,"localContributorDistancesKm":[],"rejectionReasons":["below_secondary_share_floor"]},{"longitude":10.19693367786391,"latitude":53.54172049956934,"massShare":0.02298008788250663,"assignedMass":58050,"assignedPointCount":288,"prominenceRatio":1,"strongestCompetitorDistanceKm":16.57031455939769,"strongestCompetitorPotential":129324.29107938315,"localConsolidatedShare":0.02298008788250663,"localConsolidatedMass":58050,"localContributorCount":1,"localContributorDistancesKm":[],"rejectionReasons":["below_secondary_share_floor"]},{"longitude":9.962397025171624,"latitude":53.83279748283753,"massShare":0.008649697161632556,"assignedMass":21850,"assignedPointCount":133,"prominenceRatio":1,"strongestCompetitorDistanceKm":28.37202609427453,"strongestCompetitorPotential":129324.29107938315,"localConsolidatedShare":0.008649697161632556,"localConsolidatedMass":21850,"localContributorCount":1,"localContributorDistancesKm":[],"rejectionReasons":["below_secondary_share_floor"]},{"longitude":10.355516014234876,"latitude":53.434684163701064,"massShare":0.011123866830291753,"assignedMass":28100,"assignedPointCount":194,"prominenceRatio":1,"strongestCompetitorDistanceKm":29.940425114223018,"strongestCompetitorPotential":129324.29107938315,"localConsolidatedShare":0.011123866830291753,"localConsolidatedMass":28100,"localContributorCount":1,"localContributorDistancesKm":[],"rejectionReasons":["below_secondary_share_floor"]},{"longitude":10.213930260047281,"latitude":53.36466903073286,"massShare":0.008372590158742726,"assignedMass":21150,"assignedPointCount":131,"prominenceRatio":1,"strongestCompetitorDistanceKm":28.175139221444848,"strongestCompetitorPotential":129324.29107938315,"localConsolidatedShare":0.008372590158742726,"localConsolidatedMass":21150,"localContributorCount":1,"localContributorDistancesKm":[],"rejectionReasons":["below_secondary_share_floor"]},{"longitude":9.982912280701754,"latitude":53.78328947368421,"massShare":0.011282213689085942,"assignedMass":28500,"assignedPointCount":177,"prominenceRatio":1,"strongestCompetitorDistanceKm":24.465143764549858,"strongestCompetitorPotential":129324.29107938315,"localConsolidatedShare":0.011282213689085942,"localConsolidatedMass":28500,"localContributorCount":1,"localContributorDistancesKm":[],"rejectionReasons":["below_secondary_share_floor"]},{"longitude":9.682006220839813,"latitude":53.6878032659409,"massShare":0.012727128775582915,"assignedMass":32150,"assignedPointCount":208,"prominenceRatio":1,"strongestCompetitorDistanceKm":23.556266256738063,"strongestCompetitorPotential":129324.29107938315,"localConsolidatedShare":0.012727128775582915,"localConsolidatedMass":32150,"localContributorCount":1,"localContributorDistancesKm":[],"rejectionReasons":["below_secondary_share_floor"]},{"longitude":9.917840163934427,"latitude":53.73310655737705,"massShare":0.012073947983056886,"assignedMass":30500,"assignedPointCount":198,"prominenceRatio":1,"strongestCompetitorDistanceKm":18.112461386831953,"strongestCompetitorPotential":129324.29107938315,"localConsolidatedShare":0.012073947983056886,"localConsolidatedMass":30500,"localContributorCount":1,"localContributorDistancesKm":[],"rejectionReasons":["below_secondary_share_floor"]},{"longitude":10.266058981233243,"latitude":53.730529490616625,"massShare":0.007382922291279047,"assignedMass":18650,"assignedPointCount":109,"prominenceRatio":1,"strongestCompetitorDistanceKm":25.635291737055645,"strongestCompetitorPotential":129324.29107938315,"localConsolidatedShare":0.007382922291279047,"localConsolidatedMass":18650,"localContributorCount":1,"localContributorDistancesKm":[],"rejectionReasons":["below_secondary_share_floor"]},{"longitude":10.012788705583757,"latitude":53.39369289340102,"massShare":0.015597165591227584,"assignedMass":39400,"assignedPointCount":213,"prominenceRatio":1,"strongestCompetitorDistanceKm":21.108670603092836,"strongestCompetitorPotential":129324.29107938315,"localConsolidatedShare":0.015597165591227584,"localConsolidatedMass":39400,"localContributorCount":1,"localContributorDistancesKm":[],"rejectionReasons":["below_secondary_share_floor"]},{"longitude":10.369146981627297,"latitude":53.808543307086616,"massShare":0.007541269150073236,"assignedMass":19050,"assignedPointCount":138,"prominenceRatio":1,"strongestCompetitorDistanceKm":36.716973723392435,"strongestCompetitorPotential":129324.29107938315,"localConsolidatedShare":0.007541269150073236,"localConsolidatedMass":19050,"localContributorCount":1,"localContributorDistancesKm":[],"rejectionReasons":["below_secondary_share_floor"]},{"longitude":9.700075431034483,"latitude":53.528685344827586,"massShare":0.009184117810062942,"assignedMass":23200,"assignedPointCount":138,"prominenceRatio":1,"strongestCompetitorDistanceKm":20.104383572982147,"strongestCompetitorPotential":129324.29107938315,"localConsolidatedShare":0.009184117810062942,"localConsolidatedMass":23200,"localContributorCount":1,"localContributorDistancesKm":[],"rejectionReasons":["below_secondary_share_floor"]},{"longitude":9.904588744588745,"latitude":53.379074675324674,"massShare":0.009144531095364396,"assignedMass":23100,"assignedPointCount":148,"prominenceRatio":1,"strongestCompetitorDistanceKm":22.586946073759666,"strongestCompetitorPotential":129324.29107938315,"localConsolidatedShare":0.009144531095364396,"localConsolidatedMass":23100,"localContributorCount":1,"localContributorDistancesKm":[],"rejectionReasons":["below_secondary_share_floor"]},{"longitude":9.776670305676856,"latitude":53.78532751091703,"massShare":0.004532678832983651,"assignedMass":11450,"assignedPointCount":75,"prominenceRatio":1,"strongestCompetitorDistanceKm":27.47062799732433,"strongestCompetitorPotential":129324.29107938315,"localConsolidatedShare":0.004532678832983651,"localConsolidatedMass":11450,"localContributorCount":1,"localContributorDistancesKm":[],"rejectionReasons":["below_secondary_share_floor"]},{"longitude":10.115169811320754,"latitude":53.375349056603774,"massShare":0.0052452396975575,"assignedMass":13250,"assignedPointCount":79,"prominenceRatio":1,"strongestCompetitorDistanceKm":22.803122628540578,"strongestCompetitorPotential":129324.29107938315,"localConsolidatedShare":0.0052452396975575,"localConsolidatedMass":13250,"localContributorCount":1,"localContributorDistancesKm":[],"rejectionReasons":["below_secondary_share_floor"]},{"longitude":9.720786802030457,"latitude":53.36942893401015,"massShare":0.003899291397806896,"assignedMass":9850,"assignedPointCount":63,"prominenceRatio":1,"strongestCompetitorDistanceKm":28.75552868361924,"strongestCompetitorPotential":129324.29107938315,"localConsolidatedShare":0.003899291397806896,"localConsolidatedMass":9850,"localContributorCount":1,"localContributorDistancesKm":[],"rejectionReasons":["below_secondary_share_floor"]},{"longitude":9.785566860465117,"latitude":53.418793604651164,"massShare":0.0034044574640750562,"assignedMass":8600,"assignedPointCount":51,"prominenceRatio":1,"strongestCompetitorDistanceKm":20.76934498577109,"strongestCompetitorPotential":129324.29107938315,"localConsolidatedShare":0.0034044574640750562,"localConsolidatedMass":8600,"localContributorCount":1,"localContributorDistancesKm":[],"rejectionReasons":["below_secondary_share_floor"]},{"longitude":9.628721461187215,"latitude":53.80736301369863,"massShare":0.004334745259490915,"assignedMass":10950,"assignedPointCount":85,"prominenceRatio":1,"strongestCompetitorDistanceKm":34.464169312083065,"strongestCompetitorPotential":129324.29107938315,"localConsolidatedShare":0.004334745259490915,"localConsolidatedMass":10950,"localContributorCount":1,"localContributorDistancesKm":[],"rejectionReasons":["below_secondary_share_floor"]},{"longitude":9.613925619834712,"latitude":53.54902892561984,"massShare":0.004789992478524207,"assignedMass":12100,"assignedPointCount":84,"prominenceRatio":1,"strongestCompetitorDistanceKm":24.241574425126192,"strongestCompetitorPotential":129324.29107938315,"localConsolidatedShare":0.004789992478524207,"localConsolidatedMass":12100,"localContributorCount":1,"localContributorDistancesKm":[],"rejectionReasons":["below_secondary_share_floor"]},{"longitude":9.618509433962265,"latitude":53.441311320754714,"massShare":0.0052452396975575,"assignedMass":13250,"assignedPointCount":86,"prominenceRatio":1,"strongestCompetitorDistanceKm":28.117372336292124,"strongestCompetitorPotential":129324.29107938315,"localConsolidatedShare":0.0052452396975575,"localConsolidatedMass":13250,"localContributorCount":1,"localContributorDistancesKm":[],"rejectionReasons":["below_secondary_share_floor"]},{"longitude":10.127704081632652,"latitude":53.42386054421769,"massShare":0.002909623530343217,"assignedMass":7350,"assignedPointCount":42,"prominenceRatio":1,"strongestCompetitorDistanceKm":20.037469009539983,"strongestCompetitorPotential":129324.29107938315,"localConsolidatedShare":0.002909623530343217,"localConsolidatedMass":7350,"localContributorCount":1,"localContributorDistancesKm":[],"rejectionReasons":["below_secondary_share_floor"]},{"longitude":10.195718390804597,"latitude":53.40554597701149,"massShare":0.0034440441787736034,"assignedMass":8700,"assignedPointCount":62,"prominenceRatio":1,"strongestCompetitorDistanceKm":23.514445250950384,"strongestCompetitorPotential":129324.29107938315,"localConsolidatedShare":0.0034440441787736034,"localConsolidatedMass":8700,"localContributorCount":1,"localContributorDistancesKm":[],"rejectionReasons":["below_secondary_share_floor"]},{"longitude":10.38140625,"latitude":53.616171875,"massShare":0.0025335497407070187,"assignedMass":6400,"assignedPointCount":37,"prominenceRatio":1,"strongestCompetitorDistanceKm":27.797101653038638,"strongestCompetitorPotential":129324.29107938315,"localConsolidatedShare":0.0025335497407070187,"localConsolidatedMass":6400,"localContributorCount":1,"localContributorDistancesKm":[],"rejectionReasons":["below_secondary_share_floor"]},{"longitude":10.075994897959184,"latitude":53.45747448979592,"massShare":0.0038794980404576224,"assignedMass":9800,"assignedPointCount":60,"prominenceRatio":1,"strongestCompetitorDistanceKm":15.63859515209138,"strongestCompetitorPotential":129324.29107938315,"localConsolidatedShare":0.0038794980404576224,"localConsolidatedMass":9800,"localContributorCount":1,"localContributorDistancesKm":[],"rejectionReasons":["below_secondary_share_floor"]},{"longitude":10.350642857142857,"latitude":53.64957142857143,"massShare":0.0027710700288983018,"assignedMass":7000,"assignedPointCount":47,"prominenceRatio":1,"strongestCompetitorDistanceKm":26.660330598205178,"strongestCompetitorPotential":129324.29107938315,"localConsolidatedShare":0.0027710700288983018,"localConsolidatedMass":7000,"localContributorCount":1,"localContributorDistancesKm":[],"rejectionReasons":["below_secondary_share_floor"]},{"longitude":10.150053191489361,"latitude":53.80595744680851,"massShare":0.0018605755908317168,"assignedMass":4700,"assignedPointCount":35,"prominenceRatio":1,"strongestCompetitorDistanceKm":27.809322956965953,"strongestCompetitorPotential":129324.29107938315,"localConsolidatedShare":0.0018605755908317168,"localConsolidatedMass":4700,"localContributorCount":1,"localContributorDistancesKm":[],"rejectionReasons":["below_secondary_share_floor"]},{"longitude":10.373675213675213,"latitude":53.705555555555556,"massShare":0.002315822809865009,"assignedMass":5850,"assignedPointCount":44,"prominenceRatio":1,"strongestCompetitorDistanceKm":30.25918198230326,"strongestCompetitorPotential":129324.29107938315,"localConsolidatedShare":0.002315822809865009,"localConsolidatedMass":5850,"localContributorCount":1,"localContributorDistancesKm":[],"rejectionReasons":["below_secondary_share_floor"]},{"longitude":9.681179245283019,"latitude":53.40693396226415,"massShare":0.0020980958790229997,"assignedMass":5300,"assignedPointCount":33,"prominenceRatio":1,"strongestCompetitorDistanceKm":26.55235501268614,"strongestCompetitorPotential":129324.29107938315,"localConsolidatedShare":0.0020980958790229997,"localConsolidatedMass":5300,"localContributorCount":1,"localContributorDistancesKm":[],"rejectionReasons":["below_secondary_share_floor"]},{"longitude":10.39,"latitude":53.582109375,"massShare":0.0012667748703535093,"assignedMass":3200,"assignedPointCount":22,"prominenceRatio":1,"strongestCompetitorDistanceKm":27.405131910649764,"strongestCompetitorPotential":129324.29107938315,"localConsolidatedShare":0.0012667748703535093,"localConsolidatedMass":3200,"localContributorCount":1,"localContributorDistancesKm":[],"rejectionReasons":["below_secondary_share_floor"]},{"longitude":10.180921052631579,"latitude":53.76171052631579,"massShare":0.0015042951585447924,"assignedMass":3800,"assignedPointCount":25,"prominenceRatio":1,"strongestCompetitorDistanceKm":25.50117873270456,"strongestCompetitorPotential":129324.29107938315,"localConsolidatedShare":0.0015042951585447924,"localConsolidatedMass":3800,"localContributorCount":1,"localContributorDistancesKm":[],"rejectionReasons":["below_secondary_share_floor"]},{"longitude":9.646342592592593,"latitude":53.61824074074074,"massShare":0.002137682593721547,"assignedMass":5400,"assignedPointCount":37,"prominenceRatio":1,"strongestCompetitorDistanceKm":20.904502115839602,"strongestCompetitorPotential":129324.29107938315,"localConsolidatedShare":0.002137682593721547,"localConsolidatedMass":5400,"localContributorCount":1,"localContributorDistancesKm":[],"rejectionReasons":["below_secondary_share_floor"]},{"longitude":10.32672459893048,"latitude":53.50688502673797,"massShare":0.00370135782431416,"assignedMass":9350,"assignedPointCount":64,"prominenceRatio":1,"strongestCompetitorDistanceKm":26.302156755200933,"strongestCompetitorPotential":129324.29107938315,"localConsolidatedShare":0.00370135782431416,"localConsolidatedMass":9350,"localContributorCount":1,"localContributorDistancesKm":[],"rejectionReasons":["below_secondary_share_floor"]},{"longitude":10.32141891891892,"latitude":53.3675,"massShare":0.0014647084438462452,"assignedMass":3700,"assignedPointCount":25,"prominenceRatio":1,"strongestCompetitorDistanceKm":33.080664419242396,"strongestCompetitorPotential":129324.29107938315,"localConsolidatedShare":0.0014647084438462452,"localConsolidatedMass":3700,"localContributorCount":1,"localContributorDistancesKm":[],"rejectionReasons":["below_secondary_share_floor"]},{"longitude":9.686319444444445,"latitude":53.85388888888889,"massShare":0.001425121729147698,"assignedMass":3600,"assignedPointCount":28,"prominenceRatio":1,"strongestCompetitorDistanceKm":36.48671467089315,"strongestCompetitorPotential":129324.29107938315,"localConsolidatedShare":0.001425121729147698,"localConsolidatedMass":3600,"localContributorCount":1,"localContributorDistancesKm":[],"rejectionReasons":["below_secondary_share_floor"]},{"longitude":9.618576923076922,"latitude":53.367615384615384,"massShare":0.001286568227702783,"assignedMass":3250,"assignedPointCount":21,"prominenceRatio":1,"strongestCompetitorDistanceKm":33.3938722842447,"strongestCompetitorPotential":129324.29107938315,"localConsolidatedShare":0.001286568227702783,"localConsolidatedMass":3250,"localContributorCount":1,"localContributorDistancesKm":[],"rejectionReasons":["below_secondary_share_floor"]},{"longitude":10.23875,"latitude":53.80173076923077,"massShare":0.0010292545821622263,"assignedMass":2600,"assignedPointCount":19,"prominenceRatio":1,"strongestCompetitorDistanceKm":30.15367928221753,"strongestCompetitorPotential":129324.29107938315,"localConsolidatedShare":0.0010292545821622263,"localConsolidatedMass":2600,"localContributorCount":1,"localContributorDistancesKm":[],"rejectionReasons":["below_secondary_share_floor"]},{"longitude":9.88853448275862,"latitude":53.87991379310345,"massShare":0.0011480147262578678,"assignedMass":2900,"assignedPointCount":27,"prominenceRatio":1,"strongestCompetitorDistanceKm":34.157060915049264,"strongestCompetitorPotential":129324.29107938315,"localConsolidatedShare":0.0011480147262578678,"localConsolidatedMass":2900,"localContributorCount":1,"localContributorDistancesKm":[],"rejectionReasons":["below_secondary_share_floor"]},{"longitude":9.796375,"latitude":53.371125,"massShare":0.0007917342939709434,"assignedMass":2000,"assignedPointCount":16,"prominenceRatio":1,"strongestCompetitorDistanceKm":25.61495889386914,"strongestCompetitorPotential":129324.29107938315,"localConsolidatedShare":0.0007917342939709434,"localConsolidatedMass":2000,"localContributorCount":1,"localContributorDistancesKm":[],"rejectionReasons":["below_secondary_share_floor"]},{"longitude":10.322083333333333,"latitude":53.57525,"massShare":0.001187601440956415,"assignedMass":3000,"assignedPointCount":22,"prominenceRatio":1,"strongestCompetitorDistanceKm":23.768619833101326,"strongestCompetitorPotential":129324.29107938315,"localConsolidatedShare":0.001187601440956415,"localConsolidatedMass":3000,"localContributorCount":1,"localContributorDistancesKm":[],"rejectionReasons":["below_secondary_share_floor"]},{"longitude":10.049285714285714,"latitude":53.894642857142856,"massShare":0.0011084280115593206,"assignedMass":2800,"assignedPointCount":22,"prominenceRatio":1,"strongestCompetitorDistanceKm":36.200498793596466,"strongestCompetitorPotential":129324.29107938315,"localConsolidatedShare":0.0011084280115593206,"localConsolidatedMass":2800,"localContributorCount":1,"localContributorDistancesKm":[],"rejectionReasons":["below_secondary_share_floor"]},{"longitude":10.084342105263158,"latitude":53.78868421052631,"massShare":0.0007521475792723962,"assignedMass":1900,"assignedPointCount":14,"prominenceRatio":1,"strongestCompetitorDistanceKm":24.671349511055688,"strongestCompetitorPotential":129324.29107938315,"localConsolidatedShare":0.0007521475792723962,"localConsolidatedMass":1900,"localContributorCount":1,"localContributorDistancesKm":[],"rejectionReasons":["below_secondary_share_floor"]},{"longitude":10.313796296296296,"latitude":53.89574074074074,"massShare":0.0005344206484303867,"assignedMass":1350,"assignedPointCount":12,"prominenceRatio":1,"strongestCompetitorDistanceKm":42.06842440459022,"strongestCompetitorPotential":129324.29107938315,"localConsolidatedShare":0.0005344206484303867,"localConsolidatedMass":1350,"localContributorCount":1,"localContributorDistancesKm":[],"rejectionReasons":["below_secondary_share_floor"]},{"longitude":10.373684210526315,"latitude":53.88723684210526,"massShare":0.0007521475792723962,"assignedMass":1900,"assignedPointCount":16,"prominenceRatio":1,"strongestCompetitorDistanceKm":43.44216430215362,"strongestCompetitorPotential":129324.29107938315,"localConsolidatedShare":0.0007521475792723962,"localConsolidatedMass":1900,"localContributorCount":1,"localContributorDistancesKm":[],"rejectionReasons":["below_secondary_share_floor"]},{"longitude":10.274137931034483,"latitude":53.867413793103445,"massShare":0.0011480147262578678,"assignedMass":2900,"assignedPointCount":23,"prominenceRatio":1,"strongestCompetitorDistanceKm":39.7183684812423,"strongestCompetitorPotential":129324.29107938315,"localConsolidatedShare":0.0011480147262578678,"localConsolidatedMass":2900,"localContributorCount":1,"localContributorDistancesKm":[],"rejectionReasons":["below_secondary_share_floor"]},{"longitude":10.19264705882353,"latitude":53.89044117647059,"massShare":0.0006729741498753019,"assignedMass":1700,"assignedPointCount":15,"prominenceRatio":1,"strongestCompetitorDistanceKm":37.691834446182966,"strongestCompetitorPotential":129324.29107938315,"localConsolidatedShare":0.0006729741498753019,"localConsolidatedMass":1700,"localContributorCount":1,"localContributorDistancesKm":[],"rejectionReasons":["below_secondary_share_floor"]},{"longitude":10.169444444444444,"latitude":53.848333333333336,"massShare":0.0003562804322869245,"assignedMass":900,"assignedPointCount":8,"prominenceRatio":1,"strongestCompetitorDistanceKm":32.60071467692999,"strongestCompetitorPotential":129324.29107938315,"localConsolidatedShare":0.0003562804322869245,"localConsolidatedMass":900,"localContributorCount":1,"localContributorDistancesKm":[],"rejectionReasons":["below_min_points_per_center"]},{"longitude":10.393125,"latitude":53.358125,"massShare":0.00031669371758837734,"assignedMass":800,"assignedPointCount":8,"prominenceRatio":1,"strongestCompetitorDistanceKm":36.35777287375971,"strongestCompetitorPotential":129324.29107938315,"localConsolidatedShare":0.00031669371758837734,"localConsolidatedMass":800,"localContributorCount":1,"localContributorDistancesKm":[],"rejectionReasons":["below_min_points_per_center"]},{"longitude":10.10825,"latitude":53.84,"massShare":0.0003958671469854717,"assignedMass":1000,"assignedPointCount":9,"prominenceRatio":1,"strongestCompetitorDistanceKm":30.824099258465875,"strongestCompetitorPotential":129324.29107938315,"localConsolidatedShare":0.0003958671469854717,"localConsolidatedMass":1000,"localContributorCount":1,"localContributorDistancesKm":[],"rejectionReasons":["below_min_points_per_center"]},{"longitude":9.813035714285714,"latitude":53.887321428571425,"massShare":0.0005542140057796603,"assignedMass":1400,"assignedPointCount":13,"prominenceRatio":1,"strongestCompetitorDistanceKm":36.39889669472692,"strongestCompetitorPotential":129324.29107938315,"localConsolidatedShare":0.0005542140057796603,"localConsolidatedMass":1400,"localContributorCount":1,"localContributorDistancesKm":[],"rejectionReasons":["below_secondary_share_floor"]},{"longitude":10.059078947368421,"latitude":53.85171052631579,"massShare":0.0003760737896361981,"assignedMass":950,"assignedPointCount":7,"prominenceRatio":1,"strongestCompetitorDistanceKm":31.454881566353812,"strongestCompetitorPotential":129324.29107938315,"localConsolidatedShare":0.0003760737896361981,"localConsolidatedMass":950,"localContributorCount":1,"localContributorDistancesKm":[],"rejectionReasons":["below_min_points_per_center"]},{"longitude":9.720714285714285,"latitude":53.89642857142857,"massShare":0.00027710700288983015,"assignedMass":700,"assignedPointCount":5,"prominenceRatio":1,"strongestCompetitorDistanceKm":39.898920383273904,"strongestCompetitorPotential":129324.29107938315,"localConsolidatedShare":0.00027710700288983015,"localConsolidatedMass":700,"localContributorCount":1,"localContributorDistancesKm":[],"rejectionReasons":["below_min_points_per_center"]},{"longitude":9.649375,"latitude":53.893125,"massShare":0.00015834685879418867,"assignedMass":400,"assignedPointCount":4,"prominenceRatio":1,"strongestCompetitorDistanceKm":41.15997671677896,"strongestCompetitorPotential":129324.29107938315,"localConsolidatedShare":0.00015834685879418867,"localConsolidatedMass":400,"localContributorCount":1,"localContributorDistancesKm":[],"rejectionReasons":["below_min_points_per_center"]}]}}}}}
