{"type":"FeatureCollection","features":[{"type":"Feature","properties":{"jobs":186,"pop":0,"pointCount":1,"homeWorkCommuteMedian":-1,"workHomeCommuteMedian":3493},"geometry":{"type":"Polygon","coordinates":[[[150.59177525269152,-33.88711164728417],[150.59177525269152,-33.878118443646926],[150.60076845632875,-33.878118443646926],[150.60076845632875,-33.88711164728417],[150.59177525269152,-33.88711164728417]]]}},{"type":"Feature","properties":{"jobs":427,"pop":119,"pointCount":1,"homeWorkCommuteMedian":41176,"workHomeCommuteMedian":65488},"geometry":{"type":"Polygon","coordinates":[[[150.60076845632875,-33.94107086910765],[150.60076845632875,-33.9320776654704],[150.60976165996598,-33.9320776654704],[150.60976165996598,-33.94107086910765],[150.60076845632875,-33.94107086910765]]]}},{"type":"Feature","properties":{"jobs":0,"pop":257,"pointCount":1,"homeWorkCommuteMedian":32325,"workHomeCommuteMedian":-1},"geometry":{"type":"Polygon","coordinates":[[[150.60076845632875,-33.91409125819591],[150.60076845632875,-33.905098054558664],[150.60976165996598,-33.905098054558664],[150.60976165996598,-33.91409125819591],[150.60076845632875,-33.91409125819591]]]}},{"type":"Feature","properties":{"jobs":0,"pop":573,"pointCount":3,"homeWorkCommuteMedian":40384,"workHomeCommuteMedian":-1},"geometry":{"type":"Polygon","coordinates":[[[150.60076845632875,-33.905098054558664],[150.60076845632875,-33.89610485092142],[150.60976165996598,-33.89610485092142],[150.60976165996598,-33.905098054558664],[150.60076845632875,-33.905098054558664]]]}},{"type":"Feature","properties":{"jobs":0,"pop":372,"pointCount":2,"homeWorkCommuteMedian":39279,"workHomeCommuteMedian":-1},"geometry":{"type":"Polygon","coordinates":[[[150.60076845632875,-33.89610485092142],[150.60076845632875,-33.88711164728417],[150.60976165996598,-33.88711164728417],[150.60976165996598,-33.89610485092142],[150.60076845632875,-33.89610485092142]]]}},{"type":"Feature","properties":{"jobs":0,"pop":145,"pointCount":1,"homeWorkCommuteMedian":70633,"workHomeCommuteMedian":-1},"geometry":{"type":"Polygon","coordinates":[[[150.60076845632875,-33.88711164728417],[150.60076845632875,-33.878118443646926],[150.60976165996598,-33.878118443646926],[150.60976165996598,-33.88711164728417],[150.60076845632875,-33.88711164728417]]]}},{"type":"Feature","properties":{"jobs":0,"pop":361,"pointCount":1,"homeWorkCommuteMedian":27510,"workHomeCommuteMedian":-1},"geometry":{"type":"Polygon","coordinates":[[[150.60976165996598,-33.923084461833156],[150.60976165996598,-33.91409125819591],[150.61875486360321,-33.91409125819591],[150.61875486360321,-33.923084461833156],[150.60976165996598,-33.923084461833156]]]}},{"type":"Feature","properties":{"jobs":0,"pop":418,"pointCount":2,"homeWorkCommuteMedian":50522,"workHomeCommuteMedian":-1},"geometry":{"type":"Polygon","coordinates":[[[150.60976165996598,-33.91409125819591],[150.60976165996598,-33.905098054558664],[150.61875486360321,-33.905098054558664],[150.61875486360321,-33.91409125819591],[150.60976165996598,-33.91409125819591]]]}},{"type":"Feature","properties":{"jobs":0,"pop":354,"pointCount":2,"homeWorkCommuteMedian":65422,"workHomeCommuteMedian":-1},"geometry":{"type":"Polygon","coordinates":[[[150.60976165996598,-33.905098054558664],[150.60976165996598,-33.89610485092142],[150.61875486360321,-33.89610485092142],[150.61875486360321,-33.905098054558664],[150.60976165996598,-33.905098054558664]]]}},{"type":"Feature","properties":{"jobs":175,"pop":0,"pointCount":1,"homeWorkCommuteMedian":-1,"workHomeCommuteMedian":8301},"geometry":{"type":"Polygon","coordinates":[[[150.60976165996598,-33.50939709451984],[150.60976165996598,-33.500403890882595],[150.61875486360321,-33.500403890882595],[150.61875486360321,-33.50939709451984],[150.60976165996598,-33.50939709451984]]]}},{"type":"Feature","properties":{"jobs":0,"pop":172,"pointCount":1,"homeWorkCommuteMedian":15280,"workHomeCommuteMedian":-1},"geometry":{"type":"Polygon","coordinates":[[[150.61875486360321,-33.905098054558664],[150.61875486360321,-33.89610485092142],[150.62774806724045,-33.89610485092142],[150.62774806724045,-33.905098054558664],[150.61875486360321,-33.905098054558664]]]}},{"type":"Feature","properties":{"jobs":189,"pop":117,"pointCount":1,"homeWorkCommuteMedian":25875,"workHomeCommuteMedian":74293},"geometry":{"type":"Polygon","coordinates":[[[150.61875486360321,-33.878118443646926],[150.61875486360321,-33.86912524000968],[150.62774806724045,-33.86912524000968],[150.62774806724045,-33.878118443646926],[150.61875486360321,-33.878118443646926]]]}},{"type":"Feature","properties":{"jobs":363,"pop":185,"pointCount":1,"homeWorkCommuteMedian":18401,"workHomeCommuteMedian":26402},"geometry":{"type":"Polygon","coordinates":[[[150.61875486360321,-33.84214562909794],[150.61875486360321,-33.833152425460696],[150.62774806724045,-33.833152425460696],[150.62774806724045,-33.84214562909794],[150.61875486360321,-33.84214562909794]]]}},{"type":"Feature","properties":{"jobs":0,"pop":240,"pointCount":1,"homeWorkCommuteMedian":54003,"workHomeCommuteMedian":-1},"geometry":{"type":"Polygon","coordinates":[[[150.61875486360321,-33.590335927255055],[150.61875486360321,-33.58134272361781],[150.62774806724045,-33.58134272361781],[150.62774806724045,-33.590335927255055],[150.61875486360321,-33.590335927255055]]]}},{"type":"Feature","properties":{"jobs":0,"pop":223,"pointCount":1,"homeWorkCommuteMedian":29415,"workHomeCommuteMedian":-1},"geometry":{"type":"Polygon","coordinates":[[[150.61875486360321,-33.58134272361781],[150.61875486360321,-33.57234951998056],[150.62774806724045,-33.57234951998056],[150.62774806724045,-33.58134272361781],[150.61875486360321,-33.58134272361781]]]}},{"type":"Feature","properties":{"jobs":0,"pop":280,"pointCount":1,"homeWorkCommuteMedian":35923,"workHomeCommuteMedian":-1},"geometry":{"type":"Polygon","coordinates":[[[150.61875486360321,-33.57234951998056],[150.61875486360321,-33.56335631634332],[150.62774806724045,-33.56335631634332],[150.62774806724045,-33.57234951998056],[150.61875486360321,-33.57234951998056]]]}},{"type":"Feature","properties":{"jobs":0,"pop":283,"pointCount":1,"homeWorkCommuteMedian":74306,"workHomeCommuteMedian":-1},"geometry":{"type":"Polygon","coordinates":[[[150.61875486360321,-33.53637670543158],[150.61875486360321,-33.52738350179433],[150.62774806724045,-33.52738350179433],[150.62774806724045,-33.53637670543158],[150.61875486360321,-33.53637670543158]]]}},{"type":"Feature","properties":{"jobs":0,"pop":175,"pointCount":1,"homeWorkCommuteMedian":21970,"workHomeCommuteMedian":-1},"geometry":{"type":"Polygon","coordinates":[[[150.61875486360321,-33.52738350179433],[150.61875486360321,-33.51839029815709],[150.62774806724045,-33.51839029815709],[150.62774806724045,-33.52738350179433],[150.61875486360321,-33.52738350179433]]]}},{"type":"Feature","properties":{"jobs":0,"pop":55,"pointCount":1,"homeWorkCommuteMedian":20577,"workHomeCommuteMedian":-1},"geometry":{"type":"Polygon","coordinates":[[[150.62774806724045,-33.923084461833156],[150.62774806724045,-33.91409125819591],[150.63674127087768,-33.91409125819591],[150.63674127087768,-33.923084461833156],[150.62774806724045,-33.923084461833156]]]}},{"type":"Feature","properties":{"jobs":159,"pop":128,"pointCount":1,"homeWorkCommuteMedian":40737,"workHomeCommuteMedian":24366},"geometry":{"type":"Polygon","coordinates":[[[150.62774806724045,-33.53637670543158],[150.62774806724045,-33.52738350179433],[150.63674127087768,-33.52738350179433],[150.63674127087768,-33.53637670543158],[150.62774806724045,-33.53637670543158]]]}},{"type":"Feature","properties":{"jobs":0,"pop":221,"pointCount":2,"homeWorkCommuteMedian":24951,"workHomeCommuteMedian":-1},"geometry":{"type":"Polygon","coordinates":[[[150.63674127087768,-33.878118443646926],[150.63674127087768,-33.86912524000968],[150.6457344745149,-33.86912524000968],[150.6457344745149,-33.878118443646926],[150.63674127087768,-33.878118443646926]]]}},{"type":"Feature","properties":{"jobs":0,"pop":112,"pointCount":1,"homeWorkCommuteMedian":23629,"workHomeCommuteMedian":-1},"geometry":{"type":"Polygon","coordinates":[[[150.63674127087768,-33.86912524000968],[150.63674127087768,-33.860132036372434],[150.6457344745149,-33.860132036372434],[150.6457344745149,-33.86912524000968],[150.63674127087768,-33.86912524000968]]]}},{"type":"Feature","properties":{"jobs":0,"pop":144,"pointCount":1,"homeWorkCommuteMedian":21794,"workHomeCommuteMedian":-1},"geometry":{"type":"Polygon","coordinates":[[[150.63674127087768,-33.77919320363722],[150.63674127087768,-33.770199999999974],[150.6457344745149,-33.770199999999974],[150.6457344745149,-33.77919320363722],[150.63674127087768,-33.77919320363722]]]}},{"type":"Feature","properties":{"jobs":0,"pop":188,"pointCount":1,"homeWorkCommuteMedian":3807,"workHomeCommuteMedian":-1},"geometry":{"type":"Polygon","coordinates":[[[150.63674127087768,-33.770199999999974],[150.63674127087768,-33.76120679636273],[150.6457344745149,-33.76120679636273],[150.6457344745149,-33.770199999999974],[150.63674127087768,-33.770199999999974]]]}},{"type":"Feature","properties":{"jobs":0,"pop":116,"pointCount":1,"homeWorkCommuteMedian":60580,"workHomeCommuteMedian":-1},"geometry":{"type":"Polygon","coordinates":[[[150.63674127087768,-33.75221359272548],[150.63674127087768,-33.743220389088236],[150.6457344745149,-33.743220389088236],[150.6457344745149,-33.75221359272548],[150.63674127087768,-33.75221359272548]]]}},{"type":"Feature","properties":{"jobs":0,"pop":139,"pointCount":1,"homeWorkCommuteMedian":41395,"workHomeCommuteMedian":-1},"geometry":{"type":"Polygon","coordinates":[[[150.6457344745149,-33.86912524000968],[150.6457344745149,-33.860132036372434],[150.65472767815214,-33.860132036372434],[150.65472767815214,-33.86912524000968],[150.6457344745149,-33.86912524000968]]]}},{"type":"Feature","properties":{"jobs":0,"pop":323,"pointCount":1,"homeWorkCommuteMedian":32448,"workHomeCommuteMedian":-1},"geometry":{"type":"Polygon","coordinates":[[[150.6457344745149,-33.84214562909794],[150.6457344745149,-33.833152425460696],[150.65472767815214,-33.833152425460696],[150.65472767815214,-33.84214562909794],[150.6457344745149,-33.84214562909794]]]}},{"type":"Feature","properties":{"jobs":80,"pop":131,"pointCount":1,"homeWorkCommuteMedian":26934,"workHomeCommuteMedian":40921},"geometry":{"type":"Polygon","coordinates":[[[150.6457344745149,-33.80617281454896],[150.6457344745149,-33.79717961091171],[150.65472767815214,-33.79717961091171],[150.65472767815214,-33.80617281454896],[150.6457344745149,-33.80617281454896]]]}},{"type":"Feature","properties":{"jobs":0,"pop":712,"pointCount":4,"homeWorkCommuteMedian":32189,"workHomeCommuteMedian":-1},"geometry":{"type":"Polygon","coordinates":[[[150.6457344745149,-33.770199999999974],[150.6457344745149,-33.76120679636273],[150.65472767815214,-33.76120679636273],[150.65472767815214,-33.770199999999974],[150.6457344745149,-33.770199999999974]]]}},{"type":"Feature","properties":{"jobs":656,"pop":746,"pointCount":4,"homeWorkCommuteMedian":18261,"workHomeCommuteMedian":14100},"geometry":{"type":"Polygon","coordinates":[[[150.6457344745149,-33.76120679636273],[150.6457344745149,-33.75221359272548],[150.65472767815214,-33.75221359272548],[150.65472767815214,-33.76120679636273],[150.6457344745149,-33.76120679636273]]]}},{"type":"Feature","properties":{"jobs":0,"pop":958,"pointCount":5,"homeWorkCommuteMedian":26408,"workHomeCommuteMedian":-1},"geometry":{"type":"Polygon","coordinates":[[[150.6457344745149,-33.75221359272548],[150.6457344745149,-33.743220389088236],[150.65472767815214,-33.743220389088236],[150.65472767815214,-33.75221359272548],[150.6457344745149,-33.75221359272548]]]}},{"type":"Feature","properties":{"jobs":0,"pop":1132,"pointCount":4,"homeWorkCommuteMedian":7176,"workHomeCommuteMedian":-1},"geometry":{"type":"Polygon","coordinates":[[[150.6457344745149,-33.743220389088236],[150.6457344745149,-33.73422718545099],[150.65472767815214,-33.73422718545099],[150.65472767815214,-33.743220389088236],[150.6457344745149,-33.743220389088236]]]}},{"type":"Feature","properties":{"jobs":454,"pop":383,"pointCount":2,"homeWorkCommuteMedian":11681,"workHomeCommuteMedian":15144},"geometry":{"type":"Polygon","coordinates":[[[150.6457344745149,-33.73422718545099],[150.6457344745149,-33.725233981813744],[150.65472767815214,-33.725233981813744],[150.65472767815214,-33.73422718545099],[150.6457344745149,-33.73422718545099]]]}},{"type":"Feature","properties":{"jobs":0,"pop":107,"pointCount":1,"homeWorkCommuteMedian":28081,"workHomeCommuteMedian":-1},"geometry":{"type":"Polygon","coordinates":[[[150.6457344745149,-33.60832233452955],[150.6457344745149,-33.5993291308923],[150.65472767815214,-33.5993291308923],[150.65472767815214,-33.60832233452955],[150.6457344745149,-33.60832233452955]]]}},{"type":"Feature","properties":{"jobs":176,"pop":204,"pointCount":1,"homeWorkCommuteMedian":73221,"workHomeCommuteMedian":18033},"geometry":{"type":"Polygon","coordinates":[[[150.6457344745149,-33.58134272361781],[150.6457344745149,-33.57234951998056],[150.65472767815214,-33.57234951998056],[150.65472767815214,-33.58134272361781],[150.6457344745149,-33.58134272361781]]]}},{"type":"Feature","properties":{"jobs":0,"pop":258,"pointCount":1,"homeWorkCommuteMedian":81139,"workHomeCommuteMedian":-1},"geometry":{"type":"Polygon","coordinates":[[[150.6457344745149,-33.545369909068825],[150.6457344745149,-33.53637670543158],[150.65472767815214,-33.53637670543158],[150.65472767815214,-33.545369909068825],[150.6457344745149,-33.545369909068825]]]}},{"type":"Feature","properties":{"jobs":0,"pop":79,"pointCount":1,"homeWorkCommuteMedian":66812,"workHomeCommuteMedian":-1},"geometry":{"type":"Polygon","coordinates":[[[150.65472767815214,-33.968050480019386],[150.65472767815214,-33.95905727638214],[150.66372088178937,-33.95905727638214],[150.66372088178937,-33.968050480019386],[150.65472767815214,-33.968050480019386]]]}},{"type":"Feature","properties":{"jobs":241,"pop":115,"pointCount":1,"homeWorkCommuteMedian":23187,"workHomeCommuteMedian":24041},"geometry":{"type":"Polygon","coordinates":[[[150.65472767815214,-33.9320776654704],[150.65472767815214,-33.923084461833156],[150.66372088178937,-33.923084461833156],[150.66372088178937,-33.9320776654704],[150.65472767815214,-33.9320776654704]]]}},{"type":"Feature","properties":{"jobs":377,"pop":129,"pointCount":1,"homeWorkCommuteMedian":18270,"workHomeCommuteMedian":24994},"geometry":{"type":"Polygon","coordinates":[[[150.65472767815214,-33.89610485092142],[150.65472767815214,-33.88711164728417],[150.66372088178937,-33.88711164728417],[150.66372088178937,-33.89610485092142],[150.65472767815214,-33.89610485092142]]]}},{"type":"Feature","properties":{"jobs":120,"pop":161,"pointCount":1,"homeWorkCommuteMedian":34399,"workHomeCommuteMedian":17944},"geometry":{"type":"Polygon","coordinates":[[[150.65472767815214,-33.86912524000968],[150.65472767815214,-33.860132036372434],[150.66372088178937,-33.860132036372434],[150.66372088178937,-33.86912524000968],[150.65472767815214,-33.86912524000968]]]}},{"type":"Feature","properties":{"jobs":0,"pop":202,"pointCount":1,"homeWorkCommuteMedian":37854,"workHomeCommuteMedian":-1},"geometry":{"type":"Polygon","coordinates":[[[150.65472767815214,-33.84214562909794],[150.65472767815214,-33.833152425460696],[150.66372088178937,-33.833152425460696],[150.66372088178937,-33.84214562909794],[150.65472767815214,-33.84214562909794]]]}},{"type":"Feature","properties":{"jobs":234,"pop":349,"pointCount":2,"homeWorkCommuteMedian":33440,"workHomeCommuteMedian":11725},"geometry":{"type":"Polygon","coordinates":[[[150.65472767815214,-33.79717961091171],[150.65472767815214,-33.788186407274466],[150.66372088178937,-33.788186407274466],[150.66372088178937,-33.79717961091171],[150.65472767815214,-33.79717961091171]]]}},{"type":"Feature","properties":{"jobs":661,"pop":599,"pointCount":3,"homeWorkCommuteMedian":34973,"workHomeCommuteMedian":7176},"geometry":{"type":"Polygon","coordinates":[[[150.65472767815214,-33.788186407274466],[150.65472767815214,-33.77919320363722],[150.66372088178937,-33.77919320363722],[150.66372088178937,-33.788186407274466],[150.65472767815214,-33.788186407274466]]]}},{"type":"Feature","properties":{"jobs":482,"pop":545,"pointCount":2,"homeWorkCommuteMedian":54835,"workHomeCommuteMedian":9951},"geometry":{"type":"Polygon","coordinates":[[[150.65472767815214,-33.77919320363722],[150.65472767815214,-33.770199999999974],[150.66372088178937,-33.770199999999974],[150.66372088178937,-33.77919320363722],[150.65472767815214,-33.77919320363722]]]}},{"type":"Feature","properties":{"jobs":575,"pop":593,"pointCount":3,"homeWorkCommuteMedian":39302,"workHomeCommuteMedian":16956},"geometry":{"type":"Polygon","coordinates":[[[150.65472767815214,-33.76120679636273],[150.65472767815214,-33.75221359272548],[150.66372088178937,-33.75221359272548],[150.66372088178937,-33.76120679636273],[150.65472767815214,-33.76120679636273]]]}},{"type":"Feature","properties":{"jobs":0,"pop":532,"pointCount":3,"homeWorkCommuteMedian":4235,"workHomeCommuteMedian":-1},"geometry":{"type":"Polygon","coordinates":[[[150.65472767815214,-33.75221359272548],[150.65472767815214,-33.743220389088236],[150.66372088178937,-33.743220389088236],[150.66372088178937,-33.75221359272548],[150.65472767815214,-33.75221359272548]]]}},{"type":"Feature","properties":{"jobs":0,"pop":229,"pointCount":1,"homeWorkCommuteMedian":32299,"workHomeCommuteMedian":-1},"geometry":{"type":"Polygon","coordinates":[[[150.65472767815214,-33.635301945441284],[150.65472767815214,-33.62630874180404],[150.66372088178937,-33.62630874180404],[150.66372088178937,-33.635301945441284],[150.65472767815214,-33.635301945441284]]]}},{"type":"Feature","properties":{"jobs":0,"pop":147,"pointCount":1,"homeWorkCommuteMedian":55286,"workHomeCommuteMedian":-1},"geometry":{"type":"Polygon","coordinates":[[[150.65472767815214,-33.56335631634332],[150.65472767815214,-33.55436311270607],[150.66372088178937,-33.55436311270607],[150.66372088178937,-33.56335631634332],[150.65472767815214,-33.56335631634332]]]}},{"type":"Feature","properties":{"jobs":0,"pop":154,"pointCount":1,"homeWorkCommuteMedian":34769,"workHomeCommuteMedian":-1},"geometry":{"type":"Polygon","coordinates":[[[150.65472767815214,-33.55436311270607],[150.65472767815214,-33.545369909068825],[150.66372088178937,-33.545369909068825],[150.66372088178937,-33.55436311270607],[150.65472767815214,-33.55436311270607]]]}},{"type":"Feature","properties":{"jobs":129,"pop":190,"pointCount":1,"homeWorkCommuteMedian":52687,"workHomeCommuteMedian":38302},"geometry":{"type":"Polygon","coordinates":[[[150.65472767815214,-33.51839029815709],[150.65472767815214,-33.50939709451984],[150.66372088178937,-33.50939709451984],[150.66372088178937,-33.51839029815709],[150.65472767815214,-33.51839029815709]]]}},{"type":"Feature","properties":{"jobs":0,"pop":569,"pointCount":1,"homeWorkCommuteMedian":30457,"workHomeCommuteMedian":-1},"geometry":{"type":"Polygon","coordinates":[[[150.66372088178937,-34.06697572002909],[150.66372088178937,-34.057982516391846],[150.6727140854266,-34.057982516391846],[150.6727140854266,-34.06697572002909],[150.66372088178937,-34.06697572002909]]]}},{"type":"Feature","properties":{"jobs":0,"pop":440,"pointCount":2,"homeWorkCommuteMedian":21524,"workHomeCommuteMedian":-1},"geometry":{"type":"Polygon","coordinates":[[[150.66372088178937,-34.0489893127546],[150.66372088178937,-34.039996109117354],[150.6727140854266,-34.039996109117354],[150.6727140854266,-34.0489893127546],[150.66372088178937,-34.0489893127546]]]}},{"type":"Feature","properties":{"jobs":111,"pop":0,"pointCount":1,"homeWorkCommuteMedian":-1,"workHomeCommuteMedian":7925},"geometry":{"type":"Polygon","coordinates":[[[150.66372088178937,-34.013016498205616],[150.66372088178937,-34.00402329456837],[150.6727140854266,-34.00402329456837],[150.6727140854266,-34.013016498205616],[150.66372088178937,-34.013016498205616]]]}},{"type":"Feature","properties":{"jobs":238,"pop":138,"pointCount":1,"homeWorkCommuteMedian":40332,"workHomeCommuteMedian":36816},"geometry":{"type":"Polygon","coordinates":[[[150.66372088178937,-33.833152425460696],[150.66372088178937,-33.82415922182345],[150.6727140854266,-33.82415922182345],[150.6727140854266,-33.833152425460696],[150.66372088178937,-33.833152425460696]]]}},{"type":"Feature","properties":{"jobs":281,"pop":942,"pointCount":4,"homeWorkCommuteMedian":9195,"workHomeCommuteMedian":13254},"geometry":{"type":"Polygon","coordinates":[[[150.66372088178937,-33.79717961091171],[150.66372088178937,-33.788186407274466],[150.6727140854266,-33.788186407274466],[150.6727140854266,-33.79717961091171],[150.66372088178937,-33.79717961091171]]]}},{"type":"Feature","properties":{"jobs":469,"pop":1063,"pointCount":4,"homeWorkCommuteMedian":36072,"workHomeCommuteMedian":24124},"geometry":{"type":"Polygon","coordinates":[[[150.66372088178937,-33.788186407274466],[150.66372088178937,-33.77919320363722],[150.6727140854266,-33.77919320363722],[150.6727140854266,-33.788186407274466],[150.66372088178937,-33.788186407274466]]]}},{"type":"Feature","properties":{"jobs":0,"pop":461,"pointCount":2,"homeWorkCommuteMedian":7502,"workHomeCommuteMedian":-1},"geometry":{"type":"Polygon","coordinates":[[[150.66372088178937,-33.77919320363722],[150.66372088178937,-33.770199999999974],[150.6727140854266,-33.770199999999974],[150.6727140854266,-33.77919320363722],[150.66372088178937,-33.77919320363722]]]}},{"type":"Feature","properties":{"jobs":2392,"pop":0,"pointCount":1,"homeWorkCommuteMedian":-1,"workHomeCommuteMedian":9468},"geometry":{"type":"Polygon","coordinates":[[[150.66372088178937,-33.770199999999974],[150.66372088178937,-33.76120679636273],[150.6727140854266,-33.76120679636273],[150.6727140854266,-33.770199999999974],[150.66372088178937,-33.770199999999974]]]}},{"type":"Feature","properties":{"jobs":0,"pop":394,"pointCount":2,"homeWorkCommuteMedian":24749,"workHomeCommuteMedian":-1},"geometry":{"type":"Polygon","coordinates":[[[150.66372088178937,-33.76120679636273],[150.66372088178937,-33.75221359272548],[150.6727140854266,-33.75221359272548],[150.6727140854266,-33.76120679636273],[150.66372088178937,-33.76120679636273]]]}},{"type":"Feature","properties":{"jobs":188,"pop":258,"pointCount":1,"homeWorkCommuteMedian":33182,"workHomeCommuteMedian":3807},"geometry":{"type":"Polygon","coordinates":[[[150.66372088178937,-33.75221359272548],[150.66372088178937,-33.743220389088236],[150.6727140854266,-33.743220389088236],[150.6727140854266,-33.75221359272548],[150.66372088178937,-33.75221359272548]]]}},{"type":"Feature","properties":{"jobs":1077,"pop":0,"pointCount":1,"homeWorkCommuteMedian":-1,"workHomeCommuteMedian":5847},"geometry":{"type":"Polygon","coordinates":[[[150.66372088178937,-33.743220389088236],[150.66372088178937,-33.73422718545099],[150.6727140854266,-33.73422718545099],[150.6727140854266,-33.743220389088236],[150.66372088178937,-33.743220389088236]]]}},{"type":"Feature","properties":{"jobs":0,"pop":132,"pointCount":1,"homeWorkCommuteMedian":54739,"workHomeCommuteMedian":-1},"geometry":{"type":"Polygon","coordinates":[[[150.66372088178937,-33.66228155635302],[150.66372088178937,-33.65328835271578],[150.6727140854266,-33.65328835271578],[150.6727140854266,-33.66228155635302],[150.66372088178937,-33.66228155635302]]]}},{"type":"Feature","properties":{"jobs":139,"pop":193,"pointCount":1,"homeWorkCommuteMedian":18953,"workHomeCommuteMedian":23784},"geometry":{"type":"Polygon","coordinates":[[[150.66372088178937,-33.64429514907853],[150.66372088178937,-33.635301945441284],[150.6727140854266,-33.635301945441284],[150.6727140854266,-33.64429514907853],[150.66372088178937,-33.64429514907853]]]}},{"type":"Feature","properties":{"jobs":0,"pop":199,"pointCount":1,"homeWorkCommuteMedian":8631,"workHomeCommuteMedian":-1},"geometry":{"type":"Polygon","coordinates":[[[150.66372088178937,-33.60832233452955],[150.66372088178937,-33.5993291308923],[150.6727140854266,-33.5993291308923],[150.6727140854266,-33.60832233452955],[150.66372088178937,-33.60832233452955]]]}},{"type":"Feature","properties":{"jobs":183,"pop":144,"pointCount":1,"homeWorkCommuteMedian":16661,"workHomeCommuteMedian":18863},"geometry":{"type":"Polygon","coordinates":[[[150.66372088178937,-33.58134272361781],[150.66372088178937,-33.57234951998056],[150.6727140854266,-33.57234951998056],[150.6727140854266,-33.58134272361781],[150.66372088178937,-33.58134272361781]]]}},{"type":"Feature","properties":{"jobs":0,"pop":227,"pointCount":1,"homeWorkCommuteMedian":78415,"workHomeCommuteMedian":-1},"geometry":{"type":"Polygon","coordinates":[[[150.66372088178937,-33.56335631634332],[150.66372088178937,-33.55436311270607],[150.6727140854266,-33.55436311270607],[150.6727140854266,-33.56335631634332],[150.66372088178937,-33.56335631634332]]]}},{"type":"Feature","properties":{"jobs":0,"pop":124,"pointCount":1,"homeWorkCommuteMedian":24213,"workHomeCommuteMedian":-1},"geometry":{"type":"Polygon","coordinates":[[[150.66372088178937,-33.55436311270607],[150.66372088178937,-33.545369909068825],[150.6727140854266,-33.545369909068825],[150.6727140854266,-33.55436311270607],[150.66372088178937,-33.55436311270607]]]}},{"type":"Feature","properties":{"jobs":324,"pop":82,"pointCount":1,"homeWorkCommuteMedian":58472,"workHomeCommuteMedian":11970},"geometry":{"type":"Polygon","coordinates":[[[150.6727140854266,-34.07596892366634],[150.6727140854266,-34.06697572002909],[150.68170728906384,-34.06697572002909],[150.68170728906384,-34.07596892366634],[150.6727140854266,-34.07596892366634]]]}},{"type":"Feature","properties":{"jobs":199,"pop":230,"pointCount":1,"homeWorkCommuteMedian":40461,"workHomeCommuteMedian":14835},"geometry":{"type":"Polygon","coordinates":[[[150.6727140854266,-34.03100290548011],[150.6727140854266,-34.02200970184286],[150.68170728906384,-34.02200970184286],[150.68170728906384,-34.03100290548011],[150.6727140854266,-34.03100290548011]]]}},{"type":"Feature","properties":{"jobs":0,"pop":125,"pointCount":1,"homeWorkCommuteMedian":69739,"workHomeCommuteMedian":-1},"geometry":{"type":"Polygon","coordinates":[[[150.6727140854266,-34.02200970184286],[150.6727140854266,-34.013016498205616],[150.68170728906384,-34.013016498205616],[150.68170728906384,-34.02200970184286],[150.6727140854266,-34.02200970184286]]]}},{"type":"Feature","properties":{"jobs":0,"pop":286,"pointCount":1,"homeWorkCommuteMedian":19203,"workHomeCommuteMedian":-1},"geometry":{"type":"Polygon","coordinates":[[[150.6727140854266,-33.815166018186204],[150.6727140854266,-33.80617281454896],[150.68170728906384,-33.80617281454896],[150.68170728906384,-33.815166018186204],[150.6727140854266,-33.815166018186204]]]}},{"type":"Feature","properties":{"jobs":0,"pop":602,"pointCount":3,"homeWorkCommuteMedian":28489,"workHomeCommuteMedian":-1},"geometry":{"type":"Polygon","coordinates":[[[150.6727140854266,-33.80617281454896],[150.6727140854266,-33.79717961091171],[150.68170728906384,-33.79717961091171],[150.68170728906384,-33.80617281454896],[150.6727140854266,-33.80617281454896]]]}},{"type":"Feature","properties":{"jobs":0,"pop":1531,"pointCount":5,"homeWorkCommuteMedian":49169,"workHomeCommuteMedian":-1},"geometry":{"type":"Polygon","coordinates":[[[150.6727140854266,-33.79717961091171],[150.6727140854266,-33.788186407274466],[150.68170728906384,-33.788186407274466],[150.68170728906384,-33.79717961091171],[150.6727140854266,-33.79717961091171]]]}},{"type":"Feature","properties":{"jobs":106,"pop":1967,"pointCount":7,"homeWorkCommuteMedian":32820,"workHomeCommuteMedian":12820},"geometry":{"type":"Polygon","coordinates":[[[150.6727140854266,-33.788186407274466],[150.6727140854266,-33.77919320363722],[150.68170728906384,-33.77919320363722],[150.68170728906384,-33.788186407274466],[150.6727140854266,-33.788186407274466]]]}},{"type":"Feature","properties":{"jobs":340,"pop":998,"pointCount":5,"homeWorkCommuteMedian":31478,"workHomeCommuteMedian":2354},"geometry":{"type":"Polygon","coordinates":[[[150.6727140854266,-33.77919320363722],[150.6727140854266,-33.770199999999974],[150.68170728906384,-33.770199999999974],[150.68170728906384,-33.77919320363722],[150.6727140854266,-33.77919320363722]]]}},{"type":"Feature","properties":{"jobs":501,"pop":457,"pointCount":1,"homeWorkCommuteMedian":11919,"workHomeCommuteMedian":18270},"geometry":{"type":"Polygon","coordinates":[[[150.6727140854266,-33.770199999999974],[150.6727140854266,-33.76120679636273],[150.68170728906384,-33.76120679636273],[150.68170728906384,-33.770199999999974],[150.6727140854266,-33.770199999999974]]]}},{"type":"Feature","properties":{"jobs":654,"pop":156,"pointCount":1,"homeWorkCommuteMedian":36573,"workHomeCommuteMedian":6501},"geometry":{"type":"Polygon","coordinates":[[[150.6727140854266,-33.76120679636273],[150.6727140854266,-33.75221359272548],[150.68170728906384,-33.75221359272548],[150.68170728906384,-33.76120679636273],[150.6727140854266,-33.76120679636273]]]}},{"type":"Feature","properties":{"jobs":302,"pop":606,"pointCount":3,"homeWorkCommuteMedian":57644,"workHomeCommuteMedian":2701},"geometry":{"type":"Polygon","coordinates":[[[150.6727140854266,-33.75221359272548],[150.6727140854266,-33.743220389088236],[150.68170728906384,-33.743220389088236],[150.68170728906384,-33.75221359272548],[150.6727140854266,-33.75221359272548]]]}},{"type":"Feature","properties":{"jobs":721,"pop":0,"pointCount":1,"homeWorkCommuteMedian":-1,"workHomeCommuteMedian":10494},"geometry":{"type":"Polygon","coordinates":[[[150.6727140854266,-33.7162407781765],[150.6727140854266,-33.70724757453925],[150.68170728906384,-33.70724757453925],[150.68170728906384,-33.7162407781765],[150.6727140854266,-33.7162407781765]]]}},{"type":"Feature","properties":{"jobs":105,"pop":159,"pointCount":1,"homeWorkCommuteMedian":16935,"workHomeCommuteMedian":8718},"geometry":{"type":"Polygon","coordinates":[[[150.6727140854266,-33.590335927255055],[150.6727140854266,-33.58134272361781],[150.68170728906384,-33.58134272361781],[150.68170728906384,-33.590335927255055],[150.6727140854266,-33.590335927255055]]]}},{"type":"Feature","properties":{"jobs":0,"pop":157,"pointCount":1,"homeWorkCommuteMedian":64595,"workHomeCommuteMedian":-1},"geometry":{"type":"Polygon","coordinates":[[[150.6727140854266,-33.545369909068825],[150.6727140854266,-33.53637670543158],[150.68170728906384,-33.53637670543158],[150.68170728906384,-33.545369909068825],[150.6727140854266,-33.545369909068825]]]}},{"type":"Feature","properties":{"jobs":0,"pop":202,"pointCount":1,"homeWorkCommuteMedian":65202,"workHomeCommuteMedian":-1},"geometry":{"type":"Polygon","coordinates":[[[150.68170728906384,-34.09395533094083],[150.68170728906384,-34.084962127303584],[150.69070049270107,-34.084962127303584],[150.69070049270107,-34.09395533094083],[150.68170728906384,-34.09395533094083]]]}},{"type":"Feature","properties":{"jobs":198,"pop":0,"pointCount":1,"homeWorkCommuteMedian":-1,"workHomeCommuteMedian":8810},"geometry":{"type":"Polygon","coordinates":[[[150.68170728906384,-34.0489893127546],[150.68170728906384,-34.039996109117354],[150.69070049270107,-34.039996109117354],[150.69070049270107,-34.0489893127546],[150.68170728906384,-34.0489893127546]]]}},{"type":"Feature","properties":{"jobs":0,"pop":294,"pointCount":1,"homeWorkCommuteMedian":85293,"workHomeCommuteMedian":-1},"geometry":{"type":"Polygon","coordinates":[[[150.68170728906384,-34.02200970184286],[150.68170728906384,-34.013016498205616],[150.69070049270107,-34.013016498205616],[150.69070049270107,-34.02200970184286],[150.68170728906384,-34.02200970184286]]]}},{"type":"Feature","properties":{"jobs":177,"pop":758,"pointCount":2,"homeWorkCommuteMedian":21466,"workHomeCommuteMedian":15697},"geometry":{"type":"Polygon","coordinates":[[[150.68170728906384,-33.815166018186204],[150.68170728906384,-33.80617281454896],[150.69070049270107,-33.80617281454896],[150.69070049270107,-33.815166018186204],[150.68170728906384,-33.815166018186204]]]}},{"type":"Feature","properties":{"jobs":137,"pop":955,"pointCount":4,"homeWorkCommuteMedian":16837,"workHomeCommuteMedian":17247},"geometry":{"type":"Polygon","coordinates":[[[150.68170728906384,-33.80617281454896],[150.68170728906384,-33.79717961091171],[150.69070049270107,-33.79717961091171],[150.69070049270107,-33.80617281454896],[150.68170728906384,-33.80617281454896]]]}},{"type":"Feature","properties":{"jobs":0,"pop":1146,"pointCount":5,"homeWorkCommuteMedian":9657,"workHomeCommuteMedian":-1},"geometry":{"type":"Polygon","coordinates":[[[150.68170728906384,-33.79717961091171],[150.68170728906384,-33.788186407274466],[150.69070049270107,-33.788186407274466],[150.69070049270107,-33.79717961091171],[150.68170728906384,-33.79717961091171]]]}},{"type":"Feature","properties":{"jobs":0,"pop":996,"pointCount":4,"homeWorkCommuteMedian":32018,"workHomeCommuteMedian":-1},"geometry":{"type":"Polygon","coordinates":[[[150.68170728906384,-33.788186407274466],[150.68170728906384,-33.77919320363722],[150.69070049270107,-33.77919320363722],[150.69070049270107,-33.788186407274466],[150.68170728906384,-33.788186407274466]]]}},{"type":"Feature","properties":{"jobs":0,"pop":865,"pointCount":6,"homeWorkCommuteMedian":15035,"workHomeCommuteMedian":-1},"geometry":{"type":"Polygon","coordinates":[[[150.68170728906384,-33.77919320363722],[150.68170728906384,-33.770199999999974],[150.69070049270107,-33.770199999999974],[150.69070049270107,-33.77919320363722],[150.68170728906384,-33.77919320363722]]]}},{"type":"Feature","properties":{"jobs":793,"pop":634,"pointCount":3,"homeWorkCommuteMedian":22191,"workHomeCommuteMedian":10346},"geometry":{"type":"Polygon","coordinates":[[[150.68170728906384,-33.770199999999974],[150.68170728906384,-33.76120679636273],[150.69070049270107,-33.76120679636273],[150.69070049270107,-33.770199999999974],[150.68170728906384,-33.770199999999974]]]}},{"type":"Feature","properties":{"jobs":1751,"pop":503,"pointCount":2,"homeWorkCommuteMedian":45873,"workHomeCommuteMedian":12451},"geometry":{"type":"Polygon","coordinates":[[[150.68170728906384,-33.76120679636273],[150.68170728906384,-33.75221359272548],[150.69070049270107,-33.75221359272548],[150.69070049270107,-33.76120679636273],[150.68170728906384,-33.76120679636273]]]}},{"type":"Feature","properties":{"jobs":1961,"pop":0,"pointCount":1,"homeWorkCommuteMedian":-1,"workHomeCommuteMedian":9707},"geometry":{"type":"Polygon","coordinates":[[[150.68170728906384,-33.743220389088236],[150.68170728906384,-33.73422718545099],[150.69070049270107,-33.73422718545099],[150.69070049270107,-33.743220389088236],[150.68170728906384,-33.743220389088236]]]}},{"type":"Feature","properties":{"jobs":0,"pop":256,"pointCount":1,"homeWorkCommuteMedian":45562,"workHomeCommuteMedian":-1},"geometry":{"type":"Polygon","coordinates":[[[150.68170728906384,-33.68926116726476],[150.68170728906384,-33.680267963627514],[150.69070049270107,-33.680267963627514],[150.69070049270107,-33.68926116726476],[150.68170728906384,-33.68926116726476]]]}},{"type":"Feature","properties":{"jobs":0,"pop":117,"pointCount":1,"homeWorkCommuteMedian":26446,"workHomeCommuteMedian":-1},"geometry":{"type":"Polygon","coordinates":[[[150.68170728906384,-33.60832233452955],[150.68170728906384,-33.5993291308923],[150.69070049270107,-33.5993291308923],[150.69070049270107,-33.60832233452955],[150.68170728906384,-33.60832233452955]]]}},{"type":"Feature","properties":{"jobs":0,"pop":196,"pointCount":1,"homeWorkCommuteMedian":21926,"workHomeCommuteMedian":-1},"geometry":{"type":"Polygon","coordinates":[[[150.68170728906384,-33.51839029815709],[150.68170728906384,-33.50939709451984],[150.69070049270107,-33.50939709451984],[150.69070049270107,-33.51839029815709],[150.68170728906384,-33.51839029815709]]]}},{"type":"Feature","properties":{"jobs":0,"pop":251,"pointCount":1,"homeWorkCommuteMedian":46030,"workHomeCommuteMedian":-1},"geometry":{"type":"Polygon","coordinates":[[[150.69070049270107,-34.102948534578076],[150.69070049270107,-34.09395533094083],[150.6996936963383,-34.09395533094083],[150.6996936963383,-34.102948534578076],[150.69070049270107,-34.102948534578076]]]}},{"type":"Feature","properties":{"jobs":0,"pop":600,"pointCount":3,"homeWorkCommuteMedian":61393,"workHomeCommuteMedian":-1},"geometry":{"type":"Polygon","coordinates":[[[150.69070049270107,-34.09395533094083],[150.69070049270107,-34.084962127303584],[150.6996936963383,-34.084962127303584],[150.6996936963383,-34.09395533094083],[150.69070049270107,-34.09395533094083]]]}},{"type":"Feature","properties":{"jobs":0,"pop":699,"pointCount":4,"homeWorkCommuteMedian":16136,"workHomeCommuteMedian":-1},"geometry":{"type":"Polygon","coordinates":[[[150.69070049270107,-34.084962127303584],[150.69070049270107,-34.07596892366634],[150.6996936963383,-34.07596892366634],[150.6996936963383,-34.084962127303584],[150.69070049270107,-34.084962127303584]]]}},{"type":"Feature","properties":{"jobs":568,"pop":553,"pointCount":3,"homeWorkCommuteMedian":11608,"workHomeCommuteMedian":10803},"geometry":{"type":"Polygon","coordinates":[[[150.69070049270107,-34.07596892366634],[150.69070049270107,-34.06697572002909],[150.6996936963383,-34.06697572002909],[150.6996936963383,-34.07596892366634],[150.69070049270107,-34.07596892366634]]]}},{"type":"Feature","properties":{"jobs":626,"pop":725,"pointCount":5,"homeWorkCommuteMedian":48882,"workHomeCommuteMedian":16277},"geometry":{"type":"Polygon","coordinates":[[[150.69070049270107,-34.06697572002909],[150.69070049270107,-34.057982516391846],[150.6996936963383,-34.057982516391846],[150.6996936963383,-34.06697572002909],[150.69070049270107,-34.06697572002909]]]}},{"type":"Feature","properties":{"jobs":2073,"pop":93,"pointCount":2,"homeWorkCommuteMedian":43734,"workHomeCommuteMedian":7510},"geometry":{"type":"Polygon","coordinates":[[[150.69070049270107,-34.057982516391846],[150.69070049270107,-34.0489893127546],[150.6996936963383,-34.0489893127546],[150.6996936963383,-34.057982516391846],[150.69070049270107,-34.057982516391846]]]}},{"type":"Feature","properties":{"jobs":319,"pop":0,"pointCount":1,"homeWorkCommuteMedian":-1,"workHomeCommuteMedian":9507},"geometry":{"type":"Polygon","coordinates":[[[150.69070049270107,-33.995030090931124],[150.69070049270107,-33.98603688729388],[150.6996936963383,-33.98603688729388],[150.6996936963383,-33.995030090931124],[150.69070049270107,-33.995030090931124]]]}},{"type":"Feature","properties":{"jobs":0,"pop":229,"pointCount":1,"homeWorkCommuteMedian":59588,"workHomeCommuteMedian":-1},"geometry":{"type":"Polygon","coordinates":[[[150.69070049270107,-33.88711164728417],[150.69070049270107,-33.878118443646926],[150.6996936963383,-33.878118443646926],[150.6996936963383,-33.88711164728417],[150.69070049270107,-33.88711164728417]]]}},{"type":"Feature","properties":{"jobs":104,"pop":716,"pointCount":2,"homeWorkCommuteMedian":21340,"workHomeCommuteMedian":47688},"geometry":{"type":"Polygon","coordinates":[[[150.69070049270107,-33.80617281454896],[150.69070049270107,-33.79717961091171],[150.6996936963383,-33.79717961091171],[150.6996936963383,-33.80617281454896],[150.69070049270107,-33.80617281454896]]]}},{"type":"Feature","properties":{"jobs":147,"pop":234,"pointCount":2,"homeWorkCommuteMedian":54226,"workHomeCommuteMedian":1781},"geometry":{"type":"Polygon","coordinates":[[[150.69070049270107,-33.79717961091171],[150.69070049270107,-33.788186407274466],[150.6996936963383,-33.788186407274466],[150.6996936963383,-33.79717961091171],[150.69070049270107,-33.79717961091171]]]}},{"type":"Feature","properties":{"jobs":229,"pop":753,"pointCount":3,"homeWorkCommuteMedian":24611,"workHomeCommuteMedian":40370},"geometry":{"type":"Polygon","coordinates":[[[150.69070049270107,-33.788186407274466],[150.69070049270107,-33.77919320363722],[150.6996936963383,-33.77919320363722],[150.6996936963383,-33.788186407274466],[150.69070049270107,-33.788186407274466]]]}},{"type":"Feature","properties":{"jobs":167,"pop":795,"pointCount":5,"homeWorkCommuteMedian":4588,"workHomeCommuteMedian":35086},"geometry":{"type":"Polygon","coordinates":[[[150.69070049270107,-33.77919320363722],[150.69070049270107,-33.770199999999974],[150.6996936963383,-33.770199999999974],[150.6996936963383,-33.77919320363722],[150.69070049270107,-33.77919320363722]]]}},{"type":"Feature","properties":{"jobs":164,"pop":641,"pointCount":3,"homeWorkCommuteMedian":16688,"workHomeCommuteMedian":6344},"geometry":{"type":"Polygon","coordinates":[[[150.69070049270107,-33.770199999999974],[150.69070049270107,-33.76120679636273],[150.6996936963383,-33.76120679636273],[150.6996936963383,-33.770199999999974],[150.69070049270107,-33.770199999999974]]]}},{"type":"Feature","properties":{"jobs":5016,"pop":1115,"pointCount":8,"homeWorkCommuteMedian":24690,"workHomeCommuteMedian":7206},"geometry":{"type":"Polygon","coordinates":[[[150.69070049270107,-33.76120679636273],[150.69070049270107,-33.75221359272548],[150.6996936963383,-33.75221359272548],[150.6996936963383,-33.76120679636273],[150.69070049270107,-33.76120679636273]]]}},{"type":"Feature","properties":{"jobs":2615,"pop":1595,"pointCount":4,"homeWorkCommuteMedian":27989,"workHomeCommuteMedian":7881},"geometry":{"type":"Polygon","coordinates":[[[150.69070049270107,-33.75221359272548],[150.69070049270107,-33.743220389088236],[150.6996936963383,-33.743220389088236],[150.6996936963383,-33.75221359272548],[150.69070049270107,-33.75221359272548]]]}},{"type":"Feature","properties":{"jobs":1999,"pop":163,"pointCount":1,"homeWorkCommuteMedian":10042,"workHomeCommuteMedian":18401},"geometry":{"type":"Polygon","coordinates":[[[150.69070049270107,-33.743220389088236],[150.69070049270107,-33.73422718545099],[150.6996936963383,-33.73422718545099],[150.6996936963383,-33.743220389088236],[150.69070049270107,-33.743220389088236]]]}},{"type":"Feature","properties":{"jobs":0,"pop":385,"pointCount":1,"homeWorkCommuteMedian":36411,"workHomeCommuteMedian":-1},"geometry":{"type":"Polygon","coordinates":[[[150.69070049270107,-33.73422718545099],[150.69070049270107,-33.725233981813744],[150.6996936963383,-33.725233981813744],[150.6996936963383,-33.73422718545099],[150.69070049270107,-33.73422718545099]]]}},{"type":"Feature","properties":{"jobs":175,"pop":0,"pointCount":1,"homeWorkCommuteMedian":-1,"workHomeCommuteMedian":16395},"geometry":{"type":"Polygon","coordinates":[[[150.69070049270107,-33.725233981813744],[150.69070049270107,-33.7162407781765],[150.6996936963383,-33.7162407781765],[150.6996936963383,-33.725233981813744],[150.69070049270107,-33.725233981813744]]]}},{"type":"Feature","properties":{"jobs":0,"pop":217,"pointCount":1,"homeWorkCommuteMedian":21342,"workHomeCommuteMedian":-1},"geometry":{"type":"Polygon","coordinates":[[[150.69070049270107,-33.7162407781765],[150.69070049270107,-33.70724757453925],[150.6996936963383,-33.70724757453925],[150.6996936963383,-33.7162407781765],[150.69070049270107,-33.7162407781765]]]}},{"type":"Feature","properties":{"jobs":535,"pop":266,"pointCount":1,"homeWorkCommuteMedian":71990,"workHomeCommuteMedian":58992},"geometry":{"type":"Polygon","coordinates":[[[150.69070049270107,-33.66228155635302],[150.69070049270107,-33.65328835271578],[150.6996936963383,-33.65328835271578],[150.6996936963383,-33.66228155635302],[150.69070049270107,-33.66228155635302]]]}},{"type":"Feature","properties":{"jobs":0,"pop":218,"pointCount":1,"homeWorkCommuteMedian":60087,"workHomeCommuteMedian":-1},"geometry":{"type":"Polygon","coordinates":[[[150.69070049270107,-33.635301945441284],[150.69070049270107,-33.62630874180404],[150.6996936963383,-33.62630874180404],[150.6996936963383,-33.635301945441284],[150.69070049270107,-33.635301945441284]]]}},{"type":"Feature","properties":{"jobs":244,"pop":353,"pointCount":1,"homeWorkCommuteMedian":14700,"workHomeCommuteMedian":9899},"geometry":{"type":"Polygon","coordinates":[[[150.69070049270107,-33.590335927255055],[150.69070049270107,-33.58134272361781],[150.6996936963383,-33.58134272361781],[150.6996936963383,-33.590335927255055],[150.69070049270107,-33.590335927255055]]]}},{"type":"Feature","properties":{"jobs":0,"pop":124,"pointCount":1,"homeWorkCommuteMedian":2055,"workHomeCommuteMedian":-1},"geometry":{"type":"Polygon","coordinates":[[[150.69070049270107,-33.55436311270607],[150.69070049270107,-33.545369909068825],[150.6996936963383,-33.545369909068825],[150.6996936963383,-33.55436311270607],[150.69070049270107,-33.55436311270607]]]}},{"type":"Feature","properties":{"jobs":0,"pop":836,"pointCount":2,"homeWorkCommuteMedian":16933,"workHomeCommuteMedian":-1},"geometry":{"type":"Polygon","coordinates":[[[150.6996936963383,-34.102948534578076],[150.6996936963383,-34.09395533094083],[150.70868689997553,-34.09395533094083],[150.70868689997553,-34.102948534578076],[150.6996936963383,-34.102948534578076]]]}},{"type":"Feature","properties":{"jobs":308,"pop":198,"pointCount":1,"homeWorkCommuteMedian":18668,"workHomeCommuteMedian":20186},"geometry":{"type":"Polygon","coordinates":[[[150.6996936963383,-34.09395533094083],[150.6996936963383,-34.084962127303584],[150.70868689997553,-34.084962127303584],[150.70868689997553,-34.09395533094083],[150.6996936963383,-34.09395533094083]]]}},{"type":"Feature","properties":{"jobs":463,"pop":395,"pointCount":2,"homeWorkCommuteMedian":41593,"workHomeCommuteMedian":13183},"geometry":{"type":"Polygon","coordinates":[[[150.6996936963383,-34.06697572002909],[150.6996936963383,-34.057982516391846],[150.70868689997553,-34.057982516391846],[150.70868689997553,-34.06697572002909],[150.6996936963383,-34.06697572002909]]]}},{"type":"Feature","properties":{"jobs":0,"pop":103,"pointCount":1,"homeWorkCommuteMedian":7274,"workHomeCommuteMedian":-1},"geometry":{"type":"Polygon","coordinates":[[[150.6996936963383,-34.057982516391846],[150.6996936963383,-34.0489893127546],[150.70868689997553,-34.0489893127546],[150.70868689997553,-34.057982516391846],[150.6996936963383,-34.057982516391846]]]}},{"type":"Feature","properties":{"jobs":0,"pop":288,"pointCount":1,"homeWorkCommuteMedian":18998,"workHomeCommuteMedian":-1},"geometry":{"type":"Polygon","coordinates":[[[150.6996936963383,-34.03100290548011],[150.6996936963383,-34.02200970184286],[150.70868689997553,-34.02200970184286],[150.70868689997553,-34.03100290548011],[150.6996936963383,-34.03100290548011]]]}},{"type":"Feature","properties":{"jobs":0,"pop":206,"pointCount":1,"homeWorkCommuteMedian":65690,"workHomeCommuteMedian":-1},"geometry":{"type":"Polygon","coordinates":[[[150.6996936963383,-33.9320776654704],[150.6996936963383,-33.923084461833156],[150.70868689997553,-33.923084461833156],[150.70868689997553,-33.9320776654704],[150.6996936963383,-33.9320776654704]]]}},{"type":"Feature","properties":{"jobs":168,"pop":0,"pointCount":1,"homeWorkCommuteMedian":-1,"workHomeCommuteMedian":33195},"geometry":{"type":"Polygon","coordinates":[[[150.6996936963383,-33.878118443646926],[150.6996936963383,-33.86912524000968],[150.70868689997553,-33.86912524000968],[150.70868689997553,-33.878118443646926],[150.6996936963383,-33.878118443646926]]]}},{"type":"Feature","properties":{"jobs":182,"pop":472,"pointCount":2,"homeWorkCommuteMedian":33045,"workHomeCommuteMedian":34429},"geometry":{"type":"Polygon","coordinates":[[[150.6996936963383,-33.788186407274466],[150.6996936963383,-33.77919320363722],[150.70868689997553,-33.77919320363722],[150.70868689997553,-33.788186407274466],[150.6996936963383,-33.788186407274466]]]}},{"type":"Feature","properties":{"jobs":0,"pop":984,"pointCount":5,"homeWorkCommuteMedian":19930,"workHomeCommuteMedian":-1},"geometry":{"type":"Polygon","coordinates":[[[150.6996936963383,-33.77919320363722],[150.6996936963383,-33.770199999999974],[150.70868689997553,-33.770199999999974],[150.70868689997553,-33.77919320363722],[150.6996936963383,-33.77919320363722]]]}},{"type":"Feature","properties":{"jobs":0,"pop":1033,"pointCount":6,"homeWorkCommuteMedian":31080,"workHomeCommuteMedian":-1},"geometry":{"type":"Polygon","coordinates":[[[150.6996936963383,-33.770199999999974],[150.6996936963383,-33.76120679636273],[150.70868689997553,-33.76120679636273],[150.70868689997553,-33.770199999999974],[150.6996936963383,-33.770199999999974]]]}},{"type":"Feature","properties":{"jobs":1265,"pop":500,"pointCount":3,"homeWorkCommuteMedian":54453,"workHomeCommuteMedian":12573},"geometry":{"type":"Polygon","coordinates":[[[150.6996936963383,-33.76120679636273],[150.6996936963383,-33.75221359272548],[150.70868689997553,-33.75221359272548],[150.70868689997553,-33.76120679636273],[150.6996936963383,-33.76120679636273]]]}},{"type":"Feature","properties":{"jobs":687,"pop":1146,"pointCount":5,"homeWorkCommuteMedian":27242,"workHomeCommuteMedian":29975},"geometry":{"type":"Polygon","coordinates":[[[150.6996936963383,-33.75221359272548],[150.6996936963383,-33.743220389088236],[150.70868689997553,-33.743220389088236],[150.70868689997553,-33.75221359272548],[150.6996936963383,-33.75221359272548]]]}},{"type":"Feature","properties":{"jobs":275,"pop":164,"pointCount":1,"homeWorkCommuteMedian":9494,"workHomeCommuteMedian":11664},"geometry":{"type":"Polygon","coordinates":[[[150.6996936963383,-33.743220389088236],[150.6996936963383,-33.73422718545099],[150.70868689997553,-33.73422718545099],[150.70868689997553,-33.743220389088236],[150.6996936963383,-33.743220389088236]]]}},{"type":"Feature","properties":{"jobs":448,"pop":332,"pointCount":2,"homeWorkCommuteMedian":20185,"workHomeCommuteMedian":8840},"geometry":{"type":"Polygon","coordinates":[[[150.6996936963383,-33.73422718545099],[150.6996936963383,-33.725233981813744],[150.70868689997553,-33.725233981813744],[150.70868689997553,-33.73422718545099],[150.6996936963383,-33.73422718545099]]]}},{"type":"Feature","properties":{"jobs":0,"pop":1069,"pointCount":6,"homeWorkCommuteMedian":9222,"workHomeCommuteMedian":-1},"geometry":{"type":"Polygon","coordinates":[[[150.6996936963383,-33.725233981813744],[150.6996936963383,-33.7162407781765],[150.70868689997553,-33.7162407781765],[150.70868689997553,-33.725233981813744],[150.6996936963383,-33.725233981813744]]]}},{"type":"Feature","properties":{"jobs":0,"pop":193,"pointCount":1,"homeWorkCommuteMedian":6061,"workHomeCommuteMedian":-1},"geometry":{"type":"Polygon","coordinates":[[[150.6996936963383,-33.7162407781765],[150.6996936963383,-33.70724757453925],[150.70868689997553,-33.70724757453925],[150.70868689997553,-33.7162407781765],[150.6996936963383,-33.7162407781765]]]}},{"type":"Feature","properties":{"jobs":419,"pop":148,"pointCount":1,"homeWorkCommuteMedian":5303,"workHomeCommuteMedian":13834},"geometry":{"type":"Polygon","coordinates":[[[150.6996936963383,-33.70724757453925],[150.6996936963383,-33.698254370902006],[150.70868689997553,-33.698254370902006],[150.70868689997553,-33.70724757453925],[150.6996936963383,-33.70724757453925]]]}},{"type":"Feature","properties":{"jobs":0,"pop":326,"pointCount":1,"homeWorkCommuteMedian":66622,"workHomeCommuteMedian":-1},"geometry":{"type":"Polygon","coordinates":[[[150.6996936963383,-33.698254370902006],[150.6996936963383,-33.68926116726476],[150.70868689997553,-33.68926116726476],[150.70868689997553,-33.698254370902006],[150.6996936963383,-33.698254370902006]]]}},{"type":"Feature","properties":{"jobs":0,"pop":393,"pointCount":2,"homeWorkCommuteMedian":23239,"workHomeCommuteMedian":-1},"geometry":{"type":"Polygon","coordinates":[[[150.6996936963383,-33.590335927255055],[150.6996936963383,-33.58134272361781],[150.70868689997553,-33.58134272361781],[150.70868689997553,-33.590335927255055],[150.6996936963383,-33.590335927255055]]]}},{"type":"Feature","properties":{"jobs":0,"pop":165,"pointCount":1,"homeWorkCommuteMedian":47243,"workHomeCommuteMedian":-1},"geometry":{"type":"Polygon","coordinates":[[[150.6996936963383,-33.58134272361781],[150.6996936963383,-33.57234951998056],[150.70868689997553,-33.57234951998056],[150.70868689997553,-33.58134272361781],[150.6996936963383,-33.58134272361781]]]}},{"type":"Feature","properties":{"jobs":768,"pop":169,"pointCount":1,"homeWorkCommuteMedian":67192,"workHomeCommuteMedian":15666},"geometry":{"type":"Polygon","coordinates":[[[150.6996936963383,-33.57234951998056],[150.6996936963383,-33.56335631634332],[150.70868689997553,-33.56335631634332],[150.70868689997553,-33.57234951998056],[150.6996936963383,-33.57234951998056]]]}},{"type":"Feature","properties":{"jobs":0,"pop":275,"pointCount":1,"homeWorkCommuteMedian":20726,"workHomeCommuteMedian":-1},"geometry":{"type":"Polygon","coordinates":[[[150.6996936963383,-33.55436311270607],[150.6996936963383,-33.545369909068825],[150.70868689997553,-33.545369909068825],[150.70868689997553,-33.55436311270607],[150.6996936963383,-33.55436311270607]]]}},{"type":"Feature","properties":{"jobs":0,"pop":175,"pointCount":1,"homeWorkCommuteMedian":8301,"workHomeCommuteMedian":-1},"geometry":{"type":"Polygon","coordinates":[[[150.6996936963383,-33.53637670543158],[150.6996936963383,-33.52738350179433],[150.70868689997553,-33.52738350179433],[150.70868689997553,-33.53637670543158],[150.6996936963383,-33.53637670543158]]]}},{"type":"Feature","properties":{"jobs":135,"pop":121,"pointCount":1,"homeWorkCommuteMedian":48763,"workHomeCommuteMedian":19954},"geometry":{"type":"Polygon","coordinates":[[[150.6996936963383,-33.49141068724535],[150.6996936963383,-33.4824174836081],[150.70868689997553,-33.4824174836081],[150.70868689997553,-33.49141068724535],[150.6996936963383,-33.49141068724535]]]}},{"type":"Feature","properties":{"jobs":355,"pop":453,"pointCount":4,"homeWorkCommuteMedian":22128,"workHomeCommuteMedian":6354},"geometry":{"type":"Polygon","coordinates":[[[150.70868689997553,-34.07596892366634],[150.70868689997553,-34.06697572002909],[150.71768010361276,-34.06697572002909],[150.71768010361276,-34.07596892366634],[150.70868689997553,-34.07596892366634]]]}},{"type":"Feature","properties":{"jobs":0,"pop":289,"pointCount":2,"homeWorkCommuteMedian":55861,"workHomeCommuteMedian":-1},"geometry":{"type":"Polygon","coordinates":[[[150.70868689997553,-34.06697572002909],[150.70868689997553,-34.057982516391846],[150.71768010361276,-34.057982516391846],[150.71768010361276,-34.06697572002909],[150.70868689997553,-34.06697572002909]]]}},{"type":"Feature","properties":{"jobs":75,"pop":628,"pointCount":4,"homeWorkCommuteMedian":14921,"workHomeCommuteMedian":15271},"geometry":{"type":"Polygon","coordinates":[[[150.70868689997553,-34.057982516391846],[150.70868689997553,-34.0489893127546],[150.71768010361276,-34.0489893127546],[150.71768010361276,-34.057982516391846],[150.70868689997553,-34.057982516391846]]]}},{"type":"Feature","properties":{"jobs":267,"pop":85,"pointCount":1,"homeWorkCommuteMedian":3416,"workHomeCommuteMedian":33976},"geometry":{"type":"Polygon","coordinates":[[[150.70868689997553,-34.0489893127546],[150.70868689997553,-34.039996109117354],[150.71768010361276,-34.039996109117354],[150.71768010361276,-34.0489893127546],[150.70868689997553,-34.0489893127546]]]}},{"type":"Feature","properties":{"jobs":516,"pop":244,"pointCount":1,"homeWorkCommuteMedian":64587,"workHomeCommuteMedian":6712},"geometry":{"type":"Polygon","coordinates":[[[150.70868689997553,-34.03100290548011],[150.70868689997553,-34.02200970184286],[150.71768010361276,-34.02200970184286],[150.71768010361276,-34.03100290548011],[150.70868689997553,-34.03100290548011]]]}},{"type":"Feature","properties":{"jobs":828,"pop":558,"pointCount":1,"homeWorkCommuteMedian":25130,"workHomeCommuteMedian":11608},"geometry":{"type":"Polygon","coordinates":[[[150.70868689997553,-34.02200970184286],[150.70868689997553,-34.013016498205616],[150.71768010361276,-34.013016498205616],[150.71768010361276,-34.02200970184286],[150.70868689997553,-34.02200970184286]]]}},{"type":"Feature","properties":{"jobs":0,"pop":233,"pointCount":1,"homeWorkCommuteMedian":59491,"workHomeCommuteMedian":-1},"geometry":{"type":"Polygon","coordinates":[[[150.70868689997553,-34.013016498205616],[150.70868689997553,-34.00402329456837],[150.71768010361276,-34.00402329456837],[150.71768010361276,-34.013016498205616],[150.70868689997553,-34.013016498205616]]]}},{"type":"Feature","properties":{"jobs":0,"pop":75,"pointCount":1,"homeWorkCommuteMedian":15087,"workHomeCommuteMedian":-1},"geometry":{"type":"Polygon","coordinates":[[[150.70868689997553,-33.9320776654704],[150.70868689997553,-33.923084461833156],[150.71768010361276,-33.923084461833156],[150.71768010361276,-33.9320776654704],[150.70868689997553,-33.9320776654704]]]}},{"type":"Feature","properties":{"jobs":248,"pop":0,"pointCount":1,"homeWorkCommuteMedian":-1,"workHomeCommuteMedian":43553},"geometry":{"type":"Polygon","coordinates":[[[150.70868689997553,-33.80617281454896],[150.70868689997553,-33.79717961091171],[150.71768010361276,-33.79717961091171],[150.71768010361276,-33.80617281454896],[150.70868689997553,-33.80617281454896]]]}},{"type":"Feature","properties":{"jobs":170,"pop":127,"pointCount":1,"homeWorkCommuteMedian":15648,"workHomeCommuteMedian":4604},"geometry":{"type":"Polygon","coordinates":[[[150.70868689997553,-33.79717961091171],[150.70868689997553,-33.788186407274466],[150.71768010361276,-33.788186407274466],[150.71768010361276,-33.79717961091171],[150.70868689997553,-33.79717961091171]]]}},{"type":"Feature","properties":{"jobs":120,"pop":780,"pointCount":3,"homeWorkCommuteMedian":4605,"workHomeCommuteMedian":2320},"geometry":{"type":"Polygon","coordinates":[[[150.70868689997553,-33.77919320363722],[150.70868689997553,-33.770199999999974],[150.71768010361276,-33.770199999999974],[150.71768010361276,-33.77919320363722],[150.70868689997553,-33.77919320363722]]]}},{"type":"Feature","properties":{"jobs":1856,"pop":1223,"pointCount":5,"homeWorkCommuteMedian":40609,"workHomeCommuteMedian":18288},"geometry":{"type":"Polygon","coordinates":[[[150.70868689997553,-33.770199999999974],[150.70868689997553,-33.76120679636273],[150.71768010361276,-33.76120679636273],[150.71768010361276,-33.770199999999974],[150.70868689997553,-33.770199999999974]]]}},{"type":"Feature","properties":{"jobs":3652,"pop":1357,"pointCount":6,"homeWorkCommuteMedian":20107,"workHomeCommuteMedian":12497},"geometry":{"type":"Polygon","coordinates":[[[150.70868689997553,-33.76120679636273],[150.70868689997553,-33.75221359272548],[150.71768010361276,-33.75221359272548],[150.71768010361276,-33.76120679636273],[150.70868689997553,-33.76120679636273]]]}},{"type":"Feature","properties":{"jobs":108,"pop":772,"pointCount":5,"homeWorkCommuteMedian":33536,"workHomeCommuteMedian":34661},"geometry":{"type":"Polygon","coordinates":[[[150.70868689997553,-33.75221359272548],[150.70868689997553,-33.743220389088236],[150.71768010361276,-33.743220389088236],[150.71768010361276,-33.75221359272548],[150.70868689997553,-33.75221359272548]]]}},{"type":"Feature","properties":{"jobs":0,"pop":532,"pointCount":3,"homeWorkCommuteMedian":42091,"workHomeCommuteMedian":-1},"geometry":{"type":"Polygon","coordinates":[[[150.70868689997553,-33.743220389088236],[150.70868689997553,-33.73422718545099],[150.71768010361276,-33.73422718545099],[150.71768010361276,-33.743220389088236],[150.70868689997553,-33.743220389088236]]]}},{"type":"Feature","properties":{"jobs":0,"pop":1037,"pointCount":7,"homeWorkCommuteMedian":19622,"workHomeCommuteMedian":-1},"geometry":{"type":"Polygon","coordinates":[[[150.70868689997553,-33.73422718545099],[150.70868689997553,-33.725233981813744],[150.71768010361276,-33.725233981813744],[150.71768010361276,-33.73422718545099],[150.70868689997553,-33.73422718545099]]]}},{"type":"Feature","properties":{"jobs":160,"pop":903,"pointCount":7,"homeWorkCommuteMedian":29776,"workHomeCommuteMedian":5942},"geometry":{"type":"Polygon","coordinates":[[[150.70868689997553,-33.725233981813744],[150.70868689997553,-33.7162407781765],[150.71768010361276,-33.7162407781765],[150.71768010361276,-33.725233981813744],[150.70868689997553,-33.725233981813744]]]}},{"type":"Feature","properties":{"jobs":0,"pop":844,"pointCount":4,"homeWorkCommuteMedian":17590,"workHomeCommuteMedian":-1},"geometry":{"type":"Polygon","coordinates":[[[150.70868689997553,-33.7162407781765],[150.70868689997553,-33.70724757453925],[150.71768010361276,-33.70724757453925],[150.71768010361276,-33.7162407781765],[150.70868689997553,-33.7162407781765]]]}},{"type":"Feature","properties":{"jobs":0,"pop":234,"pointCount":1,"homeWorkCommuteMedian":54985,"workHomeCommuteMedian":-1},"geometry":{"type":"Polygon","coordinates":[[[150.70868689997553,-33.70724757453925],[150.70868689997553,-33.698254370902006],[150.71768010361276,-33.698254370902006],[150.71768010361276,-33.70724757453925],[150.70868689997553,-33.70724757453925]]]}},{"type":"Feature","properties":{"jobs":113,"pop":162,"pointCount":1,"homeWorkCommuteMedian":68534,"workHomeCommuteMedian":16441},"geometry":{"type":"Polygon","coordinates":[[[150.70868689997553,-33.67127475999027],[150.70868689997553,-33.66228155635302],[150.71768010361276,-33.66228155635302],[150.71768010361276,-33.67127475999027],[150.70868689997553,-33.67127475999027]]]}},{"type":"Feature","properties":{"jobs":0,"pop":212,"pointCount":1,"homeWorkCommuteMedian":26947,"workHomeCommuteMedian":-1},"geometry":{"type":"Polygon","coordinates":[[[150.70868689997553,-33.61731553816679],[150.70868689997553,-33.60832233452955],[150.71768010361276,-33.60832233452955],[150.71768010361276,-33.61731553816679],[150.70868689997553,-33.61731553816679]]]}},{"type":"Feature","properties":{"jobs":0,"pop":426,"pointCount":2,"homeWorkCommuteMedian":26397,"workHomeCommuteMedian":-1},"geometry":{"type":"Polygon","coordinates":[[[150.70868689997553,-33.590335927255055],[150.70868689997553,-33.58134272361781],[150.71768010361276,-33.58134272361781],[150.71768010361276,-33.590335927255055],[150.70868689997553,-33.590335927255055]]]}},{"type":"Feature","properties":{"jobs":0,"pop":703,"pointCount":3,"homeWorkCommuteMedian":26573,"workHomeCommuteMedian":-1},"geometry":{"type":"Polygon","coordinates":[[[150.70868689997553,-33.58134272361781],[150.70868689997553,-33.57234951998056],[150.71768010361276,-33.57234951998056],[150.71768010361276,-33.58134272361781],[150.70868689997553,-33.58134272361781]]]}},{"type":"Feature","properties":{"jobs":0,"pop":150,"pointCount":1,"homeWorkCommuteMedian":19988,"workHomeCommuteMedian":-1},"geometry":{"type":"Polygon","coordinates":[[[150.70868689997553,-33.50939709451984],[150.70868689997553,-33.500403890882595],[150.71768010361276,-33.500403890882595],[150.71768010361276,-33.50939709451984],[150.70868689997553,-33.50939709451984]]]}},{"type":"Feature","properties":{"jobs":130,"pop":325,"pointCount":1,"homeWorkCommuteMedian":19229,"workHomeCommuteMedian":71958},"geometry":{"type":"Polygon","coordinates":[[[150.71768010361276,-34.084962127303584],[150.71768010361276,-34.07596892366634],[150.72667330725,-34.07596892366634],[150.72667330725,-34.084962127303584],[150.71768010361276,-34.084962127303584]]]}},{"type":"Feature","properties":{"jobs":0,"pop":435,"pointCount":2,"homeWorkCommuteMedian":11318,"workHomeCommuteMedian":-1},"geometry":{"type":"Polygon","coordinates":[[[150.71768010361276,-34.07596892366634],[150.71768010361276,-34.06697572002909],[150.72667330725,-34.06697572002909],[150.72667330725,-34.07596892366634],[150.71768010361276,-34.07596892366634]]]}},{"type":"Feature","properties":{"jobs":152,"pop":1694,"pointCount":7,"homeWorkCommuteMedian":29329,"workHomeCommuteMedian":15642},"geometry":{"type":"Polygon","coordinates":[[[150.71768010361276,-34.06697572002909],[150.71768010361276,-34.057982516391846],[150.72667330725,-34.057982516391846],[150.72667330725,-34.06697572002909],[150.71768010361276,-34.06697572002909]]]}},{"type":"Feature","properties":{"jobs":113,"pop":804,"pointCount":3,"homeWorkCommuteMedian":7394,"workHomeCommuteMedian":11848},"geometry":{"type":"Polygon","coordinates":[[[150.71768010361276,-34.057982516391846],[150.71768010361276,-34.0489893127546],[150.72667330725,-34.0489893127546],[150.72667330725,-34.057982516391846],[150.71768010361276,-34.057982516391846]]]}},{"type":"Feature","properties":{"jobs":0,"pop":270,"pointCount":1,"homeWorkCommuteMedian":62527,"workHomeCommuteMedian":-1},"geometry":{"type":"Polygon","coordinates":[[[150.71768010361276,-34.0489893127546],[150.71768010361276,-34.039996109117354],[150.72667330725,-34.039996109117354],[150.72667330725,-34.0489893127546],[150.71768010361276,-34.0489893127546]]]}},{"type":"Feature","properties":{"jobs":100,"pop":280,"pointCount":1,"homeWorkCommuteMedian":31567,"workHomeCommuteMedian":7271},"geometry":{"type":"Polygon","coordinates":[[[150.71768010361276,-34.03100290548011],[150.71768010361276,-34.02200970184286],[150.72667330725,-34.02200970184286],[150.72667330725,-34.03100290548011],[150.71768010361276,-34.03100290548011]]]}},{"type":"Feature","properties":{"jobs":126,"pop":301,"pointCount":1,"homeWorkCommuteMedian":39630,"workHomeCommuteMedian":3562},"geometry":{"type":"Polygon","coordinates":[[[150.71768010361276,-34.02200970184286],[150.71768010361276,-34.013016498205616],[150.72667330725,-34.013016498205616],[150.72667330725,-34.02200970184286],[150.71768010361276,-34.02200970184286]]]}},{"type":"Feature","properties":{"jobs":76,"pop":477,"pointCount":2,"homeWorkCommuteMedian":41332,"workHomeCommuteMedian":6421},"geometry":{"type":"Polygon","coordinates":[[[150.71768010361276,-34.013016498205616],[150.71768010361276,-34.00402329456837],[150.72667330725,-34.00402329456837],[150.72667330725,-34.013016498205616],[150.71768010361276,-34.013016498205616]]]}},{"type":"Feature","properties":{"jobs":189,"pop":1444,"pointCount":5,"homeWorkCommuteMedian":24622,"workHomeCommuteMedian":8598},"geometry":{"type":"Polygon","coordinates":[[[150.71768010361276,-34.00402329456837],[150.71768010361276,-33.995030090931124],[150.72667330725,-33.995030090931124],[150.72667330725,-34.00402329456837],[150.71768010361276,-34.00402329456837]]]}},{"type":"Feature","properties":{"jobs":200,"pop":64,"pointCount":1,"homeWorkCommuteMedian":14055,"workHomeCommuteMedian":23485},"geometry":{"type":"Polygon","coordinates":[[[150.71768010361276,-33.91409125819591],[150.71768010361276,-33.905098054558664],[150.72667330725,-33.905098054558664],[150.72667330725,-33.91409125819591],[150.71768010361276,-33.91409125819591]]]}},{"type":"Feature","properties":{"jobs":1165,"pop":123,"pointCount":1,"homeWorkCommuteMedian":9862,"workHomeCommuteMedian":34838},"geometry":{"type":"Polygon","coordinates":[[[150.71768010361276,-33.860132036372434],[150.71768010361276,-33.85113883273519],[150.72667330725,-33.85113883273519],[150.72667330725,-33.860132036372434],[150.71768010361276,-33.860132036372434]]]}},{"type":"Feature","properties":{"jobs":518,"pop":70,"pointCount":1,"homeWorkCommuteMedian":34780,"workHomeCommuteMedian":17922},"geometry":{"type":"Polygon","coordinates":[[[150.71768010361276,-33.82415922182345],[150.71768010361276,-33.815166018186204],[150.72667330725,-33.815166018186204],[150.72667330725,-33.82415922182345],[150.71768010361276,-33.82415922182345]]]}},{"type":"Feature","properties":{"jobs":281,"pop":192,"pointCount":1,"homeWorkCommuteMedian":9724,"workHomeCommuteMedian":37713},"geometry":{"type":"Polygon","coordinates":[[[150.71768010361276,-33.788186407274466],[150.71768010361276,-33.77919320363722],[150.72667330725,-33.77919320363722],[150.72667330725,-33.788186407274466],[150.71768010361276,-33.788186407274466]]]}},{"type":"Feature","properties":{"jobs":289,"pop":630,"pointCount":3,"homeWorkCommuteMedian":11498,"workHomeCommuteMedian":22690},"geometry":{"type":"Polygon","coordinates":[[[150.71768010361276,-33.77919320363722],[150.71768010361276,-33.770199999999974],[150.72667330725,-33.770199999999974],[150.72667330725,-33.77919320363722],[150.71768010361276,-33.77919320363722]]]}},{"type":"Feature","properties":{"jobs":2840,"pop":1053,"pointCount":5,"homeWorkCommuteMedian":35955,"workHomeCommuteMedian":24226},"geometry":{"type":"Polygon","coordinates":[[[150.71768010361276,-33.770199999999974],[150.71768010361276,-33.76120679636273],[150.72667330725,-33.76120679636273],[150.72667330725,-33.770199999999974],[150.71768010361276,-33.770199999999974]]]}},{"type":"Feature","properties":{"jobs":570,"pop":715,"pointCount":4,"homeWorkCommuteMedian":29347,"workHomeCommuteMedian":48193},"geometry":{"type":"Polygon","coordinates":[[[150.71768010361276,-33.76120679636273],[150.71768010361276,-33.75221359272548],[150.72667330725,-33.75221359272548],[150.72667330725,-33.76120679636273],[150.71768010361276,-33.76120679636273]]]}},{"type":"Feature","properties":{"jobs":350,"pop":712,"pointCount":3,"homeWorkCommuteMedian":11725,"workHomeCommuteMedian":54146},"geometry":{"type":"Polygon","coordinates":[[[150.71768010361276,-33.75221359272548],[150.71768010361276,-33.743220389088236],[150.72667330725,-33.743220389088236],[150.72667330725,-33.75221359272548],[150.71768010361276,-33.75221359272548]]]}},{"type":"Feature","properties":{"jobs":488,"pop":1148,"pointCount":6,"homeWorkCommuteMedian":7989,"workHomeCommuteMedian":27266},"geometry":{"type":"Polygon","coordinates":[[[150.71768010361276,-33.743220389088236],[150.71768010361276,-33.73422718545099],[150.72667330725,-33.73422718545099],[150.72667330725,-33.743220389088236],[150.71768010361276,-33.743220389088236]]]}},{"type":"Feature","properties":{"jobs":0,"pop":323,"pointCount":2,"homeWorkCommuteMedian":51222,"workHomeCommuteMedian":-1},"geometry":{"type":"Polygon","coordinates":[[[150.71768010361276,-33.73422718545099],[150.71768010361276,-33.725233981813744],[150.72667330725,-33.725233981813744],[150.72667330725,-33.73422718545099],[150.71768010361276,-33.73422718545099]]]}},{"type":"Feature","properties":{"jobs":0,"pop":1182,"pointCount":5,"homeWorkCommuteMedian":12674,"workHomeCommuteMedian":-1},"geometry":{"type":"Polygon","coordinates":[[[150.71768010361276,-33.725233981813744],[150.71768010361276,-33.7162407781765],[150.72667330725,-33.7162407781765],[150.72667330725,-33.725233981813744],[150.71768010361276,-33.725233981813744]]]}},{"type":"Feature","properties":{"jobs":0,"pop":635,"pointCount":3,"homeWorkCommuteMedian":9842,"workHomeCommuteMedian":-1},"geometry":{"type":"Polygon","coordinates":[[[150.71768010361276,-33.7162407781765],[150.71768010361276,-33.70724757453925],[150.72667330725,-33.70724757453925],[150.72667330725,-33.7162407781765],[150.71768010361276,-33.7162407781765]]]}},{"type":"Feature","properties":{"jobs":0,"pop":451,"pointCount":2,"homeWorkCommuteMedian":17693,"workHomeCommuteMedian":-1},"geometry":{"type":"Polygon","coordinates":[[[150.71768010361276,-33.70724757453925],[150.71768010361276,-33.698254370902006],[150.72667330725,-33.698254370902006],[150.72667330725,-33.70724757453925],[150.71768010361276,-33.70724757453925]]]}},{"type":"Feature","properties":{"jobs":139,"pop":191,"pointCount":1,"homeWorkCommuteMedian":66833,"workHomeCommuteMedian":2762},"geometry":{"type":"Polygon","coordinates":[[[150.71768010361276,-33.635301945441284],[150.71768010361276,-33.62630874180404],[150.72667330725,-33.62630874180404],[150.72667330725,-33.635301945441284],[150.71768010361276,-33.635301945441284]]]}},{"type":"Feature","properties":{"jobs":0,"pop":173,"pointCount":1,"homeWorkCommuteMedian":5423,"workHomeCommuteMedian":-1},"geometry":{"type":"Polygon","coordinates":[[[150.71768010361276,-33.590335927255055],[150.71768010361276,-33.58134272361781],[150.72667330725,-33.58134272361781],[150.72667330725,-33.590335927255055],[150.71768010361276,-33.590335927255055]]]}},{"type":"Feature","properties":{"jobs":0,"pop":111,"pointCount":1,"homeWorkCommuteMedian":8586,"workHomeCommuteMedian":-1},"geometry":{"type":"Polygon","coordinates":[[[150.71768010361276,-33.58134272361781],[150.71768010361276,-33.57234951998056],[150.72667330725,-33.57234951998056],[150.72667330725,-33.58134272361781],[150.71768010361276,-33.58134272361781]]]}},{"type":"Feature","properties":{"jobs":0,"pop":264,"pointCount":1,"homeWorkCommuteMedian":24224,"workHomeCommuteMedian":-1},"geometry":{"type":"Polygon","coordinates":[[[150.71768010361276,-33.51839029815709],[150.71768010361276,-33.50939709451984],[150.72667330725,-33.50939709451984],[150.72667330725,-33.51839029815709],[150.71768010361276,-33.51839029815709]]]}},{"type":"Feature","properties":{"jobs":410,"pop":1156,"pointCount":5,"homeWorkCommuteMedian":46432,"workHomeCommuteMedian":24650},"geometry":{"type":"Polygon","coordinates":[[[150.72667330725,-34.07596892366634],[150.72667330725,-34.06697572002909],[150.73566651088723,-34.06697572002909],[150.73566651088723,-34.07596892366634],[150.72667330725,-34.07596892366634]]]}},{"type":"Feature","properties":{"jobs":428,"pop":1292,"pointCount":5,"homeWorkCommuteMedian":16683,"workHomeCommuteMedian":33836},"geometry":{"type":"Polygon","coordinates":[[[150.72667330725,-34.06697572002909],[150.72667330725,-34.057982516391846],[150.73566651088723,-34.057982516391846],[150.73566651088723,-34.06697572002909],[150.72667330725,-34.06697572002909]]]}},{"type":"Feature","properties":{"jobs":0,"pop":374,"pointCount":2,"homeWorkCommuteMedian":11998,"workHomeCommuteMedian":-1},"geometry":{"type":"Polygon","coordinates":[[[150.72667330725,-34.057982516391846],[150.72667330725,-34.0489893127546],[150.73566651088723,-34.0489893127546],[150.73566651088723,-34.057982516391846],[150.72667330725,-34.057982516391846]]]}},{"type":"Feature","properties":{"jobs":276,"pop":51,"pointCount":2,"homeWorkCommuteMedian":57960,"workHomeCommuteMedian":4791},"geometry":{"type":"Polygon","coordinates":[[[150.72667330725,-34.0489893127546],[150.72667330725,-34.039996109117354],[150.73566651088723,-34.039996109117354],[150.73566651088723,-34.0489893127546],[150.72667330725,-34.0489893127546]]]}},{"type":"Feature","properties":{"jobs":263,"pop":284,"pointCount":3,"homeWorkCommuteMedian":29365,"workHomeCommuteMedian":11740},"geometry":{"type":"Polygon","coordinates":[[[150.72667330725,-34.039996109117354],[150.72667330725,-34.03100290548011],[150.73566651088723,-34.03100290548011],[150.73566651088723,-34.039996109117354],[150.72667330725,-34.039996109117354]]]}},{"type":"Feature","properties":{"jobs":0,"pop":1279,"pointCount":5,"homeWorkCommuteMedian":39985,"workHomeCommuteMedian":-1},"geometry":{"type":"Polygon","coordinates":[[[150.72667330725,-34.03100290548011],[150.72667330725,-34.02200970184286],[150.73566651088723,-34.02200970184286],[150.73566651088723,-34.03100290548011],[150.72667330725,-34.03100290548011]]]}},{"type":"Feature","properties":{"jobs":272,"pop":130,"pointCount":2,"homeWorkCommuteMedian":5546,"workHomeCommuteMedian":80421},"geometry":{"type":"Polygon","coordinates":[[[150.72667330725,-34.02200970184286],[150.72667330725,-34.013016498205616],[150.73566651088723,-34.013016498205616],[150.73566651088723,-34.02200970184286],[150.72667330725,-34.02200970184286]]]}},{"type":"Feature","properties":{"jobs":228,"pop":1198,"pointCount":5,"homeWorkCommuteMedian":14208,"workHomeCommuteMedian":3690},"geometry":{"type":"Polygon","coordinates":[[[150.72667330725,-34.013016498205616],[150.72667330725,-34.00402329456837],[150.73566651088723,-34.00402329456837],[150.73566651088723,-34.013016498205616],[150.72667330725,-34.013016498205616]]]}},{"type":"Feature","properties":{"jobs":287,"pop":1159,"pointCount":6,"homeWorkCommuteMedian":37163,"workHomeCommuteMedian":57533},"geometry":{"type":"Polygon","coordinates":[[[150.72667330725,-34.00402329456837],[150.72667330725,-33.995030090931124],[150.73566651088723,-33.995030090931124],[150.73566651088723,-34.00402329456837],[150.72667330725,-34.00402329456837]]]}},{"type":"Feature","properties":{"jobs":460,"pop":0,"pointCount":1,"homeWorkCommuteMedian":-1,"workHomeCommuteMedian":34269},"geometry":{"type":"Polygon","coordinates":[[[150.72667330725,-33.88711164728417],[150.72667330725,-33.878118443646926],[150.73566651088723,-33.878118443646926],[150.73566651088723,-33.88711164728417],[150.72667330725,-33.88711164728417]]]}},{"type":"Feature","properties":{"jobs":0,"pop":119,"pointCount":1,"homeWorkCommuteMedian":12972,"workHomeCommuteMedian":-1},"geometry":{"type":"Polygon","coordinates":[[[150.72667330725,-33.79717961091171],[150.72667330725,-33.788186407274466],[150.73566651088723,-33.788186407274466],[150.73566651088723,-33.79717961091171],[150.72667330725,-33.79717961091171]]]}},{"type":"Feature","properties":{"jobs":394,"pop":494,"pointCount":2,"homeWorkCommuteMedian":12055,"workHomeCommuteMedian":43760},"geometry":{"type":"Polygon","coordinates":[[[150.72667330725,-33.77919320363722],[150.72667330725,-33.770199999999974],[150.73566651088723,-33.770199999999974],[150.73566651088723,-33.77919320363722],[150.72667330725,-33.77919320363722]]]}},{"type":"Feature","properties":{"jobs":291,"pop":163,"pointCount":1,"homeWorkCommuteMedian":7892,"workHomeCommuteMedian":32308},"geometry":{"type":"Polygon","coordinates":[[[150.72667330725,-33.770199999999974],[150.72667330725,-33.76120679636273],[150.73566651088723,-33.76120679636273],[150.73566651088723,-33.770199999999974],[150.72667330725,-33.770199999999974]]]}},{"type":"Feature","properties":{"jobs":360,"pop":993,"pointCount":5,"homeWorkCommuteMedian":28886,"workHomeCommuteMedian":11177},"geometry":{"type":"Polygon","coordinates":[[[150.72667330725,-33.76120679636273],[150.72667330725,-33.75221359272548],[150.73566651088723,-33.75221359272548],[150.73566651088723,-33.76120679636273],[150.72667330725,-33.76120679636273]]]}},{"type":"Feature","properties":{"jobs":0,"pop":1032,"pointCount":5,"homeWorkCommuteMedian":14100,"workHomeCommuteMedian":-1},"geometry":{"type":"Polygon","coordinates":[[[150.72667330725,-33.75221359272548],[150.72667330725,-33.743220389088236],[150.73566651088723,-33.743220389088236],[150.73566651088723,-33.75221359272548],[150.72667330725,-33.75221359272548]]]}},{"type":"Feature","properties":{"jobs":0,"pop":983,"pointCount":3,"homeWorkCommuteMedian":18266,"workHomeCommuteMedian":-1},"geometry":{"type":"Polygon","coordinates":[[[150.72667330725,-33.743220389088236],[150.72667330725,-33.73422718545099],[150.73566651088723,-33.73422718545099],[150.73566651088723,-33.743220389088236],[150.72667330725,-33.743220389088236]]]}},{"type":"Feature","properties":{"jobs":0,"pop":1352,"pointCount":4,"homeWorkCommuteMedian":16230,"workHomeCommuteMedian":-1},"geometry":{"type":"Polygon","coordinates":[[[150.72667330725,-33.73422718545099],[150.72667330725,-33.725233981813744],[150.73566651088723,-33.725233981813744],[150.73566651088723,-33.73422718545099],[150.72667330725,-33.73422718545099]]]}},{"type":"Feature","properties":{"jobs":0,"pop":1437,"pointCount":5,"homeWorkCommuteMedian":26520,"workHomeCommuteMedian":-1},"geometry":{"type":"Polygon","coordinates":[[[150.72667330725,-33.725233981813744],[150.72667330725,-33.7162407781765],[150.73566651088723,-33.7162407781765],[150.73566651088723,-33.725233981813744],[150.72667330725,-33.725233981813744]]]}},{"type":"Feature","properties":{"jobs":0,"pop":197,"pointCount":1,"homeWorkCommuteMedian":58438,"workHomeCommuteMedian":-1},"geometry":{"type":"Polygon","coordinates":[[[150.72667330725,-33.7162407781765],[150.72667330725,-33.70724757453925],[150.73566651088723,-33.70724757453925],[150.73566651088723,-33.7162407781765],[150.72667330725,-33.7162407781765]]]}},{"type":"Feature","properties":{"jobs":210,"pop":134,"pointCount":1,"homeWorkCommuteMedian":41102,"workHomeCommuteMedian":23629},"geometry":{"type":"Polygon","coordinates":[[[150.72667330725,-33.70724757453925],[150.72667330725,-33.698254370902006],[150.73566651088723,-33.698254370902006],[150.73566651088723,-33.70724757453925],[150.72667330725,-33.70724757453925]]]}},{"type":"Feature","properties":{"jobs":0,"pop":448,"pointCount":2,"homeWorkCommuteMedian":6021,"workHomeCommuteMedian":-1},"geometry":{"type":"Polygon","coordinates":[[[150.72667330725,-33.65328835271578],[150.72667330725,-33.64429514907853],[150.73566651088723,-33.64429514907853],[150.73566651088723,-33.65328835271578],[150.72667330725,-33.65328835271578]]]}},{"type":"Feature","properties":{"jobs":96,"pop":0,"pointCount":1,"homeWorkCommuteMedian":-1,"workHomeCommuteMedian":38028},"geometry":{"type":"Polygon","coordinates":[[[150.72667330725,-33.61731553816679],[150.72667330725,-33.60832233452955],[150.73566651088723,-33.60832233452955],[150.73566651088723,-33.61731553816679],[150.72667330725,-33.61731553816679]]]}},{"type":"Feature","properties":{"jobs":0,"pop":232,"pointCount":1,"homeWorkCommuteMedian":62233,"workHomeCommuteMedian":-1},"geometry":{"type":"Polygon","coordinates":[[[150.72667330725,-33.60832233452955],[150.72667330725,-33.5993291308923],[150.73566651088723,-33.5993291308923],[150.73566651088723,-33.60832233452955],[150.72667330725,-33.60832233452955]]]}},{"type":"Feature","properties":{"jobs":145,"pop":216,"pointCount":1,"homeWorkCommuteMedian":38016,"workHomeCommuteMedian":17382},"geometry":{"type":"Polygon","coordinates":[[[150.72667330725,-33.4824174836081],[150.72667330725,-33.47342427997086],[150.73566651088723,-33.47342427997086],[150.73566651088723,-33.4824174836081],[150.72667330725,-33.4824174836081]]]}},{"type":"Feature","properties":{"jobs":0,"pop":73,"pointCount":1,"homeWorkCommuteMedian":10194,"workHomeCommuteMedian":-1},"geometry":{"type":"Polygon","coordinates":[[[150.73566651088723,-34.11194173821532],[150.73566651088723,-34.102948534578076],[150.74465971452446,-34.102948534578076],[150.74465971452446,-34.11194173821532],[150.73566651088723,-34.11194173821532]]]}},{"type":"Feature","properties":{"jobs":0,"pop":902,"pointCount":3,"homeWorkCommuteMedian":17129,"workHomeCommuteMedian":-1},"geometry":{"type":"Polygon","coordinates":[[[150.73566651088723,-34.07596892366634],[150.73566651088723,-34.06697572002909],[150.74465971452446,-34.06697572002909],[150.74465971452446,-34.07596892366634],[150.73566651088723,-34.07596892366634]]]}},{"type":"Feature","properties":{"jobs":182,"pop":655,"pointCount":3,"homeWorkCommuteMedian":57020,"workHomeCommuteMedian":49508},"geometry":{"type":"Polygon","coordinates":[[[150.73566651088723,-34.06697572002909],[150.73566651088723,-34.057982516391846],[150.74465971452446,-34.057982516391846],[150.74465971452446,-34.06697572002909],[150.73566651088723,-34.06697572002909]]]}},{"type":"Feature","properties":{"jobs":168,"pop":1136,"pointCount":5,"homeWorkCommuteMedian":10321,"workHomeCommuteMedian":3380},"geometry":{"type":"Polygon","coordinates":[[[150.73566651088723,-34.057982516391846],[150.73566651088723,-34.0489893127546],[150.74465971452446,-34.0489893127546],[150.74465971452446,-34.057982516391846],[150.73566651088723,-34.057982516391846]]]}},{"type":"Feature","properties":{"jobs":2496,"pop":623,"pointCount":4,"homeWorkCommuteMedian":9439,"workHomeCommuteMedian":5965},"geometry":{"type":"Polygon","coordinates":[[[150.73566651088723,-34.0489893127546],[150.73566651088723,-34.039996109117354],[150.74465971452446,-34.039996109117354],[150.74465971452446,-34.0489893127546],[150.73566651088723,-34.0489893127546]]]}},{"type":"Feature","properties":{"jobs":520,"pop":951,"pointCount":4,"homeWorkCommuteMedian":40942,"workHomeCommuteMedian":5132},"geometry":{"type":"Polygon","coordinates":[[[150.73566651088723,-34.039996109117354],[150.73566651088723,-34.03100290548011],[150.74465971452446,-34.03100290548011],[150.74465971452446,-34.039996109117354],[150.73566651088723,-34.039996109117354]]]}},{"type":"Feature","properties":{"jobs":0,"pop":875,"pointCount":4,"homeWorkCommuteMedian":11696,"workHomeCommuteMedian":-1},"geometry":{"type":"Polygon","coordinates":[[[150.73566651088723,-34.03100290548011],[150.73566651088723,-34.02200970184286],[150.74465971452446,-34.02200970184286],[150.74465971452446,-34.03100290548011],[150.73566651088723,-34.03100290548011]]]}},{"type":"Feature","properties":{"jobs":0,"pop":796,"pointCount":4,"homeWorkCommuteMedian":23076,"workHomeCommuteMedian":-1},"geometry":{"type":"Polygon","coordinates":[[[150.73566651088723,-34.02200970184286],[150.73566651088723,-34.013016498205616],[150.74465971452446,-34.013016498205616],[150.74465971452446,-34.02200970184286],[150.73566651088723,-34.02200970184286]]]}},{"type":"Feature","properties":{"jobs":176,"pop":2015,"pointCount":7,"homeWorkCommuteMedian":38013,"workHomeCommuteMedian":53323},"geometry":{"type":"Polygon","coordinates":[[[150.73566651088723,-34.013016498205616],[150.73566651088723,-34.00402329456837],[150.74465971452446,-34.00402329456837],[150.74465971452446,-34.013016498205616],[150.73566651088723,-34.013016498205616]]]}},{"type":"Feature","properties":{"jobs":421,"pop":349,"pointCount":3,"homeWorkCommuteMedian":32865,"workHomeCommuteMedian":15505},"geometry":{"type":"Polygon","coordinates":[[[150.73566651088723,-34.00402329456837],[150.73566651088723,-33.995030090931124],[150.74465971452446,-33.995030090931124],[150.74465971452446,-34.00402329456837],[150.73566651088723,-34.00402329456837]]]}},{"type":"Feature","properties":{"jobs":0,"pop":196,"pointCount":1,"homeWorkCommuteMedian":13778,"workHomeCommuteMedian":-1},"geometry":{"type":"Polygon","coordinates":[[[150.73566651088723,-33.950064072744894],[150.73566651088723,-33.94107086910765],[150.74465971452446,-33.94107086910765],[150.74465971452446,-33.950064072744894],[150.73566651088723,-33.950064072744894]]]}},{"type":"Feature","properties":{"jobs":0,"pop":207,"pointCount":1,"homeWorkCommuteMedian":29214,"workHomeCommuteMedian":-1},"geometry":{"type":"Polygon","coordinates":[[[150.73566651088723,-33.79717961091171],[150.73566651088723,-33.788186407274466],[150.74465971452446,-33.788186407274466],[150.74465971452446,-33.79717961091171],[150.73566651088723,-33.79717961091171]]]}},{"type":"Feature","properties":{"jobs":0,"pop":290,"pointCount":1,"homeWorkCommuteMedian":48002,"workHomeCommuteMedian":-1},"geometry":{"type":"Polygon","coordinates":[[[150.73566651088723,-33.788186407274466],[150.73566651088723,-33.77919320363722],[150.74465971452446,-33.77919320363722],[150.74465971452446,-33.788186407274466],[150.73566651088723,-33.788186407274466]]]}},{"type":"Feature","properties":{"jobs":253,"pop":785,"pointCount":2,"homeWorkCommuteMedian":15195,"workHomeCommuteMedian":19102},"geometry":{"type":"Polygon","coordinates":[[[150.73566651088723,-33.77919320363722],[150.73566651088723,-33.770199999999974],[150.74465971452446,-33.770199999999974],[150.74465971452446,-33.77919320363722],[150.73566651088723,-33.77919320363722]]]}},{"type":"Feature","properties":{"jobs":1044,"pop":0,"pointCount":1,"homeWorkCommuteMedian":-1,"workHomeCommuteMedian":11681},"geometry":{"type":"Polygon","coordinates":[[[150.73566651088723,-33.770199999999974],[150.73566651088723,-33.76120679636273],[150.74465971452446,-33.76120679636273],[150.74465971452446,-33.770199999999974],[150.73566651088723,-33.770199999999974]]]}},{"type":"Feature","properties":{"jobs":151,"pop":421,"pointCount":2,"homeWorkCommuteMedian":34249,"workHomeCommuteMedian":1984},"geometry":{"type":"Polygon","coordinates":[[[150.73566651088723,-33.76120679636273],[150.73566651088723,-33.75221359272548],[150.74465971452446,-33.75221359272548],[150.74465971452446,-33.76120679636273],[150.73566651088723,-33.76120679636273]]]}},{"type":"Feature","properties":{"jobs":0,"pop":987,"pointCount":5,"homeWorkCommuteMedian":13519,"workHomeCommuteMedian":-1},"geometry":{"type":"Polygon","coordinates":[[[150.73566651088723,-33.75221359272548],[150.73566651088723,-33.743220389088236],[150.74465971452446,-33.743220389088236],[150.74465971452446,-33.75221359272548],[150.73566651088723,-33.75221359272548]]]}},{"type":"Feature","properties":{"jobs":0,"pop":1117,"pointCount":5,"homeWorkCommuteMedian":18808,"workHomeCommuteMedian":-1},"geometry":{"type":"Polygon","coordinates":[[[150.73566651088723,-33.743220389088236],[150.73566651088723,-33.73422718545099],[150.74465971452446,-33.73422718545099],[150.74465971452446,-33.743220389088236],[150.73566651088723,-33.743220389088236]]]}},{"type":"Feature","properties":{"jobs":482,"pop":458,"pointCount":2,"homeWorkCommuteMedian":6680,"workHomeCommuteMedian":22778},"geometry":{"type":"Polygon","coordinates":[[[150.73566651088723,-33.73422718545099],[150.73566651088723,-33.725233981813744],[150.74465971452446,-33.725233981813744],[150.74465971452446,-33.73422718545099],[150.73566651088723,-33.73422718545099]]]}},{"type":"Feature","properties":{"jobs":0,"pop":139,"pointCount":1,"homeWorkCommuteMedian":23784,"workHomeCommuteMedian":-1},"geometry":{"type":"Polygon","coordinates":[[[150.73566651088723,-33.7162407781765],[150.73566651088723,-33.70724757453925],[150.74465971452446,-33.70724757453925],[150.74465971452446,-33.7162407781765],[150.73566651088723,-33.7162407781765]]]}},{"type":"Feature","properties":{"jobs":373,"pop":162,"pointCount":1,"homeWorkCommuteMedian":50796,"workHomeCommuteMedian":41332},"geometry":{"type":"Polygon","coordinates":[[[150.73566651088723,-33.698254370902006],[150.73566651088723,-33.68926116726476],[150.74465971452446,-33.68926116726476],[150.74465971452446,-33.698254370902006],[150.73566651088723,-33.698254370902006]]]}},{"type":"Feature","properties":{"jobs":244,"pop":126,"pointCount":1,"homeWorkCommuteMedian":15666,"workHomeCommuteMedian":30297},"geometry":{"type":"Polygon","coordinates":[[[150.73566651088723,-33.680267963627514],[150.73566651088723,-33.67127475999027],[150.74465971452446,-33.67127475999027],[150.74465971452446,-33.680267963627514],[150.73566651088723,-33.680267963627514]]]}},{"type":"Feature","properties":{"jobs":0,"pop":69,"pointCount":1,"homeWorkCommuteMedian":62739,"workHomeCommuteMedian":-1},"geometry":{"type":"Polygon","coordinates":[[[150.73566651088723,-33.66228155635302],[150.73566651088723,-33.65328835271578],[150.74465971452446,-33.65328835271578],[150.74465971452446,-33.66228155635302],[150.73566651088723,-33.66228155635302]]]}},{"type":"Feature","properties":{"jobs":0,"pop":247,"pointCount":1,"homeWorkCommuteMedian":68984,"workHomeCommuteMedian":-1},"geometry":{"type":"Polygon","coordinates":[[[150.73566651088723,-33.65328835271578],[150.73566651088723,-33.64429514907853],[150.74465971452446,-33.64429514907853],[150.74465971452446,-33.65328835271578],[150.73566651088723,-33.65328835271578]]]}},{"type":"Feature","properties":{"jobs":2014,"pop":814,"pointCount":4,"homeWorkCommuteMedian":21248,"workHomeCommuteMedian":20539},"geometry":{"type":"Polygon","coordinates":[[[150.73566651088723,-33.60832233452955],[150.73566651088723,-33.5993291308923],[150.74465971452446,-33.5993291308923],[150.74465971452446,-33.60832233452955],[150.73566651088723,-33.60832233452955]]]}},{"type":"Feature","properties":{"jobs":451,"pop":284,"pointCount":2,"homeWorkCommuteMedian":22432,"workHomeCommuteMedian":43913},"geometry":{"type":"Polygon","coordinates":[[[150.73566651088723,-33.5993291308923],[150.73566651088723,-33.590335927255055],[150.74465971452446,-33.590335927255055],[150.74465971452446,-33.5993291308923],[150.73566651088723,-33.5993291308923]]]}},{"type":"Feature","properties":{"jobs":246,"pop":161,"pointCount":1,"homeWorkCommuteMedian":25228,"workHomeCommuteMedian":36610},"geometry":{"type":"Polygon","coordinates":[[[150.73566651088723,-33.56335631634332],[150.73566651088723,-33.55436311270607],[150.74465971452446,-33.55436311270607],[150.74465971452446,-33.56335631634332],[150.73566651088723,-33.56335631634332]]]}},{"type":"Feature","properties":{"jobs":0,"pop":176,"pointCount":1,"homeWorkCommuteMedian":17163,"workHomeCommuteMedian":-1},"geometry":{"type":"Polygon","coordinates":[[[150.73566651088723,-33.53637670543158],[150.73566651088723,-33.52738350179433],[150.74465971452446,-33.52738350179433],[150.74465971452446,-33.53637670543158],[150.73566651088723,-33.53637670543158]]]}},{"type":"Feature","properties":{"jobs":89,"pop":249,"pointCount":2,"homeWorkCommuteMedian":49061,"workHomeCommuteMedian":14989},"geometry":{"type":"Polygon","coordinates":[[[150.74465971452446,-34.07596892366634],[150.74465971452446,-34.06697572002909],[150.7536529181617,-34.06697572002909],[150.7536529181617,-34.07596892366634],[150.74465971452446,-34.07596892366634]]]}},{"type":"Feature","properties":{"jobs":0,"pop":930,"pointCount":3,"homeWorkCommuteMedian":42197,"workHomeCommuteMedian":-1},"geometry":{"type":"Polygon","coordinates":[[[150.74465971452446,-34.06697572002909],[150.74465971452446,-34.057982516391846],[150.7536529181617,-34.057982516391846],[150.7536529181617,-34.06697572002909],[150.74465971452446,-34.06697572002909]]]}},{"type":"Feature","properties":{"jobs":208,"pop":1537,"pointCount":6,"homeWorkCommuteMedian":27798,"workHomeCommuteMedian":3078},"geometry":{"type":"Polygon","coordinates":[[[150.74465971452446,-34.057982516391846],[150.74465971452446,-34.0489893127546],[150.7536529181617,-34.0489893127546],[150.7536529181617,-34.057982516391846],[150.74465971452446,-34.057982516391846]]]}},{"type":"Feature","properties":{"jobs":0,"pop":1016,"pointCount":4,"homeWorkCommuteMedian":25513,"workHomeCommuteMedian":-1},"geometry":{"type":"Polygon","coordinates":[[[150.74465971452446,-34.0489893127546],[150.74465971452446,-34.039996109117354],[150.7536529181617,-34.039996109117354],[150.7536529181617,-34.0489893127546],[150.74465971452446,-34.0489893127546]]]}},{"type":"Feature","properties":{"jobs":0,"pop":227,"pointCount":1,"homeWorkCommuteMedian":24089,"workHomeCommuteMedian":-1},"geometry":{"type":"Polygon","coordinates":[[[150.74465971452446,-34.039996109117354],[150.74465971452446,-34.03100290548011],[150.7536529181617,-34.03100290548011],[150.7536529181617,-34.039996109117354],[150.74465971452446,-34.039996109117354]]]}},{"type":"Feature","properties":{"jobs":0,"pop":805,"pointCount":4,"homeWorkCommuteMedian":10320,"workHomeCommuteMedian":-1},"geometry":{"type":"Polygon","coordinates":[[[150.74465971452446,-34.03100290548011],[150.74465971452446,-34.02200970184286],[150.7536529181617,-34.02200970184286],[150.7536529181617,-34.03100290548011],[150.74465971452446,-34.03100290548011]]]}},{"type":"Feature","properties":{"jobs":0,"pop":810,"pointCount":4,"homeWorkCommuteMedian":19118,"workHomeCommuteMedian":-1},"geometry":{"type":"Polygon","coordinates":[[[150.74465971452446,-34.02200970184286],[150.74465971452446,-34.013016498205616],[150.7536529181617,-34.013016498205616],[150.7536529181617,-34.02200970184286],[150.74465971452446,-34.02200970184286]]]}},{"type":"Feature","properties":{"jobs":50,"pop":193,"pointCount":1,"homeWorkCommuteMedian":2077,"workHomeCommuteMedian":71685},"geometry":{"type":"Polygon","coordinates":[[[150.74465971452446,-34.013016498205616],[150.74465971452446,-34.00402329456837],[150.7536529181617,-34.00402329456837],[150.7536529181617,-34.013016498205616],[150.74465971452446,-34.013016498205616]]]}},{"type":"Feature","properties":{"jobs":290,"pop":554,"pointCount":2,"homeWorkCommuteMedian":14736,"workHomeCommuteMedian":15929},"geometry":{"type":"Polygon","coordinates":[[[150.74465971452446,-34.00402329456837],[150.74465971452446,-33.995030090931124],[150.7536529181617,-33.995030090931124],[150.7536529181617,-34.00402329456837],[150.74465971452446,-34.00402329456837]]]}},{"type":"Feature","properties":{"jobs":0,"pop":321,"pointCount":1,"homeWorkCommuteMedian":31473,"workHomeCommuteMedian":-1},"geometry":{"type":"Polygon","coordinates":[[[150.74465971452446,-33.98603688729388],[150.74465971452446,-33.97704368365663],[150.7536529181617,-33.97704368365663],[150.7536529181617,-33.98603688729388],[150.74465971452446,-33.98603688729388]]]}},{"type":"Feature","properties":{"jobs":334,"pop":286,"pointCount":1,"homeWorkCommuteMedian":50284,"workHomeCommuteMedian":50760},"geometry":{"type":"Polygon","coordinates":[[[150.74465971452446,-33.9320776654704],[150.74465971452446,-33.923084461833156],[150.7536529181617,-33.923084461833156],[150.7536529181617,-33.9320776654704],[150.74465971452446,-33.9320776654704]]]}},{"type":"Feature","properties":{"jobs":124,"pop":0,"pointCount":1,"homeWorkCommuteMedian":-1,"workHomeCommuteMedian":50860},"geometry":{"type":"Polygon","coordinates":[[[150.74465971452446,-33.923084461833156],[150.74465971452446,-33.91409125819591],[150.7536529181617,-33.91409125819591],[150.7536529181617,-33.923084461833156],[150.74465971452446,-33.923084461833156]]]}},{"type":"Feature","properties":{"jobs":75,"pop":0,"pointCount":1,"homeWorkCommuteMedian":-1,"workHomeCommuteMedian":15087},"geometry":{"type":"Polygon","coordinates":[[[150.74465971452446,-33.89610485092142],[150.74465971452446,-33.88711164728417],[150.7536529181617,-33.88711164728417],[150.7536529181617,-33.89610485092142],[150.74465971452446,-33.89610485092142]]]}},{"type":"Feature","properties":{"jobs":0,"pop":180,"pointCount":1,"homeWorkCommuteMedian":25203,"workHomeCommuteMedian":-1},"geometry":{"type":"Polygon","coordinates":[[[150.74465971452446,-33.85113883273519],[150.74465971452446,-33.84214562909794],[150.7536529181617,-33.84214562909794],[150.7536529181617,-33.85113883273519],[150.74465971452446,-33.85113883273519]]]}},{"type":"Feature","properties":{"jobs":0,"pop":1240,"pointCount":6,"homeWorkCommuteMedian":22308,"workHomeCommuteMedian":-1},"geometry":{"type":"Polygon","coordinates":[[[150.74465971452446,-33.77919320363722],[150.74465971452446,-33.770199999999974],[150.7536529181617,-33.770199999999974],[150.7536529181617,-33.77919320363722],[150.74465971452446,-33.77919320363722]]]}},{"type":"Feature","properties":{"jobs":0,"pop":364,"pointCount":2,"homeWorkCommuteMedian":28299,"workHomeCommuteMedian":-1},"geometry":{"type":"Polygon","coordinates":[[[150.74465971452446,-33.770199999999974],[150.74465971452446,-33.76120679636273],[150.7536529181617,-33.76120679636273],[150.7536529181617,-33.770199999999974],[150.74465971452446,-33.770199999999974]]]}},{"type":"Feature","properties":{"jobs":0,"pop":861,"pointCount":4,"homeWorkCommuteMedian":6627,"workHomeCommuteMedian":-1},"geometry":{"type":"Polygon","coordinates":[[[150.74465971452446,-33.76120679636273],[150.74465971452446,-33.75221359272548],[150.7536529181617,-33.75221359272548],[150.7536529181617,-33.76120679636273],[150.74465971452446,-33.76120679636273]]]}},{"type":"Feature","properties":{"jobs":225,"pop":387,"pointCount":2,"homeWorkCommuteMedian":10315,"workHomeCommuteMedian":5077},"geometry":{"type":"Polygon","coordinates":[[[150.74465971452446,-33.75221359272548],[150.74465971452446,-33.743220389088236],[150.7536529181617,-33.743220389088236],[150.7536529181617,-33.75221359272548],[150.74465971452446,-33.75221359272548]]]}},{"type":"Feature","properties":{"jobs":0,"pop":681,"pointCount":4,"homeWorkCommuteMedian":16626,"workHomeCommuteMedian":-1},"geometry":{"type":"Polygon","coordinates":[[[150.74465971452446,-33.743220389088236],[150.74465971452446,-33.73422718545099],[150.7536529181617,-33.73422718545099],[150.7536529181617,-33.743220389088236],[150.74465971452446,-33.743220389088236]]]}},{"type":"Feature","properties":{"jobs":117,"pop":381,"pointCount":1,"homeWorkCommuteMedian":40694,"workHomeCommuteMedian":6306},"geometry":{"type":"Polygon","coordinates":[[[150.74465971452446,-33.73422718545099],[150.74465971452446,-33.725233981813744],[150.7536529181617,-33.725233981813744],[150.7536529181617,-33.73422718545099],[150.74465971452446,-33.73422718545099]]]}},{"type":"Feature","properties":{"jobs":126,"pop":141,"pointCount":1,"homeWorkCommuteMedian":40805,"workHomeCommuteMedian":10604},"geometry":{"type":"Polygon","coordinates":[[[150.74465971452446,-33.66228155635302],[150.74465971452446,-33.65328835271578],[150.7536529181617,-33.65328835271578],[150.7536529181617,-33.66228155635302],[150.74465971452446,-33.66228155635302]]]}},{"type":"Feature","properties":{"jobs":179,"pop":139,"pointCount":1,"homeWorkCommuteMedian":2762,"workHomeCommuteMedian":11141},"geometry":{"type":"Polygon","coordinates":[[[150.74465971452446,-33.64429514907853],[150.74465971452446,-33.635301945441284],[150.7536529181617,-33.635301945441284],[150.7536529181617,-33.64429514907853],[150.74465971452446,-33.64429514907853]]]}},{"type":"Feature","properties":{"jobs":478,"pop":812,"pointCount":4,"homeWorkCommuteMedian":17382,"workHomeCommuteMedian":44904},"geometry":{"type":"Polygon","coordinates":[[[150.74465971452446,-33.60832233452955],[150.74465971452446,-33.5993291308923],[150.7536529181617,-33.5993291308923],[150.7536529181617,-33.60832233452955],[150.74465971452446,-33.60832233452955]]]}},{"type":"Feature","properties":{"jobs":639,"pop":309,"pointCount":2,"homeWorkCommuteMedian":6282,"workHomeCommuteMedian":16134},"geometry":{"type":"Polygon","coordinates":[[[150.74465971452446,-33.5993291308923],[150.74465971452446,-33.590335927255055],[150.7536529181617,-33.590335927255055],[150.7536529181617,-33.5993291308923],[150.74465971452446,-33.5993291308923]]]}},{"type":"Feature","properties":{"jobs":0,"pop":74,"pointCount":1,"homeWorkCommuteMedian":41445,"workHomeCommuteMedian":-1},"geometry":{"type":"Polygon","coordinates":[[[150.74465971452446,-33.57234951998056],[150.74465971452446,-33.56335631634332],[150.7536529181617,-33.56335631634332],[150.7536529181617,-33.57234951998056],[150.74465971452446,-33.57234951998056]]]}},{"type":"Feature","properties":{"jobs":0,"pop":1007,"pointCount":4,"homeWorkCommuteMedian":6061,"workHomeCommuteMedian":-1},"geometry":{"type":"Polygon","coordinates":[[[150.7536529181617,-34.07596892366634],[150.7536529181617,-34.06697572002909],[150.76264612179892,-34.06697572002909],[150.76264612179892,-34.07596892366634],[150.7536529181617,-34.07596892366634]]]}},{"type":"Feature","properties":{"jobs":0,"pop":1101,"pointCount":5,"homeWorkCommuteMedian":23966,"workHomeCommuteMedian":-1},"geometry":{"type":"Polygon","coordinates":[[[150.7536529181617,-34.06697572002909],[150.7536529181617,-34.057982516391846],[150.76264612179892,-34.057982516391846],[150.76264612179892,-34.06697572002909],[150.7536529181617,-34.06697572002909]]]}},{"type":"Feature","properties":{"jobs":901,"pop":1034,"pointCount":6,"homeWorkCommuteMedian":8717,"workHomeCommuteMedian":29302},"geometry":{"type":"Polygon","coordinates":[[[150.7536529181617,-34.057982516391846],[150.7536529181617,-34.0489893127546],[150.76264612179892,-34.0489893127546],[150.76264612179892,-34.057982516391846],[150.7536529181617,-34.057982516391846]]]}},{"type":"Feature","properties":{"jobs":261,"pop":228,"pointCount":2,"homeWorkCommuteMedian":43393,"workHomeCommuteMedian":10510},"geometry":{"type":"Polygon","coordinates":[[[150.7536529181617,-34.0489893127546],[150.7536529181617,-34.039996109117354],[150.76264612179892,-34.039996109117354],[150.76264612179892,-34.0489893127546],[150.7536529181617,-34.0489893127546]]]}},{"type":"Feature","properties":{"jobs":5509,"pop":252,"pointCount":1,"homeWorkCommuteMedian":57144,"workHomeCommuteMedian":9226},"geometry":{"type":"Polygon","coordinates":[[[150.7536529181617,-34.039996109117354],[150.7536529181617,-34.03100290548011],[150.76264612179892,-34.03100290548011],[150.76264612179892,-34.039996109117354],[150.7536529181617,-34.039996109117354]]]}},{"type":"Feature","properties":{"jobs":0,"pop":262,"pointCount":1,"homeWorkCommuteMedian":55583,"workHomeCommuteMedian":-1},"geometry":{"type":"Polygon","coordinates":[[[150.7536529181617,-34.03100290548011],[150.7536529181617,-34.02200970184286],[150.76264612179892,-34.02200970184286],[150.76264612179892,-34.03100290548011],[150.7536529181617,-34.03100290548011]]]}},{"type":"Feature","properties":{"jobs":0,"pop":421,"pointCount":2,"homeWorkCommuteMedian":10803,"workHomeCommuteMedian":-1},"geometry":{"type":"Polygon","coordinates":[[[150.7536529181617,-34.02200970184286],[150.7536529181617,-34.013016498205616],[150.76264612179892,-34.013016498205616],[150.76264612179892,-34.02200970184286],[150.7536529181617,-34.02200970184286]]]}},{"type":"Feature","properties":{"jobs":0,"pop":523,"pointCount":2,"homeWorkCommuteMedian":23549,"workHomeCommuteMedian":-1},"geometry":{"type":"Polygon","coordinates":[[[150.7536529181617,-34.013016498205616],[150.7536529181617,-34.00402329456837],[150.76264612179892,-34.00402329456837],[150.76264612179892,-34.013016498205616],[150.7536529181617,-34.013016498205616]]]}},{"type":"Feature","properties":{"jobs":0,"pop":153,"pointCount":1,"homeWorkCommuteMedian":37256,"workHomeCommuteMedian":-1},"geometry":{"type":"Polygon","coordinates":[[[150.7536529181617,-33.995030090931124],[150.7536529181617,-33.98603688729388],[150.76264612179892,-33.98603688729388],[150.76264612179892,-33.995030090931124],[150.7536529181617,-33.995030090931124]]]}},{"type":"Feature","properties":{"jobs":88,"pop":236,"pointCount":1,"homeWorkCommuteMedian":14711,"workHomeCommuteMedian":7742},"geometry":{"type":"Polygon","coordinates":[[[150.7536529181617,-33.97704368365663],[150.7536529181617,-33.968050480019386],[150.76264612179892,-33.968050480019386],[150.76264612179892,-33.97704368365663],[150.7536529181617,-33.97704368365663]]]}},{"type":"Feature","properties":{"jobs":0,"pop":98,"pointCount":1,"homeWorkCommuteMedian":9269,"workHomeCommuteMedian":-1},"geometry":{"type":"Polygon","coordinates":[[[150.7536529181617,-33.94107086910765],[150.7536529181617,-33.9320776654704],[150.76264612179892,-33.9320776654704],[150.76264612179892,-33.94107086910765],[150.7536529181617,-33.94107086910765]]]}},{"type":"Feature","properties":{"jobs":0,"pop":304,"pointCount":1,"homeWorkCommuteMedian":17247,"workHomeCommuteMedian":-1},"geometry":{"type":"Polygon","coordinates":[[[150.7536529181617,-33.84214562909794],[150.7536529181617,-33.833152425460696],[150.76264612179892,-33.833152425460696],[150.76264612179892,-33.84214562909794],[150.7536529181617,-33.84214562909794]]]}},{"type":"Feature","properties":{"jobs":126,"pop":95,"pointCount":1,"homeWorkCommuteMedian":10103,"workHomeCommuteMedian":6779},"geometry":{"type":"Polygon","coordinates":[[[150.7536529181617,-33.79717961091171],[150.7536529181617,-33.788186407274466],[150.76264612179892,-33.788186407274466],[150.76264612179892,-33.79717961091171],[150.7536529181617,-33.79717961091171]]]}},{"type":"Feature","properties":{"jobs":0,"pop":553,"pointCount":1,"homeWorkCommuteMedian":18832,"workHomeCommuteMedian":-1},"geometry":{"type":"Polygon","coordinates":[[[150.7536529181617,-33.788186407274466],[150.7536529181617,-33.77919320363722],[150.76264612179892,-33.77919320363722],[150.76264612179892,-33.788186407274466],[150.7536529181617,-33.788186407274466]]]}},{"type":"Feature","properties":{"jobs":446,"pop":388,"pointCount":1,"homeWorkCommuteMedian":50278,"workHomeCommuteMedian":10042},"geometry":{"type":"Polygon","coordinates":[[[150.7536529181617,-33.77919320363722],[150.7536529181617,-33.770199999999974],[150.76264612179892,-33.770199999999974],[150.76264612179892,-33.77919320363722],[150.7536529181617,-33.77919320363722]]]}},{"type":"Feature","properties":{"jobs":308,"pop":280,"pointCount":1,"homeWorkCommuteMedian":61746,"workHomeCommuteMedian":3978},"geometry":{"type":"Polygon","coordinates":[[[150.7536529181617,-33.770199999999974],[150.7536529181617,-33.76120679636273],[150.76264612179892,-33.76120679636273],[150.76264612179892,-33.770199999999974],[150.7536529181617,-33.770199999999974]]]}},{"type":"Feature","properties":{"jobs":426,"pop":760,"pointCount":5,"homeWorkCommuteMedian":6860,"workHomeCommuteMedian":14320},"geometry":{"type":"Polygon","coordinates":[[[150.7536529181617,-33.76120679636273],[150.7536529181617,-33.75221359272548],[150.76264612179892,-33.75221359272548],[150.76264612179892,-33.76120679636273],[150.7536529181617,-33.76120679636273]]]}},{"type":"Feature","properties":{"jobs":119,"pop":131,"pointCount":1,"homeWorkCommuteMedian":31861,"workHomeCommuteMedian":748},"geometry":{"type":"Polygon","coordinates":[[[150.7536529181617,-33.75221359272548],[150.7536529181617,-33.743220389088236],[150.76264612179892,-33.743220389088236],[150.76264612179892,-33.75221359272548],[150.7536529181617,-33.75221359272548]]]}},{"type":"Feature","properties":{"jobs":0,"pop":163,"pointCount":1,"homeWorkCommuteMedian":36280,"workHomeCommuteMedian":-1},"geometry":{"type":"Polygon","coordinates":[[[150.7536529181617,-33.743220389088236],[150.7536529181617,-33.73422718545099],[150.76264612179892,-33.73422718545099],[150.76264612179892,-33.743220389088236],[150.7536529181617,-33.743220389088236]]]}},{"type":"Feature","properties":{"jobs":133,"pop":163,"pointCount":1,"homeWorkCommuteMedian":10605,"workHomeCommuteMedian":6680},"geometry":{"type":"Polygon","coordinates":[[[150.7536529181617,-33.7162407781765],[150.7536529181617,-33.70724757453925],[150.76264612179892,-33.70724757453925],[150.76264612179892,-33.7162407781765],[150.7536529181617,-33.7162407781765]]]}},{"type":"Feature","properties":{"jobs":433,"pop":0,"pointCount":1,"homeWorkCommuteMedian":-1,"workHomeCommuteMedian":21994},"geometry":{"type":"Polygon","coordinates":[[[150.7536529181617,-33.680267963627514],[150.7536529181617,-33.67127475999027],[150.76264612179892,-33.67127475999027],[150.76264612179892,-33.680267963627514],[150.7536529181617,-33.680267963627514]]]}},{"type":"Feature","properties":{"jobs":0,"pop":186,"pointCount":1,"homeWorkCommuteMedian":42548,"workHomeCommuteMedian":-1},"geometry":{"type":"Polygon","coordinates":[[[150.7536529181617,-33.66228155635302],[150.7536529181617,-33.65328835271578],[150.76264612179892,-33.65328835271578],[150.76264612179892,-33.66228155635302],[150.7536529181617,-33.66228155635302]]]}},{"type":"Feature","properties":{"jobs":355,"pop":156,"pointCount":1,"homeWorkCommuteMedian":5453,"workHomeCommuteMedian":22644},"geometry":{"type":"Polygon","coordinates":[[[150.7536529181617,-33.635301945441284],[150.7536529181617,-33.62630874180404],[150.76264612179892,-33.62630874180404],[150.76264612179892,-33.635301945441284],[150.7536529181617,-33.635301945441284]]]}},{"type":"Feature","properties":{"jobs":741,"pop":0,"pointCount":1,"homeWorkCommuteMedian":-1,"workHomeCommuteMedian":19838},"geometry":{"type":"Polygon","coordinates":[[[150.7536529181617,-33.62630874180404],[150.7536529181617,-33.61731553816679],[150.76264612179892,-33.61731553816679],[150.76264612179892,-33.62630874180404],[150.7536529181617,-33.62630874180404]]]}},{"type":"Feature","properties":{"jobs":453,"pop":347,"pointCount":2,"homeWorkCommuteMedian":7735,"workHomeCommuteMedian":18192},"geometry":{"type":"Polygon","coordinates":[[[150.7536529181617,-33.60832233452955],[150.7536529181617,-33.5993291308923],[150.76264612179892,-33.5993291308923],[150.76264612179892,-33.60832233452955],[150.7536529181617,-33.60832233452955]]]}},{"type":"Feature","properties":{"jobs":251,"pop":246,"pointCount":1,"homeWorkCommuteMedian":63760,"workHomeCommuteMedian":11068},"geometry":{"type":"Polygon","coordinates":[[[150.7536529181617,-33.5993291308923],[150.7536529181617,-33.590335927255055],[150.76264612179892,-33.590335927255055],[150.76264612179892,-33.5993291308923],[150.7536529181617,-33.5993291308923]]]}},{"type":"Feature","properties":{"jobs":584,"pop":124,"pointCount":1,"homeWorkCommuteMedian":9899,"workHomeCommuteMedian":12888},"geometry":{"type":"Polygon","coordinates":[[[150.7536529181617,-33.590335927255055],[150.7536529181617,-33.58134272361781],[150.76264612179892,-33.58134272361781],[150.76264612179892,-33.590335927255055],[150.7536529181617,-33.590335927255055]]]}},{"type":"Feature","properties":{"jobs":0,"pop":190,"pointCount":1,"homeWorkCommuteMedian":8970,"workHomeCommuteMedian":-1},"geometry":{"type":"Polygon","coordinates":[[[150.7536529181617,-33.53637670543158],[150.7536529181617,-33.52738350179433],[150.76264612179892,-33.52738350179433],[150.76264612179892,-33.53637670543158],[150.7536529181617,-33.53637670543158]]]}},{"type":"Feature","properties":{"jobs":0,"pop":199,"pointCount":1,"homeWorkCommuteMedian":9958,"workHomeCommuteMedian":-1},"geometry":{"type":"Polygon","coordinates":[[[150.7536529181617,-33.51839029815709],[150.7536529181617,-33.50939709451984],[150.76264612179892,-33.50939709451984],[150.76264612179892,-33.51839029815709],[150.7536529181617,-33.51839029815709]]]}},{"type":"Feature","properties":{"jobs":547,"pop":0,"pointCount":1,"homeWorkCommuteMedian":-1,"workHomeCommuteMedian":9870},"geometry":{"type":"Polygon","coordinates":[[[150.76264612179892,-34.07596892366634],[150.76264612179892,-34.06697572002909],[150.77163932543615,-34.06697572002909],[150.77163932543615,-34.07596892366634],[150.76264612179892,-34.07596892366634]]]}},{"type":"Feature","properties":{"jobs":0,"pop":471,"pointCount":3,"homeWorkCommuteMedian":28116,"workHomeCommuteMedian":-1},"geometry":{"type":"Polygon","coordinates":[[[150.76264612179892,-34.06697572002909],[150.76264612179892,-34.057982516391846],[150.77163932543615,-34.057982516391846],[150.77163932543615,-34.06697572002909],[150.76264612179892,-34.06697572002909]]]}},{"type":"Feature","properties":{"jobs":0,"pop":802,"pointCount":4,"homeWorkCommuteMedian":35000,"workHomeCommuteMedian":-1},"geometry":{"type":"Polygon","coordinates":[[[150.76264612179892,-34.057982516391846],[150.76264612179892,-34.0489893127546],[150.77163932543615,-34.0489893127546],[150.77163932543615,-34.057982516391846],[150.76264612179892,-34.057982516391846]]]}},{"type":"Feature","properties":{"jobs":0,"pop":1095,"pointCount":5,"homeWorkCommuteMedian":20186,"workHomeCommuteMedian":-1},"geometry":{"type":"Polygon","coordinates":[[[150.76264612179892,-34.0489893127546],[150.76264612179892,-34.039996109117354],[150.77163932543615,-34.039996109117354],[150.77163932543615,-34.0489893127546],[150.76264612179892,-34.0489893127546]]]}},{"type":"Feature","properties":{"jobs":507,"pop":502,"pointCount":2,"homeWorkCommuteMedian":5353,"workHomeCommuteMedian":14436},"geometry":{"type":"Polygon","coordinates":[[[150.76264612179892,-34.039996109117354],[150.76264612179892,-34.03100290548011],[150.77163932543615,-34.03100290548011],[150.77163932543615,-34.039996109117354],[150.76264612179892,-34.039996109117354]]]}},{"type":"Feature","properties":{"jobs":1487,"pop":406,"pointCount":3,"homeWorkCommuteMedian":25553,"workHomeCommuteMedian":10174},"geometry":{"type":"Polygon","coordinates":[[[150.76264612179892,-34.03100290548011],[150.76264612179892,-34.02200970184286],[150.77163932543615,-34.02200970184286],[150.77163932543615,-34.03100290548011],[150.76264612179892,-34.03100290548011]]]}},{"type":"Feature","properties":{"jobs":265,"pop":668,"pointCount":2,"homeWorkCommuteMedian":51724,"workHomeCommuteMedian":22198},"geometry":{"type":"Polygon","coordinates":[[[150.76264612179892,-34.02200970184286],[150.76264612179892,-34.013016498205616],[150.77163932543615,-34.013016498205616],[150.77163932543615,-34.02200970184286],[150.76264612179892,-34.02200970184286]]]}},{"type":"Feature","properties":{"jobs":0,"pop":210,"pointCount":1,"homeWorkCommuteMedian":44332,"workHomeCommuteMedian":-1},"geometry":{"type":"Polygon","coordinates":[[[150.76264612179892,-34.013016498205616],[150.76264612179892,-34.00402329456837],[150.77163932543615,-34.00402329456837],[150.77163932543615,-34.013016498205616],[150.76264612179892,-34.013016498205616]]]}},{"type":"Feature","properties":{"jobs":0,"pop":130,"pointCount":1,"homeWorkCommuteMedian":16831,"workHomeCommuteMedian":-1},"geometry":{"type":"Polygon","coordinates":[[[150.76264612179892,-34.00402329456837],[150.76264612179892,-33.995030090931124],[150.77163932543615,-33.995030090931124],[150.77163932543615,-34.00402329456837],[150.76264612179892,-34.00402329456837]]]}},{"type":"Feature","properties":{"jobs":452,"pop":128,"pointCount":1,"homeWorkCommuteMedian":17889,"workHomeCommuteMedian":18998},"geometry":{"type":"Polygon","coordinates":[[[150.76264612179892,-33.9320776654704],[150.76264612179892,-33.923084461833156],[150.77163932543615,-33.923084461833156],[150.77163932543615,-33.9320776654704],[150.76264612179892,-33.9320776654704]]]}},{"type":"Feature","properties":{"jobs":0,"pop":335,"pointCount":2,"homeWorkCommuteMedian":33314,"workHomeCommuteMedian":-1},"geometry":{"type":"Polygon","coordinates":[[[150.76264612179892,-33.80617281454896],[150.76264612179892,-33.79717961091171],[150.77163932543615,-33.79717961091171],[150.77163932543615,-33.80617281454896],[150.76264612179892,-33.80617281454896]]]}},{"type":"Feature","properties":{"jobs":0,"pop":142,"pointCount":1,"homeWorkCommuteMedian":24157,"workHomeCommuteMedian":-1},"geometry":{"type":"Polygon","coordinates":[[[150.76264612179892,-33.79717961091171],[150.76264612179892,-33.788186407274466],[150.77163932543615,-33.788186407274466],[150.77163932543615,-33.79717961091171],[150.76264612179892,-33.79717961091171]]]}},{"type":"Feature","properties":{"jobs":0,"pop":293,"pointCount":1,"homeWorkCommuteMedian":23338,"workHomeCommuteMedian":-1},"geometry":{"type":"Polygon","coordinates":[[[150.76264612179892,-33.788186407274466],[150.76264612179892,-33.77919320363722],[150.77163932543615,-33.77919320363722],[150.77163932543615,-33.788186407274466],[150.76264612179892,-33.788186407274466]]]}},{"type":"Feature","properties":{"jobs":125,"pop":957,"pointCount":4,"homeWorkCommuteMedian":8033,"workHomeCommuteMedian":4310},"geometry":{"type":"Polygon","coordinates":[[[150.76264612179892,-33.77919320363722],[150.76264612179892,-33.770199999999974],[150.77163932543615,-33.770199999999974],[150.77163932543615,-33.77919320363722],[150.76264612179892,-33.77919320363722]]]}},{"type":"Feature","properties":{"jobs":721,"pop":150,"pointCount":1,"homeWorkCommuteMedian":19347,"workHomeCommuteMedian":19329},"geometry":{"type":"Polygon","coordinates":[[[150.76264612179892,-33.770199999999974],[150.76264612179892,-33.76120679636273],[150.77163932543615,-33.76120679636273],[150.77163932543615,-33.770199999999974],[150.76264612179892,-33.770199999999974]]]}},{"type":"Feature","properties":{"jobs":474,"pop":0,"pointCount":1,"homeWorkCommuteMedian":-1,"workHomeCommuteMedian":11697},"geometry":{"type":"Polygon","coordinates":[[[150.76264612179892,-33.76120679636273],[150.76264612179892,-33.75221359272548],[150.77163932543615,-33.75221359272548],[150.77163932543615,-33.76120679636273],[150.76264612179892,-33.76120679636273]]]}},{"type":"Feature","properties":{"jobs":327,"pop":0,"pointCount":1,"homeWorkCommuteMedian":-1,"workHomeCommuteMedian":18261},"geometry":{"type":"Polygon","coordinates":[[[150.76264612179892,-33.75221359272548],[150.76264612179892,-33.743220389088236],[150.77163932543615,-33.743220389088236],[150.77163932543615,-33.75221359272548],[150.76264612179892,-33.75221359272548]]]}},{"type":"Feature","properties":{"jobs":3186,"pop":0,"pointCount":1,"homeWorkCommuteMedian":-1,"workHomeCommuteMedian":11498},"geometry":{"type":"Polygon","coordinates":[[[150.76264612179892,-33.743220389088236],[150.76264612179892,-33.73422718545099],[150.77163932543615,-33.73422718545099],[150.77163932543615,-33.743220389088236],[150.76264612179892,-33.743220389088236]]]}},{"type":"Feature","properties":{"jobs":1366,"pop":0,"pointCount":1,"homeWorkCommuteMedian":-1,"workHomeCommuteMedian":16290},"geometry":{"type":"Polygon","coordinates":[[[150.76264612179892,-33.73422718545099],[150.76264612179892,-33.725233981813744],[150.77163932543615,-33.725233981813744],[150.77163932543615,-33.73422718545099],[150.76264612179892,-33.73422718545099]]]}},{"type":"Feature","properties":{"jobs":0,"pop":202,"pointCount":1,"homeWorkCommuteMedian":60210,"workHomeCommuteMedian":-1},"geometry":{"type":"Polygon","coordinates":[[[150.76264612179892,-33.698254370902006],[150.76264612179892,-33.68926116726476],[150.77163932543615,-33.68926116726476],[150.77163932543615,-33.698254370902006],[150.76264612179892,-33.698254370902006]]]}},{"type":"Feature","properties":{"jobs":0,"pop":71,"pointCount":1,"homeWorkCommuteMedian":8852,"workHomeCommuteMedian":-1},"geometry":{"type":"Polygon","coordinates":[[[150.76264612179892,-33.64429514907853],[150.76264612179892,-33.635301945441284],[150.77163932543615,-33.635301945441284],[150.77163932543615,-33.64429514907853],[150.76264612179892,-33.64429514907853]]]}},{"type":"Feature","properties":{"jobs":205,"pop":452,"pointCount":1,"homeWorkCommuteMedian":48455,"workHomeCommuteMedian":67917},"geometry":{"type":"Polygon","coordinates":[[[150.76264612179892,-33.5993291308923],[150.76264612179892,-33.590335927255055],[150.77163932543615,-33.590335927255055],[150.77163932543615,-33.5993291308923],[150.76264612179892,-33.5993291308923]]]}},{"type":"Feature","properties":{"jobs":0,"pop":116,"pointCount":1,"homeWorkCommuteMedian":67316,"workHomeCommuteMedian":-1},"geometry":{"type":"Polygon","coordinates":[[[150.76264612179892,-33.56335631634332],[150.76264612179892,-33.55436311270607],[150.77163932543615,-33.55436311270607],[150.77163932543615,-33.56335631634332],[150.76264612179892,-33.56335631634332]]]}},{"type":"Feature","properties":{"jobs":0,"pop":176,"pointCount":1,"homeWorkCommuteMedian":56894,"workHomeCommuteMedian":-1},"geometry":{"type":"Polygon","coordinates":[[[150.76264612179892,-33.53637670543158],[150.76264612179892,-33.52738350179433],[150.77163932543615,-33.52738350179433],[150.77163932543615,-33.53637670543158],[150.76264612179892,-33.53637670543158]]]}},{"type":"Feature","properties":{"jobs":0,"pop":135,"pointCount":1,"homeWorkCommuteMedian":19954,"workHomeCommuteMedian":-1},"geometry":{"type":"Polygon","coordinates":[[[150.76264612179892,-33.52738350179433],[150.76264612179892,-33.51839029815709],[150.77163932543615,-33.51839029815709],[150.77163932543615,-33.52738350179433],[150.76264612179892,-33.52738350179433]]]}},{"type":"Feature","properties":{"jobs":0,"pop":68,"pointCount":1,"homeWorkCommuteMedian":16083,"workHomeCommuteMedian":-1},"geometry":{"type":"Polygon","coordinates":[[[150.76264612179892,-33.49141068724535],[150.76264612179892,-33.4824174836081],[150.77163932543615,-33.4824174836081],[150.77163932543615,-33.49141068724535],[150.76264612179892,-33.49141068724535]]]}},{"type":"Feature","properties":{"jobs":532,"pop":0,"pointCount":1,"homeWorkCommuteMedian":-1,"workHomeCommuteMedian":16867},"geometry":{"type":"Polygon","coordinates":[[[150.77163932543615,-34.129928145489814],[150.77163932543615,-34.12093494185257],[150.7806325290734,-34.12093494185257],[150.7806325290734,-34.129928145489814],[150.77163932543615,-34.129928145489814]]]}},{"type":"Feature","properties":{"jobs":0,"pop":225,"pointCount":1,"homeWorkCommuteMedian":16891,"workHomeCommuteMedian":-1},"geometry":{"type":"Polygon","coordinates":[[[150.77163932543615,-34.102948534578076],[150.77163932543615,-34.09395533094083],[150.7806325290734,-34.09395533094083],[150.7806325290734,-34.102948534578076],[150.77163932543615,-34.102948534578076]]]}},{"type":"Feature","properties":{"jobs":0,"pop":400,"pointCount":2,"homeWorkCommuteMedian":29138,"workHomeCommuteMedian":-1},"geometry":{"type":"Polygon","coordinates":[[[150.77163932543615,-34.09395533094083],[150.77163932543615,-34.084962127303584],[150.7806325290734,-34.084962127303584],[150.7806325290734,-34.09395533094083],[150.77163932543615,-34.09395533094083]]]}},{"type":"Feature","properties":{"jobs":0,"pop":460,"pointCount":2,"homeWorkCommuteMedian":42302,"workHomeCommuteMedian":-1},"geometry":{"type":"Polygon","coordinates":[[[150.77163932543615,-34.07596892366634],[150.77163932543615,-34.06697572002909],[150.7806325290734,-34.06697572002909],[150.7806325290734,-34.07596892366634],[150.77163932543615,-34.07596892366634]]]}},{"type":"Feature","properties":{"jobs":142,"pop":142,"pointCount":2,"homeWorkCommuteMedian":39226,"workHomeCommuteMedian":36667},"geometry":{"type":"Polygon","coordinates":[[[150.77163932543615,-34.057982516391846],[150.77163932543615,-34.0489893127546],[150.7806325290734,-34.0489893127546],[150.7806325290734,-34.057982516391846],[150.77163932543615,-34.057982516391846]]]}},{"type":"Feature","properties":{"jobs":0,"pop":881,"pointCount":3,"homeWorkCommuteMedian":11970,"workHomeCommuteMedian":-1},"geometry":{"type":"Polygon","coordinates":[[[150.77163932543615,-34.0489893127546],[150.77163932543615,-34.039996109117354],[150.7806325290734,-34.039996109117354],[150.7806325290734,-34.0489893127546],[150.77163932543615,-34.0489893127546]]]}},{"type":"Feature","properties":{"jobs":129,"pop":1066,"pointCount":3,"homeWorkCommuteMedian":8418,"workHomeCommuteMedian":17876},"geometry":{"type":"Polygon","coordinates":[[[150.77163932543615,-34.039996109117354],[150.77163932543615,-34.03100290548011],[150.7806325290734,-34.03100290548011],[150.7806325290734,-34.039996109117354],[150.77163932543615,-34.039996109117354]]]}},{"type":"Feature","properties":{"jobs":0,"pop":1783,"pointCount":7,"homeWorkCommuteMedian":31928,"workHomeCommuteMedian":-1},"geometry":{"type":"Polygon","coordinates":[[[150.77163932543615,-34.03100290548011],[150.77163932543615,-34.02200970184286],[150.7806325290734,-34.02200970184286],[150.7806325290734,-34.03100290548011],[150.77163932543615,-34.03100290548011]]]}},{"type":"Feature","properties":{"jobs":0,"pop":1012,"pointCount":7,"homeWorkCommuteMedian":43387,"workHomeCommuteMedian":-1},"geometry":{"type":"Polygon","coordinates":[[[150.77163932543615,-34.02200970184286],[150.77163932543615,-34.013016498205616],[150.7806325290734,-34.013016498205616],[150.7806325290734,-34.02200970184286],[150.77163932543615,-34.02200970184286]]]}},{"type":"Feature","properties":{"jobs":0,"pop":223,"pointCount":1,"homeWorkCommuteMedian":60184,"workHomeCommuteMedian":-1},"geometry":{"type":"Polygon","coordinates":[[[150.77163932543615,-33.995030090931124],[150.77163932543615,-33.98603688729388],[150.7806325290734,-33.98603688729388],[150.7806325290734,-33.995030090931124],[150.77163932543615,-33.995030090931124]]]}},{"type":"Feature","properties":{"jobs":270,"pop":101,"pointCount":1,"homeWorkCommuteMedian":18944,"workHomeCommuteMedian":16541},"geometry":{"type":"Polygon","coordinates":[[[150.77163932543615,-33.98603688729388],[150.77163932543615,-33.97704368365663],[150.7806325290734,-33.97704368365663],[150.7806325290734,-33.98603688729388],[150.77163932543615,-33.98603688729388]]]}},{"type":"Feature","properties":{"jobs":88,"pop":117,"pointCount":1,"homeWorkCommuteMedian":5477,"workHomeCommuteMedian":7452},"geometry":{"type":"Polygon","coordinates":[[[150.77163932543615,-33.968050480019386],[150.77163932543615,-33.95905727638214],[150.7806325290734,-33.95905727638214],[150.7806325290734,-33.968050480019386],[150.77163932543615,-33.968050480019386]]]}},{"type":"Feature","properties":{"jobs":196,"pop":132,"pointCount":1,"homeWorkCommuteMedian":42947,"workHomeCommuteMedian":8923},"geometry":{"type":"Polygon","coordinates":[[[150.77163932543615,-33.95905727638214],[150.77163932543615,-33.950064072744894],[150.7806325290734,-33.950064072744894],[150.7806325290734,-33.95905727638214],[150.77163932543615,-33.95905727638214]]]}},{"type":"Feature","properties":{"jobs":0,"pop":107,"pointCount":1,"homeWorkCommuteMedian":13560,"workHomeCommuteMedian":-1},"geometry":{"type":"Polygon","coordinates":[[[150.77163932543615,-33.950064072744894],[150.77163932543615,-33.94107086910765],[150.7806325290734,-33.94107086910765],[150.7806325290734,-33.950064072744894],[150.77163932543615,-33.950064072744894]]]}},{"type":"Feature","properties":{"jobs":253,"pop":74,"pointCount":1,"homeWorkCommuteMedian":47384,"workHomeCommuteMedian":44922},"geometry":{"type":"Polygon","coordinates":[[[150.77163932543615,-33.9320776654704],[150.77163932543615,-33.923084461833156],[150.7806325290734,-33.923084461833156],[150.7806325290734,-33.9320776654704],[150.77163932543615,-33.9320776654704]]]}},{"type":"Feature","properties":{"jobs":107,"pop":202,"pointCount":1,"homeWorkCommuteMedian":43518,"workHomeCommuteMedian":10136},"geometry":{"type":"Polygon","coordinates":[[[150.77163932543615,-33.923084461833156],[150.77163932543615,-33.91409125819591],[150.7806325290734,-33.91409125819591],[150.7806325290734,-33.923084461833156],[150.77163932543615,-33.923084461833156]]]}},{"type":"Feature","properties":{"jobs":148,"pop":154,"pointCount":1,"homeWorkCommuteMedian":29756,"workHomeCommuteMedian":20092},"geometry":{"type":"Polygon","coordinates":[[[150.77163932543615,-33.91409125819591],[150.77163932543615,-33.905098054558664],[150.7806325290734,-33.905098054558664],[150.7806325290734,-33.91409125819591],[150.77163932543615,-33.91409125819591]]]}},{"type":"Feature","properties":{"jobs":0,"pop":124,"pointCount":1,"homeWorkCommuteMedian":47899,"workHomeCommuteMedian":-1},"geometry":{"type":"Polygon","coordinates":[[[150.77163932543615,-33.905098054558664],[150.77163932543615,-33.89610485092142],[150.7806325290734,-33.89610485092142],[150.7806325290734,-33.905098054558664],[150.77163932543615,-33.905098054558664]]]}},{"type":"Feature","properties":{"jobs":0,"pop":972,"pointCount":3,"homeWorkCommuteMedian":35202,"workHomeCommuteMedian":-1},"geometry":{"type":"Polygon","coordinates":[[[150.77163932543615,-33.815166018186204],[150.77163932543615,-33.80617281454896],[150.7806325290734,-33.80617281454896],[150.7806325290734,-33.815166018186204],[150.77163932543615,-33.815166018186204]]]}},{"type":"Feature","properties":{"jobs":0,"pop":943,"pointCount":5,"homeWorkCommuteMedian":13638,"workHomeCommuteMedian":-1},"geometry":{"type":"Polygon","coordinates":[[[150.77163932543615,-33.80617281454896],[150.77163932543615,-33.79717961091171],[150.7806325290734,-33.79717961091171],[150.7806325290734,-33.80617281454896],[150.77163932543615,-33.80617281454896]]]}},{"type":"Feature","properties":{"jobs":145,"pop":1303,"pointCount":6,"homeWorkCommuteMedian":9066,"workHomeCommuteMedian":28670},"geometry":{"type":"Polygon","coordinates":[[[150.77163932543615,-33.79717961091171],[150.77163932543615,-33.788186407274466],[150.7806325290734,-33.788186407274466],[150.7806325290734,-33.79717961091171],[150.77163932543615,-33.79717961091171]]]}},{"type":"Feature","properties":{"jobs":332,"pop":884,"pointCount":5,"homeWorkCommuteMedian":48598,"workHomeCommuteMedian":62062},"geometry":{"type":"Polygon","coordinates":[[[150.77163932543615,-33.788186407274466],[150.77163932543615,-33.77919320363722],[150.7806325290734,-33.77919320363722],[150.7806325290734,-33.788186407274466],[150.77163932543615,-33.788186407274466]]]}},{"type":"Feature","properties":{"jobs":0,"pop":784,"pointCount":5,"homeWorkCommuteMedian":18259,"workHomeCommuteMedian":-1},"geometry":{"type":"Polygon","coordinates":[[[150.77163932543615,-33.77919320363722],[150.77163932543615,-33.770199999999974],[150.7806325290734,-33.770199999999974],[150.7806325290734,-33.77919320363722],[150.77163932543615,-33.77919320363722]]]}},{"type":"Feature","properties":{"jobs":900,"pop":398,"pointCount":3,"homeWorkCommuteMedian":21294,"workHomeCommuteMedian":5618},"geometry":{"type":"Polygon","coordinates":[[[150.77163932543615,-33.770199999999974],[150.77163932543615,-33.76120679636273],[150.7806325290734,-33.76120679636273],[150.7806325290734,-33.770199999999974],[150.77163932543615,-33.770199999999974]]]}},{"type":"Feature","properties":{"jobs":0,"pop":250,"pointCount":2,"homeWorkCommuteMedian":5960,"workHomeCommuteMedian":-1},"geometry":{"type":"Polygon","coordinates":[[[150.77163932543615,-33.76120679636273],[150.77163932543615,-33.75221359272548],[150.7806325290734,-33.75221359272548],[150.7806325290734,-33.76120679636273],[150.77163932543615,-33.76120679636273]]]}},{"type":"Feature","properties":{"jobs":579,"pop":178,"pointCount":2,"homeWorkCommuteMedian":8245,"workHomeCommuteMedian":19100},"geometry":{"type":"Polygon","coordinates":[[[150.77163932543615,-33.75221359272548],[150.77163932543615,-33.743220389088236],[150.7806325290734,-33.743220389088236],[150.7806325290734,-33.75221359272548],[150.77163932543615,-33.75221359272548]]]}},{"type":"Feature","properties":{"jobs":0,"pop":552,"pointCount":1,"homeWorkCommuteMedian":27321,"workHomeCommuteMedian":-1},"geometry":{"type":"Polygon","coordinates":[[[150.77163932543615,-33.73422718545099],[150.77163932543615,-33.725233981813744],[150.7806325290734,-33.725233981813744],[150.7806325290734,-33.73422718545099],[150.77163932543615,-33.73422718545099]]]}},{"type":"Feature","properties":{"jobs":440,"pop":61,"pointCount":1,"homeWorkCommuteMedian":19324,"workHomeCommuteMedian":46215},"geometry":{"type":"Polygon","coordinates":[[[150.77163932543615,-33.7162407781765],[150.77163932543615,-33.70724757453925],[150.7806325290734,-33.70724757453925],[150.7806325290734,-33.7162407781765],[150.77163932543615,-33.7162407781765]]]}},{"type":"Feature","properties":{"jobs":256,"pop":237,"pointCount":1,"homeWorkCommuteMedian":13212,"workHomeCommuteMedian":34388},"geometry":{"type":"Polygon","coordinates":[[[150.77163932543615,-33.68926116726476],[150.77163932543615,-33.680267963627514],[150.7806325290734,-33.680267963627514],[150.7806325290734,-33.68926116726476],[150.77163932543615,-33.68926116726476]]]}},{"type":"Feature","properties":{"jobs":0,"pop":79,"pointCount":1,"homeWorkCommuteMedian":34900,"workHomeCommuteMedian":-1},"geometry":{"type":"Polygon","coordinates":[[[150.77163932543615,-33.65328835271578],[150.77163932543615,-33.64429514907853],[150.7806325290734,-33.64429514907853],[150.7806325290734,-33.65328835271578],[150.77163932543615,-33.65328835271578]]]}},{"type":"Feature","properties":{"jobs":0,"pop":221,"pointCount":1,"homeWorkCommuteMedian":19674,"workHomeCommuteMedian":-1},"geometry":{"type":"Polygon","coordinates":[[[150.77163932543615,-33.64429514907853],[150.77163932543615,-33.635301945441284],[150.7806325290734,-33.635301945441284],[150.7806325290734,-33.64429514907853],[150.77163932543615,-33.64429514907853]]]}},{"type":"Feature","properties":{"jobs":93,"pop":128,"pointCount":1,"homeWorkCommuteMedian":38205,"workHomeCommuteMedian":37042},"geometry":{"type":"Polygon","coordinates":[[[150.77163932543615,-33.545369909068825],[150.77163932543615,-33.53637670543158],[150.7806325290734,-33.53637670543158],[150.7806325290734,-33.545369909068825],[150.77163932543615,-33.545369909068825]]]}},{"type":"Feature","properties":{"jobs":0,"pop":402,"pointCount":2,"homeWorkCommuteMedian":40876,"workHomeCommuteMedian":-1},"geometry":{"type":"Polygon","coordinates":[[[150.77163932543615,-33.53637670543158],[150.77163932543615,-33.52738350179433],[150.7806325290734,-33.52738350179433],[150.7806325290734,-33.53637670543158],[150.77163932543615,-33.53637670543158]]]}},{"type":"Feature","properties":{"jobs":0,"pop":206,"pointCount":1,"homeWorkCommuteMedian":18033,"workHomeCommuteMedian":-1},"geometry":{"type":"Polygon","coordinates":[[[150.77163932543615,-33.52738350179433],[150.77163932543615,-33.51839029815709],[150.7806325290734,-33.51839029815709],[150.7806325290734,-33.52738350179433],[150.77163932543615,-33.52738350179433]]]}},{"type":"Feature","properties":{"jobs":0,"pop":65,"pointCount":1,"homeWorkCommuteMedian":12181,"workHomeCommuteMedian":-1},"geometry":{"type":"Polygon","coordinates":[[[150.7806325290734,-34.12093494185257],[150.7806325290734,-34.11194173821532],[150.78962573271062,-34.11194173821532],[150.78962573271062,-34.12093494185257],[150.7806325290734,-34.12093494185257]]]}},{"type":"Feature","properties":{"jobs":0,"pop":297,"pointCount":2,"homeWorkCommuteMedian":7946,"workHomeCommuteMedian":-1},"geometry":{"type":"Polygon","coordinates":[[[150.7806325290734,-34.11194173821532],[150.7806325290734,-34.102948534578076],[150.78962573271062,-34.102948534578076],[150.78962573271062,-34.11194173821532],[150.7806325290734,-34.11194173821532]]]}},{"type":"Feature","properties":{"jobs":277,"pop":1056,"pointCount":4,"homeWorkCommuteMedian":18856,"workHomeCommuteMedian":31813},"geometry":{"type":"Polygon","coordinates":[[[150.7806325290734,-34.102948534578076],[150.7806325290734,-34.09395533094083],[150.78962573271062,-34.09395533094083],[150.78962573271062,-34.102948534578076],[150.7806325290734,-34.102948534578076]]]}},{"type":"Feature","properties":{"jobs":0,"pop":920,"pointCount":5,"homeWorkCommuteMedian":15929,"workHomeCommuteMedian":-1},"geometry":{"type":"Polygon","coordinates":[[[150.7806325290734,-34.09395533094083],[150.7806325290734,-34.084962127303584],[150.78962573271062,-34.084962127303584],[150.78962573271062,-34.09395533094083],[150.7806325290734,-34.09395533094083]]]}},{"type":"Feature","properties":{"jobs":185,"pop":365,"pointCount":2,"homeWorkCommuteMedian":42902,"workHomeCommuteMedian":51054},"geometry":{"type":"Polygon","coordinates":[[[150.7806325290734,-34.084962127303584],[150.7806325290734,-34.07596892366634],[150.78962573271062,-34.07596892366634],[150.78962573271062,-34.084962127303584],[150.7806325290734,-34.084962127303584]]]}},{"type":"Feature","properties":{"jobs":172,"pop":641,"pointCount":2,"homeWorkCommuteMedian":14659,"workHomeCommuteMedian":46145},"geometry":{"type":"Polygon","coordinates":[[[150.7806325290734,-34.07596892366634],[150.7806325290734,-34.06697572002909],[150.78962573271062,-34.06697572002909],[150.78962573271062,-34.07596892366634],[150.7806325290734,-34.07596892366634]]]}},{"type":"Feature","properties":{"jobs":0,"pop":376,"pointCount":2,"homeWorkCommuteMedian":32761,"workHomeCommuteMedian":-1},"geometry":{"type":"Polygon","coordinates":[[[150.7806325290734,-34.039996109117354],[150.7806325290734,-34.03100290548011],[150.78962573271062,-34.03100290548011],[150.78962573271062,-34.039996109117354],[150.7806325290734,-34.039996109117354]]]}},{"type":"Feature","properties":{"jobs":172,"pop":837,"pointCount":4,"homeWorkCommuteMedian":34224,"workHomeCommuteMedian":21323},"geometry":{"type":"Polygon","coordinates":[[[150.7806325290734,-34.03100290548011],[150.7806325290734,-34.02200970184286],[150.78962573271062,-34.02200970184286],[150.78962573271062,-34.03100290548011],[150.7806325290734,-34.03100290548011]]]}},{"type":"Feature","properties":{"jobs":386,"pop":413,"pointCount":2,"homeWorkCommuteMedian":17910,"workHomeCommuteMedian":8256},"geometry":{"type":"Polygon","coordinates":[[[150.7806325290734,-34.02200970184286],[150.7806325290734,-34.013016498205616],[150.78962573271062,-34.013016498205616],[150.78962573271062,-34.02200970184286],[150.7806325290734,-34.02200970184286]]]}},{"type":"Feature","properties":{"jobs":317,"pop":449,"pointCount":2,"homeWorkCommuteMedian":44565,"workHomeCommuteMedian":31575},"geometry":{"type":"Polygon","coordinates":[[[150.7806325290734,-34.013016498205616],[150.7806325290734,-34.00402329456837],[150.78962573271062,-34.00402329456837],[150.78962573271062,-34.013016498205616],[150.7806325290734,-34.013016498205616]]]}},{"type":"Feature","properties":{"jobs":0,"pop":122,"pointCount":1,"homeWorkCommuteMedian":42595,"workHomeCommuteMedian":-1},"geometry":{"type":"Polygon","coordinates":[[[150.7806325290734,-33.97704368365663],[150.7806325290734,-33.968050480019386],[150.78962573271062,-33.968050480019386],[150.78962573271062,-33.97704368365663],[150.7806325290734,-33.97704368365663]]]}},{"type":"Feature","properties":{"jobs":0,"pop":233,"pointCount":1,"homeWorkCommuteMedian":48117,"workHomeCommuteMedian":-1},"geometry":{"type":"Polygon","coordinates":[[[150.7806325290734,-33.88711164728417],[150.7806325290734,-33.878118443646926],[150.78962573271062,-33.878118443646926],[150.78962573271062,-33.88711164728417],[150.7806325290734,-33.88711164728417]]]}},{"type":"Feature","properties":{"jobs":703,"pop":95,"pointCount":1,"homeWorkCommuteMedian":24260,"workHomeCommuteMedian":36410},"geometry":{"type":"Polygon","coordinates":[[[150.7806325290734,-33.860132036372434],[150.7806325290734,-33.85113883273519],[150.78962573271062,-33.85113883273519],[150.78962573271062,-33.860132036372434],[150.7806325290734,-33.860132036372434]]]}},{"type":"Feature","properties":{"jobs":0,"pop":454,"pointCount":2,"homeWorkCommuteMedian":25406,"workHomeCommuteMedian":-1},"geometry":{"type":"Polygon","coordinates":[[[150.7806325290734,-33.815166018186204],[150.7806325290734,-33.80617281454896],[150.78962573271062,-33.80617281454896],[150.78962573271062,-33.815166018186204],[150.7806325290734,-33.815166018186204]]]}},{"type":"Feature","properties":{"jobs":685,"pop":1114,"pointCount":5,"homeWorkCommuteMedian":13406,"workHomeCommuteMedian":3097},"geometry":{"type":"Polygon","coordinates":[[[150.7806325290734,-33.80617281454896],[150.7806325290734,-33.79717961091171],[150.78962573271062,-33.79717961091171],[150.78962573271062,-33.80617281454896],[150.7806325290734,-33.80617281454896]]]}},{"type":"Feature","properties":{"jobs":478,"pop":634,"pointCount":5,"homeWorkCommuteMedian":12553,"workHomeCommuteMedian":9862},"geometry":{"type":"Polygon","coordinates":[[[150.7806325290734,-33.79717961091171],[150.7806325290734,-33.788186407274466],[150.78962573271062,-33.788186407274466],[150.78962573271062,-33.79717961091171],[150.7806325290734,-33.79717961091171]]]}},{"type":"Feature","properties":{"jobs":0,"pop":785,"pointCount":4,"homeWorkCommuteMedian":18627,"workHomeCommuteMedian":-1},"geometry":{"type":"Polygon","coordinates":[[[150.7806325290734,-33.788186407274466],[150.7806325290734,-33.77919320363722],[150.78962573271062,-33.77919320363722],[150.78962573271062,-33.788186407274466],[150.7806325290734,-33.788186407274466]]]}},{"type":"Feature","properties":{"jobs":0,"pop":1106,"pointCount":5,"homeWorkCommuteMedian":7272,"workHomeCommuteMedian":-1},"geometry":{"type":"Polygon","coordinates":[[[150.7806325290734,-33.77919320363722],[150.7806325290734,-33.770199999999974],[150.78962573271062,-33.770199999999974],[150.78962573271062,-33.77919320363722],[150.7806325290734,-33.77919320363722]]]}},{"type":"Feature","properties":{"jobs":1301,"pop":893,"pointCount":2,"homeWorkCommuteMedian":16388,"workHomeCommuteMedian":10605},"geometry":{"type":"Polygon","coordinates":[[[150.7806325290734,-33.770199999999974],[150.7806325290734,-33.76120679636273],[150.78962573271062,-33.76120679636273],[150.78962573271062,-33.770199999999974],[150.7806325290734,-33.770199999999974]]]}},{"type":"Feature","properties":{"jobs":69,"pop":487,"pointCount":3,"homeWorkCommuteMedian":17520,"workHomeCommuteMedian":10902},"geometry":{"type":"Polygon","coordinates":[[[150.7806325290734,-33.76120679636273],[150.7806325290734,-33.75221359272548],[150.78962573271062,-33.75221359272548],[150.78962573271062,-33.76120679636273],[150.7806325290734,-33.76120679636273]]]}},{"type":"Feature","properties":{"jobs":313,"pop":162,"pointCount":2,"homeWorkCommuteMedian":25981,"workHomeCommuteMedian":28118},"geometry":{"type":"Polygon","coordinates":[[[150.7806325290734,-33.75221359272548],[150.7806325290734,-33.743220389088236],[150.78962573271062,-33.743220389088236],[150.78962573271062,-33.75221359272548],[150.7806325290734,-33.75221359272548]]]}},{"type":"Feature","properties":{"jobs":0,"pop":924,"pointCount":3,"homeWorkCommuteMedian":16310,"workHomeCommuteMedian":-1},"geometry":{"type":"Polygon","coordinates":[[[150.7806325290734,-33.743220389088236],[150.7806325290734,-33.73422718545099],[150.78962573271062,-33.73422718545099],[150.78962573271062,-33.743220389088236],[150.7806325290734,-33.743220389088236]]]}},{"type":"Feature","properties":{"jobs":0,"pop":1526,"pointCount":4,"homeWorkCommuteMedian":20587,"workHomeCommuteMedian":-1},"geometry":{"type":"Polygon","coordinates":[[[150.7806325290734,-33.73422718545099],[150.7806325290734,-33.725233981813744],[150.78962573271062,-33.725233981813744],[150.78962573271062,-33.73422718545099],[150.7806325290734,-33.73422718545099]]]}},{"type":"Feature","properties":{"jobs":0,"pop":530,"pointCount":2,"homeWorkCommuteMedian":29937,"workHomeCommuteMedian":-1},"geometry":{"type":"Polygon","coordinates":[[[150.7806325290734,-33.725233981813744],[150.7806325290734,-33.7162407781765],[150.78962573271062,-33.7162407781765],[150.78962573271062,-33.725233981813744],[150.7806325290734,-33.725233981813744]]]}},{"type":"Feature","properties":{"jobs":74,"pop":0,"pointCount":1,"homeWorkCommuteMedian":-1,"workHomeCommuteMedian":47384},"geometry":{"type":"Polygon","coordinates":[[[150.7806325290734,-33.65328835271578],[150.7806325290734,-33.64429514907853],[150.78962573271062,-33.64429514907853],[150.78962573271062,-33.65328835271578],[150.7806325290734,-33.65328835271578]]]}},{"type":"Feature","properties":{"jobs":0,"pop":204,"pointCount":1,"homeWorkCommuteMedian":30610,"workHomeCommuteMedian":-1},"geometry":{"type":"Polygon","coordinates":[[[150.7806325290734,-33.64429514907853],[150.7806325290734,-33.635301945441284],[150.78962573271062,-33.635301945441284],[150.78962573271062,-33.64429514907853],[150.7806325290734,-33.64429514907853]]]}},{"type":"Feature","properties":{"jobs":505,"pop":108,"pointCount":1,"homeWorkCommuteMedian":57716,"workHomeCommuteMedian":19518},"geometry":{"type":"Polygon","coordinates":[[[150.7806325290734,-33.635301945441284],[150.7806325290734,-33.62630874180404],[150.78962573271062,-33.62630874180404],[150.78962573271062,-33.635301945441284],[150.7806325290734,-33.635301945441284]]]}},{"type":"Feature","properties":{"jobs":498,"pop":56,"pointCount":1,"homeWorkCommuteMedian":26535,"workHomeCommuteMedian":16661},"geometry":{"type":"Polygon","coordinates":[[[150.7806325290734,-33.61731553816679],[150.7806325290734,-33.60832233452955],[150.78962573271062,-33.60832233452955],[150.78962573271062,-33.61731553816679],[150.7806325290734,-33.61731553816679]]]}},{"type":"Feature","properties":{"jobs":1614,"pop":170,"pointCount":1,"homeWorkCommuteMedian":4040,"workHomeCommuteMedian":21081},"geometry":{"type":"Polygon","coordinates":[[[150.7806325290734,-33.60832233452955],[150.7806325290734,-33.5993291308923],[150.78962573271062,-33.5993291308923],[150.78962573271062,-33.60832233452955],[150.7806325290734,-33.60832233452955]]]}},{"type":"Feature","properties":{"jobs":0,"pop":156,"pointCount":1,"homeWorkCommuteMedian":62935,"workHomeCommuteMedian":-1},"geometry":{"type":"Polygon","coordinates":[[[150.7806325290734,-33.57234951998056],[150.7806325290734,-33.56335631634332],[150.78962573271062,-33.56335631634332],[150.78962573271062,-33.57234951998056],[150.7806325290734,-33.57234951998056]]]}},{"type":"Feature","properties":{"jobs":0,"pop":92,"pointCount":1,"homeWorkCommuteMedian":18863,"workHomeCommuteMedian":-1},"geometry":{"type":"Polygon","coordinates":[[[150.7806325290734,-33.51839029815709],[150.7806325290734,-33.50939709451984],[150.78962573271062,-33.50939709451984],[150.78962573271062,-33.51839029815709],[150.7806325290734,-33.51839029815709]]]}},{"type":"Feature","properties":{"jobs":104,"pop":334,"pointCount":3,"homeWorkCommuteMedian":7157,"workHomeCommuteMedian":4838},"geometry":{"type":"Polygon","coordinates":[[[150.78962573271062,-34.12093494185257],[150.78962573271062,-34.11194173821532],[150.79861893634785,-34.11194173821532],[150.79861893634785,-34.12093494185257],[150.78962573271062,-34.12093494185257]]]}},{"type":"Feature","properties":{"jobs":0,"pop":1110,"pointCount":5,"homeWorkCommuteMedian":6940,"workHomeCommuteMedian":-1},"geometry":{"type":"Polygon","coordinates":[[[150.78962573271062,-34.11194173821532],[150.78962573271062,-34.102948534578076],[150.79861893634785,-34.102948534578076],[150.79861893634785,-34.11194173821532],[150.78962573271062,-34.11194173821532]]]}},{"type":"Feature","properties":{"jobs":407,"pop":728,"pointCount":5,"homeWorkCommuteMedian":57117,"workHomeCommuteMedian":10194},"geometry":{"type":"Polygon","coordinates":[[[150.78962573271062,-34.102948534578076],[150.78962573271062,-34.09395533094083],[150.79861893634785,-34.09395533094083],[150.79861893634785,-34.102948534578076],[150.78962573271062,-34.102948534578076]]]}},{"type":"Feature","properties":{"jobs":0,"pop":742,"pointCount":4,"homeWorkCommuteMedian":42599,"workHomeCommuteMedian":-1},"geometry":{"type":"Polygon","coordinates":[[[150.78962573271062,-34.09395533094083],[150.78962573271062,-34.084962127303584],[150.79861893634785,-34.084962127303584],[150.79861893634785,-34.09395533094083],[150.78962573271062,-34.09395533094083]]]}},{"type":"Feature","properties":{"jobs":823,"pop":783,"pointCount":4,"homeWorkCommuteMedian":18263,"workHomeCommuteMedian":18359},"geometry":{"type":"Polygon","coordinates":[[[150.78962573271062,-34.084962127303584],[150.78962573271062,-34.07596892366634],[150.79861893634785,-34.07596892366634],[150.79861893634785,-34.084962127303584],[150.78962573271062,-34.084962127303584]]]}},{"type":"Feature","properties":{"jobs":6813,"pop":508,"pointCount":4,"homeWorkCommuteMedian":32062,"workHomeCommuteMedian":9602},"geometry":{"type":"Polygon","coordinates":[[[150.78962573271062,-34.07596892366634],[150.78962573271062,-34.06697572002909],[150.79861893634785,-34.06697572002909],[150.79861893634785,-34.07596892366634],[150.78962573271062,-34.07596892366634]]]}},{"type":"Feature","properties":{"jobs":457,"pop":346,"pointCount":2,"homeWorkCommuteMedian":37322,"workHomeCommuteMedian":7946},"geometry":{"type":"Polygon","coordinates":[[[150.78962573271062,-34.06697572002909],[150.78962573271062,-34.057982516391846],[150.79861893634785,-34.057982516391846],[150.79861893634785,-34.06697572002909],[150.78962573271062,-34.06697572002909]]]}},{"type":"Feature","properties":{"jobs":142,"pop":0,"pointCount":1,"homeWorkCommuteMedian":-1,"workHomeCommuteMedian":17129},"geometry":{"type":"Polygon","coordinates":[[[150.78962573271062,-34.02200970184286],[150.78962573271062,-34.013016498205616],[150.79861893634785,-34.013016498205616],[150.79861893634785,-34.02200970184286],[150.78962573271062,-34.02200970184286]]]}},{"type":"Feature","properties":{"jobs":136,"pop":198,"pointCount":1,"homeWorkCommuteMedian":30520,"workHomeCommuteMedian":32233},"geometry":{"type":"Polygon","coordinates":[[[150.78962573271062,-34.013016498205616],[150.78962573271062,-34.00402329456837],[150.79861893634785,-34.00402329456837],[150.79861893634785,-34.013016498205616],[150.78962573271062,-34.013016498205616]]]}},{"type":"Feature","properties":{"jobs":0,"pop":150,"pointCount":1,"homeWorkCommuteMedian":16626,"workHomeCommuteMedian":-1},"geometry":{"type":"Polygon","coordinates":[[[150.78962573271062,-34.00402329456837],[150.78962573271062,-33.995030090931124],[150.79861893634785,-33.995030090931124],[150.79861893634785,-34.00402329456837],[150.78962573271062,-34.00402329456837]]]}},{"type":"Feature","properties":{"jobs":154,"pop":700,"pointCount":3,"homeWorkCommuteMedian":14354,"workHomeCommuteMedian":18591},"geometry":{"type":"Polygon","coordinates":[[[150.78962573271062,-33.995030090931124],[150.78962573271062,-33.98603688729388],[150.79861893634785,-33.98603688729388],[150.79861893634785,-33.995030090931124],[150.78962573271062,-33.995030090931124]]]}},{"type":"Feature","properties":{"jobs":0,"pop":135,"pointCount":1,"homeWorkCommuteMedian":47142,"workHomeCommuteMedian":-1},"geometry":{"type":"Polygon","coordinates":[[[150.78962573271062,-33.97704368365663],[150.78962573271062,-33.968050480019386],[150.79861893634785,-33.968050480019386],[150.79861893634785,-33.97704368365663],[150.78962573271062,-33.97704368365663]]]}},{"type":"Feature","properties":{"jobs":0,"pop":50,"pointCount":1,"homeWorkCommuteMedian":39236,"workHomeCommuteMedian":-1},"geometry":{"type":"Polygon","coordinates":[[[150.78962573271062,-33.968050480019386],[150.78962573271062,-33.95905727638214],[150.79861893634785,-33.95905727638214],[150.79861893634785,-33.968050480019386],[150.78962573271062,-33.968050480019386]]]}},{"type":"Feature","properties":{"jobs":120,"pop":573,"pointCount":2,"homeWorkCommuteMedian":37156,"workHomeCommuteMedian":32832},"geometry":{"type":"Polygon","coordinates":[[[150.78962573271062,-33.950064072744894],[150.78962573271062,-33.94107086910765],[150.79861893634785,-33.94107086910765],[150.79861893634785,-33.950064072744894],[150.78962573271062,-33.950064072744894]]]}},{"type":"Feature","properties":{"jobs":371,"pop":210,"pointCount":1,"homeWorkCommuteMedian":20191,"workHomeCommuteMedian":25203},"geometry":{"type":"Polygon","coordinates":[[[150.78962573271062,-33.94107086910765],[150.78962573271062,-33.9320776654704],[150.79861893634785,-33.9320776654704],[150.79861893634785,-33.94107086910765],[150.78962573271062,-33.94107086910765]]]}},{"type":"Feature","properties":{"jobs":354,"pop":61,"pointCount":1,"homeWorkCommuteMedian":46530,"workHomeCommuteMedian":19306},"geometry":{"type":"Polygon","coordinates":[[[150.78962573271062,-33.9320776654704],[150.78962573271062,-33.923084461833156],[150.79861893634785,-33.923084461833156],[150.79861893634785,-33.9320776654704],[150.78962573271062,-33.9320776654704]]]}},{"type":"Feature","properties":{"jobs":0,"pop":65,"pointCount":1,"homeWorkCommuteMedian":5171,"workHomeCommuteMedian":-1},"geometry":{"type":"Polygon","coordinates":[[[150.78962573271062,-33.91409125819591],[150.78962573271062,-33.905098054558664],[150.79861893634785,-33.905098054558664],[150.79861893634785,-33.91409125819591],[150.78962573271062,-33.91409125819591]]]}},{"type":"Feature","properties":{"jobs":7387,"pop":0,"pointCount":1,"homeWorkCommuteMedian":-1,"workHomeCommuteMedian":20605},"geometry":{"type":"Polygon","coordinates":[[[150.78962573271062,-33.82415922182345],[150.78962573271062,-33.815166018186204],[150.79861893634785,-33.815166018186204],[150.79861893634785,-33.82415922182345],[150.78962573271062,-33.82415922182345]]]}},{"type":"Feature","properties":{"jobs":0,"pop":563,"pointCount":3,"homeWorkCommuteMedian":21914,"workHomeCommuteMedian":-1},"geometry":{"type":"Polygon","coordinates":[[[150.78962573271062,-33.815166018186204],[150.78962573271062,-33.80617281454896],[150.79861893634785,-33.80617281454896],[150.79861893634785,-33.815166018186204],[150.78962573271062,-33.815166018186204]]]}},{"type":"Feature","properties":{"jobs":288,"pop":1052,"pointCount":4,"homeWorkCommuteMedian":16913,"workHomeCommuteMedian":40515},"geometry":{"type":"Polygon","coordinates":[[[150.78962573271062,-33.80617281454896],[150.78962573271062,-33.79717961091171],[150.79861893634785,-33.79717961091171],[150.79861893634785,-33.80617281454896],[150.78962573271062,-33.80617281454896]]]}},{"type":"Feature","properties":{"jobs":0,"pop":1247,"pointCount":5,"homeWorkCommuteMedian":22464,"workHomeCommuteMedian":-1},"geometry":{"type":"Polygon","coordinates":[[[150.78962573271062,-33.79717961091171],[150.78962573271062,-33.788186407274466],[150.79861893634785,-33.788186407274466],[150.79861893634785,-33.79717961091171],[150.78962573271062,-33.79717961091171]]]}},{"type":"Feature","properties":{"jobs":0,"pop":1230,"pointCount":5,"homeWorkCommuteMedian":23688,"workHomeCommuteMedian":-1},"geometry":{"type":"Polygon","coordinates":[[[150.78962573271062,-33.788186407274466],[150.78962573271062,-33.77919320363722],[150.79861893634785,-33.77919320363722],[150.79861893634785,-33.788186407274466],[150.78962573271062,-33.788186407274466]]]}},{"type":"Feature","properties":{"jobs":573,"pop":1097,"pointCount":4,"homeWorkCommuteMedian":11664,"workHomeCommuteMedian":25452},"geometry":{"type":"Polygon","coordinates":[[[150.78962573271062,-33.77919320363722],[150.78962573271062,-33.770199999999974],[150.79861893634785,-33.770199999999974],[150.79861893634785,-33.77919320363722],[150.78962573271062,-33.77919320363722]]]}},{"type":"Feature","properties":{"jobs":138,"pop":704,"pointCount":2,"homeWorkCommuteMedian":23177,"workHomeCommuteMedian":5500},"geometry":{"type":"Polygon","coordinates":[[[150.78962573271062,-33.770199999999974],[150.78962573271062,-33.76120679636273],[150.79861893634785,-33.76120679636273],[150.79861893634785,-33.770199999999974],[150.78962573271062,-33.770199999999974]]]}},{"type":"Feature","properties":{"jobs":793,"pop":145,"pointCount":2,"homeWorkCommuteMedian":7297,"workHomeCommuteMedian":13212},"geometry":{"type":"Polygon","coordinates":[[[150.78962573271062,-33.76120679636273],[150.78962573271062,-33.75221359272548],[150.79861893634785,-33.75221359272548],[150.79861893634785,-33.76120679636273],[150.78962573271062,-33.76120679636273]]]}},{"type":"Feature","properties":{"jobs":87,"pop":395,"pointCount":5,"homeWorkCommuteMedian":4513,"workHomeCommuteMedian":3097},"geometry":{"type":"Polygon","coordinates":[[[150.78962573271062,-33.75221359272548],[150.78962573271062,-33.743220389088236],[150.79861893634785,-33.743220389088236],[150.79861893634785,-33.75221359272548],[150.78962573271062,-33.75221359272548]]]}},{"type":"Feature","properties":{"jobs":0,"pop":593,"pointCount":4,"homeWorkCommuteMedian":11036,"workHomeCommuteMedian":-1},"geometry":{"type":"Polygon","coordinates":[[[150.78962573271062,-33.743220389088236],[150.78962573271062,-33.73422718545099],[150.79861893634785,-33.73422718545099],[150.79861893634785,-33.743220389088236],[150.78962573271062,-33.743220389088236]]]}},{"type":"Feature","properties":{"jobs":86,"pop":169,"pointCount":3,"homeWorkCommuteMedian":5006,"workHomeCommuteMedian":36619},"geometry":{"type":"Polygon","coordinates":[[[150.78962573271062,-33.73422718545099],[150.78962573271062,-33.725233981813744],[150.79861893634785,-33.725233981813744],[150.79861893634785,-33.73422718545099],[150.78962573271062,-33.73422718545099]]]}},{"type":"Feature","properties":{"jobs":0,"pop":173,"pointCount":2,"homeWorkCommuteMedian":33644,"workHomeCommuteMedian":-1},"geometry":{"type":"Polygon","coordinates":[[[150.78962573271062,-33.725233981813744],[150.78962573271062,-33.7162407781765],[150.79861893634785,-33.7162407781765],[150.79861893634785,-33.725233981813744],[150.78962573271062,-33.725233981813744]]]}},{"type":"Feature","properties":{"jobs":251,"pop":204,"pointCount":1,"homeWorkCommuteMedian":53877,"workHomeCommuteMedian":20783},"geometry":{"type":"Polygon","coordinates":[[[150.78962573271062,-33.67127475999027],[150.78962573271062,-33.66228155635302],[150.79861893634785,-33.66228155635302],[150.79861893634785,-33.67127475999027],[150.78962573271062,-33.67127475999027]]]}},{"type":"Feature","properties":{"jobs":0,"pop":531,"pointCount":3,"homeWorkCommuteMedian":16902,"workHomeCommuteMedian":-1},"geometry":{"type":"Polygon","coordinates":[[[150.78962573271062,-33.64429514907853],[150.78962573271062,-33.635301945441284],[150.79861893634785,-33.635301945441284],[150.79861893634785,-33.64429514907853],[150.78962573271062,-33.64429514907853]]]}},{"type":"Feature","properties":{"jobs":0,"pop":579,"pointCount":4,"homeWorkCommuteMedian":8786,"workHomeCommuteMedian":-1},"geometry":{"type":"Polygon","coordinates":[[[150.78962573271062,-33.635301945441284],[150.78962573271062,-33.62630874180404],[150.79861893634785,-33.62630874180404],[150.79861893634785,-33.635301945441284],[150.78962573271062,-33.635301945441284]]]}},{"type":"Feature","properties":{"jobs":0,"pop":385,"pointCount":2,"homeWorkCommuteMedian":34472,"workHomeCommuteMedian":-1},"geometry":{"type":"Polygon","coordinates":[[[150.78962573271062,-33.56335631634332],[150.78962573271062,-33.55436311270607],[150.79861893634785,-33.55436311270607],[150.79861893634785,-33.56335631634332],[150.78962573271062,-33.56335631634332]]]}},{"type":"Feature","properties":{"jobs":0,"pop":758,"pointCount":3,"homeWorkCommuteMedian":7580,"workHomeCommuteMedian":-1},"geometry":{"type":"Polygon","coordinates":[[[150.79861893634785,-34.12093494185257],[150.79861893634785,-34.11194173821532],[150.80761213998508,-34.11194173821532],[150.80761213998508,-34.12093494185257],[150.79861893634785,-34.12093494185257]]]}},{"type":"Feature","properties":{"jobs":0,"pop":802,"pointCount":3,"homeWorkCommuteMedian":38277,"workHomeCommuteMedian":-1},"geometry":{"type":"Polygon","coordinates":[[[150.79861893634785,-34.11194173821532],[150.79861893634785,-34.102948534578076],[150.80761213998508,-34.102948534578076],[150.80761213998508,-34.11194173821532],[150.79861893634785,-34.11194173821532]]]}},{"type":"Feature","properties":{"jobs":598,"pop":690,"pointCount":5,"homeWorkCommuteMedian":27312,"workHomeCommuteMedian":6418},"geometry":{"type":"Polygon","coordinates":[[[150.79861893634785,-34.102948534578076],[150.79861893634785,-34.09395533094083],[150.80761213998508,-34.09395533094083],[150.80761213998508,-34.102948534578076],[150.79861893634785,-34.102948534578076]]]}},{"type":"Feature","properties":{"jobs":0,"pop":559,"pointCount":4,"homeWorkCommuteMedian":9445,"workHomeCommuteMedian":-1},"geometry":{"type":"Polygon","coordinates":[[[150.79861893634785,-34.09395533094083],[150.79861893634785,-34.084962127303584],[150.80761213998508,-34.084962127303584],[150.80761213998508,-34.09395533094083],[150.79861893634785,-34.09395533094083]]]}},{"type":"Feature","properties":{"jobs":2335,"pop":703,"pointCount":4,"homeWorkCommuteMedian":29084,"workHomeCommuteMedian":11374},"geometry":{"type":"Polygon","coordinates":[[[150.79861893634785,-34.084962127303584],[150.79861893634785,-34.07596892366634],[150.80761213998508,-34.07596892366634],[150.80761213998508,-34.084962127303584],[150.79861893634785,-34.084962127303584]]]}},{"type":"Feature","properties":{"jobs":1557,"pop":198,"pointCount":3,"homeWorkCommuteMedian":7201,"workHomeCommuteMedian":39207},"geometry":{"type":"Polygon","coordinates":[[[150.79861893634785,-34.07596892366634],[150.79861893634785,-34.06697572002909],[150.80761213998508,-34.06697572002909],[150.80761213998508,-34.07596892366634],[150.79861893634785,-34.07596892366634]]]}},{"type":"Feature","properties":{"jobs":2215,"pop":1168,"pointCount":4,"homeWorkCommuteMedian":32350,"workHomeCommuteMedian":9110},"geometry":{"type":"Polygon","coordinates":[[[150.79861893634785,-34.06697572002909],[150.79861893634785,-34.057982516391846],[150.80761213998508,-34.057982516391846],[150.80761213998508,-34.06697572002909],[150.79861893634785,-34.06697572002909]]]}},{"type":"Feature","properties":{"jobs":0,"pop":143,"pointCount":1,"homeWorkCommuteMedian":8471,"workHomeCommuteMedian":-1},"geometry":{"type":"Polygon","coordinates":[[[150.79861893634785,-34.057982516391846],[150.79861893634785,-34.0489893127546],[150.80761213998508,-34.0489893127546],[150.80761213998508,-34.057982516391846],[150.79861893634785,-34.057982516391846]]]}},{"type":"Feature","properties":{"jobs":0,"pop":557,"pointCount":4,"homeWorkCommuteMedian":22576,"workHomeCommuteMedian":-1},"geometry":{"type":"Polygon","coordinates":[[[150.79861893634785,-34.0489893127546],[150.79861893634785,-34.039996109117354],[150.80761213998508,-34.039996109117354],[150.80761213998508,-34.0489893127546],[150.79861893634785,-34.0489893127546]]]}},{"type":"Feature","properties":{"jobs":0,"pop":376,"pointCount":2,"homeWorkCommuteMedian":39895,"workHomeCommuteMedian":-1},"geometry":{"type":"Polygon","coordinates":[[[150.79861893634785,-34.039996109117354],[150.79861893634785,-34.03100290548011],[150.80761213998508,-34.03100290548011],[150.80761213998508,-34.039996109117354],[150.79861893634785,-34.039996109117354]]]}},{"type":"Feature","properties":{"jobs":0,"pop":596,"pointCount":3,"homeWorkCommuteMedian":28794,"workHomeCommuteMedian":-1},"geometry":{"type":"Polygon","coordinates":[[[150.79861893634785,-34.03100290548011],[150.79861893634785,-34.02200970184286],[150.80761213998508,-34.02200970184286],[150.80761213998508,-34.03100290548011],[150.79861893634785,-34.03100290548011]]]}},{"type":"Feature","properties":{"jobs":0,"pop":622,"pointCount":3,"homeWorkCommuteMedian":16277,"workHomeCommuteMedian":-1},"geometry":{"type":"Polygon","coordinates":[[[150.79861893634785,-34.02200970184286],[150.79861893634785,-34.013016498205616],[150.80761213998508,-34.013016498205616],[150.80761213998508,-34.02200970184286],[150.79861893634785,-34.02200970184286]]]}},{"type":"Feature","properties":{"jobs":0,"pop":504,"pointCount":3,"homeWorkCommuteMedian":14436,"workHomeCommuteMedian":-1},"geometry":{"type":"Polygon","coordinates":[[[150.79861893634785,-33.995030090931124],[150.79861893634785,-33.98603688729388],[150.80761213998508,-33.98603688729388],[150.80761213998508,-33.995030090931124],[150.79861893634785,-33.995030090931124]]]}},{"type":"Feature","properties":{"jobs":0,"pop":1045,"pointCount":4,"homeWorkCommuteMedian":27734,"workHomeCommuteMedian":-1},"geometry":{"type":"Polygon","coordinates":[[[150.79861893634785,-33.98603688729388],[150.79861893634785,-33.97704368365663],[150.80761213998508,-33.97704368365663],[150.80761213998508,-33.98603688729388],[150.79861893634785,-33.98603688729388]]]}},{"type":"Feature","properties":{"jobs":0,"pop":169,"pointCount":1,"homeWorkCommuteMedian":41174,"workHomeCommuteMedian":-1},"geometry":{"type":"Polygon","coordinates":[[[150.79861893634785,-33.97704368365663],[150.79861893634785,-33.968050480019386],[150.80761213998508,-33.968050480019386],[150.80761213998508,-33.97704368365663],[150.79861893634785,-33.97704368365663]]]}},{"type":"Feature","properties":{"jobs":288,"pop":0,"pointCount":1,"homeWorkCommuteMedian":-1,"workHomeCommuteMedian":29493},"geometry":{"type":"Polygon","coordinates":[[[150.79861893634785,-33.95905727638214],[150.79861893634785,-33.950064072744894],[150.80761213998508,-33.950064072744894],[150.80761213998508,-33.95905727638214],[150.79861893634785,-33.95905727638214]]]}},{"type":"Feature","properties":{"jobs":0,"pop":69,"pointCount":1,"homeWorkCommuteMedian":23596,"workHomeCommuteMedian":-1},"geometry":{"type":"Polygon","coordinates":[[[150.79861893634785,-33.923084461833156],[150.79861893634785,-33.91409125819591],[150.80761213998508,-33.91409125819591],[150.80761213998508,-33.923084461833156],[150.79861893634785,-33.923084461833156]]]}},{"type":"Feature","properties":{"jobs":0,"pop":134,"pointCount":1,"homeWorkCommuteMedian":24041,"workHomeCommuteMedian":-1},"geometry":{"type":"Polygon","coordinates":[[[150.79861893634785,-33.878118443646926],[150.79861893634785,-33.86912524000968],[150.80761213998508,-33.86912524000968],[150.80761213998508,-33.878118443646926],[150.79861893634785,-33.878118443646926]]]}},{"type":"Feature","properties":{"jobs":372,"pop":60,"pointCount":1,"homeWorkCommuteMedian":28222,"workHomeCommuteMedian":36578},"geometry":{"type":"Polygon","coordinates":[[[150.79861893634785,-33.84214562909794],[150.79861893634785,-33.833152425460696],[150.80761213998508,-33.833152425460696],[150.80761213998508,-33.84214562909794],[150.79861893634785,-33.84214562909794]]]}},{"type":"Feature","properties":{"jobs":263,"pop":625,"pointCount":3,"homeWorkCommuteMedian":12618,"workHomeCommuteMedian":10558},"geometry":{"type":"Polygon","coordinates":[[[150.79861893634785,-33.815166018186204],[150.79861893634785,-33.80617281454896],[150.80761213998508,-33.80617281454896],[150.80761213998508,-33.815166018186204],[150.79861893634785,-33.815166018186204]]]}},{"type":"Feature","properties":{"jobs":0,"pop":1061,"pointCount":5,"homeWorkCommuteMedian":25026,"workHomeCommuteMedian":-1},"geometry":{"type":"Polygon","coordinates":[[[150.79861893634785,-33.80617281454896],[150.79861893634785,-33.79717961091171],[150.80761213998508,-33.79717961091171],[150.80761213998508,-33.80617281454896],[150.79861893634785,-33.80617281454896]]]}},{"type":"Feature","properties":{"jobs":422,"pop":952,"pointCount":4,"homeWorkCommuteMedian":42055,"workHomeCommuteMedian":14857},"geometry":{"type":"Polygon","coordinates":[[[150.79861893634785,-33.79717961091171],[150.79861893634785,-33.788186407274466],[150.80761213998508,-33.788186407274466],[150.80761213998508,-33.79717961091171],[150.79861893634785,-33.79717961091171]]]}},{"type":"Feature","properties":{"jobs":133,"pop":686,"pointCount":3,"homeWorkCommuteMedian":23885,"workHomeCommuteMedian":19330},"geometry":{"type":"Polygon","coordinates":[[[150.79861893634785,-33.788186407274466],[150.79861893634785,-33.77919320363722],[150.80761213998508,-33.77919320363722],[150.80761213998508,-33.788186407274466],[150.79861893634785,-33.788186407274466]]]}},{"type":"Feature","properties":{"jobs":481,"pop":574,"pointCount":3,"homeWorkCommuteMedian":29388,"workHomeCommuteMedian":14418},"geometry":{"type":"Polygon","coordinates":[[[150.79861893634785,-33.77919320363722],[150.79861893634785,-33.770199999999974],[150.80761213998508,-33.770199999999974],[150.80761213998508,-33.77919320363722],[150.79861893634785,-33.77919320363722]]]}},{"type":"Feature","properties":{"jobs":1113,"pop":0,"pointCount":1,"homeWorkCommuteMedian":-1,"workHomeCommuteMedian":13109},"geometry":{"type":"Polygon","coordinates":[[[150.79861893634785,-33.770199999999974],[150.79861893634785,-33.76120679636273],[150.80761213998508,-33.76120679636273],[150.80761213998508,-33.770199999999974],[150.79861893634785,-33.770199999999974]]]}},{"type":"Feature","properties":{"jobs":0,"pop":521,"pointCount":5,"homeWorkCommuteMedian":5738,"workHomeCommuteMedian":-1},"geometry":{"type":"Polygon","coordinates":[[[150.79861893634785,-33.76120679636273],[150.79861893634785,-33.75221359272548],[150.80761213998508,-33.75221359272548],[150.80761213998508,-33.76120679636273],[150.79861893634785,-33.76120679636273]]]}},{"type":"Feature","properties":{"jobs":794,"pop":644,"pointCount":7,"homeWorkCommuteMedian":20489,"workHomeCommuteMedian":14785},"geometry":{"type":"Polygon","coordinates":[[[150.79861893634785,-33.75221359272548],[150.79861893634785,-33.743220389088236],[150.80761213998508,-33.743220389088236],[150.80761213998508,-33.75221359272548],[150.79861893634785,-33.75221359272548]]]}},{"type":"Feature","properties":{"jobs":319,"pop":664,"pointCount":6,"homeWorkCommuteMedian":43946,"workHomeCommuteMedian":5275},"geometry":{"type":"Polygon","coordinates":[[[150.79861893634785,-33.743220389088236],[150.79861893634785,-33.73422718545099],[150.80761213998508,-33.73422718545099],[150.80761213998508,-33.743220389088236],[150.79861893634785,-33.743220389088236]]]}},{"type":"Feature","properties":{"jobs":0,"pop":468,"pointCount":5,"homeWorkCommuteMedian":15976,"workHomeCommuteMedian":-1},"geometry":{"type":"Polygon","coordinates":[[[150.79861893634785,-33.73422718545099],[150.79861893634785,-33.725233981813744],[150.80761213998508,-33.725233981813744],[150.80761213998508,-33.73422718545099],[150.79861893634785,-33.73422718545099]]]}},{"type":"Feature","properties":{"jobs":282,"pop":107,"pointCount":1,"homeWorkCommuteMedian":51507,"workHomeCommuteMedian":31966},"geometry":{"type":"Polygon","coordinates":[[[150.79861893634785,-33.7162407781765],[150.79861893634785,-33.70724757453925],[150.80761213998508,-33.70724757453925],[150.80761213998508,-33.7162407781765],[150.79861893634785,-33.7162407781765]]]}},{"type":"Feature","properties":{"jobs":211,"pop":1246,"pointCount":2,"homeWorkCommuteMedian":22778,"workHomeCommuteMedian":37255},"geometry":{"type":"Polygon","coordinates":[[[150.79861893634785,-33.698254370902006],[150.79861893634785,-33.68926116726476],[150.80761213998508,-33.68926116726476],[150.80761213998508,-33.698254370902006],[150.79861893634785,-33.698254370902006]]]}},{"type":"Feature","properties":{"jobs":0,"pop":252,"pointCount":1,"homeWorkCommuteMedian":21113,"workHomeCommuteMedian":-1},"geometry":{"type":"Polygon","coordinates":[[[150.79861893634785,-33.66228155635302],[150.79861893634785,-33.65328835271578],[150.80761213998508,-33.65328835271578],[150.80761213998508,-33.66228155635302],[150.79861893634785,-33.66228155635302]]]}},{"type":"Feature","properties":{"jobs":110,"pop":1378,"pointCount":5,"homeWorkCommuteMedian":24343,"workHomeCommuteMedian":25534},"geometry":{"type":"Polygon","coordinates":[[[150.79861893634785,-33.64429514907853],[150.79861893634785,-33.635301945441284],[150.80761213998508,-33.635301945441284],[150.80761213998508,-33.64429514907853],[150.79861893634785,-33.64429514907853]]]}},{"type":"Feature","properties":{"jobs":219,"pop":563,"pointCount":4,"homeWorkCommuteMedian":18700,"workHomeCommuteMedian":21635},"geometry":{"type":"Polygon","coordinates":[[[150.79861893634785,-33.635301945441284],[150.79861893634785,-33.62630874180404],[150.80761213998508,-33.62630874180404],[150.80761213998508,-33.635301945441284],[150.79861893634785,-33.635301945441284]]]}},{"type":"Feature","properties":{"jobs":957,"pop":676,"pointCount":4,"homeWorkCommuteMedian":36532,"workHomeCommuteMedian":18823},"geometry":{"type":"Polygon","coordinates":[[[150.79861893634785,-33.62630874180404],[150.79861893634785,-33.61731553816679],[150.80761213998508,-33.61731553816679],[150.80761213998508,-33.62630874180404],[150.79861893634785,-33.62630874180404]]]}},{"type":"Feature","properties":{"jobs":916,"pop":158,"pointCount":2,"homeWorkCommuteMedian":10560,"workHomeCommuteMedian":24363},"geometry":{"type":"Polygon","coordinates":[[[150.79861893634785,-33.61731553816679],[150.79861893634785,-33.60832233452955],[150.80761213998508,-33.60832233452955],[150.80761213998508,-33.61731553816679],[150.79861893634785,-33.61731553816679]]]}},{"type":"Feature","properties":{"jobs":393,"pop":0,"pointCount":1,"homeWorkCommuteMedian":-1,"workHomeCommuteMedian":19607},"geometry":{"type":"Polygon","coordinates":[[[150.79861893634785,-33.60832233452955],[150.79861893634785,-33.5993291308923],[150.80761213998508,-33.5993291308923],[150.80761213998508,-33.60832233452955],[150.79861893634785,-33.60832233452955]]]}},{"type":"Feature","properties":{"jobs":0,"pop":183,"pointCount":1,"homeWorkCommuteMedian":17910,"workHomeCommuteMedian":-1},"geometry":{"type":"Polygon","coordinates":[[[150.79861893634785,-33.55436311270607],[150.79861893634785,-33.545369909068825],[150.80761213998508,-33.545369909068825],[150.80761213998508,-33.55436311270607],[150.79861893634785,-33.55436311270607]]]}},{"type":"Feature","properties":{"jobs":323,"pop":146,"pointCount":1,"homeWorkCommuteMedian":21994,"workHomeCommuteMedian":8724},"geometry":{"type":"Polygon","coordinates":[[[150.79861893634785,-33.53637670543158],[150.79861893634785,-33.52738350179433],[150.80761213998508,-33.52738350179433],[150.80761213998508,-33.53637670543158],[150.79861893634785,-33.53637670543158]]]}},{"type":"Feature","properties":{"jobs":108,"pop":183,"pointCount":1,"homeWorkCommuteMedian":18192,"workHomeCommuteMedian":16902},"geometry":{"type":"Polygon","coordinates":[[[150.79861893634785,-33.500403890882595],[150.79861893634785,-33.49141068724535],[150.80761213998508,-33.49141068724535],[150.80761213998508,-33.500403890882595],[150.79861893634785,-33.500403890882595]]]}},{"type":"Feature","properties":{"jobs":0,"pop":700,"pointCount":4,"homeWorkCommuteMedian":10677,"workHomeCommuteMedian":-1},"geometry":{"type":"Polygon","coordinates":[[[150.80761213998508,-34.102948534578076],[150.80761213998508,-34.09395533094083],[150.8166053436223,-34.09395533094083],[150.8166053436223,-34.102948534578076],[150.80761213998508,-34.102948534578076]]]}},{"type":"Feature","properties":{"jobs":390,"pop":1015,"pointCount":6,"homeWorkCommuteMedian":34463,"workHomeCommuteMedian":5014},"geometry":{"type":"Polygon","coordinates":[[[150.80761213998508,-34.09395533094083],[150.80761213998508,-34.084962127303584],[150.8166053436223,-34.084962127303584],[150.8166053436223,-34.09395533094083],[150.80761213998508,-34.09395533094083]]]}},{"type":"Feature","properties":{"jobs":350,"pop":1086,"pointCount":5,"homeWorkCommuteMedian":36578,"workHomeCommuteMedian":14059},"geometry":{"type":"Polygon","coordinates":[[[150.80761213998508,-34.084962127303584],[150.80761213998508,-34.07596892366634],[150.8166053436223,-34.07596892366634],[150.8166053436223,-34.084962127303584],[150.80761213998508,-34.084962127303584]]]}},{"type":"Feature","properties":{"jobs":2839,"pop":284,"pointCount":3,"homeWorkCommuteMedian":49766,"workHomeCommuteMedian":12016},"geometry":{"type":"Polygon","coordinates":[[[150.80761213998508,-34.07596892366634],[150.80761213998508,-34.06697572002909],[150.8166053436223,-34.06697572002909],[150.8166053436223,-34.07596892366634],[150.80761213998508,-34.07596892366634]]]}},{"type":"Feature","properties":{"jobs":250,"pop":0,"pointCount":1,"homeWorkCommuteMedian":-1,"workHomeCommuteMedian":45410},"geometry":{"type":"Polygon","coordinates":[[[150.80761213998508,-34.06697572002909],[150.80761213998508,-34.057982516391846],[150.8166053436223,-34.057982516391846],[150.8166053436223,-34.06697572002909],[150.80761213998508,-34.06697572002909]]]}},{"type":"Feature","properties":{"jobs":0,"pop":409,"pointCount":2,"homeWorkCommuteMedian":51192,"workHomeCommuteMedian":-1},"geometry":{"type":"Polygon","coordinates":[[[150.80761213998508,-34.057982516391846],[150.80761213998508,-34.0489893127546],[150.8166053436223,-34.0489893127546],[150.8166053436223,-34.057982516391846],[150.80761213998508,-34.057982516391846]]]}},{"type":"Feature","properties":{"jobs":0,"pop":279,"pointCount":2,"homeWorkCommuteMedian":7067,"workHomeCommuteMedian":-1},"geometry":{"type":"Polygon","coordinates":[[[150.80761213998508,-34.0489893127546],[150.80761213998508,-34.039996109117354],[150.8166053436223,-34.039996109117354],[150.8166053436223,-34.0489893127546],[150.80761213998508,-34.0489893127546]]]}},{"type":"Feature","properties":{"jobs":0,"pop":638,"pointCount":3,"homeWorkCommuteMedian":50025,"workHomeCommuteMedian":-1},"geometry":{"type":"Polygon","coordinates":[[[150.80761213998508,-34.039996109117354],[150.80761213998508,-34.03100290548011],[150.8166053436223,-34.03100290548011],[150.8166053436223,-34.039996109117354],[150.80761213998508,-34.039996109117354]]]}},{"type":"Feature","properties":{"jobs":0,"pop":1235,"pointCount":6,"homeWorkCommuteMedian":34392,"workHomeCommuteMedian":-1},"geometry":{"type":"Polygon","coordinates":[[[150.80761213998508,-34.03100290548011],[150.80761213998508,-34.02200970184286],[150.8166053436223,-34.02200970184286],[150.8166053436223,-34.03100290548011],[150.80761213998508,-34.03100290548011]]]}},{"type":"Feature","properties":{"jobs":0,"pop":966,"pointCount":5,"homeWorkCommuteMedian":9973,"workHomeCommuteMedian":-1},"geometry":{"type":"Polygon","coordinates":[[[150.80761213998508,-34.02200970184286],[150.80761213998508,-34.013016498205616],[150.8166053436223,-34.013016498205616],[150.8166053436223,-34.02200970184286],[150.80761213998508,-34.02200970184286]]]}},{"type":"Feature","properties":{"jobs":818,"pop":0,"pointCount":1,"homeWorkCommuteMedian":-1,"workHomeCommuteMedian":9105},"geometry":{"type":"Polygon","coordinates":[[[150.80761213998508,-34.00402329456837],[150.80761213998508,-33.995030090931124],[150.8166053436223,-33.995030090931124],[150.8166053436223,-34.00402329456837],[150.80761213998508,-34.00402329456837]]]}},{"type":"Feature","properties":{"jobs":0,"pop":751,"pointCount":2,"homeWorkCommuteMedian":32678,"workHomeCommuteMedian":-1},"geometry":{"type":"Polygon","coordinates":[[[150.80761213998508,-33.995030090931124],[150.80761213998508,-33.98603688729388],[150.8166053436223,-33.98603688729388],[150.8166053436223,-33.995030090931124],[150.80761213998508,-33.995030090931124]]]}},{"type":"Feature","properties":{"jobs":239,"pop":1257,"pointCount":4,"homeWorkCommuteMedian":26867,"workHomeCommuteMedian":12017},"geometry":{"type":"Polygon","coordinates":[[[150.80761213998508,-33.98603688729388],[150.80761213998508,-33.97704368365663],[150.8166053436223,-33.97704368365663],[150.8166053436223,-33.98603688729388],[150.80761213998508,-33.98603688729388]]]}},{"type":"Feature","properties":{"jobs":0,"pop":487,"pointCount":2,"homeWorkCommuteMedian":44290,"workHomeCommuteMedian":-1},"geometry":{"type":"Polygon","coordinates":[[[150.80761213998508,-33.97704368365663],[150.80761213998508,-33.968050480019386],[150.8166053436223,-33.968050480019386],[150.8166053436223,-33.97704368365663],[150.80761213998508,-33.97704368365663]]]}},{"type":"Feature","properties":{"jobs":105,"pop":0,"pointCount":1,"homeWorkCommuteMedian":-1,"workHomeCommuteMedian":30006},"geometry":{"type":"Polygon","coordinates":[[[150.80761213998508,-33.968050480019386],[150.80761213998508,-33.95905727638214],[150.8166053436223,-33.95905727638214],[150.8166053436223,-33.968050480019386],[150.80761213998508,-33.968050480019386]]]}},{"type":"Feature","properties":{"jobs":0,"pop":258,"pointCount":1,"homeWorkCommuteMedian":46336,"workHomeCommuteMedian":-1},"geometry":{"type":"Polygon","coordinates":[[[150.80761213998508,-33.950064072744894],[150.80761213998508,-33.94107086910765],[150.8166053436223,-33.94107086910765],[150.8166053436223,-33.950064072744894],[150.80761213998508,-33.950064072744894]]]}},{"type":"Feature","properties":{"jobs":310,"pop":490,"pointCount":2,"homeWorkCommuteMedian":31596,"workHomeCommuteMedian":53285},"geometry":{"type":"Polygon","coordinates":[[[150.80761213998508,-33.94107086910765],[150.80761213998508,-33.9320776654704],[150.8166053436223,-33.9320776654704],[150.8166053436223,-33.94107086910765],[150.80761213998508,-33.94107086910765]]]}},{"type":"Feature","properties":{"jobs":244,"pop":255,"pointCount":1,"homeWorkCommuteMedian":32981,"workHomeCommuteMedian":14055},"geometry":{"type":"Polygon","coordinates":[[[150.80761213998508,-33.9320776654704],[150.80761213998508,-33.923084461833156],[150.8166053436223,-33.923084461833156],[150.8166053436223,-33.9320776654704],[150.80761213998508,-33.9320776654704]]]}},{"type":"Feature","properties":{"jobs":0,"pop":343,"pointCount":1,"homeWorkCommuteMedian":37796,"workHomeCommuteMedian":-1},"geometry":{"type":"Polygon","coordinates":[[[150.80761213998508,-33.91409125819591],[150.80761213998508,-33.905098054558664],[150.8166053436223,-33.905098054558664],[150.8166053436223,-33.91409125819591],[150.80761213998508,-33.91409125819591]]]}},{"type":"Feature","properties":{"jobs":0,"pop":198,"pointCount":1,"homeWorkCommuteMedian":7298,"workHomeCommuteMedian":-1},"geometry":{"type":"Polygon","coordinates":[[[150.80761213998508,-33.86912524000968],[150.80761213998508,-33.860132036372434],[150.8166053436223,-33.860132036372434],[150.8166053436223,-33.86912524000968],[150.80761213998508,-33.86912524000968]]]}},{"type":"Feature","properties":{"jobs":0,"pop":217,"pointCount":1,"homeWorkCommuteMedian":28246,"workHomeCommuteMedian":-1},"geometry":{"type":"Polygon","coordinates":[[[150.80761213998508,-33.85113883273519],[150.80761213998508,-33.84214562909794],[150.8166053436223,-33.84214562909794],[150.8166053436223,-33.85113883273519],[150.80761213998508,-33.85113883273519]]]}},{"type":"Feature","properties":{"jobs":0,"pop":406,"pointCount":2,"homeWorkCommuteMedian":15641,"workHomeCommuteMedian":-1},"geometry":{"type":"Polygon","coordinates":[[[150.80761213998508,-33.815166018186204],[150.80761213998508,-33.80617281454896],[150.8166053436223,-33.80617281454896],[150.8166053436223,-33.815166018186204],[150.80761213998508,-33.815166018186204]]]}},{"type":"Feature","properties":{"jobs":184,"pop":341,"pointCount":2,"homeWorkCommuteMedian":21007,"workHomeCommuteMedian":4862},"geometry":{"type":"Polygon","coordinates":[[[150.80761213998508,-33.80617281454896],[150.80761213998508,-33.79717961091171],[150.8166053436223,-33.79717961091171],[150.8166053436223,-33.80617281454896],[150.80761213998508,-33.80617281454896]]]}},{"type":"Feature","properties":{"jobs":0,"pop":405,"pointCount":1,"homeWorkCommuteMedian":44199,"workHomeCommuteMedian":-1},"geometry":{"type":"Polygon","coordinates":[[[150.80761213998508,-33.79717961091171],[150.80761213998508,-33.788186407274466],[150.8166053436223,-33.788186407274466],[150.8166053436223,-33.79717961091171],[150.80761213998508,-33.79717961091171]]]}},{"type":"Feature","properties":{"jobs":4869,"pop":0,"pointCount":1,"homeWorkCommuteMedian":-1,"workHomeCommuteMedian":15075},"geometry":{"type":"Polygon","coordinates":[[[150.80761213998508,-33.788186407274466],[150.80761213998508,-33.77919320363722],[150.8166053436223,-33.77919320363722],[150.8166053436223,-33.788186407274466],[150.80761213998508,-33.788186407274466]]]}},{"type":"Feature","properties":{"jobs":314,"pop":692,"pointCount":5,"homeWorkCommuteMedian":19581,"workHomeCommuteMedian":19914},"geometry":{"type":"Polygon","coordinates":[[[150.80761213998508,-33.77919320363722],[150.80761213998508,-33.770199999999974],[150.8166053436223,-33.770199999999974],[150.8166053436223,-33.77919320363722],[150.80761213998508,-33.77919320363722]]]}},{"type":"Feature","properties":{"jobs":617,"pop":1101,"pointCount":5,"homeWorkCommuteMedian":22626,"workHomeCommuteMedian":9534},"geometry":{"type":"Polygon","coordinates":[[[150.80761213998508,-33.770199999999974],[150.80761213998508,-33.76120679636273],[150.8166053436223,-33.76120679636273],[150.8166053436223,-33.770199999999974],[150.80761213998508,-33.770199999999974]]]}},{"type":"Feature","properties":{"jobs":0,"pop":698,"pointCount":5,"homeWorkCommuteMedian":18349,"workHomeCommuteMedian":-1},"geometry":{"type":"Polygon","coordinates":[[[150.80761213998508,-33.76120679636273],[150.80761213998508,-33.75221359272548],[150.8166053436223,-33.75221359272548],[150.8166053436223,-33.76120679636273],[150.80761213998508,-33.76120679636273]]]}},{"type":"Feature","properties":{"jobs":495,"pop":685,"pointCount":6,"homeWorkCommuteMedian":10584,"workHomeCommuteMedian":4787},"geometry":{"type":"Polygon","coordinates":[[[150.80761213998508,-33.75221359272548],[150.80761213998508,-33.743220389088236],[150.8166053436223,-33.743220389088236],[150.8166053436223,-33.75221359272548],[150.80761213998508,-33.75221359272548]]]}},{"type":"Feature","properties":{"jobs":163,"pop":633,"pointCount":7,"homeWorkCommuteMedian":17661,"workHomeCommuteMedian":35637},"geometry":{"type":"Polygon","coordinates":[[[150.80761213998508,-33.743220389088236],[150.80761213998508,-33.73422718545099],[150.8166053436223,-33.73422718545099],[150.8166053436223,-33.743220389088236],[150.80761213998508,-33.743220389088236]]]}},{"type":"Feature","properties":{"jobs":0,"pop":617,"pointCount":5,"homeWorkCommuteMedian":15680,"workHomeCommuteMedian":-1},"geometry":{"type":"Polygon","coordinates":[[[150.80761213998508,-33.73422718545099],[150.80761213998508,-33.725233981813744],[150.8166053436223,-33.725233981813744],[150.8166053436223,-33.73422718545099],[150.80761213998508,-33.73422718545099]]]}},{"type":"Feature","properties":{"jobs":0,"pop":141,"pointCount":1,"homeWorkCommuteMedian":13491,"workHomeCommuteMedian":-1},"geometry":{"type":"Polygon","coordinates":[[[150.80761213998508,-33.725233981813744],[150.80761213998508,-33.7162407781765],[150.8166053436223,-33.7162407781765],[150.8166053436223,-33.725233981813744],[150.80761213998508,-33.725233981813744]]]}},{"type":"Feature","properties":{"jobs":0,"pop":1261,"pointCount":4,"homeWorkCommuteMedian":40767,"workHomeCommuteMedian":-1},"geometry":{"type":"Polygon","coordinates":[[[150.80761213998508,-33.70724757453925],[150.80761213998508,-33.698254370902006],[150.8166053436223,-33.698254370902006],[150.8166053436223,-33.70724757453925],[150.80761213998508,-33.70724757453925]]]}},{"type":"Feature","properties":{"jobs":0,"pop":2293,"pointCount":7,"homeWorkCommuteMedian":29043,"workHomeCommuteMedian":-1},"geometry":{"type":"Polygon","coordinates":[[[150.80761213998508,-33.698254370902006],[150.80761213998508,-33.68926116726476],[150.8166053436223,-33.68926116726476],[150.8166053436223,-33.698254370902006],[150.80761213998508,-33.698254370902006]]]}},{"type":"Feature","properties":{"jobs":0,"pop":225,"pointCount":1,"homeWorkCommuteMedian":20518,"workHomeCommuteMedian":-1},"geometry":{"type":"Polygon","coordinates":[[[150.80761213998508,-33.68926116726476],[150.80761213998508,-33.680267963627514],[150.8166053436223,-33.680267963627514],[150.8166053436223,-33.68926116726476],[150.80761213998508,-33.68926116726476]]]}},{"type":"Feature","properties":{"jobs":0,"pop":219,"pointCount":1,"homeWorkCommuteMedian":12129,"workHomeCommuteMedian":-1},"geometry":{"type":"Polygon","coordinates":[[[150.80761213998508,-33.67127475999027],[150.80761213998508,-33.66228155635302],[150.8166053436223,-33.66228155635302],[150.8166053436223,-33.67127475999027],[150.80761213998508,-33.67127475999027]]]}},{"type":"Feature","properties":{"jobs":59,"pop":671,"pointCount":2,"homeWorkCommuteMedian":9775,"workHomeCommuteMedian":67797},"geometry":{"type":"Polygon","coordinates":[[[150.80761213998508,-33.64429514907853],[150.80761213998508,-33.635301945441284],[150.8166053436223,-33.635301945441284],[150.8166053436223,-33.64429514907853],[150.80761213998508,-33.64429514907853]]]}},{"type":"Feature","properties":{"jobs":0,"pop":140,"pointCount":1,"homeWorkCommuteMedian":37871,"workHomeCommuteMedian":-1},"geometry":{"type":"Polygon","coordinates":[[[150.80761213998508,-33.635301945441284],[150.80761213998508,-33.62630874180404],[150.8166053436223,-33.62630874180404],[150.8166053436223,-33.635301945441284],[150.80761213998508,-33.635301945441284]]]}},{"type":"Feature","properties":{"jobs":966,"pop":100,"pointCount":2,"homeWorkCommuteMedian":21414,"workHomeCommuteMedian":14059},"geometry":{"type":"Polygon","coordinates":[[[150.80761213998508,-33.62630874180404],[150.80761213998508,-33.61731553816679],[150.8166053436223,-33.61731553816679],[150.8166053436223,-33.62630874180404],[150.80761213998508,-33.62630874180404]]]}},{"type":"Feature","properties":{"jobs":295,"pop":294,"pointCount":2,"homeWorkCommuteMedian":24742,"workHomeCommuteMedian":24611},"geometry":{"type":"Polygon","coordinates":[[[150.80761213998508,-33.61731553816679],[150.80761213998508,-33.60832233452955],[150.8166053436223,-33.60832233452955],[150.8166053436223,-33.61731553816679],[150.80761213998508,-33.61731553816679]]]}},{"type":"Feature","properties":{"jobs":184,"pop":122,"pointCount":1,"homeWorkCommuteMedian":31058,"workHomeCommuteMedian":28636},"geometry":{"type":"Polygon","coordinates":[[[150.80761213998508,-33.60832233452955],[150.80761213998508,-33.5993291308923],[150.8166053436223,-33.5993291308923],[150.8166053436223,-33.60832233452955],[150.80761213998508,-33.60832233452955]]]}},{"type":"Feature","properties":{"jobs":0,"pop":91,"pointCount":1,"homeWorkCommuteMedian":18231,"workHomeCommuteMedian":-1},"geometry":{"type":"Polygon","coordinates":[[[150.80761213998508,-33.58134272361781],[150.80761213998508,-33.57234951998056],[150.8166053436223,-33.57234951998056],[150.8166053436223,-33.58134272361781],[150.80761213998508,-33.58134272361781]]]}},{"type":"Feature","properties":{"jobs":190,"pop":151,"pointCount":1,"homeWorkCommuteMedian":40381,"workHomeCommuteMedian":8970},"geometry":{"type":"Polygon","coordinates":[[[150.80761213998508,-33.51839029815709],[150.80761213998508,-33.50939709451984],[150.8166053436223,-33.50939709451984],[150.8166053436223,-33.51839029815709],[150.80761213998508,-33.51839029815709]]]}},{"type":"Feature","properties":{"jobs":152,"pop":154,"pointCount":1,"homeWorkCommuteMedian":53422,"workHomeCommuteMedian":19586},"geometry":{"type":"Polygon","coordinates":[[[150.80761213998508,-33.47342427997086],[150.80761213998508,-33.46443107633361],[150.8166053436223,-33.46443107633361],[150.8166053436223,-33.47342427997086],[150.80761213998508,-33.47342427997086]]]}},{"type":"Feature","properties":{"jobs":0,"pop":180,"pointCount":1,"homeWorkCommuteMedian":60095,"workHomeCommuteMedian":-1},"geometry":{"type":"Polygon","coordinates":[[[150.8166053436223,-34.11194173821532],[150.8166053436223,-34.102948534578076],[150.82559854725955,-34.102948534578076],[150.82559854725955,-34.11194173821532],[150.8166053436223,-34.11194173821532]]]}},{"type":"Feature","properties":{"jobs":0,"pop":279,"pointCount":2,"homeWorkCommuteMedian":48494,"workHomeCommuteMedian":-1},"geometry":{"type":"Polygon","coordinates":[[[150.8166053436223,-34.102948534578076],[150.8166053436223,-34.09395533094083],[150.82559854725955,-34.09395533094083],[150.82559854725955,-34.102948534578076],[150.8166053436223,-34.102948534578076]]]}},{"type":"Feature","properties":{"jobs":0,"pop":563,"pointCount":4,"homeWorkCommuteMedian":6516,"workHomeCommuteMedian":-1},"geometry":{"type":"Polygon","coordinates":[[[150.8166053436223,-34.09395533094083],[150.8166053436223,-34.084962127303584],[150.82559854725955,-34.084962127303584],[150.82559854725955,-34.09395533094083],[150.8166053436223,-34.09395533094083]]]}},{"type":"Feature","properties":{"jobs":416,"pop":803,"pointCount":4,"homeWorkCommuteMedian":38416,"workHomeCommuteMedian":7587},"geometry":{"type":"Polygon","coordinates":[[[150.8166053436223,-34.084962127303584],[150.8166053436223,-34.07596892366634],[150.82559854725955,-34.07596892366634],[150.82559854725955,-34.084962127303584],[150.8166053436223,-34.084962127303584]]]}},{"type":"Feature","properties":{"jobs":646,"pop":724,"pointCount":5,"homeWorkCommuteMedian":41451,"workHomeCommuteMedian":8138},"geometry":{"type":"Polygon","coordinates":[[[150.8166053436223,-34.07596892366634],[150.8166053436223,-34.06697572002909],[150.82559854725955,-34.06697572002909],[150.82559854725955,-34.07596892366634],[150.8166053436223,-34.07596892366634]]]}},{"type":"Feature","properties":{"jobs":2165,"pop":1354,"pointCount":4,"homeWorkCommuteMedian":16209,"workHomeCommuteMedian":6206},"geometry":{"type":"Polygon","coordinates":[[[150.8166053436223,-34.06697572002909],[150.8166053436223,-34.057982516391846],[150.82559854725955,-34.057982516391846],[150.82559854725955,-34.06697572002909],[150.8166053436223,-34.06697572002909]]]}},{"type":"Feature","properties":{"jobs":427,"pop":197,"pointCount":2,"homeWorkCommuteMedian":21954,"workHomeCommuteMedian":9281},"geometry":{"type":"Polygon","coordinates":[[[150.8166053436223,-34.057982516391846],[150.8166053436223,-34.0489893127546],[150.82559854725955,-34.0489893127546],[150.82559854725955,-34.057982516391846],[150.8166053436223,-34.057982516391846]]]}},{"type":"Feature","properties":{"jobs":0,"pop":297,"pointCount":2,"homeWorkCommuteMedian":45351,"workHomeCommuteMedian":-1},"geometry":{"type":"Polygon","coordinates":[[[150.8166053436223,-34.0489893127546],[150.8166053436223,-34.039996109117354],[150.82559854725955,-34.039996109117354],[150.82559854725955,-34.0489893127546],[150.8166053436223,-34.0489893127546]]]}},{"type":"Feature","properties":{"jobs":618,"pop":1171,"pointCount":5,"homeWorkCommuteMedian":16477,"workHomeCommuteMedian":5427},"geometry":{"type":"Polygon","coordinates":[[[150.8166053436223,-34.039996109117354],[150.8166053436223,-34.03100290548011],[150.82559854725955,-34.03100290548011],[150.82559854725955,-34.039996109117354],[150.8166053436223,-34.039996109117354]]]}},{"type":"Feature","properties":{"jobs":0,"pop":846,"pointCount":4,"homeWorkCommuteMedian":43726,"workHomeCommuteMedian":-1},"geometry":{"type":"Polygon","coordinates":[[[150.8166053436223,-34.03100290548011],[150.8166053436223,-34.02200970184286],[150.82559854725955,-34.02200970184286],[150.82559854725955,-34.03100290548011],[150.8166053436223,-34.03100290548011]]]}},{"type":"Feature","properties":{"jobs":0,"pop":703,"pointCount":5,"homeWorkCommuteMedian":35637,"workHomeCommuteMedian":-1},"geometry":{"type":"Polygon","coordinates":[[[150.8166053436223,-34.02200970184286],[150.8166053436223,-34.013016498205616],[150.82559854725955,-34.013016498205616],[150.82559854725955,-34.02200970184286],[150.8166053436223,-34.02200970184286]]]}},{"type":"Feature","properties":{"jobs":0,"pop":150,"pointCount":1,"homeWorkCommuteMedian":72677,"workHomeCommuteMedian":-1},"geometry":{"type":"Polygon","coordinates":[[[150.8166053436223,-34.013016498205616],[150.8166053436223,-34.00402329456837],[150.82559854725955,-34.00402329456837],[150.82559854725955,-34.013016498205616],[150.8166053436223,-34.013016498205616]]]}},{"type":"Feature","properties":{"jobs":0,"pop":687,"pointCount":2,"homeWorkCommuteMedian":40465,"workHomeCommuteMedian":-1},"geometry":{"type":"Polygon","coordinates":[[[150.8166053436223,-33.98603688729388],[150.8166053436223,-33.97704368365663],[150.82559854725955,-33.97704368365663],[150.82559854725955,-33.98603688729388],[150.8166053436223,-33.98603688729388]]]}},{"type":"Feature","properties":{"jobs":0,"pop":152,"pointCount":1,"homeWorkCommuteMedian":15642,"workHomeCommuteMedian":-1},"geometry":{"type":"Polygon","coordinates":[[[150.8166053436223,-33.97704368365663],[150.8166053436223,-33.968050480019386],[150.82559854725955,-33.968050480019386],[150.82559854725955,-33.97704368365663],[150.8166053436223,-33.97704368365663]]]}},{"type":"Feature","properties":{"jobs":0,"pop":368,"pointCount":1,"homeWorkCommuteMedian":19072,"workHomeCommuteMedian":-1},"geometry":{"type":"Polygon","coordinates":[[[150.8166053436223,-33.968050480019386],[150.8166053436223,-33.95905727638214],[150.82559854725955,-33.95905727638214],[150.82559854725955,-33.968050480019386],[150.8166053436223,-33.968050480019386]]]}},{"type":"Feature","properties":{"jobs":0,"pop":546,"pointCount":1,"homeWorkCommuteMedian":45484,"workHomeCommuteMedian":-1},"geometry":{"type":"Polygon","coordinates":[[[150.8166053436223,-33.923084461833156],[150.8166053436223,-33.91409125819591],[150.82559854725955,-33.91409125819591],[150.82559854725955,-33.923084461833156],[150.8166053436223,-33.923084461833156]]]}},{"type":"Feature","properties":{"jobs":106,"pop":0,"pointCount":1,"homeWorkCommuteMedian":-1,"workHomeCommuteMedian":20348},"geometry":{"type":"Polygon","coordinates":[[[150.8166053436223,-33.89610485092142],[150.8166053436223,-33.88711164728417],[150.82559854725955,-33.88711164728417],[150.82559854725955,-33.89610485092142],[150.8166053436223,-33.89610485092142]]]}},{"type":"Feature","properties":{"jobs":165,"pop":187,"pointCount":1,"homeWorkCommuteMedian":7272,"workHomeCommuteMedian":18176},"geometry":{"type":"Polygon","coordinates":[[[150.8166053436223,-33.86912524000968],[150.8166053436223,-33.860132036372434],[150.82559854725955,-33.860132036372434],[150.82559854725955,-33.86912524000968],[150.8166053436223,-33.86912524000968]]]}},{"type":"Feature","properties":{"jobs":79,"pop":632,"pointCount":2,"homeWorkCommuteMedian":34247,"workHomeCommuteMedian":4273},"geometry":{"type":"Polygon","coordinates":[[[150.8166053436223,-33.788186407274466],[150.8166053436223,-33.77919320363722],[150.82559854725955,-33.77919320363722],[150.82559854725955,-33.788186407274466],[150.8166053436223,-33.788186407274466]]]}},{"type":"Feature","properties":{"jobs":0,"pop":739,"pointCount":5,"homeWorkCommuteMedian":12410,"workHomeCommuteMedian":-1},"geometry":{"type":"Polygon","coordinates":[[[150.8166053436223,-33.77919320363722],[150.8166053436223,-33.770199999999974],[150.82559854725955,-33.770199999999974],[150.82559854725955,-33.77919320363722],[150.8166053436223,-33.77919320363722]]]}},{"type":"Feature","properties":{"jobs":2180,"pop":1032,"pointCount":3,"homeWorkCommuteMedian":9609,"workHomeCommuteMedian":11189},"geometry":{"type":"Polygon","coordinates":[[[150.8166053436223,-33.770199999999974],[150.8166053436223,-33.76120679636273],[150.82559854725955,-33.76120679636273],[150.82559854725955,-33.770199999999974],[150.8166053436223,-33.770199999999974]]]}},{"type":"Feature","properties":{"jobs":245,"pop":2212,"pointCount":7,"homeWorkCommuteMedian":27440,"workHomeCommuteMedian":29232},"geometry":{"type":"Polygon","coordinates":[[[150.8166053436223,-33.76120679636273],[150.8166053436223,-33.75221359272548],[150.82559854725955,-33.75221359272548],[150.82559854725955,-33.76120679636273],[150.8166053436223,-33.76120679636273]]]}},{"type":"Feature","properties":{"jobs":0,"pop":800,"pointCount":5,"homeWorkCommuteMedian":22506,"workHomeCommuteMedian":-1},"geometry":{"type":"Polygon","coordinates":[[[150.8166053436223,-33.75221359272548],[150.8166053436223,-33.743220389088236],[150.82559854725955,-33.743220389088236],[150.82559854725955,-33.75221359272548],[150.8166053436223,-33.75221359272548]]]}},{"type":"Feature","properties":{"jobs":0,"pop":641,"pointCount":5,"homeWorkCommuteMedian":6983,"workHomeCommuteMedian":-1},"geometry":{"type":"Polygon","coordinates":[[[150.8166053436223,-33.743220389088236],[150.8166053436223,-33.73422718545099],[150.82559854725955,-33.73422718545099],[150.82559854725955,-33.743220389088236],[150.8166053436223,-33.743220389088236]]]}},{"type":"Feature","properties":{"jobs":160,"pop":445,"pointCount":3,"homeWorkCommuteMedian":12431,"workHomeCommuteMedian":10099},"geometry":{"type":"Polygon","coordinates":[[[150.8166053436223,-33.73422718545099],[150.8166053436223,-33.725233981813744],[150.82559854725955,-33.725233981813744],[150.82559854725955,-33.73422718545099],[150.8166053436223,-33.73422718545099]]]}},{"type":"Feature","properties":{"jobs":0,"pop":195,"pointCount":1,"homeWorkCommuteMedian":22072,"workHomeCommuteMedian":-1},"geometry":{"type":"Polygon","coordinates":[[[150.8166053436223,-33.7162407781765],[150.8166053436223,-33.70724757453925],[150.82559854725955,-33.70724757453925],[150.82559854725955,-33.7162407781765],[150.8166053436223,-33.7162407781765]]]}},{"type":"Feature","properties":{"jobs":0,"pop":563,"pointCount":3,"homeWorkCommuteMedian":50021,"workHomeCommuteMedian":-1},"geometry":{"type":"Polygon","coordinates":[[[150.8166053436223,-33.70724757453925],[150.8166053436223,-33.698254370902006],[150.82559854725955,-33.698254370902006],[150.82559854725955,-33.70724757453925],[150.8166053436223,-33.70724757453925]]]}},{"type":"Feature","properties":{"jobs":0,"pop":1137,"pointCount":4,"homeWorkCommuteMedian":25102,"workHomeCommuteMedian":-1},"geometry":{"type":"Polygon","coordinates":[[[150.8166053436223,-33.698254370902006],[150.8166053436223,-33.68926116726476],[150.82559854725955,-33.68926116726476],[150.82559854725955,-33.698254370902006],[150.8166053436223,-33.698254370902006]]]}},{"type":"Feature","properties":{"jobs":0,"pop":126,"pointCount":1,"homeWorkCommuteMedian":10604,"workHomeCommuteMedian":-1},"geometry":{"type":"Polygon","coordinates":[[[150.8166053436223,-33.66228155635302],[150.8166053436223,-33.65328835271578],[150.82559854725955,-33.65328835271578],[150.82559854725955,-33.66228155635302],[150.8166053436223,-33.66228155635302]]]}},{"type":"Feature","properties":{"jobs":591,"pop":197,"pointCount":1,"homeWorkCommuteMedian":34838,"workHomeCommuteMedian":17590},"geometry":{"type":"Polygon","coordinates":[[[150.8166053436223,-33.635301945441284],[150.8166053436223,-33.62630874180404],[150.82559854725955,-33.62630874180404],[150.82559854725955,-33.635301945441284],[150.8166053436223,-33.635301945441284]]]}},{"type":"Feature","properties":{"jobs":866,"pop":328,"pointCount":2,"homeWorkCommuteMedian":40393,"workHomeCommuteMedian":14062},"geometry":{"type":"Polygon","coordinates":[[[150.8166053436223,-33.61731553816679],[150.8166053436223,-33.60832233452955],[150.82559854725955,-33.60832233452955],[150.82559854725955,-33.61731553816679],[150.8166053436223,-33.61731553816679]]]}},{"type":"Feature","properties":{"jobs":126,"pop":116,"pointCount":1,"homeWorkCommuteMedian":22319,"workHomeCommuteMedian":11343},"geometry":{"type":"Polygon","coordinates":[[[150.8166053436223,-33.60832233452955],[150.8166053436223,-33.5993291308923],[150.82559854725955,-33.5993291308923],[150.82559854725955,-33.60832233452955],[150.8166053436223,-33.60832233452955]]]}},{"type":"Feature","properties":{"jobs":145,"pop":0,"pointCount":1,"homeWorkCommuteMedian":-1,"workHomeCommuteMedian":59886},"geometry":{"type":"Polygon","coordinates":[[[150.8166053436223,-33.56335631634332],[150.8166053436223,-33.55436311270607],[150.82559854725955,-33.55436311270607],[150.82559854725955,-33.56335631634332],[150.8166053436223,-33.56335631634332]]]}},{"type":"Feature","properties":{"jobs":0,"pop":110,"pointCount":1,"homeWorkCommuteMedian":3470,"workHomeCommuteMedian":-1},"geometry":{"type":"Polygon","coordinates":[[[150.82559854725955,-34.129928145489814],[150.82559854725955,-34.12093494185257],[150.83459175089678,-34.12093494185257],[150.83459175089678,-34.129928145489814],[150.82559854725955,-34.129928145489814]]]}},{"type":"Feature","properties":{"jobs":120,"pop":0,"pointCount":1,"homeWorkCommuteMedian":-1,"workHomeCommuteMedian":2977},"geometry":{"type":"Polygon","coordinates":[[[150.82559854725955,-34.09395533094083],[150.82559854725955,-34.084962127303584],[150.83459175089678,-34.084962127303584],[150.83459175089678,-34.09395533094083],[150.82559854725955,-34.09395533094083]]]}},{"type":"Feature","properties":{"jobs":0,"pop":270,"pointCount":2,"homeWorkCommuteMedian":56620,"workHomeCommuteMedian":-1},"geometry":{"type":"Polygon","coordinates":[[[150.82559854725955,-34.084962127303584],[150.82559854725955,-34.07596892366634],[150.83459175089678,-34.07596892366634],[150.83459175089678,-34.084962127303584],[150.82559854725955,-34.084962127303584]]]}},{"type":"Feature","properties":{"jobs":184,"pop":988,"pointCount":7,"homeWorkCommuteMedian":5876,"workHomeCommuteMedian":5128},"geometry":{"type":"Polygon","coordinates":[[[150.82559854725955,-34.07596892366634],[150.82559854725955,-34.06697572002909],[150.83459175089678,-34.06697572002909],[150.83459175089678,-34.07596892366634],[150.82559854725955,-34.07596892366634]]]}},{"type":"Feature","properties":{"jobs":155,"pop":642,"pointCount":5,"homeWorkCommuteMedian":10174,"workHomeCommuteMedian":10668},"geometry":{"type":"Polygon","coordinates":[[[150.82559854725955,-34.06697572002909],[150.82559854725955,-34.057982516391846],[150.83459175089678,-34.057982516391846],[150.83459175089678,-34.06697572002909],[150.82559854725955,-34.06697572002909]]]}},{"type":"Feature","properties":{"jobs":1127,"pop":993,"pointCount":5,"homeWorkCommuteMedian":10566,"workHomeCommuteMedian":14284},"geometry":{"type":"Polygon","coordinates":[[[150.82559854725955,-34.057982516391846],[150.82559854725955,-34.0489893127546],[150.83459175089678,-34.0489893127546],[150.83459175089678,-34.057982516391846],[150.82559854725955,-34.057982516391846]]]}},{"type":"Feature","properties":{"jobs":353,"pop":196,"pointCount":2,"homeWorkCommuteMedian":39025,"workHomeCommuteMedian":5578},"geometry":{"type":"Polygon","coordinates":[[[150.82559854725955,-34.0489893127546],[150.82559854725955,-34.039996109117354],[150.83459175089678,-34.039996109117354],[150.83459175089678,-34.0489893127546],[150.82559854725955,-34.0489893127546]]]}},{"type":"Feature","properties":{"jobs":1887,"pop":302,"pointCount":2,"homeWorkCommuteMedian":51644,"workHomeCommuteMedian":9827},"geometry":{"type":"Polygon","coordinates":[[[150.82559854725955,-34.039996109117354],[150.82559854725955,-34.03100290548011],[150.83459175089678,-34.03100290548011],[150.83459175089678,-34.039996109117354],[150.82559854725955,-34.039996109117354]]]}},{"type":"Feature","properties":{"jobs":0,"pop":740,"pointCount":5,"homeWorkCommuteMedian":47409,"workHomeCommuteMedian":-1},"geometry":{"type":"Polygon","coordinates":[[[150.82559854725955,-34.03100290548011],[150.82559854725955,-34.02200970184286],[150.83459175089678,-34.02200970184286],[150.83459175089678,-34.03100290548011],[150.82559854725955,-34.03100290548011]]]}},{"type":"Feature","properties":{"jobs":0,"pop":923,"pointCount":5,"homeWorkCommuteMedian":20549,"workHomeCommuteMedian":-1},"geometry":{"type":"Polygon","coordinates":[[[150.82559854725955,-34.02200970184286],[150.82559854725955,-34.013016498205616],[150.83459175089678,-34.013016498205616],[150.83459175089678,-34.02200970184286],[150.82559854725955,-34.02200970184286]]]}},{"type":"Feature","properties":{"jobs":0,"pop":189,"pointCount":1,"homeWorkCommuteMedian":11228,"workHomeCommuteMedian":-1},"geometry":{"type":"Polygon","coordinates":[[[150.82559854725955,-34.013016498205616],[150.82559854725955,-34.00402329456837],[150.83459175089678,-34.00402329456837],[150.83459175089678,-34.013016498205616],[150.82559854725955,-34.013016498205616]]]}},{"type":"Feature","properties":{"jobs":145,"pop":372,"pointCount":1,"homeWorkCommuteMedian":18534,"workHomeCommuteMedian":5528},"geometry":{"type":"Polygon","coordinates":[[[150.82559854725955,-33.995030090931124],[150.82559854725955,-33.98603688729388],[150.83459175089678,-33.98603688729388],[150.83459175089678,-33.995030090931124],[150.82559854725955,-33.995030090931124]]]}},{"type":"Feature","properties":{"jobs":361,"pop":136,"pointCount":1,"homeWorkCommuteMedian":41342,"workHomeCommuteMedian":5580},"geometry":{"type":"Polygon","coordinates":[[[150.82559854725955,-33.968050480019386],[150.82559854725955,-33.95905727638214],[150.83459175089678,-33.95905727638214],[150.83459175089678,-33.968050480019386],[150.82559854725955,-33.968050480019386]]]}},{"type":"Feature","properties":{"jobs":121,"pop":384,"pointCount":3,"homeWorkCommuteMedian":13298,"workHomeCommuteMedian":17976},"geometry":{"type":"Polygon","coordinates":[[[150.82559854725955,-33.950064072744894],[150.82559854725955,-33.94107086910765],[150.83459175089678,-33.94107086910765],[150.83459175089678,-33.950064072744894],[150.82559854725955,-33.950064072744894]]]}},{"type":"Feature","properties":{"jobs":0,"pop":984,"pointCount":5,"homeWorkCommuteMedian":23966,"workHomeCommuteMedian":-1},"geometry":{"type":"Polygon","coordinates":[[[150.82559854725955,-33.94107086910765],[150.82559854725955,-33.9320776654704],[150.83459175089678,-33.9320776654704],[150.83459175089678,-33.94107086910765],[150.82559854725955,-33.94107086910765]]]}},{"type":"Feature","properties":{"jobs":674,"pop":0,"pointCount":1,"homeWorkCommuteMedian":-1,"workHomeCommuteMedian":5490},"geometry":{"type":"Polygon","coordinates":[[[150.82559854725955,-33.9320776654704],[150.82559854725955,-33.923084461833156],[150.83459175089678,-33.923084461833156],[150.83459175089678,-33.9320776654704],[150.82559854725955,-33.9320776654704]]]}},{"type":"Feature","properties":{"jobs":99,"pop":240,"pointCount":2,"homeWorkCommuteMedian":25161,"workHomeCommuteMedian":4426},"geometry":{"type":"Polygon","coordinates":[[[150.82559854725955,-33.923084461833156],[150.82559854725955,-33.91409125819591],[150.83459175089678,-33.91409125819591],[150.83459175089678,-33.923084461833156],[150.82559854725955,-33.923084461833156]]]}},{"type":"Feature","properties":{"jobs":0,"pop":116,"pointCount":1,"homeWorkCommuteMedian":3407,"workHomeCommuteMedian":-1},"geometry":{"type":"Polygon","coordinates":[[[150.82559854725955,-33.85113883273519],[150.82559854725955,-33.84214562909794],[150.83459175089678,-33.84214562909794],[150.83459175089678,-33.85113883273519],[150.82559854725955,-33.85113883273519]]]}},{"type":"Feature","properties":{"jobs":2110,"pop":130,"pointCount":1,"homeWorkCommuteMedian":23366,"workHomeCommuteMedian":19639},"geometry":{"type":"Polygon","coordinates":[[[150.82559854725955,-33.833152425460696],[150.82559854725955,-33.82415922182345],[150.83459175089678,-33.82415922182345],[150.83459175089678,-33.833152425460696],[150.82559854725955,-33.833152425460696]]]}},{"type":"Feature","properties":{"jobs":8638,"pop":0,"pointCount":1,"homeWorkCommuteMedian":-1,"workHomeCommuteMedian":20012},"geometry":{"type":"Polygon","coordinates":[[[150.82559854725955,-33.815166018186204],[150.82559854725955,-33.80617281454896],[150.83459175089678,-33.80617281454896],[150.83459175089678,-33.815166018186204],[150.82559854725955,-33.815166018186204]]]}},{"type":"Feature","properties":{"jobs":218,"pop":282,"pointCount":2,"homeWorkCommuteMedian":24922,"workHomeCommuteMedian":26860},"geometry":{"type":"Polygon","coordinates":[[[150.82559854725955,-33.79717961091171],[150.82559854725955,-33.788186407274466],[150.83459175089678,-33.788186407274466],[150.83459175089678,-33.79717961091171],[150.82559854725955,-33.79717961091171]]]}},{"type":"Feature","properties":{"jobs":276,"pop":1124,"pointCount":6,"homeWorkCommuteMedian":42552,"workHomeCommuteMedian":46893},"geometry":{"type":"Polygon","coordinates":[[[150.82559854725955,-33.788186407274466],[150.82559854725955,-33.77919320363722],[150.83459175089678,-33.77919320363722],[150.83459175089678,-33.788186407274466],[150.82559854725955,-33.788186407274466]]]}},{"type":"Feature","properties":{"jobs":0,"pop":911,"pointCount":3,"homeWorkCommuteMedian":41446,"workHomeCommuteMedian":-1},"geometry":{"type":"Polygon","coordinates":[[[150.82559854725955,-33.77919320363722],[150.82559854725955,-33.770199999999974],[150.83459175089678,-33.770199999999974],[150.83459175089678,-33.77919320363722],[150.82559854725955,-33.77919320363722]]]}},{"type":"Feature","properties":{"jobs":2374,"pop":427,"pointCount":3,"homeWorkCommuteMedian":14015,"workHomeCommuteMedian":7652},"geometry":{"type":"Polygon","coordinates":[[[150.82559854725955,-33.770199999999974],[150.82559854725955,-33.76120679636273],[150.83459175089678,-33.76120679636273],[150.83459175089678,-33.770199999999974],[150.82559854725955,-33.770199999999974]]]}},{"type":"Feature","properties":{"jobs":683,"pop":1252,"pointCount":5,"homeWorkCommuteMedian":10287,"workHomeCommuteMedian":23648},"geometry":{"type":"Polygon","coordinates":[[[150.82559854725955,-33.76120679636273],[150.82559854725955,-33.75221359272548],[150.83459175089678,-33.75221359272548],[150.83459175089678,-33.76120679636273],[150.82559854725955,-33.76120679636273]]]}},{"type":"Feature","properties":{"jobs":1038,"pop":980,"pointCount":4,"homeWorkCommuteMedian":9106,"workHomeCommuteMedian":9837},"geometry":{"type":"Polygon","coordinates":[[[150.82559854725955,-33.75221359272548],[150.82559854725955,-33.743220389088236],[150.83459175089678,-33.743220389088236],[150.83459175089678,-33.75221359272548],[150.82559854725955,-33.75221359272548]]]}},{"type":"Feature","properties":{"jobs":0,"pop":1520,"pointCount":8,"homeWorkCommuteMedian":17264,"workHomeCommuteMedian":-1},"geometry":{"type":"Polygon","coordinates":[[[150.82559854725955,-33.743220389088236],[150.82559854725955,-33.73422718545099],[150.83459175089678,-33.73422718545099],[150.83459175089678,-33.743220389088236],[150.82559854725955,-33.743220389088236]]]}},{"type":"Feature","properties":{"jobs":0,"pop":821,"pointCount":5,"homeWorkCommuteMedian":30537,"workHomeCommuteMedian":-1},"geometry":{"type":"Polygon","coordinates":[[[150.82559854725955,-33.73422718545099],[150.82559854725955,-33.725233981813744],[150.83459175089678,-33.725233981813744],[150.83459175089678,-33.73422718545099],[150.82559854725955,-33.73422718545099]]]}},{"type":"Feature","properties":{"jobs":2640,"pop":247,"pointCount":1,"homeWorkCommuteMedian":38158,"workHomeCommuteMedian":18010},"geometry":{"type":"Polygon","coordinates":[[[150.82559854725955,-33.725233981813744],[150.82559854725955,-33.7162407781765],[150.83459175089678,-33.7162407781765],[150.83459175089678,-33.725233981813744],[150.82559854725955,-33.725233981813744]]]}},{"type":"Feature","properties":{"jobs":290,"pop":129,"pointCount":1,"homeWorkCommuteMedian":50710,"workHomeCommuteMedian":6818},"geometry":{"type":"Polygon","coordinates":[[[150.82559854725955,-33.70724757453925],[150.82559854725955,-33.698254370902006],[150.83459175089678,-33.698254370902006],[150.83459175089678,-33.70724757453925],[150.82559854725955,-33.70724757453925]]]}},{"type":"Feature","properties":{"jobs":346,"pop":56,"pointCount":1,"homeWorkCommuteMedian":4629,"workHomeCommuteMedian":28298},"geometry":{"type":"Polygon","coordinates":[[[150.82559854725955,-33.67127475999027],[150.82559854725955,-33.66228155635302],[150.83459175089678,-33.66228155635302],[150.83459175089678,-33.67127475999027],[150.82559854725955,-33.67127475999027]]]}},{"type":"Feature","properties":{"jobs":2598,"pop":59,"pointCount":1,"homeWorkCommuteMedian":33453,"workHomeCommuteMedian":8852},"geometry":{"type":"Polygon","coordinates":[[[150.82559854725955,-33.635301945441284],[150.82559854725955,-33.62630874180404],[150.83459175089678,-33.62630874180404],[150.83459175089678,-33.635301945441284],[150.82559854725955,-33.635301945441284]]]}},{"type":"Feature","properties":{"jobs":1679,"pop":89,"pointCount":1,"homeWorkCommuteMedian":36107,"workHomeCommuteMedian":15119},"geometry":{"type":"Polygon","coordinates":[[[150.82559854725955,-33.60832233452955],[150.82559854725955,-33.5993291308923],[150.83459175089678,-33.5993291308923],[150.83459175089678,-33.60832233452955],[150.82559854725955,-33.60832233452955]]]}},{"type":"Feature","properties":{"jobs":0,"pop":641,"pointCount":5,"homeWorkCommuteMedian":10506,"workHomeCommuteMedian":-1},"geometry":{"type":"Polygon","coordinates":[[[150.83459175089678,-34.084962127303584],[150.83459175089678,-34.07596892366634],[150.843584954534,-34.07596892366634],[150.843584954534,-34.084962127303584],[150.83459175089678,-34.084962127303584]]]}},{"type":"Feature","properties":{"jobs":0,"pop":484,"pointCount":3,"homeWorkCommuteMedian":43290,"workHomeCommuteMedian":-1},"geometry":{"type":"Polygon","coordinates":[[[150.83459175089678,-34.07596892366634],[150.83459175089678,-34.06697572002909],[150.843584954534,-34.06697572002909],[150.843584954534,-34.07596892366634],[150.83459175089678,-34.07596892366634]]]}},{"type":"Feature","properties":{"jobs":136,"pop":737,"pointCount":3,"homeWorkCommuteMedian":12254,"workHomeCommuteMedian":20514},"geometry":{"type":"Polygon","coordinates":[[[150.83459175089678,-34.06697572002909],[150.83459175089678,-34.057982516391846],[150.843584954534,-34.057982516391846],[150.843584954534,-34.06697572002909],[150.83459175089678,-34.06697572002909]]]}},{"type":"Feature","properties":{"jobs":350,"pop":1043,"pointCount":5,"homeWorkCommuteMedian":12281,"workHomeCommuteMedian":21510},"geometry":{"type":"Polygon","coordinates":[[[150.83459175089678,-34.057982516391846],[150.83459175089678,-34.0489893127546],[150.843584954534,-34.0489893127546],[150.843584954534,-34.057982516391846],[150.83459175089678,-34.057982516391846]]]}},{"type":"Feature","properties":{"jobs":0,"pop":233,"pointCount":1,"homeWorkCommuteMedian":21146,"workHomeCommuteMedian":-1},"geometry":{"type":"Polygon","coordinates":[[[150.83459175089678,-34.0489893127546],[150.83459175089678,-34.039996109117354],[150.843584954534,-34.039996109117354],[150.843584954534,-34.0489893127546],[150.83459175089678,-34.0489893127546]]]}},{"type":"Feature","properties":{"jobs":1816,"pop":0,"pointCount":1,"homeWorkCommuteMedian":-1,"workHomeCommuteMedian":16683},"geometry":{"type":"Polygon","coordinates":[[[150.83459175089678,-34.039996109117354],[150.83459175089678,-34.03100290548011],[150.843584954534,-34.03100290548011],[150.843584954534,-34.039996109117354],[150.83459175089678,-34.039996109117354]]]}},{"type":"Feature","properties":{"jobs":846,"pop":0,"pointCount":1,"homeWorkCommuteMedian":-1,"workHomeCommuteMedian":9038},"geometry":{"type":"Polygon","coordinates":[[[150.83459175089678,-34.03100290548011],[150.83459175089678,-34.02200970184286],[150.843584954534,-34.02200970184286],[150.843584954534,-34.03100290548011],[150.83459175089678,-34.03100290548011]]]}},{"type":"Feature","properties":{"jobs":0,"pop":862,"pointCount":5,"homeWorkCommuteMedian":43188,"workHomeCommuteMedian":-1},"geometry":{"type":"Polygon","coordinates":[[[150.83459175089678,-34.02200970184286],[150.83459175089678,-34.013016498205616],[150.843584954534,-34.013016498205616],[150.843584954534,-34.02200970184286],[150.83459175089678,-34.02200970184286]]]}},{"type":"Feature","properties":{"jobs":1135,"pop":0,"pointCount":1,"homeWorkCommuteMedian":-1,"workHomeCommuteMedian":6906},"geometry":{"type":"Polygon","coordinates":[[[150.83459175089678,-34.013016498205616],[150.83459175089678,-34.00402329456837],[150.843584954534,-34.00402329456837],[150.843584954534,-34.013016498205616],[150.83459175089678,-34.013016498205616]]]}},{"type":"Feature","properties":{"jobs":324,"pop":238,"pointCount":2,"homeWorkCommuteMedian":21875,"workHomeCommuteMedian":13753},"geometry":{"type":"Polygon","coordinates":[[[150.83459175089678,-33.97704368365663],[150.83459175089678,-33.968050480019386],[150.843584954534,-33.968050480019386],[150.843584954534,-33.97704368365663],[150.83459175089678,-33.97704368365663]]]}},{"type":"Feature","properties":{"jobs":0,"pop":211,"pointCount":1,"homeWorkCommuteMedian":18610,"workHomeCommuteMedian":-1},"geometry":{"type":"Polygon","coordinates":[[[150.83459175089678,-33.95905727638214],[150.83459175089678,-33.950064072744894],[150.843584954534,-33.950064072744894],[150.843584954534,-33.95905727638214],[150.83459175089678,-33.95905727638214]]]}},{"type":"Feature","properties":{"jobs":102,"pop":704,"pointCount":3,"homeWorkCommuteMedian":27252,"workHomeCommuteMedian":8067},"geometry":{"type":"Polygon","coordinates":[[[150.83459175089678,-33.950064072744894],[150.83459175089678,-33.94107086910765],[150.843584954534,-33.94107086910765],[150.843584954534,-33.950064072744894],[150.83459175089678,-33.950064072744894]]]}},{"type":"Feature","properties":{"jobs":0,"pop":1518,"pointCount":5,"homeWorkCommuteMedian":16017,"workHomeCommuteMedian":-1},"geometry":{"type":"Polygon","coordinates":[[[150.83459175089678,-33.94107086910765],[150.83459175089678,-33.9320776654704],[150.843584954534,-33.9320776654704],[150.843584954534,-33.94107086910765],[150.83459175089678,-33.94107086910765]]]}},{"type":"Feature","properties":{"jobs":0,"pop":675,"pointCount":3,"homeWorkCommuteMedian":8794,"workHomeCommuteMedian":-1},"geometry":{"type":"Polygon","coordinates":[[[150.83459175089678,-33.9320776654704],[150.83459175089678,-33.923084461833156],[150.843584954534,-33.923084461833156],[150.843584954534,-33.9320776654704],[150.83459175089678,-33.9320776654704]]]}},{"type":"Feature","properties":{"jobs":0,"pop":1036,"pointCount":6,"homeWorkCommuteMedian":22369,"workHomeCommuteMedian":-1},"geometry":{"type":"Polygon","coordinates":[[[150.83459175089678,-33.923084461833156],[150.83459175089678,-33.91409125819591],[150.843584954534,-33.91409125819591],[150.843584954534,-33.923084461833156],[150.83459175089678,-33.923084461833156]]]}},{"type":"Feature","properties":{"jobs":175,"pop":652,"pointCount":3,"homeWorkCommuteMedian":29578,"workHomeCommuteMedian":26648},"geometry":{"type":"Polygon","coordinates":[[[150.83459175089678,-33.91409125819591],[150.83459175089678,-33.905098054558664],[150.843584954534,-33.905098054558664],[150.843584954534,-33.91409125819591],[150.83459175089678,-33.91409125819591]]]}},{"type":"Feature","properties":{"jobs":211,"pop":0,"pointCount":1,"homeWorkCommuteMedian":-1,"workHomeCommuteMedian":24505},"geometry":{"type":"Polygon","coordinates":[[[150.83459175089678,-33.89610485092142],[150.83459175089678,-33.88711164728417],[150.843584954534,-33.88711164728417],[150.843584954534,-33.89610485092142],[150.83459175089678,-33.89610485092142]]]}},{"type":"Feature","properties":{"jobs":0,"pop":240,"pointCount":1,"homeWorkCommuteMedian":26935,"workHomeCommuteMedian":-1},"geometry":{"type":"Polygon","coordinates":[[[150.83459175089678,-33.88711164728417],[150.83459175089678,-33.878118443646926],[150.843584954534,-33.878118443646926],[150.843584954534,-33.88711164728417],[150.83459175089678,-33.88711164728417]]]}},{"type":"Feature","properties":{"jobs":135,"pop":148,"pointCount":1,"homeWorkCommuteMedian":12341,"workHomeCommuteMedian":18832},"geometry":{"type":"Polygon","coordinates":[[[150.83459175089678,-33.86912524000968],[150.83459175089678,-33.860132036372434],[150.843584954534,-33.860132036372434],[150.843584954534,-33.86912524000968],[150.83459175089678,-33.86912524000968]]]}},{"type":"Feature","properties":{"jobs":492,"pop":205,"pointCount":1,"homeWorkCommuteMedian":38426,"workHomeCommuteMedian":20580},"geometry":{"type":"Polygon","coordinates":[[[150.83459175089678,-33.860132036372434],[150.83459175089678,-33.85113883273519],[150.843584954534,-33.85113883273519],[150.843584954534,-33.860132036372434],[150.83459175089678,-33.860132036372434]]]}},{"type":"Feature","properties":{"jobs":0,"pop":462,"pointCount":2,"homeWorkCommuteMedian":23326,"workHomeCommuteMedian":-1},"geometry":{"type":"Polygon","coordinates":[[[150.83459175089678,-33.79717961091171],[150.83459175089678,-33.788186407274466],[150.843584954534,-33.788186407274466],[150.843584954534,-33.79717961091171],[150.83459175089678,-33.79717961091171]]]}},{"type":"Feature","properties":{"jobs":356,"pop":1577,"pointCount":6,"homeWorkCommuteMedian":25162,"workHomeCommuteMedian":10263},"geometry":{"type":"Polygon","coordinates":[[[150.83459175089678,-33.788186407274466],[150.83459175089678,-33.77919320363722],[150.843584954534,-33.77919320363722],[150.843584954534,-33.788186407274466],[150.83459175089678,-33.788186407274466]]]}},{"type":"Feature","properties":{"jobs":220,"pop":1144,"pointCount":5,"homeWorkCommuteMedian":7990,"workHomeCommuteMedian":34559},"geometry":{"type":"Polygon","coordinates":[[[150.83459175089678,-33.77919320363722],[150.83459175089678,-33.770199999999974],[150.843584954534,-33.770199999999974],[150.843584954534,-33.77919320363722],[150.83459175089678,-33.77919320363722]]]}},{"type":"Feature","properties":{"jobs":272,"pop":1222,"pointCount":5,"homeWorkCommuteMedian":40666,"workHomeCommuteMedian":24690},"geometry":{"type":"Polygon","coordinates":[[[150.83459175089678,-33.770199999999974],[150.83459175089678,-33.76120679636273],[150.843584954534,-33.76120679636273],[150.843584954534,-33.770199999999974],[150.83459175089678,-33.770199999999974]]]}},{"type":"Feature","properties":{"jobs":0,"pop":1518,"pointCount":6,"homeWorkCommuteMedian":14172,"workHomeCommuteMedian":-1},"geometry":{"type":"Polygon","coordinates":[[[150.83459175089678,-33.76120679636273],[150.83459175089678,-33.75221359272548],[150.843584954534,-33.75221359272548],[150.843584954534,-33.76120679636273],[150.83459175089678,-33.76120679636273]]]}},{"type":"Feature","properties":{"jobs":431,"pop":400,"pointCount":2,"homeWorkCommuteMedian":25851,"workHomeCommuteMedian":20982},"geometry":{"type":"Polygon","coordinates":[[[150.83459175089678,-33.75221359272548],[150.83459175089678,-33.743220389088236],[150.843584954534,-33.743220389088236],[150.843584954534,-33.75221359272548],[150.83459175089678,-33.75221359272548]]]}},{"type":"Feature","properties":{"jobs":0,"pop":1096,"pointCount":3,"homeWorkCommuteMedian":26000,"workHomeCommuteMedian":-1},"geometry":{"type":"Polygon","coordinates":[[[150.83459175089678,-33.743220389088236],[150.83459175089678,-33.73422718545099],[150.843584954534,-33.73422718545099],[150.843584954534,-33.743220389088236],[150.83459175089678,-33.743220389088236]]]}},{"type":"Feature","properties":{"jobs":744,"pop":1549,"pointCount":6,"homeWorkCommuteMedian":21035,"workHomeCommuteMedian":7297},"geometry":{"type":"Polygon","coordinates":[[[150.83459175089678,-33.73422718545099],[150.83459175089678,-33.725233981813744],[150.843584954534,-33.725233981813744],[150.843584954534,-33.73422718545099],[150.83459175089678,-33.73422718545099]]]}},{"type":"Feature","properties":{"jobs":265,"pop":0,"pointCount":1,"homeWorkCommuteMedian":-1,"workHomeCommuteMedian":28081},"geometry":{"type":"Polygon","coordinates":[[[150.83459175089678,-33.70724757453925],[150.83459175089678,-33.698254370902006],[150.843584954534,-33.698254370902006],[150.843584954534,-33.70724757453925],[150.83459175089678,-33.70724757453925]]]}},{"type":"Feature","properties":{"jobs":0,"pop":70,"pointCount":1,"homeWorkCommuteMedian":47789,"workHomeCommuteMedian":-1},"geometry":{"type":"Polygon","coordinates":[[[150.83459175089678,-33.698254370902006],[150.83459175089678,-33.68926116726476],[150.843584954534,-33.68926116726476],[150.843584954534,-33.698254370902006],[150.83459175089678,-33.698254370902006]]]}},{"type":"Feature","properties":{"jobs":287,"pop":0,"pointCount":1,"homeWorkCommuteMedian":-1,"workHomeCommuteMedian":46773},"geometry":{"type":"Polygon","coordinates":[[[150.83459175089678,-33.65328835271578],[150.83459175089678,-33.64429514907853],[150.843584954534,-33.64429514907853],[150.843584954534,-33.65328835271578],[150.83459175089678,-33.65328835271578]]]}},{"type":"Feature","properties":{"jobs":0,"pop":268,"pointCount":1,"homeWorkCommuteMedian":42774,"workHomeCommuteMedian":-1},"geometry":{"type":"Polygon","coordinates":[[[150.83459175089678,-33.62630874180404],[150.83459175089678,-33.61731553816679],[150.843584954534,-33.61731553816679],[150.843584954534,-33.62630874180404],[150.83459175089678,-33.62630874180404]]]}},{"type":"Feature","properties":{"jobs":112,"pop":843,"pointCount":3,"homeWorkCommuteMedian":23253,"workHomeCommuteMedian":24224},"geometry":{"type":"Polygon","coordinates":[[[150.83459175089678,-33.61731553816679],[150.83459175089678,-33.60832233452955],[150.843584954534,-33.60832233452955],[150.843584954534,-33.61731553816679],[150.83459175089678,-33.61731553816679]]]}},{"type":"Feature","properties":{"jobs":0,"pop":189,"pointCount":1,"homeWorkCommuteMedian":8724,"workHomeCommuteMedian":-1},"geometry":{"type":"Polygon","coordinates":[[[150.83459175089678,-33.56335631634332],[150.83459175089678,-33.55436311270607],[150.843584954534,-33.55436311270607],[150.843584954534,-33.56335631634332],[150.83459175089678,-33.56335631634332]]]}},{"type":"Feature","properties":{"jobs":0,"pop":370,"pointCount":2,"homeWorkCommuteMedian":52784,"workHomeCommuteMedian":-1},"geometry":{"type":"Polygon","coordinates":[[[150.83459175089678,-33.55436311270607],[150.83459175089678,-33.545369909068825],[150.843584954534,-33.545369909068825],[150.843584954534,-33.55436311270607],[150.83459175089678,-33.55436311270607]]]}},{"type":"Feature","properties":{"jobs":199,"pop":181,"pointCount":1,"homeWorkCommuteMedian":35880,"workHomeCommuteMedian":9958},"geometry":{"type":"Polygon","coordinates":[[[150.83459175089678,-33.52738350179433],[150.83459175089678,-33.51839029815709],[150.843584954534,-33.51839029815709],[150.843584954534,-33.52738350179433],[150.83459175089678,-33.52738350179433]]]}},{"type":"Feature","properties":{"jobs":0,"pop":588,"pointCount":3,"homeWorkCommuteMedian":44277,"workHomeCommuteMedian":-1},"geometry":{"type":"Polygon","coordinates":[[[150.843584954534,-34.07596892366634],[150.843584954534,-34.06697572002909],[150.85257815817124,-34.06697572002909],[150.85257815817124,-34.07596892366634],[150.843584954534,-34.07596892366634]]]}},{"type":"Feature","properties":{"jobs":0,"pop":493,"pointCount":2,"homeWorkCommuteMedian":51784,"workHomeCommuteMedian":-1},"geometry":{"type":"Polygon","coordinates":[[[150.843584954534,-34.06697572002909],[150.843584954534,-34.057982516391846],[150.85257815817124,-34.057982516391846],[150.85257815817124,-34.06697572002909],[150.843584954534,-34.06697572002909]]]}},{"type":"Feature","properties":{"jobs":131,"pop":541,"pointCount":3,"homeWorkCommuteMedian":43933,"workHomeCommuteMedian":14602},"geometry":{"type":"Polygon","coordinates":[[[150.843584954534,-34.057982516391846],[150.843584954534,-34.0489893127546],[150.85257815817124,-34.0489893127546],[150.85257815817124,-34.057982516391846],[150.843584954534,-34.057982516391846]]]}},{"type":"Feature","properties":{"jobs":0,"pop":709,"pointCount":4,"homeWorkCommuteMedian":43112,"workHomeCommuteMedian":-1},"geometry":{"type":"Polygon","coordinates":[[[150.843584954534,-34.0489893127546],[150.843584954534,-34.039996109117354],[150.85257815817124,-34.039996109117354],[150.85257815817124,-34.0489893127546],[150.843584954534,-34.0489893127546]]]}},{"type":"Feature","properties":{"jobs":0,"pop":1014,"pointCount":4,"homeWorkCommuteMedian":30152,"workHomeCommuteMedian":-1},"geometry":{"type":"Polygon","coordinates":[[[150.843584954534,-34.039996109117354],[150.843584954534,-34.03100290548011],[150.85257815817124,-34.03100290548011],[150.85257815817124,-34.039996109117354],[150.843584954534,-34.039996109117354]]]}},{"type":"Feature","properties":{"jobs":893,"pop":1094,"pointCount":4,"homeWorkCommuteMedian":18482,"workHomeCommuteMedian":22569},"geometry":{"type":"Polygon","coordinates":[[[150.843584954534,-34.03100290548011],[150.843584954534,-34.02200970184286],[150.85257815817124,-34.02200970184286],[150.85257815817124,-34.03100290548011],[150.843584954534,-34.03100290548011]]]}},{"type":"Feature","properties":{"jobs":367,"pop":403,"pointCount":3,"homeWorkCommuteMedian":26884,"workHomeCommuteMedian":17357},"geometry":{"type":"Polygon","coordinates":[[[150.843584954534,-34.02200970184286],[150.843584954534,-34.013016498205616],[150.85257815817124,-34.013016498205616],[150.85257815817124,-34.02200970184286],[150.843584954534,-34.02200970184286]]]}},{"type":"Feature","properties":{"jobs":0,"pop":120,"pointCount":1,"homeWorkCommuteMedian":41398,"workHomeCommuteMedian":-1},"geometry":{"type":"Polygon","coordinates":[[[150.843584954534,-33.995030090931124],[150.843584954534,-33.98603688729388],[150.85257815817124,-33.98603688729388],[150.85257815817124,-33.995030090931124],[150.843584954534,-33.995030090931124]]]}},{"type":"Feature","properties":{"jobs":225,"pop":828,"pointCount":4,"homeWorkCommuteMedian":22229,"workHomeCommuteMedian":41554},"geometry":{"type":"Polygon","coordinates":[[[150.843584954534,-33.968050480019386],[150.843584954534,-33.95905727638214],[150.85257815817124,-33.95905727638214],[150.85257815817124,-33.968050480019386],[150.843584954534,-33.968050480019386]]]}},{"type":"Feature","properties":{"jobs":182,"pop":1031,"pointCount":3,"homeWorkCommuteMedian":31061,"workHomeCommuteMedian":11090},"geometry":{"type":"Polygon","coordinates":[[[150.843584954534,-33.95905727638214],[150.843584954534,-33.950064072744894],[150.85257815817124,-33.950064072744894],[150.85257815817124,-33.95905727638214],[150.843584954534,-33.95905727638214]]]}},{"type":"Feature","properties":{"jobs":512,"pop":1214,"pointCount":5,"homeWorkCommuteMedian":21285,"workHomeCommuteMedian":11671},"geometry":{"type":"Polygon","coordinates":[[[150.843584954534,-33.950064072744894],[150.843584954534,-33.94107086910765],[150.85257815817124,-33.94107086910765],[150.85257815817124,-33.950064072744894],[150.843584954534,-33.950064072744894]]]}},{"type":"Feature","properties":{"jobs":859,"pop":1168,"pointCount":2,"homeWorkCommuteMedian":14804,"workHomeCommuteMedian":18482},"geometry":{"type":"Polygon","coordinates":[[[150.843584954534,-33.94107086910765],[150.843584954534,-33.9320776654704],[150.85257815817124,-33.9320776654704],[150.85257815817124,-33.94107086910765],[150.843584954534,-33.94107086910765]]]}},{"type":"Feature","properties":{"jobs":111,"pop":1391,"pointCount":6,"homeWorkCommuteMedian":17673,"workHomeCommuteMedian":50096},"geometry":{"type":"Polygon","coordinates":[[[150.843584954534,-33.9320776654704],[150.843584954534,-33.923084461833156],[150.85257815817124,-33.923084461833156],[150.85257815817124,-33.9320776654704],[150.843584954534,-33.9320776654704]]]}},{"type":"Feature","properties":{"jobs":105,"pop":669,"pointCount":4,"homeWorkCommuteMedian":10062,"workHomeCommuteMedian":3671},"geometry":{"type":"Polygon","coordinates":[[[150.843584954534,-33.923084461833156],[150.843584954534,-33.91409125819591],[150.85257815817124,-33.91409125819591],[150.85257815817124,-33.923084461833156],[150.843584954534,-33.923084461833156]]]}},{"type":"Feature","properties":{"jobs":0,"pop":494,"pointCount":1,"homeWorkCommuteMedian":30902,"workHomeCommuteMedian":-1},"geometry":{"type":"Polygon","coordinates":[[[150.843584954534,-33.91409125819591],[150.843584954534,-33.905098054558664],[150.85257815817124,-33.905098054558664],[150.85257815817124,-33.91409125819591],[150.843584954534,-33.91409125819591]]]}},{"type":"Feature","properties":{"jobs":1068,"pop":1497,"pointCount":1,"homeWorkCommuteMedian":30094,"workHomeCommuteMedian":8941},"geometry":{"type":"Polygon","coordinates":[[[150.843584954534,-33.905098054558664],[150.843584954534,-33.89610485092142],[150.85257815817124,-33.89610485092142],[150.85257815817124,-33.905098054558664],[150.843584954534,-33.905098054558664]]]}},{"type":"Feature","properties":{"jobs":404,"pop":910,"pointCount":4,"homeWorkCommuteMedian":37448,"workHomeCommuteMedian":6790},"geometry":{"type":"Polygon","coordinates":[[[150.843584954534,-33.89610485092142],[150.843584954534,-33.88711164728417],[150.85257815817124,-33.88711164728417],[150.85257815817124,-33.89610485092142],[150.843584954534,-33.89610485092142]]]}},{"type":"Feature","properties":{"jobs":0,"pop":810,"pointCount":3,"homeWorkCommuteMedian":18527,"workHomeCommuteMedian":-1},"geometry":{"type":"Polygon","coordinates":[[[150.843584954534,-33.88711164728417],[150.843584954534,-33.878118443646926],[150.85257815817124,-33.878118443646926],[150.85257815817124,-33.88711164728417],[150.843584954534,-33.88711164728417]]]}},{"type":"Feature","properties":{"jobs":761,"pop":203,"pointCount":1,"homeWorkCommuteMedian":26645,"workHomeCommuteMedian":24352},"geometry":{"type":"Polygon","coordinates":[[[150.843584954534,-33.84214562909794],[150.843584954534,-33.833152425460696],[150.85257815817124,-33.833152425460696],[150.85257815817124,-33.84214562909794],[150.843584954534,-33.84214562909794]]]}},{"type":"Feature","properties":{"jobs":378,"pop":203,"pointCount":1,"homeWorkCommuteMedian":38804,"workHomeCommuteMedian":9643},"geometry":{"type":"Polygon","coordinates":[[[150.843584954534,-33.79717961091171],[150.843584954534,-33.788186407274466],[150.85257815817124,-33.788186407274466],[150.85257815817124,-33.79717961091171],[150.843584954534,-33.79717961091171]]]}},{"type":"Feature","properties":{"jobs":514,"pop":634,"pointCount":3,"homeWorkCommuteMedian":38622,"workHomeCommuteMedian":21854},"geometry":{"type":"Polygon","coordinates":[[[150.843584954534,-33.788186407274466],[150.843584954534,-33.77919320363722],[150.85257815817124,-33.77919320363722],[150.85257815817124,-33.788186407274466],[150.843584954534,-33.788186407274466]]]}},{"type":"Feature","properties":{"jobs":287,"pop":457,"pointCount":3,"homeWorkCommuteMedian":17484,"workHomeCommuteMedian":16964},"geometry":{"type":"Polygon","coordinates":[[[150.843584954534,-33.77919320363722],[150.843584954534,-33.770199999999974],[150.85257815817124,-33.770199999999974],[150.85257815817124,-33.77919320363722],[150.843584954534,-33.77919320363722]]]}},{"type":"Feature","properties":{"jobs":1060,"pop":401,"pointCount":3,"homeWorkCommuteMedian":27502,"workHomeCommuteMedian":12180},"geometry":{"type":"Polygon","coordinates":[[[150.843584954534,-33.770199999999974],[150.843584954534,-33.76120679636273],[150.85257815817124,-33.76120679636273],[150.85257815817124,-33.770199999999974],[150.843584954534,-33.770199999999974]]]}},{"type":"Feature","properties":{"jobs":670,"pop":573,"pointCount":3,"homeWorkCommuteMedian":20937,"workHomeCommuteMedian":16677},"geometry":{"type":"Polygon","coordinates":[[[150.843584954534,-33.76120679636273],[150.843584954534,-33.75221359272548],[150.85257815817124,-33.75221359272548],[150.85257815817124,-33.76120679636273],[150.843584954534,-33.76120679636273]]]}},{"type":"Feature","properties":{"jobs":1146,"pop":1013,"pointCount":4,"homeWorkCommuteMedian":20539,"workHomeCommuteMedian":15173},"geometry":{"type":"Polygon","coordinates":[[[150.843584954534,-33.75221359272548],[150.843584954534,-33.743220389088236],[150.85257815817124,-33.743220389088236],[150.85257815817124,-33.75221359272548],[150.843584954534,-33.75221359272548]]]}},{"type":"Feature","properties":{"jobs":173,"pop":1405,"pointCount":5,"homeWorkCommuteMedian":13174,"workHomeCommuteMedian":5019},"geometry":{"type":"Polygon","coordinates":[[[150.843584954534,-33.743220389088236],[150.843584954534,-33.73422718545099],[150.85257815817124,-33.73422718545099],[150.85257815817124,-33.743220389088236],[150.843584954534,-33.743220389088236]]]}},{"type":"Feature","properties":{"jobs":120,"pop":570,"pointCount":3,"homeWorkCommuteMedian":26960,"workHomeCommuteMedian":52061},"geometry":{"type":"Polygon","coordinates":[[[150.843584954534,-33.73422718545099],[150.843584954534,-33.725233981813744],[150.85257815817124,-33.725233981813744],[150.85257815817124,-33.73422718545099],[150.843584954534,-33.73422718545099]]]}},{"type":"Feature","properties":{"jobs":193,"pop":576,"pointCount":2,"homeWorkCommuteMedian":40732,"workHomeCommuteMedian":19155},"geometry":{"type":"Polygon","coordinates":[[[150.843584954534,-33.725233981813744],[150.843584954534,-33.7162407781765],[150.85257815817124,-33.7162407781765],[150.85257815817124,-33.725233981813744],[150.843584954534,-33.725233981813744]]]}},{"type":"Feature","properties":{"jobs":112,"pop":318,"pointCount":1,"homeWorkCommuteMedian":19686,"workHomeCommuteMedian":10224},"geometry":{"type":"Polygon","coordinates":[[[150.843584954534,-33.7162407781765],[150.843584954534,-33.70724757453925],[150.85257815817124,-33.70724757453925],[150.85257815817124,-33.7162407781765],[150.843584954534,-33.7162407781765]]]}},{"type":"Feature","properties":{"jobs":88,"pop":78,"pointCount":1,"homeWorkCommuteMedian":18239,"workHomeCommuteMedian":1966},"geometry":{"type":"Polygon","coordinates":[[[150.843584954534,-33.698254370902006],[150.843584954534,-33.68926116726476],[150.85257815817124,-33.68926116726476],[150.85257815817124,-33.698254370902006],[150.843584954534,-33.698254370902006]]]}},{"type":"Feature","properties":{"jobs":0,"pop":112,"pointCount":1,"homeWorkCommuteMedian":22148,"workHomeCommuteMedian":-1},"geometry":{"type":"Polygon","coordinates":[[[150.843584954534,-33.680267963627514],[150.843584954534,-33.67127475999027],[150.85257815817124,-33.67127475999027],[150.85257815817124,-33.680267963627514],[150.843584954534,-33.680267963627514]]]}},{"type":"Feature","properties":{"jobs":453,"pop":0,"pointCount":1,"homeWorkCommuteMedian":-1,"workHomeCommuteMedian":28982},"geometry":{"type":"Polygon","coordinates":[[[150.843584954534,-33.66228155635302],[150.843584954534,-33.65328835271578],[150.85257815817124,-33.65328835271578],[150.85257815817124,-33.66228155635302],[150.843584954534,-33.66228155635302]]]}},{"type":"Feature","properties":{"jobs":68,"pop":138,"pointCount":1,"homeWorkCommuteMedian":1116,"workHomeCommuteMedian":20726},"geometry":{"type":"Polygon","coordinates":[[[150.843584954534,-33.64429514907853],[150.843584954534,-33.635301945441284],[150.85257815817124,-33.635301945441284],[150.85257815817124,-33.64429514907853],[150.843584954534,-33.64429514907853]]]}},{"type":"Feature","properties":{"jobs":181,"pop":0,"pointCount":1,"homeWorkCommuteMedian":-1,"workHomeCommuteMedian":13223},"geometry":{"type":"Polygon","coordinates":[[[150.843584954534,-33.635301945441284],[150.843584954534,-33.62630874180404],[150.85257815817124,-33.62630874180404],[150.85257815817124,-33.635301945441284],[150.843584954534,-33.635301945441284]]]}},{"type":"Feature","properties":{"jobs":85,"pop":277,"pointCount":1,"homeWorkCommuteMedian":27420,"workHomeCommuteMedian":43092},"geometry":{"type":"Polygon","coordinates":[[[150.843584954534,-33.61731553816679],[150.843584954534,-33.60832233452955],[150.85257815817124,-33.60832233452955],[150.85257815817124,-33.61731553816679],[150.843584954534,-33.61731553816679]]]}},{"type":"Feature","properties":{"jobs":0,"pop":497,"pointCount":4,"homeWorkCommuteMedian":28396,"workHomeCommuteMedian":-1},"geometry":{"type":"Polygon","coordinates":[[[150.843584954534,-33.56335631634332],[150.843584954534,-33.55436311270607],[150.85257815817124,-33.55436311270607],[150.85257815817124,-33.56335631634332],[150.843584954534,-33.56335631634332]]]}},{"type":"Feature","properties":{"jobs":257,"pop":195,"pointCount":1,"homeWorkCommuteMedian":33332,"workHomeCommuteMedian":25454},"geometry":{"type":"Polygon","coordinates":[[[150.843584954534,-33.500403890882595],[150.843584954534,-33.49141068724535],[150.85257815817124,-33.49141068724535],[150.85257815817124,-33.500403890882595],[150.843584954534,-33.500403890882595]]]}},{"type":"Feature","properties":{"jobs":272,"pop":184,"pointCount":1,"homeWorkCommuteMedian":27469,"workHomeCommuteMedian":19229},"geometry":{"type":"Polygon","coordinates":[[[150.85257815817124,-34.07596892366634],[150.85257815817124,-34.06697572002909],[150.86157136180847,-34.06697572002909],[150.86157136180847,-34.07596892366634],[150.85257815817124,-34.07596892366634]]]}},{"type":"Feature","properties":{"jobs":0,"pop":265,"pointCount":2,"homeWorkCommuteMedian":53296,"workHomeCommuteMedian":-1},"geometry":{"type":"Polygon","coordinates":[[[150.85257815817124,-34.0489893127546],[150.85257815817124,-34.039996109117354],[150.86157136180847,-34.039996109117354],[150.86157136180847,-34.0489893127546],[150.85257815817124,-34.0489893127546]]]}},{"type":"Feature","properties":{"jobs":0,"pop":149,"pointCount":1,"homeWorkCommuteMedian":33627,"workHomeCommuteMedian":-1},"geometry":{"type":"Polygon","coordinates":[[[150.85257815817124,-34.039996109117354],[150.85257815817124,-34.03100290548011],[150.86157136180847,-34.03100290548011],[150.86157136180847,-34.039996109117354],[150.85257815817124,-34.039996109117354]]]}},{"type":"Feature","properties":{"jobs":452,"pop":1233,"pointCount":4,"homeWorkCommuteMedian":14506,"workHomeCommuteMedian":10977},"geometry":{"type":"Polygon","coordinates":[[[150.85257815817124,-34.03100290548011],[150.85257815817124,-34.02200970184286],[150.86157136180847,-34.02200970184286],[150.86157136180847,-34.03100290548011],[150.85257815817124,-34.03100290548011]]]}},{"type":"Feature","properties":{"jobs":0,"pop":675,"pointCount":4,"homeWorkCommuteMedian":9684,"workHomeCommuteMedian":-1},"geometry":{"type":"Polygon","coordinates":[[[150.85257815817124,-34.02200970184286],[150.85257815817124,-34.013016498205616],[150.86157136180847,-34.013016498205616],[150.86157136180847,-34.02200970184286],[150.85257815817124,-34.02200970184286]]]}},{"type":"Feature","properties":{"jobs":0,"pop":882,"pointCount":4,"homeWorkCommuteMedian":33930,"workHomeCommuteMedian":-1},"geometry":{"type":"Polygon","coordinates":[[[150.85257815817124,-34.013016498205616],[150.85257815817124,-34.00402329456837],[150.86157136180847,-34.00402329456837],[150.86157136180847,-34.013016498205616],[150.85257815817124,-34.013016498205616]]]}},{"type":"Feature","properties":{"jobs":2609,"pop":0,"pointCount":1,"homeWorkCommuteMedian":-1,"workHomeCommuteMedian":17121},"geometry":{"type":"Polygon","coordinates":[[[150.85257815817124,-33.995030090931124],[150.85257815817124,-33.98603688729388],[150.86157136180847,-33.98603688729388],[150.86157136180847,-33.995030090931124],[150.85257815817124,-33.995030090931124]]]}},{"type":"Feature","properties":{"jobs":0,"pop":1182,"pointCount":4,"homeWorkCommuteMedian":28872,"workHomeCommuteMedian":-1},"geometry":{"type":"Polygon","coordinates":[[[150.85257815817124,-33.98603688729388],[150.85257815817124,-33.97704368365663],[150.86157136180847,-33.97704368365663],[150.86157136180847,-33.98603688729388],[150.85257815817124,-33.98603688729388]]]}},{"type":"Feature","properties":{"jobs":456,"pop":538,"pointCount":2,"homeWorkCommuteMedian":12780,"workHomeCommuteMedian":7524},"geometry":{"type":"Polygon","coordinates":[[[150.85257815817124,-33.97704368365663],[150.85257815817124,-33.968050480019386],[150.86157136180847,-33.968050480019386],[150.86157136180847,-33.97704368365663],[150.85257815817124,-33.97704368365663]]]}},{"type":"Feature","properties":{"jobs":0,"pop":1053,"pointCount":5,"homeWorkCommuteMedian":38478,"workHomeCommuteMedian":-1},"geometry":{"type":"Polygon","coordinates":[[[150.85257815817124,-33.968050480019386],[150.85257815817124,-33.95905727638214],[150.86157136180847,-33.95905727638214],[150.86157136180847,-33.968050480019386],[150.85257815817124,-33.968050480019386]]]}},{"type":"Feature","properties":{"jobs":100,"pop":1515,"pointCount":6,"homeWorkCommuteMedian":18182,"workHomeCommuteMedian":14736},"geometry":{"type":"Polygon","coordinates":[[[150.85257815817124,-33.95905727638214],[150.85257815817124,-33.950064072744894],[150.86157136180847,-33.950064072744894],[150.86157136180847,-33.95905727638214],[150.85257815817124,-33.95905727638214]]]}},{"type":"Feature","properties":{"jobs":439,"pop":1164,"pointCount":5,"homeWorkCommuteMedian":19823,"workHomeCommuteMedian":13778},"geometry":{"type":"Polygon","coordinates":[[[150.85257815817124,-33.950064072744894],[150.85257815817124,-33.94107086910765],[150.86157136180847,-33.94107086910765],[150.86157136180847,-33.950064072744894],[150.85257815817124,-33.950064072744894]]]}},{"type":"Feature","properties":{"jobs":225,"pop":576,"pointCount":2,"homeWorkCommuteMedian":17515,"workHomeCommuteMedian":8942},"geometry":{"type":"Polygon","coordinates":[[[150.85257815817124,-33.94107086910765],[150.85257815817124,-33.9320776654704],[150.86157136180847,-33.9320776654704],[150.86157136180847,-33.94107086910765],[150.85257815817124,-33.94107086910765]]]}},{"type":"Feature","properties":{"jobs":475,"pop":1188,"pointCount":5,"homeWorkCommuteMedian":24720,"workHomeCommuteMedian":10340},"geometry":{"type":"Polygon","coordinates":[[[150.85257815817124,-33.9320776654704],[150.85257815817124,-33.923084461833156],[150.86157136180847,-33.923084461833156],[150.86157136180847,-33.9320776654704],[150.85257815817124,-33.9320776654704]]]}},{"type":"Feature","properties":{"jobs":108,"pop":701,"pointCount":3,"homeWorkCommuteMedian":15364,"workHomeCommuteMedian":33140},"geometry":{"type":"Polygon","coordinates":[[[150.85257815817124,-33.923084461833156],[150.85257815817124,-33.91409125819591],[150.86157136180847,-33.91409125819591],[150.86157136180847,-33.923084461833156],[150.85257815817124,-33.923084461833156]]]}},{"type":"Feature","properties":{"jobs":0,"pop":672,"pointCount":4,"homeWorkCommuteMedian":9083,"workHomeCommuteMedian":-1},"geometry":{"type":"Polygon","coordinates":[[[150.85257815817124,-33.91409125819591],[150.85257815817124,-33.905098054558664],[150.86157136180847,-33.905098054558664],[150.86157136180847,-33.91409125819591],[150.85257815817124,-33.91409125819591]]]}},{"type":"Feature","properties":{"jobs":292,"pop":735,"pointCount":3,"homeWorkCommuteMedian":19129,"workHomeCommuteMedian":9940},"geometry":{"type":"Polygon","coordinates":[[[150.85257815817124,-33.905098054558664],[150.85257815817124,-33.89610485092142],[150.86157136180847,-33.89610485092142],[150.86157136180847,-33.905098054558664],[150.85257815817124,-33.905098054558664]]]}},{"type":"Feature","properties":{"jobs":148,"pop":773,"pointCount":5,"homeWorkCommuteMedian":15014,"workHomeCommuteMedian":3528},"geometry":{"type":"Polygon","coordinates":[[[150.85257815817124,-33.89610485092142],[150.85257815817124,-33.88711164728417],[150.86157136180847,-33.88711164728417],[150.86157136180847,-33.89610485092142],[150.85257815817124,-33.89610485092142]]]}},{"type":"Feature","properties":{"jobs":437,"pop":664,"pointCount":2,"homeWorkCommuteMedian":27178,"workHomeCommuteMedian":2804},"geometry":{"type":"Polygon","coordinates":[[[150.85257815817124,-33.88711164728417],[150.85257815817124,-33.878118443646926],[150.86157136180847,-33.878118443646926],[150.86157136180847,-33.88711164728417],[150.85257815817124,-33.88711164728417]]]}},{"type":"Feature","properties":{"jobs":354,"pop":112,"pointCount":2,"homeWorkCommuteMedian":29756,"workHomeCommuteMedian":8148},"geometry":{"type":"Polygon","coordinates":[[[150.85257815817124,-33.878118443646926],[150.85257815817124,-33.86912524000968],[150.86157136180847,-33.86912524000968],[150.86157136180847,-33.878118443646926],[150.85257815817124,-33.878118443646926]]]}},{"type":"Feature","properties":{"jobs":753,"pop":0,"pointCount":1,"homeWorkCommuteMedian":-1,"workHomeCommuteMedian":21844},"geometry":{"type":"Polygon","coordinates":[[[150.85257815817124,-33.77919320363722],[150.85257815817124,-33.770199999999974],[150.86157136180847,-33.770199999999974],[150.86157136180847,-33.77919320363722],[150.85257815817124,-33.77919320363722]]]}},{"type":"Feature","properties":{"jobs":889,"pop":0,"pointCount":2,"homeWorkCommuteMedian":-1,"workHomeCommuteMedian":17693},"geometry":{"type":"Polygon","coordinates":[[[150.85257815817124,-33.76120679636273],[150.85257815817124,-33.75221359272548],[150.86157136180847,-33.75221359272548],[150.86157136180847,-33.76120679636273],[150.85257815817124,-33.76120679636273]]]}},{"type":"Feature","properties":{"jobs":1112,"pop":649,"pointCount":3,"homeWorkCommuteMedian":16802,"workHomeCommuteMedian":17728},"geometry":{"type":"Polygon","coordinates":[[[150.85257815817124,-33.75221359272548],[150.85257815817124,-33.743220389088236],[150.86157136180847,-33.743220389088236],[150.86157136180847,-33.75221359272548],[150.85257815817124,-33.75221359272548]]]}},{"type":"Feature","properties":{"jobs":79,"pop":1301,"pointCount":6,"homeWorkCommuteMedian":16385,"workHomeCommuteMedian":46432},"geometry":{"type":"Polygon","coordinates":[[[150.85257815817124,-33.743220389088236],[150.85257815817124,-33.73422718545099],[150.86157136180847,-33.73422718545099],[150.86157136180847,-33.743220389088236],[150.85257815817124,-33.743220389088236]]]}},{"type":"Feature","properties":{"jobs":500,"pop":274,"pointCount":2,"homeWorkCommuteMedian":32857,"workHomeCommuteMedian":4922},"geometry":{"type":"Polygon","coordinates":[[[150.85257815817124,-33.73422718545099],[150.85257815817124,-33.725233981813744],[150.86157136180847,-33.725233981813744],[150.86157136180847,-33.73422718545099],[150.85257815817124,-33.73422718545099]]]}},{"type":"Feature","properties":{"jobs":0,"pop":743,"pointCount":3,"homeWorkCommuteMedian":34119,"workHomeCommuteMedian":-1},"geometry":{"type":"Polygon","coordinates":[[[150.85257815817124,-33.725233981813744],[150.85257815817124,-33.7162407781765],[150.86157136180847,-33.7162407781765],[150.86157136180847,-33.725233981813744],[150.85257815817124,-33.725233981813744]]]}},{"type":"Feature","properties":{"jobs":53,"pop":88,"pointCount":1,"homeWorkCommuteMedian":1966,"workHomeCommuteMedian":48882},"geometry":{"type":"Polygon","coordinates":[[[150.85257815817124,-33.7162407781765],[150.85257815817124,-33.70724757453925],[150.86157136180847,-33.70724757453925],[150.86157136180847,-33.7162407781765],[150.85257815817124,-33.7162407781765]]]}},{"type":"Feature","properties":{"jobs":0,"pop":75,"pointCount":1,"homeWorkCommuteMedian":48562,"workHomeCommuteMedian":-1},"geometry":{"type":"Polygon","coordinates":[[[150.85257815817124,-33.68926116726476],[150.85257815817124,-33.680267963627514],[150.86157136180847,-33.680267963627514],[150.86157136180847,-33.68926116726476],[150.85257815817124,-33.68926116726476]]]}},{"type":"Feature","properties":{"jobs":0,"pop":223,"pointCount":1,"homeWorkCommuteMedian":18548,"workHomeCommuteMedian":-1},"geometry":{"type":"Polygon","coordinates":[[[150.85257815817124,-33.680267963627514],[150.85257815817124,-33.67127475999027],[150.86157136180847,-33.67127475999027],[150.86157136180847,-33.680267963627514],[150.85257815817124,-33.680267963627514]]]}},{"type":"Feature","properties":{"jobs":775,"pop":130,"pointCount":2,"homeWorkCommuteMedian":33125,"workHomeCommuteMedian":18219},"geometry":{"type":"Polygon","coordinates":[[[150.85257815817124,-33.67127475999027],[150.85257815817124,-33.66228155635302],[150.86157136180847,-33.66228155635302],[150.86157136180847,-33.67127475999027],[150.85257815817124,-33.67127475999027]]]}},{"type":"Feature","properties":{"jobs":0,"pop":75,"pointCount":1,"homeWorkCommuteMedian":32130,"workHomeCommuteMedian":-1},"geometry":{"type":"Polygon","coordinates":[[[150.85257815817124,-33.64429514907853],[150.85257815817124,-33.635301945441284],[150.86157136180847,-33.635301945441284],[150.86157136180847,-33.64429514907853],[150.85257815817124,-33.64429514907853]]]}},{"type":"Feature","properties":{"jobs":0,"pop":78,"pointCount":1,"homeWorkCommuteMedian":11068,"workHomeCommuteMedian":-1},"geometry":{"type":"Polygon","coordinates":[[[150.85257815817124,-33.635301945441284],[150.85257815817124,-33.62630874180404],[150.86157136180847,-33.62630874180404],[150.86157136180847,-33.635301945441284],[150.85257815817124,-33.635301945441284]]]}},{"type":"Feature","properties":{"jobs":189,"pop":164,"pointCount":1,"homeWorkCommuteMedian":22830,"workHomeCommuteMedian":24528},"geometry":{"type":"Polygon","coordinates":[[[150.85257815817124,-33.62630874180404],[150.85257815817124,-33.61731553816679],[150.86157136180847,-33.61731553816679],[150.86157136180847,-33.62630874180404],[150.85257815817124,-33.62630874180404]]]}},{"type":"Feature","properties":{"jobs":98,"pop":221,"pointCount":1,"homeWorkCommuteMedian":59500,"workHomeCommuteMedian":14632},"geometry":{"type":"Polygon","coordinates":[[[150.85257815817124,-33.5993291308923],[150.85257815817124,-33.590335927255055],[150.86157136180847,-33.590335927255055],[150.86157136180847,-33.5993291308923],[150.85257815817124,-33.5993291308923]]]}},{"type":"Feature","properties":{"jobs":0,"pop":648,"pointCount":2,"homeWorkCommuteMedian":24066,"workHomeCommuteMedian":-1},"geometry":{"type":"Polygon","coordinates":[[[150.85257815817124,-33.590335927255055],[150.85257815817124,-33.58134272361781],[150.86157136180847,-33.58134272361781],[150.86157136180847,-33.590335927255055],[150.85257815817124,-33.590335927255055]]]}},{"type":"Feature","properties":{"jobs":0,"pop":112,"pointCount":1,"homeWorkCommuteMedian":7591,"workHomeCommuteMedian":-1},"geometry":{"type":"Polygon","coordinates":[[[150.85257815817124,-33.58134272361781],[150.85257815817124,-33.57234951998056],[150.86157136180847,-33.57234951998056],[150.86157136180847,-33.58134272361781],[150.85257815817124,-33.58134272361781]]]}},{"type":"Feature","properties":{"jobs":60,"pop":346,"pointCount":3,"homeWorkCommuteMedian":48459,"workHomeCommuteMedian":45841},"geometry":{"type":"Polygon","coordinates":[[[150.86157136180847,-34.02200970184286],[150.86157136180847,-34.013016498205616],[150.8705645654457,-34.013016498205616],[150.8705645654457,-34.02200970184286],[150.86157136180847,-34.02200970184286]]]}},{"type":"Feature","properties":{"jobs":0,"pop":1107,"pointCount":5,"homeWorkCommuteMedian":19895,"workHomeCommuteMedian":-1},"geometry":{"type":"Polygon","coordinates":[[[150.86157136180847,-34.013016498205616],[150.86157136180847,-34.00402329456837],[150.8705645654457,-34.00402329456837],[150.8705645654457,-34.013016498205616],[150.86157136180847,-34.013016498205616]]]}},{"type":"Feature","properties":{"jobs":5443,"pop":1006,"pointCount":5,"homeWorkCommuteMedian":25354,"workHomeCommuteMedian":17160},"geometry":{"type":"Polygon","coordinates":[[[150.86157136180847,-34.00402329456837],[150.86157136180847,-33.995030090931124],[150.8705645654457,-33.995030090931124],[150.8705645654457,-34.00402329456837],[150.86157136180847,-34.00402329456837]]]}},{"type":"Feature","properties":{"jobs":0,"pop":980,"pointCount":3,"homeWorkCommuteMedian":30010,"workHomeCommuteMedian":-1},"geometry":{"type":"Polygon","coordinates":[[[150.86157136180847,-33.98603688729388],[150.86157136180847,-33.97704368365663],[150.8705645654457,-33.97704368365663],[150.8705645654457,-33.98603688729388],[150.86157136180847,-33.98603688729388]]]}},{"type":"Feature","properties":{"jobs":0,"pop":655,"pointCount":2,"homeWorkCommuteMedian":15706,"workHomeCommuteMedian":-1},"geometry":{"type":"Polygon","coordinates":[[[150.86157136180847,-33.97704368365663],[150.86157136180847,-33.968050480019386],[150.8705645654457,-33.968050480019386],[150.8705645654457,-33.97704368365663],[150.86157136180847,-33.97704368365663]]]}},{"type":"Feature","properties":{"jobs":275,"pop":850,"pointCount":3,"homeWorkCommuteMedian":34438,"workHomeCommuteMedian":4262},"geometry":{"type":"Polygon","coordinates":[[[150.86157136180847,-33.968050480019386],[150.86157136180847,-33.95905727638214],[150.8705645654457,-33.95905727638214],[150.8705645654457,-33.968050480019386],[150.86157136180847,-33.968050480019386]]]}},{"type":"Feature","properties":{"jobs":146,"pop":886,"pointCount":3,"homeWorkCommuteMedian":19708,"workHomeCommuteMedian":25406},"geometry":{"type":"Polygon","coordinates":[[[150.86157136180847,-33.95905727638214],[150.86157136180847,-33.950064072744894],[150.8705645654457,-33.950064072744894],[150.8705645654457,-33.95905727638214],[150.86157136180847,-33.95905727638214]]]}},{"type":"Feature","properties":{"jobs":0,"pop":1404,"pointCount":6,"homeWorkCommuteMedian":16956,"workHomeCommuteMedian":-1},"geometry":{"type":"Polygon","coordinates":[[[150.86157136180847,-33.950064072744894],[150.86157136180847,-33.94107086910765],[150.8705645654457,-33.94107086910765],[150.8705645654457,-33.950064072744894],[150.86157136180847,-33.950064072744894]]]}},{"type":"Feature","properties":{"jobs":1249,"pop":0,"pointCount":1,"homeWorkCommuteMedian":-1,"workHomeCommuteMedian":14313},"geometry":{"type":"Polygon","coordinates":[[[150.86157136180847,-33.94107086910765],[150.86157136180847,-33.9320776654704],[150.8705645654457,-33.9320776654704],[150.8705645654457,-33.94107086910765],[150.86157136180847,-33.94107086910765]]]}},{"type":"Feature","properties":{"jobs":203,"pop":336,"pointCount":2,"homeWorkCommuteMedian":11971,"workHomeCommuteMedian":25899},"geometry":{"type":"Polygon","coordinates":[[[150.86157136180847,-33.9320776654704],[150.86157136180847,-33.923084461833156],[150.8705645654457,-33.923084461833156],[150.8705645654457,-33.9320776654704],[150.86157136180847,-33.9320776654704]]]}},{"type":"Feature","properties":{"jobs":125,"pop":718,"pointCount":3,"homeWorkCommuteMedian":19276,"workHomeCommuteMedian":27572},"geometry":{"type":"Polygon","coordinates":[[[150.86157136180847,-33.923084461833156],[150.86157136180847,-33.91409125819591],[150.8705645654457,-33.91409125819591],[150.8705645654457,-33.923084461833156],[150.86157136180847,-33.923084461833156]]]}},{"type":"Feature","properties":{"jobs":455,"pop":1535,"pointCount":8,"homeWorkCommuteMedian":14636,"workHomeCommuteMedian":8794},"geometry":{"type":"Polygon","coordinates":[[[150.86157136180847,-33.91409125819591],[150.86157136180847,-33.905098054558664],[150.8705645654457,-33.905098054558664],[150.8705645654457,-33.91409125819591],[150.86157136180847,-33.91409125819591]]]}},{"type":"Feature","properties":{"jobs":563,"pop":1969,"pointCount":11,"homeWorkCommuteMedian":19250,"workHomeCommuteMedian":6913},"geometry":{"type":"Polygon","coordinates":[[[150.86157136180847,-33.905098054558664],[150.86157136180847,-33.89610485092142],[150.8705645654457,-33.89610485092142],[150.8705645654457,-33.905098054558664],[150.86157136180847,-33.905098054558664]]]}},{"type":"Feature","properties":{"jobs":737,"pop":1112,"pointCount":6,"homeWorkCommuteMedian":28711,"workHomeCommuteMedian":8563},"geometry":{"type":"Polygon","coordinates":[[[150.86157136180847,-33.89610485092142],[150.86157136180847,-33.88711164728417],[150.8705645654457,-33.88711164728417],[150.8705645654457,-33.89610485092142],[150.86157136180847,-33.89610485092142]]]}},{"type":"Feature","properties":{"jobs":510,"pop":1202,"pointCount":6,"homeWorkCommuteMedian":21144,"workHomeCommuteMedian":13755},"geometry":{"type":"Polygon","coordinates":[[[150.86157136180847,-33.88711164728417],[150.86157136180847,-33.878118443646926],[150.8705645654457,-33.878118443646926],[150.8705645654457,-33.88711164728417],[150.86157136180847,-33.88711164728417]]]}},{"type":"Feature","properties":{"jobs":0,"pop":1016,"pointCount":5,"homeWorkCommuteMedian":18298,"workHomeCommuteMedian":-1},"geometry":{"type":"Polygon","coordinates":[[[150.86157136180847,-33.878118443646926],[150.86157136180847,-33.86912524000968],[150.8705645654457,-33.86912524000968],[150.8705645654457,-33.878118443646926],[150.86157136180847,-33.878118443646926]]]}},{"type":"Feature","properties":{"jobs":0,"pop":334,"pointCount":1,"homeWorkCommuteMedian":34019,"workHomeCommuteMedian":-1},"geometry":{"type":"Polygon","coordinates":[[[150.86157136180847,-33.86912524000968],[150.86157136180847,-33.860132036372434],[150.8705645654457,-33.860132036372434],[150.8705645654457,-33.86912524000968],[150.86157136180847,-33.86912524000968]]]}},{"type":"Feature","properties":{"jobs":155,"pop":0,"pointCount":1,"homeWorkCommuteMedian":-1,"workHomeCommuteMedian":24762},"geometry":{"type":"Polygon","coordinates":[[[150.86157136180847,-33.85113883273519],[150.86157136180847,-33.84214562909794],[150.8705645654457,-33.84214562909794],[150.8705645654457,-33.85113883273519],[150.86157136180847,-33.85113883273519]]]}},{"type":"Feature","properties":{"jobs":1242,"pop":0,"pointCount":1,"homeWorkCommuteMedian":-1,"workHomeCommuteMedian":16531},"geometry":{"type":"Polygon","coordinates":[[[150.86157136180847,-33.79717961091171],[150.86157136180847,-33.788186407274466],[150.8705645654457,-33.788186407274466],[150.8705645654457,-33.79717961091171],[150.86157136180847,-33.79717961091171]]]}},{"type":"Feature","properties":{"jobs":850,"pop":1379,"pointCount":1,"homeWorkCommuteMedian":22958,"workHomeCommuteMedian":19203},"geometry":{"type":"Polygon","coordinates":[[[150.86157136180847,-33.788186407274466],[150.86157136180847,-33.77919320363722],[150.8705645654457,-33.77919320363722],[150.8705645654457,-33.788186407274466],[150.86157136180847,-33.788186407274466]]]}},{"type":"Feature","properties":{"jobs":152,"pop":522,"pointCount":3,"homeWorkCommuteMedian":38968,"workHomeCommuteMedian":18220},"geometry":{"type":"Polygon","coordinates":[[[150.86157136180847,-33.770199999999974],[150.86157136180847,-33.76120679636273],[150.8705645654457,-33.76120679636273],[150.8705645654457,-33.770199999999974],[150.86157136180847,-33.770199999999974]]]}},{"type":"Feature","properties":{"jobs":445,"pop":964,"pointCount":4,"homeWorkCommuteMedian":20289,"workHomeCommuteMedian":5744},"geometry":{"type":"Polygon","coordinates":[[[150.86157136180847,-33.76120679636273],[150.86157136180847,-33.75221359272548],[150.8705645654457,-33.75221359272548],[150.8705645654457,-33.76120679636273],[150.86157136180847,-33.76120679636273]]]}},{"type":"Feature","properties":{"jobs":98,"pop":359,"pointCount":3,"homeWorkCommuteMedian":13410,"workHomeCommuteMedian":18727},"geometry":{"type":"Polygon","coordinates":[[[150.86157136180847,-33.75221359272548],[150.86157136180847,-33.743220389088236],[150.8705645654457,-33.743220389088236],[150.8705645654457,-33.75221359272548],[150.86157136180847,-33.75221359272548]]]}},{"type":"Feature","properties":{"jobs":418,"pop":462,"pointCount":3,"homeWorkCommuteMedian":6541,"workHomeCommuteMedian":12494},"geometry":{"type":"Polygon","coordinates":[[[150.86157136180847,-33.743220389088236],[150.86157136180847,-33.73422718545099],[150.8705645654457,-33.73422718545099],[150.8705645654457,-33.743220389088236],[150.86157136180847,-33.743220389088236]]]}},{"type":"Feature","properties":{"jobs":0,"pop":487,"pointCount":1,"homeWorkCommuteMedian":20791,"workHomeCommuteMedian":-1},"geometry":{"type":"Polygon","coordinates":[[[150.86157136180847,-33.73422718545099],[150.86157136180847,-33.725233981813744],[150.8705645654457,-33.725233981813744],[150.8705645654457,-33.73422718545099],[150.86157136180847,-33.73422718545099]]]}},{"type":"Feature","properties":{"jobs":0,"pop":503,"pointCount":2,"homeWorkCommuteMedian":14433,"workHomeCommuteMedian":-1},"geometry":{"type":"Polygon","coordinates":[[[150.86157136180847,-33.725233981813744],[150.86157136180847,-33.7162407781765],[150.8705645654457,-33.7162407781765],[150.8705645654457,-33.725233981813744],[150.86157136180847,-33.725233981813744]]]}},{"type":"Feature","properties":{"jobs":0,"pop":279,"pointCount":1,"homeWorkCommuteMedian":50755,"workHomeCommuteMedian":-1},"geometry":{"type":"Polygon","coordinates":[[[150.86157136180847,-33.7162407781765],[150.86157136180847,-33.70724757453925],[150.8705645654457,-33.70724757453925],[150.8705645654457,-33.7162407781765],[150.86157136180847,-33.7162407781765]]]}},{"type":"Feature","properties":{"jobs":0,"pop":855,"pointCount":3,"homeWorkCommuteMedian":31998,"workHomeCommuteMedian":-1},"geometry":{"type":"Polygon","coordinates":[[[150.86157136180847,-33.70724757453925],[150.86157136180847,-33.698254370902006],[150.8705645654457,-33.698254370902006],[150.8705645654457,-33.70724757453925],[150.86157136180847,-33.70724757453925]]]}},{"type":"Feature","properties":{"jobs":166,"pop":370,"pointCount":1,"homeWorkCommuteMedian":22102,"workHomeCommuteMedian":1086},"geometry":{"type":"Polygon","coordinates":[[[150.86157136180847,-33.698254370902006],[150.86157136180847,-33.68926116726476],[150.8705645654457,-33.68926116726476],[150.8705645654457,-33.698254370902006],[150.86157136180847,-33.698254370902006]]]}},{"type":"Feature","properties":{"jobs":174,"pop":664,"pointCount":4,"homeWorkCommuteMedian":13202,"workHomeCommuteMedian":12435},"geometry":{"type":"Polygon","coordinates":[[[150.86157136180847,-33.68926116726476],[150.86157136180847,-33.680267963627514],[150.8705645654457,-33.680267963627514],[150.8705645654457,-33.68926116726476],[150.86157136180847,-33.68926116726476]]]}},{"type":"Feature","properties":{"jobs":330,"pop":857,"pointCount":5,"homeWorkCommuteMedian":43099,"workHomeCommuteMedian":9550},"geometry":{"type":"Polygon","coordinates":[[[150.86157136180847,-33.680267963627514],[150.86157136180847,-33.67127475999027],[150.8705645654457,-33.67127475999027],[150.8705645654457,-33.680267963627514],[150.86157136180847,-33.680267963627514]]]}},{"type":"Feature","properties":{"jobs":518,"pop":672,"pointCount":3,"homeWorkCommuteMedian":31298,"workHomeCommuteMedian":18541},"geometry":{"type":"Polygon","coordinates":[[[150.86157136180847,-33.67127475999027],[150.86157136180847,-33.66228155635302],[150.8705645654457,-33.66228155635302],[150.8705645654457,-33.67127475999027],[150.86157136180847,-33.67127475999027]]]}},{"type":"Feature","properties":{"jobs":438,"pop":683,"pointCount":2,"homeWorkCommuteMedian":20245,"workHomeCommuteMedian":25725},"geometry":{"type":"Polygon","coordinates":[[[150.86157136180847,-33.66228155635302],[150.86157136180847,-33.65328835271578],[150.8705645654457,-33.65328835271578],[150.8705645654457,-33.66228155635302],[150.86157136180847,-33.66228155635302]]]}},{"type":"Feature","properties":{"jobs":160,"pop":132,"pointCount":1,"homeWorkCommuteMedian":58581,"workHomeCommuteMedian":44356},"geometry":{"type":"Polygon","coordinates":[[[150.86157136180847,-33.635301945441284],[150.86157136180847,-33.62630874180404],[150.8705645654457,-33.62630874180404],[150.8705645654457,-33.635301945441284],[150.86157136180847,-33.635301945441284]]]}},{"type":"Feature","properties":{"jobs":0,"pop":660,"pointCount":3,"homeWorkCommuteMedian":21115,"workHomeCommuteMedian":-1},"geometry":{"type":"Polygon","coordinates":[[[150.86157136180847,-33.58134272361781],[150.86157136180847,-33.57234951998056],[150.8705645654457,-33.57234951998056],[150.8705645654457,-33.58134272361781],[150.86157136180847,-33.58134272361781]]]}},{"type":"Feature","properties":{"jobs":0,"pop":186,"pointCount":1,"homeWorkCommuteMedian":32364,"workHomeCommuteMedian":-1},"geometry":{"type":"Polygon","coordinates":[[[150.86157136180847,-33.57234951998056],[150.86157136180847,-33.56335631634332],[150.8705645654457,-33.56335631634332],[150.8705645654457,-33.57234951998056],[150.86157136180847,-33.57234951998056]]]}},{"type":"Feature","properties":{"jobs":0,"pop":196,"pointCount":1,"homeWorkCommuteMedian":49938,"workHomeCommuteMedian":-1},"geometry":{"type":"Polygon","coordinates":[[[150.8705645654457,-34.057982516391846],[150.8705645654457,-34.0489893127546],[150.87955776908294,-34.0489893127546],[150.87955776908294,-34.057982516391846],[150.8705645654457,-34.057982516391846]]]}},{"type":"Feature","properties":{"jobs":407,"pop":139,"pointCount":1,"homeWorkCommuteMedian":24538,"workHomeCommuteMedian":5118},"geometry":{"type":"Polygon","coordinates":[[[150.8705645654457,-34.039996109117354],[150.8705645654457,-34.03100290548011],[150.87955776908294,-34.03100290548011],[150.87955776908294,-34.039996109117354],[150.8705645654457,-34.039996109117354]]]}},{"type":"Feature","properties":{"jobs":0,"pop":424,"pointCount":2,"homeWorkCommuteMedian":33370,"workHomeCommuteMedian":-1},"geometry":{"type":"Polygon","coordinates":[[[150.8705645654457,-34.02200970184286],[150.8705645654457,-34.013016498205616],[150.87955776908294,-34.013016498205616],[150.87955776908294,-34.02200970184286],[150.8705645654457,-34.02200970184286]]]}},{"type":"Feature","properties":{"jobs":0,"pop":535,"pointCount":3,"homeWorkCommuteMedian":17347,"workHomeCommuteMedian":-1},"geometry":{"type":"Polygon","coordinates":[[[150.8705645654457,-34.013016498205616],[150.8705645654457,-34.00402329456837],[150.87955776908294,-34.00402329456837],[150.87955776908294,-34.013016498205616],[150.8705645654457,-34.013016498205616]]]}},{"type":"Feature","properties":{"jobs":537,"pop":898,"pointCount":5,"homeWorkCommuteMedian":25310,"workHomeCommuteMedian":14144},"geometry":{"type":"Polygon","coordinates":[[[150.8705645654457,-34.00402329456837],[150.8705645654457,-33.995030090931124],[150.87955776908294,-33.995030090931124],[150.87955776908294,-34.00402329456837],[150.8705645654457,-34.00402329456837]]]}},{"type":"Feature","properties":{"jobs":276,"pop":550,"pointCount":2,"homeWorkCommuteMedian":33295,"workHomeCommuteMedian":30008},"geometry":{"type":"Polygon","coordinates":[[[150.8705645654457,-33.995030090931124],[150.8705645654457,-33.98603688729388],[150.87955776908294,-33.98603688729388],[150.87955776908294,-33.995030090931124],[150.8705645654457,-33.995030090931124]]]}},{"type":"Feature","properties":{"jobs":0,"pop":209,"pointCount":1,"homeWorkCommuteMedian":51586,"workHomeCommuteMedian":-1},"geometry":{"type":"Polygon","coordinates":[[[150.8705645654457,-33.98603688729388],[150.8705645654457,-33.97704368365663],[150.87955776908294,-33.97704368365663],[150.87955776908294,-33.98603688729388],[150.8705645654457,-33.98603688729388]]]}},{"type":"Feature","properties":{"jobs":0,"pop":541,"pointCount":2,"homeWorkCommuteMedian":35899,"workHomeCommuteMedian":-1},"geometry":{"type":"Polygon","coordinates":[[[150.8705645654457,-33.97704368365663],[150.8705645654457,-33.968050480019386],[150.87955776908294,-33.968050480019386],[150.87955776908294,-33.97704368365663],[150.8705645654457,-33.97704368365663]]]}},{"type":"Feature","properties":{"jobs":1179,"pop":376,"pointCount":2,"homeWorkCommuteMedian":22460,"workHomeCommuteMedian":11600},"geometry":{"type":"Polygon","coordinates":[[[150.8705645654457,-33.968050480019386],[150.8705645654457,-33.95905727638214],[150.87955776908294,-33.95905727638214],[150.87955776908294,-33.968050480019386],[150.8705645654457,-33.968050480019386]]]}},{"type":"Feature","properties":{"jobs":141,"pop":462,"pointCount":2,"homeWorkCommuteMedian":23648,"workHomeCommuteMedian":29572},"geometry":{"type":"Polygon","coordinates":[[[150.8705645654457,-33.95905727638214],[150.8705645654457,-33.950064072744894],[150.87955776908294,-33.950064072744894],[150.87955776908294,-33.95905727638214],[150.8705645654457,-33.95905727638214]]]}},{"type":"Feature","properties":{"jobs":402,"pop":932,"pointCount":3,"homeWorkCommuteMedian":26554,"workHomeCommuteMedian":21857},"geometry":{"type":"Polygon","coordinates":[[[150.8705645654457,-33.950064072744894],[150.8705645654457,-33.94107086910765],[150.87955776908294,-33.94107086910765],[150.87955776908294,-33.950064072744894],[150.8705645654457,-33.950064072744894]]]}},{"type":"Feature","properties":{"jobs":75,"pop":110,"pointCount":1,"homeWorkCommuteMedian":26287,"workHomeCommuteMedian":6221},"geometry":{"type":"Polygon","coordinates":[[[150.8705645654457,-33.9320776654704],[150.8705645654457,-33.923084461833156],[150.87955776908294,-33.923084461833156],[150.87955776908294,-33.9320776654704],[150.8705645654457,-33.9320776654704]]]}},{"type":"Feature","properties":{"jobs":530,"pop":988,"pointCount":7,"homeWorkCommuteMedian":22369,"workHomeCommuteMedian":19174},"geometry":{"type":"Polygon","coordinates":[[[150.8705645654457,-33.923084461833156],[150.8705645654457,-33.91409125819591],[150.87955776908294,-33.91409125819591],[150.87955776908294,-33.923084461833156],[150.8705645654457,-33.923084461833156]]]}},{"type":"Feature","properties":{"jobs":371,"pop":656,"pointCount":4,"homeWorkCommuteMedian":16701,"workHomeCommuteMedian":5856},"geometry":{"type":"Polygon","coordinates":[[[150.8705645654457,-33.91409125819591],[150.8705645654457,-33.905098054558664],[150.87955776908294,-33.905098054558664],[150.87955776908294,-33.91409125819591],[150.8705645654457,-33.91409125819591]]]}},{"type":"Feature","properties":{"jobs":546,"pop":995,"pointCount":5,"homeWorkCommuteMedian":15286,"workHomeCommuteMedian":7688},"geometry":{"type":"Polygon","coordinates":[[[150.8705645654457,-33.905098054558664],[150.8705645654457,-33.89610485092142],[150.87955776908294,-33.89610485092142],[150.87955776908294,-33.905098054558664],[150.8705645654457,-33.905098054558664]]]}},{"type":"Feature","properties":{"jobs":0,"pop":1091,"pointCount":5,"homeWorkCommuteMedian":19264,"workHomeCommuteMedian":-1},"geometry":{"type":"Polygon","coordinates":[[[150.8705645654457,-33.89610485092142],[150.8705645654457,-33.88711164728417],[150.87955776908294,-33.88711164728417],[150.87955776908294,-33.89610485092142],[150.8705645654457,-33.89610485092142]]]}},{"type":"Feature","properties":{"jobs":318,"pop":860,"pointCount":4,"homeWorkCommuteMedian":9161,"workHomeCommuteMedian":52687},"geometry":{"type":"Polygon","coordinates":[[[150.8705645654457,-33.88711164728417],[150.8705645654457,-33.878118443646926],[150.87955776908294,-33.878118443646926],[150.87955776908294,-33.88711164728417],[150.8705645654457,-33.88711164728417]]]}},{"type":"Feature","properties":{"jobs":279,"pop":944,"pointCount":6,"homeWorkCommuteMedian":14736,"workHomeCommuteMedian":1502},"geometry":{"type":"Polygon","coordinates":[[[150.8705645654457,-33.878118443646926],[150.8705645654457,-33.86912524000968],[150.87955776908294,-33.86912524000968],[150.87955776908294,-33.878118443646926],[150.8705645654457,-33.878118443646926]]]}},{"type":"Feature","properties":{"jobs":0,"pop":1082,"pointCount":7,"homeWorkCommuteMedian":33072,"workHomeCommuteMedian":-1},"geometry":{"type":"Polygon","coordinates":[[[150.8705645654457,-33.86912524000968],[150.8705645654457,-33.860132036372434],[150.87955776908294,-33.860132036372434],[150.87955776908294,-33.86912524000968],[150.8705645654457,-33.86912524000968]]]}},{"type":"Feature","properties":{"jobs":133,"pop":392,"pointCount":3,"homeWorkCommuteMedian":8535,"workHomeCommuteMedian":3424},"geometry":{"type":"Polygon","coordinates":[[[150.8705645654457,-33.860132036372434],[150.8705645654457,-33.85113883273519],[150.87955776908294,-33.85113883273519],[150.87955776908294,-33.860132036372434],[150.8705645654457,-33.860132036372434]]]}},{"type":"Feature","properties":{"jobs":0,"pop":375,"pointCount":1,"homeWorkCommuteMedian":38328,"workHomeCommuteMedian":-1},"geometry":{"type":"Polygon","coordinates":[[[150.8705645654457,-33.788186407274466],[150.8705645654457,-33.77919320363722],[150.87955776908294,-33.77919320363722],[150.87955776908294,-33.788186407274466],[150.8705645654457,-33.788186407274466]]]}},{"type":"Feature","properties":{"jobs":0,"pop":661,"pointCount":4,"homeWorkCommuteMedian":26860,"workHomeCommuteMedian":-1},"geometry":{"type":"Polygon","coordinates":[[[150.8705645654457,-33.77919320363722],[150.8705645654457,-33.770199999999974],[150.87955776908294,-33.770199999999974],[150.87955776908294,-33.77919320363722],[150.8705645654457,-33.77919320363722]]]}},{"type":"Feature","properties":{"jobs":53,"pop":1356,"pointCount":8,"homeWorkCommuteMedian":16342,"workHomeCommuteMedian":23104},"geometry":{"type":"Polygon","coordinates":[[[150.8705645654457,-33.770199999999974],[150.8705645654457,-33.76120679636273],[150.87955776908294,-33.76120679636273],[150.87955776908294,-33.770199999999974],[150.8705645654457,-33.770199999999974]]]}},{"type":"Feature","properties":{"jobs":194,"pop":1108,"pointCount":4,"homeWorkCommuteMedian":9617,"workHomeCommuteMedian":4171},"geometry":{"type":"Polygon","coordinates":[[[150.8705645654457,-33.76120679636273],[150.8705645654457,-33.75221359272548],[150.87955776908294,-33.75221359272548],[150.87955776908294,-33.76120679636273],[150.8705645654457,-33.76120679636273]]]}},{"type":"Feature","properties":{"jobs":0,"pop":1060,"pointCount":6,"homeWorkCommuteMedian":12150,"workHomeCommuteMedian":-1},"geometry":{"type":"Polygon","coordinates":[[[150.8705645654457,-33.75221359272548],[150.8705645654457,-33.743220389088236],[150.87955776908294,-33.743220389088236],[150.87955776908294,-33.75221359272548],[150.8705645654457,-33.75221359272548]]]}},{"type":"Feature","properties":{"jobs":243,"pop":610,"pointCount":4,"homeWorkCommuteMedian":7722,"workHomeCommuteMedian":4443},"geometry":{"type":"Polygon","coordinates":[[[150.8705645654457,-33.743220389088236],[150.8705645654457,-33.73422718545099],[150.87955776908294,-33.73422718545099],[150.87955776908294,-33.743220389088236],[150.8705645654457,-33.743220389088236]]]}},{"type":"Feature","properties":{"jobs":3541,"pop":412,"pointCount":3,"homeWorkCommuteMedian":9534,"workHomeCommuteMedian":18518},"geometry":{"type":"Polygon","coordinates":[[[150.8705645654457,-33.73422718545099],[150.8705645654457,-33.725233981813744],[150.87955776908294,-33.725233981813744],[150.87955776908294,-33.73422718545099],[150.8705645654457,-33.73422718545099]]]}},{"type":"Feature","properties":{"jobs":281,"pop":353,"pointCount":1,"homeWorkCommuteMedian":49036,"workHomeCommuteMedian":10079},"geometry":{"type":"Polygon","coordinates":[[[150.8705645654457,-33.725233981813744],[150.8705645654457,-33.7162407781765],[150.87955776908294,-33.7162407781765],[150.87955776908294,-33.725233981813744],[150.8705645654457,-33.725233981813744]]]}},{"type":"Feature","properties":{"jobs":0,"pop":824,"pointCount":2,"homeWorkCommuteMedian":24455,"workHomeCommuteMedian":-1},"geometry":{"type":"Polygon","coordinates":[[[150.8705645654457,-33.7162407781765],[150.8705645654457,-33.70724757453925],[150.87955776908294,-33.70724757453925],[150.87955776908294,-33.7162407781765],[150.8705645654457,-33.7162407781765]]]}},{"type":"Feature","properties":{"jobs":789,"pop":792,"pointCount":2,"homeWorkCommuteMedian":28996,"workHomeCommuteMedian":14128},"geometry":{"type":"Polygon","coordinates":[[[150.8705645654457,-33.70724757453925],[150.8705645654457,-33.698254370902006],[150.87955776908294,-33.698254370902006],[150.87955776908294,-33.70724757453925],[150.8705645654457,-33.70724757453925]]]}},{"type":"Feature","properties":{"jobs":214,"pop":1638,"pointCount":6,"homeWorkCommuteMedian":19746,"workHomeCommuteMedian":43763},"geometry":{"type":"Polygon","coordinates":[[[150.8705645654457,-33.698254370902006],[150.8705645654457,-33.68926116726476],[150.87955776908294,-33.68926116726476],[150.87955776908294,-33.698254370902006],[150.8705645654457,-33.698254370902006]]]}},{"type":"Feature","properties":{"jobs":0,"pop":1163,"pointCount":5,"homeWorkCommuteMedian":16073,"workHomeCommuteMedian":-1},"geometry":{"type":"Polygon","coordinates":[[[150.8705645654457,-33.68926116726476],[150.8705645654457,-33.680267963627514],[150.87955776908294,-33.680267963627514],[150.87955776908294,-33.68926116726476],[150.8705645654457,-33.68926116726476]]]}},{"type":"Feature","properties":{"jobs":152,"pop":500,"pointCount":2,"homeWorkCommuteMedian":13463,"workHomeCommuteMedian":40000},"geometry":{"type":"Polygon","coordinates":[[[150.8705645654457,-33.680267963627514],[150.8705645654457,-33.67127475999027],[150.87955776908294,-33.67127475999027],[150.87955776908294,-33.680267963627514],[150.8705645654457,-33.680267963627514]]]}},{"type":"Feature","properties":{"jobs":108,"pop":705,"pointCount":3,"homeWorkCommuteMedian":4955,"workHomeCommuteMedian":2524},"geometry":{"type":"Polygon","coordinates":[[[150.8705645654457,-33.67127475999027],[150.8705645654457,-33.66228155635302],[150.87955776908294,-33.66228155635302],[150.87955776908294,-33.67127475999027],[150.8705645654457,-33.67127475999027]]]}},{"type":"Feature","properties":{"jobs":249,"pop":202,"pointCount":1,"homeWorkCommuteMedian":16996,"workHomeCommuteMedian":13021},"geometry":{"type":"Polygon","coordinates":[[[150.8705645654457,-33.64429514907853],[150.8705645654457,-33.635301945441284],[150.87955776908294,-33.635301945441284],[150.87955776908294,-33.64429514907853],[150.8705645654457,-33.64429514907853]]]}},{"type":"Feature","properties":{"jobs":300,"pop":55,"pointCount":1,"homeWorkCommuteMedian":12190,"workHomeCommuteMedian":24213},"geometry":{"type":"Polygon","coordinates":[[[150.8705645654457,-33.61731553816679],[150.8705645654457,-33.60832233452955],[150.87955776908294,-33.60832233452955],[150.87955776908294,-33.61731553816679],[150.8705645654457,-33.61731553816679]]]}},{"type":"Feature","properties":{"jobs":0,"pop":159,"pointCount":1,"homeWorkCommuteMedian":24366,"workHomeCommuteMedian":-1},"geometry":{"type":"Polygon","coordinates":[[[150.8705645654457,-33.55436311270607],[150.8705645654457,-33.545369909068825],[150.87955776908294,-33.545369909068825],[150.87955776908294,-33.55436311270607],[150.8705645654457,-33.55436311270607]]]}},{"type":"Feature","properties":{"jobs":0,"pop":263,"pointCount":1,"homeWorkCommuteMedian":14059,"workHomeCommuteMedian":-1},"geometry":{"type":"Polygon","coordinates":[[[150.8705645654457,-33.53637670543158],[150.8705645654457,-33.52738350179433],[150.87955776908294,-33.52738350179433],[150.87955776908294,-33.53637670543158],[150.8705645654457,-33.53637670543158]]]}},{"type":"Feature","properties":{"jobs":125,"pop":126,"pointCount":1,"homeWorkCommuteMedian":19458,"workHomeCommuteMedian":29415},"geometry":{"type":"Polygon","coordinates":[[[150.8705645654457,-33.500403890882595],[150.8705645654457,-33.49141068724535],[150.87955776908294,-33.49141068724535],[150.87955776908294,-33.500403890882595],[150.8705645654457,-33.500403890882595]]]}},{"type":"Feature","properties":{"jobs":291,"pop":169,"pointCount":1,"homeWorkCommuteMedian":12650,"workHomeCommuteMedian":24776},"geometry":{"type":"Polygon","coordinates":[[[150.87955776908294,-34.02200970184286],[150.87955776908294,-34.013016498205616],[150.88855097272017,-34.013016498205616],[150.88855097272017,-34.02200970184286],[150.87955776908294,-34.02200970184286]]]}},{"type":"Feature","properties":{"jobs":152,"pop":684,"pointCount":2,"homeWorkCommuteMedian":13057,"workHomeCommuteMedian":24898},"geometry":{"type":"Polygon","coordinates":[[[150.87955776908294,-34.013016498205616],[150.87955776908294,-34.00402329456837],[150.88855097272017,-34.00402329456837],[150.88855097272017,-34.013016498205616],[150.87955776908294,-34.013016498205616]]]}},{"type":"Feature","properties":{"jobs":303,"pop":351,"pointCount":2,"homeWorkCommuteMedian":37456,"workHomeCommuteMedian":23094},"geometry":{"type":"Polygon","coordinates":[[[150.87955776908294,-34.00402329456837],[150.87955776908294,-33.995030090931124],[150.88855097272017,-33.995030090931124],[150.88855097272017,-34.00402329456837],[150.87955776908294,-34.00402329456837]]]}},{"type":"Feature","properties":{"jobs":442,"pop":948,"pointCount":6,"homeWorkCommuteMedian":33956,"workHomeCommuteMedian":16688},"geometry":{"type":"Polygon","coordinates":[[[150.87955776908294,-33.995030090931124],[150.87955776908294,-33.98603688729388],[150.88855097272017,-33.98603688729388],[150.88855097272017,-33.995030090931124],[150.87955776908294,-33.995030090931124]]]}},{"type":"Feature","properties":{"jobs":179,"pop":500,"pointCount":2,"homeWorkCommuteMedian":21109,"workHomeCommuteMedian":3899},"geometry":{"type":"Polygon","coordinates":[[[150.87955776908294,-33.98603688729388],[150.87955776908294,-33.97704368365663],[150.88855097272017,-33.97704368365663],[150.88855097272017,-33.98603688729388],[150.87955776908294,-33.98603688729388]]]}},{"type":"Feature","properties":{"jobs":1117,"pop":0,"pointCount":1,"homeWorkCommuteMedian":-1,"workHomeCommuteMedian":9205},"geometry":{"type":"Polygon","coordinates":[[[150.87955776908294,-33.97704368365663],[150.87955776908294,-33.968050480019386],[150.88855097272017,-33.968050480019386],[150.88855097272017,-33.97704368365663],[150.87955776908294,-33.97704368365663]]]}},{"type":"Feature","properties":{"jobs":0,"pop":786,"pointCount":3,"homeWorkCommuteMedian":34388,"workHomeCommuteMedian":-1},"geometry":{"type":"Polygon","coordinates":[[[150.87955776908294,-33.968050480019386],[150.87955776908294,-33.95905727638214],[150.88855097272017,-33.95905727638214],[150.88855097272017,-33.968050480019386],[150.87955776908294,-33.968050480019386]]]}},{"type":"Feature","properties":{"jobs":672,"pop":952,"pointCount":5,"homeWorkCommuteMedian":25279,"workHomeCommuteMedian":7310},"geometry":{"type":"Polygon","coordinates":[[[150.87955776908294,-33.95905727638214],[150.87955776908294,-33.950064072744894],[150.88855097272017,-33.950064072744894],[150.88855097272017,-33.95905727638214],[150.87955776908294,-33.95905727638214]]]}},{"type":"Feature","properties":{"jobs":288,"pop":740,"pointCount":3,"homeWorkCommuteMedian":13544,"workHomeCommuteMedian":27297},"geometry":{"type":"Polygon","coordinates":[[[150.87955776908294,-33.950064072744894],[150.87955776908294,-33.94107086910765],[150.88855097272017,-33.94107086910765],[150.88855097272017,-33.950064072744894],[150.87955776908294,-33.950064072744894]]]}},{"type":"Feature","properties":{"jobs":2303,"pop":0,"pointCount":1,"homeWorkCommuteMedian":-1,"workHomeCommuteMedian":14354},"geometry":{"type":"Polygon","coordinates":[[[150.87955776908294,-33.94107086910765],[150.87955776908294,-33.9320776654704],[150.88855097272017,-33.9320776654704],[150.88855097272017,-33.94107086910765],[150.87955776908294,-33.94107086910765]]]}},{"type":"Feature","properties":{"jobs":1753,"pop":132,"pointCount":4,"homeWorkCommuteMedian":20955,"workHomeCommuteMedian":18546},"geometry":{"type":"Polygon","coordinates":[[[150.87955776908294,-33.9320776654704],[150.87955776908294,-33.923084461833156],[150.88855097272017,-33.923084461833156],[150.88855097272017,-33.9320776654704],[150.87955776908294,-33.9320776654704]]]}},{"type":"Feature","properties":{"jobs":0,"pop":338,"pointCount":3,"homeWorkCommuteMedian":22235,"workHomeCommuteMedian":-1},"geometry":{"type":"Polygon","coordinates":[[[150.87955776908294,-33.923084461833156],[150.87955776908294,-33.91409125819591],[150.88855097272017,-33.91409125819591],[150.88855097272017,-33.923084461833156],[150.87955776908294,-33.923084461833156]]]}},{"type":"Feature","properties":{"jobs":0,"pop":601,"pointCount":4,"homeWorkCommuteMedian":28118,"workHomeCommuteMedian":-1},"geometry":{"type":"Polygon","coordinates":[[[150.87955776908294,-33.91409125819591],[150.87955776908294,-33.905098054558664],[150.88855097272017,-33.905098054558664],[150.88855097272017,-33.91409125819591],[150.87955776908294,-33.91409125819591]]]}},{"type":"Feature","properties":{"jobs":0,"pop":884,"pointCount":5,"homeWorkCommuteMedian":34686,"workHomeCommuteMedian":-1},"geometry":{"type":"Polygon","coordinates":[[[150.87955776908294,-33.905098054558664],[150.87955776908294,-33.89610485092142],[150.88855097272017,-33.89610485092142],[150.88855097272017,-33.905098054558664],[150.87955776908294,-33.905098054558664]]]}},{"type":"Feature","properties":{"jobs":183,"pop":614,"pointCount":5,"homeWorkCommuteMedian":38327,"workHomeCommuteMedian":1362},"geometry":{"type":"Polygon","coordinates":[[[150.87955776908294,-33.89610485092142],[150.87955776908294,-33.88711164728417],[150.88855097272017,-33.88711164728417],[150.88855097272017,-33.89610485092142],[150.87955776908294,-33.89610485092142]]]}},{"type":"Feature","properties":{"jobs":176,"pop":828,"pointCount":4,"homeWorkCommuteMedian":30502,"workHomeCommuteMedian":35826},"geometry":{"type":"Polygon","coordinates":[[[150.87955776908294,-33.88711164728417],[150.87955776908294,-33.878118443646926],[150.88855097272017,-33.878118443646926],[150.88855097272017,-33.88711164728417],[150.87955776908294,-33.88711164728417]]]}},{"type":"Feature","properties":{"jobs":678,"pop":998,"pointCount":6,"homeWorkCommuteMedian":15878,"workHomeCommuteMedian":22603},"geometry":{"type":"Polygon","coordinates":[[[150.87955776908294,-33.878118443646926],[150.87955776908294,-33.86912524000968],[150.88855097272017,-33.86912524000968],[150.88855097272017,-33.878118443646926],[150.87955776908294,-33.878118443646926]]]}},{"type":"Feature","properties":{"jobs":441,"pop":1148,"pointCount":7,"homeWorkCommuteMedian":23138,"workHomeCommuteMedian":27285},"geometry":{"type":"Polygon","coordinates":[[[150.87955776908294,-33.86912524000968],[150.87955776908294,-33.860132036372434],[150.88855097272017,-33.860132036372434],[150.88855097272017,-33.86912524000968],[150.87955776908294,-33.86912524000968]]]}},{"type":"Feature","properties":{"jobs":0,"pop":501,"pointCount":3,"homeWorkCommuteMedian":7532,"workHomeCommuteMedian":-1},"geometry":{"type":"Polygon","coordinates":[[[150.87955776908294,-33.860132036372434],[150.87955776908294,-33.85113883273519],[150.88855097272017,-33.85113883273519],[150.88855097272017,-33.860132036372434],[150.87955776908294,-33.860132036372434]]]}},{"type":"Feature","properties":{"jobs":3425,"pop":0,"pointCount":1,"homeWorkCommuteMedian":-1,"workHomeCommuteMedian":17984},"geometry":{"type":"Polygon","coordinates":[[[150.87955776908294,-33.85113883273519],[150.87955776908294,-33.84214562909794],[150.88855097272017,-33.84214562909794],[150.88855097272017,-33.85113883273519],[150.87955776908294,-33.85113883273519]]]}},{"type":"Feature","properties":{"jobs":1635,"pop":0,"pointCount":1,"homeWorkCommuteMedian":-1,"workHomeCommuteMedian":18590},"geometry":{"type":"Polygon","coordinates":[[[150.87955776908294,-33.815166018186204],[150.87955776908294,-33.80617281454896],[150.88855097272017,-33.80617281454896],[150.88855097272017,-33.815166018186204],[150.87955776908294,-33.815166018186204]]]}},{"type":"Feature","properties":{"jobs":5967,"pop":0,"pointCount":1,"homeWorkCommuteMedian":-1,"workHomeCommuteMedian":16798},"geometry":{"type":"Polygon","coordinates":[[[150.87955776908294,-33.80617281454896],[150.87955776908294,-33.79717961091171],[150.88855097272017,-33.79717961091171],[150.88855097272017,-33.80617281454896],[150.87955776908294,-33.80617281454896]]]}},{"type":"Feature","properties":{"jobs":4975,"pop":0,"pointCount":1,"homeWorkCommuteMedian":-1,"workHomeCommuteMedian":19066},"geometry":{"type":"Polygon","coordinates":[[[150.87955776908294,-33.79717961091171],[150.87955776908294,-33.788186407274466],[150.88855097272017,-33.788186407274466],[150.88855097272017,-33.79717961091171],[150.87955776908294,-33.79717961091171]]]}},{"type":"Feature","properties":{"jobs":219,"pop":1374,"pointCount":5,"homeWorkCommuteMedian":14984,"workHomeCommuteMedian":47490},"geometry":{"type":"Polygon","coordinates":[[[150.87955776908294,-33.788186407274466],[150.87955776908294,-33.77919320363722],[150.88855097272017,-33.77919320363722],[150.88855097272017,-33.788186407274466],[150.87955776908294,-33.788186407274466]]]}},{"type":"Feature","properties":{"jobs":444,"pop":1162,"pointCount":6,"homeWorkCommuteMedian":15230,"workHomeCommuteMedian":5911},"geometry":{"type":"Polygon","coordinates":[[[150.87955776908294,-33.77919320363722],[150.87955776908294,-33.770199999999974],[150.88855097272017,-33.770199999999974],[150.88855097272017,-33.77919320363722],[150.87955776908294,-33.77919320363722]]]}},{"type":"Feature","properties":{"jobs":0,"pop":715,"pointCount":4,"homeWorkCommuteMedian":7714,"workHomeCommuteMedian":-1},"geometry":{"type":"Polygon","coordinates":[[[150.87955776908294,-33.770199999999974],[150.87955776908294,-33.76120679636273],[150.88855097272017,-33.76120679636273],[150.88855097272017,-33.770199999999974],[150.87955776908294,-33.770199999999974]]]}},{"type":"Feature","properties":{"jobs":613,"pop":1369,"pointCount":6,"homeWorkCommuteMedian":9573,"workHomeCommuteMedian":7225},"geometry":{"type":"Polygon","coordinates":[[[150.87955776908294,-33.76120679636273],[150.87955776908294,-33.75221359272548],[150.88855097272017,-33.75221359272548],[150.88855097272017,-33.76120679636273],[150.87955776908294,-33.76120679636273]]]}},{"type":"Feature","properties":{"jobs":239,"pop":1032,"pointCount":5,"homeWorkCommuteMedian":14140,"workHomeCommuteMedian":10724},"geometry":{"type":"Polygon","coordinates":[[[150.87955776908294,-33.75221359272548],[150.87955776908294,-33.743220389088236],[150.88855097272017,-33.743220389088236],[150.88855097272017,-33.75221359272548],[150.87955776908294,-33.75221359272548]]]}},{"type":"Feature","properties":{"jobs":510,"pop":691,"pointCount":5,"homeWorkCommuteMedian":22195,"workHomeCommuteMedian":7631},"geometry":{"type":"Polygon","coordinates":[[[150.87955776908294,-33.743220389088236],[150.87955776908294,-33.73422718545099],[150.88855097272017,-33.73422718545099],[150.88855097272017,-33.743220389088236],[150.87955776908294,-33.743220389088236]]]}},{"type":"Feature","properties":{"jobs":481,"pop":1284,"pointCount":4,"homeWorkCommuteMedian":21062,"workHomeCommuteMedian":10346},"geometry":{"type":"Polygon","coordinates":[[[150.87955776908294,-33.73422718545099],[150.87955776908294,-33.725233981813744],[150.88855097272017,-33.725233981813744],[150.88855097272017,-33.73422718545099],[150.87955776908294,-33.73422718545099]]]}},{"type":"Feature","properties":{"jobs":90,"pop":668,"pointCount":3,"homeWorkCommuteMedian":7634,"workHomeCommuteMedian":29975},"geometry":{"type":"Polygon","coordinates":[[[150.87955776908294,-33.725233981813744],[150.87955776908294,-33.7162407781765],[150.88855097272017,-33.7162407781765],[150.88855097272017,-33.725233981813744],[150.87955776908294,-33.725233981813744]]]}},{"type":"Feature","properties":{"jobs":0,"pop":1711,"pointCount":7,"homeWorkCommuteMedian":44812,"workHomeCommuteMedian":-1},"geometry":{"type":"Polygon","coordinates":[[[150.87955776908294,-33.7162407781765],[150.87955776908294,-33.70724757453925],[150.88855097272017,-33.70724757453925],[150.88855097272017,-33.7162407781765],[150.87955776908294,-33.7162407781765]]]}},{"type":"Feature","properties":{"jobs":0,"pop":1626,"pointCount":6,"homeWorkCommuteMedian":30200,"workHomeCommuteMedian":-1},"geometry":{"type":"Polygon","coordinates":[[[150.87955776908294,-33.70724757453925],[150.87955776908294,-33.698254370902006],[150.88855097272017,-33.698254370902006],[150.88855097272017,-33.70724757453925],[150.87955776908294,-33.70724757453925]]]}},{"type":"Feature","properties":{"jobs":0,"pop":1081,"pointCount":4,"homeWorkCommuteMedian":16466,"workHomeCommuteMedian":-1},"geometry":{"type":"Polygon","coordinates":[[[150.87955776908294,-33.698254370902006],[150.87955776908294,-33.68926116726476],[150.88855097272017,-33.68926116726476],[150.88855097272017,-33.698254370902006],[150.87955776908294,-33.698254370902006]]]}},{"type":"Feature","properties":{"jobs":147,"pop":863,"pointCount":3,"homeWorkCommuteMedian":36109,"workHomeCommuteMedian":44969},"geometry":{"type":"Polygon","coordinates":[[[150.87955776908294,-33.68926116726476],[150.87955776908294,-33.680267963627514],[150.88855097272017,-33.680267963627514],[150.88855097272017,-33.68926116726476],[150.87955776908294,-33.68926116726476]]]}},{"type":"Feature","properties":{"jobs":308,"pop":146,"pointCount":1,"homeWorkCommuteMedian":33107,"workHomeCommuteMedian":10560},"geometry":{"type":"Polygon","coordinates":[[[150.87955776908294,-33.66228155635302],[150.87955776908294,-33.65328835271578],[150.88855097272017,-33.65328835271578],[150.88855097272017,-33.66228155635302],[150.87955776908294,-33.66228155635302]]]}},{"type":"Feature","properties":{"jobs":0,"pop":804,"pointCount":3,"homeWorkCommuteMedian":34513,"workHomeCommuteMedian":-1},"geometry":{"type":"Polygon","coordinates":[[[150.87955776908294,-33.65328835271578],[150.87955776908294,-33.64429514907853],[150.88855097272017,-33.64429514907853],[150.88855097272017,-33.65328835271578],[150.87955776908294,-33.65328835271578]]]}},{"type":"Feature","properties":{"jobs":0,"pop":133,"pointCount":1,"homeWorkCommuteMedian":12254,"workHomeCommuteMedian":-1},"geometry":{"type":"Polygon","coordinates":[[[150.87955776908294,-33.62630874180404],[150.87955776908294,-33.61731553816679],[150.88855097272017,-33.61731553816679],[150.88855097272017,-33.62630874180404],[150.87955776908294,-33.62630874180404]]]}},{"type":"Feature","properties":{"jobs":0,"pop":163,"pointCount":1,"homeWorkCommuteMedian":8736,"workHomeCommuteMedian":-1},"geometry":{"type":"Polygon","coordinates":[[[150.87955776908294,-33.58134272361781],[150.87955776908294,-33.57234951998056],[150.88855097272017,-33.57234951998056],[150.88855097272017,-33.58134272361781],[150.87955776908294,-33.58134272361781]]]}},{"type":"Feature","properties":{"jobs":80,"pop":79,"pointCount":1,"homeWorkCommuteMedian":3891,"workHomeCommuteMedian":29401},"geometry":{"type":"Polygon","coordinates":[[[150.88855097272017,-34.013016498205616],[150.88855097272017,-34.00402329456837],[150.8975441763574,-34.00402329456837],[150.8975441763574,-34.013016498205616],[150.88855097272017,-34.013016498205616]]]}},{"type":"Feature","properties":{"jobs":0,"pop":1129,"pointCount":4,"homeWorkCommuteMedian":16682,"workHomeCommuteMedian":-1},"geometry":{"type":"Polygon","coordinates":[[[150.88855097272017,-34.00402329456837],[150.88855097272017,-33.995030090931124],[150.8975441763574,-33.995030090931124],[150.8975441763574,-34.00402329456837],[150.88855097272017,-34.00402329456837]]]}},{"type":"Feature","properties":{"jobs":180,"pop":625,"pointCount":5,"homeWorkCommuteMedian":24762,"workHomeCommuteMedian":5659},"geometry":{"type":"Polygon","coordinates":[[[150.88855097272017,-33.995030090931124],[150.88855097272017,-33.98603688729388],[150.8975441763574,-33.98603688729388],[150.8975441763574,-33.995030090931124],[150.88855097272017,-33.995030090931124]]]}},{"type":"Feature","properties":{"jobs":258,"pop":558,"pointCount":3,"homeWorkCommuteMedian":38034,"workHomeCommuteMedian":52582},"geometry":{"type":"Polygon","coordinates":[[[150.88855097272017,-33.98603688729388],[150.88855097272017,-33.97704368365663],[150.8975441763574,-33.97704368365663],[150.8975441763574,-33.98603688729388],[150.88855097272017,-33.98603688729388]]]}},{"type":"Feature","properties":{"jobs":82,"pop":628,"pointCount":3,"homeWorkCommuteMedian":28564,"workHomeCommuteMedian":42330},"geometry":{"type":"Polygon","coordinates":[[[150.88855097272017,-33.97704368365663],[150.88855097272017,-33.968050480019386],[150.8975441763574,-33.968050480019386],[150.8975441763574,-33.97704368365663],[150.88855097272017,-33.97704368365663]]]}},{"type":"Feature","properties":{"jobs":0,"pop":1270,"pointCount":4,"homeWorkCommuteMedian":23280,"workHomeCommuteMedian":-1},"geometry":{"type":"Polygon","coordinates":[[[150.88855097272017,-33.968050480019386],[150.88855097272017,-33.95905727638214],[150.8975441763574,-33.95905727638214],[150.8975441763574,-33.968050480019386],[150.88855097272017,-33.968050480019386]]]}},{"type":"Feature","properties":{"jobs":433,"pop":995,"pointCount":5,"homeWorkCommuteMedian":23339,"workHomeCommuteMedian":6267},"geometry":{"type":"Polygon","coordinates":[[[150.88855097272017,-33.95905727638214],[150.88855097272017,-33.950064072744894],[150.8975441763574,-33.950064072744894],[150.8975441763574,-33.95905727638214],[150.88855097272017,-33.95905727638214]]]}},{"type":"Feature","properties":{"jobs":357,"pop":731,"pointCount":5,"homeWorkCommuteMedian":9014,"workHomeCommuteMedian":24015},"geometry":{"type":"Polygon","coordinates":[[[150.88855097272017,-33.950064072744894],[150.88855097272017,-33.94107086910765],[150.8975441763574,-33.94107086910765],[150.8975441763574,-33.950064072744894],[150.88855097272017,-33.950064072744894]]]}},{"type":"Feature","properties":{"jobs":0,"pop":641,"pointCount":6,"homeWorkCommuteMedian":24548,"workHomeCommuteMedian":-1},"geometry":{"type":"Polygon","coordinates":[[[150.88855097272017,-33.94107086910765],[150.88855097272017,-33.9320776654704],[150.8975441763574,-33.9320776654704],[150.8975441763574,-33.94107086910765],[150.88855097272017,-33.94107086910765]]]}},{"type":"Feature","properties":{"jobs":150,"pop":453,"pointCount":3,"homeWorkCommuteMedian":4734,"workHomeCommuteMedian":16626},"geometry":{"type":"Polygon","coordinates":[[[150.88855097272017,-33.9320776654704],[150.88855097272017,-33.923084461833156],[150.8975441763574,-33.923084461833156],[150.8975441763574,-33.9320776654704],[150.88855097272017,-33.9320776654704]]]}},{"type":"Feature","properties":{"jobs":0,"pop":432,"pointCount":4,"homeWorkCommuteMedian":18138,"workHomeCommuteMedian":-1},"geometry":{"type":"Polygon","coordinates":[[[150.88855097272017,-33.923084461833156],[150.88855097272017,-33.91409125819591],[150.8975441763574,-33.91409125819591],[150.8975441763574,-33.923084461833156],[150.88855097272017,-33.923084461833156]]]}},{"type":"Feature","properties":{"jobs":0,"pop":812,"pointCount":5,"homeWorkCommuteMedian":20631,"workHomeCommuteMedian":-1},"geometry":{"type":"Polygon","coordinates":[[[150.88855097272017,-33.91409125819591],[150.88855097272017,-33.905098054558664],[150.8975441763574,-33.905098054558664],[150.8975441763574,-33.91409125819591],[150.88855097272017,-33.91409125819591]]]}},{"type":"Feature","properties":{"jobs":0,"pop":691,"pointCount":5,"homeWorkCommuteMedian":4312,"workHomeCommuteMedian":-1},"geometry":{"type":"Polygon","coordinates":[[[150.88855097272017,-33.905098054558664],[150.88855097272017,-33.89610485092142],[150.8975441763574,-33.89610485092142],[150.8975441763574,-33.905098054558664],[150.88855097272017,-33.905098054558664]]]}},{"type":"Feature","properties":{"jobs":1171,"pop":872,"pointCount":5,"homeWorkCommuteMedian":13353,"workHomeCommuteMedian":14670},"geometry":{"type":"Polygon","coordinates":[[[150.88855097272017,-33.89610485092142],[150.88855097272017,-33.88711164728417],[150.8975441763574,-33.88711164728417],[150.8975441763574,-33.89610485092142],[150.88855097272017,-33.89610485092142]]]}},{"type":"Feature","properties":{"jobs":790,"pop":446,"pointCount":4,"homeWorkCommuteMedian":23724,"workHomeCommuteMedian":8410},"geometry":{"type":"Polygon","coordinates":[[[150.88855097272017,-33.88711164728417],[150.88855097272017,-33.878118443646926],[150.8975441763574,-33.878118443646926],[150.8975441763574,-33.88711164728417],[150.88855097272017,-33.88711164728417]]]}},{"type":"Feature","properties":{"jobs":360,"pop":797,"pointCount":4,"homeWorkCommuteMedian":6391,"workHomeCommuteMedian":13605},"geometry":{"type":"Polygon","coordinates":[[[150.88855097272017,-33.878118443646926],[150.88855097272017,-33.86912524000968],[150.8975441763574,-33.86912524000968],[150.8975441763574,-33.878118443646926],[150.88855097272017,-33.878118443646926]]]}},{"type":"Feature","properties":{"jobs":0,"pop":513,"pointCount":4,"homeWorkCommuteMedian":17061,"workHomeCommuteMedian":-1},"geometry":{"type":"Polygon","coordinates":[[[150.88855097272017,-33.86912524000968],[150.88855097272017,-33.860132036372434],[150.8975441763574,-33.860132036372434],[150.8975441763574,-33.86912524000968],[150.88855097272017,-33.86912524000968]]]}},{"type":"Feature","properties":{"jobs":0,"pop":943,"pointCount":5,"homeWorkCommuteMedian":14182,"workHomeCommuteMedian":-1},"geometry":{"type":"Polygon","coordinates":[[[150.88855097272017,-33.860132036372434],[150.88855097272017,-33.85113883273519],[150.8975441763574,-33.85113883273519],[150.8975441763574,-33.860132036372434],[150.88855097272017,-33.860132036372434]]]}},{"type":"Feature","properties":{"jobs":2106,"pop":0,"pointCount":1,"homeWorkCommuteMedian":-1,"workHomeCommuteMedian":19943},"geometry":{"type":"Polygon","coordinates":[[[150.88855097272017,-33.84214562909794],[150.88855097272017,-33.833152425460696],[150.8975441763574,-33.833152425460696],[150.8975441763574,-33.84214562909794],[150.88855097272017,-33.84214562909794]]]}},{"type":"Feature","properties":{"jobs":0,"pop":280,"pointCount":1,"homeWorkCommuteMedian":35134,"workHomeCommuteMedian":-1},"geometry":{"type":"Polygon","coordinates":[[[150.88855097272017,-33.79717961091171],[150.88855097272017,-33.788186407274466],[150.8975441763574,-33.788186407274466],[150.8975441763574,-33.79717961091171],[150.88855097272017,-33.79717961091171]]]}},{"type":"Feature","properties":{"jobs":308,"pop":1421,"pointCount":6,"homeWorkCommuteMedian":20277,"workHomeCommuteMedian":7990},"geometry":{"type":"Polygon","coordinates":[[[150.88855097272017,-33.788186407274466],[150.88855097272017,-33.77919320363722],[150.8975441763574,-33.77919320363722],[150.8975441763574,-33.788186407274466],[150.88855097272017,-33.788186407274466]]]}},{"type":"Feature","properties":{"jobs":211,"pop":946,"pointCount":5,"homeWorkCommuteMedian":30477,"workHomeCommuteMedian":36750},"geometry":{"type":"Polygon","coordinates":[[[150.88855097272017,-33.77919320363722],[150.88855097272017,-33.770199999999974],[150.8975441763574,-33.770199999999974],[150.8975441763574,-33.77919320363722],[150.88855097272017,-33.77919320363722]]]}},{"type":"Feature","properties":{"jobs":78,"pop":1087,"pointCount":5,"homeWorkCommuteMedian":13238,"workHomeCommuteMedian":42778},"geometry":{"type":"Polygon","coordinates":[[[150.88855097272017,-33.770199999999974],[150.88855097272017,-33.76120679636273],[150.8975441763574,-33.76120679636273],[150.8975441763574,-33.770199999999974],[150.88855097272017,-33.770199999999974]]]}},{"type":"Feature","properties":{"jobs":0,"pop":944,"pointCount":6,"homeWorkCommuteMedian":28243,"workHomeCommuteMedian":-1},"geometry":{"type":"Polygon","coordinates":[[[150.88855097272017,-33.76120679636273],[150.88855097272017,-33.75221359272548],[150.8975441763574,-33.75221359272548],[150.8975441763574,-33.76120679636273],[150.88855097272017,-33.76120679636273]]]}},{"type":"Feature","properties":{"jobs":100,"pop":858,"pointCount":5,"homeWorkCommuteMedian":27234,"workHomeCommuteMedian":34438},"geometry":{"type":"Polygon","coordinates":[[[150.88855097272017,-33.75221359272548],[150.88855097272017,-33.743220389088236],[150.8975441763574,-33.743220389088236],[150.8975441763574,-33.75221359272548],[150.88855097272017,-33.75221359272548]]]}},{"type":"Feature","properties":{"jobs":499,"pop":1358,"pointCount":6,"homeWorkCommuteMedian":24128,"workHomeCommuteMedian":3875},"geometry":{"type":"Polygon","coordinates":[[[150.88855097272017,-33.743220389088236],[150.88855097272017,-33.73422718545099],[150.8975441763574,-33.73422718545099],[150.8975441763574,-33.743220389088236],[150.88855097272017,-33.743220389088236]]]}},{"type":"Feature","properties":{"jobs":222,"pop":1912,"pointCount":7,"homeWorkCommuteMedian":16531,"workHomeCommuteMedian":46004},"geometry":{"type":"Polygon","coordinates":[[[150.88855097272017,-33.73422718545099],[150.88855097272017,-33.725233981813744],[150.8975441763574,-33.725233981813744],[150.8975441763574,-33.73422718545099],[150.88855097272017,-33.73422718545099]]]}},{"type":"Feature","properties":{"jobs":0,"pop":1541,"pointCount":5,"homeWorkCommuteMedian":23534,"workHomeCommuteMedian":-1},"geometry":{"type":"Polygon","coordinates":[[[150.88855097272017,-33.725233981813744],[150.88855097272017,-33.7162407781765],[150.8975441763574,-33.7162407781765],[150.8975441763574,-33.725233981813744],[150.88855097272017,-33.725233981813744]]]}},{"type":"Feature","properties":{"jobs":461,"pop":1549,"pointCount":6,"homeWorkCommuteMedian":31166,"workHomeCommuteMedian":11507},"geometry":{"type":"Polygon","coordinates":[[[150.88855097272017,-33.7162407781765],[150.88855097272017,-33.70724757453925],[150.8975441763574,-33.70724757453925],[150.8975441763574,-33.7162407781765],[150.88855097272017,-33.7162407781765]]]}},{"type":"Feature","properties":{"jobs":347,"pop":877,"pointCount":3,"homeWorkCommuteMedian":30930,"workHomeCommuteMedian":4028},"geometry":{"type":"Polygon","coordinates":[[[150.88855097272017,-33.70724757453925],[150.88855097272017,-33.698254370902006],[150.8975441763574,-33.698254370902006],[150.8975441763574,-33.70724757453925],[150.88855097272017,-33.70724757453925]]]}},{"type":"Feature","properties":{"jobs":242,"pop":601,"pointCount":2,"homeWorkCommuteMedian":34325,"workHomeCommuteMedian":3258},"geometry":{"type":"Polygon","coordinates":[[[150.88855097272017,-33.698254370902006],[150.88855097272017,-33.68926116726476],[150.8975441763574,-33.68926116726476],[150.8975441763574,-33.698254370902006],[150.88855097272017,-33.698254370902006]]]}},{"type":"Feature","properties":{"jobs":416,"pop":138,"pointCount":1,"homeWorkCommuteMedian":3212,"workHomeCommuteMedian":13487},"geometry":{"type":"Polygon","coordinates":[[[150.88855097272017,-33.68926116726476],[150.88855097272017,-33.680267963627514],[150.8975441763574,-33.680267963627514],[150.8975441763574,-33.68926116726476],[150.88855097272017,-33.68926116726476]]]}},{"type":"Feature","properties":{"jobs":0,"pop":265,"pointCount":1,"homeWorkCommuteMedian":39095,"workHomeCommuteMedian":-1},"geometry":{"type":"Polygon","coordinates":[[[150.88855097272017,-33.680267963627514],[150.88855097272017,-33.67127475999027],[150.8975441763574,-33.67127475999027],[150.8975441763574,-33.680267963627514],[150.88855097272017,-33.680267963627514]]]}},{"type":"Feature","properties":{"jobs":0,"pop":481,"pointCount":2,"homeWorkCommuteMedian":23873,"workHomeCommuteMedian":-1},"geometry":{"type":"Polygon","coordinates":[[[150.88855097272017,-33.65328835271578],[150.88855097272017,-33.64429514907853],[150.8975441763574,-33.64429514907853],[150.8975441763574,-33.65328835271578],[150.88855097272017,-33.65328835271578]]]}},{"type":"Feature","properties":{"jobs":0,"pop":149,"pointCount":1,"homeWorkCommuteMedian":46192,"workHomeCommuteMedian":-1},"geometry":{"type":"Polygon","coordinates":[[[150.88855097272017,-33.64429514907853],[150.88855097272017,-33.635301945441284],[150.8975441763574,-33.635301945441284],[150.8975441763574,-33.64429514907853],[150.88855097272017,-33.64429514907853]]]}},{"type":"Feature","properties":{"jobs":65,"pop":131,"pointCount":1,"homeWorkCommuteMedian":8060,"workHomeCommuteMedian":30021},"geometry":{"type":"Polygon","coordinates":[[[150.88855097272017,-33.60832233452955],[150.88855097272017,-33.5993291308923],[150.8975441763574,-33.5993291308923],[150.8975441763574,-33.60832233452955],[150.88855097272017,-33.60832233452955]]]}},{"type":"Feature","properties":{"jobs":0,"pop":462,"pointCount":3,"homeWorkCommuteMedian":29053,"workHomeCommuteMedian":-1},"geometry":{"type":"Polygon","coordinates":[[[150.8975441763574,-34.00402329456837],[150.8975441763574,-33.995030090931124],[150.90653737999463,-33.995030090931124],[150.90653737999463,-34.00402329456837],[150.8975441763574,-34.00402329456837]]]}},{"type":"Feature","properties":{"jobs":0,"pop":356,"pointCount":4,"homeWorkCommuteMedian":20948,"workHomeCommuteMedian":-1},"geometry":{"type":"Polygon","coordinates":[[[150.8975441763574,-33.995030090931124],[150.8975441763574,-33.98603688729388],[150.90653737999463,-33.98603688729388],[150.90653737999463,-33.995030090931124],[150.8975441763574,-33.995030090931124]]]}},{"type":"Feature","properties":{"jobs":393,"pop":560,"pointCount":4,"homeWorkCommuteMedian":22196,"workHomeCommuteMedian":9325},"geometry":{"type":"Polygon","coordinates":[[[150.8975441763574,-33.98603688729388],[150.8975441763574,-33.97704368365663],[150.90653737999463,-33.97704368365663],[150.90653737999463,-33.98603688729388],[150.8975441763574,-33.98603688729388]]]}},{"type":"Feature","properties":{"jobs":438,"pop":1028,"pointCount":5,"homeWorkCommuteMedian":19442,"workHomeCommuteMedian":19778},"geometry":{"type":"Polygon","coordinates":[[[150.8975441763574,-33.97704368365663],[150.8975441763574,-33.968050480019386],[150.90653737999463,-33.968050480019386],[150.90653737999463,-33.97704368365663],[150.8975441763574,-33.97704368365663]]]}},{"type":"Feature","properties":{"jobs":0,"pop":470,"pointCount":1,"homeWorkCommuteMedian":22497,"workHomeCommuteMedian":-1},"geometry":{"type":"Polygon","coordinates":[[[150.8975441763574,-33.968050480019386],[150.8975441763574,-33.95905727638214],[150.90653737999463,-33.95905727638214],[150.90653737999463,-33.968050480019386],[150.8975441763574,-33.968050480019386]]]}},{"type":"Feature","properties":{"jobs":341,"pop":1144,"pointCount":5,"homeWorkCommuteMedian":14102,"workHomeCommuteMedian":10029},"geometry":{"type":"Polygon","coordinates":[[[150.8975441763574,-33.95905727638214],[150.8975441763574,-33.950064072744894],[150.90653737999463,-33.950064072744894],[150.90653737999463,-33.95905727638214],[150.8975441763574,-33.95905727638214]]]}},{"type":"Feature","properties":{"jobs":222,"pop":945,"pointCount":5,"homeWorkCommuteMedian":17405,"workHomeCommuteMedian":19488},"geometry":{"type":"Polygon","coordinates":[[[150.8975441763574,-33.950064072744894],[150.8975441763574,-33.94107086910765],[150.90653737999463,-33.94107086910765],[150.90653737999463,-33.950064072744894],[150.8975441763574,-33.950064072744894]]]}},{"type":"Feature","properties":{"jobs":158,"pop":566,"pointCount":3,"homeWorkCommuteMedian":29232,"workHomeCommuteMedian":2437},"geometry":{"type":"Polygon","coordinates":[[[150.8975441763574,-33.94107086910765],[150.8975441763574,-33.9320776654704],[150.90653737999463,-33.9320776654704],[150.90653737999463,-33.94107086910765],[150.8975441763574,-33.94107086910765]]]}},{"type":"Feature","properties":{"jobs":0,"pop":981,"pointCount":6,"homeWorkCommuteMedian":16860,"workHomeCommuteMedian":-1},"geometry":{"type":"Polygon","coordinates":[[[150.8975441763574,-33.9320776654704],[150.8975441763574,-33.923084461833156],[150.90653737999463,-33.923084461833156],[150.90653737999463,-33.9320776654704],[150.8975441763574,-33.9320776654704]]]}},{"type":"Feature","properties":{"jobs":0,"pop":376,"pointCount":3,"homeWorkCommuteMedian":26194,"workHomeCommuteMedian":-1},"geometry":{"type":"Polygon","coordinates":[[[150.8975441763574,-33.923084461833156],[150.8975441763574,-33.91409125819591],[150.90653737999463,-33.91409125819591],[150.90653737999463,-33.923084461833156],[150.8975441763574,-33.923084461833156]]]}},{"type":"Feature","properties":{"jobs":0,"pop":794,"pointCount":5,"homeWorkCommuteMedian":29709,"workHomeCommuteMedian":-1},"geometry":{"type":"Polygon","coordinates":[[[150.8975441763574,-33.91409125819591],[150.8975441763574,-33.905098054558664],[150.90653737999463,-33.905098054558664],[150.90653737999463,-33.91409125819591],[150.8975441763574,-33.91409125819591]]]}},{"type":"Feature","properties":{"jobs":612,"pop":1215,"pointCount":7,"homeWorkCommuteMedian":23485,"workHomeCommuteMedian":7198},"geometry":{"type":"Polygon","coordinates":[[[150.8975441763574,-33.905098054558664],[150.8975441763574,-33.89610485092142],[150.90653737999463,-33.89610485092142],[150.90653737999463,-33.905098054558664],[150.8975441763574,-33.905098054558664]]]}},{"type":"Feature","properties":{"jobs":422,"pop":768,"pointCount":6,"homeWorkCommuteMedian":17446,"workHomeCommuteMedian":4406},"geometry":{"type":"Polygon","coordinates":[[[150.8975441763574,-33.89610485092142],[150.8975441763574,-33.88711164728417],[150.90653737999463,-33.88711164728417],[150.90653737999463,-33.89610485092142],[150.8975441763574,-33.89610485092142]]]}},{"type":"Feature","properties":{"jobs":170,"pop":1213,"pointCount":6,"homeWorkCommuteMedian":19051,"workHomeCommuteMedian":44235},"geometry":{"type":"Polygon","coordinates":[[[150.8975441763574,-33.88711164728417],[150.8975441763574,-33.878118443646926],[150.90653737999463,-33.878118443646926],[150.90653737999463,-33.88711164728417],[150.8975441763574,-33.88711164728417]]]}},{"type":"Feature","properties":{"jobs":0,"pop":845,"pointCount":6,"homeWorkCommuteMedian":10325,"workHomeCommuteMedian":-1},"geometry":{"type":"Polygon","coordinates":[[[150.8975441763574,-33.878118443646926],[150.8975441763574,-33.86912524000968],[150.90653737999463,-33.86912524000968],[150.90653737999463,-33.878118443646926],[150.8975441763574,-33.878118443646926]]]}},{"type":"Feature","properties":{"jobs":2804,"pop":429,"pointCount":3,"homeWorkCommuteMedian":11275,"workHomeCommuteMedian":6739},"geometry":{"type":"Polygon","coordinates":[[[150.8975441763574,-33.86912524000968],[150.8975441763574,-33.860132036372434],[150.90653737999463,-33.860132036372434],[150.90653737999463,-33.86912524000968],[150.8975441763574,-33.86912524000968]]]}},{"type":"Feature","properties":{"jobs":0,"pop":641,"pointCount":5,"homeWorkCommuteMedian":25004,"workHomeCommuteMedian":-1},"geometry":{"type":"Polygon","coordinates":[[[150.8975441763574,-33.860132036372434],[150.8975441763574,-33.85113883273519],[150.90653737999463,-33.85113883273519],[150.90653737999463,-33.860132036372434],[150.8975441763574,-33.860132036372434]]]}},{"type":"Feature","properties":{"jobs":2764,"pop":0,"pointCount":1,"homeWorkCommuteMedian":-1,"workHomeCommuteMedian":18627},"geometry":{"type":"Polygon","coordinates":[[[150.8975441763574,-33.85113883273519],[150.8975441763574,-33.84214562909794],[150.90653737999463,-33.84214562909794],[150.90653737999463,-33.85113883273519],[150.8975441763574,-33.85113883273519]]]}},{"type":"Feature","properties":{"jobs":2682,"pop":0,"pointCount":1,"homeWorkCommuteMedian":-1,"workHomeCommuteMedian":17244},"geometry":{"type":"Polygon","coordinates":[[[150.8975441763574,-33.84214562909794],[150.8975441763574,-33.833152425460696],[150.90653737999463,-33.833152425460696],[150.90653737999463,-33.84214562909794],[150.8975441763574,-33.84214562909794]]]}},{"type":"Feature","properties":{"jobs":159,"pop":294,"pointCount":2,"homeWorkCommuteMedian":17735,"workHomeCommuteMedian":2494},"geometry":{"type":"Polygon","coordinates":[[[150.8975441763574,-33.80617281454896],[150.8975441763574,-33.79717961091171],[150.90653737999463,-33.79717961091171],[150.90653737999463,-33.80617281454896],[150.8975441763574,-33.80617281454896]]]}},{"type":"Feature","properties":{"jobs":551,"pop":1566,"pointCount":5,"homeWorkCommuteMedian":9799,"workHomeCommuteMedian":11413},"geometry":{"type":"Polygon","coordinates":[[[150.8975441763574,-33.79717961091171],[150.8975441763574,-33.788186407274466],[150.90653737999463,-33.788186407274466],[150.90653737999463,-33.79717961091171],[150.8975441763574,-33.79717961091171]]]}},{"type":"Feature","properties":{"jobs":0,"pop":1177,"pointCount":6,"homeWorkCommuteMedian":7296,"workHomeCommuteMedian":-1},"geometry":{"type":"Polygon","coordinates":[[[150.8975441763574,-33.788186407274466],[150.8975441763574,-33.77919320363722],[150.90653737999463,-33.77919320363722],[150.90653737999463,-33.788186407274466],[150.8975441763574,-33.788186407274466]]]}},{"type":"Feature","properties":{"jobs":3570,"pop":1779,"pointCount":8,"homeWorkCommuteMedian":13428,"workHomeCommuteMedian":13242},"geometry":{"type":"Polygon","coordinates":[[[150.8975441763574,-33.77919320363722],[150.8975441763574,-33.770199999999974],[150.90653737999463,-33.770199999999974],[150.90653737999463,-33.77919320363722],[150.8975441763574,-33.77919320363722]]]}},{"type":"Feature","properties":{"jobs":545,"pop":905,"pointCount":3,"homeWorkCommuteMedian":14600,"workHomeCommuteMedian":15922},"geometry":{"type":"Polygon","coordinates":[[[150.8975441763574,-33.770199999999974],[150.8975441763574,-33.76120679636273],[150.90653737999463,-33.76120679636273],[150.90653737999463,-33.770199999999974],[150.8975441763574,-33.770199999999974]]]}},{"type":"Feature","properties":{"jobs":351,"pop":1381,"pointCount":6,"homeWorkCommuteMedian":13960,"workHomeCommuteMedian":9793},"geometry":{"type":"Polygon","coordinates":[[[150.8975441763574,-33.76120679636273],[150.8975441763574,-33.75221359272548],[150.90653737999463,-33.75221359272548],[150.90653737999463,-33.76120679636273],[150.8975441763574,-33.76120679636273]]]}},{"type":"Feature","properties":{"jobs":0,"pop":391,"pointCount":3,"homeWorkCommuteMedian":18061,"workHomeCommuteMedian":-1},"geometry":{"type":"Polygon","coordinates":[[[150.8975441763574,-33.75221359272548],[150.8975441763574,-33.743220389088236],[150.90653737999463,-33.743220389088236],[150.90653737999463,-33.75221359272548],[150.8975441763574,-33.75221359272548]]]}},{"type":"Feature","properties":{"jobs":0,"pop":1133,"pointCount":5,"homeWorkCommuteMedian":19900,"workHomeCommuteMedian":-1},"geometry":{"type":"Polygon","coordinates":[[[150.8975441763574,-33.743220389088236],[150.8975441763574,-33.73422718545099],[150.90653737999463,-33.73422718545099],[150.90653737999463,-33.743220389088236],[150.8975441763574,-33.743220389088236]]]}},{"type":"Feature","properties":{"jobs":225,"pop":1290,"pointCount":5,"homeWorkCommuteMedian":11675,"workHomeCommuteMedian":34980},"geometry":{"type":"Polygon","coordinates":[[[150.8975441763574,-33.73422718545099],[150.8975441763574,-33.725233981813744],[150.90653737999463,-33.725233981813744],[150.90653737999463,-33.73422718545099],[150.8975441763574,-33.73422718545099]]]}},{"type":"Feature","properties":{"jobs":244,"pop":1524,"pointCount":6,"homeWorkCommuteMedian":27229,"workHomeCommuteMedian":2110},"geometry":{"type":"Polygon","coordinates":[[[150.8975441763574,-33.725233981813744],[150.8975441763574,-33.7162407781765],[150.90653737999463,-33.7162407781765],[150.90653737999463,-33.725233981813744],[150.8975441763574,-33.725233981813744]]]}},{"type":"Feature","properties":{"jobs":127,"pop":1769,"pointCount":3,"homeWorkCommuteMedian":20075,"workHomeCommuteMedian":1026},"geometry":{"type":"Polygon","coordinates":[[[150.8975441763574,-33.7162407781765],[150.8975441763574,-33.70724757453925],[150.90653737999463,-33.70724757453925],[150.90653737999463,-33.7162407781765],[150.8975441763574,-33.7162407781765]]]}},{"type":"Feature","properties":{"jobs":648,"pop":2240,"pointCount":6,"homeWorkCommuteMedian":24226,"workHomeCommuteMedian":6203},"geometry":{"type":"Polygon","coordinates":[[[150.8975441763574,-33.70724757453925],[150.8975441763574,-33.698254370902006],[150.90653737999463,-33.698254370902006],[150.90653737999463,-33.70724757453925],[150.8975441763574,-33.70724757453925]]]}},{"type":"Feature","properties":{"jobs":0,"pop":699,"pointCount":2,"homeWorkCommuteMedian":38114,"workHomeCommuteMedian":-1},"geometry":{"type":"Polygon","coordinates":[[[150.8975441763574,-33.698254370902006],[150.8975441763574,-33.68926116726476],[150.90653737999463,-33.68926116726476],[150.90653737999463,-33.698254370902006],[150.8975441763574,-33.698254370902006]]]}},{"type":"Feature","properties":{"jobs":0,"pop":688,"pointCount":2,"homeWorkCommuteMedian":45048,"workHomeCommuteMedian":-1},"geometry":{"type":"Polygon","coordinates":[[[150.8975441763574,-33.68926116726476],[150.8975441763574,-33.680267963627514],[150.90653737999463,-33.680267963627514],[150.90653737999463,-33.68926116726476],[150.8975441763574,-33.68926116726476]]]}},{"type":"Feature","properties":{"jobs":415,"pop":374,"pointCount":2,"homeWorkCommuteMedian":21589,"workHomeCommuteMedian":2534},"geometry":{"type":"Polygon","coordinates":[[[150.8975441763574,-33.66228155635302],[150.8975441763574,-33.65328835271578],[150.90653737999463,-33.65328835271578],[150.90653737999463,-33.66228155635302],[150.8975441763574,-33.66228155635302]]]}},{"type":"Feature","properties":{"jobs":0,"pop":269,"pointCount":1,"homeWorkCommuteMedian":49298,"workHomeCommuteMedian":-1},"geometry":{"type":"Polygon","coordinates":[[[150.8975441763574,-33.65328835271578],[150.8975441763574,-33.64429514907853],[150.90653737999463,-33.64429514907853],[150.90653737999463,-33.65328835271578],[150.8975441763574,-33.65328835271578]]]}},{"type":"Feature","properties":{"jobs":0,"pop":605,"pointCount":3,"homeWorkCommuteMedian":35665,"workHomeCommuteMedian":-1},"geometry":{"type":"Polygon","coordinates":[[[150.8975441763574,-33.64429514907853],[150.8975441763574,-33.635301945441284],[150.90653737999463,-33.635301945441284],[150.90653737999463,-33.64429514907853],[150.8975441763574,-33.64429514907853]]]}},{"type":"Feature","properties":{"jobs":0,"pop":1099,"pointCount":4,"homeWorkCommuteMedian":27328,"workHomeCommuteMedian":-1},"geometry":{"type":"Polygon","coordinates":[[[150.8975441763574,-33.635301945441284],[150.8975441763574,-33.62630874180404],[150.90653737999463,-33.62630874180404],[150.90653737999463,-33.635301945441284],[150.8975441763574,-33.635301945441284]]]}},{"type":"Feature","properties":{"jobs":0,"pop":237,"pointCount":1,"homeWorkCommuteMedian":52458,"workHomeCommuteMedian":-1},"geometry":{"type":"Polygon","coordinates":[[[150.8975441763574,-33.58134272361781],[150.8975441763574,-33.57234951998056],[150.90653737999463,-33.57234951998056],[150.90653737999463,-33.58134272361781],[150.8975441763574,-33.58134272361781]]]}},{"type":"Feature","properties":{"jobs":86,"pop":252,"pointCount":1,"homeWorkCommuteMedian":46434,"workHomeCommuteMedian":16705},"geometry":{"type":"Polygon","coordinates":[[[150.8975441763574,-33.57234951998056],[150.8975441763574,-33.56335631634332],[150.90653737999463,-33.56335631634332],[150.90653737999463,-33.57234951998056],[150.8975441763574,-33.57234951998056]]]}},{"type":"Feature","properties":{"jobs":0,"pop":237,"pointCount":1,"homeWorkCommuteMedian":53243,"workHomeCommuteMedian":-1},"geometry":{"type":"Polygon","coordinates":[[[150.8975441763574,-33.50939709451984],[150.8975441763574,-33.500403890882595],[150.90653737999463,-33.500403890882595],[150.90653737999463,-33.50939709451984],[150.8975441763574,-33.50939709451984]]]}},{"type":"Feature","properties":{"jobs":213,"pop":171,"pointCount":1,"homeWorkCommuteMedian":34095,"workHomeCommuteMedian":66560},"geometry":{"type":"Polygon","coordinates":[[[150.8975441763574,-33.49141068724535],[150.8975441763574,-33.4824174836081],[150.90653737999463,-33.4824174836081],[150.90653737999463,-33.49141068724535],[150.8975441763574,-33.49141068724535]]]}},{"type":"Feature","properties":{"jobs":416,"pop":286,"pointCount":2,"homeWorkCommuteMedian":36157,"workHomeCommuteMedian":18875},"geometry":{"type":"Polygon","coordinates":[[[150.90653737999463,-33.97704368365663],[150.90653737999463,-33.968050480019386],[150.91553058363186,-33.968050480019386],[150.91553058363186,-33.97704368365663],[150.90653737999463,-33.97704368365663]]]}},{"type":"Feature","properties":{"jobs":279,"pop":0,"pointCount":1,"homeWorkCommuteMedian":-1,"workHomeCommuteMedian":11070},"geometry":{"type":"Polygon","coordinates":[[[150.90653737999463,-33.968050480019386],[150.90653737999463,-33.95905727638214],[150.91553058363186,-33.95905727638214],[150.91553058363186,-33.968050480019386],[150.90653737999463,-33.968050480019386]]]}},{"type":"Feature","properties":{"jobs":643,"pop":936,"pointCount":6,"homeWorkCommuteMedian":18087,"workHomeCommuteMedian":8239},"geometry":{"type":"Polygon","coordinates":[[[150.90653737999463,-33.950064072744894],[150.90653737999463,-33.94107086910765],[150.91553058363186,-33.94107086910765],[150.91553058363186,-33.950064072744894],[150.90653737999463,-33.950064072744894]]]}},{"type":"Feature","properties":{"jobs":278,"pop":843,"pointCount":5,"homeWorkCommuteMedian":22108,"workHomeCommuteMedian":5686},"geometry":{"type":"Polygon","coordinates":[[[150.90653737999463,-33.94107086910765],[150.90653737999463,-33.9320776654704],[150.91553058363186,-33.9320776654704],[150.91553058363186,-33.94107086910765],[150.90653737999463,-33.94107086910765]]]}},{"type":"Feature","properties":{"jobs":221,"pop":665,"pointCount":5,"homeWorkCommuteMedian":16550,"workHomeCommuteMedian":8725},"geometry":{"type":"Polygon","coordinates":[[[150.90653737999463,-33.9320776654704],[150.90653737999463,-33.923084461833156],[150.91553058363186,-33.923084461833156],[150.91553058363186,-33.9320776654704],[150.90653737999463,-33.9320776654704]]]}},{"type":"Feature","properties":{"jobs":120,"pop":376,"pointCount":4,"homeWorkCommuteMedian":17555,"workHomeCommuteMedian":43012},"geometry":{"type":"Polygon","coordinates":[[[150.90653737999463,-33.923084461833156],[150.90653737999463,-33.91409125819591],[150.91553058363186,-33.91409125819591],[150.91553058363186,-33.923084461833156],[150.90653737999463,-33.923084461833156]]]}},{"type":"Feature","properties":{"jobs":112,"pop":729,"pointCount":4,"homeWorkCommuteMedian":16496,"workHomeCommuteMedian":28632},"geometry":{"type":"Polygon","coordinates":[[[150.90653737999463,-33.91409125819591],[150.90653737999463,-33.905098054558664],[150.91553058363186,-33.905098054558664],[150.91553058363186,-33.91409125819591],[150.90653737999463,-33.91409125819591]]]}},{"type":"Feature","properties":{"jobs":292,"pop":963,"pointCount":6,"homeWorkCommuteMedian":16175,"workHomeCommuteMedian":30373},"geometry":{"type":"Polygon","coordinates":[[[150.90653737999463,-33.905098054558664],[150.90653737999463,-33.89610485092142],[150.91553058363186,-33.89610485092142],[150.91553058363186,-33.905098054558664],[150.90653737999463,-33.905098054558664]]]}},{"type":"Feature","properties":{"jobs":260,"pop":1254,"pointCount":5,"homeWorkCommuteMedian":15236,"workHomeCommuteMedian":6443},"geometry":{"type":"Polygon","coordinates":[[[150.90653737999463,-33.89610485092142],[150.90653737999463,-33.88711164728417],[150.91553058363186,-33.88711164728417],[150.91553058363186,-33.89610485092142],[150.90653737999463,-33.89610485092142]]]}},{"type":"Feature","properties":{"jobs":416,"pop":641,"pointCount":4,"homeWorkCommuteMedian":22725,"workHomeCommuteMedian":10062},"geometry":{"type":"Polygon","coordinates":[[[150.90653737999463,-33.88711164728417],[150.90653737999463,-33.878118443646926],[150.91553058363186,-33.878118443646926],[150.91553058363186,-33.88711164728417],[150.90653737999463,-33.88711164728417]]]}},{"type":"Feature","properties":{"jobs":282,"pop":603,"pointCount":5,"homeWorkCommuteMedian":12204,"workHomeCommuteMedian":15337},"geometry":{"type":"Polygon","coordinates":[[[150.90653737999463,-33.878118443646926],[150.90653737999463,-33.86912524000968],[150.91553058363186,-33.86912524000968],[150.91553058363186,-33.878118443646926],[150.90653737999463,-33.878118443646926]]]}},{"type":"Feature","properties":{"jobs":0,"pop":421,"pointCount":3,"homeWorkCommuteMedian":11410,"workHomeCommuteMedian":-1},"geometry":{"type":"Polygon","coordinates":[[[150.90653737999463,-33.86912524000968],[150.90653737999463,-33.860132036372434],[150.91553058363186,-33.860132036372434],[150.91553058363186,-33.86912524000968],[150.90653737999463,-33.86912524000968]]]}},{"type":"Feature","properties":{"jobs":384,"pop":1141,"pointCount":7,"homeWorkCommuteMedian":7808,"workHomeCommuteMedian":10223},"geometry":{"type":"Polygon","coordinates":[[[150.90653737999463,-33.860132036372434],[150.90653737999463,-33.85113883273519],[150.91553058363186,-33.85113883273519],[150.91553058363186,-33.860132036372434],[150.90653737999463,-33.860132036372434]]]}},{"type":"Feature","properties":{"jobs":0,"pop":243,"pointCount":2,"homeWorkCommuteMedian":34356,"workHomeCommuteMedian":-1},"geometry":{"type":"Polygon","coordinates":[[[150.90653737999463,-33.85113883273519],[150.90653737999463,-33.84214562909794],[150.91553058363186,-33.84214562909794],[150.91553058363186,-33.85113883273519],[150.90653737999463,-33.85113883273519]]]}},{"type":"Feature","properties":{"jobs":115,"pop":378,"pointCount":3,"homeWorkCommuteMedian":15120,"workHomeCommuteMedian":15474},"geometry":{"type":"Polygon","coordinates":[[[150.90653737999463,-33.80617281454896],[150.90653737999463,-33.79717961091171],[150.91553058363186,-33.79717961091171],[150.91553058363186,-33.80617281454896],[150.90653737999463,-33.80617281454896]]]}},{"type":"Feature","properties":{"jobs":0,"pop":1613,"pointCount":7,"homeWorkCommuteMedian":18004,"workHomeCommuteMedian":-1},"geometry":{"type":"Polygon","coordinates":[[[150.90653737999463,-33.79717961091171],[150.90653737999463,-33.788186407274466],[150.91553058363186,-33.788186407274466],[150.91553058363186,-33.79717961091171],[150.90653737999463,-33.79717961091171]]]}},{"type":"Feature","properties":{"jobs":89,"pop":1876,"pointCount":8,"homeWorkCommuteMedian":17717,"workHomeCommuteMedian":39985},"geometry":{"type":"Polygon","coordinates":[[[150.90653737999463,-33.788186407274466],[150.90653737999463,-33.77919320363722],[150.91553058363186,-33.77919320363722],[150.91553058363186,-33.788186407274466],[150.90653737999463,-33.788186407274466]]]}},{"type":"Feature","properties":{"jobs":2634,"pop":417,"pointCount":4,"homeWorkCommuteMedian":23459,"workHomeCommuteMedian":12997},"geometry":{"type":"Polygon","coordinates":[[[150.90653737999463,-33.77919320363722],[150.90653737999463,-33.770199999999974],[150.91553058363186,-33.770199999999974],[150.91553058363186,-33.77919320363722],[150.90653737999463,-33.77919320363722]]]}},{"type":"Feature","properties":{"jobs":1339,"pop":2738,"pointCount":6,"homeWorkCommuteMedian":25180,"workHomeCommuteMedian":6149},"geometry":{"type":"Polygon","coordinates":[[[150.90653737999463,-33.770199999999974],[150.90653737999463,-33.76120679636273],[150.91553058363186,-33.76120679636273],[150.91553058363186,-33.770199999999974],[150.90653737999463,-33.770199999999974]]]}},{"type":"Feature","properties":{"jobs":3769,"pop":0,"pointCount":1,"homeWorkCommuteMedian":-1,"workHomeCommuteMedian":14015},"geometry":{"type":"Polygon","coordinates":[[[150.90653737999463,-33.76120679636273],[150.90653737999463,-33.75221359272548],[150.91553058363186,-33.75221359272548],[150.91553058363186,-33.76120679636273],[150.90653737999463,-33.76120679636273]]]}},{"type":"Feature","properties":{"jobs":4683,"pop":0,"pointCount":2,"homeWorkCommuteMedian":-1,"workHomeCommuteMedian":13491},"geometry":{"type":"Polygon","coordinates":[[[150.90653737999463,-33.75221359272548],[150.90653737999463,-33.743220389088236],[150.91553058363186,-33.743220389088236],[150.91553058363186,-33.75221359272548],[150.90653737999463,-33.75221359272548]]]}},{"type":"Feature","properties":{"jobs":0,"pop":1068,"pointCount":6,"homeWorkCommuteMedian":11596,"workHomeCommuteMedian":-1},"geometry":{"type":"Polygon","coordinates":[[[150.90653737999463,-33.743220389088236],[150.90653737999463,-33.73422718545099],[150.91553058363186,-33.73422718545099],[150.91553058363186,-33.743220389088236],[150.90653737999463,-33.743220389088236]]]}},{"type":"Feature","properties":{"jobs":124,"pop":2015,"pointCount":7,"homeWorkCommuteMedian":22902,"workHomeCommuteMedian":4942},"geometry":{"type":"Polygon","coordinates":[[[150.90653737999463,-33.73422718545099],[150.90653737999463,-33.725233981813744],[150.91553058363186,-33.725233981813744],[150.91553058363186,-33.73422718545099],[150.90653737999463,-33.73422718545099]]]}},{"type":"Feature","properties":{"jobs":420,"pop":572,"pointCount":5,"homeWorkCommuteMedian":30832,"workHomeCommuteMedian":22064},"geometry":{"type":"Polygon","coordinates":[[[150.90653737999463,-33.725233981813744],[150.90653737999463,-33.7162407781765],[150.91553058363186,-33.7162407781765],[150.91553058363186,-33.725233981813744],[150.90653737999463,-33.725233981813744]]]}},{"type":"Feature","properties":{"jobs":192,"pop":1216,"pointCount":5,"homeWorkCommuteMedian":15939,"workHomeCommuteMedian":8312},"geometry":{"type":"Polygon","coordinates":[[[150.90653737999463,-33.7162407781765],[150.90653737999463,-33.70724757453925],[150.91553058363186,-33.70724757453925],[150.91553058363186,-33.7162407781765],[150.90653737999463,-33.7162407781765]]]}},{"type":"Feature","properties":{"jobs":426,"pop":1247,"pointCount":5,"homeWorkCommuteMedian":11272,"workHomeCommuteMedian":11781},"geometry":{"type":"Polygon","coordinates":[[[150.90653737999463,-33.70724757453925],[150.90653737999463,-33.698254370902006],[150.91553058363186,-33.698254370902006],[150.91553058363186,-33.70724757453925],[150.90653737999463,-33.70724757453925]]]}},{"type":"Feature","properties":{"jobs":83,"pop":514,"pointCount":2,"homeWorkCommuteMedian":19239,"workHomeCommuteMedian":30506},"geometry":{"type":"Polygon","coordinates":[[[150.90653737999463,-33.698254370902006],[150.90653737999463,-33.68926116726476],[150.91553058363186,-33.68926116726476],[150.91553058363186,-33.698254370902006],[150.90653737999463,-33.698254370902006]]]}},{"type":"Feature","properties":{"jobs":686,"pop":598,"pointCount":1,"homeWorkCommuteMedian":16531,"workHomeCommuteMedian":14971},"geometry":{"type":"Polygon","coordinates":[[[150.90653737999463,-33.68926116726476],[150.90653737999463,-33.680267963627514],[150.91553058363186,-33.680267963627514],[150.91553058363186,-33.68926116726476],[150.90653737999463,-33.68926116726476]]]}},{"type":"Feature","properties":{"jobs":272,"pop":253,"pointCount":1,"homeWorkCommuteMedian":18312,"workHomeCommuteMedian":8034},"geometry":{"type":"Polygon","coordinates":[[[150.90653737999463,-33.680267963627514],[150.90653737999463,-33.67127475999027],[150.91553058363186,-33.67127475999027],[150.91553058363186,-33.680267963627514],[150.90653737999463,-33.680267963627514]]]}},{"type":"Feature","properties":{"jobs":85,"pop":275,"pointCount":1,"homeWorkCommuteMedian":44977,"workHomeCommuteMedian":55588},"geometry":{"type":"Polygon","coordinates":[[[150.90653737999463,-33.67127475999027],[150.90653737999463,-33.66228155635302],[150.91553058363186,-33.66228155635302],[150.91553058363186,-33.67127475999027],[150.90653737999463,-33.67127475999027]]]}},{"type":"Feature","properties":{"jobs":0,"pop":373,"pointCount":2,"homeWorkCommuteMedian":13944,"workHomeCommuteMedian":-1},"geometry":{"type":"Polygon","coordinates":[[[150.90653737999463,-33.65328835271578],[150.90653737999463,-33.64429514907853],[150.91553058363186,-33.64429514907853],[150.91553058363186,-33.65328835271578],[150.90653737999463,-33.65328835271578]]]}},{"type":"Feature","properties":{"jobs":0,"pop":244,"pointCount":1,"homeWorkCommuteMedian":53222,"workHomeCommuteMedian":-1},"geometry":{"type":"Polygon","coordinates":[[[150.90653737999463,-33.635301945441284],[150.90653737999463,-33.62630874180404],[150.91553058363186,-33.62630874180404],[150.91553058363186,-33.635301945441284],[150.90653737999463,-33.635301945441284]]]}},{"type":"Feature","properties":{"jobs":200,"pop":182,"pointCount":1,"homeWorkCommuteMedian":17079,"workHomeCommuteMedian":37726},"geometry":{"type":"Polygon","coordinates":[[[150.90653737999463,-33.62630874180404],[150.90653737999463,-33.61731553816679],[150.91553058363186,-33.61731553816679],[150.91553058363186,-33.62630874180404],[150.90653737999463,-33.62630874180404]]]}},{"type":"Feature","properties":{"jobs":287,"pop":135,"pointCount":1,"homeWorkCommuteMedian":55095,"workHomeCommuteMedian":37636},"geometry":{"type":"Polygon","coordinates":[[[150.90653737999463,-33.44644466905912],[150.90653737999463,-33.43745146542187],[150.91553058363186,-33.43745146542187],[150.91553058363186,-33.44644466905912],[150.90653737999463,-33.44644466905912]]]}},{"type":"Feature","properties":{"jobs":1032,"pop":0,"pointCount":1,"homeWorkCommuteMedian":-1,"workHomeCommuteMedian":29184},"geometry":{"type":"Polygon","coordinates":[[[150.91553058363186,-33.95905727638214],[150.91553058363186,-33.950064072744894],[150.9245237872691,-33.950064072744894],[150.9245237872691,-33.95905727638214],[150.91553058363186,-33.95905727638214]]]}},{"type":"Feature","properties":{"jobs":94,"pop":753,"pointCount":3,"homeWorkCommuteMedian":31372,"workHomeCommuteMedian":22833},"geometry":{"type":"Polygon","coordinates":[[[150.91553058363186,-33.94107086910765],[150.91553058363186,-33.9320776654704],[150.9245237872691,-33.9320776654704],[150.9245237872691,-33.94107086910765],[150.91553058363186,-33.94107086910765]]]}},{"type":"Feature","properties":{"jobs":1995,"pop":2637,"pointCount":7,"homeWorkCommuteMedian":23184,"workHomeCommuteMedian":8773},"geometry":{"type":"Polygon","coordinates":[[[150.91553058363186,-33.9320776654704],[150.91553058363186,-33.923084461833156],[150.9245237872691,-33.923084461833156],[150.9245237872691,-33.9320776654704],[150.91553058363186,-33.9320776654704]]]}},{"type":"Feature","properties":{"jobs":509,"pop":2218,"pointCount":5,"homeWorkCommuteMedian":16618,"workHomeCommuteMedian":9298},"geometry":{"type":"Polygon","coordinates":[[[150.91553058363186,-33.923084461833156],[150.91553058363186,-33.91409125819591],[150.9245237872691,-33.91409125819591],[150.9245237872691,-33.923084461833156],[150.91553058363186,-33.923084461833156]]]}},{"type":"Feature","properties":{"jobs":822,"pop":258,"pointCount":3,"homeWorkCommuteMedian":5398,"workHomeCommuteMedian":24722},"geometry":{"type":"Polygon","coordinates":[[[150.91553058363186,-33.91409125819591],[150.91553058363186,-33.905098054558664],[150.9245237872691,-33.905098054558664],[150.9245237872691,-33.91409125819591],[150.91553058363186,-33.91409125819591]]]}},{"type":"Feature","properties":{"jobs":220,"pop":993,"pointCount":7,"homeWorkCommuteMedian":27313,"workHomeCommuteMedian":10816},"geometry":{"type":"Polygon","coordinates":[[[150.91553058363186,-33.905098054558664],[150.91553058363186,-33.89610485092142],[150.9245237872691,-33.89610485092142],[150.9245237872691,-33.905098054558664],[150.91553058363186,-33.905098054558664]]]}},{"type":"Feature","properties":{"jobs":0,"pop":640,"pointCount":3,"homeWorkCommuteMedian":23259,"workHomeCommuteMedian":-1},"geometry":{"type":"Polygon","coordinates":[[[150.91553058363186,-33.89610485092142],[150.91553058363186,-33.88711164728417],[150.9245237872691,-33.88711164728417],[150.9245237872691,-33.89610485092142],[150.91553058363186,-33.89610485092142]]]}},{"type":"Feature","properties":{"jobs":0,"pop":1386,"pointCount":7,"homeWorkCommuteMedian":9436,"workHomeCommuteMedian":-1},"geometry":{"type":"Polygon","coordinates":[[[150.91553058363186,-33.88711164728417],[150.91553058363186,-33.878118443646926],[150.9245237872691,-33.878118443646926],[150.9245237872691,-33.88711164728417],[150.91553058363186,-33.88711164728417]]]}},{"type":"Feature","properties":{"jobs":0,"pop":1177,"pointCount":6,"homeWorkCommuteMedian":19773,"workHomeCommuteMedian":-1},"geometry":{"type":"Polygon","coordinates":[[[150.91553058363186,-33.878118443646926],[150.91553058363186,-33.86912524000968],[150.9245237872691,-33.86912524000968],[150.9245237872691,-33.878118443646926],[150.91553058363186,-33.878118443646926]]]}},{"type":"Feature","properties":{"jobs":1120,"pop":1366,"pointCount":7,"homeWorkCommuteMedian":16276,"workHomeCommuteMedian":7301},"geometry":{"type":"Polygon","coordinates":[[[150.91553058363186,-33.86912524000968],[150.91553058363186,-33.860132036372434],[150.9245237872691,-33.860132036372434],[150.9245237872691,-33.86912524000968],[150.91553058363186,-33.86912524000968]]]}},{"type":"Feature","properties":{"jobs":120,"pop":905,"pointCount":6,"homeWorkCommuteMedian":10915,"workHomeCommuteMedian":2710},"geometry":{"type":"Polygon","coordinates":[[[150.91553058363186,-33.860132036372434],[150.91553058363186,-33.85113883273519],[150.9245237872691,-33.85113883273519],[150.9245237872691,-33.860132036372434],[150.91553058363186,-33.860132036372434]]]}},{"type":"Feature","properties":{"jobs":978,"pop":377,"pointCount":2,"homeWorkCommuteMedian":23407,"workHomeCommuteMedian":10527},"geometry":{"type":"Polygon","coordinates":[[[150.91553058363186,-33.85113883273519],[150.91553058363186,-33.84214562909794],[150.9245237872691,-33.84214562909794],[150.9245237872691,-33.85113883273519],[150.91553058363186,-33.85113883273519]]]}},{"type":"Feature","properties":{"jobs":4231,"pop":127,"pointCount":1,"homeWorkCommuteMedian":10373,"workHomeCommuteMedian":16388},"geometry":{"type":"Polygon","coordinates":[[[150.91553058363186,-33.82415922182345],[150.91553058363186,-33.815166018186204],[150.9245237872691,-33.815166018186204],[150.9245237872691,-33.82415922182345],[150.91553058363186,-33.82415922182345]]]}},{"type":"Feature","properties":{"jobs":882,"pop":156,"pointCount":1,"homeWorkCommuteMedian":9263,"workHomeCommuteMedian":13101},"geometry":{"type":"Polygon","coordinates":[[[150.91553058363186,-33.80617281454896],[150.91553058363186,-33.79717961091171],[150.9245237872691,-33.79717961091171],[150.9245237872691,-33.80617281454896],[150.91553058363186,-33.80617281454896]]]}},{"type":"Feature","properties":{"jobs":312,"pop":930,"pointCount":4,"homeWorkCommuteMedian":12364,"workHomeCommuteMedian":23529},"geometry":{"type":"Polygon","coordinates":[[[150.91553058363186,-33.79717961091171],[150.91553058363186,-33.788186407274466],[150.9245237872691,-33.788186407274466],[150.9245237872691,-33.79717961091171],[150.91553058363186,-33.79717961091171]]]}},{"type":"Feature","properties":{"jobs":954,"pop":1109,"pointCount":6,"homeWorkCommuteMedian":10856,"workHomeCommuteMedian":20245},"geometry":{"type":"Polygon","coordinates":[[[150.91553058363186,-33.788186407274466],[150.91553058363186,-33.77919320363722],[150.9245237872691,-33.77919320363722],[150.9245237872691,-33.788186407274466],[150.91553058363186,-33.788186407274466]]]}},{"type":"Feature","properties":{"jobs":3088,"pop":770,"pointCount":4,"homeWorkCommuteMedian":16555,"workHomeCommuteMedian":12388},"geometry":{"type":"Polygon","coordinates":[[[150.91553058363186,-33.77919320363722],[150.91553058363186,-33.770199999999974],[150.9245237872691,-33.770199999999974],[150.9245237872691,-33.77919320363722],[150.91553058363186,-33.77919320363722]]]}},{"type":"Feature","properties":{"jobs":322,"pop":1018,"pointCount":6,"homeWorkCommuteMedian":13853,"workHomeCommuteMedian":26535},"geometry":{"type":"Polygon","coordinates":[[[150.91553058363186,-33.770199999999974],[150.91553058363186,-33.76120679636273],[150.9245237872691,-33.76120679636273],[150.9245237872691,-33.770199999999974],[150.91553058363186,-33.770199999999974]]]}},{"type":"Feature","properties":{"jobs":559,"pop":834,"pointCount":4,"homeWorkCommuteMedian":12504,"workHomeCommuteMedian":24343},"geometry":{"type":"Polygon","coordinates":[[[150.91553058363186,-33.76120679636273],[150.91553058363186,-33.75221359272548],[150.9245237872691,-33.75221359272548],[150.9245237872691,-33.76120679636273],[150.91553058363186,-33.76120679636273]]]}},{"type":"Feature","properties":{"jobs":413,"pop":849,"pointCount":4,"homeWorkCommuteMedian":23504,"workHomeCommuteMedian":11649},"geometry":{"type":"Polygon","coordinates":[[[150.91553058363186,-33.75221359272548],[150.91553058363186,-33.743220389088236],[150.9245237872691,-33.743220389088236],[150.9245237872691,-33.75221359272548],[150.91553058363186,-33.75221359272548]]]}},{"type":"Feature","properties":{"jobs":219,"pop":1616,"pointCount":5,"homeWorkCommuteMedian":19979,"workHomeCommuteMedian":31840},"geometry":{"type":"Polygon","coordinates":[[[150.91553058363186,-33.743220389088236],[150.91553058363186,-33.73422718545099],[150.9245237872691,-33.73422718545099],[150.9245237872691,-33.743220389088236],[150.91553058363186,-33.743220389088236]]]}},{"type":"Feature","properties":{"jobs":1124,"pop":1918,"pointCount":5,"homeWorkCommuteMedian":33480,"workHomeCommuteMedian":18492},"geometry":{"type":"Polygon","coordinates":[[[150.91553058363186,-33.73422718545099],[150.91553058363186,-33.725233981813744],[150.9245237872691,-33.725233981813744],[150.9245237872691,-33.73422718545099],[150.91553058363186,-33.73422718545099]]]}},{"type":"Feature","properties":{"jobs":285,"pop":805,"pointCount":2,"homeWorkCommuteMedian":18981,"workHomeCommuteMedian":8451},"geometry":{"type":"Polygon","coordinates":[[[150.91553058363186,-33.725233981813744],[150.91553058363186,-33.7162407781765],[150.9245237872691,-33.7162407781765],[150.9245237872691,-33.725233981813744],[150.91553058363186,-33.725233981813744]]]}},{"type":"Feature","properties":{"jobs":969,"pop":2480,"pointCount":7,"homeWorkCommuteMedian":16490,"workHomeCommuteMedian":9596},"geometry":{"type":"Polygon","coordinates":[[[150.91553058363186,-33.7162407781765],[150.91553058363186,-33.70724757453925],[150.9245237872691,-33.70724757453925],[150.9245237872691,-33.7162407781765],[150.91553058363186,-33.7162407781765]]]}},{"type":"Feature","properties":{"jobs":0,"pop":1804,"pointCount":8,"homeWorkCommuteMedian":17399,"workHomeCommuteMedian":-1},"geometry":{"type":"Polygon","coordinates":[[[150.91553058363186,-33.70724757453925],[150.91553058363186,-33.698254370902006],[150.9245237872691,-33.698254370902006],[150.9245237872691,-33.70724757453925],[150.91553058363186,-33.70724757453925]]]}},{"type":"Feature","properties":{"jobs":220,"pop":425,"pointCount":2,"homeWorkCommuteMedian":36002,"workHomeCommuteMedian":33406},"geometry":{"type":"Polygon","coordinates":[[[150.91553058363186,-33.698254370902006],[150.91553058363186,-33.68926116726476],[150.9245237872691,-33.68926116726476],[150.9245237872691,-33.698254370902006],[150.91553058363186,-33.698254370902006]]]}},{"type":"Feature","properties":{"jobs":853,"pop":1000,"pointCount":4,"homeWorkCommuteMedian":40042,"workHomeCommuteMedian":21115},"geometry":{"type":"Polygon","coordinates":[[[150.91553058363186,-33.68926116726476],[150.91553058363186,-33.680267963627514],[150.9245237872691,-33.680267963627514],[150.9245237872691,-33.68926116726476],[150.91553058363186,-33.68926116726476]]]}},{"type":"Feature","properties":{"jobs":839,"pop":809,"pointCount":3,"homeWorkCommuteMedian":29440,"workHomeCommuteMedian":9817},"geometry":{"type":"Polygon","coordinates":[[[150.91553058363186,-33.680267963627514],[150.91553058363186,-33.67127475999027],[150.9245237872691,-33.67127475999027],[150.9245237872691,-33.680267963627514],[150.91553058363186,-33.680267963627514]]]}},{"type":"Feature","properties":{"jobs":969,"pop":0,"pointCount":1,"homeWorkCommuteMedian":-1,"workHomeCommuteMedian":6865},"geometry":{"type":"Polygon","coordinates":[[[150.91553058363186,-33.67127475999027],[150.91553058363186,-33.66228155635302],[150.9245237872691,-33.66228155635302],[150.9245237872691,-33.67127475999027],[150.91553058363186,-33.67127475999027]]]}},{"type":"Feature","properties":{"jobs":0,"pop":222,"pointCount":1,"homeWorkCommuteMedian":32519,"workHomeCommuteMedian":-1},"geometry":{"type":"Polygon","coordinates":[[[150.91553058363186,-33.65328835271578],[150.91553058363186,-33.64429514907853],[150.9245237872691,-33.64429514907853],[150.9245237872691,-33.65328835271578],[150.91553058363186,-33.65328835271578]]]}},{"type":"Feature","properties":{"jobs":0,"pop":181,"pointCount":1,"homeWorkCommuteMedian":19929,"workHomeCommuteMedian":-1},"geometry":{"type":"Polygon","coordinates":[[[150.91553058363186,-33.58134272361781],[150.91553058363186,-33.57234951998056],[150.9245237872691,-33.57234951998056],[150.9245237872691,-33.58134272361781],[150.91553058363186,-33.58134272361781]]]}},{"type":"Feature","properties":{"jobs":65,"pop":290,"pointCount":1,"homeWorkCommuteMedian":30297,"workHomeCommuteMedian":44232},"geometry":{"type":"Polygon","coordinates":[[[150.91553058363186,-33.545369909068825],[150.91553058363186,-33.53637670543158],[150.9245237872691,-33.53637670543158],[150.9245237872691,-33.545369909068825],[150.91553058363186,-33.545369909068825]]]}},{"type":"Feature","properties":{"jobs":0,"pop":213,"pointCount":1,"homeWorkCommuteMedian":32495,"workHomeCommuteMedian":-1},"geometry":{"type":"Polygon","coordinates":[[[150.9245237872691,-33.950064072744894],[150.9245237872691,-33.94107086910765],[150.93351699090633,-33.94107086910765],[150.93351699090633,-33.950064072744894],[150.9245237872691,-33.950064072744894]]]}},{"type":"Feature","properties":{"jobs":3102,"pop":554,"pointCount":4,"homeWorkCommuteMedian":25411,"workHomeCommuteMedian":12847},"geometry":{"type":"Polygon","coordinates":[[[150.9245237872691,-33.94107086910765],[150.9245237872691,-33.9320776654704],[150.93351699090633,-33.9320776654704],[150.93351699090633,-33.94107086910765],[150.9245237872691,-33.94107086910765]]]}},{"type":"Feature","properties":{"jobs":2419,"pop":201,"pointCount":2,"homeWorkCommuteMedian":30274,"workHomeCommuteMedian":9508},"geometry":{"type":"Polygon","coordinates":[[[150.9245237872691,-33.9320776654704],[150.9245237872691,-33.923084461833156],[150.93351699090633,-33.923084461833156],[150.93351699090633,-33.9320776654704],[150.9245237872691,-33.9320776654704]]]}},{"type":"Feature","properties":{"jobs":5933,"pop":2254,"pointCount":7,"homeWorkCommuteMedian":11671,"workHomeCommuteMedian":10883},"geometry":{"type":"Polygon","coordinates":[[[150.9245237872691,-33.923084461833156],[150.9245237872691,-33.91409125819591],[150.93351699090633,-33.91409125819591],[150.93351699090633,-33.923084461833156],[150.9245237872691,-33.923084461833156]]]}},{"type":"Feature","properties":{"jobs":84,"pop":341,"pointCount":3,"homeWorkCommuteMedian":13796,"workHomeCommuteMedian":28173},"geometry":{"type":"Polygon","coordinates":[[[150.9245237872691,-33.91409125819591],[150.9245237872691,-33.905098054558664],[150.93351699090633,-33.905098054558664],[150.93351699090633,-33.91409125819591],[150.9245237872691,-33.91409125819591]]]}},{"type":"Feature","properties":{"jobs":302,"pop":1162,"pointCount":6,"homeWorkCommuteMedian":11591,"workHomeCommuteMedian":6391},"geometry":{"type":"Polygon","coordinates":[[[150.9245237872691,-33.905098054558664],[150.9245237872691,-33.89610485092142],[150.93351699090633,-33.89610485092142],[150.93351699090633,-33.905098054558664],[150.9245237872691,-33.905098054558664]]]}},{"type":"Feature","properties":{"jobs":1169,"pop":2016,"pointCount":6,"homeWorkCommuteMedian":17643,"workHomeCommuteMedian":9014},"geometry":{"type":"Polygon","coordinates":[[[150.9245237872691,-33.89610485092142],[150.9245237872691,-33.88711164728417],[150.93351699090633,-33.88711164728417],[150.93351699090633,-33.89610485092142],[150.9245237872691,-33.89610485092142]]]}},{"type":"Feature","properties":{"jobs":526,"pop":1780,"pointCount":7,"homeWorkCommuteMedian":17143,"workHomeCommuteMedian":28069},"geometry":{"type":"Polygon","coordinates":[[[150.9245237872691,-33.88711164728417],[150.9245237872691,-33.878118443646926],[150.93351699090633,-33.878118443646926],[150.93351699090633,-33.88711164728417],[150.9245237872691,-33.88711164728417]]]}},{"type":"Feature","properties":{"jobs":0,"pop":426,"pointCount":3,"homeWorkCommuteMedian":4406,"workHomeCommuteMedian":-1},"geometry":{"type":"Polygon","coordinates":[[[150.9245237872691,-33.878118443646926],[150.9245237872691,-33.86912524000968],[150.93351699090633,-33.86912524000968],[150.93351699090633,-33.878118443646926],[150.9245237872691,-33.878118443646926]]]}},{"type":"Feature","properties":{"jobs":0,"pop":1001,"pointCount":5,"homeWorkCommuteMedian":20498,"workHomeCommuteMedian":-1},"geometry":{"type":"Polygon","coordinates":[[[150.9245237872691,-33.86912524000968],[150.9245237872691,-33.860132036372434],[150.93351699090633,-33.860132036372434],[150.93351699090633,-33.86912524000968],[150.9245237872691,-33.86912524000968]]]}},{"type":"Feature","properties":{"jobs":150,"pop":468,"pointCount":2,"homeWorkCommuteMedian":4663,"workHomeCommuteMedian":27568},"geometry":{"type":"Polygon","coordinates":[[[150.9245237872691,-33.860132036372434],[150.9245237872691,-33.85113883273519],[150.93351699090633,-33.85113883273519],[150.93351699090633,-33.860132036372434],[150.9245237872691,-33.860132036372434]]]}},{"type":"Feature","properties":{"jobs":210,"pop":701,"pointCount":5,"homeWorkCommuteMedian":17274,"workHomeCommuteMedian":19863},"geometry":{"type":"Polygon","coordinates":[[[150.9245237872691,-33.85113883273519],[150.9245237872691,-33.84214562909794],[150.93351699090633,-33.84214562909794],[150.93351699090633,-33.85113883273519],[150.9245237872691,-33.85113883273519]]]}},{"type":"Feature","properties":{"jobs":3260,"pop":0,"pointCount":1,"homeWorkCommuteMedian":-1,"workHomeCommuteMedian":17577},"geometry":{"type":"Polygon","coordinates":[[[150.9245237872691,-33.84214562909794],[150.9245237872691,-33.833152425460696],[150.93351699090633,-33.833152425460696],[150.93351699090633,-33.84214562909794],[150.9245237872691,-33.84214562909794]]]}},{"type":"Feature","properties":{"jobs":133,"pop":604,"pointCount":3,"homeWorkCommuteMedian":8852,"workHomeCommuteMedian":19769},"geometry":{"type":"Polygon","coordinates":[[[150.9245237872691,-33.833152425460696],[150.9245237872691,-33.82415922182345],[150.93351699090633,-33.82415922182345],[150.93351699090633,-33.833152425460696],[150.9245237872691,-33.833152425460696]]]}},{"type":"Feature","properties":{"jobs":298,"pop":1518,"pointCount":5,"homeWorkCommuteMedian":21849,"workHomeCommuteMedian":16637},"geometry":{"type":"Polygon","coordinates":[[[150.9245237872691,-33.82415922182345],[150.9245237872691,-33.815166018186204],[150.93351699090633,-33.815166018186204],[150.93351699090633,-33.82415922182345],[150.9245237872691,-33.82415922182345]]]}},{"type":"Feature","properties":{"jobs":1262,"pop":1106,"pointCount":4,"homeWorkCommuteMedian":30760,"workHomeCommuteMedian":14105},"geometry":{"type":"Polygon","coordinates":[[[150.9245237872691,-33.815166018186204],[150.9245237872691,-33.80617281454896],[150.93351699090633,-33.80617281454896],[150.93351699090633,-33.815166018186204],[150.9245237872691,-33.815166018186204]]]}},{"type":"Feature","properties":{"jobs":0,"pop":379,"pointCount":2,"homeWorkCommuteMedian":30520,"workHomeCommuteMedian":-1},"geometry":{"type":"Polygon","coordinates":[[[150.9245237872691,-33.80617281454896],[150.9245237872691,-33.79717961091171],[150.93351699090633,-33.79717961091171],[150.93351699090633,-33.80617281454896],[150.9245237872691,-33.80617281454896]]]}},{"type":"Feature","properties":{"jobs":759,"pop":1374,"pointCount":6,"homeWorkCommuteMedian":14888,"workHomeCommuteMedian":13082},"geometry":{"type":"Polygon","coordinates":[[[150.9245237872691,-33.79717961091171],[150.9245237872691,-33.788186407274466],[150.93351699090633,-33.788186407274466],[150.93351699090633,-33.79717961091171],[150.9245237872691,-33.79717961091171]]]}},{"type":"Feature","properties":{"jobs":722,"pop":714,"pointCount":4,"homeWorkCommuteMedian":33864,"workHomeCommuteMedian":27222},"geometry":{"type":"Polygon","coordinates":[[[150.9245237872691,-33.788186407274466],[150.9245237872691,-33.77919320363722],[150.93351699090633,-33.77919320363722],[150.93351699090633,-33.788186407274466],[150.9245237872691,-33.788186407274466]]]}},{"type":"Feature","properties":{"jobs":637,"pop":1067,"pointCount":4,"homeWorkCommuteMedian":11188,"workHomeCommuteMedian":12664},"geometry":{"type":"Polygon","coordinates":[[[150.9245237872691,-33.77919320363722],[150.9245237872691,-33.770199999999974],[150.93351699090633,-33.770199999999974],[150.93351699090633,-33.77919320363722],[150.9245237872691,-33.77919320363722]]]}},{"type":"Feature","properties":{"jobs":431,"pop":936,"pointCount":5,"homeWorkCommuteMedian":11774,"workHomeCommuteMedian":20064},"geometry":{"type":"Polygon","coordinates":[[[150.9245237872691,-33.770199999999974],[150.9245237872691,-33.76120679636273],[150.93351699090633,-33.76120679636273],[150.93351699090633,-33.770199999999974],[150.9245237872691,-33.770199999999974]]]}},{"type":"Feature","properties":{"jobs":0,"pop":863,"pointCount":4,"homeWorkCommuteMedian":15075,"workHomeCommuteMedian":-1},"geometry":{"type":"Polygon","coordinates":[[[150.9245237872691,-33.76120679636273],[150.9245237872691,-33.75221359272548],[150.93351699090633,-33.75221359272548],[150.93351699090633,-33.76120679636273],[150.9245237872691,-33.76120679636273]]]}},{"type":"Feature","properties":{"jobs":1259,"pop":1373,"pointCount":7,"homeWorkCommuteMedian":9415,"workHomeCommuteMedian":12271},"geometry":{"type":"Polygon","coordinates":[[[150.9245237872691,-33.75221359272548],[150.9245237872691,-33.743220389088236],[150.93351699090633,-33.743220389088236],[150.93351699090633,-33.75221359272548],[150.9245237872691,-33.75221359272548]]]}},{"type":"Feature","properties":{"jobs":0,"pop":1124,"pointCount":5,"homeWorkCommuteMedian":33242,"workHomeCommuteMedian":-1},"geometry":{"type":"Polygon","coordinates":[[[150.9245237872691,-33.743220389088236],[150.9245237872691,-33.73422718545099],[150.93351699090633,-33.73422718545099],[150.93351699090633,-33.743220389088236],[150.9245237872691,-33.743220389088236]]]}},{"type":"Feature","properties":{"jobs":532,"pop":1676,"pointCount":6,"homeWorkCommuteMedian":19543,"workHomeCommuteMedian":3674},"geometry":{"type":"Polygon","coordinates":[[[150.9245237872691,-33.73422718545099],[150.9245237872691,-33.725233981813744],[150.93351699090633,-33.725233981813744],[150.93351699090633,-33.73422718545099],[150.9245237872691,-33.73422718545099]]]}},{"type":"Feature","properties":{"jobs":425,"pop":784,"pointCount":4,"homeWorkCommuteMedian":25734,"workHomeCommuteMedian":7417},"geometry":{"type":"Polygon","coordinates":[[[150.9245237872691,-33.725233981813744],[150.9245237872691,-33.7162407781765],[150.93351699090633,-33.7162407781765],[150.93351699090633,-33.725233981813744],[150.9245237872691,-33.725233981813744]]]}},{"type":"Feature","properties":{"jobs":0,"pop":1664,"pointCount":6,"homeWorkCommuteMedian":18666,"workHomeCommuteMedian":-1},"geometry":{"type":"Polygon","coordinates":[[[150.9245237872691,-33.7162407781765],[150.9245237872691,-33.70724757453925],[150.93351699090633,-33.70724757453925],[150.93351699090633,-33.7162407781765],[150.9245237872691,-33.7162407781765]]]}},{"type":"Feature","properties":{"jobs":309,"pop":1042,"pointCount":3,"homeWorkCommuteMedian":26582,"workHomeCommuteMedian":36781},"geometry":{"type":"Polygon","coordinates":[[[150.9245237872691,-33.70724757453925],[150.9245237872691,-33.698254370902006],[150.93351699090633,-33.698254370902006],[150.93351699090633,-33.70724757453925],[150.9245237872691,-33.70724757453925]]]}},{"type":"Feature","properties":{"jobs":0,"pop":890,"pointCount":5,"homeWorkCommuteMedian":11828,"workHomeCommuteMedian":-1},"geometry":{"type":"Polygon","coordinates":[[[150.9245237872691,-33.698254370902006],[150.9245237872691,-33.68926116726476],[150.93351699090633,-33.68926116726476],[150.93351699090633,-33.698254370902006],[150.9245237872691,-33.698254370902006]]]}},{"type":"Feature","properties":{"jobs":2116,"pop":756,"pointCount":4,"homeWorkCommuteMedian":26682,"workHomeCommuteMedian":9616},"geometry":{"type":"Polygon","coordinates":[[[150.9245237872691,-33.68926116726476],[150.9245237872691,-33.680267963627514],[150.93351699090633,-33.680267963627514],[150.93351699090633,-33.68926116726476],[150.9245237872691,-33.68926116726476]]]}},{"type":"Feature","properties":{"jobs":161,"pop":1567,"pointCount":6,"homeWorkCommuteMedian":18142,"workHomeCommuteMedian":35923},"geometry":{"type":"Polygon","coordinates":[[[150.9245237872691,-33.680267963627514],[150.9245237872691,-33.67127475999027],[150.93351699090633,-33.67127475999027],[150.93351699090633,-33.680267963627514],[150.9245237872691,-33.680267963627514]]]}},{"type":"Feature","properties":{"jobs":363,"pop":395,"pointCount":1,"homeWorkCommuteMedian":23124,"workHomeCommuteMedian":31426},"geometry":{"type":"Polygon","coordinates":[[[150.9245237872691,-33.67127475999027],[150.9245237872691,-33.66228155635302],[150.93351699090633,-33.66228155635302],[150.93351699090633,-33.67127475999027],[150.9245237872691,-33.67127475999027]]]}},{"type":"Feature","properties":{"jobs":109,"pop":221,"pointCount":1,"homeWorkCommuteMedian":46423,"workHomeCommuteMedian":21248},"geometry":{"type":"Polygon","coordinates":[[[150.9245237872691,-33.60832233452955],[150.9245237872691,-33.5993291308923],[150.93351699090633,-33.5993291308923],[150.93351699090633,-33.60832233452955],[150.9245237872691,-33.60832233452955]]]}},{"type":"Feature","properties":{"jobs":0,"pop":691,"pointCount":3,"homeWorkCommuteMedian":24145,"workHomeCommuteMedian":-1},"geometry":{"type":"Polygon","coordinates":[[[150.93351699090633,-33.968050480019386],[150.93351699090633,-33.95905727638214],[150.94251019454356,-33.95905727638214],[150.94251019454356,-33.968050480019386],[150.93351699090633,-33.968050480019386]]]}},{"type":"Feature","properties":{"jobs":561,"pop":922,"pointCount":4,"homeWorkCommuteMedian":31592,"workHomeCommuteMedian":14336},"geometry":{"type":"Polygon","coordinates":[[[150.93351699090633,-33.95905727638214],[150.93351699090633,-33.950064072744894],[150.94251019454356,-33.950064072744894],[150.94251019454356,-33.95905727638214],[150.93351699090633,-33.95905727638214]]]}},{"type":"Feature","properties":{"jobs":0,"pop":870,"pointCount":4,"homeWorkCommuteMedian":20970,"workHomeCommuteMedian":-1},"geometry":{"type":"Polygon","coordinates":[[[150.93351699090633,-33.950064072744894],[150.93351699090633,-33.94107086910765],[150.94251019454356,-33.94107086910765],[150.94251019454356,-33.950064072744894],[150.93351699090633,-33.950064072744894]]]}},{"type":"Feature","properties":{"jobs":1332,"pop":0,"pointCount":1,"homeWorkCommuteMedian":-1,"workHomeCommuteMedian":18517},"geometry":{"type":"Polygon","coordinates":[[[150.93351699090633,-33.94107086910765],[150.93351699090633,-33.9320776654704],[150.94251019454356,-33.9320776654704],[150.94251019454356,-33.94107086910765],[150.93351699090633,-33.94107086910765]]]}},{"type":"Feature","properties":{"jobs":487,"pop":0,"pointCount":1,"homeWorkCommuteMedian":-1,"workHomeCommuteMedian":21975},"geometry":{"type":"Polygon","coordinates":[[[150.93351699090633,-33.9320776654704],[150.93351699090633,-33.923084461833156],[150.94251019454356,-33.923084461833156],[150.94251019454356,-33.9320776654704],[150.93351699090633,-33.9320776654704]]]}},{"type":"Feature","properties":{"jobs":2012,"pop":282,"pointCount":3,"homeWorkCommuteMedian":9092,"workHomeCommuteMedian":13524},"geometry":{"type":"Polygon","coordinates":[[[150.93351699090633,-33.923084461833156],[150.93351699090633,-33.91409125819591],[150.94251019454356,-33.91409125819591],[150.94251019454356,-33.923084461833156],[150.93351699090633,-33.923084461833156]]]}},{"type":"Feature","properties":{"jobs":0,"pop":131,"pointCount":1,"homeWorkCommuteMedian":8229,"workHomeCommuteMedian":-1},"geometry":{"type":"Polygon","coordinates":[[[150.93351699090633,-33.91409125819591],[150.93351699090633,-33.905098054558664],[150.94251019454356,-33.905098054558664],[150.94251019454356,-33.91409125819591],[150.93351699090633,-33.91409125819591]]]}},{"type":"Feature","properties":{"jobs":223,"pop":543,"pointCount":3,"homeWorkCommuteMedian":25134,"workHomeCommuteMedian":4022},"geometry":{"type":"Polygon","coordinates":[[[150.93351699090633,-33.905098054558664],[150.93351699090633,-33.89610485092142],[150.94251019454356,-33.89610485092142],[150.94251019454356,-33.905098054558664],[150.93351699090633,-33.905098054558664]]]}},{"type":"Feature","properties":{"jobs":2504,"pop":1607,"pointCount":4,"homeWorkCommuteMedian":17808,"workHomeCommuteMedian":15042},"geometry":{"type":"Polygon","coordinates":[[[150.93351699090633,-33.89610485092142],[150.93351699090633,-33.88711164728417],[150.94251019454356,-33.88711164728417],[150.94251019454356,-33.89610485092142],[150.93351699090633,-33.89610485092142]]]}},{"type":"Feature","properties":{"jobs":684,"pop":641,"pointCount":6,"homeWorkCommuteMedian":17899,"workHomeCommuteMedian":16084},"geometry":{"type":"Polygon","coordinates":[[[150.93351699090633,-33.88711164728417],[150.93351699090633,-33.878118443646926],[150.94251019454356,-33.878118443646926],[150.94251019454356,-33.88711164728417],[150.93351699090633,-33.88711164728417]]]}},{"type":"Feature","properties":{"jobs":131,"pop":950,"pointCount":7,"homeWorkCommuteMedian":7662,"workHomeCommuteMedian":9301},"geometry":{"type":"Polygon","coordinates":[[[150.93351699090633,-33.878118443646926],[150.93351699090633,-33.86912524000968],[150.94251019454356,-33.86912524000968],[150.94251019454356,-33.878118443646926],[150.93351699090633,-33.878118443646926]]]}},{"type":"Feature","properties":{"jobs":158,"pop":829,"pointCount":3,"homeWorkCommuteMedian":13797,"workHomeCommuteMedian":7897},"geometry":{"type":"Polygon","coordinates":[[[150.93351699090633,-33.86912524000968],[150.93351699090633,-33.860132036372434],[150.94251019454356,-33.860132036372434],[150.94251019454356,-33.86912524000968],[150.93351699090633,-33.86912524000968]]]}},{"type":"Feature","properties":{"jobs":522,"pop":1039,"pointCount":4,"homeWorkCommuteMedian":30875,"workHomeCommuteMedian":19904},"geometry":{"type":"Polygon","coordinates":[[[150.93351699090633,-33.860132036372434],[150.93351699090633,-33.85113883273519],[150.94251019454356,-33.85113883273519],[150.94251019454356,-33.860132036372434],[150.93351699090633,-33.860132036372434]]]}},{"type":"Feature","properties":{"jobs":2011,"pop":0,"pointCount":1,"homeWorkCommuteMedian":-1,"workHomeCommuteMedian":10298},"geometry":{"type":"Polygon","coordinates":[[[150.93351699090633,-33.85113883273519],[150.93351699090633,-33.84214562909794],[150.94251019454356,-33.84214562909794],[150.94251019454356,-33.85113883273519],[150.93351699090633,-33.85113883273519]]]}},{"type":"Feature","properties":{"jobs":0,"pop":174,"pointCount":1,"homeWorkCommuteMedian":44688,"workHomeCommuteMedian":-1},"geometry":{"type":"Polygon","coordinates":[[[150.93351699090633,-33.84214562909794],[150.93351699090633,-33.833152425460696],[150.94251019454356,-33.833152425460696],[150.94251019454356,-33.84214562909794],[150.93351699090633,-33.84214562909794]]]}},{"type":"Feature","properties":{"jobs":0,"pop":979,"pointCount":4,"homeWorkCommuteMedian":15958,"workHomeCommuteMedian":-1},"geometry":{"type":"Polygon","coordinates":[[[150.93351699090633,-33.833152425460696],[150.93351699090633,-33.82415922182345],[150.94251019454356,-33.82415922182345],[150.94251019454356,-33.833152425460696],[150.93351699090633,-33.833152425460696]]]}},{"type":"Feature","properties":{"jobs":83,"pop":1406,"pointCount":7,"homeWorkCommuteMedian":16064,"workHomeCommuteMedian":25971},"geometry":{"type":"Polygon","coordinates":[[[150.93351699090633,-33.82415922182345],[150.93351699090633,-33.815166018186204],[150.94251019454356,-33.815166018186204],[150.94251019454356,-33.82415922182345],[150.93351699090633,-33.82415922182345]]]}},{"type":"Feature","properties":{"jobs":366,"pop":457,"pointCount":3,"homeWorkCommuteMedian":27210,"workHomeCommuteMedian":10219},"geometry":{"type":"Polygon","coordinates":[[[150.93351699090633,-33.815166018186204],[150.93351699090633,-33.80617281454896],[150.94251019454356,-33.80617281454896],[150.94251019454356,-33.815166018186204],[150.93351699090633,-33.815166018186204]]]}},{"type":"Feature","properties":{"jobs":2071,"pop":210,"pointCount":2,"homeWorkCommuteMedian":36306,"workHomeCommuteMedian":9902},"geometry":{"type":"Polygon","coordinates":[[[150.93351699090633,-33.80617281454896],[150.93351699090633,-33.79717961091171],[150.94251019454356,-33.79717961091171],[150.94251019454356,-33.80617281454896],[150.93351699090633,-33.80617281454896]]]}},{"type":"Feature","properties":{"jobs":371,"pop":847,"pointCount":4,"homeWorkCommuteMedian":21551,"workHomeCommuteMedian":13712},"geometry":{"type":"Polygon","coordinates":[[[150.93351699090633,-33.79717961091171],[150.93351699090633,-33.788186407274466],[150.94251019454356,-33.788186407274466],[150.94251019454356,-33.79717961091171],[150.93351699090633,-33.79717961091171]]]}},{"type":"Feature","properties":{"jobs":127,"pop":877,"pointCount":4,"homeWorkCommuteMedian":23326,"workHomeCommuteMedian":4809},"geometry":{"type":"Polygon","coordinates":[[[150.93351699090633,-33.788186407274466],[150.93351699090633,-33.77919320363722],[150.94251019454356,-33.77919320363722],[150.94251019454356,-33.788186407274466],[150.93351699090633,-33.788186407274466]]]}},{"type":"Feature","properties":{"jobs":1531,"pop":842,"pointCount":5,"homeWorkCommuteMedian":28775,"workHomeCommuteMedian":10594},"geometry":{"type":"Polygon","coordinates":[[[150.93351699090633,-33.77919320363722],[150.93351699090633,-33.770199999999974],[150.94251019454356,-33.770199999999974],[150.94251019454356,-33.77919320363722],[150.93351699090633,-33.77919320363722]]]}},{"type":"Feature","properties":{"jobs":375,"pop":1003,"pointCount":6,"homeWorkCommuteMedian":28749,"workHomeCommuteMedian":11500},"geometry":{"type":"Polygon","coordinates":[[[150.93351699090633,-33.770199999999974],[150.93351699090633,-33.76120679636273],[150.94251019454356,-33.76120679636273],[150.94251019454356,-33.770199999999974],[150.93351699090633,-33.770199999999974]]]}},{"type":"Feature","properties":{"jobs":0,"pop":1093,"pointCount":5,"homeWorkCommuteMedian":24695,"workHomeCommuteMedian":-1},"geometry":{"type":"Polygon","coordinates":[[[150.93351699090633,-33.76120679636273],[150.93351699090633,-33.75221359272548],[150.94251019454356,-33.75221359272548],[150.94251019454356,-33.76120679636273],[150.93351699090633,-33.76120679636273]]]}},{"type":"Feature","properties":{"jobs":0,"pop":832,"pointCount":4,"homeWorkCommuteMedian":22750,"workHomeCommuteMedian":-1},"geometry":{"type":"Polygon","coordinates":[[[150.93351699090633,-33.75221359272548],[150.93351699090633,-33.743220389088236],[150.94251019454356,-33.743220389088236],[150.94251019454356,-33.75221359272548],[150.93351699090633,-33.75221359272548]]]}},{"type":"Feature","properties":{"jobs":0,"pop":2060,"pointCount":6,"homeWorkCommuteMedian":21682,"workHomeCommuteMedian":-1},"geometry":{"type":"Polygon","coordinates":[[[150.93351699090633,-33.743220389088236],[150.93351699090633,-33.73422718545099],[150.94251019454356,-33.73422718545099],[150.94251019454356,-33.743220389088236],[150.93351699090633,-33.743220389088236]]]}},{"type":"Feature","properties":{"jobs":475,"pop":1048,"pointCount":4,"homeWorkCommuteMedian":17681,"workHomeCommuteMedian":1972},"geometry":{"type":"Polygon","coordinates":[[[150.93351699090633,-33.73422718545099],[150.93351699090633,-33.725233981813744],[150.94251019454356,-33.725233981813744],[150.94251019454356,-33.73422718545099],[150.93351699090633,-33.73422718545099]]]}},{"type":"Feature","properties":{"jobs":97,"pop":724,"pointCount":4,"homeWorkCommuteMedian":10981,"workHomeCommuteMedian":1088},"geometry":{"type":"Polygon","coordinates":[[[150.93351699090633,-33.725233981813744],[150.93351699090633,-33.7162407781765],[150.94251019454356,-33.7162407781765],[150.94251019454356,-33.725233981813744],[150.93351699090633,-33.725233981813744]]]}},{"type":"Feature","properties":{"jobs":277,"pop":828,"pointCount":3,"homeWorkCommuteMedian":25346,"workHomeCommuteMedian":43940},"geometry":{"type":"Polygon","coordinates":[[[150.93351699090633,-33.7162407781765],[150.93351699090633,-33.70724757453925],[150.94251019454356,-33.70724757453925],[150.94251019454356,-33.7162407781765],[150.93351699090633,-33.7162407781765]]]}},{"type":"Feature","properties":{"jobs":293,"pop":1145,"pointCount":6,"homeWorkCommuteMedian":6175,"workHomeCommuteMedian":3502},"geometry":{"type":"Polygon","coordinates":[[[150.93351699090633,-33.70724757453925],[150.93351699090633,-33.698254370902006],[150.94251019454356,-33.698254370902006],[150.94251019454356,-33.70724757453925],[150.93351699090633,-33.70724757453925]]]}},{"type":"Feature","properties":{"jobs":154,"pop":1648,"pointCount":6,"homeWorkCommuteMedian":16115,"workHomeCommuteMedian":34769},"geometry":{"type":"Polygon","coordinates":[[[150.93351699090633,-33.698254370902006],[150.93351699090633,-33.68926116726476],[150.94251019454356,-33.68926116726476],[150.94251019454356,-33.698254370902006],[150.93351699090633,-33.698254370902006]]]}},{"type":"Feature","properties":{"jobs":0,"pop":675,"pointCount":2,"homeWorkCommuteMedian":8907,"workHomeCommuteMedian":-1},"geometry":{"type":"Polygon","coordinates":[[[150.93351699090633,-33.68926116726476],[150.93351699090633,-33.680267963627514],[150.94251019454356,-33.680267963627514],[150.94251019454356,-33.68926116726476],[150.93351699090633,-33.68926116726476]]]}},{"type":"Feature","properties":{"jobs":0,"pop":818,"pointCount":3,"homeWorkCommuteMedian":13326,"workHomeCommuteMedian":-1},"geometry":{"type":"Polygon","coordinates":[[[150.93351699090633,-33.680267963627514],[150.93351699090633,-33.67127475999027],[150.94251019454356,-33.67127475999027],[150.94251019454356,-33.680267963627514],[150.93351699090633,-33.680267963627514]]]}},{"type":"Feature","properties":{"jobs":79,"pop":408,"pointCount":2,"homeWorkCommuteMedian":43008,"workHomeCommuteMedian":66812},"geometry":{"type":"Polygon","coordinates":[[[150.93351699090633,-33.67127475999027],[150.93351699090633,-33.66228155635302],[150.94251019454356,-33.66228155635302],[150.94251019454356,-33.67127475999027],[150.93351699090633,-33.67127475999027]]]}},{"type":"Feature","properties":{"jobs":317,"pop":195,"pointCount":1,"homeWorkCommuteMedian":40739,"workHomeCommuteMedian":13934},"geometry":{"type":"Polygon","coordinates":[[[150.93351699090633,-33.66228155635302],[150.93351699090633,-33.65328835271578],[150.94251019454356,-33.65328835271578],[150.94251019454356,-33.66228155635302],[150.93351699090633,-33.66228155635302]]]}},{"type":"Feature","properties":{"jobs":419,"pop":219,"pointCount":1,"homeWorkCommuteMedian":28754,"workHomeCommuteMedian":12668},"geometry":{"type":"Polygon","coordinates":[[[150.93351699090633,-33.64429514907853],[150.93351699090633,-33.635301945441284],[150.94251019454356,-33.635301945441284],[150.94251019454356,-33.64429514907853],[150.93351699090633,-33.64429514907853]]]}},{"type":"Feature","properties":{"jobs":2828,"pop":0,"pointCount":1,"homeWorkCommuteMedian":-1,"workHomeCommuteMedian":20956},"geometry":{"type":"Polygon","coordinates":[[[150.94251019454356,-34.00402329456837],[150.94251019454356,-33.995030090931124],[150.9515033981808,-33.995030090931124],[150.9515033981808,-34.00402329456837],[150.94251019454356,-34.00402329456837]]]}},{"type":"Feature","properties":{"jobs":0,"pop":1097,"pointCount":3,"homeWorkCommuteMedian":20890,"workHomeCommuteMedian":-1},"geometry":{"type":"Polygon","coordinates":[[[150.94251019454356,-33.968050480019386],[150.94251019454356,-33.95905727638214],[150.9515033981808,-33.95905727638214],[150.9515033981808,-33.968050480019386],[150.94251019454356,-33.968050480019386]]]}},{"type":"Feature","properties":{"jobs":114,"pop":1346,"pointCount":4,"homeWorkCommuteMedian":14029,"workHomeCommuteMedian":1878},"geometry":{"type":"Polygon","coordinates":[[[150.94251019454356,-33.95905727638214],[150.94251019454356,-33.950064072744894],[150.9515033981808,-33.950064072744894],[150.9515033981808,-33.95905727638214],[150.94251019454356,-33.95905727638214]]]}},{"type":"Feature","properties":{"jobs":164,"pop":1336,"pointCount":6,"homeWorkCommuteMedian":7135,"workHomeCommuteMedian":25553},"geometry":{"type":"Polygon","coordinates":[[[150.94251019454356,-33.950064072744894],[150.94251019454356,-33.94107086910765],[150.9515033981808,-33.94107086910765],[150.9515033981808,-33.950064072744894],[150.94251019454356,-33.950064072744894]]]}},{"type":"Feature","properties":{"jobs":262,"pop":889,"pointCount":4,"homeWorkCommuteMedian":27144,"workHomeCommuteMedian":29532},"geometry":{"type":"Polygon","coordinates":[[[150.94251019454356,-33.94107086910765],[150.94251019454356,-33.9320776654704],[150.9515033981808,-33.9320776654704],[150.9515033981808,-33.94107086910765],[150.94251019454356,-33.94107086910765]]]}},{"type":"Feature","properties":{"jobs":462,"pop":1129,"pointCount":5,"homeWorkCommuteMedian":25439,"workHomeCommuteMedian":20153},"geometry":{"type":"Polygon","coordinates":[[[150.94251019454356,-33.9320776654704],[150.94251019454356,-33.923084461833156],[150.9515033981808,-33.923084461833156],[150.9515033981808,-33.9320776654704],[150.94251019454356,-33.9320776654704]]]}},{"type":"Feature","properties":{"jobs":512,"pop":0,"pointCount":1,"homeWorkCommuteMedian":-1,"workHomeCommuteMedian":11795},"geometry":{"type":"Polygon","coordinates":[[[150.94251019454356,-33.91409125819591],[150.94251019454356,-33.905098054558664],[150.9515033981808,-33.905098054558664],[150.9515033981808,-33.91409125819591],[150.94251019454356,-33.91409125819591]]]}},{"type":"Feature","properties":{"jobs":291,"pop":466,"pointCount":3,"homeWorkCommuteMedian":4724,"workHomeCommuteMedian":3032},"geometry":{"type":"Polygon","coordinates":[[[150.94251019454356,-33.905098054558664],[150.94251019454356,-33.89610485092142],[150.9515033981808,-33.89610485092142],[150.9515033981808,-33.905098054558664],[150.94251019454356,-33.905098054558664]]]}},{"type":"Feature","properties":{"jobs":485,"pop":1288,"pointCount":4,"homeWorkCommuteMedian":15959,"workHomeCommuteMedian":9943},"geometry":{"type":"Polygon","coordinates":[[[150.94251019454356,-33.89610485092142],[150.94251019454356,-33.88711164728417],[150.9515033981808,-33.88711164728417],[150.9515033981808,-33.89610485092142],[150.94251019454356,-33.89610485092142]]]}},{"type":"Feature","properties":{"jobs":157,"pop":863,"pointCount":6,"homeWorkCommuteMedian":17408,"workHomeCommuteMedian":4663},"geometry":{"type":"Polygon","coordinates":[[[150.94251019454356,-33.88711164728417],[150.94251019454356,-33.878118443646926],[150.9515033981808,-33.878118443646926],[150.9515033981808,-33.88711164728417],[150.94251019454356,-33.88711164728417]]]}},{"type":"Feature","properties":{"jobs":501,"pop":1223,"pointCount":6,"homeWorkCommuteMedian":8095,"workHomeCommuteMedian":13003},"geometry":{"type":"Polygon","coordinates":[[[150.94251019454356,-33.878118443646926],[150.94251019454356,-33.86912524000968],[150.9515033981808,-33.86912524000968],[150.9515033981808,-33.878118443646926],[150.94251019454356,-33.878118443646926]]]}},{"type":"Feature","properties":{"jobs":925,"pop":1260,"pointCount":5,"homeWorkCommuteMedian":21306,"workHomeCommuteMedian":11104},"geometry":{"type":"Polygon","coordinates":[[[150.94251019454356,-33.86912524000968],[150.94251019454356,-33.860132036372434],[150.9515033981808,-33.860132036372434],[150.9515033981808,-33.86912524000968],[150.94251019454356,-33.86912524000968]]]}},{"type":"Feature","properties":{"jobs":141,"pop":568,"pointCount":4,"homeWorkCommuteMedian":18151,"workHomeCommuteMedian":17730},"geometry":{"type":"Polygon","coordinates":[[[150.94251019454356,-33.860132036372434],[150.94251019454356,-33.85113883273519],[150.9515033981808,-33.85113883273519],[150.9515033981808,-33.860132036372434],[150.94251019454356,-33.860132036372434]]]}},{"type":"Feature","properties":{"jobs":2088,"pop":0,"pointCount":1,"homeWorkCommuteMedian":-1,"workHomeCommuteMedian":15575},"geometry":{"type":"Polygon","coordinates":[[[150.94251019454356,-33.85113883273519],[150.94251019454356,-33.84214562909794],[150.9515033981808,-33.84214562909794],[150.9515033981808,-33.85113883273519],[150.94251019454356,-33.85113883273519]]]}},{"type":"Feature","properties":{"jobs":2648,"pop":386,"pointCount":4,"homeWorkCommuteMedian":4878,"workHomeCommuteMedian":18206},"geometry":{"type":"Polygon","coordinates":[[[150.94251019454356,-33.84214562909794],[150.94251019454356,-33.833152425460696],[150.9515033981808,-33.833152425460696],[150.9515033981808,-33.84214562909794],[150.94251019454356,-33.84214562909794]]]}},{"type":"Feature","properties":{"jobs":284,"pop":1047,"pointCount":7,"homeWorkCommuteMedian":17924,"workHomeCommuteMedian":7348},"geometry":{"type":"Polygon","coordinates":[[[150.94251019454356,-33.833152425460696],[150.94251019454356,-33.82415922182345],[150.9515033981808,-33.82415922182345],[150.9515033981808,-33.833152425460696],[150.94251019454356,-33.833152425460696]]]}},{"type":"Feature","properties":{"jobs":590,"pop":735,"pointCount":5,"homeWorkCommuteMedian":12247,"workHomeCommuteMedian":29851},"geometry":{"type":"Polygon","coordinates":[[[150.94251019454356,-33.82415922182345],[150.94251019454356,-33.815166018186204],[150.9515033981808,-33.815166018186204],[150.9515033981808,-33.82415922182345],[150.94251019454356,-33.82415922182345]]]}},{"type":"Feature","properties":{"jobs":243,"pop":1077,"pointCount":6,"homeWorkCommuteMedian":20578,"workHomeCommuteMedian":17757},"geometry":{"type":"Polygon","coordinates":[[[150.94251019454356,-33.815166018186204],[150.94251019454356,-33.80617281454896],[150.9515033981808,-33.80617281454896],[150.9515033981808,-33.815166018186204],[150.94251019454356,-33.815166018186204]]]}},{"type":"Feature","properties":{"jobs":275,"pop":1859,"pointCount":5,"homeWorkCommuteMedian":25125,"workHomeCommuteMedian":28992},"geometry":{"type":"Polygon","coordinates":[[[150.94251019454356,-33.80617281454896],[150.94251019454356,-33.79717961091171],[150.9515033981808,-33.79717961091171],[150.9515033981808,-33.80617281454896],[150.94251019454356,-33.80617281454896]]]}},{"type":"Feature","properties":{"jobs":858,"pop":2498,"pointCount":7,"homeWorkCommuteMedian":20642,"workHomeCommuteMedian":16318},"geometry":{"type":"Polygon","coordinates":[[[150.94251019454356,-33.79717961091171],[150.94251019454356,-33.788186407274466],[150.9515033981808,-33.788186407274466],[150.9515033981808,-33.79717961091171],[150.94251019454356,-33.79717961091171]]]}},{"type":"Feature","properties":{"jobs":288,"pop":1152,"pointCount":6,"homeWorkCommuteMedian":19714,"workHomeCommuteMedian":22148},"geometry":{"type":"Polygon","coordinates":[[[150.94251019454356,-33.788186407274466],[150.94251019454356,-33.77919320363722],[150.9515033981808,-33.77919320363722],[150.9515033981808,-33.788186407274466],[150.94251019454356,-33.788186407274466]]]}},{"type":"Feature","properties":{"jobs":3595,"pop":0,"pointCount":1,"homeWorkCommuteMedian":-1,"workHomeCommuteMedian":12652},"geometry":{"type":"Polygon","coordinates":[[[150.94251019454356,-33.77919320363722],[150.94251019454356,-33.770199999999974],[150.9515033981808,-33.770199999999974],[150.9515033981808,-33.77919320363722],[150.94251019454356,-33.77919320363722]]]}},{"type":"Feature","properties":{"jobs":104,"pop":1041,"pointCount":3,"homeWorkCommuteMedian":35621,"workHomeCommuteMedian":27721},"geometry":{"type":"Polygon","coordinates":[[[150.94251019454356,-33.770199999999974],[150.94251019454356,-33.76120679636273],[150.9515033981808,-33.76120679636273],[150.9515033981808,-33.770199999999974],[150.94251019454356,-33.770199999999974]]]}},{"type":"Feature","properties":{"jobs":0,"pop":800,"pointCount":4,"homeWorkCommuteMedian":19084,"workHomeCommuteMedian":-1},"geometry":{"type":"Polygon","coordinates":[[[150.94251019454356,-33.76120679636273],[150.94251019454356,-33.75221359272548],[150.9515033981808,-33.75221359272548],[150.9515033981808,-33.76120679636273],[150.94251019454356,-33.76120679636273]]]}},{"type":"Feature","properties":{"jobs":0,"pop":932,"pointCount":4,"homeWorkCommuteMedian":3769,"workHomeCommuteMedian":-1},"geometry":{"type":"Polygon","coordinates":[[[150.94251019454356,-33.75221359272548],[150.94251019454356,-33.743220389088236],[150.9515033981808,-33.743220389088236],[150.9515033981808,-33.75221359272548],[150.94251019454356,-33.75221359272548]]]}},{"type":"Feature","properties":{"jobs":12060,"pop":299,"pointCount":4,"homeWorkCommuteMedian":32989,"workHomeCommuteMedian":13749},"geometry":{"type":"Polygon","coordinates":[[[150.94251019454356,-33.743220389088236],[150.94251019454356,-33.73422718545099],[150.9515033981808,-33.73422718545099],[150.9515033981808,-33.743220389088236],[150.94251019454356,-33.743220389088236]]]}},{"type":"Feature","properties":{"jobs":309,"pop":486,"pointCount":2,"homeWorkCommuteMedian":37073,"workHomeCommuteMedian":11952},"geometry":{"type":"Polygon","coordinates":[[[150.94251019454356,-33.73422718545099],[150.94251019454356,-33.725233981813744],[150.9515033981808,-33.725233981813744],[150.9515033981808,-33.73422718545099],[150.94251019454356,-33.73422718545099]]]}},{"type":"Feature","properties":{"jobs":281,"pop":761,"pointCount":2,"homeWorkCommuteMedian":37927,"workHomeCommuteMedian":23688},"geometry":{"type":"Polygon","coordinates":[[[150.94251019454356,-33.725233981813744],[150.94251019454356,-33.7162407781765],[150.9515033981808,-33.7162407781765],[150.9515033981808,-33.725233981813744],[150.94251019454356,-33.725233981813744]]]}},{"type":"Feature","properties":{"jobs":454,"pop":1336,"pointCount":4,"homeWorkCommuteMedian":15119,"workHomeCommuteMedian":32830},"geometry":{"type":"Polygon","coordinates":[[[150.94251019454356,-33.7162407781765],[150.94251019454356,-33.70724757453925],[150.9515033981808,-33.70724757453925],[150.9515033981808,-33.7162407781765],[150.94251019454356,-33.7162407781765]]]}},{"type":"Feature","properties":{"jobs":0,"pop":1462,"pointCount":6,"homeWorkCommuteMedian":17976,"workHomeCommuteMedian":-1},"geometry":{"type":"Polygon","coordinates":[[[150.94251019454356,-33.70724757453925],[150.94251019454356,-33.698254370902006],[150.9515033981808,-33.698254370902006],[150.9515033981808,-33.70724757453925],[150.94251019454356,-33.70724757453925]]]}},{"type":"Feature","properties":{"jobs":0,"pop":1251,"pointCount":6,"homeWorkCommuteMedian":18273,"workHomeCommuteMedian":-1},"geometry":{"type":"Polygon","coordinates":[[[150.94251019454356,-33.698254370902006],[150.94251019454356,-33.68926116726476],[150.9515033981808,-33.68926116726476],[150.9515033981808,-33.698254370902006],[150.94251019454356,-33.698254370902006]]]}},{"type":"Feature","properties":{"jobs":250,"pop":1116,"pointCount":4,"homeWorkCommuteMedian":26985,"workHomeCommuteMedian":24674},"geometry":{"type":"Polygon","coordinates":[[[150.94251019454356,-33.68926116726476],[150.94251019454356,-33.680267963627514],[150.9515033981808,-33.680267963627514],[150.9515033981808,-33.68926116726476],[150.94251019454356,-33.68926116726476]]]}},{"type":"Feature","properties":{"jobs":0,"pop":394,"pointCount":2,"homeWorkCommuteMedian":42924,"workHomeCommuteMedian":-1},"geometry":{"type":"Polygon","coordinates":[[[150.94251019454356,-33.680267963627514],[150.94251019454356,-33.67127475999027],[150.9515033981808,-33.67127475999027],[150.9515033981808,-33.680267963627514],[150.94251019454356,-33.680267963627514]]]}},{"type":"Feature","properties":{"jobs":0,"pop":202,"pointCount":1,"homeWorkCommuteMedian":12668,"workHomeCommuteMedian":-1},"geometry":{"type":"Polygon","coordinates":[[[150.94251019454356,-33.67127475999027],[150.94251019454356,-33.66228155635302],[150.9515033981808,-33.66228155635302],[150.9515033981808,-33.67127475999027],[150.94251019454356,-33.67127475999027]]]}},{"type":"Feature","properties":{"jobs":339,"pop":400,"pointCount":1,"homeWorkCommuteMedian":44286,"workHomeCommuteMedian":36280},"geometry":{"type":"Polygon","coordinates":[[[150.94251019454356,-33.61731553816679],[150.94251019454356,-33.60832233452955],[150.9515033981808,-33.60832233452955],[150.9515033981808,-33.61731553816679],[150.94251019454356,-33.61731553816679]]]}},{"type":"Feature","properties":{"jobs":291,"pop":144,"pointCount":1,"homeWorkCommuteMedian":57499,"workHomeCommuteMedian":36844},"geometry":{"type":"Polygon","coordinates":[[[150.94251019454356,-33.52738350179433],[150.94251019454356,-33.51839029815709],[150.9515033981808,-33.51839029815709],[150.9515033981808,-33.52738350179433],[150.94251019454356,-33.52738350179433]]]}},{"type":"Feature","properties":{"jobs":270,"pop":1090,"pointCount":2,"homeWorkCommuteMedian":25570,"workHomeCommuteMedian":34850},"geometry":{"type":"Polygon","coordinates":[[[150.9515033981808,-33.968050480019386],[150.9515033981808,-33.95905727638214],[150.96049660181802,-33.95905727638214],[150.96049660181802,-33.968050480019386],[150.9515033981808,-33.968050480019386]]]}},{"type":"Feature","properties":{"jobs":888,"pop":1013,"pointCount":4,"homeWorkCommuteMedian":18509,"workHomeCommuteMedian":23549},"geometry":{"type":"Polygon","coordinates":[[[150.9515033981808,-33.95905727638214],[150.9515033981808,-33.950064072744894],[150.96049660181802,-33.950064072744894],[150.96049660181802,-33.95905727638214],[150.9515033981808,-33.95905727638214]]]}},{"type":"Feature","properties":{"jobs":242,"pop":717,"pointCount":3,"homeWorkCommuteMedian":12744,"workHomeCommuteMedian":24162},"geometry":{"type":"Polygon","coordinates":[[[150.9515033981808,-33.950064072744894],[150.9515033981808,-33.94107086910765],[150.96049660181802,-33.94107086910765],[150.96049660181802,-33.950064072744894],[150.9515033981808,-33.950064072744894]]]}},{"type":"Feature","properties":{"jobs":0,"pop":514,"pointCount":2,"homeWorkCommuteMedian":20190,"workHomeCommuteMedian":-1},"geometry":{"type":"Polygon","coordinates":[[[150.9515033981808,-33.94107086910765],[150.9515033981808,-33.9320776654704],[150.96049660181802,-33.9320776654704],[150.96049660181802,-33.94107086910765],[150.9515033981808,-33.94107086910765]]]}},{"type":"Feature","properties":{"jobs":663,"pop":791,"pointCount":4,"homeWorkCommuteMedian":24736,"workHomeCommuteMedian":17260},"geometry":{"type":"Polygon","coordinates":[[[150.9515033981808,-33.9320776654704],[150.9515033981808,-33.923084461833156],[150.96049660181802,-33.923084461833156],[150.96049660181802,-33.9320776654704],[150.9515033981808,-33.9320776654704]]]}},{"type":"Feature","properties":{"jobs":527,"pop":763,"pointCount":5,"homeWorkCommuteMedian":26418,"workHomeCommuteMedian":21480},"geometry":{"type":"Polygon","coordinates":[[[150.9515033981808,-33.923084461833156],[150.9515033981808,-33.91409125819591],[150.96049660181802,-33.91409125819591],[150.96049660181802,-33.923084461833156],[150.9515033981808,-33.923084461833156]]]}},{"type":"Feature","properties":{"jobs":432,"pop":910,"pointCount":6,"homeWorkCommuteMedian":21846,"workHomeCommuteMedian":29084},"geometry":{"type":"Polygon","coordinates":[[[150.9515033981808,-33.91409125819591],[150.9515033981808,-33.905098054558664],[150.96049660181802,-33.905098054558664],[150.96049660181802,-33.91409125819591],[150.9515033981808,-33.91409125819591]]]}},{"type":"Feature","properties":{"jobs":122,"pop":337,"pointCount":2,"homeWorkCommuteMedian":9062,"workHomeCommuteMedian":28420},"geometry":{"type":"Polygon","coordinates":[[[150.9515033981808,-33.905098054558664],[150.9515033981808,-33.89610485092142],[150.96049660181802,-33.89610485092142],[150.96049660181802,-33.905098054558664],[150.9515033981808,-33.905098054558664]]]}},{"type":"Feature","properties":{"jobs":580,"pop":818,"pointCount":5,"homeWorkCommuteMedian":12476,"workHomeCommuteMedian":10898},"geometry":{"type":"Polygon","coordinates":[[[150.9515033981808,-33.89610485092142],[150.9515033981808,-33.88711164728417],[150.96049660181802,-33.88711164728417],[150.96049660181802,-33.89610485092142],[150.9515033981808,-33.89610485092142]]]}},{"type":"Feature","properties":{"jobs":165,"pop":238,"pointCount":3,"homeWorkCommuteMedian":21624,"workHomeCommuteMedian":9055},"geometry":{"type":"Polygon","coordinates":[[[150.9515033981808,-33.88711164728417],[150.9515033981808,-33.878118443646926],[150.96049660181802,-33.878118443646926],[150.96049660181802,-33.88711164728417],[150.9515033981808,-33.88711164728417]]]}},{"type":"Feature","properties":{"jobs":1404,"pop":638,"pointCount":3,"homeWorkCommuteMedian":14361,"workHomeCommuteMedian":10989},"geometry":{"type":"Polygon","coordinates":[[[150.9515033981808,-33.878118443646926],[150.9515033981808,-33.86912524000968],[150.96049660181802,-33.86912524000968],[150.96049660181802,-33.878118443646926],[150.9515033981808,-33.878118443646926]]]}},{"type":"Feature","properties":{"jobs":1810,"pop":575,"pointCount":6,"homeWorkCommuteMedian":9798,"workHomeCommuteMedian":11018},"geometry":{"type":"Polygon","coordinates":[[[150.9515033981808,-33.86912524000968],[150.9515033981808,-33.860132036372434],[150.96049660181802,-33.860132036372434],[150.96049660181802,-33.86912524000968],[150.9515033981808,-33.86912524000968]]]}},{"type":"Feature","properties":{"jobs":209,"pop":489,"pointCount":3,"homeWorkCommuteMedian":7379,"workHomeCommuteMedian":29937},"geometry":{"type":"Polygon","coordinates":[[[150.9515033981808,-33.860132036372434],[150.9515033981808,-33.85113883273519],[150.96049660181802,-33.85113883273519],[150.96049660181802,-33.860132036372434],[150.9515033981808,-33.860132036372434]]]}},{"type":"Feature","properties":{"jobs":1815,"pop":163,"pointCount":2,"homeWorkCommuteMedian":3406,"workHomeCommuteMedian":17278},"geometry":{"type":"Polygon","coordinates":[[[150.9515033981808,-33.85113883273519],[150.9515033981808,-33.84214562909794],[150.96049660181802,-33.84214562909794],[150.96049660181802,-33.85113883273519],[150.9515033981808,-33.85113883273519]]]}},{"type":"Feature","properties":{"jobs":201,"pop":378,"pointCount":2,"homeWorkCommuteMedian":19072,"workHomeCommuteMedian":21614},"geometry":{"type":"Polygon","coordinates":[[[150.9515033981808,-33.84214562909794],[150.9515033981808,-33.833152425460696],[150.96049660181802,-33.833152425460696],[150.96049660181802,-33.84214562909794],[150.9515033981808,-33.84214562909794]]]}},{"type":"Feature","properties":{"jobs":361,"pop":1439,"pointCount":6,"homeWorkCommuteMedian":8098,"workHomeCommuteMedian":11029},"geometry":{"type":"Polygon","coordinates":[[[150.9515033981808,-33.833152425460696],[150.9515033981808,-33.82415922182345],[150.96049660181802,-33.82415922182345],[150.96049660181802,-33.833152425460696],[150.9515033981808,-33.833152425460696]]]}},{"type":"Feature","properties":{"jobs":912,"pop":1402,"pointCount":6,"homeWorkCommuteMedian":10401,"workHomeCommuteMedian":3251},"geometry":{"type":"Polygon","coordinates":[[[150.9515033981808,-33.82415922182345],[150.9515033981808,-33.815166018186204],[150.96049660181802,-33.815166018186204],[150.96049660181802,-33.82415922182345],[150.9515033981808,-33.82415922182345]]]}},{"type":"Feature","properties":{"jobs":1437,"pop":976,"pointCount":4,"homeWorkCommuteMedian":24487,"workHomeCommuteMedian":18028},"geometry":{"type":"Polygon","coordinates":[[[150.9515033981808,-33.815166018186204],[150.9515033981808,-33.80617281454896],[150.96049660181802,-33.80617281454896],[150.96049660181802,-33.815166018186204],[150.9515033981808,-33.815166018186204]]]}},{"type":"Feature","properties":{"jobs":708,"pop":1633,"pointCount":6,"homeWorkCommuteMedian":20153,"workHomeCommuteMedian":17996},"geometry":{"type":"Polygon","coordinates":[[[150.9515033981808,-33.80617281454896],[150.9515033981808,-33.79717961091171],[150.96049660181802,-33.79717961091171],[150.96049660181802,-33.80617281454896],[150.9515033981808,-33.80617281454896]]]}},{"type":"Feature","properties":{"jobs":0,"pop":936,"pointCount":3,"homeWorkCommuteMedian":7066,"workHomeCommuteMedian":-1},"geometry":{"type":"Polygon","coordinates":[[[150.9515033981808,-33.79717961091171],[150.9515033981808,-33.788186407274466],[150.96049660181802,-33.788186407274466],[150.96049660181802,-33.79717961091171],[150.9515033981808,-33.79717961091171]]]}},{"type":"Feature","properties":{"jobs":113,"pop":1240,"pointCount":6,"homeWorkCommuteMedian":16522,"workHomeCommuteMedian":4477},"geometry":{"type":"Polygon","coordinates":[[[150.9515033981808,-33.788186407274466],[150.9515033981808,-33.77919320363722],[150.96049660181802,-33.77919320363722],[150.96049660181802,-33.788186407274466],[150.9515033981808,-33.788186407274466]]]}},{"type":"Feature","properties":{"jobs":5211,"pop":0,"pointCount":2,"homeWorkCommuteMedian":-1,"workHomeCommuteMedian":15702},"geometry":{"type":"Polygon","coordinates":[[[150.9515033981808,-33.77919320363722],[150.9515033981808,-33.770199999999974],[150.96049660181802,-33.770199999999974],[150.96049660181802,-33.77919320363722],[150.9515033981808,-33.77919320363722]]]}},{"type":"Feature","properties":{"jobs":0,"pop":527,"pointCount":3,"homeWorkCommuteMedian":23131,"workHomeCommuteMedian":-1},"geometry":{"type":"Polygon","coordinates":[[[150.9515033981808,-33.770199999999974],[150.9515033981808,-33.76120679636273],[150.96049660181802,-33.76120679636273],[150.96049660181802,-33.770199999999974],[150.9515033981808,-33.770199999999974]]]}},{"type":"Feature","properties":{"jobs":0,"pop":1032,"pointCount":6,"homeWorkCommuteMedian":10691,"workHomeCommuteMedian":-1},"geometry":{"type":"Polygon","coordinates":[[[150.9515033981808,-33.76120679636273],[150.9515033981808,-33.75221359272548],[150.96049660181802,-33.75221359272548],[150.96049660181802,-33.76120679636273],[150.9515033981808,-33.76120679636273]]]}},{"type":"Feature","properties":{"jobs":3648,"pop":739,"pointCount":4,"homeWorkCommuteMedian":3704,"workHomeCommuteMedian":14744},"geometry":{"type":"Polygon","coordinates":[[[150.9515033981808,-33.75221359272548],[150.9515033981808,-33.743220389088236],[150.96049660181802,-33.743220389088236],[150.96049660181802,-33.75221359272548],[150.9515033981808,-33.75221359272548]]]}},{"type":"Feature","properties":{"jobs":3464,"pop":670,"pointCount":4,"homeWorkCommuteMedian":1877,"workHomeCommuteMedian":10307},"geometry":{"type":"Polygon","coordinates":[[[150.9515033981808,-33.743220389088236],[150.9515033981808,-33.73422718545099],[150.96049660181802,-33.73422718545099],[150.96049660181802,-33.743220389088236],[150.9515033981808,-33.743220389088236]]]}},{"type":"Feature","properties":{"jobs":719,"pop":1800,"pointCount":4,"homeWorkCommuteMedian":22388,"workHomeCommuteMedian":11623},"geometry":{"type":"Polygon","coordinates":[[[150.9515033981808,-33.73422718545099],[150.9515033981808,-33.725233981813744],[150.96049660181802,-33.725233981813744],[150.96049660181802,-33.73422718545099],[150.9515033981808,-33.73422718545099]]]}},{"type":"Feature","properties":{"jobs":0,"pop":1114,"pointCount":3,"homeWorkCommuteMedian":15168,"workHomeCommuteMedian":-1},"geometry":{"type":"Polygon","coordinates":[[[150.9515033981808,-33.725233981813744],[150.9515033981808,-33.7162407781765],[150.96049660181802,-33.7162407781765],[150.96049660181802,-33.725233981813744],[150.9515033981808,-33.725233981813744]]]}},{"type":"Feature","properties":{"jobs":834,"pop":1251,"pointCount":5,"homeWorkCommuteMedian":24220,"workHomeCommuteMedian":9206},"geometry":{"type":"Polygon","coordinates":[[[150.9515033981808,-33.7162407781765],[150.9515033981808,-33.70724757453925],[150.96049660181802,-33.70724757453925],[150.96049660181802,-33.7162407781765],[150.9515033981808,-33.7162407781765]]]}},{"type":"Feature","properties":{"jobs":391,"pop":1546,"pointCount":5,"homeWorkCommuteMedian":11952,"workHomeCommuteMedian":19124},"geometry":{"type":"Polygon","coordinates":[[[150.9515033981808,-33.70724757453925],[150.9515033981808,-33.698254370902006],[150.96049660181802,-33.698254370902006],[150.96049660181802,-33.70724757453925],[150.9515033981808,-33.70724757453925]]]}},{"type":"Feature","properties":{"jobs":368,"pop":1815,"pointCount":4,"homeWorkCommuteMedian":24162,"workHomeCommuteMedian":3350},"geometry":{"type":"Polygon","coordinates":[[[150.9515033981808,-33.698254370902006],[150.9515033981808,-33.68926116726476],[150.96049660181802,-33.68926116726476],[150.96049660181802,-33.698254370902006],[150.9515033981808,-33.698254370902006]]]}},{"type":"Feature","properties":{"jobs":223,"pop":1273,"pointCount":4,"homeWorkCommuteMedian":26277,"workHomeCommuteMedian":3496},"geometry":{"type":"Polygon","coordinates":[[[150.9515033981808,-33.68926116726476],[150.9515033981808,-33.680267963627514],[150.96049660181802,-33.680267963627514],[150.96049660181802,-33.68926116726476],[150.9515033981808,-33.68926116726476]]]}},{"type":"Feature","properties":{"jobs":0,"pop":114,"pointCount":1,"homeWorkCommuteMedian":20846,"workHomeCommuteMedian":-1},"geometry":{"type":"Polygon","coordinates":[[[150.9515033981808,-33.65328835271578],[150.9515033981808,-33.64429514907853],[150.96049660181802,-33.64429514907853],[150.96049660181802,-33.65328835271578],[150.9515033981808,-33.65328835271578]]]}},{"type":"Feature","properties":{"jobs":288,"pop":368,"pointCount":1,"homeWorkCommuteMedian":50888,"workHomeCommuteMedian":22977},"geometry":{"type":"Polygon","coordinates":[[[150.9515033981808,-33.58134272361781],[150.9515033981808,-33.57234951998056],[150.96049660181802,-33.57234951998056],[150.96049660181802,-33.58134272361781],[150.9515033981808,-33.58134272361781]]]}},{"type":"Feature","properties":{"jobs":189,"pop":0,"pointCount":1,"homeWorkCommuteMedian":-1,"workHomeCommuteMedian":40653},"geometry":{"type":"Polygon","coordinates":[[[150.96049660181802,-33.968050480019386],[150.96049660181802,-33.95905727638214],[150.96948980545525,-33.95905727638214],[150.96948980545525,-33.968050480019386],[150.96049660181802,-33.968050480019386]]]}},{"type":"Feature","properties":{"jobs":964,"pop":57,"pointCount":1,"homeWorkCommuteMedian":33218,"workHomeCommuteMedian":12780},"geometry":{"type":"Polygon","coordinates":[[[150.96049660181802,-33.95905727638214],[150.96049660181802,-33.950064072744894],[150.96948980545525,-33.950064072744894],[150.96948980545525,-33.95905727638214],[150.96049660181802,-33.95905727638214]]]}},{"type":"Feature","properties":{"jobs":404,"pop":1783,"pointCount":1,"homeWorkCommuteMedian":17563,"workHomeCommuteMedian":24565},"geometry":{"type":"Polygon","coordinates":[[[150.96049660181802,-33.94107086910765],[150.96049660181802,-33.9320776654704],[150.96948980545525,-33.9320776654704],[150.96948980545525,-33.94107086910765],[150.96049660181802,-33.94107086910765]]]}},{"type":"Feature","properties":{"jobs":0,"pop":145,"pointCount":1,"homeWorkCommuteMedian":31259,"workHomeCommuteMedian":-1},"geometry":{"type":"Polygon","coordinates":[[[150.96049660181802,-33.9320776654704],[150.96049660181802,-33.923084461833156],[150.96948980545525,-33.923084461833156],[150.96948980545525,-33.9320776654704],[150.96049660181802,-33.9320776654704]]]}},{"type":"Feature","properties":{"jobs":2600,"pop":0,"pointCount":1,"homeWorkCommuteMedian":-1,"workHomeCommuteMedian":14281},"geometry":{"type":"Polygon","coordinates":[[[150.96049660181802,-33.923084461833156],[150.96049660181802,-33.91409125819591],[150.96948980545525,-33.91409125819591],[150.96948980545525,-33.923084461833156],[150.96049660181802,-33.923084461833156]]]}},{"type":"Feature","properties":{"jobs":0,"pop":811,"pointCount":2,"homeWorkCommuteMedian":17257,"workHomeCommuteMedian":-1},"geometry":{"type":"Polygon","coordinates":[[[150.96049660181802,-33.91409125819591],[150.96049660181802,-33.905098054558664],[150.96948980545525,-33.905098054558664],[150.96948980545525,-33.91409125819591],[150.96049660181802,-33.91409125819591]]]}},{"type":"Feature","properties":{"jobs":74,"pop":170,"pointCount":1,"homeWorkCommuteMedian":23585,"workHomeCommuteMedian":12735},"geometry":{"type":"Polygon","coordinates":[[[150.96049660181802,-33.905098054558664],[150.96049660181802,-33.89610485092142],[150.96948980545525,-33.89610485092142],[150.96948980545525,-33.905098054558664],[150.96049660181802,-33.905098054558664]]]}},{"type":"Feature","properties":{"jobs":573,"pop":509,"pointCount":3,"homeWorkCommuteMedian":23402,"workHomeCommuteMedian":21998},"geometry":{"type":"Polygon","coordinates":[[[150.96049660181802,-33.89610485092142],[150.96049660181802,-33.88711164728417],[150.96948980545525,-33.88711164728417],[150.96948980545525,-33.89610485092142],[150.96049660181802,-33.89610485092142]]]}},{"type":"Feature","properties":{"jobs":470,"pop":887,"pointCount":6,"homeWorkCommuteMedian":29402,"workHomeCommuteMedian":27250},"geometry":{"type":"Polygon","coordinates":[[[150.96049660181802,-33.88711164728417],[150.96049660181802,-33.878118443646926],[150.96948980545525,-33.878118443646926],[150.96948980545525,-33.88711164728417],[150.96049660181802,-33.88711164728417]]]}},{"type":"Feature","properties":{"jobs":453,"pop":810,"pointCount":4,"homeWorkCommuteMedian":9574,"workHomeCommuteMedian":18388},"geometry":{"type":"Polygon","coordinates":[[[150.96049660181802,-33.878118443646926],[150.96049660181802,-33.86912524000968],[150.96948980545525,-33.86912524000968],[150.96948980545525,-33.878118443646926],[150.96049660181802,-33.878118443646926]]]}},{"type":"Feature","properties":{"jobs":436,"pop":72,"pointCount":1,"homeWorkCommuteMedian":6479,"workHomeCommuteMedian":14550},"geometry":{"type":"Polygon","coordinates":[[[150.96049660181802,-33.86912524000968],[150.96049660181802,-33.860132036372434],[150.96948980545525,-33.860132036372434],[150.96948980545525,-33.86912524000968],[150.96049660181802,-33.86912524000968]]]}},{"type":"Feature","properties":{"jobs":6020,"pop":349,"pointCount":3,"homeWorkCommuteMedian":7474,"workHomeCommuteMedian":15364},"geometry":{"type":"Polygon","coordinates":[[[150.96049660181802,-33.860132036372434],[150.96049660181802,-33.85113883273519],[150.96948980545525,-33.85113883273519],[150.96948980545525,-33.860132036372434],[150.96049660181802,-33.860132036372434]]]}},{"type":"Feature","properties":{"jobs":441,"pop":964,"pointCount":4,"homeWorkCommuteMedian":10130,"workHomeCommuteMedian":4878},"geometry":{"type":"Polygon","coordinates":[[[150.96049660181802,-33.85113883273519],[150.96049660181802,-33.84214562909794],[150.96948980545525,-33.84214562909794],[150.96948980545525,-33.85113883273519],[150.96049660181802,-33.85113883273519]]]}},{"type":"Feature","properties":{"jobs":1196,"pop":666,"pointCount":5,"homeWorkCommuteMedian":12018,"workHomeCommuteMedian":7963},"geometry":{"type":"Polygon","coordinates":[[[150.96049660181802,-33.84214562909794],[150.96049660181802,-33.833152425460696],[150.96948980545525,-33.833152425460696],[150.96948980545525,-33.84214562909794],[150.96049660181802,-33.84214562909794]]]}},{"type":"Feature","properties":{"jobs":560,"pop":1503,"pointCount":6,"homeWorkCommuteMedian":17728,"workHomeCommuteMedian":5439},"geometry":{"type":"Polygon","coordinates":[[[150.96049660181802,-33.833152425460696],[150.96049660181802,-33.82415922182345],[150.96948980545525,-33.82415922182345],[150.96948980545525,-33.833152425460696],[150.96049660181802,-33.833152425460696]]]}},{"type":"Feature","properties":{"jobs":612,"pop":1025,"pointCount":4,"homeWorkCommuteMedian":25090,"workHomeCommuteMedian":20489},"geometry":{"type":"Polygon","coordinates":[[[150.96049660181802,-33.82415922182345],[150.96049660181802,-33.815166018186204],[150.96948980545525,-33.815166018186204],[150.96948980545525,-33.82415922182345],[150.96049660181802,-33.82415922182345]]]}},{"type":"Feature","properties":{"jobs":358,"pop":1114,"pointCount":5,"homeWorkCommuteMedian":27302,"workHomeCommuteMedian":13516},"geometry":{"type":"Polygon","coordinates":[[[150.96049660181802,-33.815166018186204],[150.96049660181802,-33.80617281454896],[150.96948980545525,-33.80617281454896],[150.96948980545525,-33.815166018186204],[150.96049660181802,-33.815166018186204]]]}},{"type":"Feature","properties":{"jobs":221,"pop":1047,"pointCount":5,"homeWorkCommuteMedian":23728,"workHomeCommuteMedian":12728},"geometry":{"type":"Polygon","coordinates":[[[150.96049660181802,-33.80617281454896],[150.96049660181802,-33.79717961091171],[150.96948980545525,-33.79717961091171],[150.96948980545525,-33.80617281454896],[150.96049660181802,-33.80617281454896]]]}},{"type":"Feature","properties":{"jobs":253,"pop":1243,"pointCount":6,"homeWorkCommuteMedian":28253,"workHomeCommuteMedian":21095},"geometry":{"type":"Polygon","coordinates":[[[150.96049660181802,-33.79717961091171],[150.96049660181802,-33.788186407274466],[150.96948980545525,-33.788186407274466],[150.96948980545525,-33.79717961091171],[150.96049660181802,-33.79717961091171]]]}},{"type":"Feature","properties":{"jobs":101,"pop":1090,"pointCount":5,"homeWorkCommuteMedian":23810,"workHomeCommuteMedian":9772},"geometry":{"type":"Polygon","coordinates":[[[150.96049660181802,-33.788186407274466],[150.96049660181802,-33.77919320363722],[150.96948980545525,-33.77919320363722],[150.96948980545525,-33.788186407274466],[150.96049660181802,-33.788186407274466]]]}},{"type":"Feature","properties":{"jobs":439,"pop":639,"pointCount":3,"homeWorkCommuteMedian":10966,"workHomeCommuteMedian":9236},"geometry":{"type":"Polygon","coordinates":[[[150.96049660181802,-33.77919320363722],[150.96049660181802,-33.770199999999974],[150.96948980545525,-33.770199999999974],[150.96948980545525,-33.77919320363722],[150.96049660181802,-33.77919320363722]]]}},{"type":"Feature","properties":{"jobs":607,"pop":603,"pointCount":3,"homeWorkCommuteMedian":10295,"workHomeCommuteMedian":20633},"geometry":{"type":"Polygon","coordinates":[[[150.96049660181802,-33.770199999999974],[150.96049660181802,-33.76120679636273],[150.96948980545525,-33.76120679636273],[150.96948980545525,-33.770199999999974],[150.96049660181802,-33.770199999999974]]]}},{"type":"Feature","properties":{"jobs":167,"pop":1143,"pointCount":4,"homeWorkCommuteMedian":32075,"workHomeCommuteMedian":10388},"geometry":{"type":"Polygon","coordinates":[[[150.96049660181802,-33.76120679636273],[150.96049660181802,-33.75221359272548],[150.96948980545525,-33.75221359272548],[150.96948980545525,-33.76120679636273],[150.96049660181802,-33.76120679636273]]]}},{"type":"Feature","properties":{"jobs":0,"pop":1222,"pointCount":6,"homeWorkCommuteMedian":27937,"workHomeCommuteMedian":-1},"geometry":{"type":"Polygon","coordinates":[[[150.96049660181802,-33.75221359272548],[150.96049660181802,-33.743220389088236],[150.96948980545525,-33.743220389088236],[150.96948980545525,-33.75221359272548],[150.96049660181802,-33.75221359272548]]]}},{"type":"Feature","properties":{"jobs":0,"pop":1281,"pointCount":6,"homeWorkCommuteMedian":12216,"workHomeCommuteMedian":-1},"geometry":{"type":"Polygon","coordinates":[[[150.96049660181802,-33.743220389088236],[150.96049660181802,-33.73422718545099],[150.96948980545525,-33.73422718545099],[150.96948980545525,-33.743220389088236],[150.96049660181802,-33.743220389088236]]]}},{"type":"Feature","properties":{"jobs":5505,"pop":633,"pointCount":6,"homeWorkCommuteMedian":20648,"workHomeCommuteMedian":13269},"geometry":{"type":"Polygon","coordinates":[[[150.96049660181802,-33.73422718545099],[150.96049660181802,-33.725233981813744],[150.96948980545525,-33.725233981813744],[150.96948980545525,-33.73422718545099],[150.96049660181802,-33.73422718545099]]]}},{"type":"Feature","properties":{"jobs":1457,"pop":560,"pointCount":3,"homeWorkCommuteMedian":30997,"workHomeCommuteMedian":9709},"geometry":{"type":"Polygon","coordinates":[[[150.96049660181802,-33.725233981813744],[150.96049660181802,-33.7162407781765],[150.96948980545525,-33.7162407781765],[150.96948980545525,-33.725233981813744],[150.96049660181802,-33.725233981813744]]]}},{"type":"Feature","properties":{"jobs":719,"pop":1238,"pointCount":6,"homeWorkCommuteMedian":20558,"workHomeCommuteMedian":4096},"geometry":{"type":"Polygon","coordinates":[[[150.96049660181802,-33.7162407781765],[150.96049660181802,-33.70724757453925],[150.96948980545525,-33.70724757453925],[150.96948980545525,-33.7162407781765],[150.96049660181802,-33.7162407781765]]]}},{"type":"Feature","properties":{"jobs":332,"pop":1283,"pointCount":5,"homeWorkCommuteMedian":23948,"workHomeCommuteMedian":6499},"geometry":{"type":"Polygon","coordinates":[[[150.96049660181802,-33.70724757453925],[150.96049660181802,-33.698254370902006],[150.96948980545525,-33.698254370902006],[150.96948980545525,-33.70724757453925],[150.96049660181802,-33.70724757453925]]]}},{"type":"Feature","properties":{"jobs":694,"pop":578,"pointCount":2,"homeWorkCommuteMedian":15853,"workHomeCommuteMedian":7511},"geometry":{"type":"Polygon","coordinates":[[[150.96049660181802,-33.698254370902006],[150.96049660181802,-33.68926116726476],[150.96948980545525,-33.68926116726476],[150.96948980545525,-33.698254370902006],[150.96049660181802,-33.698254370902006]]]}},{"type":"Feature","properties":{"jobs":209,"pop":551,"pointCount":2,"homeWorkCommuteMedian":37265,"workHomeCommuteMedian":10793},"geometry":{"type":"Polygon","coordinates":[[[150.96049660181802,-33.68926116726476],[150.96049660181802,-33.680267963627514],[150.96948980545525,-33.680267963627514],[150.96948980545525,-33.68926116726476],[150.96049660181802,-33.68926116726476]]]}},{"type":"Feature","properties":{"jobs":0,"pop":276,"pointCount":1,"homeWorkCommuteMedian":30371,"workHomeCommuteMedian":-1},"geometry":{"type":"Polygon","coordinates":[[[150.96049660181802,-33.680267963627514],[150.96049660181802,-33.67127475999027],[150.96948980545525,-33.67127475999027],[150.96948980545525,-33.680267963627514],[150.96049660181802,-33.680267963627514]]]}},{"type":"Feature","properties":{"jobs":0,"pop":139,"pointCount":1,"homeWorkCommuteMedian":9421,"workHomeCommuteMedian":-1},"geometry":{"type":"Polygon","coordinates":[[[150.96049660181802,-33.66228155635302],[150.96049660181802,-33.65328835271578],[150.96948980545525,-33.65328835271578],[150.96948980545525,-33.66228155635302],[150.96049660181802,-33.66228155635302]]]}},{"type":"Feature","properties":{"jobs":0,"pop":101,"pointCount":1,"homeWorkCommuteMedian":7545,"workHomeCommuteMedian":-1},"geometry":{"type":"Polygon","coordinates":[[[150.96049660181802,-33.65328835271578],[150.96049660181802,-33.64429514907853],[150.96948980545525,-33.64429514907853],[150.96948980545525,-33.65328835271578],[150.96049660181802,-33.65328835271578]]]}},{"type":"Feature","properties":{"jobs":0,"pop":79,"pointCount":1,"homeWorkCommuteMedian":35842,"workHomeCommuteMedian":-1},"geometry":{"type":"Polygon","coordinates":[[[150.96049660181802,-33.64429514907853],[150.96049660181802,-33.635301945441284],[150.96948980545525,-33.635301945441284],[150.96948980545525,-33.64429514907853],[150.96049660181802,-33.64429514907853]]]}},{"type":"Feature","properties":{"jobs":147,"pop":146,"pointCount":1,"homeWorkCommuteMedian":47096,"workHomeCommuteMedian":30692},"geometry":{"type":"Polygon","coordinates":[[[150.96049660181802,-33.50939709451984],[150.96049660181802,-33.500403890882595],[150.96948980545525,-33.500403890882595],[150.96948980545525,-33.50939709451984],[150.96049660181802,-33.50939709451984]]]}},{"type":"Feature","properties":{"jobs":291,"pop":114,"pointCount":1,"homeWorkCommuteMedian":50309,"workHomeCommuteMedian":37992},"geometry":{"type":"Polygon","coordinates":[[[150.96049660181802,-33.44644466905912],[150.96049660181802,-33.43745146542187],[150.96948980545525,-33.43745146542187],[150.96948980545525,-33.44644466905912],[150.96049660181802,-33.44644466905912]]]}},{"type":"Feature","properties":{"jobs":95,"pop":0,"pointCount":1,"homeWorkCommuteMedian":-1,"workHomeCommuteMedian":11986},"geometry":{"type":"Polygon","coordinates":[[[150.96948980545525,-34.12093494185257],[150.96948980545525,-34.11194173821532],[150.97848300909249,-34.11194173821532],[150.97848300909249,-34.12093494185257],[150.96948980545525,-34.12093494185257]]]}},{"type":"Feature","properties":{"jobs":0,"pop":639,"pointCount":3,"homeWorkCommuteMedian":32989,"workHomeCommuteMedian":-1},"geometry":{"type":"Polygon","coordinates":[[[150.96948980545525,-33.968050480019386],[150.96948980545525,-33.95905727638214],[150.97848300909249,-33.95905727638214],[150.97848300909249,-33.968050480019386],[150.96948980545525,-33.968050480019386]]]}},{"type":"Feature","properties":{"jobs":0,"pop":241,"pointCount":1,"homeWorkCommuteMedian":27115,"workHomeCommuteMedian":-1},"geometry":{"type":"Polygon","coordinates":[[[150.96948980545525,-33.95905727638214],[150.96948980545525,-33.950064072744894],[150.97848300909249,-33.950064072744894],[150.97848300909249,-33.95905727638214],[150.96948980545525,-33.95905727638214]]]}},{"type":"Feature","properties":{"jobs":78,"pop":125,"pointCount":2,"homeWorkCommuteMedian":30810,"workHomeCommuteMedian":23634},"geometry":{"type":"Polygon","coordinates":[[[150.96948980545525,-33.950064072744894],[150.96948980545525,-33.94107086910765],[150.97848300909249,-33.94107086910765],[150.97848300909249,-33.950064072744894],[150.96948980545525,-33.950064072744894]]]}},{"type":"Feature","properties":{"jobs":266,"pop":502,"pointCount":3,"homeWorkCommuteMedian":29215,"workHomeCommuteMedian":26244},"geometry":{"type":"Polygon","coordinates":[[[150.96948980545525,-33.94107086910765],[150.96948980545525,-33.9320776654704],[150.97848300909249,-33.9320776654704],[150.97848300909249,-33.94107086910765],[150.96948980545525,-33.94107086910765]]]}},{"type":"Feature","properties":{"jobs":337,"pop":0,"pointCount":1,"homeWorkCommuteMedian":-1,"workHomeCommuteMedian":15300},"geometry":{"type":"Polygon","coordinates":[[[150.96948980545525,-33.9320776654704],[150.96948980545525,-33.923084461833156],[150.97848300909249,-33.923084461833156],[150.97848300909249,-33.9320776654704],[150.96948980545525,-33.9320776654704]]]}},{"type":"Feature","properties":{"jobs":0,"pop":123,"pointCount":1,"homeWorkCommuteMedian":14121,"workHomeCommuteMedian":-1},"geometry":{"type":"Polygon","coordinates":[[[150.96948980545525,-33.91409125819591],[150.96948980545525,-33.905098054558664],[150.97848300909249,-33.905098054558664],[150.97848300909249,-33.91409125819591],[150.96948980545525,-33.91409125819591]]]}},{"type":"Feature","properties":{"jobs":183,"pop":0,"pointCount":1,"homeWorkCommuteMedian":-1,"workHomeCommuteMedian":14006},"geometry":{"type":"Polygon","coordinates":[[[150.96948980545525,-33.905098054558664],[150.96948980545525,-33.89610485092142],[150.97848300909249,-33.89610485092142],[150.97848300909249,-33.905098054558664],[150.96948980545525,-33.905098054558664]]]}},{"type":"Feature","properties":{"jobs":273,"pop":230,"pointCount":2,"homeWorkCommuteMedian":29964,"workHomeCommuteMedian":18570},"geometry":{"type":"Polygon","coordinates":[[[150.96948980545525,-33.89610485092142],[150.96948980545525,-33.88711164728417],[150.97848300909249,-33.88711164728417],[150.97848300909249,-33.89610485092142],[150.96948980545525,-33.89610485092142]]]}},{"type":"Feature","properties":{"jobs":154,"pop":425,"pointCount":3,"homeWorkCommuteMedian":8773,"workHomeCommuteMedian":3688},"geometry":{"type":"Polygon","coordinates":[[[150.96948980545525,-33.88711164728417],[150.96948980545525,-33.878118443646926],[150.97848300909249,-33.878118443646926],[150.97848300909249,-33.88711164728417],[150.96948980545525,-33.88711164728417]]]}},{"type":"Feature","properties":{"jobs":1650,"pop":464,"pointCount":4,"homeWorkCommuteMedian":2842,"workHomeCommuteMedian":14102},"geometry":{"type":"Polygon","coordinates":[[[150.96948980545525,-33.878118443646926],[150.96948980545525,-33.86912524000968],[150.97848300909249,-33.86912524000968],[150.97848300909249,-33.878118443646926],[150.96948980545525,-33.878118443646926]]]}},{"type":"Feature","properties":{"jobs":574,"pop":331,"pointCount":2,"homeWorkCommuteMedian":11015,"workHomeCommuteMedian":28282},"geometry":{"type":"Polygon","coordinates":[[[150.96948980545525,-33.86912524000968],[150.96948980545525,-33.860132036372434],[150.97848300909249,-33.860132036372434],[150.97848300909249,-33.86912524000968],[150.96948980545525,-33.86912524000968]]]}},{"type":"Feature","properties":{"jobs":0,"pop":169,"pointCount":1,"homeWorkCommuteMedian":11609,"workHomeCommuteMedian":-1},"geometry":{"type":"Polygon","coordinates":[[[150.96948980545525,-33.860132036372434],[150.96948980545525,-33.85113883273519],[150.97848300909249,-33.85113883273519],[150.97848300909249,-33.860132036372434],[150.96948980545525,-33.860132036372434]]]}},{"type":"Feature","properties":{"jobs":430,"pop":1411,"pointCount":7,"homeWorkCommuteMedian":13724,"workHomeCommuteMedian":7808},"geometry":{"type":"Polygon","coordinates":[[[150.96948980545525,-33.85113883273519],[150.96948980545525,-33.84214562909794],[150.97848300909249,-33.84214562909794],[150.97848300909249,-33.85113883273519],[150.96948980545525,-33.85113883273519]]]}},{"type":"Feature","properties":{"jobs":763,"pop":1292,"pointCount":6,"homeWorkCommuteMedian":13786,"workHomeCommuteMedian":3671},"geometry":{"type":"Polygon","coordinates":[[[150.96948980545525,-33.84214562909794],[150.96948980545525,-33.833152425460696],[150.97848300909249,-33.833152425460696],[150.97848300909249,-33.84214562909794],[150.96948980545525,-33.84214562909794]]]}},{"type":"Feature","properties":{"jobs":380,"pop":934,"pointCount":6,"homeWorkCommuteMedian":21250,"workHomeCommuteMedian":18529},"geometry":{"type":"Polygon","coordinates":[[[150.96948980545525,-33.833152425460696],[150.96948980545525,-33.82415922182345],[150.97848300909249,-33.82415922182345],[150.97848300909249,-33.833152425460696],[150.96948980545525,-33.833152425460696]]]}},{"type":"Feature","properties":{"jobs":257,"pop":1268,"pointCount":5,"homeWorkCommuteMedian":8684,"workHomeCommuteMedian":31061},"geometry":{"type":"Polygon","coordinates":[[[150.96948980545525,-33.82415922182345],[150.96948980545525,-33.815166018186204],[150.97848300909249,-33.815166018186204],[150.97848300909249,-33.82415922182345],[150.96948980545525,-33.82415922182345]]]}},{"type":"Feature","properties":{"jobs":558,"pop":4219,"pointCount":6,"homeWorkCommuteMedian":24064,"workHomeCommuteMedian":11275},"geometry":{"type":"Polygon","coordinates":[[[150.96948980545525,-33.815166018186204],[150.96948980545525,-33.80617281454896],[150.97848300909249,-33.80617281454896],[150.97848300909249,-33.815166018186204],[150.96948980545525,-33.815166018186204]]]}},{"type":"Feature","properties":{"jobs":240,"pop":1372,"pointCount":5,"homeWorkCommuteMedian":22261,"workHomeCommuteMedian":35803},"geometry":{"type":"Polygon","coordinates":[[[150.96948980545525,-33.80617281454896],[150.96948980545525,-33.79717961091171],[150.97848300909249,-33.79717961091171],[150.97848300909249,-33.80617281454896],[150.96948980545525,-33.80617281454896]]]}},{"type":"Feature","properties":{"jobs":0,"pop":1474,"pointCount":6,"homeWorkCommuteMedian":26100,"workHomeCommuteMedian":-1},"geometry":{"type":"Polygon","coordinates":[[[150.96948980545525,-33.79717961091171],[150.96948980545525,-33.788186407274466],[150.97848300909249,-33.788186407274466],[150.97848300909249,-33.79717961091171],[150.96948980545525,-33.79717961091171]]]}},{"type":"Feature","properties":{"jobs":229,"pop":887,"pointCount":4,"homeWorkCommuteMedian":19996,"workHomeCommuteMedian":35675},"geometry":{"type":"Polygon","coordinates":[[[150.96948980545525,-33.788186407274466],[150.96948980545525,-33.77919320363722],[150.97848300909249,-33.77919320363722],[150.97848300909249,-33.788186407274466],[150.96948980545525,-33.788186407274466]]]}},{"type":"Feature","properties":{"jobs":862,"pop":1106,"pointCount":7,"homeWorkCommuteMedian":9262,"workHomeCommuteMedian":2681},"geometry":{"type":"Polygon","coordinates":[[[150.96948980545525,-33.77919320363722],[150.96948980545525,-33.770199999999974],[150.97848300909249,-33.770199999999974],[150.97848300909249,-33.77919320363722],[150.96948980545525,-33.77919320363722]]]}},{"type":"Feature","properties":{"jobs":589,"pop":1292,"pointCount":4,"homeWorkCommuteMedian":8976,"workHomeCommuteMedian":15484},"geometry":{"type":"Polygon","coordinates":[[[150.96948980545525,-33.770199999999974],[150.96948980545525,-33.76120679636273],[150.97848300909249,-33.76120679636273],[150.97848300909249,-33.770199999999974],[150.96948980545525,-33.770199999999974]]]}},{"type":"Feature","properties":{"jobs":418,"pop":1143,"pointCount":5,"homeWorkCommuteMedian":10951,"workHomeCommuteMedian":22924},"geometry":{"type":"Polygon","coordinates":[[[150.96948980545525,-33.76120679636273],[150.96948980545525,-33.75221359272548],[150.97848300909249,-33.75221359272548],[150.97848300909249,-33.76120679636273],[150.96948980545525,-33.76120679636273]]]}},{"type":"Feature","properties":{"jobs":227,"pop":562,"pointCount":3,"homeWorkCommuteMedian":7829,"workHomeCommuteMedian":39587},"geometry":{"type":"Polygon","coordinates":[[[150.96948980545525,-33.75221359272548],[150.96948980545525,-33.743220389088236],[150.97848300909249,-33.743220389088236],[150.97848300909249,-33.75221359272548],[150.96948980545525,-33.75221359272548]]]}},{"type":"Feature","properties":{"jobs":0,"pop":1153,"pointCount":5,"homeWorkCommuteMedian":13863,"workHomeCommuteMedian":-1},"geometry":{"type":"Polygon","coordinates":[[[150.96948980545525,-33.743220389088236],[150.96948980545525,-33.73422718545099],[150.97848300909249,-33.73422718545099],[150.97848300909249,-33.743220389088236],[150.96948980545525,-33.743220389088236]]]}},{"type":"Feature","properties":{"jobs":2945,"pop":0,"pointCount":1,"homeWorkCommuteMedian":-1,"workHomeCommuteMedian":8457},"geometry":{"type":"Polygon","coordinates":[[[150.96948980545525,-33.73422718545099],[150.96948980545525,-33.725233981813744],[150.97848300909249,-33.725233981813744],[150.97848300909249,-33.73422718545099],[150.96948980545525,-33.73422718545099]]]}},{"type":"Feature","properties":{"jobs":305,"pop":1317,"pointCount":6,"homeWorkCommuteMedian":15073,"workHomeCommuteMedian":10375},"geometry":{"type":"Polygon","coordinates":[[[150.96948980545525,-33.725233981813744],[150.96948980545525,-33.7162407781765],[150.97848300909249,-33.7162407781765],[150.97848300909249,-33.725233981813744],[150.96948980545525,-33.725233981813744]]]}},{"type":"Feature","properties":{"jobs":532,"pop":1128,"pointCount":4,"homeWorkCommuteMedian":17092,"workHomeCommuteMedian":11566},"geometry":{"type":"Polygon","coordinates":[[[150.96948980545525,-33.7162407781765],[150.96948980545525,-33.70724757453925],[150.97848300909249,-33.70724757453925],[150.97848300909249,-33.7162407781765],[150.96948980545525,-33.7162407781765]]]}},{"type":"Feature","properties":{"jobs":556,"pop":1698,"pointCount":5,"homeWorkCommuteMedian":15310,"workHomeCommuteMedian":23493},"geometry":{"type":"Polygon","coordinates":[[[150.96948980545525,-33.70724757453925],[150.96948980545525,-33.698254370902006],[150.97848300909249,-33.698254370902006],[150.97848300909249,-33.70724757453925],[150.96948980545525,-33.70724757453925]]]}},{"type":"Feature","properties":{"jobs":0,"pop":240,"pointCount":1,"homeWorkCommuteMedian":37909,"workHomeCommuteMedian":-1},"geometry":{"type":"Polygon","coordinates":[[[150.96948980545525,-33.698254370902006],[150.96948980545525,-33.68926116726476],[150.97848300909249,-33.68926116726476],[150.97848300909249,-33.698254370902006],[150.96948980545525,-33.698254370902006]]]}},{"type":"Feature","properties":{"jobs":139,"pop":209,"pointCount":1,"homeWorkCommuteMedian":50600,"workHomeCommuteMedian":9421},"geometry":{"type":"Polygon","coordinates":[[[150.96948980545525,-33.62630874180404],[150.96948980545525,-33.61731553816679],[150.97848300909249,-33.61731553816679],[150.97848300909249,-33.62630874180404],[150.96948980545525,-33.62630874180404]]]}},{"type":"Feature","properties":{"jobs":282,"pop":0,"pointCount":1,"homeWorkCommuteMedian":-1,"workHomeCommuteMedian":51716},"geometry":{"type":"Polygon","coordinates":[[[150.97848300909249,-34.057982516391846],[150.97848300909249,-34.0489893127546],[150.98747621272972,-34.0489893127546],[150.98747621272972,-34.057982516391846],[150.97848300909249,-34.057982516391846]]]}},{"type":"Feature","properties":{"jobs":705,"pop":0,"pointCount":1,"homeWorkCommuteMedian":-1,"workHomeCommuteMedian":11848},"geometry":{"type":"Polygon","coordinates":[[[150.97848300909249,-34.039996109117354],[150.97848300909249,-34.03100290548011],[150.98747621272972,-34.03100290548011],[150.98747621272972,-34.039996109117354],[150.97848300909249,-34.039996109117354]]]}},{"type":"Feature","properties":{"jobs":0,"pop":302,"pointCount":1,"homeWorkCommuteMedian":38401,"workHomeCommuteMedian":-1},"geometry":{"type":"Polygon","coordinates":[[[150.97848300909249,-33.97704368365663],[150.97848300909249,-33.968050480019386],[150.98747621272972,-33.968050480019386],[150.98747621272972,-33.97704368365663],[150.97848300909249,-33.97704368365663]]]}},{"type":"Feature","properties":{"jobs":126,"pop":763,"pointCount":3,"homeWorkCommuteMedian":9430,"workHomeCommuteMedian":2904},"geometry":{"type":"Polygon","coordinates":[[[150.97848300909249,-33.968050480019386],[150.97848300909249,-33.95905727638214],[150.98747621272972,-33.95905727638214],[150.98747621272972,-33.968050480019386],[150.97848300909249,-33.968050480019386]]]}},{"type":"Feature","properties":{"jobs":246,"pop":377,"pointCount":3,"homeWorkCommuteMedian":26583,"workHomeCommuteMedian":21875},"geometry":{"type":"Polygon","coordinates":[[[150.97848300909249,-33.950064072744894],[150.97848300909249,-33.94107086910765],[150.98747621272972,-33.94107086910765],[150.98747621272972,-33.950064072744894],[150.97848300909249,-33.950064072744894]]]}},{"type":"Feature","properties":{"jobs":561,"pop":511,"pointCount":3,"homeWorkCommuteMedian":22947,"workHomeCommuteMedian":3984},"geometry":{"type":"Polygon","coordinates":[[[150.97848300909249,-33.94107086910765],[150.97848300909249,-33.9320776654704],[150.98747621272972,-33.9320776654704],[150.98747621272972,-33.94107086910765],[150.97848300909249,-33.94107086910765]]]}},{"type":"Feature","properties":{"jobs":136,"pop":301,"pointCount":1,"homeWorkCommuteMedian":22482,"workHomeCommuteMedian":4907},"geometry":{"type":"Polygon","coordinates":[[[150.97848300909249,-33.923084461833156],[150.97848300909249,-33.91409125819591],[150.98747621272972,-33.91409125819591],[150.98747621272972,-33.923084461833156],[150.97848300909249,-33.923084461833156]]]}},{"type":"Feature","properties":{"jobs":136,"pop":396,"pointCount":3,"homeWorkCommuteMedian":19590,"workHomeCommuteMedian":2571},"geometry":{"type":"Polygon","coordinates":[[[150.97848300909249,-33.91409125819591],[150.97848300909249,-33.905098054558664],[150.98747621272972,-33.905098054558664],[150.98747621272972,-33.91409125819591],[150.97848300909249,-33.91409125819591]]]}},{"type":"Feature","properties":{"jobs":0,"pop":839,"pointCount":4,"homeWorkCommuteMedian":14476,"workHomeCommuteMedian":-1},"geometry":{"type":"Polygon","coordinates":[[[150.97848300909249,-33.905098054558664],[150.97848300909249,-33.89610485092142],[150.98747621272972,-33.89610485092142],[150.98747621272972,-33.905098054558664],[150.97848300909249,-33.905098054558664]]]}},{"type":"Feature","properties":{"jobs":0,"pop":821,"pointCount":4,"homeWorkCommuteMedian":14258,"workHomeCommuteMedian":-1},"geometry":{"type":"Polygon","coordinates":[[[150.97848300909249,-33.89610485092142],[150.97848300909249,-33.88711164728417],[150.98747621272972,-33.88711164728417],[150.98747621272972,-33.89610485092142],[150.97848300909249,-33.89610485092142]]]}},{"type":"Feature","properties":{"jobs":1798,"pop":0,"pointCount":2,"homeWorkCommuteMedian":-1,"workHomeCommuteMedian":15603},"geometry":{"type":"Polygon","coordinates":[[[150.97848300909249,-33.88711164728417],[150.97848300909249,-33.878118443646926],[150.98747621272972,-33.878118443646926],[150.98747621272972,-33.88711164728417],[150.97848300909249,-33.88711164728417]]]}},{"type":"Feature","properties":{"jobs":306,"pop":189,"pointCount":2,"homeWorkCommuteMedian":15298,"workHomeCommuteMedian":6952},"geometry":{"type":"Polygon","coordinates":[[[150.97848300909249,-33.878118443646926],[150.97848300909249,-33.86912524000968],[150.98747621272972,-33.86912524000968],[150.98747621272972,-33.878118443646926],[150.97848300909249,-33.878118443646926]]]}},{"type":"Feature","properties":{"jobs":973,"pop":509,"pointCount":4,"homeWorkCommuteMedian":6634,"workHomeCommuteMedian":8450},"geometry":{"type":"Polygon","coordinates":[[[150.97848300909249,-33.86912524000968],[150.97848300909249,-33.860132036372434],[150.98747621272972,-33.860132036372434],[150.98747621272972,-33.86912524000968],[150.97848300909249,-33.86912524000968]]]}},{"type":"Feature","properties":{"jobs":1243,"pop":2061,"pointCount":7,"homeWorkCommuteMedian":20044,"workHomeCommuteMedian":8321},"geometry":{"type":"Polygon","coordinates":[[[150.97848300909249,-33.860132036372434],[150.97848300909249,-33.85113883273519],[150.98747621272972,-33.85113883273519],[150.98747621272972,-33.860132036372434],[150.97848300909249,-33.860132036372434]]]}},{"type":"Feature","properties":{"jobs":93,"pop":730,"pointCount":3,"homeWorkCommuteMedian":16427,"workHomeCommuteMedian":3527},"geometry":{"type":"Polygon","coordinates":[[[150.97848300909249,-33.85113883273519],[150.97848300909249,-33.84214562909794],[150.98747621272972,-33.84214562909794],[150.98747621272972,-33.85113883273519],[150.97848300909249,-33.85113883273519]]]}},{"type":"Feature","properties":{"jobs":927,"pop":2477,"pointCount":7,"homeWorkCommuteMedian":15581,"workHomeCommuteMedian":18721},"geometry":{"type":"Polygon","coordinates":[[[150.97848300909249,-33.84214562909794],[150.97848300909249,-33.833152425460696],[150.98747621272972,-33.833152425460696],[150.98747621272972,-33.84214562909794],[150.97848300909249,-33.84214562909794]]]}},{"type":"Feature","properties":{"jobs":393,"pop":1287,"pointCount":6,"homeWorkCommuteMedian":11852,"workHomeCommuteMedian":30027},"geometry":{"type":"Polygon","coordinates":[[[150.97848300909249,-33.833152425460696],[150.97848300909249,-33.82415922182345],[150.98747621272972,-33.82415922182345],[150.98747621272972,-33.833152425460696],[150.97848300909249,-33.833152425460696]]]}},{"type":"Feature","properties":{"jobs":750,"pop":1375,"pointCount":7,"homeWorkCommuteMedian":8974,"workHomeCommuteMedian":10295},"geometry":{"type":"Polygon","coordinates":[[[150.97848300909249,-33.82415922182345],[150.97848300909249,-33.815166018186204],[150.98747621272972,-33.815166018186204],[150.98747621272972,-33.82415922182345],[150.97848300909249,-33.82415922182345]]]}},{"type":"Feature","properties":{"jobs":673,"pop":1834,"pointCount":5,"homeWorkCommuteMedian":13172,"workHomeCommuteMedian":5875},"geometry":{"type":"Polygon","coordinates":[[[150.97848300909249,-33.815166018186204],[150.97848300909249,-33.80617281454896],[150.98747621272972,-33.80617281454896],[150.98747621272972,-33.815166018186204],[150.97848300909249,-33.815166018186204]]]}},{"type":"Feature","properties":{"jobs":3993,"pop":800,"pointCount":3,"homeWorkCommuteMedian":20610,"workHomeCommuteMedian":16531},"geometry":{"type":"Polygon","coordinates":[[[150.97848300909249,-33.80617281454896],[150.97848300909249,-33.79717961091171],[150.98747621272972,-33.79717961091171],[150.98747621272972,-33.80617281454896],[150.97848300909249,-33.80617281454896]]]}},{"type":"Feature","properties":{"jobs":853,"pop":934,"pointCount":6,"homeWorkCommuteMedian":15290,"workHomeCommuteMedian":24657},"geometry":{"type":"Polygon","coordinates":[[[150.97848300909249,-33.79717961091171],[150.97848300909249,-33.788186407274466],[150.98747621272972,-33.788186407274466],[150.98747621272972,-33.79717961091171],[150.97848300909249,-33.79717961091171]]]}},{"type":"Feature","properties":{"jobs":0,"pop":823,"pointCount":5,"homeWorkCommuteMedian":14971,"workHomeCommuteMedian":-1},"geometry":{"type":"Polygon","coordinates":[[[150.97848300909249,-33.788186407274466],[150.97848300909249,-33.77919320363722],[150.98747621272972,-33.77919320363722],[150.98747621272972,-33.788186407274466],[150.97848300909249,-33.788186407274466]]]}},{"type":"Feature","properties":{"jobs":513,"pop":1252,"pointCount":6,"homeWorkCommuteMedian":30173,"workHomeCommuteMedian":33315},"geometry":{"type":"Polygon","coordinates":[[[150.97848300909249,-33.77919320363722],[150.97848300909249,-33.770199999999974],[150.98747621272972,-33.770199999999974],[150.98747621272972,-33.77919320363722],[150.97848300909249,-33.77919320363722]]]}},{"type":"Feature","properties":{"jobs":332,"pop":659,"pointCount":3,"homeWorkCommuteMedian":31328,"workHomeCommuteMedian":11731},"geometry":{"type":"Polygon","coordinates":[[[150.97848300909249,-33.770199999999974],[150.97848300909249,-33.76120679636273],[150.98747621272972,-33.76120679636273],[150.98747621272972,-33.770199999999974],[150.97848300909249,-33.770199999999974]]]}},{"type":"Feature","properties":{"jobs":500,"pop":1014,"pointCount":5,"homeWorkCommuteMedian":25452,"workHomeCommuteMedian":9478},"geometry":{"type":"Polygon","coordinates":[[[150.97848300909249,-33.76120679636273],[150.97848300909249,-33.75221359272548],[150.98747621272972,-33.75221359272548],[150.98747621272972,-33.76120679636273],[150.97848300909249,-33.76120679636273]]]}},{"type":"Feature","properties":{"jobs":275,"pop":1385,"pointCount":6,"homeWorkCommuteMedian":17739,"workHomeCommuteMedian":13966},"geometry":{"type":"Polygon","coordinates":[[[150.97848300909249,-33.75221359272548],[150.97848300909249,-33.743220389088236],[150.98747621272972,-33.743220389088236],[150.98747621272972,-33.75221359272548],[150.97848300909249,-33.75221359272548]]]}},{"type":"Feature","properties":{"jobs":387,"pop":784,"pointCount":3,"homeWorkCommuteMedian":19161,"workHomeCommuteMedian":5491},"geometry":{"type":"Polygon","coordinates":[[[150.97848300909249,-33.743220389088236],[150.97848300909249,-33.73422718545099],[150.98747621272972,-33.73422718545099],[150.98747621272972,-33.743220389088236],[150.97848300909249,-33.743220389088236]]]}},{"type":"Feature","properties":{"jobs":3849,"pop":0,"pointCount":1,"homeWorkCommuteMedian":-1,"workHomeCommuteMedian":11324},"geometry":{"type":"Polygon","coordinates":[[[150.97848300909249,-33.73422718545099],[150.97848300909249,-33.725233981813744],[150.98747621272972,-33.725233981813744],[150.98747621272972,-33.73422718545099],[150.97848300909249,-33.73422718545099]]]}},{"type":"Feature","properties":{"jobs":396,"pop":422,"pointCount":3,"homeWorkCommuteMedian":10993,"workHomeCommuteMedian":7307},"geometry":{"type":"Polygon","coordinates":[[[150.97848300909249,-33.725233981813744],[150.97848300909249,-33.7162407781765],[150.98747621272972,-33.7162407781765],[150.98747621272972,-33.725233981813744],[150.97848300909249,-33.725233981813744]]]}},{"type":"Feature","properties":{"jobs":0,"pop":984,"pointCount":5,"homeWorkCommuteMedian":35826,"workHomeCommuteMedian":-1},"geometry":{"type":"Polygon","coordinates":[[[150.97848300909249,-33.7162407781765],[150.97848300909249,-33.70724757453925],[150.98747621272972,-33.70724757453925],[150.98747621272972,-33.7162407781765],[150.97848300909249,-33.7162407781765]]]}},{"type":"Feature","properties":{"jobs":231,"pop":340,"pointCount":1,"homeWorkCommuteMedian":20294,"workHomeCommuteMedian":4242},"geometry":{"type":"Polygon","coordinates":[[[150.97848300909249,-33.70724757453925],[150.97848300909249,-33.698254370902006],[150.98747621272972,-33.698254370902006],[150.98747621272972,-33.70724757453925],[150.97848300909249,-33.70724757453925]]]}},{"type":"Feature","properties":{"jobs":488,"pop":141,"pointCount":1,"homeWorkCommuteMedian":6210,"workHomeCommuteMedian":25007},"geometry":{"type":"Polygon","coordinates":[[[150.97848300909249,-33.698254370902006],[150.97848300909249,-33.68926116726476],[150.98747621272972,-33.68926116726476],[150.98747621272972,-33.698254370902006],[150.97848300909249,-33.698254370902006]]]}},{"type":"Feature","properties":{"jobs":82,"pop":170,"pointCount":1,"homeWorkCommuteMedian":40598,"workHomeCommuteMedian":9158},"geometry":{"type":"Polygon","coordinates":[[[150.97848300909249,-33.68926116726476],[150.97848300909249,-33.680267963627514],[150.98747621272972,-33.680267963627514],[150.98747621272972,-33.68926116726476],[150.97848300909249,-33.68926116726476]]]}},{"type":"Feature","properties":{"jobs":232,"pop":235,"pointCount":1,"homeWorkCommuteMedian":37636,"workHomeCommuteMedian":26503},"geometry":{"type":"Polygon","coordinates":[[[150.97848300909249,-33.680267963627514],[150.97848300909249,-33.67127475999027],[150.98747621272972,-33.67127475999027],[150.98747621272972,-33.680267963627514],[150.97848300909249,-33.680267963627514]]]}},{"type":"Feature","properties":{"jobs":0,"pop":227,"pointCount":1,"homeWorkCommuteMedian":29765,"workHomeCommuteMedian":-1},"geometry":{"type":"Polygon","coordinates":[[[150.97848300909249,-33.65328835271578],[150.97848300909249,-33.64429514907853],[150.98747621272972,-33.64429514907853],[150.98747621272972,-33.65328835271578],[150.97848300909249,-33.65328835271578]]]}},{"type":"Feature","properties":{"jobs":208,"pop":165,"pointCount":1,"homeWorkCommuteMedian":20730,"workHomeCommuteMedian":21900},"geometry":{"type":"Polygon","coordinates":[[[150.97848300909249,-33.64429514907853],[150.97848300909249,-33.635301945441284],[150.98747621272972,-33.635301945441284],[150.98747621272972,-33.64429514907853],[150.97848300909249,-33.64429514907853]]]}},{"type":"Feature","properties":{"jobs":0,"pop":64,"pointCount":1,"homeWorkCommuteMedian":46945,"workHomeCommuteMedian":-1},"geometry":{"type":"Polygon","coordinates":[[[150.97848300909249,-33.60832233452955],[150.97848300909249,-33.5993291308923],[150.98747621272972,-33.5993291308923],[150.98747621272972,-33.60832233452955],[150.97848300909249,-33.60832233452955]]]}},{"type":"Feature","properties":{"jobs":0,"pop":237,"pointCount":1,"homeWorkCommuteMedian":42072,"workHomeCommuteMedian":-1},"geometry":{"type":"Polygon","coordinates":[[[150.98747621272972,-34.13892134912706],[150.98747621272972,-34.129928145489814],[150.99646941636695,-34.129928145489814],[150.99646941636695,-34.13892134912706],[150.98747621272972,-34.13892134912706]]]}},{"type":"Feature","properties":{"jobs":0,"pop":314,"pointCount":1,"homeWorkCommuteMedian":37704,"workHomeCommuteMedian":-1},"geometry":{"type":"Polygon","coordinates":[[[150.98747621272972,-33.97704368365663],[150.98747621272972,-33.968050480019386],[150.99646941636695,-33.968050480019386],[150.99646941636695,-33.97704368365663],[150.98747621272972,-33.97704368365663]]]}},{"type":"Feature","properties":{"jobs":0,"pop":1082,"pointCount":6,"homeWorkCommuteMedian":23094,"workHomeCommuteMedian":-1},"geometry":{"type":"Polygon","coordinates":[[[150.98747621272972,-33.968050480019386],[150.98747621272972,-33.95905727638214],[150.99646941636695,-33.95905727638214],[150.99646941636695,-33.968050480019386],[150.98747621272972,-33.968050480019386]]]}},{"type":"Feature","properties":{"jobs":96,"pop":761,"pointCount":5,"homeWorkCommuteMedian":13826,"workHomeCommuteMedian":2572},"geometry":{"type":"Polygon","coordinates":[[[150.98747621272972,-33.95905727638214],[150.98747621272972,-33.950064072744894],[150.99646941636695,-33.950064072744894],[150.99646941636695,-33.95905727638214],[150.98747621272972,-33.95905727638214]]]}},{"type":"Feature","properties":{"jobs":0,"pop":621,"pointCount":2,"homeWorkCommuteMedian":28088,"workHomeCommuteMedian":-1},"geometry":{"type":"Polygon","coordinates":[[[150.98747621272972,-33.950064072744894],[150.98747621272972,-33.94107086910765],[150.99646941636695,-33.94107086910765],[150.99646941636695,-33.950064072744894],[150.98747621272972,-33.950064072744894]]]}},{"type":"Feature","properties":{"jobs":3017,"pop":167,"pointCount":2,"homeWorkCommuteMedian":2002,"workHomeCommuteMedian":21717},"geometry":{"type":"Polygon","coordinates":[[[150.98747621272972,-33.94107086910765],[150.98747621272972,-33.9320776654704],[150.99646941636695,-33.9320776654704],[150.99646941636695,-33.94107086910765],[150.98747621272972,-33.94107086910765]]]}},{"type":"Feature","properties":{"jobs":2240,"pop":106,"pointCount":2,"homeWorkCommuteMedian":2732,"workHomeCommuteMedian":13705},"geometry":{"type":"Polygon","coordinates":[[[150.98747621272972,-33.923084461833156],[150.98747621272972,-33.91409125819591],[150.99646941636695,-33.91409125819591],[150.99646941636695,-33.923084461833156],[150.98747621272972,-33.923084461833156]]]}},{"type":"Feature","properties":{"jobs":501,"pop":1118,"pointCount":7,"homeWorkCommuteMedian":10961,"workHomeCommuteMedian":10486},"geometry":{"type":"Polygon","coordinates":[[[150.98747621272972,-33.91409125819591],[150.98747621272972,-33.905098054558664],[150.99646941636695,-33.905098054558664],[150.99646941636695,-33.91409125819591],[150.98747621272972,-33.91409125819591]]]}},{"type":"Feature","properties":{"jobs":1000,"pop":604,"pointCount":3,"homeWorkCommuteMedian":15737,"workHomeCommuteMedian":17197},"geometry":{"type":"Polygon","coordinates":[[[150.98747621272972,-33.905098054558664],[150.98747621272972,-33.89610485092142],[150.99646941636695,-33.89610485092142],[150.99646941636695,-33.905098054558664],[150.98747621272972,-33.905098054558664]]]}},{"type":"Feature","properties":{"jobs":271,"pop":797,"pointCount":5,"homeWorkCommuteMedian":9653,"workHomeCommuteMedian":7811},"geometry":{"type":"Polygon","coordinates":[[[150.98747621272972,-33.89610485092142],[150.98747621272972,-33.88711164728417],[150.99646941636695,-33.88711164728417],[150.99646941636695,-33.89610485092142],[150.98747621272972,-33.89610485092142]]]}},{"type":"Feature","properties":{"jobs":1311,"pop":152,"pointCount":3,"homeWorkCommuteMedian":12468,"workHomeCommuteMedian":21056},"geometry":{"type":"Polygon","coordinates":[[[150.98747621272972,-33.88711164728417],[150.98747621272972,-33.878118443646926],[150.99646941636695,-33.878118443646926],[150.99646941636695,-33.88711164728417],[150.98747621272972,-33.88711164728417]]]}},{"type":"Feature","properties":{"jobs":798,"pop":715,"pointCount":5,"homeWorkCommuteMedian":21152,"workHomeCommuteMedian":4711},"geometry":{"type":"Polygon","coordinates":[[[150.98747621272972,-33.878118443646926],[150.98747621272972,-33.86912524000968],[150.99646941636695,-33.86912524000968],[150.99646941636695,-33.878118443646926],[150.98747621272972,-33.878118443646926]]]}},{"type":"Feature","properties":{"jobs":87,"pop":239,"pointCount":2,"homeWorkCommuteMedian":27700,"workHomeCommuteMedian":24570},"geometry":{"type":"Polygon","coordinates":[[[150.98747621272972,-33.86912524000968],[150.98747621272972,-33.860132036372434],[150.99646941636695,-33.860132036372434],[150.99646941636695,-33.86912524000968],[150.98747621272972,-33.86912524000968]]]}},{"type":"Feature","properties":{"jobs":270,"pop":1475,"pointCount":8,"homeWorkCommuteMedian":16448,"workHomeCommuteMedian":17599},"geometry":{"type":"Polygon","coordinates":[[[150.98747621272972,-33.860132036372434],[150.98747621272972,-33.85113883273519],[150.99646941636695,-33.85113883273519],[150.99646941636695,-33.860132036372434],[150.98747621272972,-33.860132036372434]]]}},{"type":"Feature","properties":{"jobs":286,"pop":1050,"pointCount":6,"homeWorkCommuteMedian":23648,"workHomeCommuteMedian":12789},"geometry":{"type":"Polygon","coordinates":[[[150.98747621272972,-33.85113883273519],[150.98747621272972,-33.84214562909794],[150.99646941636695,-33.84214562909794],[150.99646941636695,-33.85113883273519],[150.98747621272972,-33.85113883273519]]]}},{"type":"Feature","properties":{"jobs":1474,"pop":1426,"pointCount":5,"homeWorkCommuteMedian":6905,"workHomeCommuteMedian":4338},"geometry":{"type":"Polygon","coordinates":[[[150.98747621272972,-33.84214562909794],[150.98747621272972,-33.833152425460696],[150.99646941636695,-33.833152425460696],[150.99646941636695,-33.84214562909794],[150.98747621272972,-33.84214562909794]]]}},{"type":"Feature","properties":{"jobs":262,"pop":1713,"pointCount":5,"homeWorkCommuteMedian":15715,"workHomeCommuteMedian":15073},"geometry":{"type":"Polygon","coordinates":[[[150.98747621272972,-33.833152425460696],[150.98747621272972,-33.82415922182345],[150.99646941636695,-33.82415922182345],[150.99646941636695,-33.833152425460696],[150.98747621272972,-33.833152425460696]]]}},{"type":"Feature","properties":{"jobs":877,"pop":2796,"pointCount":7,"homeWorkCommuteMedian":16908,"workHomeCommuteMedian":17516},"geometry":{"type":"Polygon","coordinates":[[[150.98747621272972,-33.82415922182345],[150.98747621272972,-33.815166018186204],[150.99646941636695,-33.815166018186204],[150.99646941636695,-33.82415922182345],[150.98747621272972,-33.82415922182345]]]}},{"type":"Feature","properties":{"jobs":1039,"pop":1776,"pointCount":5,"homeWorkCommuteMedian":21738,"workHomeCommuteMedian":10214},"geometry":{"type":"Polygon","coordinates":[[[150.98747621272972,-33.815166018186204],[150.98747621272972,-33.80617281454896],[150.99646941636695,-33.80617281454896],[150.99646941636695,-33.815166018186204],[150.98747621272972,-33.815166018186204]]]}},{"type":"Feature","properties":{"jobs":10143,"pop":1321,"pointCount":3,"homeWorkCommuteMedian":27276,"workHomeCommuteMedian":14508},"geometry":{"type":"Polygon","coordinates":[[[150.98747621272972,-33.80617281454896],[150.98747621272972,-33.79717961091171],[150.99646941636695,-33.79717961091171],[150.99646941636695,-33.80617281454896],[150.98747621272972,-33.80617281454896]]]}},{"type":"Feature","properties":{"jobs":669,"pop":1359,"pointCount":4,"homeWorkCommuteMedian":13578,"workHomeCommuteMedian":13115},"geometry":{"type":"Polygon","coordinates":[[[150.98747621272972,-33.79717961091171],[150.98747621272972,-33.788186407274466],[150.99646941636695,-33.788186407274466],[150.99646941636695,-33.79717961091171],[150.98747621272972,-33.79717961091171]]]}},{"type":"Feature","properties":{"jobs":157,"pop":755,"pointCount":5,"homeWorkCommuteMedian":26089,"workHomeCommuteMedian":10981},"geometry":{"type":"Polygon","coordinates":[[[150.98747621272972,-33.788186407274466],[150.98747621272972,-33.77919320363722],[150.99646941636695,-33.77919320363722],[150.99646941636695,-33.788186407274466],[150.98747621272972,-33.788186407274466]]]}},{"type":"Feature","properties":{"jobs":123,"pop":1114,"pointCount":7,"homeWorkCommuteMedian":25023,"workHomeCommuteMedian":19940},"geometry":{"type":"Polygon","coordinates":[[[150.98747621272972,-33.77919320363722],[150.98747621272972,-33.770199999999974],[150.99646941636695,-33.770199999999974],[150.99646941636695,-33.77919320363722],[150.98747621272972,-33.77919320363722]]]}},{"type":"Feature","properties":{"jobs":352,"pop":1571,"pointCount":6,"homeWorkCommuteMedian":28907,"workHomeCommuteMedian":2257},"geometry":{"type":"Polygon","coordinates":[[[150.98747621272972,-33.770199999999974],[150.98747621272972,-33.76120679636273],[150.99646941636695,-33.76120679636273],[150.99646941636695,-33.770199999999974],[150.98747621272972,-33.770199999999974]]]}},{"type":"Feature","properties":{"jobs":1198,"pop":1704,"pointCount":7,"homeWorkCommuteMedian":20508,"workHomeCommuteMedian":11014},"geometry":{"type":"Polygon","coordinates":[[[150.98747621272972,-33.76120679636273],[150.98747621272972,-33.75221359272548],[150.99646941636695,-33.75221359272548],[150.99646941636695,-33.76120679636273],[150.98747621272972,-33.76120679636273]]]}},{"type":"Feature","properties":{"jobs":636,"pop":1214,"pointCount":5,"homeWorkCommuteMedian":8255,"workHomeCommuteMedian":24465},"geometry":{"type":"Polygon","coordinates":[[[150.98747621272972,-33.75221359272548],[150.98747621272972,-33.743220389088236],[150.99646941636695,-33.743220389088236],[150.99646941636695,-33.75221359272548],[150.98747621272972,-33.75221359272548]]]}},{"type":"Feature","properties":{"jobs":680,"pop":874,"pointCount":4,"homeWorkCommuteMedian":11066,"workHomeCommuteMedian":14194},"geometry":{"type":"Polygon","coordinates":[[[150.98747621272972,-33.743220389088236],[150.98747621272972,-33.73422718545099],[150.99646941636695,-33.73422718545099],[150.99646941636695,-33.743220389088236],[150.98747621272972,-33.743220389088236]]]}},{"type":"Feature","properties":{"jobs":185,"pop":642,"pointCount":4,"homeWorkCommuteMedian":35355,"workHomeCommuteMedian":38233},"geometry":{"type":"Polygon","coordinates":[[[150.98747621272972,-33.73422718545099],[150.98747621272972,-33.725233981813744],[150.99646941636695,-33.725233981813744],[150.99646941636695,-33.73422718545099],[150.98747621272972,-33.73422718545099]]]}},{"type":"Feature","properties":{"jobs":0,"pop":688,"pointCount":4,"homeWorkCommuteMedian":21905,"workHomeCommuteMedian":-1},"geometry":{"type":"Polygon","coordinates":[[[150.98747621272972,-33.725233981813744],[150.98747621272972,-33.7162407781765],[150.99646941636695,-33.7162407781765],[150.99646941636695,-33.725233981813744],[150.98747621272972,-33.725233981813744]]]}},{"type":"Feature","properties":{"jobs":406,"pop":1127,"pointCount":6,"homeWorkCommuteMedian":15964,"workHomeCommuteMedian":5487},"geometry":{"type":"Polygon","coordinates":[[[150.98747621272972,-33.7162407781765],[150.98747621272972,-33.70724757453925],[150.99646941636695,-33.70724757453925],[150.99646941636695,-33.7162407781765],[150.98747621272972,-33.7162407781765]]]}},{"type":"Feature","properties":{"jobs":183,"pop":492,"pointCount":3,"homeWorkCommuteMedian":9399,"workHomeCommuteMedian":2497},"geometry":{"type":"Polygon","coordinates":[[[150.98747621272972,-33.70724757453925],[150.98747621272972,-33.698254370902006],[150.99646941636695,-33.698254370902006],[150.99646941636695,-33.70724757453925],[150.98747621272972,-33.70724757453925]]]}},{"type":"Feature","properties":{"jobs":0,"pop":177,"pointCount":1,"homeWorkCommuteMedian":34054,"workHomeCommuteMedian":-1},"geometry":{"type":"Polygon","coordinates":[[[150.98747621272972,-33.698254370902006],[150.98747621272972,-33.68926116726476],[150.99646941636695,-33.68926116726476],[150.99646941636695,-33.698254370902006],[150.98747621272972,-33.698254370902006]]]}},{"type":"Feature","properties":{"jobs":0,"pop":77,"pointCount":1,"homeWorkCommuteMedian":17387,"workHomeCommuteMedian":-1},"geometry":{"type":"Polygon","coordinates":[[[150.98747621272972,-33.67127475999027],[150.98747621272972,-33.66228155635302],[150.99646941636695,-33.66228155635302],[150.99646941636695,-33.67127475999027],[150.98747621272972,-33.67127475999027]]]}},{"type":"Feature","properties":{"jobs":0,"pop":144,"pointCount":1,"homeWorkCommuteMedian":37108,"workHomeCommuteMedian":-1},"geometry":{"type":"Polygon","coordinates":[[[150.98747621272972,-33.66228155635302],[150.98747621272972,-33.65328835271578],[150.99646941636695,-33.65328835271578],[150.99646941636695,-33.66228155635302],[150.98747621272972,-33.66228155635302]]]}},{"type":"Feature","properties":{"jobs":0,"pop":79,"pointCount":1,"homeWorkCommuteMedian":20390,"workHomeCommuteMedian":-1},"geometry":{"type":"Polygon","coordinates":[[[150.98747621272972,-33.62630874180404],[150.98747621272972,-33.61731553816679],[150.99646941636695,-33.61731553816679],[150.99646941636695,-33.62630874180404],[150.98747621272972,-33.62630874180404]]]}},{"type":"Feature","properties":{"jobs":116,"pop":228,"pointCount":1,"homeWorkCommuteMedian":44156,"workHomeCommuteMedian":36007},"geometry":{"type":"Polygon","coordinates":[[[150.98747621272972,-33.55436311270607],[150.98747621272972,-33.545369909068825],[150.99646941636695,-33.545369909068825],[150.99646941636695,-33.55436311270607],[150.98747621272972,-33.55436311270607]]]}},{"type":"Feature","properties":{"jobs":0,"pop":143,"pointCount":1,"homeWorkCommuteMedian":53001,"workHomeCommuteMedian":-1},"geometry":{"type":"Polygon","coordinates":[[[150.98747621272972,-33.4824174836081],[150.98747621272972,-33.47342427997086],[150.99646941636695,-33.47342427997086],[150.99646941636695,-33.4824174836081],[150.98747621272972,-33.4824174836081]]]}},{"type":"Feature","properties":{"jobs":0,"pop":238,"pointCount":1,"homeWorkCommuteMedian":37599,"workHomeCommuteMedian":-1},"geometry":{"type":"Polygon","coordinates":[[[150.99646941636695,-34.102948534578076],[150.99646941636695,-34.09395533094083],[151.00546262000418,-34.09395533094083],[151.00546262000418,-34.102948534578076],[150.99646941636695,-34.102948534578076]]]}},{"type":"Feature","properties":{"jobs":0,"pop":245,"pointCount":2,"homeWorkCommuteMedian":21466,"workHomeCommuteMedian":-1},"geometry":{"type":"Polygon","coordinates":[[[150.99646941636695,-34.09395533094083],[150.99646941636695,-34.084962127303584],[151.00546262000418,-34.084962127303584],[151.00546262000418,-34.09395533094083],[150.99646941636695,-34.09395533094083]]]}},{"type":"Feature","properties":{"jobs":0,"pop":464,"pointCount":2,"homeWorkCommuteMedian":26166,"workHomeCommuteMedian":-1},"geometry":{"type":"Polygon","coordinates":[[[150.99646941636695,-34.084962127303584],[150.99646941636695,-34.07596892366634],[151.00546262000418,-34.07596892366634],[151.00546262000418,-34.084962127303584],[150.99646941636695,-34.084962127303584]]]}},{"type":"Feature","properties":{"jobs":0,"pop":348,"pointCount":2,"homeWorkCommuteMedian":24220,"workHomeCommuteMedian":-1},"geometry":{"type":"Polygon","coordinates":[[[150.99646941636695,-34.07596892366634],[150.99646941636695,-34.06697572002909],[151.00546262000418,-34.06697572002909],[151.00546262000418,-34.07596892366634],[150.99646941636695,-34.07596892366634]]]}},{"type":"Feature","properties":{"jobs":81,"pop":374,"pointCount":2,"homeWorkCommuteMedian":22562,"workHomeCommuteMedian":35278},"geometry":{"type":"Polygon","coordinates":[[[150.99646941636695,-34.06697572002909],[150.99646941636695,-34.057982516391846],[151.00546262000418,-34.057982516391846],[151.00546262000418,-34.06697572002909],[150.99646941636695,-34.06697572002909]]]}},{"type":"Feature","properties":{"jobs":214,"pop":723,"pointCount":3,"homeWorkCommuteMedian":17780,"workHomeCommuteMedian":4907},"geometry":{"type":"Polygon","coordinates":[[[150.99646941636695,-34.057982516391846],[150.99646941636695,-34.0489893127546],[151.00546262000418,-34.0489893127546],[151.00546262000418,-34.057982516391846],[150.99646941636695,-34.057982516391846]]]}},{"type":"Feature","properties":{"jobs":217,"pop":0,"pointCount":1,"homeWorkCommuteMedian":-1,"workHomeCommuteMedian":12682},"geometry":{"type":"Polygon","coordinates":[[[150.99646941636695,-34.0489893127546],[150.99646941636695,-34.039996109117354],[151.00546262000418,-34.039996109117354],[151.00546262000418,-34.0489893127546],[150.99646941636695,-34.0489893127546]]]}},{"type":"Feature","properties":{"jobs":0,"pop":125,"pointCount":1,"homeWorkCommuteMedian":7225,"workHomeCommuteMedian":-1},"geometry":{"type":"Polygon","coordinates":[[[150.99646941636695,-34.03100290548011],[150.99646941636695,-34.02200970184286],[151.00546262000418,-34.02200970184286],[151.00546262000418,-34.03100290548011],[150.99646941636695,-34.03100290548011]]]}},{"type":"Feature","properties":{"jobs":0,"pop":497,"pointCount":2,"homeWorkCommuteMedian":12164,"workHomeCommuteMedian":-1},"geometry":{"type":"Polygon","coordinates":[[[150.99646941636695,-34.013016498205616],[150.99646941636695,-34.00402329456837],[151.00546262000418,-34.00402329456837],[151.00546262000418,-34.013016498205616],[150.99646941636695,-34.013016498205616]]]}},{"type":"Feature","properties":{"jobs":191,"pop":0,"pointCount":1,"homeWorkCommuteMedian":-1,"workHomeCommuteMedian":18249},"geometry":{"type":"Polygon","coordinates":[[[150.99646941636695,-34.00402329456837],[150.99646941636695,-33.995030090931124],[151.00546262000418,-33.995030090931124],[151.00546262000418,-34.00402329456837],[150.99646941636695,-34.00402329456837]]]}},{"type":"Feature","properties":{"jobs":143,"pop":322,"pointCount":1,"homeWorkCommuteMedian":16586,"workHomeCommuteMedian":4352},"geometry":{"type":"Polygon","coordinates":[[[150.99646941636695,-33.98603688729388],[150.99646941636695,-33.97704368365663],[151.00546262000418,-33.97704368365663],[151.00546262000418,-33.98603688729388],[150.99646941636695,-33.98603688729388]]]}},{"type":"Feature","properties":{"jobs":0,"pop":745,"pointCount":4,"homeWorkCommuteMedian":26802,"workHomeCommuteMedian":-1},"geometry":{"type":"Polygon","coordinates":[[[150.99646941636695,-33.97704368365663],[150.99646941636695,-33.968050480019386],[151.00546262000418,-33.968050480019386],[151.00546262000418,-33.97704368365663],[150.99646941636695,-33.97704368365663]]]}},{"type":"Feature","properties":{"jobs":215,"pop":857,"pointCount":4,"homeWorkCommuteMedian":17770,"workHomeCommuteMedian":1658},"geometry":{"type":"Polygon","coordinates":[[[150.99646941636695,-33.968050480019386],[150.99646941636695,-33.95905727638214],[151.00546262000418,-33.95905727638214],[151.00546262000418,-33.968050480019386],[150.99646941636695,-33.968050480019386]]]}},{"type":"Feature","properties":{"jobs":559,"pop":2050,"pointCount":7,"homeWorkCommuteMedian":19679,"workHomeCommuteMedian":18100},"geometry":{"type":"Polygon","coordinates":[[[150.99646941636695,-33.95905727638214],[150.99646941636695,-33.950064072744894],[151.00546262000418,-33.950064072744894],[151.00546262000418,-33.95905727638214],[150.99646941636695,-33.95905727638214]]]}},{"type":"Feature","properties":{"jobs":0,"pop":1081,"pointCount":5,"homeWorkCommuteMedian":22102,"workHomeCommuteMedian":-1},"geometry":{"type":"Polygon","coordinates":[[[150.99646941636695,-33.950064072744894],[150.99646941636695,-33.94107086910765],[151.00546262000418,-33.94107086910765],[151.00546262000418,-33.950064072744894],[150.99646941636695,-33.950064072744894]]]}},{"type":"Feature","properties":{"jobs":3336,"pop":0,"pointCount":1,"homeWorkCommuteMedian":-1,"workHomeCommuteMedian":17374},"geometry":{"type":"Polygon","coordinates":[[[150.99646941636695,-33.94107086910765],[150.99646941636695,-33.9320776654704],[151.00546262000418,-33.9320776654704],[151.00546262000418,-33.94107086910765],[150.99646941636695,-33.94107086910765]]]}},{"type":"Feature","properties":{"jobs":191,"pop":108,"pointCount":2,"homeWorkCommuteMedian":3418,"workHomeCommuteMedian":36942},"geometry":{"type":"Polygon","coordinates":[[[150.99646941636695,-33.9320776654704],[150.99646941636695,-33.923084461833156],[151.00546262000418,-33.923084461833156],[151.00546262000418,-33.9320776654704],[150.99646941636695,-33.9320776654704]]]}},{"type":"Feature","properties":{"jobs":2028,"pop":598,"pointCount":3,"homeWorkCommuteMedian":20730,"workHomeCommuteMedian":15351},"geometry":{"type":"Polygon","coordinates":[[[150.99646941636695,-33.923084461833156],[150.99646941636695,-33.91409125819591],[151.00546262000418,-33.91409125819591],[151.00546262000418,-33.923084461833156],[150.99646941636695,-33.923084461833156]]]}},{"type":"Feature","properties":{"jobs":101,"pop":839,"pointCount":5,"homeWorkCommuteMedian":12748,"workHomeCommuteMedian":3892},"geometry":{"type":"Polygon","coordinates":[[[150.99646941636695,-33.91409125819591],[150.99646941636695,-33.905098054558664],[151.00546262000418,-33.905098054558664],[151.00546262000418,-33.91409125819591],[150.99646941636695,-33.91409125819591]]]}},{"type":"Feature","properties":{"jobs":646,"pop":855,"pointCount":4,"homeWorkCommuteMedian":8894,"workHomeCommuteMedian":8984},"geometry":{"type":"Polygon","coordinates":[[[150.99646941636695,-33.905098054558664],[150.99646941636695,-33.89610485092142],[151.00546262000418,-33.89610485092142],[151.00546262000418,-33.905098054558664],[150.99646941636695,-33.905098054558664]]]}},{"type":"Feature","properties":{"jobs":455,"pop":921,"pointCount":6,"homeWorkCommuteMedian":12946,"workHomeCommuteMedian":28886},"geometry":{"type":"Polygon","coordinates":[[[150.99646941636695,-33.89610485092142],[150.99646941636695,-33.88711164728417],[151.00546262000418,-33.88711164728417],[151.00546262000418,-33.89610485092142],[150.99646941636695,-33.89610485092142]]]}},{"type":"Feature","properties":{"jobs":1070,"pop":879,"pointCount":6,"homeWorkCommuteMedian":20147,"workHomeCommuteMedian":19328},"geometry":{"type":"Polygon","coordinates":[[[150.99646941636695,-33.88711164728417],[150.99646941636695,-33.878118443646926],[151.00546262000418,-33.878118443646926],[151.00546262000418,-33.88711164728417],[150.99646941636695,-33.88711164728417]]]}},{"type":"Feature","properties":{"jobs":303,"pop":930,"pointCount":4,"homeWorkCommuteMedian":10641,"workHomeCommuteMedian":53243},"geometry":{"type":"Polygon","coordinates":[[[150.99646941636695,-33.878118443646926],[150.99646941636695,-33.86912524000968],[151.00546262000418,-33.86912524000968],[151.00546262000418,-33.878118443646926],[150.99646941636695,-33.878118443646926]]]}},{"type":"Feature","properties":{"jobs":287,"pop":411,"pointCount":4,"homeWorkCommuteMedian":9745,"workHomeCommuteMedian":19823},"geometry":{"type":"Polygon","coordinates":[[[150.99646941636695,-33.86912524000968],[150.99646941636695,-33.860132036372434],[151.00546262000418,-33.860132036372434],[151.00546262000418,-33.86912524000968],[150.99646941636695,-33.86912524000968]]]}},{"type":"Feature","properties":{"jobs":0,"pop":963,"pointCount":7,"homeWorkCommuteMedian":19602,"workHomeCommuteMedian":-1},"geometry":{"type":"Polygon","coordinates":[[[150.99646941636695,-33.860132036372434],[150.99646941636695,-33.85113883273519],[151.00546262000418,-33.85113883273519],[151.00546262000418,-33.860132036372434],[150.99646941636695,-33.860132036372434]]]}},{"type":"Feature","properties":{"jobs":890,"pop":1145,"pointCount":5,"homeWorkCommuteMedian":23286,"workHomeCommuteMedian":7527},"geometry":{"type":"Polygon","coordinates":[[[150.99646941636695,-33.85113883273519],[150.99646941636695,-33.84214562909794],[151.00546262000418,-33.84214562909794],[151.00546262000418,-33.85113883273519],[150.99646941636695,-33.85113883273519]]]}},{"type":"Feature","properties":{"jobs":564,"pop":1221,"pointCount":8,"homeWorkCommuteMedian":15897,"workHomeCommuteMedian":5681},"geometry":{"type":"Polygon","coordinates":[[[150.99646941636695,-33.84214562909794],[150.99646941636695,-33.833152425460696],[151.00546262000418,-33.833152425460696],[151.00546262000418,-33.84214562909794],[150.99646941636695,-33.84214562909794]]]}},{"type":"Feature","properties":{"jobs":768,"pop":1352,"pointCount":6,"homeWorkCommuteMedian":16413,"workHomeCommuteMedian":6202},"geometry":{"type":"Polygon","coordinates":[[[150.99646941636695,-33.833152425460696],[150.99646941636695,-33.82415922182345],[151.00546262000418,-33.82415922182345],[151.00546262000418,-33.833152425460696],[150.99646941636695,-33.833152425460696]]]}},{"type":"Feature","properties":{"jobs":18321,"pop":3617,"pointCount":7,"homeWorkCommuteMedian":19129,"workHomeCommuteMedian":18138},"geometry":{"type":"Polygon","coordinates":[[[150.99646941636695,-33.82415922182345],[150.99646941636695,-33.815166018186204],[151.00546262000418,-33.815166018186204],[151.00546262000418,-33.82415922182345],[150.99646941636695,-33.82415922182345]]]}},{"type":"Feature","properties":{"jobs":12031,"pop":1235,"pointCount":5,"homeWorkCommuteMedian":20744,"workHomeCommuteMedian":19269},"geometry":{"type":"Polygon","coordinates":[[[150.99646941636695,-33.815166018186204],[150.99646941636695,-33.80617281454896],[151.00546262000418,-33.80617281454896],[151.00546262000418,-33.815166018186204],[150.99646941636695,-33.815166018186204]]]}},{"type":"Feature","properties":{"jobs":1586,"pop":688,"pointCount":2,"homeWorkCommuteMedian":28336,"workHomeCommuteMedian":12359},"geometry":{"type":"Polygon","coordinates":[[[150.99646941636695,-33.80617281454896],[150.99646941636695,-33.79717961091171],[151.00546262000418,-33.79717961091171],[151.00546262000418,-33.80617281454896],[150.99646941636695,-33.80617281454896]]]}},{"type":"Feature","properties":{"jobs":1375,"pop":1593,"pointCount":5,"homeWorkCommuteMedian":25044,"workHomeCommuteMedian":14226},"geometry":{"type":"Polygon","coordinates":[[[150.99646941636695,-33.79717961091171],[150.99646941636695,-33.788186407274466],[151.00546262000418,-33.788186407274466],[151.00546262000418,-33.79717961091171],[150.99646941636695,-33.79717961091171]]]}},{"type":"Feature","properties":{"jobs":1058,"pop":1232,"pointCount":4,"homeWorkCommuteMedian":14836,"workHomeCommuteMedian":11881},"geometry":{"type":"Polygon","coordinates":[[[150.99646941636695,-33.788186407274466],[150.99646941636695,-33.77919320363722],[151.00546262000418,-33.77919320363722],[151.00546262000418,-33.788186407274466],[150.99646941636695,-33.788186407274466]]]}},{"type":"Feature","properties":{"jobs":273,"pop":1381,"pointCount":5,"homeWorkCommuteMedian":12101,"workHomeCommuteMedian":11957},"geometry":{"type":"Polygon","coordinates":[[[150.99646941636695,-33.77919320363722],[150.99646941636695,-33.770199999999974],[151.00546262000418,-33.770199999999974],[151.00546262000418,-33.77919320363722],[150.99646941636695,-33.77919320363722]]]}},{"type":"Feature","properties":{"jobs":286,"pop":791,"pointCount":3,"homeWorkCommuteMedian":29811,"workHomeCommuteMedian":13757},"geometry":{"type":"Polygon","coordinates":[[[150.99646941636695,-33.770199999999974],[150.99646941636695,-33.76120679636273],[151.00546262000418,-33.76120679636273],[151.00546262000418,-33.770199999999974],[150.99646941636695,-33.770199999999974]]]}},{"type":"Feature","properties":{"jobs":380,"pop":1151,"pointCount":4,"homeWorkCommuteMedian":15230,"workHomeCommuteMedian":23219},"geometry":{"type":"Polygon","coordinates":[[[150.99646941636695,-33.76120679636273],[150.99646941636695,-33.75221359272548],[151.00546262000418,-33.75221359272548],[151.00546262000418,-33.76120679636273],[150.99646941636695,-33.76120679636273]]]}},{"type":"Feature","properties":{"jobs":0,"pop":1296,"pointCount":5,"homeWorkCommuteMedian":20557,"workHomeCommuteMedian":-1},"geometry":{"type":"Polygon","coordinates":[[[150.99646941636695,-33.75221359272548],[150.99646941636695,-33.743220389088236],[151.00546262000418,-33.743220389088236],[151.00546262000418,-33.75221359272548],[150.99646941636695,-33.75221359272548]]]}},{"type":"Feature","properties":{"jobs":2020,"pop":1465,"pointCount":4,"homeWorkCommuteMedian":12510,"workHomeCommuteMedian":10338},"geometry":{"type":"Polygon","coordinates":[[[150.99646941636695,-33.743220389088236],[150.99646941636695,-33.73422718545099],[151.00546262000418,-33.73422718545099],[151.00546262000418,-33.743220389088236],[150.99646941636695,-33.743220389088236]]]}},{"type":"Feature","properties":{"jobs":1431,"pop":1240,"pointCount":6,"homeWorkCommuteMedian":19328,"workHomeCommuteMedian":5538},"geometry":{"type":"Polygon","coordinates":[[[150.99646941636695,-33.73422718545099],[150.99646941636695,-33.725233981813744],[151.00546262000418,-33.725233981813744],[151.00546262000418,-33.73422718545099],[150.99646941636695,-33.73422718545099]]]}},{"type":"Feature","properties":{"jobs":386,"pop":1298,"pointCount":5,"homeWorkCommuteMedian":22378,"workHomeCommuteMedian":15431},"geometry":{"type":"Polygon","coordinates":[[[150.99646941636695,-33.725233981813744],[150.99646941636695,-33.7162407781765],[151.00546262000418,-33.7162407781765],[151.00546262000418,-33.725233981813744],[150.99646941636695,-33.725233981813744]]]}},{"type":"Feature","properties":{"jobs":0,"pop":617,"pointCount":4,"homeWorkCommuteMedian":7220,"workHomeCommuteMedian":-1},"geometry":{"type":"Polygon","coordinates":[[[150.99646941636695,-33.7162407781765],[150.99646941636695,-33.70724757453925],[151.00546262000418,-33.70724757453925],[151.00546262000418,-33.7162407781765],[150.99646941636695,-33.7162407781765]]]}},{"type":"Feature","properties":{"jobs":0,"pop":438,"pointCount":3,"homeWorkCommuteMedian":24926,"workHomeCommuteMedian":-1},"geometry":{"type":"Polygon","coordinates":[[[150.99646941636695,-33.70724757453925],[150.99646941636695,-33.698254370902006],[151.00546262000418,-33.698254370902006],[151.00546262000418,-33.70724757453925],[150.99646941636695,-33.70724757453925]]]}},{"type":"Feature","properties":{"jobs":0,"pop":117,"pointCount":1,"homeWorkCommuteMedian":9616,"workHomeCommuteMedian":-1},"geometry":{"type":"Polygon","coordinates":[[[150.99646941636695,-33.698254370902006],[150.99646941636695,-33.68926116726476],[151.00546262000418,-33.68926116726476],[151.00546262000418,-33.698254370902006],[150.99646941636695,-33.698254370902006]]]}},{"type":"Feature","properties":{"jobs":0,"pop":147,"pointCount":1,"homeWorkCommuteMedian":30692,"workHomeCommuteMedian":-1},"geometry":{"type":"Polygon","coordinates":[[[150.99646941636695,-33.67127475999027],[150.99646941636695,-33.66228155635302],[151.00546262000418,-33.66228155635302],[151.00546262000418,-33.67127475999027],[150.99646941636695,-33.67127475999027]]]}},{"type":"Feature","properties":{"jobs":0,"pop":117,"pointCount":1,"homeWorkCommuteMedian":19531,"workHomeCommuteMedian":-1},"geometry":{"type":"Polygon","coordinates":[[[150.99646941636695,-33.65328835271578],[150.99646941636695,-33.64429514907853],[151.00546262000418,-33.64429514907853],[151.00546262000418,-33.65328835271578],[150.99646941636695,-33.65328835271578]]]}},{"type":"Feature","properties":{"jobs":0,"pop":158,"pointCount":1,"homeWorkCommuteMedian":35176,"workHomeCommuteMedian":-1},"geometry":{"type":"Polygon","coordinates":[[[150.99646941636695,-33.61731553816679],[150.99646941636695,-33.60832233452955],[151.00546262000418,-33.60832233452955],[151.00546262000418,-33.61731553816679],[150.99646941636695,-33.61731553816679]]]}},{"type":"Feature","properties":{"jobs":327,"pop":427,"pointCount":2,"homeWorkCommuteMedian":29326,"workHomeCommuteMedian":15668},"geometry":{"type":"Polygon","coordinates":[[[151.00546262000418,-34.09395533094083],[151.00546262000418,-34.084962127303584],[151.0144558236414,-34.084962127303584],[151.0144558236414,-34.09395533094083],[151.00546262000418,-34.09395533094083]]]}},{"type":"Feature","properties":{"jobs":542,"pop":1523,"pointCount":8,"homeWorkCommuteMedian":21039,"workHomeCommuteMedian":4286},"geometry":{"type":"Polygon","coordinates":[[[151.00546262000418,-34.084962127303584],[151.00546262000418,-34.07596892366634],[151.0144558236414,-34.07596892366634],[151.0144558236414,-34.084962127303584],[151.00546262000418,-34.084962127303584]]]}},{"type":"Feature","properties":{"jobs":479,"pop":1162,"pointCount":4,"homeWorkCommuteMedian":27414,"workHomeCommuteMedian":1828},"geometry":{"type":"Polygon","coordinates":[[[151.00546262000418,-34.07596892366634],[151.00546262000418,-34.06697572002909],[151.0144558236414,-34.06697572002909],[151.0144558236414,-34.07596892366634],[151.00546262000418,-34.07596892366634]]]}},{"type":"Feature","properties":{"jobs":469,"pop":1361,"pointCount":7,"homeWorkCommuteMedian":18309,"workHomeCommuteMedian":1339},"geometry":{"type":"Polygon","coordinates":[[[151.00546262000418,-34.06697572002909],[151.00546262000418,-34.057982516391846],[151.0144558236414,-34.057982516391846],[151.0144558236414,-34.06697572002909],[151.00546262000418,-34.06697572002909]]]}},{"type":"Feature","properties":{"jobs":0,"pop":1331,"pointCount":5,"homeWorkCommuteMedian":14399,"workHomeCommuteMedian":-1},"geometry":{"type":"Polygon","coordinates":[[[151.00546262000418,-34.057982516391846],[151.00546262000418,-34.0489893127546],[151.0144558236414,-34.0489893127546],[151.0144558236414,-34.057982516391846],[151.00546262000418,-34.057982516391846]]]}},{"type":"Feature","properties":{"jobs":0,"pop":168,"pointCount":1,"homeWorkCommuteMedian":33082,"workHomeCommuteMedian":-1},"geometry":{"type":"Polygon","coordinates":[[[151.00546262000418,-34.0489893127546],[151.00546262000418,-34.039996109117354],[151.0144558236414,-34.039996109117354],[151.0144558236414,-34.0489893127546],[151.00546262000418,-34.0489893127546]]]}},{"type":"Feature","properties":{"jobs":0,"pop":835,"pointCount":4,"homeWorkCommuteMedian":13680,"workHomeCommuteMedian":-1},"geometry":{"type":"Polygon","coordinates":[[[151.00546262000418,-34.039996109117354],[151.00546262000418,-34.03100290548011],[151.0144558236414,-34.03100290548011],[151.0144558236414,-34.039996109117354],[151.00546262000418,-34.039996109117354]]]}},{"type":"Feature","properties":{"jobs":245,"pop":1232,"pointCount":4,"homeWorkCommuteMedian":25727,"workHomeCommuteMedian":2838},"geometry":{"type":"Polygon","coordinates":[[[151.00546262000418,-34.03100290548011],[151.00546262000418,-34.02200970184286],[151.0144558236414,-34.02200970184286],[151.0144558236414,-34.03100290548011],[151.00546262000418,-34.03100290548011]]]}},{"type":"Feature","properties":{"jobs":204,"pop":1292,"pointCount":6,"homeWorkCommuteMedian":26066,"workHomeCommuteMedian":20755},"geometry":{"type":"Polygon","coordinates":[[[151.00546262000418,-34.02200970184286],[151.00546262000418,-34.013016498205616],[151.0144558236414,-34.013016498205616],[151.0144558236414,-34.02200970184286],[151.00546262000418,-34.02200970184286]]]}},{"type":"Feature","properties":{"jobs":324,"pop":613,"pointCount":3,"homeWorkCommuteMedian":13203,"workHomeCommuteMedian":2610},"geometry":{"type":"Polygon","coordinates":[[[151.00546262000418,-34.013016498205616],[151.00546262000418,-34.00402329456837],[151.0144558236414,-34.00402329456837],[151.0144558236414,-34.013016498205616],[151.00546262000418,-34.013016498205616]]]}},{"type":"Feature","properties":{"jobs":0,"pop":362,"pointCount":1,"homeWorkCommuteMedian":41409,"workHomeCommuteMedian":-1},"geometry":{"type":"Polygon","coordinates":[[[151.00546262000418,-34.00402329456837],[151.00546262000418,-33.995030090931124],[151.0144558236414,-33.995030090931124],[151.0144558236414,-34.00402329456837],[151.00546262000418,-34.00402329456837]]]}},{"type":"Feature","properties":{"jobs":234,"pop":0,"pointCount":1,"homeWorkCommuteMedian":-1,"workHomeCommuteMedian":33987},"geometry":{"type":"Polygon","coordinates":[[[151.00546262000418,-33.98603688729388],[151.00546262000418,-33.97704368365663],[151.0144558236414,-33.97704368365663],[151.0144558236414,-33.98603688729388],[151.00546262000418,-33.98603688729388]]]}},{"type":"Feature","properties":{"jobs":0,"pop":582,"pointCount":3,"homeWorkCommuteMedian":21854,"workHomeCommuteMedian":-1},"geometry":{"type":"Polygon","coordinates":[[[151.00546262000418,-33.97704368365663],[151.00546262000418,-33.968050480019386],[151.0144558236414,-33.968050480019386],[151.0144558236414,-33.97704368365663],[151.00546262000418,-33.97704368365663]]]}},{"type":"Feature","properties":{"jobs":410,"pop":2235,"pointCount":7,"homeWorkCommuteMedian":21092,"workHomeCommuteMedian":24046},"geometry":{"type":"Polygon","coordinates":[[[151.00546262000418,-33.968050480019386],[151.00546262000418,-33.95905727638214],[151.0144558236414,-33.95905727638214],[151.0144558236414,-33.968050480019386],[151.00546262000418,-33.968050480019386]]]}},{"type":"Feature","properties":{"jobs":1689,"pop":1553,"pointCount":6,"homeWorkCommuteMedian":20524,"workHomeCommuteMedian":8043},"geometry":{"type":"Polygon","coordinates":[[[151.00546262000418,-33.95905727638214],[151.00546262000418,-33.950064072744894],[151.0144558236414,-33.950064072744894],[151.0144558236414,-33.95905727638214],[151.00546262000418,-33.95905727638214]]]}},{"type":"Feature","properties":{"jobs":448,"pop":1400,"pointCount":6,"homeWorkCommuteMedian":19769,"workHomeCommuteMedian":19948},"geometry":{"type":"Polygon","coordinates":[[[151.00546262000418,-33.950064072744894],[151.00546262000418,-33.94107086910765],[151.0144558236414,-33.94107086910765],[151.0144558236414,-33.950064072744894],[151.00546262000418,-33.950064072744894]]]}},{"type":"Feature","properties":{"jobs":717,"pop":164,"pointCount":2,"homeWorkCommuteMedian":28174,"workHomeCommuteMedian":19357},"geometry":{"type":"Polygon","coordinates":[[[151.00546262000418,-33.94107086910765],[151.00546262000418,-33.9320776654704],[151.0144558236414,-33.9320776654704],[151.0144558236414,-33.94107086910765],[151.00546262000418,-33.94107086910765]]]}},{"type":"Feature","properties":{"jobs":100,"pop":898,"pointCount":5,"homeWorkCommuteMedian":6460,"workHomeCommuteMedian":8031},"geometry":{"type":"Polygon","coordinates":[[[151.00546262000418,-33.9320776654704],[151.00546262000418,-33.923084461833156],[151.0144558236414,-33.923084461833156],[151.0144558236414,-33.9320776654704],[151.00546262000418,-33.9320776654704]]]}},{"type":"Feature","properties":{"jobs":518,"pop":1090,"pointCount":6,"homeWorkCommuteMedian":23903,"workHomeCommuteMedian":11684},"geometry":{"type":"Polygon","coordinates":[[[151.00546262000418,-33.923084461833156],[151.00546262000418,-33.91409125819591],[151.0144558236414,-33.91409125819591],[151.0144558236414,-33.923084461833156],[151.00546262000418,-33.923084461833156]]]}},{"type":"Feature","properties":{"jobs":195,"pop":967,"pointCount":5,"homeWorkCommuteMedian":9838,"workHomeCommuteMedian":22613},"geometry":{"type":"Polygon","coordinates":[[[151.00546262000418,-33.91409125819591],[151.00546262000418,-33.905098054558664],[151.0144558236414,-33.905098054558664],[151.0144558236414,-33.91409125819591],[151.00546262000418,-33.91409125819591]]]}},{"type":"Feature","properties":{"jobs":125,"pop":1002,"pointCount":5,"homeWorkCommuteMedian":11617,"workHomeCommuteMedian":25430},"geometry":{"type":"Polygon","coordinates":[[[151.00546262000418,-33.905098054558664],[151.00546262000418,-33.89610485092142],[151.0144558236414,-33.89610485092142],[151.0144558236414,-33.905098054558664],[151.00546262000418,-33.905098054558664]]]}},{"type":"Feature","properties":{"jobs":0,"pop":1219,"pointCount":6,"homeWorkCommuteMedian":9970,"workHomeCommuteMedian":-1},"geometry":{"type":"Polygon","coordinates":[[[151.00546262000418,-33.89610485092142],[151.00546262000418,-33.88711164728417],[151.0144558236414,-33.88711164728417],[151.0144558236414,-33.89610485092142],[151.00546262000418,-33.89610485092142]]]}},{"type":"Feature","properties":{"jobs":1377,"pop":836,"pointCount":4,"homeWorkCommuteMedian":10221,"workHomeCommuteMedian":13470},"geometry":{"type":"Polygon","coordinates":[[[151.00546262000418,-33.88711164728417],[151.00546262000418,-33.878118443646926],[151.0144558236414,-33.878118443646926],[151.0144558236414,-33.88711164728417],[151.00546262000418,-33.88711164728417]]]}},{"type":"Feature","properties":{"jobs":916,"pop":430,"pointCount":3,"homeWorkCommuteMedian":21356,"workHomeCommuteMedian":12848},"geometry":{"type":"Polygon","coordinates":[[[151.00546262000418,-33.878118443646926],[151.00546262000418,-33.86912524000968],[151.0144558236414,-33.86912524000968],[151.0144558236414,-33.878118443646926],[151.00546262000418,-33.878118443646926]]]}},{"type":"Feature","properties":{"jobs":1501,"pop":218,"pointCount":3,"homeWorkCommuteMedian":19178,"workHomeCommuteMedian":18052},"geometry":{"type":"Polygon","coordinates":[[[151.00546262000418,-33.86912524000968],[151.00546262000418,-33.860132036372434],[151.0144558236414,-33.860132036372434],[151.0144558236414,-33.86912524000968],[151.00546262000418,-33.86912524000968]]]}},{"type":"Feature","properties":{"jobs":0,"pop":715,"pointCount":5,"homeWorkCommuteMedian":9942,"workHomeCommuteMedian":-1},"geometry":{"type":"Polygon","coordinates":[[[151.00546262000418,-33.860132036372434],[151.00546262000418,-33.85113883273519],[151.0144558236414,-33.85113883273519],[151.0144558236414,-33.860132036372434],[151.00546262000418,-33.860132036372434]]]}},{"type":"Feature","properties":{"jobs":131,"pop":520,"pointCount":5,"homeWorkCommuteMedian":3577,"workHomeCommuteMedian":2510},"geometry":{"type":"Polygon","coordinates":[[[151.00546262000418,-33.85113883273519],[151.00546262000418,-33.84214562909794],[151.0144558236414,-33.84214562909794],[151.0144558236414,-33.85113883273519],[151.00546262000418,-33.85113883273519]]]}},{"type":"Feature","properties":{"jobs":736,"pop":2921,"pointCount":7,"homeWorkCommuteMedian":16453,"workHomeCommuteMedian":12455},"geometry":{"type":"Polygon","coordinates":[[[151.00546262000418,-33.84214562909794],[151.00546262000418,-33.833152425460696],[151.0144558236414,-33.833152425460696],[151.0144558236414,-33.84214562909794],[151.00546262000418,-33.84214562909794]]]}},{"type":"Feature","properties":{"jobs":1740,"pop":2710,"pointCount":7,"homeWorkCommuteMedian":18762,"workHomeCommuteMedian":13738},"geometry":{"type":"Polygon","coordinates":[[[151.00546262000418,-33.833152425460696],[151.00546262000418,-33.82415922182345],[151.0144558236414,-33.82415922182345],[151.0144558236414,-33.833152425460696],[151.00546262000418,-33.833152425460696]]]}},{"type":"Feature","properties":{"jobs":4775,"pop":4971,"pointCount":7,"homeWorkCommuteMedian":21123,"workHomeCommuteMedian":17875},"geometry":{"type":"Polygon","coordinates":[[[151.00546262000418,-33.82415922182345],[151.00546262000418,-33.815166018186204],[151.0144558236414,-33.815166018186204],[151.0144558236414,-33.82415922182345],[151.00546262000418,-33.82415922182345]]]}},{"type":"Feature","properties":{"jobs":10230,"pop":2267,"pointCount":5,"homeWorkCommuteMedian":8293,"workHomeCommuteMedian":17931},"geometry":{"type":"Polygon","coordinates":[[[151.00546262000418,-33.815166018186204],[151.00546262000418,-33.80617281454896],[151.0144558236414,-33.80617281454896],[151.0144558236414,-33.815166018186204],[151.00546262000418,-33.815166018186204]]]}},{"type":"Feature","properties":{"jobs":1507,"pop":3482,"pointCount":8,"homeWorkCommuteMedian":23627,"workHomeCommuteMedian":15985},"geometry":{"type":"Polygon","coordinates":[[[151.00546262000418,-33.80617281454896],[151.00546262000418,-33.79717961091171],[151.0144558236414,-33.79717961091171],[151.0144558236414,-33.80617281454896],[151.00546262000418,-33.80617281454896]]]}},{"type":"Feature","properties":{"jobs":472,"pop":149,"pointCount":2,"homeWorkCommuteMedian":17301,"workHomeCommuteMedian":13887},"geometry":{"type":"Polygon","coordinates":[[[151.00546262000418,-33.79717961091171],[151.00546262000418,-33.788186407274466],[151.0144558236414,-33.788186407274466],[151.0144558236414,-33.79717961091171],[151.00546262000418,-33.79717961091171]]]}},{"type":"Feature","properties":{"jobs":348,"pop":409,"pointCount":2,"homeWorkCommuteMedian":19364,"workHomeCommuteMedian":9376},"geometry":{"type":"Polygon","coordinates":[[[151.00546262000418,-33.788186407274466],[151.00546262000418,-33.77919320363722],[151.0144558236414,-33.77919320363722],[151.0144558236414,-33.788186407274466],[151.00546262000418,-33.788186407274466]]]}},{"type":"Feature","properties":{"jobs":1102,"pop":219,"pointCount":1,"homeWorkCommuteMedian":15494,"workHomeCommuteMedian":13136},"geometry":{"type":"Polygon","coordinates":[[[151.00546262000418,-33.77919320363722],[151.00546262000418,-33.770199999999974],[151.0144558236414,-33.770199999999974],[151.0144558236414,-33.77919320363722],[151.00546262000418,-33.77919320363722]]]}},{"type":"Feature","properties":{"jobs":0,"pop":228,"pointCount":1,"homeWorkCommuteMedian":34661,"workHomeCommuteMedian":-1},"geometry":{"type":"Polygon","coordinates":[[[151.00546262000418,-33.770199999999974],[151.00546262000418,-33.76120679636273],[151.0144558236414,-33.76120679636273],[151.0144558236414,-33.770199999999974],[151.00546262000418,-33.770199999999974]]]}},{"type":"Feature","properties":{"jobs":105,"pop":617,"pointCount":3,"homeWorkCommuteMedian":17038,"workHomeCommuteMedian":11237},"geometry":{"type":"Polygon","coordinates":[[[151.00546262000418,-33.76120679636273],[151.00546262000418,-33.75221359272548],[151.0144558236414,-33.75221359272548],[151.0144558236414,-33.76120679636273],[151.00546262000418,-33.76120679636273]]]}},{"type":"Feature","properties":{"jobs":0,"pop":574,"pointCount":2,"homeWorkCommuteMedian":24473,"workHomeCommuteMedian":-1},"geometry":{"type":"Polygon","coordinates":[[[151.00546262000418,-33.75221359272548],[151.00546262000418,-33.743220389088236],[151.0144558236414,-33.743220389088236],[151.0144558236414,-33.75221359272548],[151.00546262000418,-33.75221359272548]]]}},{"type":"Feature","properties":{"jobs":152,"pop":858,"pointCount":4,"homeWorkCommuteMedian":18752,"workHomeCommuteMedian":33144},"geometry":{"type":"Polygon","coordinates":[[[151.00546262000418,-33.743220389088236],[151.00546262000418,-33.73422718545099],[151.0144558236414,-33.73422718545099],[151.0144558236414,-33.743220389088236],[151.00546262000418,-33.743220389088236]]]}},{"type":"Feature","properties":{"jobs":2162,"pop":1322,"pointCount":4,"homeWorkCommuteMedian":11142,"workHomeCommuteMedian":11547},"geometry":{"type":"Polygon","coordinates":[[[151.00546262000418,-33.73422718545099],[151.00546262000418,-33.725233981813744],[151.0144558236414,-33.725233981813744],[151.0144558236414,-33.73422718545099],[151.00546262000418,-33.73422718545099]]]}},{"type":"Feature","properties":{"jobs":0,"pop":946,"pointCount":3,"homeWorkCommuteMedian":12242,"workHomeCommuteMedian":-1},"geometry":{"type":"Polygon","coordinates":[[[151.00546262000418,-33.725233981813744],[151.00546262000418,-33.7162407781765],[151.0144558236414,-33.7162407781765],[151.0144558236414,-33.725233981813744],[151.00546262000418,-33.725233981813744]]]}},{"type":"Feature","properties":{"jobs":0,"pop":667,"pointCount":2,"homeWorkCommuteMedian":17054,"workHomeCommuteMedian":-1},"geometry":{"type":"Polygon","coordinates":[[[151.00546262000418,-33.7162407781765],[151.00546262000418,-33.70724757453925],[151.0144558236414,-33.70724757453925],[151.0144558236414,-33.7162407781765],[151.00546262000418,-33.7162407781765]]]}},{"type":"Feature","properties":{"jobs":0,"pop":317,"pointCount":1,"homeWorkCommuteMedian":14017,"workHomeCommuteMedian":-1},"geometry":{"type":"Polygon","coordinates":[[[151.00546262000418,-33.70724757453925],[151.00546262000418,-33.698254370902006],[151.0144558236414,-33.698254370902006],[151.0144558236414,-33.70724757453925],[151.00546262000418,-33.70724757453925]]]}},{"type":"Feature","properties":{"jobs":100,"pop":122,"pointCount":1,"homeWorkCommuteMedian":1731,"workHomeCommuteMedian":23422},"geometry":{"type":"Polygon","coordinates":[[[151.00546262000418,-33.698254370902006],[151.00546262000418,-33.68926116726476],[151.0144558236414,-33.68926116726476],[151.0144558236414,-33.698254370902006],[151.00546262000418,-33.698254370902006]]]}},{"type":"Feature","properties":{"jobs":206,"pop":246,"pointCount":1,"homeWorkCommuteMedian":27238,"workHomeCommuteMedian":11256},"geometry":{"type":"Polygon","coordinates":[[[151.00546262000418,-33.680267963627514],[151.00546262000418,-33.67127475999027],[151.0144558236414,-33.67127475999027],[151.0144558236414,-33.680267963627514],[151.00546262000418,-33.680267963627514]]]}},{"type":"Feature","properties":{"jobs":0,"pop":64,"pointCount":1,"homeWorkCommuteMedian":20928,"workHomeCommuteMedian":-1},"geometry":{"type":"Polygon","coordinates":[[[151.00546262000418,-33.66228155635302],[151.00546262000418,-33.65328835271578],[151.0144558236414,-33.65328835271578],[151.0144558236414,-33.66228155635302],[151.00546262000418,-33.66228155635302]]]}},{"type":"Feature","properties":{"jobs":0,"pop":186,"pointCount":1,"homeWorkCommuteMedian":12489,"workHomeCommuteMedian":-1},"geometry":{"type":"Polygon","coordinates":[[[151.00546262000418,-33.64429514907853],[151.00546262000418,-33.635301945441284],[151.0144558236414,-33.635301945441284],[151.0144558236414,-33.64429514907853],[151.00546262000418,-33.64429514907853]]]}},{"type":"Feature","properties":{"jobs":0,"pop":189,"pointCount":1,"homeWorkCommuteMedian":24528,"workHomeCommuteMedian":-1},"geometry":{"type":"Polygon","coordinates":[[[151.00546262000418,-33.635301945441284],[151.00546262000418,-33.62630874180404],[151.0144558236414,-33.62630874180404],[151.0144558236414,-33.635301945441284],[151.00546262000418,-33.635301945441284]]]}},{"type":"Feature","properties":{"jobs":0,"pop":101,"pointCount":1,"homeWorkCommuteMedian":31860,"workHomeCommuteMedian":-1},"geometry":{"type":"Polygon","coordinates":[[[151.00546262000418,-33.61731553816679],[151.00546262000418,-33.60832233452955],[151.0144558236414,-33.60832233452955],[151.0144558236414,-33.61731553816679],[151.00546262000418,-33.61731553816679]]]}},{"type":"Feature","properties":{"jobs":0,"pop":114,"pointCount":1,"homeWorkCommuteMedian":13666,"workHomeCommuteMedian":-1},"geometry":{"type":"Polygon","coordinates":[[[151.00546262000418,-33.60832233452955],[151.00546262000418,-33.5993291308923],[151.0144558236414,-33.5993291308923],[151.0144558236414,-33.60832233452955],[151.00546262000418,-33.60832233452955]]]}},{"type":"Feature","properties":{"jobs":0,"pop":207,"pointCount":1,"homeWorkCommuteMedian":46492,"workHomeCommuteMedian":-1},"geometry":{"type":"Polygon","coordinates":[[[151.00546262000418,-33.5993291308923],[151.00546262000418,-33.590335927255055],[151.0144558236414,-33.590335927255055],[151.0144558236414,-33.5993291308923],[151.00546262000418,-33.5993291308923]]]}},{"type":"Feature","properties":{"jobs":0,"pop":106,"pointCount":1,"homeWorkCommuteMedian":39038,"workHomeCommuteMedian":-1},"geometry":{"type":"Polygon","coordinates":[[[151.0144558236414,-34.09395533094083],[151.0144558236414,-34.084962127303584],[151.02344902727864,-34.084962127303584],[151.02344902727864,-34.09395533094083],[151.0144558236414,-34.09395533094083]]]}},{"type":"Feature","properties":{"jobs":132,"pop":413,"pointCount":1,"homeWorkCommuteMedian":55967,"workHomeCommuteMedian":6423},"geometry":{"type":"Polygon","coordinates":[[[151.0144558236414,-34.084962127303584],[151.0144558236414,-34.07596892366634],[151.02344902727864,-34.07596892366634],[151.02344902727864,-34.084962127303584],[151.0144558236414,-34.084962127303584]]]}},{"type":"Feature","properties":{"jobs":408,"pop":803,"pointCount":3,"homeWorkCommuteMedian":19128,"workHomeCommuteMedian":5766},"geometry":{"type":"Polygon","coordinates":[[[151.0144558236414,-34.06697572002909],[151.0144558236414,-34.057982516391846],[151.02344902727864,-34.057982516391846],[151.02344902727864,-34.06697572002909],[151.0144558236414,-34.06697572002909]]]}},{"type":"Feature","properties":{"jobs":0,"pop":636,"pointCount":3,"homeWorkCommuteMedian":11765,"workHomeCommuteMedian":-1},"geometry":{"type":"Polygon","coordinates":[[[151.0144558236414,-34.057982516391846],[151.0144558236414,-34.0489893127546],[151.02344902727864,-34.0489893127546],[151.02344902727864,-34.057982516391846],[151.0144558236414,-34.057982516391846]]]}},{"type":"Feature","properties":{"jobs":0,"pop":404,"pointCount":3,"homeWorkCommuteMedian":30941,"workHomeCommuteMedian":-1},"geometry":{"type":"Polygon","coordinates":[[[151.0144558236414,-34.0489893127546],[151.0144558236414,-34.039996109117354],[151.02344902727864,-34.039996109117354],[151.02344902727864,-34.0489893127546],[151.0144558236414,-34.0489893127546]]]}},{"type":"Feature","properties":{"jobs":96,"pop":0,"pointCount":1,"homeWorkCommuteMedian":-1,"workHomeCommuteMedian":14126},"geometry":{"type":"Polygon","coordinates":[[[151.0144558236414,-34.039996109117354],[151.0144558236414,-34.03100290548011],[151.02344902727864,-34.03100290548011],[151.02344902727864,-34.039996109117354],[151.0144558236414,-34.039996109117354]]]}},{"type":"Feature","properties":{"jobs":86,"pop":742,"pointCount":3,"homeWorkCommuteMedian":25678,"workHomeCommuteMedian":5775},"geometry":{"type":"Polygon","coordinates":[[[151.0144558236414,-34.03100290548011],[151.0144558236414,-34.02200970184286],[151.02344902727864,-34.02200970184286],[151.02344902727864,-34.03100290548011],[151.0144558236414,-34.03100290548011]]]}},{"type":"Feature","properties":{"jobs":371,"pop":609,"pointCount":3,"homeWorkCommuteMedian":21020,"workHomeCommuteMedian":15136},"geometry":{"type":"Polygon","coordinates":[[[151.0144558236414,-34.02200970184286],[151.0144558236414,-34.013016498205616],[151.02344902727864,-34.013016498205616],[151.02344902727864,-34.02200970184286],[151.0144558236414,-34.02200970184286]]]}},{"type":"Feature","properties":{"jobs":467,"pop":763,"pointCount":4,"homeWorkCommuteMedian":23218,"workHomeCommuteMedian":9233},"geometry":{"type":"Polygon","coordinates":[[[151.0144558236414,-34.013016498205616],[151.0144558236414,-34.00402329456837],[151.02344902727864,-34.00402329456837],[151.02344902727864,-34.013016498205616],[151.0144558236414,-34.013016498205616]]]}},{"type":"Feature","properties":{"jobs":0,"pop":836,"pointCount":3,"homeWorkCommuteMedian":16045,"workHomeCommuteMedian":-1},"geometry":{"type":"Polygon","coordinates":[[[151.0144558236414,-34.00402329456837],[151.0144558236414,-33.995030090931124],[151.02344902727864,-33.995030090931124],[151.02344902727864,-34.00402329456837],[151.0144558236414,-34.00402329456837]]]}},{"type":"Feature","properties":{"jobs":0,"pop":335,"pointCount":2,"homeWorkCommuteMedian":15046,"workHomeCommuteMedian":-1},"geometry":{"type":"Polygon","coordinates":[[[151.0144558236414,-33.995030090931124],[151.0144558236414,-33.98603688729388],[151.02344902727864,-33.98603688729388],[151.02344902727864,-33.995030090931124],[151.0144558236414,-33.995030090931124]]]}},{"type":"Feature","properties":{"jobs":0,"pop":263,"pointCount":1,"homeWorkCommuteMedian":33050,"workHomeCommuteMedian":-1},"geometry":{"type":"Polygon","coordinates":[[[151.0144558236414,-33.98603688729388],[151.0144558236414,-33.97704368365663],[151.02344902727864,-33.97704368365663],[151.02344902727864,-33.98603688729388],[151.0144558236414,-33.98603688729388]]]}},{"type":"Feature","properties":{"jobs":218,"pop":631,"pointCount":2,"homeWorkCommuteMedian":23423,"workHomeCommuteMedian":3109},"geometry":{"type":"Polygon","coordinates":[[[151.0144558236414,-33.97704368365663],[151.0144558236414,-33.968050480019386],[151.02344902727864,-33.968050480019386],[151.02344902727864,-33.97704368365663],[151.0144558236414,-33.97704368365663]]]}},{"type":"Feature","properties":{"jobs":292,"pop":707,"pointCount":3,"homeWorkCommuteMedian":7025,"workHomeCommuteMedian":21039},"geometry":{"type":"Polygon","coordinates":[[[151.0144558236414,-33.968050480019386],[151.0144558236414,-33.95905727638214],[151.02344902727864,-33.95905727638214],[151.02344902727864,-33.968050480019386],[151.0144558236414,-33.968050480019386]]]}},{"type":"Feature","properties":{"jobs":291,"pop":1232,"pointCount":6,"homeWorkCommuteMedian":14006,"workHomeCommuteMedian":18460},"geometry":{"type":"Polygon","coordinates":[[[151.0144558236414,-33.95905727638214],[151.0144558236414,-33.950064072744894],[151.02344902727864,-33.950064072744894],[151.02344902727864,-33.95905727638214],[151.0144558236414,-33.95905727638214]]]}},{"type":"Feature","properties":{"jobs":353,"pop":1301,"pointCount":6,"homeWorkCommuteMedian":15245,"workHomeCommuteMedian":16532},"geometry":{"type":"Polygon","coordinates":[[[151.0144558236414,-33.950064072744894],[151.0144558236414,-33.94107086910765],[151.02344902727864,-33.94107086910765],[151.02344902727864,-33.950064072744894],[151.0144558236414,-33.950064072744894]]]}},{"type":"Feature","properties":{"jobs":1922,"pop":558,"pointCount":5,"homeWorkCommuteMedian":15128,"workHomeCommuteMedian":13605},"geometry":{"type":"Polygon","coordinates":[[[151.0144558236414,-33.94107086910765],[151.0144558236414,-33.9320776654704],[151.02344902727864,-33.9320776654704],[151.02344902727864,-33.94107086910765],[151.0144558236414,-33.94107086910765]]]}},{"type":"Feature","properties":{"jobs":1115,"pop":1194,"pointCount":8,"homeWorkCommuteMedian":7750,"workHomeCommuteMedian":19724},"geometry":{"type":"Polygon","coordinates":[[[151.0144558236414,-33.9320776654704],[151.0144558236414,-33.923084461833156],[151.02344902727864,-33.923084461833156],[151.02344902727864,-33.9320776654704],[151.0144558236414,-33.9320776654704]]]}},{"type":"Feature","properties":{"jobs":0,"pop":1183,"pointCount":7,"homeWorkCommuteMedian":22470,"workHomeCommuteMedian":-1},"geometry":{"type":"Polygon","coordinates":[[[151.0144558236414,-33.923084461833156],[151.0144558236414,-33.91409125819591],[151.02344902727864,-33.91409125819591],[151.02344902727864,-33.923084461833156],[151.0144558236414,-33.923084461833156]]]}},{"type":"Feature","properties":{"jobs":930,"pop":1486,"pointCount":6,"homeWorkCommuteMedian":19458,"workHomeCommuteMedian":16860},"geometry":{"type":"Polygon","coordinates":[[[151.0144558236414,-33.91409125819591],[151.0144558236414,-33.905098054558664],[151.02344902727864,-33.905098054558664],[151.02344902727864,-33.91409125819591],[151.0144558236414,-33.91409125819591]]]}},{"type":"Feature","properties":{"jobs":0,"pop":973,"pointCount":4,"homeWorkCommuteMedian":11544,"workHomeCommuteMedian":-1},"geometry":{"type":"Polygon","coordinates":[[[151.0144558236414,-33.905098054558664],[151.0144558236414,-33.89610485092142],[151.02344902727864,-33.89610485092142],[151.02344902727864,-33.905098054558664],[151.0144558236414,-33.905098054558664]]]}},{"type":"Feature","properties":{"jobs":93,"pop":640,"pointCount":3,"homeWorkCommuteMedian":11498,"workHomeCommuteMedian":5381},"geometry":{"type":"Polygon","coordinates":[[[151.0144558236414,-33.89610485092142],[151.0144558236414,-33.88711164728417],[151.02344902727864,-33.88711164728417],[151.02344902727864,-33.89610485092142],[151.0144558236414,-33.89610485092142]]]}},{"type":"Feature","properties":{"jobs":1462,"pop":87,"pointCount":2,"homeWorkCommuteMedian":1319,"workHomeCommuteMedian":13930},"geometry":{"type":"Polygon","coordinates":[[[151.0144558236414,-33.88711164728417],[151.0144558236414,-33.878118443646926],[151.02344902727864,-33.878118443646926],[151.02344902727864,-33.88711164728417],[151.0144558236414,-33.88711164728417]]]}},{"type":"Feature","properties":{"jobs":1416,"pop":918,"pointCount":3,"homeWorkCommuteMedian":11493,"workHomeCommuteMedian":16204},"geometry":{"type":"Polygon","coordinates":[[[151.0144558236414,-33.878118443646926],[151.0144558236414,-33.86912524000968],[151.02344902727864,-33.86912524000968],[151.02344902727864,-33.878118443646926],[151.0144558236414,-33.878118443646926]]]}},{"type":"Feature","properties":{"jobs":332,"pop":529,"pointCount":4,"homeWorkCommuteMedian":7428,"workHomeCommuteMedian":33627},"geometry":{"type":"Polygon","coordinates":[[[151.0144558236414,-33.86912524000968],[151.0144558236414,-33.860132036372434],[151.02344902727864,-33.860132036372434],[151.02344902727864,-33.86912524000968],[151.0144558236414,-33.86912524000968]]]}},{"type":"Feature","properties":{"jobs":411,"pop":667,"pointCount":4,"homeWorkCommuteMedian":4668,"workHomeCommuteMedian":15878},"geometry":{"type":"Polygon","coordinates":[[[151.0144558236414,-33.860132036372434],[151.0144558236414,-33.85113883273519],[151.02344902727864,-33.85113883273519],[151.02344902727864,-33.860132036372434],[151.0144558236414,-33.860132036372434]]]}},{"type":"Feature","properties":{"jobs":665,"pop":506,"pointCount":4,"homeWorkCommuteMedian":4658,"workHomeCommuteMedian":18976},"geometry":{"type":"Polygon","coordinates":[[[151.0144558236414,-33.85113883273519],[151.0144558236414,-33.84214562909794],[151.02344902727864,-33.84214562909794],[151.02344902727864,-33.85113883273519],[151.0144558236414,-33.85113883273519]]]}},{"type":"Feature","properties":{"jobs":77,"pop":0,"pointCount":1,"homeWorkCommuteMedian":-1,"workHomeCommuteMedian":21416},"geometry":{"type":"Polygon","coordinates":[[[151.0144558236414,-33.84214562909794],[151.0144558236414,-33.833152425460696],[151.02344902727864,-33.833152425460696],[151.02344902727864,-33.84214562909794],[151.0144558236414,-33.84214562909794]]]}},{"type":"Feature","properties":{"jobs":2431,"pop":1188,"pointCount":4,"homeWorkCommuteMedian":20498,"workHomeCommuteMedian":14859},"geometry":{"type":"Polygon","coordinates":[[[151.0144558236414,-33.833152425460696],[151.0144558236414,-33.82415922182345],[151.02344902727864,-33.82415922182345],[151.02344902727864,-33.833152425460696],[151.0144558236414,-33.833152425460696]]]}},{"type":"Feature","properties":{"jobs":570,"pop":1781,"pointCount":3,"homeWorkCommuteMedian":15906,"workHomeCommuteMedian":22028},"geometry":{"type":"Polygon","coordinates":[[[151.0144558236414,-33.82415922182345],[151.0144558236414,-33.815166018186204],[151.02344902727864,-33.815166018186204],[151.02344902727864,-33.82415922182345],[151.0144558236414,-33.82415922182345]]]}},{"type":"Feature","properties":{"jobs":1250,"pop":3640,"pointCount":7,"homeWorkCommuteMedian":22064,"workHomeCommuteMedian":12476},"geometry":{"type":"Polygon","coordinates":[[[151.0144558236414,-33.815166018186204],[151.0144558236414,-33.80617281454896],[151.02344902727864,-33.80617281454896],[151.02344902727864,-33.815166018186204],[151.0144558236414,-33.815166018186204]]]}},{"type":"Feature","properties":{"jobs":1193,"pop":832,"pointCount":4,"homeWorkCommuteMedian":16508,"workHomeCommuteMedian":5571},"geometry":{"type":"Polygon","coordinates":[[[151.0144558236414,-33.80617281454896],[151.0144558236414,-33.79717961091171],[151.02344902727864,-33.79717961091171],[151.02344902727864,-33.80617281454896],[151.0144558236414,-33.80617281454896]]]}},{"type":"Feature","properties":{"jobs":0,"pop":557,"pointCount":2,"homeWorkCommuteMedian":10516,"workHomeCommuteMedian":-1},"geometry":{"type":"Polygon","coordinates":[[[151.0144558236414,-33.79717961091171],[151.0144558236414,-33.788186407274466],[151.02344902727864,-33.788186407274466],[151.02344902727864,-33.79717961091171],[151.0144558236414,-33.79717961091171]]]}},{"type":"Feature","properties":{"jobs":1333,"pop":378,"pointCount":2,"homeWorkCommuteMedian":18936,"workHomeCommuteMedian":11774},"geometry":{"type":"Polygon","coordinates":[[[151.0144558236414,-33.788186407274466],[151.0144558236414,-33.77919320363722],[151.02344902727864,-33.77919320363722],[151.02344902727864,-33.788186407274466],[151.0144558236414,-33.788186407274466]]]}},{"type":"Feature","properties":{"jobs":462,"pop":767,"pointCount":4,"homeWorkCommuteMedian":16800,"workHomeCommuteMedian":6651},"geometry":{"type":"Polygon","coordinates":[[[151.0144558236414,-33.77919320363722],[151.0144558236414,-33.770199999999974],[151.02344902727864,-33.770199999999974],[151.02344902727864,-33.77919320363722],[151.0144558236414,-33.77919320363722]]]}},{"type":"Feature","properties":{"jobs":162,"pop":605,"pointCount":3,"homeWorkCommuteMedian":17132,"workHomeCommuteMedian":25981},"geometry":{"type":"Polygon","coordinates":[[[151.0144558236414,-33.770199999999974],[151.0144558236414,-33.76120679636273],[151.02344902727864,-33.76120679636273],[151.02344902727864,-33.770199999999974],[151.0144558236414,-33.770199999999974]]]}},{"type":"Feature","properties":{"jobs":0,"pop":176,"pointCount":1,"homeWorkCommuteMedian":31091,"workHomeCommuteMedian":-1},"geometry":{"type":"Polygon","coordinates":[[[151.0144558236414,-33.76120679636273],[151.0144558236414,-33.75221359272548],[151.02344902727864,-33.75221359272548],[151.02344902727864,-33.76120679636273],[151.0144558236414,-33.76120679636273]]]}},{"type":"Feature","properties":{"jobs":81,"pop":1288,"pointCount":5,"homeWorkCommuteMedian":12894,"workHomeCommuteMedian":41323},"geometry":{"type":"Polygon","coordinates":[[[151.0144558236414,-33.75221359272548],[151.0144558236414,-33.743220389088236],[151.02344902727864,-33.743220389088236],[151.02344902727864,-33.75221359272548],[151.0144558236414,-33.75221359272548]]]}},{"type":"Feature","properties":{"jobs":108,"pop":617,"pointCount":3,"homeWorkCommuteMedian":33794,"workHomeCommuteMedian":11740},"geometry":{"type":"Polygon","coordinates":[[[151.0144558236414,-33.743220389088236],[151.0144558236414,-33.73422718545099],[151.02344902727864,-33.73422718545099],[151.02344902727864,-33.743220389088236],[151.0144558236414,-33.743220389088236]]]}},{"type":"Feature","properties":{"jobs":316,"pop":621,"pointCount":3,"homeWorkCommuteMedian":31749,"workHomeCommuteMedian":11828},"geometry":{"type":"Polygon","coordinates":[[[151.0144558236414,-33.73422718545099],[151.0144558236414,-33.725233981813744],[151.02344902727864,-33.725233981813744],[151.02344902727864,-33.73422718545099],[151.0144558236414,-33.73422718545099]]]}},{"type":"Feature","properties":{"jobs":330,"pop":764,"pointCount":3,"homeWorkCommuteMedian":29936,"workHomeCommuteMedian":12180},"geometry":{"type":"Polygon","coordinates":[[[151.0144558236414,-33.725233981813744],[151.0144558236414,-33.7162407781765],[151.02344902727864,-33.7162407781765],[151.02344902727864,-33.725233981813744],[151.0144558236414,-33.725233981813744]]]}},{"type":"Feature","properties":{"jobs":0,"pop":61,"pointCount":1,"homeWorkCommuteMedian":26499,"workHomeCommuteMedian":-1},"geometry":{"type":"Polygon","coordinates":[[[151.0144558236414,-33.7162407781765],[151.0144558236414,-33.70724757453925],[151.02344902727864,-33.70724757453925],[151.02344902727864,-33.7162407781765],[151.0144558236414,-33.7162407781765]]]}},{"type":"Feature","properties":{"jobs":656,"pop":62,"pointCount":1,"homeWorkCommuteMedian":24880,"workHomeCommuteMedian":8491},"geometry":{"type":"Polygon","coordinates":[[[151.0144558236414,-33.70724757453925],[151.0144558236414,-33.698254370902006],[151.02344902727864,-33.698254370902006],[151.02344902727864,-33.70724757453925],[151.0144558236414,-33.70724757453925]]]}},{"type":"Feature","properties":{"jobs":208,"pop":198,"pointCount":2,"homeWorkCommuteMedian":11583,"workHomeCommuteMedian":8667},"geometry":{"type":"Polygon","coordinates":[[[151.0144558236414,-33.698254370902006],[151.0144558236414,-33.68926116726476],[151.02344902727864,-33.68926116726476],[151.02344902727864,-33.698254370902006],[151.0144558236414,-33.698254370902006]]]}},{"type":"Feature","properties":{"jobs":261,"pop":78,"pointCount":1,"homeWorkCommuteMedian":46688,"workHomeCommuteMedian":21530},"geometry":{"type":"Polygon","coordinates":[[[151.0144558236414,-33.680267963627514],[151.0144558236414,-33.67127475999027],[151.02344902727864,-33.67127475999027],[151.02344902727864,-33.680267963627514],[151.0144558236414,-33.680267963627514]]]}},{"type":"Feature","properties":{"jobs":751,"pop":117,"pointCount":1,"homeWorkCommuteMedian":20775,"workHomeCommuteMedian":11719},"geometry":{"type":"Polygon","coordinates":[[[151.0144558236414,-33.67127475999027],[151.0144558236414,-33.66228155635302],[151.02344902727864,-33.66228155635302],[151.02344902727864,-33.67127475999027],[151.0144558236414,-33.67127475999027]]]}},{"type":"Feature","properties":{"jobs":0,"pop":57,"pointCount":1,"homeWorkCommuteMedian":41211,"workHomeCommuteMedian":-1},"geometry":{"type":"Polygon","coordinates":[[[151.0144558236414,-33.62630874180404],[151.0144558236414,-33.61731553816679],[151.02344902727864,-33.61731553816679],[151.02344902727864,-33.62630874180404],[151.0144558236414,-33.62630874180404]]]}},{"type":"Feature","properties":{"jobs":0,"pop":129,"pointCount":1,"homeWorkCommuteMedian":22822,"workHomeCommuteMedian":-1},"geometry":{"type":"Polygon","coordinates":[[[151.0144558236414,-33.60832233452955],[151.0144558236414,-33.5993291308923],[151.02344902727864,-33.5993291308923],[151.02344902727864,-33.60832233452955],[151.0144558236414,-33.60832233452955]]]}},{"type":"Feature","properties":{"jobs":127,"pop":174,"pointCount":1,"homeWorkCommuteMedian":15047,"workHomeCommuteMedian":29440},"geometry":{"type":"Polygon","coordinates":[[[151.0144558236414,-33.58134272361781],[151.0144558236414,-33.57234951998056],[151.02344902727864,-33.57234951998056],[151.02344902727864,-33.58134272361781],[151.0144558236414,-33.58134272361781]]]}},{"type":"Feature","properties":{"jobs":121,"pop":213,"pointCount":1,"homeWorkCommuteMedian":33076,"workHomeCommuteMedian":17846},"geometry":{"type":"Polygon","coordinates":[[[151.02344902727864,-34.06697572002909],[151.02344902727864,-34.057982516391846],[151.03244223091588,-34.057982516391846],[151.03244223091588,-34.06697572002909],[151.02344902727864,-34.06697572002909]]]}},{"type":"Feature","properties":{"jobs":0,"pop":618,"pointCount":2,"homeWorkCommuteMedian":25920,"workHomeCommuteMedian":-1},"geometry":{"type":"Polygon","coordinates":[[[151.02344902727864,-34.057982516391846],[151.02344902727864,-34.0489893127546],[151.03244223091588,-34.0489893127546],[151.03244223091588,-34.057982516391846],[151.02344902727864,-34.057982516391846]]]}},{"type":"Feature","properties":{"jobs":0,"pop":795,"pointCount":3,"homeWorkCommuteMedian":21021,"workHomeCommuteMedian":-1},"geometry":{"type":"Polygon","coordinates":[[[151.02344902727864,-34.0489893127546],[151.02344902727864,-34.039996109117354],[151.03244223091588,-34.039996109117354],[151.03244223091588,-34.0489893127546],[151.02344902727864,-34.0489893127546]]]}},{"type":"Feature","properties":{"jobs":0,"pop":1099,"pointCount":6,"homeWorkCommuteMedian":23182,"workHomeCommuteMedian":-1},"geometry":{"type":"Polygon","coordinates":[[[151.02344902727864,-34.039996109117354],[151.02344902727864,-34.03100290548011],[151.03244223091588,-34.03100290548011],[151.03244223091588,-34.039996109117354],[151.02344902727864,-34.039996109117354]]]}},{"type":"Feature","properties":{"jobs":225,"pop":359,"pointCount":2,"homeWorkCommuteMedian":28147,"workHomeCommuteMedian":8432},"geometry":{"type":"Polygon","coordinates":[[[151.02344902727864,-34.03100290548011],[151.02344902727864,-34.02200970184286],[151.03244223091588,-34.02200970184286],[151.03244223091588,-34.03100290548011],[151.02344902727864,-34.03100290548011]]]}},{"type":"Feature","properties":{"jobs":0,"pop":622,"pointCount":4,"homeWorkCommuteMedian":14272,"workHomeCommuteMedian":-1},"geometry":{"type":"Polygon","coordinates":[[[151.02344902727864,-34.02200970184286],[151.02344902727864,-34.013016498205616],[151.03244223091588,-34.013016498205616],[151.03244223091588,-34.02200970184286],[151.02344902727864,-34.02200970184286]]]}},{"type":"Feature","properties":{"jobs":0,"pop":491,"pointCount":2,"homeWorkCommuteMedian":27494,"workHomeCommuteMedian":-1},"geometry":{"type":"Polygon","coordinates":[[[151.02344902727864,-34.013016498205616],[151.02344902727864,-34.00402329456837],[151.03244223091588,-34.00402329456837],[151.03244223091588,-34.013016498205616],[151.02344902727864,-34.013016498205616]]]}},{"type":"Feature","properties":{"jobs":0,"pop":506,"pointCount":2,"homeWorkCommuteMedian":12922,"workHomeCommuteMedian":-1},"geometry":{"type":"Polygon","coordinates":[[[151.02344902727864,-34.00402329456837],[151.02344902727864,-33.995030090931124],[151.03244223091588,-33.995030090931124],[151.03244223091588,-34.00402329456837],[151.02344902727864,-34.00402329456837]]]}},{"type":"Feature","properties":{"jobs":0,"pop":598,"pointCount":3,"homeWorkCommuteMedian":22382,"workHomeCommuteMedian":-1},"geometry":{"type":"Polygon","coordinates":[[[151.02344902727864,-33.995030090931124],[151.02344902727864,-33.98603688729388],[151.03244223091588,-33.98603688729388],[151.03244223091588,-33.995030090931124],[151.02344902727864,-33.995030090931124]]]}},{"type":"Feature","properties":{"jobs":191,"pop":357,"pointCount":3,"homeWorkCommuteMedian":33250,"workHomeCommuteMedian":7547},"geometry":{"type":"Polygon","coordinates":[[[151.02344902727864,-33.98603688729388],[151.02344902727864,-33.97704368365663],[151.03244223091588,-33.97704368365663],[151.03244223091588,-33.98603688729388],[151.02344902727864,-33.98603688729388]]]}},{"type":"Feature","properties":{"jobs":0,"pop":124,"pointCount":1,"homeWorkCommuteMedian":27369,"workHomeCommuteMedian":-1},"geometry":{"type":"Polygon","coordinates":[[[151.02344902727864,-33.97704368365663],[151.02344902727864,-33.968050480019386],[151.03244223091588,-33.968050480019386],[151.03244223091588,-33.97704368365663],[151.02344902727864,-33.97704368365663]]]}},{"type":"Feature","properties":{"jobs":0,"pop":1297,"pointCount":6,"homeWorkCommuteMedian":27374,"workHomeCommuteMedian":-1},"geometry":{"type":"Polygon","coordinates":[[[151.02344902727864,-33.968050480019386],[151.02344902727864,-33.95905727638214],[151.03244223091588,-33.95905727638214],[151.03244223091588,-33.968050480019386],[151.02344902727864,-33.968050480019386]]]}},{"type":"Feature","properties":{"jobs":280,"pop":1391,"pointCount":6,"homeWorkCommuteMedian":9684,"workHomeCommuteMedian":6870},"geometry":{"type":"Polygon","coordinates":[[[151.02344902727864,-33.95905727638214],[151.02344902727864,-33.950064072744894],[151.03244223091588,-33.950064072744894],[151.03244223091588,-33.95905727638214],[151.02344902727864,-33.95905727638214]]]}},{"type":"Feature","properties":{"jobs":269,"pop":1187,"pointCount":5,"homeWorkCommuteMedian":17909,"workHomeCommuteMedian":19250},"geometry":{"type":"Polygon","coordinates":[[[151.02344902727864,-33.950064072744894],[151.02344902727864,-33.94107086910765],[151.03244223091588,-33.94107086910765],[151.03244223091588,-33.950064072744894],[151.02344902727864,-33.950064072744894]]]}},{"type":"Feature","properties":{"jobs":1555,"pop":720,"pointCount":4,"homeWorkCommuteMedian":26879,"workHomeCommuteMedian":17923},"geometry":{"type":"Polygon","coordinates":[[[151.02344902727864,-33.94107086910765],[151.02344902727864,-33.9320776654704],[151.03244223091588,-33.9320776654704],[151.03244223091588,-33.94107086910765],[151.02344902727864,-33.94107086910765]]]}},{"type":"Feature","properties":{"jobs":1089,"pop":1690,"pointCount":7,"homeWorkCommuteMedian":10110,"workHomeCommuteMedian":10423},"geometry":{"type":"Polygon","coordinates":[[[151.02344902727864,-33.9320776654704],[151.02344902727864,-33.923084461833156],[151.03244223091588,-33.923084461833156],[151.03244223091588,-33.9320776654704],[151.02344902727864,-33.9320776654704]]]}},{"type":"Feature","properties":{"jobs":1060,"pop":1417,"pointCount":6,"homeWorkCommuteMedian":19748,"workHomeCommuteMedian":9279},"geometry":{"type":"Polygon","coordinates":[[[151.02344902727864,-33.923084461833156],[151.02344902727864,-33.91409125819591],[151.03244223091588,-33.91409125819591],[151.03244223091588,-33.923084461833156],[151.02344902727864,-33.923084461833156]]]}},{"type":"Feature","properties":{"jobs":259,"pop":2298,"pointCount":5,"homeWorkCommuteMedian":14160,"workHomeCommuteMedian":9242},"geometry":{"type":"Polygon","coordinates":[[[151.02344902727864,-33.91409125819591],[151.02344902727864,-33.905098054558664],[151.03244223091588,-33.905098054558664],[151.03244223091588,-33.91409125819591],[151.02344902727864,-33.91409125819591]]]}},{"type":"Feature","properties":{"jobs":294,"pop":802,"pointCount":5,"homeWorkCommuteMedian":9166,"workHomeCommuteMedian":16849},"geometry":{"type":"Polygon","coordinates":[[[151.02344902727864,-33.905098054558664],[151.02344902727864,-33.89610485092142],[151.03244223091588,-33.89610485092142],[151.03244223091588,-33.905098054558664],[151.02344902727864,-33.905098054558664]]]}},{"type":"Feature","properties":{"jobs":336,"pop":659,"pointCount":2,"homeWorkCommuteMedian":11543,"workHomeCommuteMedian":5453},"geometry":{"type":"Polygon","coordinates":[[[151.02344902727864,-33.89610485092142],[151.02344902727864,-33.88711164728417],[151.03244223091588,-33.88711164728417],[151.03244223091588,-33.89610485092142],[151.02344902727864,-33.89610485092142]]]}},{"type":"Feature","properties":{"jobs":468,"pop":1620,"pointCount":7,"homeWorkCommuteMedian":24304,"workHomeCommuteMedian":7237},"geometry":{"type":"Polygon","coordinates":[[[151.02344902727864,-33.88711164728417],[151.02344902727864,-33.878118443646926],[151.03244223091588,-33.878118443646926],[151.03244223091588,-33.88711164728417],[151.02344902727864,-33.88711164728417]]]}},{"type":"Feature","properties":{"jobs":1215,"pop":1854,"pointCount":5,"homeWorkCommuteMedian":12180,"workHomeCommuteMedian":11591},"geometry":{"type":"Polygon","coordinates":[[[151.02344902727864,-33.878118443646926],[151.02344902727864,-33.86912524000968],[151.03244223091588,-33.86912524000968],[151.03244223091588,-33.878118443646926],[151.02344902727864,-33.878118443646926]]]}},{"type":"Feature","properties":{"jobs":125,"pop":911,"pointCount":5,"homeWorkCommuteMedian":12579,"workHomeCommuteMedian":34976},"geometry":{"type":"Polygon","coordinates":[[[151.02344902727864,-33.86912524000968],[151.02344902727864,-33.860132036372434],[151.03244223091588,-33.860132036372434],[151.03244223091588,-33.86912524000968],[151.02344902727864,-33.86912524000968]]]}},{"type":"Feature","properties":{"jobs":568,"pop":1482,"pointCount":5,"homeWorkCommuteMedian":15718,"workHomeCommuteMedian":42279},"geometry":{"type":"Polygon","coordinates":[[[151.02344902727864,-33.860132036372434],[151.02344902727864,-33.85113883273519],[151.03244223091588,-33.85113883273519],[151.03244223091588,-33.860132036372434],[151.02344902727864,-33.860132036372434]]]}},{"type":"Feature","properties":{"jobs":1992,"pop":2902,"pointCount":5,"homeWorkCommuteMedian":22574,"workHomeCommuteMedian":11991},"geometry":{"type":"Polygon","coordinates":[[[151.02344902727864,-33.85113883273519],[151.02344902727864,-33.84214562909794],[151.03244223091588,-33.84214562909794],[151.03244223091588,-33.85113883273519],[151.02344902727864,-33.85113883273519]]]}},{"type":"Feature","properties":{"jobs":2705,"pop":107,"pointCount":4,"homeWorkCommuteMedian":2440,"workHomeCommuteMedian":16890},"geometry":{"type":"Polygon","coordinates":[[[151.02344902727864,-33.84214562909794],[151.02344902727864,-33.833152425460696],[151.03244223091588,-33.833152425460696],[151.03244223091588,-33.84214562909794],[151.02344902727864,-33.84214562909794]]]}},{"type":"Feature","properties":{"jobs":1146,"pop":0,"pointCount":2,"homeWorkCommuteMedian":-1,"workHomeCommuteMedian":34951},"geometry":{"type":"Polygon","coordinates":[[[151.02344902727864,-33.82415922182345],[151.02344902727864,-33.815166018186204],[151.03244223091588,-33.815166018186204],[151.03244223091588,-33.82415922182345],[151.02344902727864,-33.82415922182345]]]}},{"type":"Feature","properties":{"jobs":7168,"pop":245,"pointCount":3,"homeWorkCommuteMedian":24499,"workHomeCommuteMedian":17493},"geometry":{"type":"Polygon","coordinates":[[[151.02344902727864,-33.815166018186204],[151.02344902727864,-33.80617281454896],[151.03244223091588,-33.80617281454896],[151.03244223091588,-33.815166018186204],[151.02344902727864,-33.815166018186204]]]}},{"type":"Feature","properties":{"jobs":608,"pop":573,"pointCount":3,"homeWorkCommuteMedian":22773,"workHomeCommuteMedian":8585},"geometry":{"type":"Polygon","coordinates":[[[151.02344902727864,-33.80617281454896],[151.02344902727864,-33.79717961091171],[151.03244223091588,-33.79717961091171],[151.03244223091588,-33.80617281454896],[151.02344902727864,-33.80617281454896]]]}},{"type":"Feature","properties":{"jobs":299,"pop":1171,"pointCount":6,"homeWorkCommuteMedian":14491,"workHomeCommuteMedian":12326},"geometry":{"type":"Polygon","coordinates":[[[151.02344902727864,-33.79717961091171],[151.02344902727864,-33.788186407274466],[151.03244223091588,-33.788186407274466],[151.03244223091588,-33.79717961091171],[151.02344902727864,-33.79717961091171]]]}},{"type":"Feature","properties":{"jobs":319,"pop":864,"pointCount":4,"homeWorkCommuteMedian":8675,"workHomeCommuteMedian":7482},"geometry":{"type":"Polygon","coordinates":[[[151.02344902727864,-33.788186407274466],[151.02344902727864,-33.77919320363722],[151.03244223091588,-33.77919320363722],[151.03244223091588,-33.788186407274466],[151.02344902727864,-33.788186407274466]]]}},{"type":"Feature","properties":{"jobs":401,"pop":812,"pointCount":4,"homeWorkCommuteMedian":8909,"workHomeCommuteMedian":7236},"geometry":{"type":"Polygon","coordinates":[[[151.02344902727864,-33.77919320363722],[151.02344902727864,-33.770199999999974],[151.03244223091588,-33.770199999999974],[151.03244223091588,-33.77919320363722],[151.02344902727864,-33.77919320363722]]]}},{"type":"Feature","properties":{"jobs":129,"pop":145,"pointCount":1,"homeWorkCommuteMedian":5571,"workHomeCommuteMedian":11984},"geometry":{"type":"Polygon","coordinates":[[[151.02344902727864,-33.770199999999974],[151.02344902727864,-33.76120679636273],[151.03244223091588,-33.76120679636273],[151.03244223091588,-33.770199999999974],[151.02344902727864,-33.770199999999974]]]}},{"type":"Feature","properties":{"jobs":0,"pop":746,"pointCount":4,"homeWorkCommuteMedian":14750,"workHomeCommuteMedian":-1},"geometry":{"type":"Polygon","coordinates":[[[151.02344902727864,-33.76120679636273],[151.02344902727864,-33.75221359272548],[151.03244223091588,-33.75221359272548],[151.03244223091588,-33.76120679636273],[151.02344902727864,-33.76120679636273]]]}},{"type":"Feature","properties":{"jobs":0,"pop":542,"pointCount":3,"homeWorkCommuteMedian":19884,"workHomeCommuteMedian":-1},"geometry":{"type":"Polygon","coordinates":[[[151.02344902727864,-33.75221359272548],[151.02344902727864,-33.743220389088236],[151.03244223091588,-33.743220389088236],[151.03244223091588,-33.75221359272548],[151.02344902727864,-33.75221359272548]]]}},{"type":"Feature","properties":{"jobs":0,"pop":1104,"pointCount":4,"homeWorkCommuteMedian":24032,"workHomeCommuteMedian":-1},"geometry":{"type":"Polygon","coordinates":[[[151.02344902727864,-33.743220389088236],[151.02344902727864,-33.73422718545099],[151.03244223091588,-33.73422718545099],[151.03244223091588,-33.743220389088236],[151.02344902727864,-33.743220389088236]]]}},{"type":"Feature","properties":{"jobs":0,"pop":1124,"pointCount":5,"homeWorkCommuteMedian":21559,"workHomeCommuteMedian":-1},"geometry":{"type":"Polygon","coordinates":[[[151.02344902727864,-33.73422718545099],[151.02344902727864,-33.725233981813744],[151.03244223091588,-33.725233981813744],[151.03244223091588,-33.73422718545099],[151.02344902727864,-33.73422718545099]]]}},{"type":"Feature","properties":{"jobs":348,"pop":1451,"pointCount":7,"homeWorkCommuteMedian":13934,"workHomeCommuteMedian":7483},"geometry":{"type":"Polygon","coordinates":[[[151.02344902727864,-33.725233981813744],[151.02344902727864,-33.7162407781765],[151.03244223091588,-33.7162407781765],[151.03244223091588,-33.725233981813744],[151.02344902727864,-33.725233981813744]]]}},{"type":"Feature","properties":{"jobs":130,"pop":1317,"pointCount":6,"homeWorkCommuteMedian":13807,"workHomeCommuteMedian":13081},"geometry":{"type":"Polygon","coordinates":[[[151.02344902727864,-33.7162407781765],[151.02344902727864,-33.70724757453925],[151.03244223091588,-33.70724757453925],[151.03244223091588,-33.7162407781765],[151.02344902727864,-33.7162407781765]]]}},{"type":"Feature","properties":{"jobs":580,"pop":0,"pointCount":1,"homeWorkCommuteMedian":-1,"workHomeCommuteMedian":17394},"geometry":{"type":"Polygon","coordinates":[[[151.02344902727864,-33.70724757453925],[151.02344902727864,-33.698254370902006],[151.03244223091588,-33.698254370902006],[151.03244223091588,-33.70724757453925],[151.02344902727864,-33.70724757453925]]]}},{"type":"Feature","properties":{"jobs":114,"pop":250,"pointCount":1,"homeWorkCommuteMedian":33484,"workHomeCommuteMedian":13666},"geometry":{"type":"Polygon","coordinates":[[[151.02344902727864,-33.698254370902006],[151.02344902727864,-33.68926116726476],[151.03244223091588,-33.68926116726476],[151.03244223091588,-33.698254370902006],[151.02344902727864,-33.698254370902006]]]}},{"type":"Feature","properties":{"jobs":283,"pop":93,"pointCount":1,"homeWorkCommuteMedian":22306,"workHomeCommuteMedian":35880},"geometry":{"type":"Polygon","coordinates":[[[151.02344902727864,-33.68926116726476],[151.02344902727864,-33.680267963627514],[151.03244223091588,-33.680267963627514],[151.03244223091588,-33.68926116726476],[151.02344902727864,-33.68926116726476]]]}},{"type":"Feature","properties":{"jobs":188,"pop":171,"pointCount":1,"homeWorkCommuteMedian":20392,"workHomeCommuteMedian":31372},"geometry":{"type":"Polygon","coordinates":[[[151.02344902727864,-33.67127475999027],[151.02344902727864,-33.66228155635302],[151.03244223091588,-33.66228155635302],[151.03244223091588,-33.67127475999027],[151.02344902727864,-33.67127475999027]]]}},{"type":"Feature","properties":{"jobs":0,"pop":86,"pointCount":1,"homeWorkCommuteMedian":8667,"workHomeCommuteMedian":-1},"geometry":{"type":"Polygon","coordinates":[[[151.02344902727864,-33.65328835271578],[151.02344902727864,-33.64429514907853],[151.03244223091588,-33.64429514907853],[151.03244223091588,-33.65328835271578],[151.02344902727864,-33.65328835271578]]]}},{"type":"Feature","properties":{"jobs":159,"pop":102,"pointCount":1,"homeWorkCommuteMedian":38427,"workHomeCommuteMedian":17144},"geometry":{"type":"Polygon","coordinates":[[[151.02344902727864,-33.62630874180404],[151.02344902727864,-33.61731553816679],[151.03244223091588,-33.61731553816679],[151.03244223091588,-33.62630874180404],[151.02344902727864,-33.62630874180404]]]}},{"type":"Feature","properties":{"jobs":0,"pop":71,"pointCount":1,"homeWorkCommuteMedian":26202,"workHomeCommuteMedian":-1},"geometry":{"type":"Polygon","coordinates":[[[151.02344902727864,-33.60832233452955],[151.02344902727864,-33.5993291308923],[151.03244223091588,-33.5993291308923],[151.03244223091588,-33.60832233452955],[151.02344902727864,-33.60832233452955]]]}},{"type":"Feature","properties":{"jobs":0,"pop":614,"pointCount":3,"homeWorkCommuteMedian":15151,"workHomeCommuteMedian":-1},"geometry":{"type":"Polygon","coordinates":[[[151.03244223091588,-34.057982516391846],[151.03244223091588,-34.0489893127546],[151.0414354345531,-34.0489893127546],[151.0414354345531,-34.057982516391846],[151.03244223091588,-34.057982516391846]]]}},{"type":"Feature","properties":{"jobs":118,"pop":254,"pointCount":1,"homeWorkCommuteMedian":46567,"workHomeCommuteMedian":4024},"geometry":{"type":"Polygon","coordinates":[[[151.03244223091588,-34.0489893127546],[151.03244223091588,-34.039996109117354],[151.0414354345531,-34.039996109117354],[151.0414354345531,-34.0489893127546],[151.03244223091588,-34.0489893127546]]]}},{"type":"Feature","properties":{"jobs":0,"pop":165,"pointCount":1,"homeWorkCommuteMedian":33400,"workHomeCommuteMedian":-1},"geometry":{"type":"Polygon","coordinates":[[[151.03244223091588,-34.039996109117354],[151.03244223091588,-34.03100290548011],[151.0414354345531,-34.03100290548011],[151.0414354345531,-34.039996109117354],[151.03244223091588,-34.039996109117354]]]}},{"type":"Feature","properties":{"jobs":0,"pop":446,"pointCount":2,"homeWorkCommuteMedian":29517,"workHomeCommuteMedian":-1},"geometry":{"type":"Polygon","coordinates":[[[151.03244223091588,-34.03100290548011],[151.03244223091588,-34.02200970184286],[151.0414354345531,-34.02200970184286],[151.0414354345531,-34.03100290548011],[151.03244223091588,-34.03100290548011]]]}},{"type":"Feature","properties":{"jobs":301,"pop":1023,"pointCount":5,"homeWorkCommuteMedian":29088,"workHomeCommuteMedian":13028},"geometry":{"type":"Polygon","coordinates":[[[151.03244223091588,-34.02200970184286],[151.03244223091588,-34.013016498205616],[151.0414354345531,-34.013016498205616],[151.0414354345531,-34.02200970184286],[151.03244223091588,-34.02200970184286]]]}},{"type":"Feature","properties":{"jobs":95,"pop":180,"pointCount":1,"homeWorkCommuteMedian":12933,"workHomeCommuteMedian":14098},"geometry":{"type":"Polygon","coordinates":[[[151.03244223091588,-34.013016498205616],[151.03244223091588,-34.00402329456837],[151.0414354345531,-34.00402329456837],[151.0414354345531,-34.013016498205616],[151.03244223091588,-34.013016498205616]]]}},{"type":"Feature","properties":{"jobs":77,"pop":1224,"pointCount":5,"homeWorkCommuteMedian":16385,"workHomeCommuteMedian":16638},"geometry":{"type":"Polygon","coordinates":[[[151.03244223091588,-34.00402329456837],[151.03244223091588,-33.995030090931124],[151.0414354345531,-33.995030090931124],[151.0414354345531,-34.00402329456837],[151.03244223091588,-34.00402329456837]]]}},{"type":"Feature","properties":{"jobs":194,"pop":216,"pointCount":1,"homeWorkCommuteMedian":30006,"workHomeCommuteMedian":26356},"geometry":{"type":"Polygon","coordinates":[[[151.03244223091588,-33.995030090931124],[151.03244223091588,-33.98603688729388],[151.0414354345531,-33.98603688729388],[151.0414354345531,-33.995030090931124],[151.03244223091588,-33.995030090931124]]]}},{"type":"Feature","properties":{"jobs":0,"pop":143,"pointCount":1,"homeWorkCommuteMedian":27664,"workHomeCommuteMedian":-1},"geometry":{"type":"Polygon","coordinates":[[[151.03244223091588,-33.98603688729388],[151.03244223091588,-33.97704368365663],[151.0414354345531,-33.97704368365663],[151.0414354345531,-33.98603688729388],[151.03244223091588,-33.98603688729388]]]}},{"type":"Feature","properties":{"jobs":170,"pop":622,"pointCount":4,"homeWorkCommuteMedian":16626,"workHomeCommuteMedian":48479},"geometry":{"type":"Polygon","coordinates":[[[151.03244223091588,-33.97704368365663],[151.03244223091588,-33.968050480019386],[151.0414354345531,-33.968050480019386],[151.0414354345531,-33.97704368365663],[151.03244223091588,-33.97704368365663]]]}},{"type":"Feature","properties":{"jobs":0,"pop":1683,"pointCount":5,"homeWorkCommuteMedian":19527,"workHomeCommuteMedian":-1},"geometry":{"type":"Polygon","coordinates":[[[151.03244223091588,-33.968050480019386],[151.03244223091588,-33.95905727638214],[151.0414354345531,-33.95905727638214],[151.0414354345531,-33.968050480019386],[151.03244223091588,-33.968050480019386]]]}},{"type":"Feature","properties":{"jobs":1002,"pop":1044,"pointCount":5,"homeWorkCommuteMedian":22261,"workHomeCommuteMedian":8821},"geometry":{"type":"Polygon","coordinates":[[[151.03244223091588,-33.95905727638214],[151.03244223091588,-33.950064072744894],[151.0414354345531,-33.950064072744894],[151.0414354345531,-33.95905727638214],[151.03244223091588,-33.95905727638214]]]}},{"type":"Feature","properties":{"jobs":2576,"pop":623,"pointCount":4,"homeWorkCommuteMedian":16030,"workHomeCommuteMedian":9986},"geometry":{"type":"Polygon","coordinates":[[[151.03244223091588,-33.950064072744894],[151.03244223091588,-33.94107086910765],[151.0414354345531,-33.94107086910765],[151.0414354345531,-33.950064072744894],[151.03244223091588,-33.950064072744894]]]}},{"type":"Feature","properties":{"jobs":2230,"pop":0,"pointCount":4,"homeWorkCommuteMedian":-1,"workHomeCommuteMedian":19952},"geometry":{"type":"Polygon","coordinates":[[[151.03244223091588,-33.94107086910765],[151.03244223091588,-33.9320776654704],[151.0414354345531,-33.9320776654704],[151.0414354345531,-33.94107086910765],[151.03244223091588,-33.94107086910765]]]}},{"type":"Feature","properties":{"jobs":457,"pop":1082,"pointCount":6,"homeWorkCommuteMedian":17365,"workHomeCommuteMedian":34232},"geometry":{"type":"Polygon","coordinates":[[[151.03244223091588,-33.9320776654704],[151.03244223091588,-33.923084461833156],[151.0414354345531,-33.923084461833156],[151.0414354345531,-33.9320776654704],[151.03244223091588,-33.9320776654704]]]}},{"type":"Feature","properties":{"jobs":11673,"pop":2680,"pointCount":6,"homeWorkCommuteMedian":23425,"workHomeCommuteMedian":15678},"geometry":{"type":"Polygon","coordinates":[[[151.03244223091588,-33.923084461833156],[151.03244223091588,-33.91409125819591],[151.0414354345531,-33.91409125819591],[151.0414354345531,-33.923084461833156],[151.03244223091588,-33.923084461833156]]]}},{"type":"Feature","properties":{"jobs":232,"pop":1100,"pointCount":3,"homeWorkCommuteMedian":20590,"workHomeCommuteMedian":4711},"geometry":{"type":"Polygon","coordinates":[[[151.03244223091588,-33.91409125819591],[151.03244223091588,-33.905098054558664],[151.0414354345531,-33.905098054558664],[151.0414354345531,-33.91409125819591],[151.03244223091588,-33.91409125819591]]]}},{"type":"Feature","properties":{"jobs":1083,"pop":776,"pointCount":4,"homeWorkCommuteMedian":2735,"workHomeCommuteMedian":12644},"geometry":{"type":"Polygon","coordinates":[[[151.03244223091588,-33.905098054558664],[151.03244223091588,-33.89610485092142],[151.0414354345531,-33.89610485092142],[151.0414354345531,-33.905098054558664],[151.03244223091588,-33.905098054558664]]]}},{"type":"Feature","properties":{"jobs":344,"pop":586,"pointCount":1,"homeWorkCommuteMedian":8278,"workHomeCommuteMedian":14800},"geometry":{"type":"Polygon","coordinates":[[[151.03244223091588,-33.89610485092142],[151.03244223091588,-33.88711164728417],[151.0414354345531,-33.88711164728417],[151.0414354345531,-33.89610485092142],[151.03244223091588,-33.89610485092142]]]}},{"type":"Feature","properties":{"jobs":458,"pop":759,"pointCount":5,"homeWorkCommuteMedian":10165,"workHomeCommuteMedian":8980},"geometry":{"type":"Polygon","coordinates":[[[151.03244223091588,-33.88711164728417],[151.03244223091588,-33.878118443646926],[151.0414354345531,-33.878118443646926],[151.0414354345531,-33.88711164728417],[151.03244223091588,-33.88711164728417]]]}},{"type":"Feature","properties":{"jobs":279,"pop":1207,"pointCount":5,"homeWorkCommuteMedian":11068,"workHomeCommuteMedian":16586},"geometry":{"type":"Polygon","coordinates":[[[151.03244223091588,-33.878118443646926],[151.03244223091588,-33.86912524000968],[151.0414354345531,-33.86912524000968],[151.0414354345531,-33.878118443646926],[151.03244223091588,-33.878118443646926]]]}},{"type":"Feature","properties":{"jobs":383,"pop":1920,"pointCount":7,"homeWorkCommuteMedian":14856,"workHomeCommuteMedian":10306},"geometry":{"type":"Polygon","coordinates":[[[151.03244223091588,-33.86912524000968],[151.03244223091588,-33.860132036372434],[151.0414354345531,-33.860132036372434],[151.0414354345531,-33.86912524000968],[151.03244223091588,-33.86912524000968]]]}},{"type":"Feature","properties":{"jobs":2122,"pop":1584,"pointCount":4,"homeWorkCommuteMedian":15484,"workHomeCommuteMedian":16496},"geometry":{"type":"Polygon","coordinates":[[[151.03244223091588,-33.860132036372434],[151.03244223091588,-33.85113883273519],[151.0414354345531,-33.85113883273519],[151.0414354345531,-33.860132036372434],[151.03244223091588,-33.860132036372434]]]}},{"type":"Feature","properties":{"jobs":692,"pop":3438,"pointCount":4,"homeWorkCommuteMedian":17053,"workHomeCommuteMedian":16047},"geometry":{"type":"Polygon","coordinates":[[[151.03244223091588,-33.85113883273519],[151.03244223091588,-33.84214562909794],[151.0414354345531,-33.84214562909794],[151.0414354345531,-33.85113883273519],[151.03244223091588,-33.85113883273519]]]}},{"type":"Feature","properties":{"jobs":1539,"pop":533,"pointCount":4,"homeWorkCommuteMedian":15674,"workHomeCommuteMedian":16342},"geometry":{"type":"Polygon","coordinates":[[[151.03244223091588,-33.84214562909794],[151.03244223091588,-33.833152425460696],[151.0414354345531,-33.833152425460696],[151.0414354345531,-33.84214562909794],[151.03244223091588,-33.84214562909794]]]}},{"type":"Feature","properties":{"jobs":1035,"pop":0,"pointCount":1,"homeWorkCommuteMedian":-1,"workHomeCommuteMedian":11361},"geometry":{"type":"Polygon","coordinates":[[[151.03244223091588,-33.833152425460696],[151.03244223091588,-33.82415922182345],[151.0414354345531,-33.82415922182345],[151.0414354345531,-33.833152425460696],[151.03244223091588,-33.833152425460696]]]}},{"type":"Feature","properties":{"jobs":2148,"pop":0,"pointCount":2,"homeWorkCommuteMedian":-1,"workHomeCommuteMedian":10488},"geometry":{"type":"Polygon","coordinates":[[[151.03244223091588,-33.82415922182345],[151.03244223091588,-33.815166018186204],[151.0414354345531,-33.815166018186204],[151.0414354345531,-33.82415922182345],[151.03244223091588,-33.82415922182345]]]}},{"type":"Feature","properties":{"jobs":4026,"pop":109,"pointCount":3,"homeWorkCommuteMedian":1409,"workHomeCommuteMedian":14779},"geometry":{"type":"Polygon","coordinates":[[[151.03244223091588,-33.815166018186204],[151.03244223091588,-33.80617281454896],[151.0414354345531,-33.80617281454896],[151.0414354345531,-33.815166018186204],[151.03244223091588,-33.815166018186204]]]}},{"type":"Feature","properties":{"jobs":176,"pop":1571,"pointCount":4,"homeWorkCommuteMedian":13265,"workHomeCommuteMedian":19762},"geometry":{"type":"Polygon","coordinates":[[[151.03244223091588,-33.80617281454896],[151.03244223091588,-33.79717961091171],[151.0414354345531,-33.79717961091171],[151.0414354345531,-33.80617281454896],[151.03244223091588,-33.80617281454896]]]}},{"type":"Feature","properties":{"jobs":0,"pop":1041,"pointCount":5,"homeWorkCommuteMedian":18859,"workHomeCommuteMedian":-1},"geometry":{"type":"Polygon","coordinates":[[[151.03244223091588,-33.79717961091171],[151.03244223091588,-33.788186407274466],[151.0414354345531,-33.788186407274466],[151.0414354345531,-33.79717961091171],[151.03244223091588,-33.79717961091171]]]}},{"type":"Feature","properties":{"jobs":184,"pop":1030,"pointCount":5,"homeWorkCommuteMedian":26172,"workHomeCommuteMedian":30971},"geometry":{"type":"Polygon","coordinates":[[[151.03244223091588,-33.788186407274466],[151.03244223091588,-33.77919320363722],[151.0414354345531,-33.77919320363722],[151.0414354345531,-33.788186407274466],[151.03244223091588,-33.788186407274466]]]}},{"type":"Feature","properties":{"jobs":0,"pop":1480,"pointCount":5,"homeWorkCommuteMedian":26879,"workHomeCommuteMedian":-1},"geometry":{"type":"Polygon","coordinates":[[[151.03244223091588,-33.77919320363722],[151.03244223091588,-33.770199999999974],[151.0414354345531,-33.770199999999974],[151.0414354345531,-33.77919320363722],[151.03244223091588,-33.77919320363722]]]}},{"type":"Feature","properties":{"jobs":444,"pop":799,"pointCount":3,"homeWorkCommuteMedian":25245,"workHomeCommuteMedian":2744},"geometry":{"type":"Polygon","coordinates":[[[151.03244223091588,-33.770199999999974],[151.03244223091588,-33.76120679636273],[151.0414354345531,-33.76120679636273],[151.0414354345531,-33.770199999999974],[151.03244223091588,-33.770199999999974]]]}},{"type":"Feature","properties":{"jobs":138,"pop":990,"pointCount":4,"homeWorkCommuteMedian":11359,"workHomeCommuteMedian":932},"geometry":{"type":"Polygon","coordinates":[[[151.03244223091588,-33.76120679636273],[151.03244223091588,-33.75221359272548],[151.0414354345531,-33.75221359272548],[151.0414354345531,-33.76120679636273],[151.03244223091588,-33.76120679636273]]]}},{"type":"Feature","properties":{"jobs":361,"pop":583,"pointCount":3,"homeWorkCommuteMedian":15677,"workHomeCommuteMedian":2368},"geometry":{"type":"Polygon","coordinates":[[[151.03244223091588,-33.75221359272548],[151.03244223091588,-33.743220389088236],[151.0414354345531,-33.743220389088236],[151.0414354345531,-33.75221359272548],[151.03244223091588,-33.75221359272548]]]}},{"type":"Feature","properties":{"jobs":109,"pop":665,"pointCount":3,"homeWorkCommuteMedian":17340,"workHomeCommuteMedian":3594},"geometry":{"type":"Polygon","coordinates":[[[151.03244223091588,-33.743220389088236],[151.03244223091588,-33.73422718545099],[151.0414354345531,-33.73422718545099],[151.0414354345531,-33.743220389088236],[151.03244223091588,-33.743220389088236]]]}},{"type":"Feature","properties":{"jobs":166,"pop":1518,"pointCount":6,"homeWorkCommuteMedian":15897,"workHomeCommuteMedian":3205},"geometry":{"type":"Polygon","coordinates":[[[151.03244223091588,-33.73422718545099],[151.03244223091588,-33.725233981813744],[151.0414354345531,-33.725233981813744],[151.0414354345531,-33.73422718545099],[151.03244223091588,-33.73422718545099]]]}},{"type":"Feature","properties":{"jobs":944,"pop":1294,"pointCount":7,"homeWorkCommuteMedian":21091,"workHomeCommuteMedian":15153},"geometry":{"type":"Polygon","coordinates":[[[151.03244223091588,-33.725233981813744],[151.03244223091588,-33.7162407781765],[151.0414354345531,-33.7162407781765],[151.0414354345531,-33.725233981813744],[151.03244223091588,-33.725233981813744]]]}},{"type":"Feature","properties":{"jobs":121,"pop":301,"pointCount":2,"homeWorkCommuteMedian":14878,"workHomeCommuteMedian":11109},"geometry":{"type":"Polygon","coordinates":[[[151.03244223091588,-33.7162407781765],[151.03244223091588,-33.70724757453925],[151.0414354345531,-33.70724757453925],[151.0414354345531,-33.7162407781765],[151.03244223091588,-33.7162407781765]]]}},{"type":"Feature","properties":{"jobs":0,"pop":109,"pointCount":1,"homeWorkCommuteMedian":25655,"workHomeCommuteMedian":-1},"geometry":{"type":"Polygon","coordinates":[[[151.03244223091588,-33.68926116726476],[151.03244223091588,-33.680267963627514],[151.0414354345531,-33.680267963627514],[151.0414354345531,-33.68926116726476],[151.03244223091588,-33.68926116726476]]]}},{"type":"Feature","properties":{"jobs":134,"pop":158,"pointCount":1,"homeWorkCommuteMedian":29045,"workHomeCommuteMedian":15949},"geometry":{"type":"Polygon","coordinates":[[[151.03244223091588,-33.680267963627514],[151.03244223091588,-33.67127475999027],[151.0414354345531,-33.67127475999027],[151.0414354345531,-33.680267963627514],[151.03244223091588,-33.680267963627514]]]}},{"type":"Feature","properties":{"jobs":0,"pop":197,"pointCount":1,"homeWorkCommuteMedian":16929,"workHomeCommuteMedian":-1},"geometry":{"type":"Polygon","coordinates":[[[151.03244223091588,-33.65328835271578],[151.03244223091588,-33.64429514907853],[151.0414354345531,-33.64429514907853],[151.0414354345531,-33.65328835271578],[151.03244223091588,-33.65328835271578]]]}},{"type":"Feature","properties":{"jobs":462,"pop":155,"pointCount":1,"homeWorkCommuteMedian":14868,"workHomeCommuteMedian":30085},"geometry":{"type":"Polygon","coordinates":[[[151.03244223091588,-33.64429514907853],[151.03244223091588,-33.635301945441284],[151.0414354345531,-33.635301945441284],[151.0414354345531,-33.64429514907853],[151.03244223091588,-33.64429514907853]]]}},{"type":"Feature","properties":{"jobs":0,"pop":199,"pointCount":1,"homeWorkCommuteMedian":17537,"workHomeCommuteMedian":-1},"geometry":{"type":"Polygon","coordinates":[[[151.03244223091588,-33.62630874180404],[151.03244223091588,-33.61731553816679],[151.0414354345531,-33.61731553816679],[151.0414354345531,-33.62630874180404],[151.03244223091588,-33.62630874180404]]]}},{"type":"Feature","properties":{"jobs":159,"pop":55,"pointCount":1,"homeWorkCommuteMedian":54258,"workHomeCommuteMedian":30230},"geometry":{"type":"Polygon","coordinates":[[[151.03244223091588,-33.53637670543158],[151.03244223091588,-33.52738350179433],[151.0414354345531,-33.52738350179433],[151.0414354345531,-33.53637670543158],[151.03244223091588,-33.53637670543158]]]}},{"type":"Feature","properties":{"jobs":192,"pop":102,"pointCount":1,"homeWorkCommuteMedian":23797,"workHomeCommuteMedian":50772},"geometry":{"type":"Polygon","coordinates":[[[151.03244223091588,-33.4824174836081],[151.03244223091588,-33.47342427997086],[151.0414354345531,-33.47342427997086],[151.0414354345531,-33.4824174836081],[151.03244223091588,-33.4824174836081]]]}},{"type":"Feature","properties":{"jobs":0,"pop":307,"pointCount":2,"homeWorkCommuteMedian":5848,"workHomeCommuteMedian":-1},"geometry":{"type":"Polygon","coordinates":[[[151.0414354345531,-34.057982516391846],[151.0414354345531,-34.0489893127546],[151.05042863819034,-34.0489893127546],[151.05042863819034,-34.057982516391846],[151.0414354345531,-34.057982516391846]]]}},{"type":"Feature","properties":{"jobs":387,"pop":1182,"pointCount":6,"homeWorkCommuteMedian":25430,"workHomeCommuteMedian":18555},"geometry":{"type":"Polygon","coordinates":[[[151.0414354345531,-34.0489893127546],[151.0414354345531,-34.039996109117354],[151.05042863819034,-34.039996109117354],[151.05042863819034,-34.0489893127546],[151.0414354345531,-34.0489893127546]]]}},{"type":"Feature","properties":{"jobs":323,"pop":222,"pointCount":2,"homeWorkCommuteMedian":32199,"workHomeCommuteMedian":4249},"geometry":{"type":"Polygon","coordinates":[[[151.0414354345531,-34.039996109117354],[151.0414354345531,-34.03100290548011],[151.05042863819034,-34.03100290548011],[151.05042863819034,-34.039996109117354],[151.0414354345531,-34.039996109117354]]]}},{"type":"Feature","properties":{"jobs":0,"pop":436,"pointCount":2,"homeWorkCommuteMedian":24354,"workHomeCommuteMedian":-1},"geometry":{"type":"Polygon","coordinates":[[[151.0414354345531,-34.03100290548011],[151.0414354345531,-34.02200970184286],[151.05042863819034,-34.02200970184286],[151.05042863819034,-34.03100290548011],[151.0414354345531,-34.03100290548011]]]}},{"type":"Feature","properties":{"jobs":0,"pop":201,"pointCount":1,"homeWorkCommuteMedian":37599,"workHomeCommuteMedian":-1},"geometry":{"type":"Polygon","coordinates":[[[151.0414354345531,-34.02200970184286],[151.0414354345531,-34.013016498205616],[151.05042863819034,-34.013016498205616],[151.05042863819034,-34.02200970184286],[151.0414354345531,-34.02200970184286]]]}},{"type":"Feature","properties":{"jobs":0,"pop":82,"pointCount":1,"homeWorkCommuteMedian":25486,"workHomeCommuteMedian":-1},"geometry":{"type":"Polygon","coordinates":[[[151.0414354345531,-34.013016498205616],[151.0414354345531,-34.00402329456837],[151.05042863819034,-34.00402329456837],[151.05042863819034,-34.013016498205616],[151.0414354345531,-34.013016498205616]]]}},{"type":"Feature","properties":{"jobs":417,"pop":857,"pointCount":4,"homeWorkCommuteMedian":31948,"workHomeCommuteMedian":3526},"geometry":{"type":"Polygon","coordinates":[[[151.0414354345531,-34.00402329456837],[151.0414354345531,-33.995030090931124],[151.05042863819034,-33.995030090931124],[151.05042863819034,-34.00402329456837],[151.0414354345531,-34.00402329456837]]]}},{"type":"Feature","properties":{"jobs":0,"pop":606,"pointCount":3,"homeWorkCommuteMedian":12199,"workHomeCommuteMedian":-1},"geometry":{"type":"Polygon","coordinates":[[[151.0414354345531,-33.995030090931124],[151.0414354345531,-33.98603688729388],[151.05042863819034,-33.98603688729388],[151.05042863819034,-33.995030090931124],[151.0414354345531,-33.995030090931124]]]}},{"type":"Feature","properties":{"jobs":75,"pop":956,"pointCount":4,"homeWorkCommuteMedian":23755,"workHomeCommuteMedian":17810},"geometry":{"type":"Polygon","coordinates":[[[151.0414354345531,-33.98603688729388],[151.0414354345531,-33.97704368365663],[151.05042863819034,-33.97704368365663],[151.05042863819034,-33.98603688729388],[151.0414354345531,-33.98603688729388]]]}},{"type":"Feature","properties":{"jobs":0,"pop":527,"pointCount":3,"homeWorkCommuteMedian":23485,"workHomeCommuteMedian":-1},"geometry":{"type":"Polygon","coordinates":[[[151.0414354345531,-33.97704368365663],[151.0414354345531,-33.968050480019386],[151.05042863819034,-33.968050480019386],[151.05042863819034,-33.97704368365663],[151.0414354345531,-33.97704368365663]]]}},{"type":"Feature","properties":{"jobs":460,"pop":1217,"pointCount":5,"homeWorkCommuteMedian":21565,"workHomeCommuteMedian":22562},"geometry":{"type":"Polygon","coordinates":[[[151.0414354345531,-33.968050480019386],[151.0414354345531,-33.95905727638214],[151.05042863819034,-33.95905727638214],[151.05042863819034,-33.968050480019386],[151.0414354345531,-33.968050480019386]]]}},{"type":"Feature","properties":{"jobs":0,"pop":810,"pointCount":3,"homeWorkCommuteMedian":14496,"workHomeCommuteMedian":-1},"geometry":{"type":"Polygon","coordinates":[[[151.0414354345531,-33.95905727638214],[151.0414354345531,-33.950064072744894],[151.05042863819034,-33.950064072744894],[151.05042863819034,-33.95905727638214],[151.0414354345531,-33.95905727638214]]]}},{"type":"Feature","properties":{"jobs":237,"pop":640,"pointCount":2,"homeWorkCommuteMedian":10497,"workHomeCommuteMedian":8514},"geometry":{"type":"Polygon","coordinates":[[[151.0414354345531,-33.950064072744894],[151.0414354345531,-33.94107086910765],[151.05042863819034,-33.94107086910765],[151.05042863819034,-33.950064072744894],[151.0414354345531,-33.950064072744894]]]}},{"type":"Feature","properties":{"jobs":151,"pop":832,"pointCount":4,"homeWorkCommuteMedian":14948,"workHomeCommuteMedian":8713},"geometry":{"type":"Polygon","coordinates":[[[151.0414354345531,-33.94107086910765],[151.0414354345531,-33.9320776654704],[151.05042863819034,-33.9320776654704],[151.05042863819034,-33.94107086910765],[151.0414354345531,-33.94107086910765]]]}},{"type":"Feature","properties":{"jobs":118,"pop":798,"pointCount":4,"homeWorkCommuteMedian":8948,"workHomeCommuteMedian":7258},"geometry":{"type":"Polygon","coordinates":[[[151.0414354345531,-33.9320776654704],[151.0414354345531,-33.923084461833156],[151.05042863819034,-33.923084461833156],[151.05042863819034,-33.9320776654704],[151.0414354345531,-33.9320776654704]]]}},{"type":"Feature","properties":{"jobs":857,"pop":1312,"pointCount":4,"homeWorkCommuteMedian":22970,"workHomeCommuteMedian":8051},"geometry":{"type":"Polygon","coordinates":[[[151.0414354345531,-33.923084461833156],[151.0414354345531,-33.91409125819591],[151.05042863819034,-33.91409125819591],[151.05042863819034,-33.923084461833156],[151.0414354345531,-33.923084461833156]]]}},{"type":"Feature","properties":{"jobs":797,"pop":1625,"pointCount":4,"homeWorkCommuteMedian":19752,"workHomeCommuteMedian":3699},"geometry":{"type":"Polygon","coordinates":[[[151.0414354345531,-33.91409125819591],[151.0414354345531,-33.905098054558664],[151.05042863819034,-33.905098054558664],[151.05042863819034,-33.91409125819591],[151.0414354345531,-33.91409125819591]]]}},{"type":"Feature","properties":{"jobs":3124,"pop":311,"pointCount":3,"homeWorkCommuteMedian":24702,"workHomeCommuteMedian":15285},"geometry":{"type":"Polygon","coordinates":[[[151.0414354345531,-33.905098054558664],[151.0414354345531,-33.89610485092142],[151.05042863819034,-33.89610485092142],[151.05042863819034,-33.905098054558664],[151.0414354345531,-33.905098054558664]]]}},{"type":"Feature","properties":{"jobs":847,"pop":1120,"pointCount":6,"homeWorkCommuteMedian":15268,"workHomeCommuteMedian":13204},"geometry":{"type":"Polygon","coordinates":[[[151.0414354345531,-33.88711164728417],[151.0414354345531,-33.878118443646926],[151.05042863819034,-33.878118443646926],[151.05042863819034,-33.88711164728417],[151.0414354345531,-33.88711164728417]]]}},{"type":"Feature","properties":{"jobs":387,"pop":706,"pointCount":3,"homeWorkCommuteMedian":8562,"workHomeCommuteMedian":19543},"geometry":{"type":"Polygon","coordinates":[[[151.0414354345531,-33.878118443646926],[151.0414354345531,-33.86912524000968],[151.05042863819034,-33.86912524000968],[151.05042863819034,-33.878118443646926],[151.0414354345531,-33.878118443646926]]]}},{"type":"Feature","properties":{"jobs":938,"pop":2677,"pointCount":4,"homeWorkCommuteMedian":17826,"workHomeCommuteMedian":22378},"geometry":{"type":"Polygon","coordinates":[[[151.0414354345531,-33.86912524000968],[151.0414354345531,-33.860132036372434],[151.05042863819034,-33.860132036372434],[151.05042863819034,-33.86912524000968],[151.0414354345531,-33.86912524000968]]]}},{"type":"Feature","properties":{"jobs":898,"pop":1279,"pointCount":3,"homeWorkCommuteMedian":16978,"workHomeCommuteMedian":12635},"geometry":{"type":"Polygon","coordinates":[[[151.0414354345531,-33.860132036372434],[151.0414354345531,-33.85113883273519],[151.05042863819034,-33.85113883273519],[151.05042863819034,-33.860132036372434],[151.0414354345531,-33.860132036372434]]]}},{"type":"Feature","properties":{"jobs":5276,"pop":365,"pointCount":5,"homeWorkCommuteMedian":19056,"workHomeCommuteMedian":12049},"geometry":{"type":"Polygon","coordinates":[[[151.0414354345531,-33.85113883273519],[151.0414354345531,-33.84214562909794],[151.05042863819034,-33.84214562909794],[151.05042863819034,-33.85113883273519],[151.0414354345531,-33.85113883273519]]]}},{"type":"Feature","properties":{"jobs":814,"pop":662,"pointCount":3,"homeWorkCommuteMedian":20438,"workHomeCommuteMedian":10136},"geometry":{"type":"Polygon","coordinates":[[[151.0414354345531,-33.84214562909794],[151.0414354345531,-33.833152425460696],[151.05042863819034,-33.833152425460696],[151.05042863819034,-33.84214562909794],[151.0414354345531,-33.84214562909794]]]}},{"type":"Feature","properties":{"jobs":3056,"pop":0,"pointCount":1,"homeWorkCommuteMedian":-1,"workHomeCommuteMedian":18201},"geometry":{"type":"Polygon","coordinates":[[[151.0414354345531,-33.833152425460696],[151.0414354345531,-33.82415922182345],[151.05042863819034,-33.82415922182345],[151.05042863819034,-33.833152425460696],[151.0414354345531,-33.833152425460696]]]}},{"type":"Feature","properties":{"jobs":511,"pop":529,"pointCount":3,"homeWorkCommuteMedian":2887,"workHomeCommuteMedian":26195},"geometry":{"type":"Polygon","coordinates":[[[151.0414354345531,-33.82415922182345],[151.0414354345531,-33.815166018186204],[151.05042863819034,-33.815166018186204],[151.05042863819034,-33.82415922182345],[151.0414354345531,-33.82415922182345]]]}},{"type":"Feature","properties":{"jobs":1074,"pop":2395,"pointCount":6,"homeWorkCommuteMedian":14516,"workHomeCommuteMedian":19979},"geometry":{"type":"Polygon","coordinates":[[[151.0414354345531,-33.815166018186204],[151.0414354345531,-33.80617281454896],[151.05042863819034,-33.80617281454896],[151.05042863819034,-33.815166018186204],[151.0414354345531,-33.815166018186204]]]}},{"type":"Feature","properties":{"jobs":461,"pop":995,"pointCount":4,"homeWorkCommuteMedian":20944,"workHomeCommuteMedian":15968},"geometry":{"type":"Polygon","coordinates":[[[151.0414354345531,-33.80617281454896],[151.0414354345531,-33.79717961091171],[151.05042863819034,-33.79717961091171],[151.05042863819034,-33.80617281454896],[151.0414354345531,-33.80617281454896]]]}},{"type":"Feature","properties":{"jobs":0,"pop":1238,"pointCount":5,"homeWorkCommuteMedian":9128,"workHomeCommuteMedian":-1},"geometry":{"type":"Polygon","coordinates":[[[151.0414354345531,-33.79717961091171],[151.0414354345531,-33.788186407274466],[151.05042863819034,-33.788186407274466],[151.05042863819034,-33.79717961091171],[151.0414354345531,-33.79717961091171]]]}},{"type":"Feature","properties":{"jobs":451,"pop":2324,"pointCount":5,"homeWorkCommuteMedian":9931,"workHomeCommuteMedian":13323},"geometry":{"type":"Polygon","coordinates":[[[151.0414354345531,-33.788186407274466],[151.0414354345531,-33.77919320363722],[151.05042863819034,-33.77919320363722],[151.05042863819034,-33.788186407274466],[151.0414354345531,-33.788186407274466]]]}},{"type":"Feature","properties":{"jobs":221,"pop":1457,"pointCount":4,"homeWorkCommuteMedian":6962,"workHomeCommuteMedian":3180},"geometry":{"type":"Polygon","coordinates":[[[151.0414354345531,-33.77919320363722],[151.0414354345531,-33.770199999999974],[151.05042863819034,-33.770199999999974],[151.05042863819034,-33.77919320363722],[151.0414354345531,-33.77919320363722]]]}},{"type":"Feature","properties":{"jobs":117,"pop":504,"pointCount":2,"homeWorkCommuteMedian":18010,"workHomeCommuteMedian":12529},"geometry":{"type":"Polygon","coordinates":[[[151.0414354345531,-33.770199999999974],[151.0414354345531,-33.76120679636273],[151.05042863819034,-33.76120679636273],[151.05042863819034,-33.770199999999974],[151.0414354345531,-33.770199999999974]]]}},{"type":"Feature","properties":{"jobs":0,"pop":634,"pointCount":3,"homeWorkCommuteMedian":14567,"workHomeCommuteMedian":-1},"geometry":{"type":"Polygon","coordinates":[[[151.0414354345531,-33.76120679636273],[151.0414354345531,-33.75221359272548],[151.05042863819034,-33.75221359272548],[151.05042863819034,-33.76120679636273],[151.0414354345531,-33.76120679636273]]]}},{"type":"Feature","properties":{"jobs":364,"pop":800,"pointCount":4,"homeWorkCommuteMedian":9478,"workHomeCommuteMedian":4294},"geometry":{"type":"Polygon","coordinates":[[[151.0414354345531,-33.75221359272548],[151.0414354345531,-33.743220389088236],[151.05042863819034,-33.743220389088236],[151.05042863819034,-33.75221359272548],[151.0414354345531,-33.75221359272548]]]}},{"type":"Feature","properties":{"jobs":344,"pop":903,"pointCount":5,"homeWorkCommuteMedian":15238,"workHomeCommuteMedian":11542},"geometry":{"type":"Polygon","coordinates":[[[151.0414354345531,-33.743220389088236],[151.0414354345531,-33.73422718545099],[151.05042863819034,-33.73422718545099],[151.05042863819034,-33.743220389088236],[151.0414354345531,-33.743220389088236]]]}},{"type":"Feature","properties":{"jobs":0,"pop":639,"pointCount":3,"homeWorkCommuteMedian":18976,"workHomeCommuteMedian":-1},"geometry":{"type":"Polygon","coordinates":[[[151.0414354345531,-33.73422718545099],[151.0414354345531,-33.725233981813744],[151.05042863819034,-33.725233981813744],[151.05042863819034,-33.73422718545099],[151.0414354345531,-33.73422718545099]]]}},{"type":"Feature","properties":{"jobs":737,"pop":805,"pointCount":5,"homeWorkCommuteMedian":21116,"workHomeCommuteMedian":12097},"geometry":{"type":"Polygon","coordinates":[[[151.0414354345531,-33.725233981813744],[151.0414354345531,-33.7162407781765],[151.05042863819034,-33.7162407781765],[151.05042863819034,-33.725233981813744],[151.0414354345531,-33.725233981813744]]]}},{"type":"Feature","properties":{"jobs":132,"pop":1085,"pointCount":7,"homeWorkCommuteMedian":22534,"workHomeCommuteMedian":13419},"geometry":{"type":"Polygon","coordinates":[[[151.0414354345531,-33.7162407781765],[151.0414354345531,-33.70724757453925],[151.05042863819034,-33.70724757453925],[151.05042863819034,-33.7162407781765],[151.0414354345531,-33.7162407781765]]]}},{"type":"Feature","properties":{"jobs":923,"pop":107,"pointCount":1,"homeWorkCommuteMedian":36844,"workHomeCommuteMedian":15033},"geometry":{"type":"Polygon","coordinates":[[[151.0414354345531,-33.70724757453925],[151.0414354345531,-33.698254370902006],[151.05042863819034,-33.698254370902006],[151.05042863819034,-33.70724757453925],[151.0414354345531,-33.70724757453925]]]}},{"type":"Feature","properties":{"jobs":174,"pop":57,"pointCount":1,"homeWorkCommuteMedian":21462,"workHomeCommuteMedian":15047},"geometry":{"type":"Polygon","coordinates":[[[151.0414354345531,-33.698254370902006],[151.0414354345531,-33.68926116726476],[151.05042863819034,-33.68926116726476],[151.05042863819034,-33.698254370902006],[151.0414354345531,-33.698254370902006]]]}},{"type":"Feature","properties":{"jobs":97,"pop":89,"pointCount":1,"homeWorkCommuteMedian":5831,"workHomeCommuteMedian":23911},"geometry":{"type":"Polygon","coordinates":[[[151.0414354345531,-33.66228155635302],[151.0414354345531,-33.65328835271578],[151.05042863819034,-33.65328835271578],[151.05042863819034,-33.66228155635302],[151.0414354345531,-33.66228155635302]]]}},{"type":"Feature","properties":{"jobs":0,"pop":347,"pointCount":2,"homeWorkCommuteMedian":19411,"workHomeCommuteMedian":-1},"geometry":{"type":"Polygon","coordinates":[[[151.0414354345531,-33.65328835271578],[151.0414354345531,-33.64429514907853],[151.05042863819034,-33.64429514907853],[151.05042863819034,-33.65328835271578],[151.0414354345531,-33.65328835271578]]]}},{"type":"Feature","properties":{"jobs":0,"pop":138,"pointCount":1,"homeWorkCommuteMedian":17469,"workHomeCommuteMedian":-1},"geometry":{"type":"Polygon","coordinates":[[[151.0414354345531,-33.62630874180404],[151.0414354345531,-33.61731553816679],[151.05042863819034,-33.61731553816679],[151.05042863819034,-33.62630874180404],[151.0414354345531,-33.62630874180404]]]}},{"type":"Feature","properties":{"jobs":0,"pop":121,"pointCount":1,"homeWorkCommuteMedian":20525,"workHomeCommuteMedian":-1},"geometry":{"type":"Polygon","coordinates":[[[151.0414354345531,-33.60832233452955],[151.0414354345531,-33.5993291308923],[151.05042863819034,-33.5993291308923],[151.05042863819034,-33.60832233452955],[151.0414354345531,-33.60832233452955]]]}},{"type":"Feature","properties":{"jobs":0,"pop":137,"pointCount":1,"homeWorkCommuteMedian":8245,"workHomeCommuteMedian":-1},"geometry":{"type":"Polygon","coordinates":[[[151.05042863819034,-34.0489893127546],[151.05042863819034,-34.039996109117354],[151.05942184182757,-34.039996109117354],[151.05942184182757,-34.0489893127546],[151.05042863819034,-34.0489893127546]]]}},{"type":"Feature","properties":{"jobs":358,"pop":825,"pointCount":2,"homeWorkCommuteMedian":24591,"workHomeCommuteMedian":13551},"geometry":{"type":"Polygon","coordinates":[[[151.05042863819034,-34.039996109117354],[151.05042863819034,-34.03100290548011],[151.05942184182757,-34.03100290548011],[151.05942184182757,-34.039996109117354],[151.05042863819034,-34.039996109117354]]]}},{"type":"Feature","properties":{"jobs":123,"pop":1152,"pointCount":5,"homeWorkCommuteMedian":6662,"workHomeCommuteMedian":7646},"geometry":{"type":"Polygon","coordinates":[[[151.05042863819034,-34.03100290548011],[151.05042863819034,-34.02200970184286],[151.05942184182757,-34.02200970184286],[151.05942184182757,-34.03100290548011],[151.05042863819034,-34.03100290548011]]]}},{"type":"Feature","properties":{"jobs":137,"pop":412,"pointCount":2,"homeWorkCommuteMedian":15349,"workHomeCommuteMedian":4010},"geometry":{"type":"Polygon","coordinates":[[[151.05042863819034,-34.02200970184286],[151.05042863819034,-34.013016498205616],[151.05942184182757,-34.013016498205616],[151.05942184182757,-34.02200970184286],[151.05042863819034,-34.02200970184286]]]}},{"type":"Feature","properties":{"jobs":0,"pop":886,"pointCount":4,"homeWorkCommuteMedian":22189,"workHomeCommuteMedian":-1},"geometry":{"type":"Polygon","coordinates":[[[151.05042863819034,-34.013016498205616],[151.05042863819034,-34.00402329456837],[151.05942184182757,-34.00402329456837],[151.05942184182757,-34.013016498205616],[151.05042863819034,-34.013016498205616]]]}},{"type":"Feature","properties":{"jobs":185,"pop":359,"pointCount":2,"homeWorkCommuteMedian":25511,"workHomeCommuteMedian":4062},"geometry":{"type":"Polygon","coordinates":[[[151.05042863819034,-34.00402329456837],[151.05042863819034,-33.995030090931124],[151.05942184182757,-33.995030090931124],[151.05942184182757,-34.00402329456837],[151.05042863819034,-34.00402329456837]]]}},{"type":"Feature","properties":{"jobs":0,"pop":255,"pointCount":1,"homeWorkCommuteMedian":12152,"workHomeCommuteMedian":-1},"geometry":{"type":"Polygon","coordinates":[[[151.05042863819034,-33.995030090931124],[151.05042863819034,-33.98603688729388],[151.05942184182757,-33.98603688729388],[151.05942184182757,-33.995030090931124],[151.05042863819034,-33.995030090931124]]]}},{"type":"Feature","properties":{"jobs":205,"pop":417,"pointCount":3,"homeWorkCommuteMedian":8043,"workHomeCommuteMedian":38787},"geometry":{"type":"Polygon","coordinates":[[[151.05042863819034,-33.98603688729388],[151.05042863819034,-33.97704368365663],[151.05942184182757,-33.97704368365663],[151.05942184182757,-33.98603688729388],[151.05042863819034,-33.98603688729388]]]}},{"type":"Feature","properties":{"jobs":213,"pop":659,"pointCount":4,"homeWorkCommuteMedian":18190,"workHomeCommuteMedian":4929},"geometry":{"type":"Polygon","coordinates":[[[151.05042863819034,-33.97704368365663],[151.05042863819034,-33.968050480019386],[151.05942184182757,-33.968050480019386],[151.05942184182757,-33.97704368365663],[151.05042863819034,-33.97704368365663]]]}},{"type":"Feature","properties":{"jobs":758,"pop":1695,"pointCount":6,"homeWorkCommuteMedian":8546,"workHomeCommuteMedian":8012},"geometry":{"type":"Polygon","coordinates":[[[151.05042863819034,-33.968050480019386],[151.05042863819034,-33.95905727638214],[151.05942184182757,-33.95905727638214],[151.05942184182757,-33.968050480019386],[151.05042863819034,-33.968050480019386]]]}},{"type":"Feature","properties":{"jobs":95,"pop":1030,"pointCount":2,"homeWorkCommuteMedian":19249,"workHomeCommuteMedian":9117},"geometry":{"type":"Polygon","coordinates":[[[151.05042863819034,-33.95905727638214],[151.05042863819034,-33.950064072744894],[151.05942184182757,-33.950064072744894],[151.05942184182757,-33.95905727638214],[151.05042863819034,-33.95905727638214]]]}},{"type":"Feature","properties":{"jobs":276,"pop":1504,"pointCount":4,"homeWorkCommuteMedian":14172,"workHomeCommuteMedian":21135},"geometry":{"type":"Polygon","coordinates":[[[151.05042863819034,-33.950064072744894],[151.05042863819034,-33.94107086910765],[151.05942184182757,-33.94107086910765],[151.05942184182757,-33.950064072744894],[151.05042863819034,-33.950064072744894]]]}},{"type":"Feature","properties":{"jobs":1146,"pop":1361,"pointCount":6,"homeWorkCommuteMedian":15411,"workHomeCommuteMedian":7630},"geometry":{"type":"Polygon","coordinates":[[[151.05042863819034,-33.94107086910765],[151.05042863819034,-33.9320776654704],[151.05942184182757,-33.9320776654704],[151.05942184182757,-33.94107086910765],[151.05042863819034,-33.94107086910765]]]}},{"type":"Feature","properties":{"jobs":1047,"pop":1703,"pointCount":7,"homeWorkCommuteMedian":13650,"workHomeCommuteMedian":7134},"geometry":{"type":"Polygon","coordinates":[[[151.05042863819034,-33.9320776654704],[151.05042863819034,-33.923084461833156],[151.05942184182757,-33.923084461833156],[151.05942184182757,-33.9320776654704],[151.05042863819034,-33.9320776654704]]]}},{"type":"Feature","properties":{"jobs":482,"pop":997,"pointCount":3,"homeWorkCommuteMedian":4369,"workHomeCommuteMedian":11249},"geometry":{"type":"Polygon","coordinates":[[[151.05042863819034,-33.923084461833156],[151.05042863819034,-33.91409125819591],[151.05942184182757,-33.91409125819591],[151.05942184182757,-33.923084461833156],[151.05042863819034,-33.923084461833156]]]}},{"type":"Feature","properties":{"jobs":728,"pop":958,"pointCount":4,"homeWorkCommuteMedian":9025,"workHomeCommuteMedian":7382},"geometry":{"type":"Polygon","coordinates":[[[151.05042863819034,-33.91409125819591],[151.05042863819034,-33.905098054558664],[151.05942184182757,-33.905098054558664],[151.05942184182757,-33.91409125819591],[151.05042863819034,-33.91409125819591]]]}},{"type":"Feature","properties":{"jobs":778,"pop":1226,"pointCount":5,"homeWorkCommuteMedian":10408,"workHomeCommuteMedian":5768},"geometry":{"type":"Polygon","coordinates":[[[151.05042863819034,-33.905098054558664],[151.05042863819034,-33.89610485092142],[151.05942184182757,-33.89610485092142],[151.05942184182757,-33.905098054558664],[151.05042863819034,-33.905098054558664]]]}},{"type":"Feature","properties":{"jobs":5934,"pop":254,"pointCount":3,"homeWorkCommuteMedian":20166,"workHomeCommuteMedian":15581},"geometry":{"type":"Polygon","coordinates":[[[151.05042863819034,-33.89610485092142],[151.05042863819034,-33.88711164728417],[151.05942184182757,-33.88711164728417],[151.05942184182757,-33.89610485092142],[151.05042863819034,-33.89610485092142]]]}},{"type":"Feature","properties":{"jobs":3309,"pop":483,"pointCount":3,"homeWorkCommuteMedian":13204,"workHomeCommuteMedian":23105},"geometry":{"type":"Polygon","coordinates":[[[151.05042863819034,-33.86912524000968],[151.05042863819034,-33.860132036372434],[151.05942184182757,-33.860132036372434],[151.05942184182757,-33.86912524000968],[151.05042863819034,-33.86912524000968]]]}},{"type":"Feature","properties":{"jobs":1379,"pop":1656,"pointCount":5,"homeWorkCommuteMedian":17656,"workHomeCommuteMedian":17446},"geometry":{"type":"Polygon","coordinates":[[[151.05042863819034,-33.860132036372434],[151.05042863819034,-33.85113883273519],[151.05942184182757,-33.85113883273519],[151.05942184182757,-33.860132036372434],[151.05042863819034,-33.860132036372434]]]}},{"type":"Feature","properties":{"jobs":1411,"pop":2272,"pointCount":4,"homeWorkCommuteMedian":14063,"workHomeCommuteMedian":18232},"geometry":{"type":"Polygon","coordinates":[[[151.05042863819034,-33.85113883273519],[151.05042863819034,-33.84214562909794],[151.05942184182757,-33.84214562909794],[151.05942184182757,-33.85113883273519],[151.05042863819034,-33.85113883273519]]]}},{"type":"Feature","properties":{"jobs":3932,"pop":1251,"pointCount":6,"homeWorkCommuteMedian":19081,"workHomeCommuteMedian":13958},"geometry":{"type":"Polygon","coordinates":[[[151.05042863819034,-33.84214562909794],[151.05042863819034,-33.833152425460696],[151.05942184182757,-33.833152425460696],[151.05942184182757,-33.84214562909794],[151.05042863819034,-33.84214562909794]]]}},{"type":"Feature","properties":{"jobs":3614,"pop":0,"pointCount":2,"homeWorkCommuteMedian":-1,"workHomeCommuteMedian":18840},"geometry":{"type":"Polygon","coordinates":[[[151.05042863819034,-33.833152425460696],[151.05042863819034,-33.82415922182345],[151.05942184182757,-33.82415922182345],[151.05942184182757,-33.833152425460696],[151.05042863819034,-33.833152425460696]]]}},{"type":"Feature","properties":{"jobs":600,"pop":1885,"pointCount":5,"homeWorkCommuteMedian":13712,"workHomeCommuteMedian":13724},"geometry":{"type":"Polygon","coordinates":[[[151.05042863819034,-33.82415922182345],[151.05042863819034,-33.815166018186204],[151.05942184182757,-33.815166018186204],[151.05942184182757,-33.82415922182345],[151.05042863819034,-33.82415922182345]]]}},{"type":"Feature","properties":{"jobs":118,"pop":973,"pointCount":5,"homeWorkCommuteMedian":15694,"workHomeCommuteMedian":1636},"geometry":{"type":"Polygon","coordinates":[[[151.05042863819034,-33.815166018186204],[151.05042863819034,-33.80617281454896],[151.05942184182757,-33.80617281454896],[151.05942184182757,-33.815166018186204],[151.05042863819034,-33.815166018186204]]]}},{"type":"Feature","properties":{"jobs":334,"pop":1139,"pointCount":5,"homeWorkCommuteMedian":13095,"workHomeCommuteMedian":16583},"geometry":{"type":"Polygon","coordinates":[[[151.05042863819034,-33.80617281454896],[151.05042863819034,-33.79717961091171],[151.05942184182757,-33.79717961091171],[151.05942184182757,-33.80617281454896],[151.05042863819034,-33.80617281454896]]]}},{"type":"Feature","properties":{"jobs":0,"pop":1079,"pointCount":4,"homeWorkCommuteMedian":12652,"workHomeCommuteMedian":-1},"geometry":{"type":"Polygon","coordinates":[[[151.05042863819034,-33.79717961091171],[151.05042863819034,-33.788186407274466],[151.05942184182757,-33.788186407274466],[151.05942184182757,-33.79717961091171],[151.05042863819034,-33.79717961091171]]]}},{"type":"Feature","properties":{"jobs":488,"pop":808,"pointCount":3,"homeWorkCommuteMedian":13047,"workHomeCommuteMedian":7579},"geometry":{"type":"Polygon","coordinates":[[[151.05042863819034,-33.788186407274466],[151.05042863819034,-33.77919320363722],[151.05942184182757,-33.77919320363722],[151.05942184182757,-33.788186407274466],[151.05042863819034,-33.788186407274466]]]}},{"type":"Feature","properties":{"jobs":586,"pop":1536,"pointCount":5,"homeWorkCommuteMedian":9943,"workHomeCommuteMedian":3081},"geometry":{"type":"Polygon","coordinates":[[[151.05042863819034,-33.77919320363722],[151.05042863819034,-33.770199999999974],[151.05942184182757,-33.770199999999974],[151.05942184182757,-33.77919320363722],[151.05042863819034,-33.77919320363722]]]}},{"type":"Feature","properties":{"jobs":518,"pop":734,"pointCount":3,"homeWorkCommuteMedian":12381,"workHomeCommuteMedian":4441},"geometry":{"type":"Polygon","coordinates":[[[151.05042863819034,-33.770199999999974],[151.05042863819034,-33.76120679636273],[151.05942184182757,-33.76120679636273],[151.05942184182757,-33.770199999999974],[151.05042863819034,-33.770199999999974]]]}},{"type":"Feature","properties":{"jobs":195,"pop":725,"pointCount":3,"homeWorkCommuteMedian":20221,"workHomeCommuteMedian":37979},"geometry":{"type":"Polygon","coordinates":[[[151.05042863819034,-33.76120679636273],[151.05042863819034,-33.75221359272548],[151.05942184182757,-33.75221359272548],[151.05942184182757,-33.76120679636273],[151.05042863819034,-33.76120679636273]]]}},{"type":"Feature","properties":{"jobs":0,"pop":850,"pointCount":3,"homeWorkCommuteMedian":19948,"workHomeCommuteMedian":-1},"geometry":{"type":"Polygon","coordinates":[[[151.05042863819034,-33.75221359272548],[151.05042863819034,-33.743220389088236],[151.05942184182757,-33.743220389088236],[151.05942184182757,-33.75221359272548],[151.05042863819034,-33.75221359272548]]]}},{"type":"Feature","properties":{"jobs":767,"pop":1387,"pointCount":5,"homeWorkCommuteMedian":17160,"workHomeCommuteMedian":9868},"geometry":{"type":"Polygon","coordinates":[[[151.05042863819034,-33.743220389088236],[151.05042863819034,-33.73422718545099],[151.05942184182757,-33.73422718545099],[151.05942184182757,-33.743220389088236],[151.05042863819034,-33.743220389088236]]]}},{"type":"Feature","properties":{"jobs":370,"pop":694,"pointCount":4,"homeWorkCommuteMedian":26503,"workHomeCommuteMedian":2981},"geometry":{"type":"Polygon","coordinates":[[[151.05042863819034,-33.73422718545099],[151.05042863819034,-33.725233981813744],[151.05942184182757,-33.725233981813744],[151.05942184182757,-33.73422718545099],[151.05042863819034,-33.73422718545099]]]}},{"type":"Feature","properties":{"jobs":0,"pop":248,"pointCount":1,"homeWorkCommuteMedian":31418,"workHomeCommuteMedian":-1},"geometry":{"type":"Polygon","coordinates":[[[151.05042863819034,-33.725233981813744],[151.05042863819034,-33.7162407781765],[151.05942184182757,-33.7162407781765],[151.05942184182757,-33.725233981813744],[151.05042863819034,-33.725233981813744]]]}},{"type":"Feature","properties":{"jobs":227,"pop":817,"pointCount":5,"homeWorkCommuteMedian":25661,"workHomeCommuteMedian":10868},"geometry":{"type":"Polygon","coordinates":[[[151.05042863819034,-33.7162407781765],[151.05042863819034,-33.70724757453925],[151.05942184182757,-33.70724757453925],[151.05942184182757,-33.7162407781765],[151.05042863819034,-33.7162407781765]]]}},{"type":"Feature","properties":{"jobs":0,"pop":211,"pointCount":1,"homeWorkCommuteMedian":16796,"workHomeCommuteMedian":-1},"geometry":{"type":"Polygon","coordinates":[[[151.05042863819034,-33.680267963627514],[151.05042863819034,-33.67127475999027],[151.05942184182757,-33.67127475999027],[151.05942184182757,-33.680267963627514],[151.05042863819034,-33.680267963627514]]]}},{"type":"Feature","properties":{"jobs":0,"pop":130,"pointCount":1,"homeWorkCommuteMedian":9119,"workHomeCommuteMedian":-1},"geometry":{"type":"Polygon","coordinates":[[[151.05042863819034,-33.65328835271578],[151.05042863819034,-33.64429514907853],[151.05942184182757,-33.64429514907853],[151.05942184182757,-33.65328835271578],[151.05042863819034,-33.65328835271578]]]}},{"type":"Feature","properties":{"jobs":0,"pop":132,"pointCount":1,"homeWorkCommuteMedian":13419,"workHomeCommuteMedian":-1},"geometry":{"type":"Polygon","coordinates":[[[151.05042863819034,-33.64429514907853],[151.05042863819034,-33.635301945441284],[151.05942184182757,-33.635301945441284],[151.05942184182757,-33.64429514907853],[151.05042863819034,-33.64429514907853]]]}},{"type":"Feature","properties":{"jobs":1006,"pop":2344,"pointCount":5,"homeWorkCommuteMedian":17810,"workHomeCommuteMedian":11801},"geometry":{"type":"Polygon","coordinates":[[[151.05942184182757,-34.039996109117354],[151.05942184182757,-34.03100290548011],[151.0684150454648,-34.03100290548011],[151.0684150454648,-34.039996109117354],[151.05942184182757,-34.039996109117354]]]}},{"type":"Feature","properties":{"jobs":306,"pop":1947,"pointCount":6,"homeWorkCommuteMedian":28727,"workHomeCommuteMedian":1543},"geometry":{"type":"Polygon","coordinates":[[[151.05942184182757,-34.03100290548011],[151.05942184182757,-34.02200970184286],[151.0684150454648,-34.02200970184286],[151.0684150454648,-34.03100290548011],[151.05942184182757,-34.03100290548011]]]}},{"type":"Feature","properties":{"jobs":200,"pop":944,"pointCount":4,"homeWorkCommuteMedian":23590,"workHomeCommuteMedian":7225},"geometry":{"type":"Polygon","coordinates":[[[151.05942184182757,-34.02200970184286],[151.05942184182757,-34.013016498205616],[151.0684150454648,-34.013016498205616],[151.0684150454648,-34.02200970184286],[151.05942184182757,-34.02200970184286]]]}},{"type":"Feature","properties":{"jobs":0,"pop":1623,"pointCount":6,"homeWorkCommuteMedian":14301,"workHomeCommuteMedian":-1},"geometry":{"type":"Polygon","coordinates":[[[151.05942184182757,-34.013016498205616],[151.05942184182757,-34.00402329456837],[151.0684150454648,-34.00402329456837],[151.0684150454648,-34.013016498205616],[151.05942184182757,-34.013016498205616]]]}},{"type":"Feature","properties":{"jobs":0,"pop":588,"pointCount":3,"homeWorkCommuteMedian":5336,"workHomeCommuteMedian":-1},"geometry":{"type":"Polygon","coordinates":[[[151.05942184182757,-34.00402329456837],[151.05942184182757,-33.995030090931124],[151.0684150454648,-33.995030090931124],[151.0684150454648,-34.00402329456837],[151.05942184182757,-34.00402329456837]]]}},{"type":"Feature","properties":{"jobs":0,"pop":416,"pointCount":1,"homeWorkCommuteMedian":33493,"workHomeCommuteMedian":-1},"geometry":{"type":"Polygon","coordinates":[[[151.05942184182757,-33.995030090931124],[151.05942184182757,-33.98603688729388],[151.0684150454648,-33.98603688729388],[151.0684150454648,-33.995030090931124],[151.05942184182757,-33.995030090931124]]]}},{"type":"Feature","properties":{"jobs":106,"pop":639,"pointCount":4,"homeWorkCommuteMedian":25948,"workHomeCommuteMedian":17884},"geometry":{"type":"Polygon","coordinates":[[[151.05942184182757,-33.98603688729388],[151.05942184182757,-33.97704368365663],[151.0684150454648,-33.97704368365663],[151.0684150454648,-33.98603688729388],[151.05942184182757,-33.98603688729388]]]}},{"type":"Feature","properties":{"jobs":0,"pop":365,"pointCount":2,"homeWorkCommuteMedian":15274,"workHomeCommuteMedian":-1},"geometry":{"type":"Polygon","coordinates":[[[151.05942184182757,-33.97704368365663],[151.05942184182757,-33.968050480019386],[151.0684150454648,-33.968050480019386],[151.0684150454648,-33.97704368365663],[151.05942184182757,-33.97704368365663]]]}},{"type":"Feature","properties":{"jobs":2970,"pop":398,"pointCount":4,"homeWorkCommuteMedian":20994,"workHomeCommuteMedian":12916},"geometry":{"type":"Polygon","coordinates":[[[151.05942184182757,-33.968050480019386],[151.05942184182757,-33.95905727638214],[151.0684150454648,-33.95905727638214],[151.0684150454648,-33.968050480019386],[151.05942184182757,-33.968050480019386]]]}},{"type":"Feature","properties":{"jobs":97,"pop":1690,"pointCount":7,"homeWorkCommuteMedian":19846,"workHomeCommuteMedian":8633},"geometry":{"type":"Polygon","coordinates":[[[151.05942184182757,-33.95905727638214],[151.05942184182757,-33.950064072744894],[151.0684150454648,-33.950064072744894],[151.0684150454648,-33.95905727638214],[151.05942184182757,-33.95905727638214]]]}},{"type":"Feature","properties":{"jobs":284,"pop":791,"pointCount":4,"homeWorkCommuteMedian":18652,"workHomeCommuteMedian":8240},"geometry":{"type":"Polygon","coordinates":[[[151.05942184182757,-33.950064072744894],[151.05942184182757,-33.94107086910765],[151.0684150454648,-33.94107086910765],[151.0684150454648,-33.950064072744894],[151.05942184182757,-33.950064072744894]]]}},{"type":"Feature","properties":{"jobs":796,"pop":1056,"pointCount":6,"homeWorkCommuteMedian":14650,"workHomeCommuteMedian":12022},"geometry":{"type":"Polygon","coordinates":[[[151.05942184182757,-33.94107086910765],[151.05942184182757,-33.9320776654704],[151.0684150454648,-33.9320776654704],[151.0684150454648,-33.94107086910765],[151.05942184182757,-33.94107086910765]]]}},{"type":"Feature","properties":{"jobs":861,"pop":1153,"pointCount":3,"homeWorkCommuteMedian":6304,"workHomeCommuteMedian":16794},"geometry":{"type":"Polygon","coordinates":[[[151.05942184182757,-33.9320776654704],[151.05942184182757,-33.923084461833156],[151.0684150454648,-33.923084461833156],[151.0684150454648,-33.9320776654704],[151.05942184182757,-33.9320776654704]]]}},{"type":"Feature","properties":{"jobs":1103,"pop":2618,"pointCount":7,"homeWorkCommuteMedian":14173,"workHomeCommuteMedian":3802},"geometry":{"type":"Polygon","coordinates":[[[151.05942184182757,-33.923084461833156],[151.05942184182757,-33.91409125819591],[151.0684150454648,-33.91409125819591],[151.0684150454648,-33.923084461833156],[151.05942184182757,-33.923084461833156]]]}},{"type":"Feature","properties":{"jobs":729,"pop":1056,"pointCount":6,"homeWorkCommuteMedian":2924,"workHomeCommuteMedian":6747},"geometry":{"type":"Polygon","coordinates":[[[151.05942184182757,-33.91409125819591],[151.05942184182757,-33.905098054558664],[151.0684150454648,-33.905098054558664],[151.0684150454648,-33.91409125819591],[151.05942184182757,-33.91409125819591]]]}},{"type":"Feature","properties":{"jobs":1812,"pop":748,"pointCount":5,"homeWorkCommuteMedian":3802,"workHomeCommuteMedian":7750},"geometry":{"type":"Polygon","coordinates":[[[151.05942184182757,-33.905098054558664],[151.05942184182757,-33.89610485092142],[151.0684150454648,-33.89610485092142],[151.0684150454648,-33.905098054558664],[151.05942184182757,-33.905098054558664]]]}},{"type":"Feature","properties":{"jobs":553,"pop":899,"pointCount":5,"homeWorkCommuteMedian":19703,"workHomeCommuteMedian":7213},"geometry":{"type":"Polygon","coordinates":[[[151.05942184182757,-33.89610485092142],[151.05942184182757,-33.88711164728417],[151.0684150454648,-33.88711164728417],[151.0684150454648,-33.89610485092142],[151.05942184182757,-33.89610485092142]]]}},{"type":"Feature","properties":{"jobs":628,"pop":281,"pointCount":2,"homeWorkCommuteMedian":3658,"workHomeCommuteMedian":10195},"geometry":{"type":"Polygon","coordinates":[[[151.05942184182757,-33.88711164728417],[151.05942184182757,-33.878118443646926],[151.0684150454648,-33.878118443646926],[151.0684150454648,-33.88711164728417],[151.05942184182757,-33.88711164728417]]]}},{"type":"Feature","properties":{"jobs":132,"pop":0,"pointCount":1,"homeWorkCommuteMedian":-1,"workHomeCommuteMedian":22725},"geometry":{"type":"Polygon","coordinates":[[[151.05942184182757,-33.878118443646926],[151.05942184182757,-33.86912524000968],[151.0684150454648,-33.86912524000968],[151.0684150454648,-33.878118443646926],[151.05942184182757,-33.878118443646926]]]}},{"type":"Feature","properties":{"jobs":2709,"pop":3686,"pointCount":4,"homeWorkCommuteMedian":16609,"workHomeCommuteMedian":19638},"geometry":{"type":"Polygon","coordinates":[[[151.05942184182757,-33.86912524000968],[151.05942184182757,-33.860132036372434],[151.0684150454648,-33.860132036372434],[151.0684150454648,-33.86912524000968],[151.05942184182757,-33.86912524000968]]]}},{"type":"Feature","properties":{"jobs":95,"pop":409,"pointCount":1,"homeWorkCommuteMedian":20491,"workHomeCommuteMedian":15480},"geometry":{"type":"Polygon","coordinates":[[[151.05942184182757,-33.860132036372434],[151.05942184182757,-33.85113883273519],[151.0684150454648,-33.85113883273519],[151.0684150454648,-33.860132036372434],[151.05942184182757,-33.860132036372434]]]}},{"type":"Feature","properties":{"jobs":268,"pop":559,"pointCount":1,"homeWorkCommuteMedian":18903,"workHomeCommuteMedian":14660},"geometry":{"type":"Polygon","coordinates":[[[151.05942184182757,-33.84214562909794],[151.05942184182757,-33.833152425460696],[151.0684150454648,-33.833152425460696],[151.0684150454648,-33.84214562909794],[151.05942184182757,-33.84214562909794]]]}},{"type":"Feature","properties":{"jobs":0,"pop":333,"pointCount":2,"homeWorkCommuteMedian":10502,"workHomeCommuteMedian":-1},"geometry":{"type":"Polygon","coordinates":[[[151.05942184182757,-33.82415922182345],[151.05942184182757,-33.815166018186204],[151.0684150454648,-33.815166018186204],[151.0684150454648,-33.82415922182345],[151.05942184182757,-33.82415922182345]]]}},{"type":"Feature","properties":{"jobs":103,"pop":1195,"pointCount":7,"homeWorkCommuteMedian":10267,"workHomeCommuteMedian":19553},"geometry":{"type":"Polygon","coordinates":[[[151.05942184182757,-33.815166018186204],[151.05942184182757,-33.80617281454896],[151.0684150454648,-33.80617281454896],[151.0684150454648,-33.815166018186204],[151.05942184182757,-33.815166018186204]]]}},{"type":"Feature","properties":{"jobs":649,"pop":1000,"pointCount":5,"homeWorkCommuteMedian":14410,"workHomeCommuteMedian":19416},"geometry":{"type":"Polygon","coordinates":[[[151.05942184182757,-33.80617281454896],[151.05942184182757,-33.79717961091171],[151.0684150454648,-33.79717961091171],[151.0684150454648,-33.80617281454896],[151.05942184182757,-33.80617281454896]]]}},{"type":"Feature","properties":{"jobs":624,"pop":1522,"pointCount":5,"homeWorkCommuteMedian":15144,"workHomeCommuteMedian":4836},"geometry":{"type":"Polygon","coordinates":[[[151.05942184182757,-33.79717961091171],[151.05942184182757,-33.788186407274466],[151.0684150454648,-33.788186407274466],[151.0684150454648,-33.79717961091171],[151.05942184182757,-33.79717961091171]]]}},{"type":"Feature","properties":{"jobs":0,"pop":1764,"pointCount":7,"homeWorkCommuteMedian":9610,"workHomeCommuteMedian":-1},"geometry":{"type":"Polygon","coordinates":[[[151.05942184182757,-33.788186407274466],[151.05942184182757,-33.77919320363722],[151.0684150454648,-33.77919320363722],[151.0684150454648,-33.788186407274466],[151.05942184182757,-33.788186407274466]]]}},{"type":"Feature","properties":{"jobs":304,"pop":1457,"pointCount":6,"homeWorkCommuteMedian":20743,"workHomeCommuteMedian":16468},"geometry":{"type":"Polygon","coordinates":[[[151.05942184182757,-33.77919320363722],[151.05942184182757,-33.770199999999974],[151.0684150454648,-33.770199999999974],[151.0684150454648,-33.77919320363722],[151.05942184182757,-33.77919320363722]]]}},{"type":"Feature","properties":{"jobs":0,"pop":1137,"pointCount":5,"homeWorkCommuteMedian":11289,"workHomeCommuteMedian":-1},"geometry":{"type":"Polygon","coordinates":[[[151.05942184182757,-33.770199999999974],[151.05942184182757,-33.76120679636273],[151.0684150454648,-33.76120679636273],[151.0684150454648,-33.770199999999974],[151.05942184182757,-33.770199999999974]]]}},{"type":"Feature","properties":{"jobs":687,"pop":589,"pointCount":3,"homeWorkCommuteMedian":14282,"workHomeCommuteMedian":7132},"geometry":{"type":"Polygon","coordinates":[[[151.05942184182757,-33.76120679636273],[151.05942184182757,-33.75221359272548],[151.0684150454648,-33.75221359272548],[151.0684150454648,-33.76120679636273],[151.05942184182757,-33.76120679636273]]]}},{"type":"Feature","properties":{"jobs":552,"pop":1371,"pointCount":5,"homeWorkCommuteMedian":7879,"workHomeCommuteMedian":14739},"geometry":{"type":"Polygon","coordinates":[[[151.05942184182757,-33.75221359272548],[151.05942184182757,-33.743220389088236],[151.0684150454648,-33.743220389088236],[151.0684150454648,-33.75221359272548],[151.05942184182757,-33.75221359272548]]]}},{"type":"Feature","properties":{"jobs":1141,"pop":624,"pointCount":3,"homeWorkCommuteMedian":9722,"workHomeCommuteMedian":5899},"geometry":{"type":"Polygon","coordinates":[[[151.05942184182757,-33.743220389088236],[151.05942184182757,-33.73422718545099],[151.0684150454648,-33.73422718545099],[151.0684150454648,-33.743220389088236],[151.05942184182757,-33.743220389088236]]]}},{"type":"Feature","properties":{"jobs":234,"pop":619,"pointCount":5,"homeWorkCommuteMedian":20181,"workHomeCommuteMedian":18967},"geometry":{"type":"Polygon","coordinates":[[[151.05942184182757,-33.73422718545099],[151.05942184182757,-33.725233981813744],[151.0684150454648,-33.725233981813744],[151.0684150454648,-33.73422718545099],[151.05942184182757,-33.73422718545099]]]}},{"type":"Feature","properties":{"jobs":0,"pop":350,"pointCount":2,"homeWorkCommuteMedian":3276,"workHomeCommuteMedian":-1},"geometry":{"type":"Polygon","coordinates":[[[151.05942184182757,-33.725233981813744],[151.05942184182757,-33.7162407781765],[151.0684150454648,-33.7162407781765],[151.0684150454648,-33.725233981813744],[151.05942184182757,-33.725233981813744]]]}},{"type":"Feature","properties":{"jobs":142,"pop":197,"pointCount":1,"homeWorkCommuteMedian":18083,"workHomeCommuteMedian":14716},"geometry":{"type":"Polygon","coordinates":[[[151.05942184182757,-33.7162407781765],[151.05942184182757,-33.70724757453925],[151.0684150454648,-33.70724757453925],[151.0684150454648,-33.7162407781765],[151.05942184182757,-33.7162407781765]]]}},{"type":"Feature","properties":{"jobs":0,"pop":144,"pointCount":1,"homeWorkCommuteMedian":10928,"workHomeCommuteMedian":-1},"geometry":{"type":"Polygon","coordinates":[[[151.05942184182757,-33.62630874180404],[151.05942184182757,-33.61731553816679],[151.0684150454648,-33.61731553816679],[151.0684150454648,-33.62630874180404],[151.05942184182757,-33.62630874180404]]]}},{"type":"Feature","properties":{"jobs":135,"pop":201,"pointCount":1,"homeWorkCommuteMedian":25547,"workHomeCommuteMedian":4714},"geometry":{"type":"Polygon","coordinates":[[[151.0684150454648,-34.06697572002909],[151.0684150454648,-34.057982516391846],[151.07740824910204,-34.057982516391846],[151.07740824910204,-34.06697572002909],[151.0684150454648,-34.06697572002909]]]}},{"type":"Feature","properties":{"jobs":0,"pop":356,"pointCount":1,"homeWorkCommuteMedian":6906,"workHomeCommuteMedian":-1},"geometry":{"type":"Polygon","coordinates":[[[151.0684150454648,-34.057982516391846],[151.0684150454648,-34.0489893127546],[151.07740824910204,-34.0489893127546],[151.07740824910204,-34.057982516391846],[151.0684150454648,-34.057982516391846]]]}},{"type":"Feature","properties":{"jobs":219,"pop":1368,"pointCount":5,"homeWorkCommuteMedian":27585,"workHomeCommuteMedian":7033},"geometry":{"type":"Polygon","coordinates":[[[151.0684150454648,-34.0489893127546],[151.0684150454648,-34.039996109117354],[151.07740824910204,-34.039996109117354],[151.07740824910204,-34.0489893127546],[151.0684150454648,-34.0489893127546]]]}},{"type":"Feature","properties":{"jobs":1820,"pop":2577,"pointCount":5,"homeWorkCommuteMedian":22386,"workHomeCommuteMedian":11062},"geometry":{"type":"Polygon","coordinates":[[[151.0684150454648,-34.039996109117354],[151.0684150454648,-34.03100290548011],[151.07740824910204,-34.03100290548011],[151.07740824910204,-34.039996109117354],[151.0684150454648,-34.039996109117354]]]}},{"type":"Feature","properties":{"jobs":1891,"pop":919,"pointCount":5,"homeWorkCommuteMedian":3525,"workHomeCommuteMedian":9742},"geometry":{"type":"Polygon","coordinates":[[[151.0684150454648,-34.03100290548011],[151.0684150454648,-34.02200970184286],[151.07740824910204,-34.02200970184286],[151.07740824910204,-34.03100290548011],[151.0684150454648,-34.03100290548011]]]}},{"type":"Feature","properties":{"jobs":1147,"pop":1068,"pointCount":5,"homeWorkCommuteMedian":20752,"workHomeCommuteMedian":7994},"geometry":{"type":"Polygon","coordinates":[[[151.0684150454648,-34.02200970184286],[151.0684150454648,-34.013016498205616],[151.07740824910204,-34.013016498205616],[151.07740824910204,-34.02200970184286],[151.0684150454648,-34.02200970184286]]]}},{"type":"Feature","properties":{"jobs":473,"pop":1540,"pointCount":6,"homeWorkCommuteMedian":23922,"workHomeCommuteMedian":3847},"geometry":{"type":"Polygon","coordinates":[[[151.0684150454648,-34.013016498205616],[151.0684150454648,-34.00402329456837],[151.07740824910204,-34.00402329456837],[151.07740824910204,-34.013016498205616],[151.0684150454648,-34.013016498205616]]]}},{"type":"Feature","properties":{"jobs":183,"pop":531,"pointCount":2,"homeWorkCommuteMedian":22099,"workHomeCommuteMedian":62845},"geometry":{"type":"Polygon","coordinates":[[[151.0684150454648,-34.00402329456837],[151.0684150454648,-33.995030090931124],[151.07740824910204,-33.995030090931124],[151.07740824910204,-34.00402329456837],[151.0684150454648,-34.00402329456837]]]}},{"type":"Feature","properties":{"jobs":0,"pop":839,"pointCount":3,"homeWorkCommuteMedian":15706,"workHomeCommuteMedian":-1},"geometry":{"type":"Polygon","coordinates":[[[151.0684150454648,-33.995030090931124],[151.0684150454648,-33.98603688729388],[151.07740824910204,-33.98603688729388],[151.07740824910204,-33.995030090931124],[151.0684150454648,-33.995030090931124]]]}},{"type":"Feature","properties":{"jobs":382,"pop":1167,"pointCount":4,"homeWorkCommuteMedian":22762,"workHomeCommuteMedian":4383},"geometry":{"type":"Polygon","coordinates":[[[151.0684150454648,-33.98603688729388],[151.0684150454648,-33.97704368365663],[151.07740824910204,-33.97704368365663],[151.07740824910204,-33.98603688729388],[151.0684150454648,-33.98603688729388]]]}},{"type":"Feature","properties":{"jobs":155,"pop":1499,"pointCount":5,"homeWorkCommuteMedian":19987,"workHomeCommuteMedian":27151},"geometry":{"type":"Polygon","coordinates":[[[151.0684150454648,-33.97704368365663],[151.0684150454648,-33.968050480019386],[151.07740824910204,-33.968050480019386],[151.07740824910204,-33.97704368365663],[151.0684150454648,-33.97704368365663]]]}},{"type":"Feature","properties":{"jobs":480,"pop":1747,"pointCount":5,"homeWorkCommuteMedian":21510,"workHomeCommuteMedian":1016},"geometry":{"type":"Polygon","coordinates":[[[151.0684150454648,-33.968050480019386],[151.0684150454648,-33.95905727638214],[151.07740824910204,-33.95905727638214],[151.07740824910204,-33.968050480019386],[151.0684150454648,-33.968050480019386]]]}},{"type":"Feature","properties":{"jobs":1193,"pop":1737,"pointCount":4,"homeWorkCommuteMedian":18013,"workHomeCommuteMedian":8761},"geometry":{"type":"Polygon","coordinates":[[[151.0684150454648,-33.95905727638214],[151.0684150454648,-33.950064072744894],[151.07740824910204,-33.950064072744894],[151.07740824910204,-33.95905727638214],[151.0684150454648,-33.95905727638214]]]}},{"type":"Feature","properties":{"jobs":0,"pop":1780,"pointCount":7,"homeWorkCommuteMedian":11440,"workHomeCommuteMedian":-1},"geometry":{"type":"Polygon","coordinates":[[[151.0684150454648,-33.950064072744894],[151.0684150454648,-33.94107086910765],[151.07740824910204,-33.94107086910765],[151.07740824910204,-33.950064072744894],[151.0684150454648,-33.950064072744894]]]}},{"type":"Feature","properties":{"jobs":885,"pop":1134,"pointCount":6,"homeWorkCommuteMedian":13276,"workHomeCommuteMedian":14476},"geometry":{"type":"Polygon","coordinates":[[[151.0684150454648,-33.94107086910765],[151.0684150454648,-33.9320776654704],[151.07740824910204,-33.9320776654704],[151.07740824910204,-33.94107086910765],[151.0684150454648,-33.94107086910765]]]}},{"type":"Feature","properties":{"jobs":384,"pop":1448,"pointCount":4,"homeWorkCommuteMedian":14548,"workHomeCommuteMedian":13227},"geometry":{"type":"Polygon","coordinates":[[[151.0684150454648,-33.9320776654704],[151.0684150454648,-33.923084461833156],[151.07740824910204,-33.923084461833156],[151.07740824910204,-33.9320776654704],[151.0684150454648,-33.9320776654704]]]}},{"type":"Feature","properties":{"jobs":619,"pop":1849,"pointCount":4,"homeWorkCommuteMedian":17614,"workHomeCommuteMedian":5306},"geometry":{"type":"Polygon","coordinates":[[[151.0684150454648,-33.923084461833156],[151.0684150454648,-33.91409125819591],[151.07740824910204,-33.91409125819591],[151.07740824910204,-33.923084461833156],[151.0684150454648,-33.923084461833156]]]}},{"type":"Feature","properties":{"jobs":564,"pop":682,"pointCount":4,"homeWorkCommuteMedian":17305,"workHomeCommuteMedian":10430},"geometry":{"type":"Polygon","coordinates":[[[151.0684150454648,-33.91409125819591],[151.0684150454648,-33.905098054558664],[151.07740824910204,-33.905098054558664],[151.07740824910204,-33.91409125819591],[151.0684150454648,-33.91409125819591]]]}},{"type":"Feature","properties":{"jobs":2049,"pop":0,"pointCount":1,"homeWorkCommuteMedian":-1,"workHomeCommuteMedian":12010},"geometry":{"type":"Polygon","coordinates":[[[151.0684150454648,-33.89610485092142],[151.0684150454648,-33.88711164728417],[151.07740824910204,-33.88711164728417],[151.07740824910204,-33.89610485092142],[151.0684150454648,-33.89610485092142]]]}},{"type":"Feature","properties":{"jobs":522,"pop":1122,"pointCount":6,"homeWorkCommuteMedian":12594,"workHomeCommuteMedian":11532},"geometry":{"type":"Polygon","coordinates":[[[151.0684150454648,-33.88711164728417],[151.0684150454648,-33.878118443646926],[151.07740824910204,-33.878118443646926],[151.07740824910204,-33.88711164728417],[151.0684150454648,-33.88711164728417]]]}},{"type":"Feature","properties":{"jobs":4374,"pop":1286,"pointCount":6,"homeWorkCommuteMedian":11506,"workHomeCommuteMedian":16525},"geometry":{"type":"Polygon","coordinates":[[[151.0684150454648,-33.878118443646926],[151.0684150454648,-33.86912524000968],[151.07740824910204,-33.86912524000968],[151.07740824910204,-33.878118443646926],[151.0684150454648,-33.878118443646926]]]}},{"type":"Feature","properties":{"jobs":2218,"pop":1507,"pointCount":4,"homeWorkCommuteMedian":18704,"workHomeCommuteMedian":13172},"geometry":{"type":"Polygon","coordinates":[[[151.0684150454648,-33.86912524000968],[151.0684150454648,-33.860132036372434],[151.07740824910204,-33.860132036372434],[151.07740824910204,-33.86912524000968],[151.0684150454648,-33.86912524000968]]]}},{"type":"Feature","properties":{"jobs":1200,"pop":301,"pointCount":1,"homeWorkCommuteMedian":9482,"workHomeCommuteMedian":9246},"geometry":{"type":"Polygon","coordinates":[[[151.0684150454648,-33.860132036372434],[151.0684150454648,-33.85113883273519],[151.07740824910204,-33.85113883273519],[151.07740824910204,-33.860132036372434],[151.0684150454648,-33.860132036372434]]]}},{"type":"Feature","properties":{"jobs":4197,"pop":2507,"pointCount":3,"homeWorkCommuteMedian":16536,"workHomeCommuteMedian":14739},"geometry":{"type":"Polygon","coordinates":[[[151.0684150454648,-33.85113883273519],[151.0684150454648,-33.84214562909794],[151.07740824910204,-33.84214562909794],[151.07740824910204,-33.85113883273519],[151.0684150454648,-33.85113883273519]]]}},{"type":"Feature","properties":{"jobs":3224,"pop":0,"pointCount":1,"homeWorkCommuteMedian":-1,"workHomeCommuteMedian":16522},"geometry":{"type":"Polygon","coordinates":[[[151.0684150454648,-33.84214562909794],[151.0684150454648,-33.833152425460696],[151.07740824910204,-33.833152425460696],[151.07740824910204,-33.84214562909794],[151.0684150454648,-33.84214562909794]]]}},{"type":"Feature","properties":{"jobs":544,"pop":3283,"pointCount":3,"homeWorkCommuteMedian":16668,"workHomeCommuteMedian":10091},"geometry":{"type":"Polygon","coordinates":[[[151.0684150454648,-33.833152425460696],[151.0684150454648,-33.82415922182345],[151.07740824910204,-33.82415922182345],[151.07740824910204,-33.833152425460696],[151.0684150454648,-33.833152425460696]]]}},{"type":"Feature","properties":{"jobs":0,"pop":642,"pointCount":2,"homeWorkCommuteMedian":18974,"workHomeCommuteMedian":-1},"geometry":{"type":"Polygon","coordinates":[[[151.0684150454648,-33.82415922182345],[151.0684150454648,-33.815166018186204],[151.07740824910204,-33.815166018186204],[151.07740824910204,-33.82415922182345],[151.0684150454648,-33.82415922182345]]]}},{"type":"Feature","properties":{"jobs":727,"pop":676,"pointCount":3,"homeWorkCommuteMedian":16819,"workHomeCommuteMedian":7515},"geometry":{"type":"Polygon","coordinates":[[[151.0684150454648,-33.815166018186204],[151.0684150454648,-33.80617281454896],[151.07740824910204,-33.80617281454896],[151.07740824910204,-33.815166018186204],[151.0684150454648,-33.815166018186204]]]}},{"type":"Feature","properties":{"jobs":251,"pop":848,"pointCount":3,"homeWorkCommuteMedian":18083,"workHomeCommuteMedian":19590},"geometry":{"type":"Polygon","coordinates":[[[151.0684150454648,-33.80617281454896],[151.0684150454648,-33.79717961091171],[151.07740824910204,-33.79717961091171],[151.07740824910204,-33.80617281454896],[151.0684150454648,-33.80617281454896]]]}},{"type":"Feature","properties":{"jobs":610,"pop":978,"pointCount":5,"homeWorkCommuteMedian":18459,"workHomeCommuteMedian":12118},"geometry":{"type":"Polygon","coordinates":[[[151.0684150454648,-33.79717961091171],[151.0684150454648,-33.788186407274466],[151.07740824910204,-33.788186407274466],[151.07740824910204,-33.79717961091171],[151.0684150454648,-33.79717961091171]]]}},{"type":"Feature","properties":{"jobs":212,"pop":2318,"pointCount":7,"homeWorkCommuteMedian":14175,"workHomeCommuteMedian":4108},"geometry":{"type":"Polygon","coordinates":[[[151.0684150454648,-33.788186407274466],[151.0684150454648,-33.77919320363722],[151.07740824910204,-33.77919320363722],[151.07740824910204,-33.788186407274466],[151.0684150454648,-33.788186407274466]]]}},{"type":"Feature","properties":{"jobs":91,"pop":2787,"pointCount":5,"homeWorkCommuteMedian":13485,"workHomeCommuteMedian":1192},"geometry":{"type":"Polygon","coordinates":[[[151.0684150454648,-33.77919320363722],[151.0684150454648,-33.770199999999974],[151.07740824910204,-33.770199999999974],[151.07740824910204,-33.77919320363722],[151.0684150454648,-33.77919320363722]]]}},{"type":"Feature","properties":{"jobs":353,"pop":1142,"pointCount":5,"homeWorkCommuteMedian":11957,"workHomeCommuteMedian":7757},"geometry":{"type":"Polygon","coordinates":[[[151.0684150454648,-33.770199999999974],[151.0684150454648,-33.76120679636273],[151.07740824910204,-33.76120679636273],[151.07740824910204,-33.770199999999974],[151.0684150454648,-33.770199999999974]]]}},{"type":"Feature","properties":{"jobs":281,"pop":868,"pointCount":4,"homeWorkCommuteMedian":21545,"workHomeCommuteMedian":7869},"geometry":{"type":"Polygon","coordinates":[[[151.0684150454648,-33.76120679636273],[151.0684150454648,-33.75221359272548],[151.07740824910204,-33.75221359272548],[151.07740824910204,-33.76120679636273],[151.0684150454648,-33.76120679636273]]]}},{"type":"Feature","properties":{"jobs":199,"pop":849,"pointCount":4,"homeWorkCommuteMedian":25762,"workHomeCommuteMedian":15616},"geometry":{"type":"Polygon","coordinates":[[[151.0684150454648,-33.75221359272548],[151.0684150454648,-33.743220389088236],[151.07740824910204,-33.743220389088236],[151.07740824910204,-33.75221359272548],[151.0684150454648,-33.75221359272548]]]}},{"type":"Feature","properties":{"jobs":665,"pop":1182,"pointCount":5,"homeWorkCommuteMedian":22342,"workHomeCommuteMedian":11861},"geometry":{"type":"Polygon","coordinates":[[[151.0684150454648,-33.743220389088236],[151.0684150454648,-33.73422718545099],[151.07740824910204,-33.73422718545099],[151.07740824910204,-33.743220389088236],[151.0684150454648,-33.743220389088236]]]}},{"type":"Feature","properties":{"jobs":759,"pop":1028,"pointCount":5,"homeWorkCommuteMedian":27550,"workHomeCommuteMedian":11834},"geometry":{"type":"Polygon","coordinates":[[[151.0684150454648,-33.73422718545099],[151.0684150454648,-33.725233981813744],[151.07740824910204,-33.725233981813744],[151.07740824910204,-33.73422718545099],[151.0684150454648,-33.73422718545099]]]}},{"type":"Feature","properties":{"jobs":988,"pop":1360,"pointCount":6,"homeWorkCommuteMedian":27672,"workHomeCommuteMedian":6186},"geometry":{"type":"Polygon","coordinates":[[[151.0684150454648,-33.725233981813744],[151.0684150454648,-33.7162407781765],[151.07740824910204,-33.7162407781765],[151.07740824910204,-33.725233981813744],[151.0684150454648,-33.725233981813744]]]}},{"type":"Feature","properties":{"jobs":0,"pop":342,"pointCount":1,"homeWorkCommuteMedian":22921,"workHomeCommuteMedian":-1},"geometry":{"type":"Polygon","coordinates":[[[151.0684150454648,-33.7162407781765],[151.0684150454648,-33.70724757453925],[151.07740824910204,-33.70724757453925],[151.07740824910204,-33.7162407781765],[151.0684150454648,-33.7162407781765]]]}},{"type":"Feature","properties":{"jobs":0,"pop":530,"pointCount":2,"homeWorkCommuteMedian":28303,"workHomeCommuteMedian":-1},"geometry":{"type":"Polygon","coordinates":[[[151.0684150454648,-33.70724757453925],[151.0684150454648,-33.698254370902006],[151.07740824910204,-33.698254370902006],[151.07740824910204,-33.70724757453925],[151.0684150454648,-33.70724757453925]]]}},{"type":"Feature","properties":{"jobs":121,"pop":137,"pointCount":1,"homeWorkCommuteMedian":19746,"workHomeCommuteMedian":18336},"geometry":{"type":"Polygon","coordinates":[[[151.0684150454648,-33.68926116726476],[151.0684150454648,-33.680267963627514],[151.07740824910204,-33.680267963627514],[151.07740824910204,-33.68926116726476],[151.0684150454648,-33.68926116726476]]]}},{"type":"Feature","properties":{"jobs":154,"pop":177,"pointCount":1,"homeWorkCommuteMedian":22152,"workHomeCommuteMedian":15135},"geometry":{"type":"Polygon","coordinates":[[[151.0684150454648,-33.66228155635302],[151.0684150454648,-33.65328835271578],[151.07740824910204,-33.65328835271578],[151.07740824910204,-33.66228155635302],[151.0684150454648,-33.66228155635302]]]}},{"type":"Feature","properties":{"jobs":82,"pop":427,"pointCount":2,"homeWorkCommuteMedian":25166,"workHomeCommuteMedian":6654},"geometry":{"type":"Polygon","coordinates":[[[151.07740824910204,-34.06697572002909],[151.07740824910204,-34.057982516391846],[151.08640145273927,-34.057982516391846],[151.08640145273927,-34.06697572002909],[151.07740824910204,-34.06697572002909]]]}},{"type":"Feature","properties":{"jobs":156,"pop":1211,"pointCount":6,"homeWorkCommuteMedian":24045,"workHomeCommuteMedian":4624},"geometry":{"type":"Polygon","coordinates":[[[151.07740824910204,-34.057982516391846],[151.07740824910204,-34.0489893127546],[151.08640145273927,-34.0489893127546],[151.08640145273927,-34.057982516391846],[151.07740824910204,-34.057982516391846]]]}},{"type":"Feature","properties":{"jobs":0,"pop":557,"pointCount":3,"homeWorkCommuteMedian":29304,"workHomeCommuteMedian":-1},"geometry":{"type":"Polygon","coordinates":[[[151.07740824910204,-34.0489893127546],[151.07740824910204,-34.039996109117354],[151.08640145273927,-34.039996109117354],[151.08640145273927,-34.0489893127546],[151.07740824910204,-34.0489893127546]]]}},{"type":"Feature","properties":{"jobs":1665,"pop":2076,"pointCount":7,"homeWorkCommuteMedian":22436,"workHomeCommuteMedian":6685},"geometry":{"type":"Polygon","coordinates":[[[151.07740824910204,-34.039996109117354],[151.07740824910204,-34.03100290548011],[151.08640145273927,-34.03100290548011],[151.08640145273927,-34.039996109117354],[151.07740824910204,-34.039996109117354]]]}},{"type":"Feature","properties":{"jobs":1418,"pop":840,"pointCount":5,"homeWorkCommuteMedian":27740,"workHomeCommuteMedian":10556},"geometry":{"type":"Polygon","coordinates":[[[151.07740824910204,-34.03100290548011],[151.07740824910204,-34.02200970184286],[151.08640145273927,-34.02200970184286],[151.08640145273927,-34.03100290548011],[151.07740824910204,-34.03100290548011]]]}},{"type":"Feature","properties":{"jobs":164,"pop":1096,"pointCount":5,"homeWorkCommuteMedian":21419,"workHomeCommuteMedian":1528},"geometry":{"type":"Polygon","coordinates":[[[151.07740824910204,-34.02200970184286],[151.07740824910204,-34.013016498205616],[151.08640145273927,-34.013016498205616],[151.08640145273927,-34.02200970184286],[151.07740824910204,-34.02200970184286]]]}},{"type":"Feature","properties":{"jobs":520,"pop":1254,"pointCount":4,"homeWorkCommuteMedian":29476,"workHomeCommuteMedian":5424},"geometry":{"type":"Polygon","coordinates":[[[151.07740824910204,-34.013016498205616],[151.07740824910204,-34.00402329456837],[151.08640145273927,-34.00402329456837],[151.08640145273927,-34.013016498205616],[151.07740824910204,-34.013016498205616]]]}},{"type":"Feature","properties":{"jobs":109,"pop":970,"pointCount":4,"homeWorkCommuteMedian":21282,"workHomeCommuteMedian":15046},"geometry":{"type":"Polygon","coordinates":[[[151.07740824910204,-34.00402329456837],[151.07740824910204,-33.995030090931124],[151.08640145273927,-33.995030090931124],[151.08640145273927,-34.00402329456837],[151.07740824910204,-34.00402329456837]]]}},{"type":"Feature","properties":{"jobs":0,"pop":391,"pointCount":2,"homeWorkCommuteMedian":21582,"workHomeCommuteMedian":-1},"geometry":{"type":"Polygon","coordinates":[[[151.07740824910204,-33.995030090931124],[151.07740824910204,-33.98603688729388],[151.08640145273927,-33.98603688729388],[151.08640145273927,-33.995030090931124],[151.07740824910204,-33.995030090931124]]]}},{"type":"Feature","properties":{"jobs":945,"pop":1694,"pointCount":7,"homeWorkCommuteMedian":23190,"workHomeCommuteMedian":12956},"geometry":{"type":"Polygon","coordinates":[[[151.07740824910204,-33.98603688729388],[151.07740824910204,-33.97704368365663],[151.08640145273927,-33.97704368365663],[151.08640145273927,-33.98603688729388],[151.07740824910204,-33.98603688729388]]]}},{"type":"Feature","properties":{"jobs":938,"pop":2441,"pointCount":7,"homeWorkCommuteMedian":12202,"workHomeCommuteMedian":5691},"geometry":{"type":"Polygon","coordinates":[[[151.07740824910204,-33.97704368365663],[151.07740824910204,-33.968050480019386],[151.08640145273927,-33.968050480019386],[151.08640145273927,-33.97704368365663],[151.07740824910204,-33.97704368365663]]]}},{"type":"Feature","properties":{"jobs":352,"pop":3161,"pointCount":5,"homeWorkCommuteMedian":10195,"workHomeCommuteMedian":5122},"geometry":{"type":"Polygon","coordinates":[[[151.07740824910204,-33.968050480019386],[151.07740824910204,-33.95905727638214],[151.08640145273927,-33.95905727638214],[151.08640145273927,-33.968050480019386],[151.07740824910204,-33.968050480019386]]]}},{"type":"Feature","properties":{"jobs":246,"pop":1888,"pointCount":5,"homeWorkCommuteMedian":15758,"workHomeCommuteMedian":38426},"geometry":{"type":"Polygon","coordinates":[[[151.07740824910204,-33.95905727638214],[151.07740824910204,-33.950064072744894],[151.08640145273927,-33.950064072744894],[151.08640145273927,-33.95905727638214],[151.07740824910204,-33.95905727638214]]]}},{"type":"Feature","properties":{"jobs":528,"pop":1267,"pointCount":5,"homeWorkCommuteMedian":18331,"workHomeCommuteMedian":3136},"geometry":{"type":"Polygon","coordinates":[[[151.07740824910204,-33.950064072744894],[151.07740824910204,-33.94107086910765],[151.08640145273927,-33.94107086910765],[151.08640145273927,-33.950064072744894],[151.07740824910204,-33.950064072744894]]]}},{"type":"Feature","properties":{"jobs":149,"pop":751,"pointCount":4,"homeWorkCommuteMedian":8702,"workHomeCommuteMedian":1941},"geometry":{"type":"Polygon","coordinates":[[[151.07740824910204,-33.94107086910765],[151.07740824910204,-33.9320776654704],[151.08640145273927,-33.9320776654704],[151.08640145273927,-33.94107086910765],[151.07740824910204,-33.94107086910765]]]}},{"type":"Feature","properties":{"jobs":1199,"pop":2018,"pointCount":7,"homeWorkCommuteMedian":13583,"workHomeCommuteMedian":5208},"geometry":{"type":"Polygon","coordinates":[[[151.07740824910204,-33.9320776654704],[151.07740824910204,-33.923084461833156],[151.08640145273927,-33.923084461833156],[151.08640145273927,-33.9320776654704],[151.07740824910204,-33.9320776654704]]]}},{"type":"Feature","properties":{"jobs":1262,"pop":1944,"pointCount":6,"homeWorkCommuteMedian":16591,"workHomeCommuteMedian":4239},"geometry":{"type":"Polygon","coordinates":[[[151.07740824910204,-33.923084461833156],[151.07740824910204,-33.91409125819591],[151.08640145273927,-33.91409125819591],[151.08640145273927,-33.923084461833156],[151.07740824910204,-33.923084461833156]]]}},{"type":"Feature","properties":{"jobs":554,"pop":1390,"pointCount":5,"homeWorkCommuteMedian":16513,"workHomeCommuteMedian":18838},"geometry":{"type":"Polygon","coordinates":[[[151.07740824910204,-33.91409125819591],[151.07740824910204,-33.905098054558664],[151.08640145273927,-33.905098054558664],[151.08640145273927,-33.91409125819591],[151.07740824910204,-33.91409125819591]]]}},{"type":"Feature","properties":{"jobs":278,"pop":940,"pointCount":5,"homeWorkCommuteMedian":13122,"workHomeCommuteMedian":20781},"geometry":{"type":"Polygon","coordinates":[[[151.07740824910204,-33.905098054558664],[151.07740824910204,-33.89610485092142],[151.08640145273927,-33.89610485092142],[151.08640145273927,-33.905098054558664],[151.07740824910204,-33.905098054558664]]]}},{"type":"Feature","properties":{"jobs":332,"pop":2566,"pointCount":9,"homeWorkCommuteMedian":14766,"workHomeCommuteMedian":29326},"geometry":{"type":"Polygon","coordinates":[[[151.07740824910204,-33.89610485092142],[151.07740824910204,-33.88711164728417],[151.08640145273927,-33.88711164728417],[151.08640145273927,-33.89610485092142],[151.07740824910204,-33.89610485092142]]]}},{"type":"Feature","properties":{"jobs":556,"pop":717,"pointCount":4,"homeWorkCommuteMedian":8951,"workHomeCommuteMedian":19831},"geometry":{"type":"Polygon","coordinates":[[[151.07740824910204,-33.88711164728417],[151.07740824910204,-33.878118443646926],[151.08640145273927,-33.878118443646926],[151.08640145273927,-33.88711164728417],[151.07740824910204,-33.88711164728417]]]}},{"type":"Feature","properties":{"jobs":360,"pop":669,"pointCount":3,"homeWorkCommuteMedian":14608,"workHomeCommuteMedian":3631},"geometry":{"type":"Polygon","coordinates":[[[151.07740824910204,-33.878118443646926],[151.07740824910204,-33.86912524000968],[151.08640145273927,-33.86912524000968],[151.08640145273927,-33.878118443646926],[151.07740824910204,-33.878118443646926]]]}},{"type":"Feature","properties":{"jobs":1553,"pop":4071,"pointCount":5,"homeWorkCommuteMedian":14200,"workHomeCommuteMedian":20805},"geometry":{"type":"Polygon","coordinates":[[[151.07740824910204,-33.86912524000968],[151.07740824910204,-33.860132036372434],[151.08640145273927,-33.860132036372434],[151.08640145273927,-33.86912524000968],[151.07740824910204,-33.86912524000968]]]}},{"type":"Feature","properties":{"jobs":2032,"pop":1816,"pointCount":5,"homeWorkCommuteMedian":12504,"workHomeCommuteMedian":16345},"geometry":{"type":"Polygon","coordinates":[[[151.07740824910204,-33.860132036372434],[151.07740824910204,-33.85113883273519],[151.08640145273927,-33.85113883273519],[151.08640145273927,-33.860132036372434],[151.07740824910204,-33.860132036372434]]]}},{"type":"Feature","properties":{"jobs":1398,"pop":800,"pointCount":3,"homeWorkCommuteMedian":17372,"workHomeCommuteMedian":11775},"geometry":{"type":"Polygon","coordinates":[[[151.07740824910204,-33.85113883273519],[151.07740824910204,-33.84214562909794],[151.08640145273927,-33.84214562909794],[151.08640145273927,-33.85113883273519],[151.07740824910204,-33.85113883273519]]]}},{"type":"Feature","properties":{"jobs":1904,"pop":1432,"pointCount":2,"homeWorkCommuteMedian":17728,"workHomeCommuteMedian":12109},"geometry":{"type":"Polygon","coordinates":[[[151.07740824910204,-33.84214562909794],[151.07740824910204,-33.833152425460696],[151.08640145273927,-33.833152425460696],[151.08640145273927,-33.84214562909794],[151.07740824910204,-33.84214562909794]]]}},{"type":"Feature","properties":{"jobs":1317,"pop":6661,"pointCount":3,"homeWorkCommuteMedian":18702,"workHomeCommuteMedian":18424},"geometry":{"type":"Polygon","coordinates":[[[151.07740824910204,-33.833152425460696],[151.07740824910204,-33.82415922182345],[151.08640145273927,-33.82415922182345],[151.08640145273927,-33.833152425460696],[151.07740824910204,-33.833152425460696]]]}},{"type":"Feature","properties":{"jobs":603,"pop":1985,"pointCount":3,"homeWorkCommuteMedian":14482,"workHomeCommuteMedian":24277},"geometry":{"type":"Polygon","coordinates":[[[151.07740824910204,-33.82415922182345],[151.07740824910204,-33.815166018186204],[151.08640145273927,-33.815166018186204],[151.08640145273927,-33.82415922182345],[151.07740824910204,-33.82415922182345]]]}},{"type":"Feature","properties":{"jobs":346,"pop":2204,"pointCount":4,"homeWorkCommuteMedian":15678,"workHomeCommuteMedian":25489},"geometry":{"type":"Polygon","coordinates":[[[151.07740824910204,-33.815166018186204],[151.07740824910204,-33.80617281454896],[151.08640145273927,-33.80617281454896],[151.08640145273927,-33.815166018186204],[151.07740824910204,-33.815166018186204]]]}},{"type":"Feature","properties":{"jobs":478,"pop":1587,"pointCount":6,"homeWorkCommuteMedian":15937,"workHomeCommuteMedian":12122},"geometry":{"type":"Polygon","coordinates":[[[151.07740824910204,-33.80617281454896],[151.07740824910204,-33.79717961091171],[151.08640145273927,-33.79717961091171],[151.08640145273927,-33.80617281454896],[151.07740824910204,-33.80617281454896]]]}},{"type":"Feature","properties":{"jobs":2020,"pop":2011,"pointCount":5,"homeWorkCommuteMedian":7439,"workHomeCommuteMedian":3177},"geometry":{"type":"Polygon","coordinates":[[[151.07740824910204,-33.79717961091171],[151.07740824910204,-33.788186407274466],[151.08640145273927,-33.788186407274466],[151.08640145273927,-33.79717961091171],[151.07740824910204,-33.79717961091171]]]}},{"type":"Feature","properties":{"jobs":465,"pop":1099,"pointCount":4,"homeWorkCommuteMedian":12773,"workHomeCommuteMedian":2318},"geometry":{"type":"Polygon","coordinates":[[[151.07740824910204,-33.788186407274466],[151.07740824910204,-33.77919320363722],[151.08640145273927,-33.77919320363722],[151.08640145273927,-33.788186407274466],[151.07740824910204,-33.788186407274466]]]}},{"type":"Feature","properties":{"jobs":1803,"pop":4067,"pointCount":8,"homeWorkCommuteMedian":17297,"workHomeCommuteMedian":4665},"geometry":{"type":"Polygon","coordinates":[[[151.07740824910204,-33.77919320363722],[151.07740824910204,-33.770199999999974],[151.08640145273927,-33.770199999999974],[151.08640145273927,-33.77919320363722],[151.07740824910204,-33.77919320363722]]]}},{"type":"Feature","properties":{"jobs":0,"pop":1264,"pointCount":5,"homeWorkCommuteMedian":17207,"workHomeCommuteMedian":-1},"geometry":{"type":"Polygon","coordinates":[[[151.07740824910204,-33.770199999999974],[151.07740824910204,-33.76120679636273],[151.08640145273927,-33.76120679636273],[151.08640145273927,-33.770199999999974],[151.07740824910204,-33.770199999999974]]]}},{"type":"Feature","properties":{"jobs":144,"pop":702,"pointCount":3,"homeWorkCommuteMedian":10034,"workHomeCommuteMedian":21339},"geometry":{"type":"Polygon","coordinates":[[[151.07740824910204,-33.76120679636273],[151.07740824910204,-33.75221359272548],[151.08640145273927,-33.75221359272548],[151.08640145273927,-33.76120679636273],[151.07740824910204,-33.76120679636273]]]}},{"type":"Feature","properties":{"jobs":113,"pop":0,"pointCount":1,"homeWorkCommuteMedian":-1,"workHomeCommuteMedian":11928},"geometry":{"type":"Polygon","coordinates":[[[151.07740824910204,-33.75221359272548],[151.07740824910204,-33.743220389088236],[151.08640145273927,-33.743220389088236],[151.08640145273927,-33.75221359272548],[151.07740824910204,-33.75221359272548]]]}},{"type":"Feature","properties":{"jobs":0,"pop":334,"pointCount":1,"homeWorkCommuteMedian":9959,"workHomeCommuteMedian":-1},"geometry":{"type":"Polygon","coordinates":[[[151.07740824910204,-33.743220389088236],[151.07740824910204,-33.73422718545099],[151.08640145273927,-33.73422718545099],[151.08640145273927,-33.743220389088236],[151.07740824910204,-33.743220389088236]]]}},{"type":"Feature","properties":{"jobs":1034,"pop":1438,"pointCount":6,"homeWorkCommuteMedian":18791,"workHomeCommuteMedian":6100},"geometry":{"type":"Polygon","coordinates":[[[151.07740824910204,-33.73422718545099],[151.07740824910204,-33.725233981813744],[151.08640145273927,-33.725233981813744],[151.08640145273927,-33.73422718545099],[151.07740824910204,-33.73422718545099]]]}},{"type":"Feature","properties":{"jobs":943,"pop":893,"pointCount":4,"homeWorkCommuteMedian":18290,"workHomeCommuteMedian":21660},"geometry":{"type":"Polygon","coordinates":[[[151.07740824910204,-33.725233981813744],[151.07740824910204,-33.7162407781765],[151.08640145273927,-33.7162407781765],[151.08640145273927,-33.725233981813744],[151.07740824910204,-33.725233981813744]]]}},{"type":"Feature","properties":{"jobs":0,"pop":314,"pointCount":2,"homeWorkCommuteMedian":30500,"workHomeCommuteMedian":-1},"geometry":{"type":"Polygon","coordinates":[[[151.07740824910204,-33.7162407781765],[151.07740824910204,-33.70724757453925],[151.08640145273927,-33.70724757453925],[151.08640145273927,-33.7162407781765],[151.07740824910204,-33.7162407781765]]]}},{"type":"Feature","properties":{"jobs":0,"pop":236,"pointCount":2,"homeWorkCommuteMedian":22606,"workHomeCommuteMedian":-1},"geometry":{"type":"Polygon","coordinates":[[[151.07740824910204,-33.70724757453925],[151.07740824910204,-33.698254370902006],[151.08640145273927,-33.698254370902006],[151.08640145273927,-33.70724757453925],[151.07740824910204,-33.70724757453925]]]}},{"type":"Feature","properties":{"jobs":0,"pop":143,"pointCount":1,"homeWorkCommuteMedian":40603,"workHomeCommuteMedian":-1},"geometry":{"type":"Polygon","coordinates":[[[151.07740824910204,-33.60832233452955],[151.07740824910204,-33.5993291308923],[151.08640145273927,-33.5993291308923],[151.08640145273927,-33.60832233452955],[151.07740824910204,-33.60832233452955]]]}},{"type":"Feature","properties":{"jobs":822,"pop":126,"pointCount":1,"homeWorkCommuteMedian":36008,"workHomeCommuteMedian":22152},"geometry":{"type":"Polygon","coordinates":[[[151.07740824910204,-33.51839029815709],[151.07740824910204,-33.50939709451984],[151.08640145273927,-33.50939709451984],[151.08640145273927,-33.51839029815709],[151.07740824910204,-33.51839029815709]]]}},{"type":"Feature","properties":{"jobs":0,"pop":272,"pointCount":1,"homeWorkCommuteMedian":24744,"workHomeCommuteMedian":-1},"geometry":{"type":"Polygon","coordinates":[[[151.08640145273927,-34.06697572002909],[151.08640145273927,-34.057982516391846],[151.0953946563765,-34.057982516391846],[151.0953946563765,-34.06697572002909],[151.08640145273927,-34.06697572002909]]]}},{"type":"Feature","properties":{"jobs":283,"pop":853,"pointCount":3,"homeWorkCommuteMedian":22111,"workHomeCommuteMedian":5133},"geometry":{"type":"Polygon","coordinates":[[[151.08640145273927,-34.057982516391846],[151.08640145273927,-34.0489893127546],[151.0953946563765,-34.0489893127546],[151.0953946563765,-34.057982516391846],[151.08640145273927,-34.057982516391846]]]}},{"type":"Feature","properties":{"jobs":479,"pop":1828,"pointCount":6,"homeWorkCommuteMedian":19333,"workHomeCommuteMedian":7420},"geometry":{"type":"Polygon","coordinates":[[[151.08640145273927,-34.0489893127546],[151.08640145273927,-34.039996109117354],[151.0953946563765,-34.039996109117354],[151.0953946563765,-34.0489893127546],[151.08640145273927,-34.0489893127546]]]}},{"type":"Feature","properties":{"jobs":547,"pop":1262,"pointCount":3,"homeWorkCommuteMedian":19142,"workHomeCommuteMedian":2754},"geometry":{"type":"Polygon","coordinates":[[[151.08640145273927,-34.039996109117354],[151.08640145273927,-34.03100290548011],[151.0953946563765,-34.03100290548011],[151.0953946563765,-34.039996109117354],[151.08640145273927,-34.039996109117354]]]}},{"type":"Feature","properties":{"jobs":1132,"pop":1005,"pointCount":6,"homeWorkCommuteMedian":17398,"workHomeCommuteMedian":9094},"geometry":{"type":"Polygon","coordinates":[[[151.08640145273927,-34.03100290548011],[151.08640145273927,-34.02200970184286],[151.0953946563765,-34.02200970184286],[151.0953946563765,-34.03100290548011],[151.08640145273927,-34.03100290548011]]]}},{"type":"Feature","properties":{"jobs":189,"pop":789,"pointCount":4,"homeWorkCommuteMedian":15083,"workHomeCommuteMedian":10682},"geometry":{"type":"Polygon","coordinates":[[[151.08640145273927,-34.02200970184286],[151.08640145273927,-34.013016498205616],[151.0953946563765,-34.013016498205616],[151.0953946563765,-34.02200970184286],[151.08640145273927,-34.02200970184286]]]}},{"type":"Feature","properties":{"jobs":0,"pop":251,"pointCount":1,"homeWorkCommuteMedian":26453,"workHomeCommuteMedian":-1},"geometry":{"type":"Polygon","coordinates":[[[151.08640145273927,-34.013016498205616],[151.08640145273927,-34.00402329456837],[151.0953946563765,-34.00402329456837],[151.0953946563765,-34.013016498205616],[151.08640145273927,-34.013016498205616]]]}},{"type":"Feature","properties":{"jobs":0,"pop":279,"pointCount":1,"homeWorkCommuteMedian":40881,"workHomeCommuteMedian":-1},"geometry":{"type":"Polygon","coordinates":[[[151.08640145273927,-34.00402329456837],[151.08640145273927,-33.995030090931124],[151.0953946563765,-33.995030090931124],[151.0953946563765,-34.00402329456837],[151.08640145273927,-34.00402329456837]]]}},{"type":"Feature","properties":{"jobs":150,"pop":755,"pointCount":3,"homeWorkCommuteMedian":23343,"workHomeCommuteMedian":5776},"geometry":{"type":"Polygon","coordinates":[[[151.08640145273927,-33.995030090931124],[151.08640145273927,-33.98603688729388],[151.0953946563765,-33.98603688729388],[151.0953946563765,-33.995030090931124],[151.08640145273927,-33.995030090931124]]]}},{"type":"Feature","properties":{"jobs":219,"pop":585,"pointCount":2,"homeWorkCommuteMedian":17802,"workHomeCommuteMedian":17738},"geometry":{"type":"Polygon","coordinates":[[[151.08640145273927,-33.98603688729388],[151.08640145273927,-33.97704368365663],[151.0953946563765,-33.97704368365663],[151.0953946563765,-33.98603688729388],[151.08640145273927,-33.98603688729388]]]}},{"type":"Feature","properties":{"jobs":0,"pop":1196,"pointCount":6,"homeWorkCommuteMedian":20126,"workHomeCommuteMedian":-1},"geometry":{"type":"Polygon","coordinates":[[[151.08640145273927,-33.97704368365663],[151.08640145273927,-33.968050480019386],[151.0953946563765,-33.968050480019386],[151.0953946563765,-33.97704368365663],[151.08640145273927,-33.97704368365663]]]}},{"type":"Feature","properties":{"jobs":1128,"pop":1435,"pointCount":6,"homeWorkCommuteMedian":14868,"workHomeCommuteMedian":4065},"geometry":{"type":"Polygon","coordinates":[[[151.08640145273927,-33.968050480019386],[151.08640145273927,-33.95905727638214],[151.0953946563765,-33.95905727638214],[151.0953946563765,-33.968050480019386],[151.08640145273927,-33.968050480019386]]]}},{"type":"Feature","properties":{"jobs":747,"pop":1869,"pointCount":8,"homeWorkCommuteMedian":16161,"workHomeCommuteMedian":12885},"geometry":{"type":"Polygon","coordinates":[[[151.08640145273927,-33.95905727638214],[151.08640145273927,-33.950064072744894],[151.0953946563765,-33.950064072744894],[151.0953946563765,-33.95905727638214],[151.08640145273927,-33.95905727638214]]]}},{"type":"Feature","properties":{"jobs":2335,"pop":760,"pointCount":4,"homeWorkCommuteMedian":14409,"workHomeCommuteMedian":6604},"geometry":{"type":"Polygon","coordinates":[[[151.08640145273927,-33.950064072744894],[151.08640145273927,-33.94107086910765],[151.0953946563765,-33.94107086910765],[151.0953946563765,-33.950064072744894],[151.08640145273927,-33.950064072744894]]]}},{"type":"Feature","properties":{"jobs":1028,"pop":694,"pointCount":3,"homeWorkCommuteMedian":17088,"workHomeCommuteMedian":20081},"geometry":{"type":"Polygon","coordinates":[[[151.08640145273927,-33.94107086910765],[151.08640145273927,-33.9320776654704],[151.0953946563765,-33.9320776654704],[151.0953946563765,-33.94107086910765],[151.08640145273927,-33.94107086910765]]]}},{"type":"Feature","properties":{"jobs":917,"pop":1862,"pointCount":6,"homeWorkCommuteMedian":13001,"workHomeCommuteMedian":11106},"geometry":{"type":"Polygon","coordinates":[[[151.08640145273927,-33.9320776654704],[151.08640145273927,-33.923084461833156],[151.0953946563765,-33.923084461833156],[151.0953946563765,-33.9320776654704],[151.08640145273927,-33.9320776654704]]]}},{"type":"Feature","properties":{"jobs":830,"pop":1486,"pointCount":4,"homeWorkCommuteMedian":13420,"workHomeCommuteMedian":11170},"geometry":{"type":"Polygon","coordinates":[[[151.08640145273927,-33.923084461833156],[151.08640145273927,-33.91409125819591],[151.0953946563765,-33.91409125819591],[151.0953946563765,-33.923084461833156],[151.08640145273927,-33.923084461833156]]]}},{"type":"Feature","properties":{"jobs":631,"pop":1461,"pointCount":7,"homeWorkCommuteMedian":8514,"workHomeCommuteMedian":3716},"geometry":{"type":"Polygon","coordinates":[[[151.08640145273927,-33.91409125819591],[151.08640145273927,-33.905098054558664],[151.0953946563765,-33.905098054558664],[151.0953946563765,-33.91409125819591],[151.08640145273927,-33.91409125819591]]]}},{"type":"Feature","properties":{"jobs":724,"pop":1076,"pointCount":4,"homeWorkCommuteMedian":13584,"workHomeCommuteMedian":32030},"geometry":{"type":"Polygon","coordinates":[[[151.08640145273927,-33.905098054558664],[151.08640145273927,-33.89610485092142],[151.0953946563765,-33.89610485092142],[151.0953946563765,-33.905098054558664],[151.08640145273927,-33.905098054558664]]]}},{"type":"Feature","properties":{"jobs":1160,"pop":1342,"pointCount":5,"homeWorkCommuteMedian":9709,"workHomeCommuteMedian":12142},"geometry":{"type":"Polygon","coordinates":[[[151.08640145273927,-33.89610485092142],[151.08640145273927,-33.88711164728417],[151.0953946563765,-33.88711164728417],[151.0953946563765,-33.89610485092142],[151.08640145273927,-33.89610485092142]]]}},{"type":"Feature","properties":{"jobs":1085,"pop":1516,"pointCount":6,"homeWorkCommuteMedian":13082,"workHomeCommuteMedian":7571},"geometry":{"type":"Polygon","coordinates":[[[151.08640145273927,-33.88711164728417],[151.08640145273927,-33.878118443646926],[151.0953946563765,-33.878118443646926],[151.0953946563765,-33.88711164728417],[151.08640145273927,-33.88711164728417]]]}},{"type":"Feature","properties":{"jobs":2321,"pop":4275,"pointCount":5,"homeWorkCommuteMedian":12542,"workHomeCommuteMedian":14991},"geometry":{"type":"Polygon","coordinates":[[[151.08640145273927,-33.878118443646926],[151.08640145273927,-33.86912524000968],[151.0953946563765,-33.86912524000968],[151.0953946563765,-33.878118443646926],[151.08640145273927,-33.878118443646926]]]}},{"type":"Feature","properties":{"jobs":1000,"pop":4407,"pointCount":7,"homeWorkCommuteMedian":14382,"workHomeCommuteMedian":13047},"geometry":{"type":"Polygon","coordinates":[[[151.08640145273927,-33.86912524000968],[151.08640145273927,-33.860132036372434],[151.0953946563765,-33.860132036372434],[151.0953946563765,-33.86912524000968],[151.08640145273927,-33.86912524000968]]]}},{"type":"Feature","properties":{"jobs":420,"pop":1786,"pointCount":5,"homeWorkCommuteMedian":13085,"workHomeCommuteMedian":8599},"geometry":{"type":"Polygon","coordinates":[[[151.08640145273927,-33.860132036372434],[151.08640145273927,-33.85113883273519],[151.0953946563765,-33.85113883273519],[151.0953946563765,-33.860132036372434],[151.08640145273927,-33.860132036372434]]]}},{"type":"Feature","properties":{"jobs":420,"pop":1660,"pointCount":6,"homeWorkCommuteMedian":15850,"workHomeCommuteMedian":11493},"geometry":{"type":"Polygon","coordinates":[[[151.08640145273927,-33.85113883273519],[151.08640145273927,-33.84214562909794],[151.0953946563765,-33.84214562909794],[151.0953946563765,-33.85113883273519],[151.08640145273927,-33.85113883273519]]]}},{"type":"Feature","properties":{"jobs":159,"pop":372,"pointCount":2,"homeWorkCommuteMedian":2637,"workHomeCommuteMedian":8685},"geometry":{"type":"Polygon","coordinates":[[[151.08640145273927,-33.84214562909794],[151.08640145273927,-33.833152425460696],[151.0953946563765,-33.833152425460696],[151.0953946563765,-33.84214562909794],[151.08640145273927,-33.84214562909794]]]}},{"type":"Feature","properties":{"jobs":6776,"pop":2096,"pointCount":4,"homeWorkCommuteMedian":18576,"workHomeCommuteMedian":11595},"geometry":{"type":"Polygon","coordinates":[[[151.08640145273927,-33.833152425460696],[151.08640145273927,-33.82415922182345],[151.0953946563765,-33.82415922182345],[151.0953946563765,-33.833152425460696],[151.08640145273927,-33.833152425460696]]]}},{"type":"Feature","properties":{"jobs":878,"pop":3038,"pointCount":3,"homeWorkCommuteMedian":14155,"workHomeCommuteMedian":23929},"geometry":{"type":"Polygon","coordinates":[[[151.08640145273927,-33.82415922182345],[151.08640145273927,-33.815166018186204],[151.0953946563765,-33.815166018186204],[151.0953946563765,-33.82415922182345],[151.08640145273927,-33.82415922182345]]]}},{"type":"Feature","properties":{"jobs":739,"pop":1144,"pointCount":3,"homeWorkCommuteMedian":15680,"workHomeCommuteMedian":15485},"geometry":{"type":"Polygon","coordinates":[[[151.08640145273927,-33.815166018186204],[151.08640145273927,-33.80617281454896],[151.0953946563765,-33.80617281454896],[151.0953946563765,-33.815166018186204],[151.08640145273927,-33.815166018186204]]]}},{"type":"Feature","properties":{"jobs":1380,"pop":2168,"pointCount":6,"homeWorkCommuteMedian":15614,"workHomeCommuteMedian":9700},"geometry":{"type":"Polygon","coordinates":[[[151.08640145273927,-33.80617281454896],[151.08640145273927,-33.79717961091171],[151.0953946563765,-33.79717961091171],[151.0953946563765,-33.80617281454896],[151.08640145273927,-33.80617281454896]]]}},{"type":"Feature","properties":{"jobs":263,"pop":1574,"pointCount":5,"homeWorkCommuteMedian":10947,"workHomeCommuteMedian":4603},"geometry":{"type":"Polygon","coordinates":[[[151.08640145273927,-33.79717961091171],[151.08640145273927,-33.788186407274466],[151.0953946563765,-33.788186407274466],[151.0953946563765,-33.79717961091171],[151.08640145273927,-33.79717961091171]]]}},{"type":"Feature","properties":{"jobs":137,"pop":1387,"pointCount":6,"homeWorkCommuteMedian":15431,"workHomeCommuteMedian":6231},"geometry":{"type":"Polygon","coordinates":[[[151.08640145273927,-33.788186407274466],[151.08640145273927,-33.77919320363722],[151.0953946563765,-33.77919320363722],[151.0953946563765,-33.788186407274466],[151.08640145273927,-33.788186407274466]]]}},{"type":"Feature","properties":{"jobs":0,"pop":435,"pointCount":3,"homeWorkCommuteMedian":2630,"workHomeCommuteMedian":-1},"geometry":{"type":"Polygon","coordinates":[[[151.08640145273927,-33.77919320363722],[151.08640145273927,-33.770199999999974],[151.0953946563765,-33.770199999999974],[151.0953946563765,-33.77919320363722],[151.08640145273927,-33.77919320363722]]]}},{"type":"Feature","properties":{"jobs":367,"pop":1117,"pointCount":4,"homeWorkCommuteMedian":20287,"workHomeCommuteMedian":3990},"geometry":{"type":"Polygon","coordinates":[[[151.08640145273927,-33.770199999999974],[151.08640145273927,-33.76120679636273],[151.0953946563765,-33.76120679636273],[151.0953946563765,-33.770199999999974],[151.08640145273927,-33.770199999999974]]]}},{"type":"Feature","properties":{"jobs":157,"pop":1154,"pointCount":5,"homeWorkCommuteMedian":14773,"workHomeCommuteMedian":2730},"geometry":{"type":"Polygon","coordinates":[[[151.08640145273927,-33.76120679636273],[151.08640145273927,-33.75221359272548],[151.0953946563765,-33.75221359272548],[151.0953946563765,-33.76120679636273],[151.08640145273927,-33.76120679636273]]]}},{"type":"Feature","properties":{"jobs":1019,"pop":256,"pointCount":2,"homeWorkCommuteMedian":17012,"workHomeCommuteMedian":11583},"geometry":{"type":"Polygon","coordinates":[[[151.08640145273927,-33.743220389088236],[151.08640145273927,-33.73422718545099],[151.0953946563765,-33.73422718545099],[151.0953946563765,-33.743220389088236],[151.08640145273927,-33.743220389088236]]]}},{"type":"Feature","properties":{"jobs":247,"pop":963,"pointCount":4,"homeWorkCommuteMedian":26617,"workHomeCommuteMedian":8996},"geometry":{"type":"Polygon","coordinates":[[[151.08640145273927,-33.73422718545099],[151.08640145273927,-33.725233981813744],[151.0953946563765,-33.725233981813744],[151.0953946563765,-33.73422718545099],[151.08640145273927,-33.73422718545099]]]}},{"type":"Feature","properties":{"jobs":230,"pop":837,"pointCount":4,"homeWorkCommuteMedian":14285,"workHomeCommuteMedian":2303},"geometry":{"type":"Polygon","coordinates":[[[151.08640145273927,-33.725233981813744],[151.08640145273927,-33.7162407781765],[151.0953946563765,-33.7162407781765],[151.0953946563765,-33.725233981813744],[151.08640145273927,-33.725233981813744]]]}},{"type":"Feature","properties":{"jobs":0,"pop":1139,"pointCount":5,"homeWorkCommuteMedian":16806,"workHomeCommuteMedian":-1},"geometry":{"type":"Polygon","coordinates":[[[151.08640145273927,-33.7162407781765],[151.08640145273927,-33.70724757453925],[151.0953946563765,-33.70724757453925],[151.0953946563765,-33.7162407781765],[151.08640145273927,-33.7162407781765]]]}},{"type":"Feature","properties":{"jobs":269,"pop":599,"pointCount":3,"homeWorkCommuteMedian":13692,"workHomeCommuteMedian":4682},"geometry":{"type":"Polygon","coordinates":[[[151.08640145273927,-33.70724757453925],[151.08640145273927,-33.698254370902006],[151.0953946563765,-33.698254370902006],[151.0953946563765,-33.70724757453925],[151.08640145273927,-33.70724757453925]]]}},{"type":"Feature","properties":{"jobs":385,"pop":381,"pointCount":3,"homeWorkCommuteMedian":30642,"workHomeCommuteMedian":13506},"geometry":{"type":"Polygon","coordinates":[[[151.08640145273927,-33.698254370902006],[151.08640145273927,-33.68926116726476],[151.0953946563765,-33.68926116726476],[151.0953946563765,-33.698254370902006],[151.08640145273927,-33.698254370902006]]]}},{"type":"Feature","properties":{"jobs":0,"pop":462,"pointCount":3,"homeWorkCommuteMedian":24418,"workHomeCommuteMedian":-1},"geometry":{"type":"Polygon","coordinates":[[[151.08640145273927,-33.68926116726476],[151.08640145273927,-33.680267963627514],[151.0953946563765,-33.680267963627514],[151.0953946563765,-33.68926116726476],[151.08640145273927,-33.68926116726476]]]}},{"type":"Feature","properties":{"jobs":0,"pop":265,"pointCount":1,"homeWorkCommuteMedian":28870,"workHomeCommuteMedian":-1},"geometry":{"type":"Polygon","coordinates":[[[151.08640145273927,-33.680267963627514],[151.08640145273927,-33.67127475999027],[151.0953946563765,-33.67127475999027],[151.0953946563765,-33.680267963627514],[151.08640145273927,-33.680267963627514]]]}},{"type":"Feature","properties":{"jobs":0,"pop":645,"pointCount":3,"homeWorkCommuteMedian":33923,"workHomeCommuteMedian":-1},"geometry":{"type":"Polygon","coordinates":[[[151.08640145273927,-33.67127475999027],[151.08640145273927,-33.66228155635302],[151.0953946563765,-33.66228155635302],[151.0953946563765,-33.67127475999027],[151.08640145273927,-33.67127475999027]]]}},{"type":"Feature","properties":{"jobs":430,"pop":120,"pointCount":1,"homeWorkCommuteMedian":15182,"workHomeCommuteMedian":20294},"geometry":{"type":"Polygon","coordinates":[[[151.08640145273927,-33.64429514907853],[151.08640145273927,-33.635301945441284],[151.0953946563765,-33.635301945441284],[151.0953946563765,-33.64429514907853],[151.08640145273927,-33.64429514907853]]]}},{"type":"Feature","properties":{"jobs":543,"pop":547,"pointCount":2,"homeWorkCommuteMedian":29431,"workHomeCommuteMedian":7190},"geometry":{"type":"Polygon","coordinates":[[[151.0953946563765,-34.057982516391846],[151.0953946563765,-34.0489893127546],[151.10438786001373,-34.0489893127546],[151.10438786001373,-34.057982516391846],[151.0953946563765,-34.057982516391846]]]}},{"type":"Feature","properties":{"jobs":476,"pop":970,"pointCount":5,"homeWorkCommuteMedian":20496,"workHomeCommuteMedian":7942},"geometry":{"type":"Polygon","coordinates":[[[151.0953946563765,-34.0489893127546],[151.0953946563765,-34.039996109117354],[151.10438786001373,-34.039996109117354],[151.10438786001373,-34.0489893127546],[151.0953946563765,-34.0489893127546]]]}},{"type":"Feature","properties":{"jobs":2481,"pop":1940,"pointCount":5,"homeWorkCommuteMedian":15407,"workHomeCommuteMedian":4433},"geometry":{"type":"Polygon","coordinates":[[[151.0953946563765,-34.039996109117354],[151.0953946563765,-34.03100290548011],[151.10438786001373,-34.03100290548011],[151.10438786001373,-34.039996109117354],[151.0953946563765,-34.039996109117354]]]}},{"type":"Feature","properties":{"jobs":848,"pop":1673,"pointCount":7,"homeWorkCommuteMedian":18700,"workHomeCommuteMedian":12491},"geometry":{"type":"Polygon","coordinates":[[[151.0953946563765,-34.03100290548011],[151.0953946563765,-34.02200970184286],[151.10438786001373,-34.02200970184286],[151.10438786001373,-34.03100290548011],[151.0953946563765,-34.03100290548011]]]}},{"type":"Feature","properties":{"jobs":1166,"pop":1296,"pointCount":5,"homeWorkCommuteMedian":9006,"workHomeCommuteMedian":7559},"geometry":{"type":"Polygon","coordinates":[[[151.0953946563765,-34.02200970184286],[151.0953946563765,-34.013016498205616],[151.10438786001373,-34.013016498205616],[151.10438786001373,-34.02200970184286],[151.0953946563765,-34.02200970184286]]]}},{"type":"Feature","properties":{"jobs":431,"pop":948,"pointCount":4,"homeWorkCommuteMedian":20855,"workHomeCommuteMedian":2428},"geometry":{"type":"Polygon","coordinates":[[[151.0953946563765,-34.013016498205616],[151.0953946563765,-34.00402329456837],[151.10438786001373,-34.00402329456837],[151.10438786001373,-34.013016498205616],[151.0953946563765,-34.013016498205616]]]}},{"type":"Feature","properties":{"jobs":106,"pop":268,"pointCount":1,"homeWorkCommuteMedian":23438,"workHomeCommuteMedian":10891},"geometry":{"type":"Polygon","coordinates":[[[151.0953946563765,-34.00402329456837],[151.0953946563765,-33.995030090931124],[151.10438786001373,-33.995030090931124],[151.10438786001373,-34.00402329456837],[151.0953946563765,-34.00402329456837]]]}},{"type":"Feature","properties":{"jobs":109,"pop":602,"pointCount":2,"homeWorkCommuteMedian":7554,"workHomeCommuteMedian":42508},"geometry":{"type":"Polygon","coordinates":[[[151.0953946563765,-33.995030090931124],[151.0953946563765,-33.98603688729388],[151.10438786001373,-33.98603688729388],[151.10438786001373,-33.995030090931124],[151.0953946563765,-33.995030090931124]]]}},{"type":"Feature","properties":{"jobs":343,"pop":1085,"pointCount":5,"homeWorkCommuteMedian":18199,"workHomeCommuteMedian":5401},"geometry":{"type":"Polygon","coordinates":[[[151.0953946563765,-33.98603688729388],[151.0953946563765,-33.97704368365663],[151.10438786001373,-33.97704368365663],[151.10438786001373,-33.98603688729388],[151.0953946563765,-33.98603688729388]]]}},{"type":"Feature","properties":{"jobs":444,"pop":2300,"pointCount":7,"homeWorkCommuteMedian":12705,"workHomeCommuteMedian":9742},"geometry":{"type":"Polygon","coordinates":[[[151.0953946563765,-33.97704368365663],[151.0953946563765,-33.968050480019386],[151.10438786001373,-33.968050480019386],[151.10438786001373,-33.97704368365663],[151.0953946563765,-33.97704368365663]]]}},{"type":"Feature","properties":{"jobs":2759,"pop":5571,"pointCount":8,"homeWorkCommuteMedian":14199,"workHomeCommuteMedian":6844},"geometry":{"type":"Polygon","coordinates":[[[151.0953946563765,-33.968050480019386],[151.0953946563765,-33.95905727638214],[151.10438786001373,-33.95905727638214],[151.10438786001373,-33.968050480019386],[151.0953946563765,-33.968050480019386]]]}},{"type":"Feature","properties":{"jobs":291,"pop":1667,"pointCount":7,"homeWorkCommuteMedian":19239,"workHomeCommuteMedian":5832},"geometry":{"type":"Polygon","coordinates":[[[151.0953946563765,-33.95905727638214],[151.0953946563765,-33.950064072744894],[151.10438786001373,-33.950064072744894],[151.10438786001373,-33.95905727638214],[151.0953946563765,-33.95905727638214]]]}},{"type":"Feature","properties":{"jobs":720,"pop":1519,"pointCount":6,"homeWorkCommuteMedian":13093,"workHomeCommuteMedian":16790},"geometry":{"type":"Polygon","coordinates":[[[151.0953946563765,-33.950064072744894],[151.0953946563765,-33.94107086910765],[151.10438786001373,-33.94107086910765],[151.10438786001373,-33.950064072744894],[151.0953946563765,-33.950064072744894]]]}},{"type":"Feature","properties":{"jobs":2124,"pop":643,"pointCount":4,"homeWorkCommuteMedian":19508,"workHomeCommuteMedian":9685},"geometry":{"type":"Polygon","coordinates":[[[151.0953946563765,-33.94107086910765],[151.0953946563765,-33.9320776654704],[151.10438786001373,-33.9320776654704],[151.10438786001373,-33.94107086910765],[151.0953946563765,-33.94107086910765]]]}},{"type":"Feature","properties":{"jobs":1453,"pop":1752,"pointCount":6,"homeWorkCommuteMedian":13188,"workHomeCommuteMedian":12612},"geometry":{"type":"Polygon","coordinates":[[[151.0953946563765,-33.9320776654704],[151.0953946563765,-33.923084461833156],[151.10438786001373,-33.923084461833156],[151.10438786001373,-33.9320776654704],[151.0953946563765,-33.9320776654704]]]}},{"type":"Feature","properties":{"jobs":1869,"pop":2659,"pointCount":4,"homeWorkCommuteMedian":12802,"workHomeCommuteMedian":5081},"geometry":{"type":"Polygon","coordinates":[[[151.0953946563765,-33.923084461833156],[151.0953946563765,-33.91409125819591],[151.10438786001373,-33.91409125819591],[151.10438786001373,-33.923084461833156],[151.0953946563765,-33.923084461833156]]]}},{"type":"Feature","properties":{"jobs":1643,"pop":2127,"pointCount":5,"homeWorkCommuteMedian":12848,"workHomeCommuteMedian":5015},"geometry":{"type":"Polygon","coordinates":[[[151.0953946563765,-33.91409125819591],[151.0953946563765,-33.905098054558664],[151.10438786001373,-33.905098054558664],[151.10438786001373,-33.91409125819591],[151.0953946563765,-33.91409125819591]]]}},{"type":"Feature","properties":{"jobs":640,"pop":2583,"pointCount":6,"homeWorkCommuteMedian":16444,"workHomeCommuteMedian":5335},"geometry":{"type":"Polygon","coordinates":[[[151.0953946563765,-33.905098054558664],[151.0953946563765,-33.89610485092142],[151.10438786001373,-33.89610485092142],[151.10438786001373,-33.905098054558664],[151.0953946563765,-33.905098054558664]]]}},{"type":"Feature","properties":{"jobs":1122,"pop":1707,"pointCount":7,"homeWorkCommuteMedian":11577,"workHomeCommuteMedian":19474},"geometry":{"type":"Polygon","coordinates":[[[151.0953946563765,-33.89610485092142],[151.0953946563765,-33.88711164728417],[151.10438786001373,-33.88711164728417],[151.10438786001373,-33.89610485092142],[151.0953946563765,-33.89610485092142]]]}},{"type":"Feature","properties":{"jobs":726,"pop":1145,"pointCount":5,"homeWorkCommuteMedian":11800,"workHomeCommuteMedian":15844},"geometry":{"type":"Polygon","coordinates":[[[151.0953946563765,-33.88711164728417],[151.0953946563765,-33.878118443646926],[151.10438786001373,-33.878118443646926],[151.10438786001373,-33.88711164728417],[151.0953946563765,-33.88711164728417]]]}},{"type":"Feature","properties":{"jobs":5439,"pop":4592,"pointCount":5,"homeWorkCommuteMedian":13826,"workHomeCommuteMedian":8948},"geometry":{"type":"Polygon","coordinates":[[[151.0953946563765,-33.878118443646926],[151.0953946563765,-33.86912524000968],[151.10438786001373,-33.86912524000968],[151.10438786001373,-33.878118443646926],[151.0953946563765,-33.878118443646926]]]}},{"type":"Feature","properties":{"jobs":571,"pop":972,"pointCount":4,"homeWorkCommuteMedian":10267,"workHomeCommuteMedian":7919},"geometry":{"type":"Polygon","coordinates":[[[151.0953946563765,-33.86912524000968],[151.0953946563765,-33.860132036372434],[151.10438786001373,-33.860132036372434],[151.10438786001373,-33.86912524000968],[151.0953946563765,-33.86912524000968]]]}},{"type":"Feature","properties":{"jobs":279,"pop":1147,"pointCount":4,"homeWorkCommuteMedian":13535,"workHomeCommuteMedian":40767},"geometry":{"type":"Polygon","coordinates":[[[151.0953946563765,-33.860132036372434],[151.0953946563765,-33.85113883273519],[151.10438786001373,-33.85113883273519],[151.10438786001373,-33.860132036372434],[151.0953946563765,-33.860132036372434]]]}},{"type":"Feature","properties":{"jobs":665,"pop":661,"pointCount":4,"homeWorkCommuteMedian":20989,"workHomeCommuteMedian":12037},"geometry":{"type":"Polygon","coordinates":[[[151.0953946563765,-33.85113883273519],[151.0953946563765,-33.84214562909794],[151.10438786001373,-33.84214562909794],[151.10438786001373,-33.85113883273519],[151.0953946563765,-33.85113883273519]]]}},{"type":"Feature","properties":{"jobs":3201,"pop":0,"pointCount":1,"homeWorkCommuteMedian":-1,"workHomeCommuteMedian":10111},"geometry":{"type":"Polygon","coordinates":[[[151.0953946563765,-33.84214562909794],[151.0953946563765,-33.833152425460696],[151.10438786001373,-33.833152425460696],[151.10438786001373,-33.84214562909794],[151.0953946563765,-33.84214562909794]]]}},{"type":"Feature","properties":{"jobs":285,"pop":218,"pointCount":1,"homeWorkCommuteMedian":33123,"workHomeCommuteMedian":1028},"geometry":{"type":"Polygon","coordinates":[[[151.0953946563765,-33.833152425460696],[151.0953946563765,-33.82415922182345],[151.10438786001373,-33.82415922182345],[151.10438786001373,-33.833152425460696],[151.0953946563765,-33.833152425460696]]]}},{"type":"Feature","properties":{"jobs":421,"pop":4821,"pointCount":5,"homeWorkCommuteMedian":14020,"workHomeCommuteMedian":10404},"geometry":{"type":"Polygon","coordinates":[[[151.0953946563765,-33.82415922182345],[151.0953946563765,-33.815166018186204],[151.10438786001373,-33.815166018186204],[151.10438786001373,-33.82415922182345],[151.0953946563765,-33.82415922182345]]]}},{"type":"Feature","properties":{"jobs":857,"pop":2398,"pointCount":5,"homeWorkCommuteMedian":10208,"workHomeCommuteMedian":5378},"geometry":{"type":"Polygon","coordinates":[[[151.0953946563765,-33.815166018186204],[151.0953946563765,-33.80617281454896],[151.10438786001373,-33.80617281454896],[151.10438786001373,-33.815166018186204],[151.0953946563765,-33.815166018186204]]]}},{"type":"Feature","properties":{"jobs":528,"pop":1453,"pointCount":6,"homeWorkCommuteMedian":15481,"workHomeCommuteMedian":19804},"geometry":{"type":"Polygon","coordinates":[[[151.0953946563765,-33.80617281454896],[151.0953946563765,-33.79717961091171],[151.10438786001373,-33.79717961091171],[151.10438786001373,-33.80617281454896],[151.0953946563765,-33.80617281454896]]]}},{"type":"Feature","properties":{"jobs":0,"pop":1168,"pointCount":5,"homeWorkCommuteMedian":15869,"workHomeCommuteMedian":-1},"geometry":{"type":"Polygon","coordinates":[[[151.0953946563765,-33.79717961091171],[151.0953946563765,-33.788186407274466],[151.10438786001373,-33.788186407274466],[151.10438786001373,-33.79717961091171],[151.0953946563765,-33.79717961091171]]]}},{"type":"Feature","properties":{"jobs":100,"pop":1042,"pointCount":6,"homeWorkCommuteMedian":17577,"workHomeCommuteMedian":2720},"geometry":{"type":"Polygon","coordinates":[[[151.0953946563765,-33.788186407274466],[151.0953946563765,-33.77919320363722],[151.10438786001373,-33.77919320363722],[151.10438786001373,-33.788186407274466],[151.0953946563765,-33.788186407274466]]]}},{"type":"Feature","properties":{"jobs":489,"pop":892,"pointCount":4,"homeWorkCommuteMedian":14691,"workHomeCommuteMedian":10218},"geometry":{"type":"Polygon","coordinates":[[[151.0953946563765,-33.77919320363722],[151.0953946563765,-33.770199999999974],[151.10438786001373,-33.770199999999974],[151.10438786001373,-33.77919320363722],[151.0953946563765,-33.77919320363722]]]}},{"type":"Feature","properties":{"jobs":689,"pop":1340,"pointCount":5,"homeWorkCommuteMedian":11888,"workHomeCommuteMedian":10562},"geometry":{"type":"Polygon","coordinates":[[[151.0953946563765,-33.770199999999974],[151.0953946563765,-33.76120679636273],[151.10438786001373,-33.76120679636273],[151.10438786001373,-33.770199999999974],[151.0953946563765,-33.770199999999974]]]}},{"type":"Feature","properties":{"jobs":278,"pop":582,"pointCount":3,"homeWorkCommuteMedian":13876,"workHomeCommuteMedian":16654},"geometry":{"type":"Polygon","coordinates":[[[151.0953946563765,-33.76120679636273],[151.0953946563765,-33.75221359272548],[151.10438786001373,-33.75221359272548],[151.10438786001373,-33.76120679636273],[151.0953946563765,-33.76120679636273]]]}},{"type":"Feature","properties":{"jobs":295,"pop":149,"pointCount":1,"homeWorkCommuteMedian":2799,"workHomeCommuteMedian":5346},"geometry":{"type":"Polygon","coordinates":[[[151.0953946563765,-33.75221359272548],[151.0953946563765,-33.743220389088236],[151.10438786001373,-33.743220389088236],[151.10438786001373,-33.75221359272548],[151.0953946563765,-33.75221359272548]]]}},{"type":"Feature","properties":{"jobs":968,"pop":508,"pointCount":2,"homeWorkCommuteMedian":21295,"workHomeCommuteMedian":11746},"geometry":{"type":"Polygon","coordinates":[[[151.0953946563765,-33.743220389088236],[151.0953946563765,-33.73422718545099],[151.10438786001373,-33.73422718545099],[151.10438786001373,-33.743220389088236],[151.0953946563765,-33.743220389088236]]]}},{"type":"Feature","properties":{"jobs":737,"pop":516,"pointCount":4,"homeWorkCommuteMedian":26086,"workHomeCommuteMedian":13976},"geometry":{"type":"Polygon","coordinates":[[[151.0953946563765,-33.73422718545099],[151.0953946563765,-33.725233981813744],[151.10438786001373,-33.725233981813744],[151.10438786001373,-33.73422718545099],[151.0953946563765,-33.73422718545099]]]}},{"type":"Feature","properties":{"jobs":448,"pop":635,"pointCount":4,"homeWorkCommuteMedian":13163,"workHomeCommuteMedian":17092},"geometry":{"type":"Polygon","coordinates":[[[151.0953946563765,-33.725233981813744],[151.0953946563765,-33.7162407781765],[151.10438786001373,-33.7162407781765],[151.10438786001373,-33.725233981813744],[151.0953946563765,-33.725233981813744]]]}},{"type":"Feature","properties":{"jobs":685,"pop":2477,"pointCount":5,"homeWorkCommuteMedian":20633,"workHomeCommuteMedian":2798},"geometry":{"type":"Polygon","coordinates":[[[151.0953946563765,-33.7162407781765],[151.0953946563765,-33.70724757453925],[151.10438786001373,-33.70724757453925],[151.10438786001373,-33.7162407781765],[151.0953946563765,-33.7162407781765]]]}},{"type":"Feature","properties":{"jobs":5423,"pop":3830,"pointCount":9,"homeWorkCommuteMedian":15420,"workHomeCommuteMedian":8032},"geometry":{"type":"Polygon","coordinates":[[[151.0953946563765,-33.70724757453925],[151.0953946563765,-33.698254370902006],[151.10438786001373,-33.698254370902006],[151.10438786001373,-33.70724757453925],[151.0953946563765,-33.70724757453925]]]}},{"type":"Feature","properties":{"jobs":109,"pop":1104,"pointCount":6,"homeWorkCommuteMedian":16432,"workHomeCommuteMedian":6607},"geometry":{"type":"Polygon","coordinates":[[[151.0953946563765,-33.698254370902006],[151.0953946563765,-33.68926116726476],[151.10438786001373,-33.68926116726476],[151.10438786001373,-33.698254370902006],[151.0953946563765,-33.698254370902006]]]}},{"type":"Feature","properties":{"jobs":387,"pop":886,"pointCount":5,"homeWorkCommuteMedian":29774,"workHomeCommuteMedian":11222},"geometry":{"type":"Polygon","coordinates":[[[151.0953946563765,-33.68926116726476],[151.0953946563765,-33.680267963627514],[151.10438786001373,-33.680267963627514],[151.10438786001373,-33.68926116726476],[151.0953946563765,-33.68926116726476]]]}},{"type":"Feature","properties":{"jobs":0,"pop":411,"pointCount":3,"homeWorkCommuteMedian":28378,"workHomeCommuteMedian":-1},"geometry":{"type":"Polygon","coordinates":[[[151.0953946563765,-33.680267963627514],[151.0953946563765,-33.67127475999027],[151.10438786001373,-33.67127475999027],[151.10438786001373,-33.680267963627514],[151.0953946563765,-33.680267963627514]]]}},{"type":"Feature","properties":{"jobs":0,"pop":207,"pointCount":1,"homeWorkCommuteMedian":29122,"workHomeCommuteMedian":-1},"geometry":{"type":"Polygon","coordinates":[[[151.0953946563765,-33.67127475999027],[151.0953946563765,-33.66228155635302],[151.10438786001373,-33.66228155635302],[151.10438786001373,-33.67127475999027],[151.0953946563765,-33.67127475999027]]]}},{"type":"Feature","properties":{"jobs":0,"pop":417,"pointCount":2,"homeWorkCommuteMedian":26562,"workHomeCommuteMedian":-1},"geometry":{"type":"Polygon","coordinates":[[[151.0953946563765,-33.66228155635302],[151.0953946563765,-33.65328835271578],[151.10438786001373,-33.65328835271578],[151.10438786001373,-33.66228155635302],[151.0953946563765,-33.66228155635302]]]}},{"type":"Feature","properties":{"jobs":0,"pop":491,"pointCount":1,"homeWorkCommuteMedian":22625,"workHomeCommuteMedian":-1},"geometry":{"type":"Polygon","coordinates":[[[151.10438786001373,-34.06697572002909],[151.10438786001373,-34.057982516391846],[151.11338106365096,-34.057982516391846],[151.11338106365096,-34.06697572002909],[151.10438786001373,-34.06697572002909]]]}},{"type":"Feature","properties":{"jobs":153,"pop":678,"pointCount":3,"homeWorkCommuteMedian":26290,"workHomeCommuteMedian":11618},"geometry":{"type":"Polygon","coordinates":[[[151.10438786001373,-34.057982516391846],[151.10438786001373,-34.0489893127546],[151.11338106365096,-34.0489893127546],[151.11338106365096,-34.057982516391846],[151.10438786001373,-34.057982516391846]]]}},{"type":"Feature","properties":{"jobs":0,"pop":483,"pointCount":3,"homeWorkCommuteMedian":23634,"workHomeCommuteMedian":-1},"geometry":{"type":"Polygon","coordinates":[[[151.10438786001373,-34.0489893127546],[151.10438786001373,-34.039996109117354],[151.11338106365096,-34.039996109117354],[151.11338106365096,-34.0489893127546],[151.10438786001373,-34.0489893127546]]]}},{"type":"Feature","properties":{"jobs":1955,"pop":2459,"pointCount":8,"homeWorkCommuteMedian":16413,"workHomeCommuteMedian":4570},"geometry":{"type":"Polygon","coordinates":[[[151.10438786001373,-34.039996109117354],[151.10438786001373,-34.03100290548011],[151.11338106365096,-34.03100290548011],[151.11338106365096,-34.039996109117354],[151.10438786001373,-34.039996109117354]]]}},{"type":"Feature","properties":{"jobs":482,"pop":453,"pointCount":2,"homeWorkCommuteMedian":22835,"workHomeCommuteMedian":9191},"geometry":{"type":"Polygon","coordinates":[[[151.10438786001373,-34.03100290548011],[151.10438786001373,-34.02200970184286],[151.11338106365096,-34.02200970184286],[151.11338106365096,-34.03100290548011],[151.10438786001373,-34.03100290548011]]]}},{"type":"Feature","properties":{"jobs":576,"pop":776,"pointCount":3,"homeWorkCommuteMedian":17923,"workHomeCommuteMedian":8245},"geometry":{"type":"Polygon","coordinates":[[[151.10438786001373,-34.02200970184286],[151.10438786001373,-34.013016498205616],[151.11338106365096,-34.013016498205616],[151.11338106365096,-34.02200970184286],[151.10438786001373,-34.02200970184286]]]}},{"type":"Feature","properties":{"jobs":116,"pop":1193,"pointCount":5,"homeWorkCommuteMedian":5979,"workHomeCommuteMedian":8833},"geometry":{"type":"Polygon","coordinates":[[[151.10438786001373,-34.013016498205616],[151.10438786001373,-34.00402329456837],[151.11338106365096,-34.00402329456837],[151.11338106365096,-34.013016498205616],[151.10438786001373,-34.013016498205616]]]}},{"type":"Feature","properties":{"jobs":115,"pop":508,"pointCount":2,"homeWorkCommuteMedian":15319,"workHomeCommuteMedian":4993},"geometry":{"type":"Polygon","coordinates":[[[151.10438786001373,-34.00402329456837],[151.10438786001373,-33.995030090931124],[151.11338106365096,-33.995030090931124],[151.11338106365096,-34.00402329456837],[151.10438786001373,-34.00402329456837]]]}},{"type":"Feature","properties":{"jobs":0,"pop":1469,"pointCount":6,"homeWorkCommuteMedian":11898,"workHomeCommuteMedian":-1},"geometry":{"type":"Polygon","coordinates":[[[151.10438786001373,-33.995030090931124],[151.10438786001373,-33.98603688729388],[151.11338106365096,-33.98603688729388],[151.11338106365096,-33.995030090931124],[151.10438786001373,-33.995030090931124]]]}},{"type":"Feature","properties":{"jobs":712,"pop":1446,"pointCount":5,"homeWorkCommuteMedian":15134,"workHomeCommuteMedian":4484},"geometry":{"type":"Polygon","coordinates":[[[151.10438786001373,-33.98603688729388],[151.10438786001373,-33.97704368365663],[151.11338106365096,-33.97704368365663],[151.11338106365096,-33.98603688729388],[151.10438786001373,-33.98603688729388]]]}},{"type":"Feature","properties":{"jobs":1402,"pop":3933,"pointCount":6,"homeWorkCommuteMedian":15975,"workHomeCommuteMedian":7411},"geometry":{"type":"Polygon","coordinates":[[[151.10438786001373,-33.97704368365663],[151.10438786001373,-33.968050480019386],[151.11338106365096,-33.968050480019386],[151.11338106365096,-33.97704368365663],[151.10438786001373,-33.97704368365663]]]}},{"type":"Feature","properties":{"jobs":4673,"pop":2336,"pointCount":6,"homeWorkCommuteMedian":12061,"workHomeCommuteMedian":4784},"geometry":{"type":"Polygon","coordinates":[[[151.10438786001373,-33.968050480019386],[151.10438786001373,-33.95905727638214],[151.11338106365096,-33.95905727638214],[151.11338106365096,-33.968050480019386],[151.10438786001373,-33.968050480019386]]]}},{"type":"Feature","properties":{"jobs":200,"pop":1429,"pointCount":6,"homeWorkCommuteMedian":13945,"workHomeCommuteMedian":3026},"geometry":{"type":"Polygon","coordinates":[[[151.10438786001373,-33.95905727638214],[151.10438786001373,-33.950064072744894],[151.11338106365096,-33.950064072744894],[151.11338106365096,-33.95905727638214],[151.10438786001373,-33.95905727638214]]]}},{"type":"Feature","properties":{"jobs":542,"pop":1249,"pointCount":6,"homeWorkCommuteMedian":5087,"workHomeCommuteMedian":4764},"geometry":{"type":"Polygon","coordinates":[[[151.10438786001373,-33.950064072744894],[151.10438786001373,-33.94107086910765],[151.11338106365096,-33.94107086910765],[151.11338106365096,-33.950064072744894],[151.10438786001373,-33.950064072744894]]]}},{"type":"Feature","properties":{"jobs":301,"pop":1187,"pointCount":5,"homeWorkCommuteMedian":11303,"workHomeCommuteMedian":5818},"geometry":{"type":"Polygon","coordinates":[[[151.10438786001373,-33.94107086910765],[151.10438786001373,-33.9320776654704],[151.11338106365096,-33.9320776654704],[151.11338106365096,-33.94107086910765],[151.10438786001373,-33.94107086910765]]]}},{"type":"Feature","properties":{"jobs":328,"pop":1424,"pointCount":7,"homeWorkCommuteMedian":14341,"workHomeCommuteMedian":5598},"geometry":{"type":"Polygon","coordinates":[[[151.10438786001373,-33.9320776654704],[151.10438786001373,-33.923084461833156],[151.11338106365096,-33.923084461833156],[151.11338106365096,-33.9320776654704],[151.10438786001373,-33.9320776654704]]]}},{"type":"Feature","properties":{"jobs":402,"pop":1723,"pointCount":3,"homeWorkCommuteMedian":12031,"workHomeCommuteMedian":12199},"geometry":{"type":"Polygon","coordinates":[[[151.10438786001373,-33.923084461833156],[151.10438786001373,-33.91409125819591],[151.11338106365096,-33.91409125819591],[151.11338106365096,-33.923084461833156],[151.10438786001373,-33.923084461833156]]]}},{"type":"Feature","properties":{"jobs":1293,"pop":2604,"pointCount":8,"homeWorkCommuteMedian":12951,"workHomeCommuteMedian":17560},"geometry":{"type":"Polygon","coordinates":[[[151.10438786001373,-33.91409125819591],[151.10438786001373,-33.905098054558664],[151.11338106365096,-33.905098054558664],[151.11338106365096,-33.91409125819591],[151.10438786001373,-33.91409125819591]]]}},{"type":"Feature","properties":{"jobs":304,"pop":1995,"pointCount":6,"homeWorkCommuteMedian":10979,"workHomeCommuteMedian":12571},"geometry":{"type":"Polygon","coordinates":[[[151.10438786001373,-33.905098054558664],[151.10438786001373,-33.89610485092142],[151.11338106365096,-33.89610485092142],[151.11338106365096,-33.905098054558664],[151.10438786001373,-33.905098054558664]]]}},{"type":"Feature","properties":{"jobs":892,"pop":1315,"pointCount":5,"homeWorkCommuteMedian":8713,"workHomeCommuteMedian":8404},"geometry":{"type":"Polygon","coordinates":[[[151.10438786001373,-33.89610485092142],[151.10438786001373,-33.88711164728417],[151.11338106365096,-33.88711164728417],[151.11338106365096,-33.89610485092142],[151.10438786001373,-33.89610485092142]]]}},{"type":"Feature","properties":{"jobs":1636,"pop":2969,"pointCount":6,"homeWorkCommuteMedian":11341,"workHomeCommuteMedian":11915},"geometry":{"type":"Polygon","coordinates":[[[151.10438786001373,-33.88711164728417],[151.10438786001373,-33.878118443646926],[151.11338106365096,-33.878118443646926],[151.11338106365096,-33.88711164728417],[151.10438786001373,-33.88711164728417]]]}},{"type":"Feature","properties":{"jobs":4313,"pop":2587,"pointCount":6,"homeWorkCommuteMedian":10691,"workHomeCommuteMedian":16427},"geometry":{"type":"Polygon","coordinates":[[[151.10438786001373,-33.878118443646926],[151.10438786001373,-33.86912524000968],[151.11338106365096,-33.86912524000968],[151.11338106365096,-33.878118443646926],[151.10438786001373,-33.878118443646926]]]}},{"type":"Feature","properties":{"jobs":702,"pop":1138,"pointCount":5,"homeWorkCommuteMedian":12721,"workHomeCommuteMedian":12887},"geometry":{"type":"Polygon","coordinates":[[[151.10438786001373,-33.86912524000968],[151.10438786001373,-33.860132036372434],[151.11338106365096,-33.860132036372434],[151.11338106365096,-33.86912524000968],[151.10438786001373,-33.86912524000968]]]}},{"type":"Feature","properties":{"jobs":305,"pop":1034,"pointCount":5,"homeWorkCommuteMedian":13575,"workHomeCommuteMedian":20246},"geometry":{"type":"Polygon","coordinates":[[[151.10438786001373,-33.860132036372434],[151.10438786001373,-33.85113883273519],[151.11338106365096,-33.85113883273519],[151.11338106365096,-33.860132036372434],[151.10438786001373,-33.860132036372434]]]}},{"type":"Feature","properties":{"jobs":938,"pop":2354,"pointCount":6,"homeWorkCommuteMedian":12485,"workHomeCommuteMedian":9399},"geometry":{"type":"Polygon","coordinates":[[[151.10438786001373,-33.85113883273519],[151.10438786001373,-33.84214562909794],[151.11338106365096,-33.84214562909794],[151.11338106365096,-33.85113883273519],[151.10438786001373,-33.85113883273519]]]}},{"type":"Feature","properties":{"jobs":616,"pop":2734,"pointCount":2,"homeWorkCommuteMedian":14766,"workHomeCommuteMedian":4073},"geometry":{"type":"Polygon","coordinates":[[[151.10438786001373,-33.84214562909794],[151.10438786001373,-33.833152425460696],[151.11338106365096,-33.833152425460696],[151.11338106365096,-33.84214562909794],[151.10438786001373,-33.84214562909794]]]}},{"type":"Feature","properties":{"jobs":230,"pop":1102,"pointCount":4,"homeWorkCommuteMedian":12547,"workHomeCommuteMedian":45741},"geometry":{"type":"Polygon","coordinates":[[[151.10438786001373,-33.833152425460696],[151.10438786001373,-33.82415922182345],[151.11338106365096,-33.82415922182345],[151.11338106365096,-33.833152425460696],[151.10438786001373,-33.833152425460696]]]}},{"type":"Feature","properties":{"jobs":924,"pop":2858,"pointCount":8,"homeWorkCommuteMedian":12697,"workHomeCommuteMedian":11179},"geometry":{"type":"Polygon","coordinates":[[[151.10438786001373,-33.82415922182345],[151.10438786001373,-33.815166018186204],[151.11338106365096,-33.815166018186204],[151.11338106365096,-33.82415922182345],[151.10438786001373,-33.82415922182345]]]}},{"type":"Feature","properties":{"jobs":978,"pop":2594,"pointCount":5,"homeWorkCommuteMedian":13243,"workHomeCommuteMedian":5513},"geometry":{"type":"Polygon","coordinates":[[[151.10438786001373,-33.815166018186204],[151.10438786001373,-33.80617281454896],[151.11338106365096,-33.80617281454896],[151.11338106365096,-33.815166018186204],[151.10438786001373,-33.815166018186204]]]}},{"type":"Feature","properties":{"jobs":565,"pop":1372,"pointCount":5,"homeWorkCommuteMedian":12672,"workHomeCommuteMedian":14587},"geometry":{"type":"Polygon","coordinates":[[[151.10438786001373,-33.80617281454896],[151.10438786001373,-33.79717961091171],[151.11338106365096,-33.79717961091171],[151.11338106365096,-33.80617281454896],[151.10438786001373,-33.80617281454896]]]}},{"type":"Feature","properties":{"jobs":91,"pop":1278,"pointCount":4,"homeWorkCommuteMedian":16337,"workHomeCommuteMedian":27783},"geometry":{"type":"Polygon","coordinates":[[[151.10438786001373,-33.79717961091171],[151.10438786001373,-33.788186407274466],[151.11338106365096,-33.788186407274466],[151.11338106365096,-33.79717961091171],[151.10438786001373,-33.79717961091171]]]}},{"type":"Feature","properties":{"jobs":1024,"pop":2437,"pointCount":8,"homeWorkCommuteMedian":20068,"workHomeCommuteMedian":14709},"geometry":{"type":"Polygon","coordinates":[[[151.10438786001373,-33.788186407274466],[151.10438786001373,-33.77919320363722],[151.11338106365096,-33.77919320363722],[151.11338106365096,-33.788186407274466],[151.10438786001373,-33.788186407274466]]]}},{"type":"Feature","properties":{"jobs":24897,"pop":535,"pointCount":3,"homeWorkCommuteMedian":12575,"workHomeCommuteMedian":17058},"geometry":{"type":"Polygon","coordinates":[[[151.10438786001373,-33.77919320363722],[151.10438786001373,-33.770199999999974],[151.11338106365096,-33.770199999999974],[151.11338106365096,-33.77919320363722],[151.10438786001373,-33.77919320363722]]]}},{"type":"Feature","properties":{"jobs":378,"pop":1474,"pointCount":4,"homeWorkCommuteMedian":15777,"workHomeCommuteMedian":17021},"geometry":{"type":"Polygon","coordinates":[[[151.10438786001373,-33.770199999999974],[151.10438786001373,-33.76120679636273],[151.11338106365096,-33.76120679636273],[151.11338106365096,-33.770199999999974],[151.10438786001373,-33.770199999999974]]]}},{"type":"Feature","properties":{"jobs":172,"pop":447,"pointCount":2,"homeWorkCommuteMedian":14313,"workHomeCommuteMedian":12624},"geometry":{"type":"Polygon","coordinates":[[[151.10438786001373,-33.76120679636273],[151.10438786001373,-33.75221359272548],[151.11338106365096,-33.75221359272548],[151.11338106365096,-33.76120679636273],[151.10438786001373,-33.76120679636273]]]}},{"type":"Feature","properties":{"jobs":0,"pop":460,"pointCount":3,"homeWorkCommuteMedian":24227,"workHomeCommuteMedian":-1},"geometry":{"type":"Polygon","coordinates":[[[151.10438786001373,-33.75221359272548],[151.10438786001373,-33.743220389088236],[151.11338106365096,-33.743220389088236],[151.11338106365096,-33.75221359272548],[151.10438786001373,-33.75221359272548]]]}},{"type":"Feature","properties":{"jobs":515,"pop":462,"pointCount":3,"homeWorkCommuteMedian":20919,"workHomeCommuteMedian":22623},"geometry":{"type":"Polygon","coordinates":[[[151.10438786001373,-33.743220389088236],[151.10438786001373,-33.73422718545099],[151.11338106365096,-33.73422718545099],[151.11338106365096,-33.743220389088236],[151.10438786001373,-33.743220389088236]]]}},{"type":"Feature","properties":{"jobs":108,"pop":781,"pointCount":4,"homeWorkCommuteMedian":13372,"workHomeCommuteMedian":21193},"geometry":{"type":"Polygon","coordinates":[[[151.10438786001373,-33.73422718545099],[151.10438786001373,-33.725233981813744],[151.11338106365096,-33.725233981813744],[151.11338106365096,-33.73422718545099],[151.10438786001373,-33.73422718545099]]]}},{"type":"Feature","properties":{"jobs":716,"pop":777,"pointCount":3,"homeWorkCommuteMedian":5629,"workHomeCommuteMedian":2541},"geometry":{"type":"Polygon","coordinates":[[[151.10438786001373,-33.725233981813744],[151.10438786001373,-33.7162407781765],[151.11338106365096,-33.7162407781765],[151.11338106365096,-33.725233981813744],[151.10438786001373,-33.725233981813744]]]}},{"type":"Feature","properties":{"jobs":1058,"pop":2158,"pointCount":6,"homeWorkCommuteMedian":20601,"workHomeCommuteMedian":24353},"geometry":{"type":"Polygon","coordinates":[[[151.10438786001373,-33.7162407781765],[151.10438786001373,-33.70724757453925],[151.11338106365096,-33.70724757453925],[151.11338106365096,-33.7162407781765],[151.10438786001373,-33.7162407781765]]]}},{"type":"Feature","properties":{"jobs":998,"pop":2745,"pointCount":7,"homeWorkCommuteMedian":18038,"workHomeCommuteMedian":4741},"geometry":{"type":"Polygon","coordinates":[[[151.10438786001373,-33.70724757453925],[151.10438786001373,-33.698254370902006],[151.11338106365096,-33.698254370902006],[151.11338106365096,-33.70724757453925],[151.10438786001373,-33.70724757453925]]]}},{"type":"Feature","properties":{"jobs":803,"pop":1007,"pointCount":3,"homeWorkCommuteMedian":8455,"workHomeCommuteMedian":8279},"geometry":{"type":"Polygon","coordinates":[[[151.10438786001373,-33.698254370902006],[151.10438786001373,-33.68926116726476],[151.11338106365096,-33.68926116726476],[151.11338106365096,-33.698254370902006],[151.10438786001373,-33.698254370902006]]]}},{"type":"Feature","properties":{"jobs":80,"pop":1647,"pointCount":4,"homeWorkCommuteMedian":28612,"workHomeCommuteMedian":2870},"geometry":{"type":"Polygon","coordinates":[[[151.10438786001373,-33.68926116726476],[151.10438786001373,-33.680267963627514],[151.11338106365096,-33.680267963627514],[151.11338106365096,-33.68926116726476],[151.10438786001373,-33.68926116726476]]]}},{"type":"Feature","properties":{"jobs":327,"pop":1031,"pointCount":6,"homeWorkCommuteMedian":25805,"workHomeCommuteMedian":35514},"geometry":{"type":"Polygon","coordinates":[[[151.10438786001373,-33.680267963627514],[151.10438786001373,-33.67127475999027],[151.11338106365096,-33.67127475999027],[151.11338106365096,-33.680267963627514],[151.10438786001373,-33.680267963627514]]]}},{"type":"Feature","properties":{"jobs":673,"pop":329,"pointCount":2,"homeWorkCommuteMedian":40773,"workHomeCommuteMedian":13408},"geometry":{"type":"Polygon","coordinates":[[[151.10438786001373,-33.67127475999027],[151.10438786001373,-33.66228155635302],[151.11338106365096,-33.66228155635302],[151.11338106365096,-33.67127475999027],[151.10438786001373,-33.67127475999027]]]}},{"type":"Feature","properties":{"jobs":0,"pop":376,"pointCount":2,"homeWorkCommuteMedian":31867,"workHomeCommuteMedian":-1},"geometry":{"type":"Polygon","coordinates":[[[151.10438786001373,-33.66228155635302],[151.10438786001373,-33.65328835271578],[151.11338106365096,-33.65328835271578],[151.11338106365096,-33.66228155635302],[151.10438786001373,-33.66228155635302]]]}},{"type":"Feature","properties":{"jobs":0,"pop":380,"pointCount":2,"homeWorkCommuteMedian":21637,"workHomeCommuteMedian":-1},"geometry":{"type":"Polygon","coordinates":[[[151.10438786001373,-33.65328835271578],[151.10438786001373,-33.64429514907853],[151.11338106365096,-33.64429514907853],[151.11338106365096,-33.65328835271578],[151.10438786001373,-33.65328835271578]]]}},{"type":"Feature","properties":{"jobs":0,"pop":116,"pointCount":1,"homeWorkCommuteMedian":43064,"workHomeCommuteMedian":-1},"geometry":{"type":"Polygon","coordinates":[[[151.10438786001373,-33.61731553816679],[151.10438786001373,-33.60832233452955],[151.11338106365096,-33.60832233452955],[151.11338106365096,-33.61731553816679],[151.10438786001373,-33.61731553816679]]]}},{"type":"Feature","properties":{"jobs":0,"pop":502,"pointCount":2,"homeWorkCommuteMedian":23722,"workHomeCommuteMedian":-1},"geometry":{"type":"Polygon","coordinates":[[[151.11338106365096,-34.07596892366634],[151.11338106365096,-34.06697572002909],[151.1223742672882,-34.06697572002909],[151.1223742672882,-34.07596892366634],[151.11338106365096,-34.07596892366634]]]}},{"type":"Feature","properties":{"jobs":408,"pop":1029,"pointCount":5,"homeWorkCommuteMedian":26061,"workHomeCommuteMedian":48403},"geometry":{"type":"Polygon","coordinates":[[[151.11338106365096,-34.06697572002909],[151.11338106365096,-34.057982516391846],[151.1223742672882,-34.057982516391846],[151.1223742672882,-34.06697572002909],[151.11338106365096,-34.06697572002909]]]}},{"type":"Feature","properties":{"jobs":136,"pop":1246,"pointCount":6,"homeWorkCommuteMedian":27941,"workHomeCommuteMedian":1887},"geometry":{"type":"Polygon","coordinates":[[[151.11338106365096,-34.057982516391846],[151.11338106365096,-34.0489893127546],[151.1223742672882,-34.0489893127546],[151.1223742672882,-34.057982516391846],[151.11338106365096,-34.057982516391846]]]}},{"type":"Feature","properties":{"jobs":1375,"pop":2198,"pointCount":8,"homeWorkCommuteMedian":17570,"workHomeCommuteMedian":4185},"geometry":{"type":"Polygon","coordinates":[[[151.11338106365096,-34.0489893127546],[151.11338106365096,-34.039996109117354],[151.1223742672882,-34.039996109117354],[151.1223742672882,-34.0489893127546],[151.11338106365096,-34.0489893127546]]]}},{"type":"Feature","properties":{"jobs":1974,"pop":1466,"pointCount":4,"homeWorkCommuteMedian":8994,"workHomeCommuteMedian":5053},"geometry":{"type":"Polygon","coordinates":[[[151.11338106365096,-34.039996109117354],[151.11338106365096,-34.03100290548011],[151.1223742672882,-34.03100290548011],[151.1223742672882,-34.039996109117354],[151.11338106365096,-34.039996109117354]]]}},{"type":"Feature","properties":{"jobs":1696,"pop":954,"pointCount":5,"homeWorkCommuteMedian":15113,"workHomeCommuteMedian":6558},"geometry":{"type":"Polygon","coordinates":[[[151.11338106365096,-34.03100290548011],[151.11338106365096,-34.02200970184286],[151.1223742672882,-34.02200970184286],[151.1223742672882,-34.03100290548011],[151.11338106365096,-34.03100290548011]]]}},{"type":"Feature","properties":{"jobs":230,"pop":558,"pointCount":3,"homeWorkCommuteMedian":14690,"workHomeCommuteMedian":4215},"geometry":{"type":"Polygon","coordinates":[[[151.11338106365096,-34.02200970184286],[151.11338106365096,-34.013016498205616],[151.1223742672882,-34.013016498205616],[151.1223742672882,-34.02200970184286],[151.11338106365096,-34.02200970184286]]]}},{"type":"Feature","properties":{"jobs":0,"pop":131,"pointCount":1,"homeWorkCommuteMedian":26020,"workHomeCommuteMedian":-1},"geometry":{"type":"Polygon","coordinates":[[[151.11338106365096,-34.00402329456837],[151.11338106365096,-33.995030090931124],[151.1223742672882,-33.995030090931124],[151.1223742672882,-34.00402329456837],[151.11338106365096,-34.00402329456837]]]}},{"type":"Feature","properties":{"jobs":514,"pop":324,"pointCount":3,"homeWorkCommuteMedian":20259,"workHomeCommuteMedian":12152},"geometry":{"type":"Polygon","coordinates":[[[151.11338106365096,-33.995030090931124],[151.11338106365096,-33.98603688729388],[151.1223742672882,-33.98603688729388],[151.1223742672882,-33.995030090931124],[151.11338106365096,-33.995030090931124]]]}},{"type":"Feature","properties":{"jobs":1125,"pop":1024,"pointCount":6,"homeWorkCommuteMedian":12010,"workHomeCommuteMedian":4437},"geometry":{"type":"Polygon","coordinates":[[[151.11338106365096,-33.98603688729388],[151.11338106365096,-33.97704368365663],[151.1223742672882,-33.97704368365663],[151.1223742672882,-33.98603688729388],[151.11338106365096,-33.98603688729388]]]}},{"type":"Feature","properties":{"jobs":893,"pop":3379,"pointCount":7,"homeWorkCommuteMedian":10091,"workHomeCommuteMedian":4774},"geometry":{"type":"Polygon","coordinates":[[[151.11338106365096,-33.97704368365663],[151.11338106365096,-33.968050480019386],[151.1223742672882,-33.968050480019386],[151.1223742672882,-33.97704368365663],[151.11338106365096,-33.97704368365663]]]}},{"type":"Feature","properties":{"jobs":489,"pop":1938,"pointCount":7,"homeWorkCommuteMedian":11532,"workHomeCommuteMedian":3007},"geometry":{"type":"Polygon","coordinates":[[[151.11338106365096,-33.968050480019386],[151.11338106365096,-33.95905727638214],[151.1223742672882,-33.95905727638214],[151.1223742672882,-33.968050480019386],[151.11338106365096,-33.968050480019386]]]}},{"type":"Feature","properties":{"jobs":410,"pop":1548,"pointCount":5,"homeWorkCommuteMedian":13299,"workHomeCommuteMedian":5857},"geometry":{"type":"Polygon","coordinates":[[[151.11338106365096,-33.95905727638214],[151.11338106365096,-33.950064072744894],[151.1223742672882,-33.950064072744894],[151.1223742672882,-33.95905727638214],[151.11338106365096,-33.95905727638214]]]}},{"type":"Feature","properties":{"jobs":517,"pop":1137,"pointCount":5,"homeWorkCommuteMedian":13159,"workHomeCommuteMedian":3484},"geometry":{"type":"Polygon","coordinates":[[[151.11338106365096,-33.950064072744894],[151.11338106365096,-33.94107086910765],[151.1223742672882,-33.94107086910765],[151.1223742672882,-33.950064072744894],[151.11338106365096,-33.950064072744894]]]}},{"type":"Feature","properties":{"jobs":193,"pop":1297,"pointCount":7,"homeWorkCommuteMedian":13779,"workHomeCommuteMedian":26688},"geometry":{"type":"Polygon","coordinates":[[[151.11338106365096,-33.94107086910765],[151.11338106365096,-33.9320776654704],[151.1223742672882,-33.9320776654704],[151.1223742672882,-33.94107086910765],[151.11338106365096,-33.94107086910765]]]}},{"type":"Feature","properties":{"jobs":273,"pop":1154,"pointCount":5,"homeWorkCommuteMedian":12346,"workHomeCommuteMedian":13126},"geometry":{"type":"Polygon","coordinates":[[[151.11338106365096,-33.9320776654704],[151.11338106365096,-33.923084461833156],[151.1223742672882,-33.923084461833156],[151.1223742672882,-33.9320776654704],[151.11338106365096,-33.9320776654704]]]}},{"type":"Feature","properties":{"jobs":906,"pop":2543,"pointCount":7,"homeWorkCommuteMedian":10752,"workHomeCommuteMedian":3430},"geometry":{"type":"Polygon","coordinates":[[[151.11338106365096,-33.923084461833156],[151.11338106365096,-33.91409125819591],[151.1223742672882,-33.91409125819591],[151.1223742672882,-33.923084461833156],[151.11338106365096,-33.923084461833156]]]}},{"type":"Feature","properties":{"jobs":665,"pop":1923,"pointCount":4,"homeWorkCommuteMedian":10645,"workHomeCommuteMedian":8302},"geometry":{"type":"Polygon","coordinates":[[[151.11338106365096,-33.91409125819591],[151.11338106365096,-33.905098054558664],[151.1223742672882,-33.905098054558664],[151.1223742672882,-33.91409125819591],[151.11338106365096,-33.91409125819591]]]}},{"type":"Feature","properties":{"jobs":0,"pop":1216,"pointCount":5,"homeWorkCommuteMedian":10166,"workHomeCommuteMedian":-1},"geometry":{"type":"Polygon","coordinates":[[[151.11338106365096,-33.905098054558664],[151.11338106365096,-33.89610485092142],[151.1223742672882,-33.89610485092142],[151.1223742672882,-33.905098054558664],[151.11338106365096,-33.905098054558664]]]}},{"type":"Feature","properties":{"jobs":3287,"pop":3632,"pointCount":5,"homeWorkCommuteMedian":9821,"workHomeCommuteMedian":7535},"geometry":{"type":"Polygon","coordinates":[[[151.11338106365096,-33.89610485092142],[151.11338106365096,-33.88711164728417],[151.1223742672882,-33.88711164728417],[151.1223742672882,-33.89610485092142],[151.11338106365096,-33.89610485092142]]]}},{"type":"Feature","properties":{"jobs":738,"pop":2277,"pointCount":5,"homeWorkCommuteMedian":8583,"workHomeCommuteMedian":17301},"geometry":{"type":"Polygon","coordinates":[[[151.11338106365096,-33.88711164728417],[151.11338106365096,-33.878118443646926],[151.1223742672882,-33.878118443646926],[151.1223742672882,-33.88711164728417],[151.11338106365096,-33.88711164728417]]]}},{"type":"Feature","properties":{"jobs":1005,"pop":1178,"pointCount":7,"homeWorkCommuteMedian":9913,"workHomeCommuteMedian":11543},"geometry":{"type":"Polygon","coordinates":[[[151.11338106365096,-33.878118443646926],[151.11338106365096,-33.86912524000968],[151.1223742672882,-33.86912524000968],[151.1223742672882,-33.878118443646926],[151.11338106365096,-33.878118443646926]]]}},{"type":"Feature","properties":{"jobs":603,"pop":1155,"pointCount":2,"homeWorkCommuteMedian":13694,"workHomeCommuteMedian":21846},"geometry":{"type":"Polygon","coordinates":[[[151.11338106365096,-33.86912524000968],[151.11338106365096,-33.860132036372434],[151.1223742672882,-33.860132036372434],[151.1223742672882,-33.86912524000968],[151.11338106365096,-33.86912524000968]]]}},{"type":"Feature","properties":{"jobs":129,"pop":540,"pointCount":1,"homeWorkCommuteMedian":10001,"workHomeCommuteMedian":1230},"geometry":{"type":"Polygon","coordinates":[[[151.11338106365096,-33.860132036372434],[151.11338106365096,-33.85113883273519],[151.1223742672882,-33.85113883273519],[151.1223742672882,-33.860132036372434],[151.11338106365096,-33.860132036372434]]]}},{"type":"Feature","properties":{"jobs":80,"pop":703,"pointCount":3,"homeWorkCommuteMedian":6825,"workHomeCommuteMedian":2649},"geometry":{"type":"Polygon","coordinates":[[[151.11338106365096,-33.85113883273519],[151.11338106365096,-33.84214562909794],[151.1223742672882,-33.84214562909794],[151.1223742672882,-33.85113883273519],[151.11338106365096,-33.85113883273519]]]}},{"type":"Feature","properties":{"jobs":814,"pop":1209,"pointCount":5,"homeWorkCommuteMedian":13738,"workHomeCommuteMedian":13310},"geometry":{"type":"Polygon","coordinates":[[[151.11338106365096,-33.833152425460696],[151.11338106365096,-33.82415922182345],[151.1223742672882,-33.82415922182345],[151.1223742672882,-33.833152425460696],[151.11338106365096,-33.833152425460696]]]}},{"type":"Feature","properties":{"jobs":127,"pop":883,"pointCount":4,"homeWorkCommuteMedian":14082,"workHomeCommuteMedian":22767},"geometry":{"type":"Polygon","coordinates":[[[151.11338106365096,-33.82415922182345],[151.11338106365096,-33.815166018186204],[151.1223742672882,-33.815166018186204],[151.1223742672882,-33.82415922182345],[151.11338106365096,-33.82415922182345]]]}},{"type":"Feature","properties":{"jobs":190,"pop":1356,"pointCount":6,"homeWorkCommuteMedian":13372,"workHomeCommuteMedian":14836},"geometry":{"type":"Polygon","coordinates":[[[151.11338106365096,-33.815166018186204],[151.11338106365096,-33.80617281454896],[151.1223742672882,-33.80617281454896],[151.1223742672882,-33.815166018186204],[151.11338106365096,-33.815166018186204]]]}},{"type":"Feature","properties":{"jobs":95,"pop":945,"pointCount":5,"homeWorkCommuteMedian":17333,"workHomeCommuteMedian":26960},"geometry":{"type":"Polygon","coordinates":[[[151.11338106365096,-33.80617281454896],[151.11338106365096,-33.79717961091171],[151.1223742672882,-33.79717961091171],[151.1223742672882,-33.80617281454896],[151.11338106365096,-33.80617281454896]]]}},{"type":"Feature","properties":{"jobs":303,"pop":1983,"pointCount":6,"homeWorkCommuteMedian":15132,"workHomeCommuteMedian":31975},"geometry":{"type":"Polygon","coordinates":[[[151.11338106365096,-33.79717961091171],[151.11338106365096,-33.788186407274466],[151.1223742672882,-33.788186407274466],[151.1223742672882,-33.79717961091171],[151.11338106365096,-33.79717961091171]]]}},{"type":"Feature","properties":{"jobs":3284,"pop":1004,"pointCount":4,"homeWorkCommuteMedian":5304,"workHomeCommuteMedian":14252},"geometry":{"type":"Polygon","coordinates":[[[151.11338106365096,-33.788186407274466],[151.11338106365096,-33.77919320363722],[151.1223742672882,-33.77919320363722],[151.1223742672882,-33.788186407274466],[151.11338106365096,-33.788186407274466]]]}},{"type":"Feature","properties":{"jobs":4913,"pop":1278,"pointCount":3,"homeWorkCommuteMedian":14851,"workHomeCommuteMedian":17217},"geometry":{"type":"Polygon","coordinates":[[[151.11338106365096,-33.77919320363722],[151.11338106365096,-33.770199999999974],[151.1223742672882,-33.770199999999974],[151.1223742672882,-33.77919320363722],[151.11338106365096,-33.77919320363722]]]}},{"type":"Feature","properties":{"jobs":1203,"pop":447,"pointCount":2,"homeWorkCommuteMedian":10772,"workHomeCommuteMedian":21509},"geometry":{"type":"Polygon","coordinates":[[[151.11338106365096,-33.770199999999974],[151.11338106365096,-33.76120679636273],[151.1223742672882,-33.76120679636273],[151.1223742672882,-33.770199999999974],[151.11338106365096,-33.770199999999974]]]}},{"type":"Feature","properties":{"jobs":223,"pop":551,"pointCount":2,"homeWorkCommuteMedian":23017,"workHomeCommuteMedian":24510},"geometry":{"type":"Polygon","coordinates":[[[151.11338106365096,-33.76120679636273],[151.11338106365096,-33.75221359272548],[151.1223742672882,-33.75221359272548],[151.1223742672882,-33.76120679636273],[151.11338106365096,-33.76120679636273]]]}},{"type":"Feature","properties":{"jobs":0,"pop":654,"pointCount":3,"homeWorkCommuteMedian":20811,"workHomeCommuteMedian":-1},"geometry":{"type":"Polygon","coordinates":[[[151.11338106365096,-33.75221359272548],[151.11338106365096,-33.743220389088236],[151.1223742672882,-33.743220389088236],[151.1223742672882,-33.75221359272548],[151.11338106365096,-33.75221359272548]]]}},{"type":"Feature","properties":{"jobs":77,"pop":791,"pointCount":4,"homeWorkCommuteMedian":22896,"workHomeCommuteMedian":3748},"geometry":{"type":"Polygon","coordinates":[[[151.11338106365096,-33.743220389088236],[151.11338106365096,-33.73422718545099],[151.1223742672882,-33.73422718545099],[151.1223742672882,-33.743220389088236],[151.11338106365096,-33.743220389088236]]]}},{"type":"Feature","properties":{"jobs":424,"pop":1073,"pointCount":4,"homeWorkCommuteMedian":25629,"workHomeCommuteMedian":11846},"geometry":{"type":"Polygon","coordinates":[[[151.11338106365096,-33.73422718545099],[151.11338106365096,-33.725233981813744],[151.1223742672882,-33.725233981813744],[151.1223742672882,-33.73422718545099],[151.11338106365096,-33.73422718545099]]]}},{"type":"Feature","properties":{"jobs":453,"pop":732,"pointCount":3,"homeWorkCommuteMedian":20264,"workHomeCommuteMedian":10950},"geometry":{"type":"Polygon","coordinates":[[[151.11338106365096,-33.725233981813744],[151.11338106365096,-33.7162407781765],[151.1223742672882,-33.7162407781765],[151.1223742672882,-33.725233981813744],[151.11338106365096,-33.725233981813744]]]}},{"type":"Feature","properties":{"jobs":496,"pop":717,"pointCount":3,"homeWorkCommuteMedian":19233,"workHomeCommuteMedian":5609},"geometry":{"type":"Polygon","coordinates":[[[151.11338106365096,-33.7162407781765],[151.11338106365096,-33.70724757453925],[151.1223742672882,-33.70724757453925],[151.1223742672882,-33.7162407781765],[151.11338106365096,-33.7162407781765]]]}},{"type":"Feature","properties":{"jobs":1017,"pop":971,"pointCount":5,"homeWorkCommuteMedian":17182,"workHomeCommuteMedian":12206},"geometry":{"type":"Polygon","coordinates":[[[151.11338106365096,-33.70724757453925],[151.11338106365096,-33.698254370902006],[151.1223742672882,-33.698254370902006],[151.1223742672882,-33.70724757453925],[151.11338106365096,-33.70724757453925]]]}},{"type":"Feature","properties":{"jobs":2610,"pop":0,"pointCount":1,"homeWorkCommuteMedian":-1,"workHomeCommuteMedian":15434},"geometry":{"type":"Polygon","coordinates":[[[151.11338106365096,-33.698254370902006],[151.11338106365096,-33.68926116726476],[151.1223742672882,-33.68926116726476],[151.1223742672882,-33.698254370902006],[151.11338106365096,-33.698254370902006]]]}},{"type":"Feature","properties":{"jobs":0,"pop":563,"pointCount":2,"homeWorkCommuteMedian":7073,"workHomeCommuteMedian":-1},"geometry":{"type":"Polygon","coordinates":[[[151.11338106365096,-33.68926116726476],[151.11338106365096,-33.680267963627514],[151.1223742672882,-33.680267963627514],[151.1223742672882,-33.68926116726476],[151.11338106365096,-33.68926116726476]]]}},{"type":"Feature","properties":{"jobs":0,"pop":609,"pointCount":3,"homeWorkCommuteMedian":9912,"workHomeCommuteMedian":-1},"geometry":{"type":"Polygon","coordinates":[[[151.11338106365096,-33.680267963627514],[151.11338106365096,-33.67127475999027],[151.1223742672882,-33.67127475999027],[151.1223742672882,-33.680267963627514],[151.11338106365096,-33.680267963627514]]]}},{"type":"Feature","properties":{"jobs":0,"pop":790,"pointCount":3,"homeWorkCommuteMedian":27823,"workHomeCommuteMedian":-1},"geometry":{"type":"Polygon","coordinates":[[[151.11338106365096,-33.67127475999027],[151.11338106365096,-33.66228155635302],[151.1223742672882,-33.66228155635302],[151.1223742672882,-33.67127475999027],[151.11338106365096,-33.67127475999027]]]}},{"type":"Feature","properties":{"jobs":129,"pop":631,"pointCount":3,"homeWorkCommuteMedian":40436,"workHomeCommuteMedian":9644},"geometry":{"type":"Polygon","coordinates":[[[151.11338106365096,-33.66228155635302],[151.11338106365096,-33.65328835271578],[151.1223742672882,-33.65328835271578],[151.1223742672882,-33.66228155635302],[151.11338106365096,-33.66228155635302]]]}},{"type":"Feature","properties":{"jobs":0,"pop":239,"pointCount":1,"homeWorkCommuteMedian":33959,"workHomeCommuteMedian":-1},"geometry":{"type":"Polygon","coordinates":[[[151.11338106365096,-33.65328835271578],[151.11338106365096,-33.64429514907853],[151.1223742672882,-33.64429514907853],[151.1223742672882,-33.65328835271578],[151.11338106365096,-33.65328835271578]]]}},{"type":"Feature","properties":{"jobs":190,"pop":0,"pointCount":1,"homeWorkCommuteMedian":-1,"workHomeCommuteMedian":1555},"geometry":{"type":"Polygon","coordinates":[[[151.11338106365096,-33.64429514907853],[151.11338106365096,-33.635301945441284],[151.1223742672882,-33.635301945441284],[151.1223742672882,-33.64429514907853],[151.11338106365096,-33.64429514907853]]]}},{"type":"Feature","properties":{"jobs":0,"pop":251,"pointCount":2,"homeWorkCommuteMedian":26564,"workHomeCommuteMedian":-1},"geometry":{"type":"Polygon","coordinates":[[[151.1223742672882,-34.084962127303584],[151.1223742672882,-34.07596892366634],[151.13136747092543,-34.07596892366634],[151.13136747092543,-34.084962127303584],[151.1223742672882,-34.084962127303584]]]}},{"type":"Feature","properties":{"jobs":0,"pop":264,"pointCount":2,"homeWorkCommuteMedian":29561,"workHomeCommuteMedian":-1},"geometry":{"type":"Polygon","coordinates":[[[151.1223742672882,-34.07596892366634],[151.1223742672882,-34.06697572002909],[151.13136747092543,-34.06697572002909],[151.13136747092543,-34.07596892366634],[151.1223742672882,-34.07596892366634]]]}},{"type":"Feature","properties":{"jobs":155,"pop":1122,"pointCount":5,"homeWorkCommuteMedian":22647,"workHomeCommuteMedian":53556},"geometry":{"type":"Polygon","coordinates":[[[151.1223742672882,-34.06697572002909],[151.1223742672882,-34.057982516391846],[151.13136747092543,-34.057982516391846],[151.13136747092543,-34.06697572002909],[151.1223742672882,-34.06697572002909]]]}},{"type":"Feature","properties":{"jobs":425,"pop":1624,"pointCount":6,"homeWorkCommuteMedian":18766,"workHomeCommuteMedian":33565},"geometry":{"type":"Polygon","coordinates":[[[151.1223742672882,-34.057982516391846],[151.1223742672882,-34.0489893127546],[151.13136747092543,-34.0489893127546],[151.13136747092543,-34.057982516391846],[151.1223742672882,-34.057982516391846]]]}},{"type":"Feature","properties":{"jobs":1057,"pop":2097,"pointCount":7,"homeWorkCommuteMedian":18454,"workHomeCommuteMedian":8095},"geometry":{"type":"Polygon","coordinates":[[[151.1223742672882,-34.0489893127546],[151.1223742672882,-34.039996109117354],[151.13136747092543,-34.039996109117354],[151.13136747092543,-34.0489893127546],[151.1223742672882,-34.0489893127546]]]}},{"type":"Feature","properties":{"jobs":3447,"pop":1251,"pointCount":6,"homeWorkCommuteMedian":16638,"workHomeCommuteMedian":10193},"geometry":{"type":"Polygon","coordinates":[[[151.1223742672882,-34.039996109117354],[151.1223742672882,-34.03100290548011],[151.13136747092543,-34.03100290548011],[151.13136747092543,-34.039996109117354],[151.1223742672882,-34.039996109117354]]]}},{"type":"Feature","properties":{"jobs":1875,"pop":437,"pointCount":3,"homeWorkCommuteMedian":18460,"workHomeCommuteMedian":5979},"geometry":{"type":"Polygon","coordinates":[[[151.1223742672882,-34.03100290548011],[151.1223742672882,-34.02200970184286],[151.13136747092543,-34.02200970184286],[151.13136747092543,-34.03100290548011],[151.1223742672882,-34.03100290548011]]]}},{"type":"Feature","properties":{"jobs":244,"pop":286,"pointCount":1,"homeWorkCommuteMedian":16219,"workHomeCommuteMedian":12933},"geometry":{"type":"Polygon","coordinates":[[[151.1223742672882,-34.02200970184286],[151.1223742672882,-34.013016498205616],[151.13136747092543,-34.013016498205616],[151.13136747092543,-34.02200970184286],[151.1223742672882,-34.02200970184286]]]}},{"type":"Feature","properties":{"jobs":471,"pop":1230,"pointCount":6,"homeWorkCommuteMedian":14665,"workHomeCommuteMedian":5946},"geometry":{"type":"Polygon","coordinates":[[[151.1223742672882,-34.00402329456837],[151.1223742672882,-33.995030090931124],[151.13136747092543,-33.995030090931124],[151.13136747092543,-34.00402329456837],[151.1223742672882,-34.00402329456837]]]}},{"type":"Feature","properties":{"jobs":0,"pop":493,"pointCount":2,"homeWorkCommuteMedian":11849,"workHomeCommuteMedian":-1},"geometry":{"type":"Polygon","coordinates":[[[151.1223742672882,-33.995030090931124],[151.1223742672882,-33.98603688729388],[151.13136747092543,-33.98603688729388],[151.13136747092543,-33.995030090931124],[151.1223742672882,-33.995030090931124]]]}},{"type":"Feature","properties":{"jobs":0,"pop":982,"pointCount":5,"homeWorkCommuteMedian":16049,"workHomeCommuteMedian":-1},"geometry":{"type":"Polygon","coordinates":[[[151.1223742672882,-33.98603688729388],[151.1223742672882,-33.97704368365663],[151.13136747092543,-33.97704368365663],[151.13136747092543,-33.98603688729388],[151.1223742672882,-33.98603688729388]]]}},{"type":"Feature","properties":{"jobs":2039,"pop":2534,"pointCount":7,"homeWorkCommuteMedian":14429,"workHomeCommuteMedian":11916},"geometry":{"type":"Polygon","coordinates":[[[151.1223742672882,-33.97704368365663],[151.1223742672882,-33.968050480019386],[151.13136747092543,-33.968050480019386],[151.13136747092543,-33.97704368365663],[151.1223742672882,-33.97704368365663]]]}},{"type":"Feature","properties":{"jobs":256,"pop":3277,"pointCount":6,"homeWorkCommuteMedian":11616,"workHomeCommuteMedian":3601},"geometry":{"type":"Polygon","coordinates":[[[151.1223742672882,-33.968050480019386],[151.1223742672882,-33.95905727638214],[151.13136747092543,-33.95905727638214],[151.13136747092543,-33.968050480019386],[151.1223742672882,-33.968050480019386]]]}},{"type":"Feature","properties":{"jobs":517,"pop":2458,"pointCount":6,"homeWorkCommuteMedian":17174,"workHomeCommuteMedian":8548},"geometry":{"type":"Polygon","coordinates":[[[151.1223742672882,-33.95905727638214],[151.1223742672882,-33.950064072744894],[151.13136747092543,-33.950064072744894],[151.13136747092543,-33.95905727638214],[151.1223742672882,-33.95905727638214]]]}},{"type":"Feature","properties":{"jobs":778,"pop":1410,"pointCount":8,"homeWorkCommuteMedian":17916,"workHomeCommuteMedian":33104},"geometry":{"type":"Polygon","coordinates":[[[151.1223742672882,-33.950064072744894],[151.1223742672882,-33.94107086910765],[151.13136747092543,-33.94107086910765],[151.13136747092543,-33.950064072744894],[151.1223742672882,-33.950064072744894]]]}},{"type":"Feature","properties":{"jobs":407,"pop":1208,"pointCount":6,"homeWorkCommuteMedian":9971,"workHomeCommuteMedian":27986},"geometry":{"type":"Polygon","coordinates":[[[151.1223742672882,-33.94107086910765],[151.1223742672882,-33.9320776654704],[151.13136747092543,-33.9320776654704],[151.13136747092543,-33.94107086910765],[151.1223742672882,-33.94107086910765]]]}},{"type":"Feature","properties":{"jobs":785,"pop":944,"pointCount":4,"homeWorkCommuteMedian":12091,"workHomeCommuteMedian":4646},"geometry":{"type":"Polygon","coordinates":[[[151.1223742672882,-33.9320776654704],[151.1223742672882,-33.923084461833156],[151.13136747092543,-33.923084461833156],[151.13136747092543,-33.9320776654704],[151.1223742672882,-33.9320776654704]]]}},{"type":"Feature","properties":{"jobs":205,"pop":1265,"pointCount":6,"homeWorkCommuteMedian":9089,"workHomeCommuteMedian":25408},"geometry":{"type":"Polygon","coordinates":[[[151.1223742672882,-33.923084461833156],[151.1223742672882,-33.91409125819591],[151.13136747092543,-33.91409125819591],[151.13136747092543,-33.923084461833156],[151.1223742672882,-33.923084461833156]]]}},{"type":"Feature","properties":{"jobs":951,"pop":1690,"pointCount":8,"homeWorkCommuteMedian":11896,"workHomeCommuteMedian":13740},"geometry":{"type":"Polygon","coordinates":[[[151.1223742672882,-33.91409125819591],[151.1223742672882,-33.905098054558664],[151.13136747092543,-33.905098054558664],[151.13136747092543,-33.91409125819591],[151.1223742672882,-33.91409125819591]]]}},{"type":"Feature","properties":{"jobs":428,"pop":1051,"pointCount":5,"homeWorkCommuteMedian":7397,"workHomeCommuteMedian":24436},"geometry":{"type":"Polygon","coordinates":[[[151.1223742672882,-33.905098054558664],[151.1223742672882,-33.89610485092142],[151.13136747092543,-33.89610485092142],[151.13136747092543,-33.905098054558664],[151.1223742672882,-33.905098054558664]]]}},{"type":"Feature","properties":{"jobs":2350,"pop":2571,"pointCount":4,"homeWorkCommuteMedian":8490,"workHomeCommuteMedian":10302},"geometry":{"type":"Polygon","coordinates":[[[151.1223742672882,-33.89610485092142],[151.1223742672882,-33.88711164728417],[151.13136747092543,-33.88711164728417],[151.13136747092543,-33.89610485092142],[151.1223742672882,-33.89610485092142]]]}},{"type":"Feature","properties":{"jobs":735,"pop":4273,"pointCount":7,"homeWorkCommuteMedian":10876,"workHomeCommuteMedian":4756},"geometry":{"type":"Polygon","coordinates":[[[151.1223742672882,-33.88711164728417],[151.1223742672882,-33.878118443646926],[151.13136747092543,-33.878118443646926],[151.13136747092543,-33.88711164728417],[151.1223742672882,-33.88711164728417]]]}},{"type":"Feature","properties":{"jobs":895,"pop":1975,"pointCount":7,"homeWorkCommuteMedian":9835,"workHomeCommuteMedian":10497},"geometry":{"type":"Polygon","coordinates":[[[151.1223742672882,-33.878118443646926],[151.1223742672882,-33.86912524000968],[151.13136747092543,-33.86912524000968],[151.13136747092543,-33.878118443646926],[151.1223742672882,-33.878118443646926]]]}},{"type":"Feature","properties":{"jobs":2054,"pop":1975,"pointCount":7,"homeWorkCommuteMedian":8588,"workHomeCommuteMedian":3776},"geometry":{"type":"Polygon","coordinates":[[[151.1223742672882,-33.86912524000968],[151.1223742672882,-33.860132036372434],[151.13136747092543,-33.860132036372434],[151.13136747092543,-33.86912524000968],[151.1223742672882,-33.86912524000968]]]}},{"type":"Feature","properties":{"jobs":266,"pop":790,"pointCount":4,"homeWorkCommuteMedian":10408,"workHomeCommuteMedian":32497},"geometry":{"type":"Polygon","coordinates":[[[151.1223742672882,-33.860132036372434],[151.1223742672882,-33.85113883273519],[151.13136747092543,-33.85113883273519],[151.13136747092543,-33.860132036372434],[151.1223742672882,-33.860132036372434]]]}},{"type":"Feature","properties":{"jobs":326,"pop":1805,"pointCount":5,"homeWorkCommuteMedian":14923,"workHomeCommuteMedian":2679},"geometry":{"type":"Polygon","coordinates":[[[151.1223742672882,-33.85113883273519],[151.1223742672882,-33.84214562909794],[151.13136747092543,-33.84214562909794],[151.13136747092543,-33.85113883273519],[151.1223742672882,-33.85113883273519]]]}},{"type":"Feature","properties":{"jobs":286,"pop":1192,"pointCount":3,"homeWorkCommuteMedian":12027,"workHomeCommuteMedian":8428},"geometry":{"type":"Polygon","coordinates":[[[151.1223742672882,-33.84214562909794],[151.1223742672882,-33.833152425460696],[151.13136747092543,-33.833152425460696],[151.13136747092543,-33.84214562909794],[151.1223742672882,-33.84214562909794]]]}},{"type":"Feature","properties":{"jobs":799,"pop":3543,"pointCount":7,"homeWorkCommuteMedian":10680,"workHomeCommuteMedian":6594},"geometry":{"type":"Polygon","coordinates":[[[151.1223742672882,-33.833152425460696],[151.1223742672882,-33.82415922182345],[151.13136747092543,-33.82415922182345],[151.13136747092543,-33.833152425460696],[151.1223742672882,-33.833152425460696]]]}},{"type":"Feature","properties":{"jobs":865,"pop":1186,"pointCount":5,"homeWorkCommuteMedian":6605,"workHomeCommuteMedian":3030},"geometry":{"type":"Polygon","coordinates":[[[151.1223742672882,-33.82415922182345],[151.1223742672882,-33.815166018186204],[151.13136747092543,-33.815166018186204],[151.13136747092543,-33.82415922182345],[151.1223742672882,-33.82415922182345]]]}},{"type":"Feature","properties":{"jobs":106,"pop":694,"pointCount":3,"homeWorkCommuteMedian":13366,"workHomeCommuteMedian":14557},"geometry":{"type":"Polygon","coordinates":[[[151.1223742672882,-33.815166018186204],[151.1223742672882,-33.80617281454896],[151.13136747092543,-33.80617281454896],[151.13136747092543,-33.815166018186204],[151.1223742672882,-33.815166018186204]]]}},{"type":"Feature","properties":{"jobs":580,"pop":528,"pointCount":4,"homeWorkCommuteMedian":7557,"workHomeCommuteMedian":10722},"geometry":{"type":"Polygon","coordinates":[[[151.1223742672882,-33.80617281454896],[151.1223742672882,-33.79717961091171],[151.13136747092543,-33.79717961091171],[151.13136747092543,-33.80617281454896],[151.1223742672882,-33.80617281454896]]]}},{"type":"Feature","properties":{"jobs":406,"pop":1252,"pointCount":5,"homeWorkCommuteMedian":5772,"workHomeCommuteMedian":9500},"geometry":{"type":"Polygon","coordinates":[[[151.1223742672882,-33.79717961091171],[151.1223742672882,-33.788186407274466],[151.13136747092543,-33.788186407274466],[151.13136747092543,-33.79717961091171],[151.1223742672882,-33.79717961091171]]]}},{"type":"Feature","properties":{"jobs":15565,"pop":1765,"pointCount":5,"homeWorkCommuteMedian":17327,"workHomeCommuteMedian":15203},"geometry":{"type":"Polygon","coordinates":[[[151.1223742672882,-33.788186407274466],[151.1223742672882,-33.77919320363722],[151.13136747092543,-33.77919320363722],[151.13136747092543,-33.788186407274466],[151.1223742672882,-33.788186407274466]]]}},{"type":"Feature","properties":{"jobs":2540,"pop":1054,"pointCount":4,"homeWorkCommuteMedian":10030,"workHomeCommuteMedian":11261},"geometry":{"type":"Polygon","coordinates":[[[151.1223742672882,-33.77919320363722],[151.1223742672882,-33.770199999999974],[151.13136747092543,-33.770199999999974],[151.13136747092543,-33.77919320363722],[151.1223742672882,-33.77919320363722]]]}},{"type":"Feature","properties":{"jobs":639,"pop":620,"pointCount":3,"homeWorkCommuteMedian":20359,"workHomeCommuteMedian":17477},"geometry":{"type":"Polygon","coordinates":[[[151.1223742672882,-33.770199999999974],[151.1223742672882,-33.76120679636273],[151.13136747092543,-33.76120679636273],[151.13136747092543,-33.770199999999974],[151.1223742672882,-33.770199999999974]]]}},{"type":"Feature","properties":{"jobs":113,"pop":589,"pointCount":2,"homeWorkCommuteMedian":15673,"workHomeCommuteMedian":35997},"geometry":{"type":"Polygon","coordinates":[[[151.1223742672882,-33.76120679636273],[151.1223742672882,-33.75221359272548],[151.13136747092543,-33.75221359272548],[151.13136747092543,-33.76120679636273],[151.1223742672882,-33.76120679636273]]]}},{"type":"Feature","properties":{"jobs":127,"pop":288,"pointCount":3,"homeWorkCommuteMedian":28219,"workHomeCommuteMedian":32617},"geometry":{"type":"Polygon","coordinates":[[[151.1223742672882,-33.75221359272548],[151.1223742672882,-33.743220389088236],[151.13136747092543,-33.743220389088236],[151.13136747092543,-33.75221359272548],[151.1223742672882,-33.75221359272548]]]}},{"type":"Feature","properties":{"jobs":632,"pop":1339,"pointCount":5,"homeWorkCommuteMedian":20941,"workHomeCommuteMedian":18560},"geometry":{"type":"Polygon","coordinates":[[[151.1223742672882,-33.743220389088236],[151.1223742672882,-33.73422718545099],[151.13136747092543,-33.73422718545099],[151.13136747092543,-33.743220389088236],[151.1223742672882,-33.743220389088236]]]}},{"type":"Feature","properties":{"jobs":622,"pop":1153,"pointCount":5,"homeWorkCommuteMedian":8555,"workHomeCommuteMedian":20794},"geometry":{"type":"Polygon","coordinates":[[[151.1223742672882,-33.73422718545099],[151.1223742672882,-33.725233981813744],[151.13136747092543,-33.725233981813744],[151.13136747092543,-33.73422718545099],[151.1223742672882,-33.73422718545099]]]}},{"type":"Feature","properties":{"jobs":668,"pop":524,"pointCount":4,"homeWorkCommuteMedian":23098,"workHomeCommuteMedian":28467},"geometry":{"type":"Polygon","coordinates":[[[151.1223742672882,-33.725233981813744],[151.1223742672882,-33.7162407781765],[151.13136747092543,-33.7162407781765],[151.13136747092543,-33.725233981813744],[151.1223742672882,-33.725233981813744]]]}},{"type":"Feature","properties":{"jobs":617,"pop":854,"pointCount":5,"homeWorkCommuteMedian":13713,"workHomeCommuteMedian":15400},"geometry":{"type":"Polygon","coordinates":[[[151.1223742672882,-33.7162407781765],[151.1223742672882,-33.70724757453925],[151.13136747092543,-33.70724757453925],[151.13136747092543,-33.7162407781765],[151.1223742672882,-33.7162407781765]]]}},{"type":"Feature","properties":{"jobs":0,"pop":371,"pointCount":1,"homeWorkCommuteMedian":8558,"workHomeCommuteMedian":-1},"geometry":{"type":"Polygon","coordinates":[[[151.1223742672882,-33.70724757453925],[151.1223742672882,-33.698254370902006],[151.13136747092543,-33.698254370902006],[151.13136747092543,-33.70724757453925],[151.1223742672882,-33.70724757453925]]]}},{"type":"Feature","properties":{"jobs":148,"pop":223,"pointCount":1,"homeWorkCommuteMedian":20383,"workHomeCommuteMedian":7534},"geometry":{"type":"Polygon","coordinates":[[[151.1223742672882,-33.698254370902006],[151.1223742672882,-33.68926116726476],[151.13136747092543,-33.68926116726476],[151.13136747092543,-33.698254370902006],[151.1223742672882,-33.698254370902006]]]}},{"type":"Feature","properties":{"jobs":0,"pop":673,"pointCount":3,"homeWorkCommuteMedian":28734,"workHomeCommuteMedian":-1},"geometry":{"type":"Polygon","coordinates":[[[151.1223742672882,-33.66228155635302],[151.1223742672882,-33.65328835271578],[151.13136747092543,-33.65328835271578],[151.13136747092543,-33.66228155635302],[151.1223742672882,-33.66228155635302]]]}},{"type":"Feature","properties":{"jobs":229,"pop":0,"pointCount":1,"homeWorkCommuteMedian":-1,"workHomeCommuteMedian":75471},"geometry":{"type":"Polygon","coordinates":[[[151.1223742672882,-33.65328835271578],[151.1223742672882,-33.64429514907853],[151.13136747092543,-33.64429514907853],[151.13136747092543,-33.65328835271578],[151.1223742672882,-33.65328835271578]]]}},{"type":"Feature","properties":{"jobs":290,"pop":0,"pointCount":1,"homeWorkCommuteMedian":-1,"workHomeCommuteMedian":19455},"geometry":{"type":"Polygon","coordinates":[[[151.1223742672882,-33.64429514907853],[151.1223742672882,-33.635301945441284],[151.13136747092543,-33.635301945441284],[151.13136747092543,-33.64429514907853],[151.1223742672882,-33.64429514907853]]]}},{"type":"Feature","properties":{"jobs":474,"pop":0,"pointCount":1,"homeWorkCommuteMedian":-1,"workHomeCommuteMedian":20181},"geometry":{"type":"Polygon","coordinates":[[[151.1223742672882,-33.635301945441284],[151.1223742672882,-33.62630874180404],[151.13136747092543,-33.62630874180404],[151.13136747092543,-33.635301945441284],[151.1223742672882,-33.635301945441284]]]}},{"type":"Feature","properties":{"jobs":173,"pop":424,"pointCount":2,"homeWorkCommuteMedian":4038,"workHomeCommuteMedian":4312},"geometry":{"type":"Polygon","coordinates":[[[151.13136747092543,-34.07596892366634],[151.13136747092543,-34.06697572002909],[151.14036067456266,-34.06697572002909],[151.14036067456266,-34.07596892366634],[151.13136747092543,-34.07596892366634]]]}},{"type":"Feature","properties":{"jobs":0,"pop":480,"pointCount":2,"homeWorkCommuteMedian":9292,"workHomeCommuteMedian":-1},"geometry":{"type":"Polygon","coordinates":[[[151.13136747092543,-34.06697572002909],[151.13136747092543,-34.057982516391846],[151.14036067456266,-34.057982516391846],[151.14036067456266,-34.06697572002909],[151.13136747092543,-34.06697572002909]]]}},{"type":"Feature","properties":{"jobs":518,"pop":1277,"pointCount":5,"homeWorkCommuteMedian":20294,"workHomeCommuteMedian":4290},"geometry":{"type":"Polygon","coordinates":[[[151.13136747092543,-34.057982516391846],[151.13136747092543,-34.0489893127546],[151.14036067456266,-34.0489893127546],[151.14036067456266,-34.057982516391846],[151.13136747092543,-34.057982516391846]]]}},{"type":"Feature","properties":{"jobs":103,"pop":1068,"pointCount":4,"homeWorkCommuteMedian":23435,"workHomeCommuteMedian":14844},"geometry":{"type":"Polygon","coordinates":[[[151.13136747092543,-34.0489893127546],[151.13136747092543,-34.039996109117354],[151.14036067456266,-34.039996109117354],[151.14036067456266,-34.0489893127546],[151.13136747092543,-34.0489893127546]]]}},{"type":"Feature","properties":{"jobs":0,"pop":971,"pointCount":2,"homeWorkCommuteMedian":22146,"workHomeCommuteMedian":-1},"geometry":{"type":"Polygon","coordinates":[[[151.13136747092543,-34.039996109117354],[151.13136747092543,-34.03100290548011],[151.14036067456266,-34.03100290548011],[151.14036067456266,-34.039996109117354],[151.13136747092543,-34.039996109117354]]]}},{"type":"Feature","properties":{"jobs":732,"pop":994,"pointCount":5,"homeWorkCommuteMedian":20729,"workHomeCommuteMedian":5760},"geometry":{"type":"Polygon","coordinates":[[[151.13136747092543,-34.00402329456837],[151.13136747092543,-33.995030090931124],[151.14036067456266,-33.995030090931124],[151.14036067456266,-34.00402329456837],[151.13136747092543,-34.00402329456837]]]}},{"type":"Feature","properties":{"jobs":667,"pop":1366,"pointCount":6,"homeWorkCommuteMedian":10288,"workHomeCommuteMedian":4392},"geometry":{"type":"Polygon","coordinates":[[[151.13136747092543,-33.995030090931124],[151.13136747092543,-33.98603688729388],[151.14036067456266,-33.98603688729388],[151.14036067456266,-33.995030090931124],[151.13136747092543,-33.995030090931124]]]}},{"type":"Feature","properties":{"jobs":665,"pop":859,"pointCount":5,"homeWorkCommuteMedian":8761,"workHomeCommuteMedian":17755},"geometry":{"type":"Polygon","coordinates":[[[151.13136747092543,-33.98603688729388],[151.13136747092543,-33.97704368365663],[151.14036067456266,-33.97704368365663],[151.14036067456266,-33.98603688729388],[151.13136747092543,-33.98603688729388]]]}},{"type":"Feature","properties":{"jobs":4318,"pop":2414,"pointCount":8,"homeWorkCommuteMedian":11297,"workHomeCommuteMedian":14301},"geometry":{"type":"Polygon","coordinates":[[[151.13136747092543,-33.97704368365663],[151.13136747092543,-33.968050480019386],[151.14036067456266,-33.968050480019386],[151.14036067456266,-33.97704368365663],[151.13136747092543,-33.97704368365663]]]}},{"type":"Feature","properties":{"jobs":4385,"pop":3178,"pointCount":5,"homeWorkCommuteMedian":11364,"workHomeCommuteMedian":9743},"geometry":{"type":"Polygon","coordinates":[[[151.13136747092543,-33.968050480019386],[151.13136747092543,-33.95905727638214],[151.14036067456266,-33.95905727638214],[151.14036067456266,-33.968050480019386],[151.13136747092543,-33.968050480019386]]]}},{"type":"Feature","properties":{"jobs":1304,"pop":5207,"pointCount":6,"homeWorkCommuteMedian":14464,"workHomeCommuteMedian":15564},"geometry":{"type":"Polygon","coordinates":[[[151.13136747092543,-33.95905727638214],[151.13136747092543,-33.950064072744894],[151.14036067456266,-33.950064072744894],[151.14036067456266,-33.95905727638214],[151.13136747092543,-33.95905727638214]]]}},{"type":"Feature","properties":{"jobs":593,"pop":1904,"pointCount":5,"homeWorkCommuteMedian":11036,"workHomeCommuteMedian":11038},"geometry":{"type":"Polygon","coordinates":[[[151.13136747092543,-33.950064072744894],[151.13136747092543,-33.94107086910765],[151.14036067456266,-33.94107086910765],[151.14036067456266,-33.950064072744894],[151.13136747092543,-33.950064072744894]]]}},{"type":"Feature","properties":{"jobs":0,"pop":1015,"pointCount":6,"homeWorkCommuteMedian":16150,"workHomeCommuteMedian":-1},"geometry":{"type":"Polygon","coordinates":[[[151.13136747092543,-33.94107086910765],[151.13136747092543,-33.9320776654704],[151.14036067456266,-33.9320776654704],[151.14036067456266,-33.94107086910765],[151.13136747092543,-33.94107086910765]]]}},{"type":"Feature","properties":{"jobs":146,"pop":1293,"pointCount":5,"homeWorkCommuteMedian":10583,"workHomeCommuteMedian":3036},"geometry":{"type":"Polygon","coordinates":[[[151.13136747092543,-33.9320776654704],[151.13136747092543,-33.923084461833156],[151.14036067456266,-33.923084461833156],[151.14036067456266,-33.9320776654704],[151.13136747092543,-33.9320776654704]]]}},{"type":"Feature","properties":{"jobs":0,"pop":1125,"pointCount":4,"homeWorkCommuteMedian":7028,"workHomeCommuteMedian":-1},"geometry":{"type":"Polygon","coordinates":[[[151.13136747092543,-33.923084461833156],[151.13136747092543,-33.91409125819591],[151.14036067456266,-33.91409125819591],[151.14036067456266,-33.923084461833156],[151.13136747092543,-33.923084461833156]]]}},{"type":"Feature","properties":{"jobs":930,"pop":2992,"pointCount":5,"homeWorkCommuteMedian":9126,"workHomeCommuteMedian":8320},"geometry":{"type":"Polygon","coordinates":[[[151.13136747092543,-33.91409125819591],[151.13136747092543,-33.905098054558664],[151.14036067456266,-33.905098054558664],[151.14036067456266,-33.91409125819591],[151.13136747092543,-33.91409125819591]]]}},{"type":"Feature","properties":{"jobs":800,"pop":3788,"pointCount":5,"homeWorkCommuteMedian":8896,"workHomeCommuteMedian":3714},"geometry":{"type":"Polygon","coordinates":[[[151.13136747092543,-33.905098054558664],[151.13136747092543,-33.89610485092142],[151.14036067456266,-33.89610485092142],[151.14036067456266,-33.905098054558664],[151.13136747092543,-33.905098054558664]]]}},{"type":"Feature","properties":{"jobs":1103,"pop":3070,"pointCount":7,"homeWorkCommuteMedian":8318,"workHomeCommuteMedian":2320},"geometry":{"type":"Polygon","coordinates":[[[151.13136747092543,-33.89610485092142],[151.13136747092543,-33.88711164728417],[151.14036067456266,-33.88711164728417],[151.14036067456266,-33.89610485092142],[151.13136747092543,-33.89610485092142]]]}},{"type":"Feature","properties":{"jobs":551,"pop":2173,"pointCount":6,"homeWorkCommuteMedian":8582,"workHomeCommuteMedian":11062},"geometry":{"type":"Polygon","coordinates":[[[151.13136747092543,-33.88711164728417],[151.13136747092543,-33.878118443646926],[151.14036067456266,-33.878118443646926],[151.14036067456266,-33.88711164728417],[151.13136747092543,-33.88711164728417]]]}},{"type":"Feature","properties":{"jobs":1268,"pop":1223,"pointCount":6,"homeWorkCommuteMedian":7129,"workHomeCommuteMedian":5231},"geometry":{"type":"Polygon","coordinates":[[[151.13136747092543,-33.878118443646926],[151.13136747092543,-33.86912524000968],[151.14036067456266,-33.86912524000968],[151.14036067456266,-33.878118443646926],[151.13136747092543,-33.878118443646926]]]}},{"type":"Feature","properties":{"jobs":455,"pop":1903,"pointCount":7,"homeWorkCommuteMedian":9055,"workHomeCommuteMedian":3648},"geometry":{"type":"Polygon","coordinates":[[[151.13136747092543,-33.86912524000968],[151.13136747092543,-33.860132036372434],[151.14036067456266,-33.860132036372434],[151.14036067456266,-33.86912524000968],[151.13136747092543,-33.86912524000968]]]}},{"type":"Feature","properties":{"jobs":504,"pop":2534,"pointCount":7,"homeWorkCommuteMedian":9235,"workHomeCommuteMedian":12279},"geometry":{"type":"Polygon","coordinates":[[[151.13136747092543,-33.860132036372434],[151.13136747092543,-33.85113883273519],[151.14036067456266,-33.85113883273519],[151.14036067456266,-33.860132036372434],[151.13136747092543,-33.860132036372434]]]}},{"type":"Feature","properties":{"jobs":325,"pop":1267,"pointCount":3,"homeWorkCommuteMedian":8313,"workHomeCommuteMedian":21225},"geometry":{"type":"Polygon","coordinates":[[[151.13136747092543,-33.85113883273519],[151.13136747092543,-33.84214562909794],[151.14036067456266,-33.84214562909794],[151.14036067456266,-33.85113883273519],[151.13136747092543,-33.85113883273519]]]}},{"type":"Feature","properties":{"jobs":855,"pop":1049,"pointCount":4,"homeWorkCommuteMedian":10646,"workHomeCommuteMedian":5757},"geometry":{"type":"Polygon","coordinates":[[[151.13136747092543,-33.84214562909794],[151.13136747092543,-33.833152425460696],[151.14036067456266,-33.833152425460696],[151.14036067456266,-33.84214562909794],[151.13136747092543,-33.84214562909794]]]}},{"type":"Feature","properties":{"jobs":1412,"pop":1374,"pointCount":7,"homeWorkCommuteMedian":10372,"workHomeCommuteMedian":18237},"geometry":{"type":"Polygon","coordinates":[[[151.13136747092543,-33.833152425460696],[151.13136747092543,-33.82415922182345],[151.14036067456266,-33.82415922182345],[151.14036067456266,-33.833152425460696],[151.13136747092543,-33.833152425460696]]]}},{"type":"Feature","properties":{"jobs":195,"pop":863,"pointCount":4,"homeWorkCommuteMedian":10338,"workHomeCommuteMedian":22243},"geometry":{"type":"Polygon","coordinates":[[[151.13136747092543,-33.82415922182345],[151.13136747092543,-33.815166018186204],[151.14036067456266,-33.815166018186204],[151.14036067456266,-33.82415922182345],[151.13136747092543,-33.82415922182345]]]}},{"type":"Feature","properties":{"jobs":666,"pop":1228,"pointCount":4,"homeWorkCommuteMedian":12640,"workHomeCommuteMedian":7789},"geometry":{"type":"Polygon","coordinates":[[[151.13136747092543,-33.815166018186204],[151.13136747092543,-33.80617281454896],[151.14036067456266,-33.80617281454896],[151.14036067456266,-33.815166018186204],[151.13136747092543,-33.815166018186204]]]}},{"type":"Feature","properties":{"jobs":120,"pop":812,"pointCount":5,"homeWorkCommuteMedian":16338,"workHomeCommuteMedian":3206},"geometry":{"type":"Polygon","coordinates":[[[151.13136747092543,-33.80617281454896],[151.13136747092543,-33.79717961091171],[151.14036067456266,-33.79717961091171],[151.14036067456266,-33.80617281454896],[151.13136747092543,-33.80617281454896]]]}},{"type":"Feature","properties":{"jobs":972,"pop":1851,"pointCount":3,"homeWorkCommuteMedian":12478,"workHomeCommuteMedian":10777},"geometry":{"type":"Polygon","coordinates":[[[151.13136747092543,-33.79717961091171],[151.13136747092543,-33.788186407274466],[151.14036067456266,-33.788186407274466],[151.14036067456266,-33.79717961091171],[151.13136747092543,-33.79717961091171]]]}},{"type":"Feature","properties":{"jobs":3264,"pop":342,"pointCount":1,"homeWorkCommuteMedian":15916,"workHomeCommuteMedian":13095},"geometry":{"type":"Polygon","coordinates":[[[151.13136747092543,-33.788186407274466],[151.13136747092543,-33.77919320363722],[151.14036067456266,-33.77919320363722],[151.14036067456266,-33.788186407274466],[151.13136747092543,-33.788186407274466]]]}},{"type":"Feature","properties":{"jobs":0,"pop":732,"pointCount":2,"homeWorkCommuteMedian":7826,"workHomeCommuteMedian":-1},"geometry":{"type":"Polygon","coordinates":[[[151.13136747092543,-33.77919320363722],[151.13136747092543,-33.770199999999974],[151.14036067456266,-33.770199999999974],[151.14036067456266,-33.77919320363722],[151.13136747092543,-33.77919320363722]]]}},{"type":"Feature","properties":{"jobs":239,"pop":778,"pointCount":4,"homeWorkCommuteMedian":9687,"workHomeCommuteMedian":9615},"geometry":{"type":"Polygon","coordinates":[[[151.13136747092543,-33.770199999999974],[151.13136747092543,-33.76120679636273],[151.14036067456266,-33.76120679636273],[151.14036067456266,-33.770199999999974],[151.13136747092543,-33.770199999999974]]]}},{"type":"Feature","properties":{"jobs":974,"pop":855,"pointCount":5,"homeWorkCommuteMedian":18631,"workHomeCommuteMedian":2943},"geometry":{"type":"Polygon","coordinates":[[[151.13136747092543,-33.76120679636273],[151.13136747092543,-33.75221359272548],[151.14036067456266,-33.75221359272548],[151.14036067456266,-33.76120679636273],[151.13136747092543,-33.76120679636273]]]}},{"type":"Feature","properties":{"jobs":1045,"pop":546,"pointCount":2,"homeWorkCommuteMedian":19153,"workHomeCommuteMedian":21897},"geometry":{"type":"Polygon","coordinates":[[[151.13136747092543,-33.75221359272548],[151.13136747092543,-33.743220389088236],[151.14036067456266,-33.743220389088236],[151.14036067456266,-33.75221359272548],[151.13136747092543,-33.75221359272548]]]}},{"type":"Feature","properties":{"jobs":78,"pop":914,"pointCount":3,"homeWorkCommuteMedian":14171,"workHomeCommuteMedian":1089},"geometry":{"type":"Polygon","coordinates":[[[151.13136747092543,-33.743220389088236],[151.13136747092543,-33.73422718545099],[151.14036067456266,-33.73422718545099],[151.14036067456266,-33.743220389088236],[151.13136747092543,-33.743220389088236]]]}},{"type":"Feature","properties":{"jobs":550,"pop":566,"pointCount":3,"homeWorkCommuteMedian":15229,"workHomeCommuteMedian":5156},"geometry":{"type":"Polygon","coordinates":[[[151.13136747092543,-33.73422718545099],[151.13136747092543,-33.725233981813744],[151.14036067456266,-33.725233981813744],[151.14036067456266,-33.73422718545099],[151.13136747092543,-33.73422718545099]]]}},{"type":"Feature","properties":{"jobs":339,"pop":1012,"pointCount":4,"homeWorkCommuteMedian":16864,"workHomeCommuteMedian":22165},"geometry":{"type":"Polygon","coordinates":[[[151.13136747092543,-33.725233981813744],[151.13136747092543,-33.7162407781765],[151.14036067456266,-33.7162407781765],[151.14036067456266,-33.725233981813744],[151.13136747092543,-33.725233981813744]]]}},{"type":"Feature","properties":{"jobs":432,"pop":519,"pointCount":3,"homeWorkCommuteMedian":25401,"workHomeCommuteMedian":12041},"geometry":{"type":"Polygon","coordinates":[[[151.13136747092543,-33.7162407781765],[151.13136747092543,-33.70724757453925],[151.14036067456266,-33.70724757453925],[151.14036067456266,-33.7162407781765],[151.13136747092543,-33.7162407781765]]]}},{"type":"Feature","properties":{"jobs":0,"pop":243,"pointCount":1,"homeWorkCommuteMedian":26358,"workHomeCommuteMedian":-1},"geometry":{"type":"Polygon","coordinates":[[[151.13136747092543,-33.70724757453925],[151.13136747092543,-33.698254370902006],[151.14036067456266,-33.698254370902006],[151.14036067456266,-33.70724757453925],[151.13136747092543,-33.70724757453925]]]}},{"type":"Feature","properties":{"jobs":531,"pop":0,"pointCount":1,"homeWorkCommuteMedian":-1,"workHomeCommuteMedian":9912},"geometry":{"type":"Polygon","coordinates":[[[151.13136747092543,-33.698254370902006],[151.13136747092543,-33.68926116726476],[151.14036067456266,-33.68926116726476],[151.14036067456266,-33.698254370902006],[151.13136747092543,-33.698254370902006]]]}},{"type":"Feature","properties":{"jobs":447,"pop":0,"pointCount":1,"homeWorkCommuteMedian":-1,"workHomeCommuteMedian":10287},"geometry":{"type":"Polygon","coordinates":[[[151.13136747092543,-33.67127475999027],[151.13136747092543,-33.66228155635302],[151.14036067456266,-33.66228155635302],[151.14036067456266,-33.67127475999027],[151.13136747092543,-33.67127475999027]]]}},{"type":"Feature","properties":{"jobs":0,"pop":522,"pointCount":3,"homeWorkCommuteMedian":26270,"workHomeCommuteMedian":-1},"geometry":{"type":"Polygon","coordinates":[[[151.13136747092543,-33.66228155635302],[151.13136747092543,-33.65328835271578],[151.14036067456266,-33.65328835271578],[151.14036067456266,-33.66228155635302],[151.13136747092543,-33.66228155635302]]]}},{"type":"Feature","properties":{"jobs":0,"pop":280,"pointCount":1,"homeWorkCommuteMedian":38715,"workHomeCommuteMedian":-1},"geometry":{"type":"Polygon","coordinates":[[[151.13136747092543,-33.635301945441284],[151.13136747092543,-33.62630874180404],[151.14036067456266,-33.62630874180404],[151.14036067456266,-33.635301945441284],[151.13136747092543,-33.635301945441284]]]}},{"type":"Feature","properties":{"jobs":217,"pop":1039,"pointCount":5,"homeWorkCommuteMedian":26607,"workHomeCommuteMedian":20234},"geometry":{"type":"Polygon","coordinates":[[[151.13136747092543,-33.61731553816679],[151.13136747092543,-33.60832233452955],[151.14036067456266,-33.60832233452955],[151.14036067456266,-33.61731553816679],[151.13136747092543,-33.61731553816679]]]}},{"type":"Feature","properties":{"jobs":0,"pop":279,"pointCount":2,"homeWorkCommuteMedian":14278,"workHomeCommuteMedian":-1},"geometry":{"type":"Polygon","coordinates":[[[151.13136747092543,-33.60832233452955],[151.13136747092543,-33.5993291308923],[151.14036067456266,-33.5993291308923],[151.14036067456266,-33.60832233452955],[151.13136747092543,-33.60832233452955]]]}},{"type":"Feature","properties":{"jobs":304,"pop":0,"pointCount":1,"homeWorkCommuteMedian":-1,"workHomeCommuteMedian":47849},"geometry":{"type":"Polygon","coordinates":[[[151.13136747092543,-33.5993291308923],[151.13136747092543,-33.590335927255055],[151.14036067456266,-33.590335927255055],[151.14036067456266,-33.5993291308923],[151.13136747092543,-33.5993291308923]]]}},{"type":"Feature","properties":{"jobs":85,"pop":65,"pointCount":1,"homeWorkCommuteMedian":7942,"workHomeCommuteMedian":600},"geometry":{"type":"Polygon","coordinates":[[[151.14036067456266,-34.09395533094083],[151.14036067456266,-34.084962127303584],[151.1493538781999,-34.084962127303584],[151.1493538781999,-34.09395533094083],[151.14036067456266,-34.09395533094083]]]}},{"type":"Feature","properties":{"jobs":138,"pop":328,"pointCount":1,"homeWorkCommuteMedian":27152,"workHomeCommuteMedian":9320},"geometry":{"type":"Polygon","coordinates":[[[151.14036067456266,-34.084962127303584],[151.14036067456266,-34.07596892366634],[151.1493538781999,-34.07596892366634],[151.1493538781999,-34.084962127303584],[151.14036067456266,-34.084962127303584]]]}},{"type":"Feature","properties":{"jobs":0,"pop":273,"pointCount":1,"homeWorkCommuteMedian":23352,"workHomeCommuteMedian":-1},"geometry":{"type":"Polygon","coordinates":[[[151.14036067456266,-34.07596892366634],[151.14036067456266,-34.06697572002909],[151.1493538781999,-34.06697572002909],[151.1493538781999,-34.07596892366634],[151.14036067456266,-34.07596892366634]]]}},{"type":"Feature","properties":{"jobs":202,"pop":571,"pointCount":2,"homeWorkCommuteMedian":26864,"workHomeCommuteMedian":21741},"geometry":{"type":"Polygon","coordinates":[[[151.14036067456266,-34.06697572002909],[151.14036067456266,-34.057982516391846],[151.1493538781999,-34.057982516391846],[151.1493538781999,-34.06697572002909],[151.14036067456266,-34.06697572002909]]]}},{"type":"Feature","properties":{"jobs":401,"pop":1818,"pointCount":4,"homeWorkCommuteMedian":19256,"workHomeCommuteMedian":6736},"geometry":{"type":"Polygon","coordinates":[[[151.14036067456266,-34.057982516391846],[151.14036067456266,-34.0489893127546],[151.1493538781999,-34.0489893127546],[151.1493538781999,-34.057982516391846],[151.14036067456266,-34.057982516391846]]]}},{"type":"Feature","properties":{"jobs":372,"pop":1079,"pointCount":4,"homeWorkCommuteMedian":26846,"workHomeCommuteMedian":9273},"geometry":{"type":"Polygon","coordinates":[[[151.14036067456266,-34.0489893127546],[151.14036067456266,-34.039996109117354],[151.1493538781999,-34.039996109117354],[151.1493538781999,-34.0489893127546],[151.14036067456266,-34.0489893127546]]]}},{"type":"Feature","properties":{"jobs":720,"pop":1912,"pointCount":6,"homeWorkCommuteMedian":19363,"workHomeCommuteMedian":17800},"geometry":{"type":"Polygon","coordinates":[[[151.14036067456266,-33.995030090931124],[151.14036067456266,-33.98603688729388],[151.1493538781999,-33.98603688729388],[151.1493538781999,-33.995030090931124],[151.14036067456266,-33.995030090931124]]]}},{"type":"Feature","properties":{"jobs":293,"pop":1188,"pointCount":5,"homeWorkCommuteMedian":11511,"workHomeCommuteMedian":4285},"geometry":{"type":"Polygon","coordinates":[[[151.14036067456266,-33.98603688729388],[151.14036067456266,-33.97704368365663],[151.1493538781999,-33.97704368365663],[151.1493538781999,-33.98603688729388],[151.14036067456266,-33.98603688729388]]]}},{"type":"Feature","properties":{"jobs":602,"pop":1002,"pointCount":6,"homeWorkCommuteMedian":11331,"workHomeCommuteMedian":7602},"geometry":{"type":"Polygon","coordinates":[[[151.14036067456266,-33.97704368365663],[151.14036067456266,-33.968050480019386],[151.1493538781999,-33.968050480019386],[151.1493538781999,-33.97704368365663],[151.14036067456266,-33.97704368365663]]]}},{"type":"Feature","properties":{"jobs":1490,"pop":490,"pointCount":5,"homeWorkCommuteMedian":16281,"workHomeCommuteMedian":12892},"geometry":{"type":"Polygon","coordinates":[[[151.14036067456266,-33.968050480019386],[151.14036067456266,-33.95905727638214],[151.1493538781999,-33.95905727638214],[151.1493538781999,-33.968050480019386],[151.14036067456266,-33.968050480019386]]]}},{"type":"Feature","properties":{"jobs":2045,"pop":2450,"pointCount":6,"homeWorkCommuteMedian":12199,"workHomeCommuteMedian":7264},"geometry":{"type":"Polygon","coordinates":[[[151.14036067456266,-33.95905727638214],[151.14036067456266,-33.950064072744894],[151.1493538781999,-33.950064072744894],[151.1493538781999,-33.95905727638214],[151.14036067456266,-33.95905727638214]]]}},{"type":"Feature","properties":{"jobs":669,"pop":1710,"pointCount":7,"homeWorkCommuteMedian":10203,"workHomeCommuteMedian":3133},"geometry":{"type":"Polygon","coordinates":[[[151.14036067456266,-33.950064072744894],[151.14036067456266,-33.94107086910765],[151.1493538781999,-33.94107086910765],[151.1493538781999,-33.950064072744894],[151.14036067456266,-33.950064072744894]]]}},{"type":"Feature","properties":{"jobs":620,"pop":3942,"pointCount":6,"homeWorkCommuteMedian":11169,"workHomeCommuteMedian":7775},"geometry":{"type":"Polygon","coordinates":[[[151.14036067456266,-33.94107086910765],[151.14036067456266,-33.9320776654704],[151.1493538781999,-33.9320776654704],[151.1493538781999,-33.94107086910765],[151.14036067456266,-33.94107086910765]]]}},{"type":"Feature","properties":{"jobs":1873,"pop":1353,"pointCount":5,"homeWorkCommuteMedian":10274,"workHomeCommuteMedian":12357},"geometry":{"type":"Polygon","coordinates":[[[151.14036067456266,-33.9320776654704],[151.14036067456266,-33.923084461833156],[151.1493538781999,-33.923084461833156],[151.1493538781999,-33.9320776654704],[151.14036067456266,-33.9320776654704]]]}},{"type":"Feature","properties":{"jobs":611,"pop":2180,"pointCount":3,"homeWorkCommuteMedian":10310,"workHomeCommuteMedian":7250},"geometry":{"type":"Polygon","coordinates":[[[151.14036067456266,-33.923084461833156],[151.14036067456266,-33.91409125819591],[151.1493538781999,-33.91409125819591],[151.1493538781999,-33.923084461833156],[151.14036067456266,-33.923084461833156]]]}},{"type":"Feature","properties":{"jobs":591,"pop":2881,"pointCount":7,"homeWorkCommuteMedian":9256,"workHomeCommuteMedian":4464},"geometry":{"type":"Polygon","coordinates":[[[151.14036067456266,-33.91409125819591],[151.14036067456266,-33.905098054558664],[151.1493538781999,-33.905098054558664],[151.1493538781999,-33.91409125819591],[151.14036067456266,-33.91409125819591]]]}},{"type":"Feature","properties":{"jobs":1081,"pop":3246,"pointCount":6,"homeWorkCommuteMedian":10559,"workHomeCommuteMedian":14082},"geometry":{"type":"Polygon","coordinates":[[[151.14036067456266,-33.905098054558664],[151.14036067456266,-33.89610485092142],[151.1493538781999,-33.89610485092142],[151.1493538781999,-33.905098054558664],[151.14036067456266,-33.905098054558664]]]}},{"type":"Feature","properties":{"jobs":977,"pop":3734,"pointCount":5,"homeWorkCommuteMedian":8205,"workHomeCommuteMedian":15897},"geometry":{"type":"Polygon","coordinates":[[[151.14036067456266,-33.89610485092142],[151.14036067456266,-33.88711164728417],[151.1493538781999,-33.88711164728417],[151.1493538781999,-33.89610485092142],[151.14036067456266,-33.89610485092142]]]}},{"type":"Feature","properties":{"jobs":2227,"pop":1549,"pointCount":6,"homeWorkCommuteMedian":9302,"workHomeCommuteMedian":8414},"geometry":{"type":"Polygon","coordinates":[[[151.14036067456266,-33.88711164728417],[151.14036067456266,-33.878118443646926],[151.1493538781999,-33.878118443646926],[151.1493538781999,-33.88711164728417],[151.14036067456266,-33.88711164728417]]]}},{"type":"Feature","properties":{"jobs":790,"pop":1386,"pointCount":5,"homeWorkCommuteMedian":8430,"workHomeCommuteMedian":4671},"geometry":{"type":"Polygon","coordinates":[[[151.14036067456266,-33.878118443646926],[151.14036067456266,-33.86912524000968],[151.1493538781999,-33.86912524000968],[151.1493538781999,-33.878118443646926],[151.14036067456266,-33.878118443646926]]]}},{"type":"Feature","properties":{"jobs":408,"pop":750,"pointCount":4,"homeWorkCommuteMedian":8259,"workHomeCommuteMedian":18459},"geometry":{"type":"Polygon","coordinates":[[[151.14036067456266,-33.86912524000968],[151.14036067456266,-33.860132036372434],[151.1493538781999,-33.860132036372434],[151.1493538781999,-33.86912524000968],[151.14036067456266,-33.86912524000968]]]}},{"type":"Feature","properties":{"jobs":672,"pop":1926,"pointCount":5,"homeWorkCommuteMedian":8307,"workHomeCommuteMedian":7340},"geometry":{"type":"Polygon","coordinates":[[[151.14036067456266,-33.860132036372434],[151.14036067456266,-33.85113883273519],[151.1493538781999,-33.85113883273519],[151.1493538781999,-33.860132036372434],[151.14036067456266,-33.860132036372434]]]}},{"type":"Feature","properties":{"jobs":660,"pop":897,"pointCount":3,"homeWorkCommuteMedian":14629,"workHomeCommuteMedian":15574},"geometry":{"type":"Polygon","coordinates":[[[151.14036067456266,-33.85113883273519],[151.14036067456266,-33.84214562909794],[151.1493538781999,-33.84214562909794],[151.1493538781999,-33.85113883273519],[151.14036067456266,-33.85113883273519]]]}},{"type":"Feature","properties":{"jobs":479,"pop":481,"pointCount":3,"homeWorkCommuteMedian":15325,"workHomeCommuteMedian":7408},"geometry":{"type":"Polygon","coordinates":[[[151.14036067456266,-33.84214562909794],[151.14036067456266,-33.833152425460696],[151.1493538781999,-33.833152425460696],[151.1493538781999,-33.84214562909794],[151.14036067456266,-33.84214562909794]]]}},{"type":"Feature","properties":{"jobs":311,"pop":629,"pointCount":1,"homeWorkCommuteMedian":9749,"workHomeCommuteMedian":28537},"geometry":{"type":"Polygon","coordinates":[[[151.14036067456266,-33.833152425460696],[151.14036067456266,-33.82415922182345],[151.1493538781999,-33.82415922182345],[151.1493538781999,-33.833152425460696],[151.14036067456266,-33.833152425460696]]]}},{"type":"Feature","properties":{"jobs":933,"pop":331,"pointCount":3,"homeWorkCommuteMedian":4229,"workHomeCommuteMedian":7018},"geometry":{"type":"Polygon","coordinates":[[[151.14036067456266,-33.82415922182345],[151.14036067456266,-33.815166018186204],[151.1493538781999,-33.815166018186204],[151.1493538781999,-33.82415922182345],[151.14036067456266,-33.82415922182345]]]}},{"type":"Feature","properties":{"jobs":3829,"pop":506,"pointCount":1,"homeWorkCommuteMedian":8177,"workHomeCommuteMedian":12734},"geometry":{"type":"Polygon","coordinates":[[[151.14036067456266,-33.815166018186204],[151.14036067456266,-33.80617281454896],[151.1493538781999,-33.80617281454896],[151.1493538781999,-33.815166018186204],[151.14036067456266,-33.815166018186204]]]}},{"type":"Feature","properties":{"jobs":0,"pop":275,"pointCount":1,"homeWorkCommuteMedian":13261,"workHomeCommuteMedian":-1},"geometry":{"type":"Polygon","coordinates":[[[151.14036067456266,-33.80617281454896],[151.14036067456266,-33.79717961091171],[151.1493538781999,-33.79717961091171],[151.1493538781999,-33.80617281454896],[151.14036067456266,-33.80617281454896]]]}},{"type":"Feature","properties":{"jobs":5662,"pop":274,"pointCount":1,"homeWorkCommuteMedian":14450,"workHomeCommuteMedian":18811},"geometry":{"type":"Polygon","coordinates":[[[151.14036067456266,-33.79717961091171],[151.14036067456266,-33.788186407274466],[151.1493538781999,-33.788186407274466],[151.1493538781999,-33.79717961091171],[151.14036067456266,-33.79717961091171]]]}},{"type":"Feature","properties":{"jobs":346,"pop":170,"pointCount":1,"homeWorkCommuteMedian":15996,"workHomeCommuteMedian":20904},"geometry":{"type":"Polygon","coordinates":[[[151.14036067456266,-33.788186407274466],[151.14036067456266,-33.77919320363722],[151.1493538781999,-33.77919320363722],[151.1493538781999,-33.788186407274466],[151.14036067456266,-33.788186407274466]]]}},{"type":"Feature","properties":{"jobs":365,"pop":689,"pointCount":3,"homeWorkCommuteMedian":5519,"workHomeCommuteMedian":4252},"geometry":{"type":"Polygon","coordinates":[[[151.14036067456266,-33.77919320363722],[151.14036067456266,-33.770199999999974],[151.1493538781999,-33.770199999999974],[151.1493538781999,-33.77919320363722],[151.14036067456266,-33.77919320363722]]]}},{"type":"Feature","properties":{"jobs":463,"pop":265,"pointCount":1,"homeWorkCommuteMedian":20708,"workHomeCommuteMedian":21191},"geometry":{"type":"Polygon","coordinates":[[[151.14036067456266,-33.770199999999974],[151.14036067456266,-33.76120679636273],[151.1493538781999,-33.76120679636273],[151.1493538781999,-33.770199999999974],[151.14036067456266,-33.770199999999974]]]}},{"type":"Feature","properties":{"jobs":2212,"pop":1741,"pointCount":3,"homeWorkCommuteMedian":16849,"workHomeCommuteMedian":11874},"geometry":{"type":"Polygon","coordinates":[[[151.14036067456266,-33.76120679636273],[151.14036067456266,-33.75221359272548],[151.1493538781999,-33.75221359272548],[151.1493538781999,-33.76120679636273],[151.14036067456266,-33.76120679636273]]]}},{"type":"Feature","properties":{"jobs":693,"pop":721,"pointCount":5,"homeWorkCommuteMedian":21653,"workHomeCommuteMedian":20479},"geometry":{"type":"Polygon","coordinates":[[[151.14036067456266,-33.75221359272548],[151.14036067456266,-33.743220389088236],[151.1493538781999,-33.743220389088236],[151.1493538781999,-33.75221359272548],[151.14036067456266,-33.75221359272548]]]}},{"type":"Feature","properties":{"jobs":903,"pop":1393,"pointCount":5,"homeWorkCommuteMedian":23594,"workHomeCommuteMedian":10124},"geometry":{"type":"Polygon","coordinates":[[[151.14036067456266,-33.743220389088236],[151.14036067456266,-33.73422718545099],[151.1493538781999,-33.73422718545099],[151.1493538781999,-33.743220389088236],[151.14036067456266,-33.743220389088236]]]}},{"type":"Feature","properties":{"jobs":316,"pop":998,"pointCount":5,"homeWorkCommuteMedian":24210,"workHomeCommuteMedian":27418},"geometry":{"type":"Polygon","coordinates":[[[151.14036067456266,-33.73422718545099],[151.14036067456266,-33.725233981813744],[151.1493538781999,-33.725233981813744],[151.1493538781999,-33.73422718545099],[151.14036067456266,-33.73422718545099]]]}},{"type":"Feature","properties":{"jobs":135,"pop":799,"pointCount":3,"homeWorkCommuteMedian":17108,"workHomeCommuteMedian":55095},"geometry":{"type":"Polygon","coordinates":[[[151.14036067456266,-33.725233981813744],[151.14036067456266,-33.7162407781765],[151.1493538781999,-33.7162407781765],[151.1493538781999,-33.725233981813744],[151.14036067456266,-33.725233981813744]]]}},{"type":"Feature","properties":{"jobs":0,"pop":670,"pointCount":4,"homeWorkCommuteMedian":24618,"workHomeCommuteMedian":-1},"geometry":{"type":"Polygon","coordinates":[[[151.14036067456266,-33.7162407781765],[151.14036067456266,-33.70724757453925],[151.1493538781999,-33.70724757453925],[151.1493538781999,-33.7162407781765],[151.14036067456266,-33.7162407781765]]]}},{"type":"Feature","properties":{"jobs":0,"pop":381,"pointCount":3,"homeWorkCommuteMedian":26373,"workHomeCommuteMedian":-1},"geometry":{"type":"Polygon","coordinates":[[[151.14036067456266,-33.70724757453925],[151.14036067456266,-33.698254370902006],[151.1493538781999,-33.698254370902006],[151.1493538781999,-33.70724757453925],[151.14036067456266,-33.70724757453925]]]}},{"type":"Feature","properties":{"jobs":0,"pop":154,"pointCount":1,"homeWorkCommuteMedian":19170,"workHomeCommuteMedian":-1},"geometry":{"type":"Polygon","coordinates":[[[151.14036067456266,-33.698254370902006],[151.14036067456266,-33.68926116726476],[151.1493538781999,-33.68926116726476],[151.1493538781999,-33.698254370902006],[151.14036067456266,-33.698254370902006]]]}},{"type":"Feature","properties":{"jobs":307,"pop":0,"pointCount":1,"homeWorkCommuteMedian":-1,"workHomeCommuteMedian":5427},"geometry":{"type":"Polygon","coordinates":[[[151.14036067456266,-33.65328835271578],[151.14036067456266,-33.64429514907853],[151.1493538781999,-33.64429514907853],[151.1493538781999,-33.65328835271578],[151.14036067456266,-33.65328835271578]]]}},{"type":"Feature","properties":{"jobs":0,"pop":264,"pointCount":1,"homeWorkCommuteMedian":32458,"workHomeCommuteMedian":-1},"geometry":{"type":"Polygon","coordinates":[[[151.14036067456266,-33.64429514907853],[151.14036067456266,-33.635301945441284],[151.1493538781999,-33.635301945441284],[151.1493538781999,-33.64429514907853],[151.14036067456266,-33.64429514907853]]]}},{"type":"Feature","properties":{"jobs":0,"pop":384,"pointCount":2,"homeWorkCommuteMedian":11864,"workHomeCommuteMedian":-1},"geometry":{"type":"Polygon","coordinates":[[[151.14036067456266,-33.635301945441284],[151.14036067456266,-33.62630874180404],[151.1493538781999,-33.62630874180404],[151.1493538781999,-33.635301945441284],[151.14036067456266,-33.635301945441284]]]}},{"type":"Feature","properties":{"jobs":267,"pop":690,"pointCount":3,"homeWorkCommuteMedian":22486,"workHomeCommuteMedian":41258},"geometry":{"type":"Polygon","coordinates":[[[151.14036067456266,-33.62630874180404],[151.14036067456266,-33.61731553816679],[151.1493538781999,-33.61731553816679],[151.1493538781999,-33.62630874180404],[151.14036067456266,-33.62630874180404]]]}},{"type":"Feature","properties":{"jobs":0,"pop":875,"pointCount":6,"homeWorkCommuteMedian":31665,"workHomeCommuteMedian":-1},"geometry":{"type":"Polygon","coordinates":[[[151.14036067456266,-33.61731553816679],[151.14036067456266,-33.60832233452955],[151.1493538781999,-33.60832233452955],[151.1493538781999,-33.61731553816679],[151.14036067456266,-33.61731553816679]]]}},{"type":"Feature","properties":{"jobs":0,"pop":451,"pointCount":2,"homeWorkCommuteMedian":26412,"workHomeCommuteMedian":-1},"geometry":{"type":"Polygon","coordinates":[[[151.14036067456266,-33.60832233452955],[151.14036067456266,-33.5993291308923],[151.1493538781999,-33.5993291308923],[151.1493538781999,-33.60832233452955],[151.14036067456266,-33.60832233452955]]]}},{"type":"Feature","properties":{"jobs":516,"pop":389,"pointCount":2,"homeWorkCommuteMedian":40200,"workHomeCommuteMedian":2372},"geometry":{"type":"Polygon","coordinates":[[[151.1493538781999,-34.09395533094083],[151.1493538781999,-34.084962127303584],[151.15834708183712,-34.084962127303584],[151.15834708183712,-34.09395533094083],[151.1493538781999,-34.09395533094083]]]}},{"type":"Feature","properties":{"jobs":0,"pop":197,"pointCount":1,"homeWorkCommuteMedian":575,"workHomeCommuteMedian":-1},"geometry":{"type":"Polygon","coordinates":[[[151.1493538781999,-34.084962127303584],[151.1493538781999,-34.07596892366634],[151.15834708183712,-34.07596892366634],[151.15834708183712,-34.084962127303584],[151.1493538781999,-34.084962127303584]]]}},{"type":"Feature","properties":{"jobs":183,"pop":447,"pointCount":2,"homeWorkCommuteMedian":28078,"workHomeCommuteMedian":14913},"geometry":{"type":"Polygon","coordinates":[[[151.1493538781999,-34.07596892366634],[151.1493538781999,-34.06697572002909],[151.15834708183712,-34.06697572002909],[151.15834708183712,-34.07596892366634],[151.1493538781999,-34.07596892366634]]]}},{"type":"Feature","properties":{"jobs":1651,"pop":2989,"pointCount":3,"homeWorkCommuteMedian":20709,"workHomeCommuteMedian":10174},"geometry":{"type":"Polygon","coordinates":[[[151.1493538781999,-34.06697572002909],[151.1493538781999,-34.057982516391846],[151.15834708183712,-34.057982516391846],[151.15834708183712,-34.06697572002909],[151.1493538781999,-34.06697572002909]]]}},{"type":"Feature","properties":{"jobs":448,"pop":1859,"pointCount":2,"homeWorkCommuteMedian":20240,"workHomeCommuteMedian":4071},"geometry":{"type":"Polygon","coordinates":[[[151.1493538781999,-34.057982516391846],[151.1493538781999,-34.0489893127546],[151.15834708183712,-34.0489893127546],[151.15834708183712,-34.057982516391846],[151.1493538781999,-34.057982516391846]]]}},{"type":"Feature","properties":{"jobs":642,"pop":1925,"pointCount":5,"homeWorkCommuteMedian":21376,"workHomeCommuteMedian":9708},"geometry":{"type":"Polygon","coordinates":[[[151.1493538781999,-34.0489893127546],[151.1493538781999,-34.039996109117354],[151.15834708183712,-34.039996109117354],[151.15834708183712,-34.0489893127546],[151.1493538781999,-34.0489893127546]]]}},{"type":"Feature","properties":{"jobs":0,"pop":250,"pointCount":1,"homeWorkCommuteMedian":27864,"workHomeCommuteMedian":-1},"geometry":{"type":"Polygon","coordinates":[[[151.1493538781999,-34.039996109117354],[151.1493538781999,-34.03100290548011],[151.15834708183712,-34.03100290548011],[151.15834708183712,-34.039996109117354],[151.1493538781999,-34.039996109117354]]]}},{"type":"Feature","properties":{"jobs":0,"pop":1118,"pointCount":2,"homeWorkCommuteMedian":16908,"workHomeCommuteMedian":-1},"geometry":{"type":"Polygon","coordinates":[[[151.1493538781999,-33.97704368365663],[151.1493538781999,-33.968050480019386],[151.15834708183712,-33.968050480019386],[151.15834708183712,-33.97704368365663],[151.1493538781999,-33.97704368365663]]]}},{"type":"Feature","properties":{"jobs":233,"pop":1520,"pointCount":4,"homeWorkCommuteMedian":14472,"workHomeCommuteMedian":2920},"geometry":{"type":"Polygon","coordinates":[[[151.1493538781999,-33.968050480019386],[151.1493538781999,-33.95905727638214],[151.15834708183712,-33.95905727638214],[151.15834708183712,-33.968050480019386],[151.1493538781999,-33.968050480019386]]]}},{"type":"Feature","properties":{"jobs":439,"pop":1676,"pointCount":7,"homeWorkCommuteMedian":11818,"workHomeCommuteMedian":17674},"geometry":{"type":"Polygon","coordinates":[[[151.1493538781999,-33.95905727638214],[151.1493538781999,-33.950064072744894],[151.15834708183712,-33.950064072744894],[151.15834708183712,-33.95905727638214],[151.1493538781999,-33.95905727638214]]]}},{"type":"Feature","properties":{"jobs":234,"pop":284,"pointCount":2,"homeWorkCommuteMedian":29954,"workHomeCommuteMedian":21479},"geometry":{"type":"Polygon","coordinates":[[[151.1493538781999,-33.950064072744894],[151.1493538781999,-33.94107086910765],[151.15834708183712,-33.94107086910765],[151.15834708183712,-33.950064072744894],[151.1493538781999,-33.950064072744894]]]}},{"type":"Feature","properties":{"jobs":1657,"pop":2398,"pointCount":5,"homeWorkCommuteMedian":14364,"workHomeCommuteMedian":7376},"geometry":{"type":"Polygon","coordinates":[[[151.1493538781999,-33.94107086910765],[151.1493538781999,-33.9320776654704],[151.15834708183712,-33.9320776654704],[151.15834708183712,-33.94107086910765],[151.1493538781999,-33.94107086910765]]]}},{"type":"Feature","properties":{"jobs":1004,"pop":5254,"pointCount":4,"homeWorkCommuteMedian":10665,"workHomeCommuteMedian":26194},"geometry":{"type":"Polygon","coordinates":[[[151.1493538781999,-33.9320776654704],[151.1493538781999,-33.923084461833156],[151.15834708183712,-33.923084461833156],[151.15834708183712,-33.9320776654704],[151.1493538781999,-33.9320776654704]]]}},{"type":"Feature","properties":{"jobs":1047,"pop":1708,"pointCount":6,"homeWorkCommuteMedian":9656,"workHomeCommuteMedian":17492},"geometry":{"type":"Polygon","coordinates":[[[151.1493538781999,-33.923084461833156],[151.1493538781999,-33.91409125819591],[151.15834708183712,-33.91409125819591],[151.15834708183712,-33.923084461833156],[151.1493538781999,-33.923084461833156]]]}},{"type":"Feature","properties":{"jobs":1982,"pop":3624,"pointCount":6,"homeWorkCommuteMedian":8012,"workHomeCommuteMedian":9995},"geometry":{"type":"Polygon","coordinates":[[[151.1493538781999,-33.91409125819591],[151.1493538781999,-33.905098054558664],[151.15834708183712,-33.905098054558664],[151.15834708183712,-33.91409125819591],[151.1493538781999,-33.91409125819591]]]}},{"type":"Feature","properties":{"jobs":995,"pop":3358,"pointCount":9,"homeWorkCommuteMedian":7079,"workHomeCommuteMedian":10014},"geometry":{"type":"Polygon","coordinates":[[[151.1493538781999,-33.905098054558664],[151.1493538781999,-33.89610485092142],[151.15834708183712,-33.89610485092142],[151.15834708183712,-33.905098054558664],[151.1493538781999,-33.905098054558664]]]}},{"type":"Feature","properties":{"jobs":877,"pop":2133,"pointCount":4,"homeWorkCommuteMedian":8300,"workHomeCommuteMedian":16626},"geometry":{"type":"Polygon","coordinates":[[[151.1493538781999,-33.89610485092142],[151.1493538781999,-33.88711164728417],[151.15834708183712,-33.88711164728417],[151.15834708183712,-33.89610485092142],[151.1493538781999,-33.89610485092142]]]}},{"type":"Feature","properties":{"jobs":1468,"pop":4374,"pointCount":9,"homeWorkCommuteMedian":7290,"workHomeCommuteMedian":6987},"geometry":{"type":"Polygon","coordinates":[[[151.1493538781999,-33.88711164728417],[151.1493538781999,-33.878118443646926],[151.15834708183712,-33.878118443646926],[151.15834708183712,-33.88711164728417],[151.1493538781999,-33.88711164728417]]]}},{"type":"Feature","properties":{"jobs":583,"pop":1387,"pointCount":5,"homeWorkCommuteMedian":8252,"workHomeCommuteMedian":28163},"geometry":{"type":"Polygon","coordinates":[[[151.1493538781999,-33.878118443646926],[151.1493538781999,-33.86912524000968],[151.15834708183712,-33.86912524000968],[151.15834708183712,-33.878118443646926],[151.1493538781999,-33.878118443646926]]]}},{"type":"Feature","properties":{"jobs":207,"pop":0,"pointCount":1,"homeWorkCommuteMedian":-1,"workHomeCommuteMedian":23041},"geometry":{"type":"Polygon","coordinates":[[[151.1493538781999,-33.86912524000968],[151.1493538781999,-33.860132036372434],[151.15834708183712,-33.860132036372434],[151.15834708183712,-33.86912524000968],[151.1493538781999,-33.86912524000968]]]}},{"type":"Feature","properties":{"jobs":1718,"pop":3090,"pointCount":6,"homeWorkCommuteMedian":7499,"workHomeCommuteMedian":3911},"geometry":{"type":"Polygon","coordinates":[[[151.1493538781999,-33.860132036372434],[151.1493538781999,-33.85113883273519],[151.15834708183712,-33.85113883273519],[151.15834708183712,-33.860132036372434],[151.1493538781999,-33.860132036372434]]]}},{"type":"Feature","properties":{"jobs":897,"pop":2408,"pointCount":6,"homeWorkCommuteMedian":7909,"workHomeCommuteMedian":5630},"geometry":{"type":"Polygon","coordinates":[[[151.1493538781999,-33.85113883273519],[151.1493538781999,-33.84214562909794],[151.15834708183712,-33.84214562909794],[151.15834708183712,-33.85113883273519],[151.1493538781999,-33.85113883273519]]]}},{"type":"Feature","properties":{"jobs":416,"pop":463,"pointCount":2,"homeWorkCommuteMedian":16245,"workHomeCommuteMedian":20859},"geometry":{"type":"Polygon","coordinates":[[[151.1493538781999,-33.84214562909794],[151.1493538781999,-33.833152425460696],[151.15834708183712,-33.833152425460696],[151.15834708183712,-33.84214562909794],[151.1493538781999,-33.84214562909794]]]}},{"type":"Feature","properties":{"jobs":183,"pop":396,"pointCount":2,"homeWorkCommuteMedian":9344,"workHomeCommuteMedian":2826},"geometry":{"type":"Polygon","coordinates":[[[151.1493538781999,-33.833152425460696],[151.1493538781999,-33.82415922182345],[151.15834708183712,-33.82415922182345],[151.15834708183712,-33.833152425460696],[151.1493538781999,-33.833152425460696]]]}},{"type":"Feature","properties":{"jobs":756,"pop":2241,"pointCount":6,"homeWorkCommuteMedian":11032,"workHomeCommuteMedian":17826},"geometry":{"type":"Polygon","coordinates":[[[151.1493538781999,-33.82415922182345],[151.1493538781999,-33.815166018186204],[151.15834708183712,-33.815166018186204],[151.15834708183712,-33.82415922182345],[151.1493538781999,-33.82415922182345]]]}},{"type":"Feature","properties":{"jobs":0,"pop":669,"pointCount":3,"homeWorkCommuteMedian":5617,"workHomeCommuteMedian":-1},"geometry":{"type":"Polygon","coordinates":[[[151.1493538781999,-33.815166018186204],[151.1493538781999,-33.80617281454896],[151.15834708183712,-33.80617281454896],[151.15834708183712,-33.815166018186204],[151.1493538781999,-33.815166018186204]]]}},{"type":"Feature","properties":{"jobs":986,"pop":1333,"pointCount":5,"homeWorkCommuteMedian":7698,"workHomeCommuteMedian":13532},"geometry":{"type":"Polygon","coordinates":[[[151.1493538781999,-33.80617281454896],[151.1493538781999,-33.79717961091171],[151.15834708183712,-33.79717961091171],[151.15834708183712,-33.80617281454896],[151.1493538781999,-33.80617281454896]]]}},{"type":"Feature","properties":{"jobs":207,"pop":218,"pointCount":1,"homeWorkCommuteMedian":31442,"workHomeCommuteMedian":12966},"geometry":{"type":"Polygon","coordinates":[[[151.1493538781999,-33.79717961091171],[151.1493538781999,-33.788186407274466],[151.15834708183712,-33.788186407274466],[151.15834708183712,-33.79717961091171],[151.1493538781999,-33.79717961091171]]]}},{"type":"Feature","properties":{"jobs":393,"pop":487,"pointCount":2,"homeWorkCommuteMedian":6383,"workHomeCommuteMedian":3427},"geometry":{"type":"Polygon","coordinates":[[[151.1493538781999,-33.788186407274466],[151.1493538781999,-33.77919320363722],[151.15834708183712,-33.77919320363722],[151.15834708183712,-33.788186407274466],[151.1493538781999,-33.788186407274466]]]}},{"type":"Feature","properties":{"jobs":313,"pop":628,"pointCount":3,"homeWorkCommuteMedian":12985,"workHomeCommuteMedian":11818},"geometry":{"type":"Polygon","coordinates":[[[151.1493538781999,-33.77919320363722],[151.1493538781999,-33.770199999999974],[151.15834708183712,-33.770199999999974],[151.15834708183712,-33.77919320363722],[151.1493538781999,-33.77919320363722]]]}},{"type":"Feature","properties":{"jobs":425,"pop":2030,"pointCount":7,"homeWorkCommuteMedian":15911,"workHomeCommuteMedian":17078},"geometry":{"type":"Polygon","coordinates":[[[151.1493538781999,-33.770199999999974],[151.1493538781999,-33.76120679636273],[151.15834708183712,-33.76120679636273],[151.15834708183712,-33.770199999999974],[151.1493538781999,-33.770199999999974]]]}},{"type":"Feature","properties":{"jobs":529,"pop":1161,"pointCount":5,"homeWorkCommuteMedian":9755,"workHomeCommuteMedian":6607},"geometry":{"type":"Polygon","coordinates":[[[151.1493538781999,-33.76120679636273],[151.1493538781999,-33.75221359272548],[151.15834708183712,-33.75221359272548],[151.15834708183712,-33.76120679636273],[151.1493538781999,-33.76120679636273]]]}},{"type":"Feature","properties":{"jobs":105,"pop":644,"pointCount":3,"homeWorkCommuteMedian":22131,"workHomeCommuteMedian":19364},"geometry":{"type":"Polygon","coordinates":[[[151.1493538781999,-33.75221359272548],[151.1493538781999,-33.743220389088236],[151.15834708183712,-33.743220389088236],[151.15834708183712,-33.75221359272548],[151.1493538781999,-33.75221359272548]]]}},{"type":"Feature","properties":{"jobs":106,"pop":843,"pointCount":4,"homeWorkCommuteMedian":20699,"workHomeCommuteMedian":4884},"geometry":{"type":"Polygon","coordinates":[[[151.1493538781999,-33.743220389088236],[151.1493538781999,-33.73422718545099],[151.15834708183712,-33.73422718545099],[151.15834708183712,-33.743220389088236],[151.1493538781999,-33.743220389088236]]]}},{"type":"Feature","properties":{"jobs":117,"pop":353,"pointCount":2,"homeWorkCommuteMedian":28281,"workHomeCommuteMedian":25022},"geometry":{"type":"Polygon","coordinates":[[[151.1493538781999,-33.73422718545099],[151.1493538781999,-33.725233981813744],[151.15834708183712,-33.725233981813744],[151.15834708183712,-33.73422718545099],[151.1493538781999,-33.73422718545099]]]}},{"type":"Feature","properties":{"jobs":0,"pop":651,"pointCount":3,"homeWorkCommuteMedian":20294,"workHomeCommuteMedian":-1},"geometry":{"type":"Polygon","coordinates":[[[151.1493538781999,-33.725233981813744],[151.1493538781999,-33.7162407781765],[151.15834708183712,-33.7162407781765],[151.15834708183712,-33.725233981813744],[151.1493538781999,-33.725233981813744]]]}},{"type":"Feature","properties":{"jobs":0,"pop":783,"pointCount":3,"homeWorkCommuteMedian":11827,"workHomeCommuteMedian":-1},"geometry":{"type":"Polygon","coordinates":[[[151.1493538781999,-33.7162407781765],[151.1493538781999,-33.70724757453925],[151.15834708183712,-33.70724757453925],[151.15834708183712,-33.7162407781765],[151.1493538781999,-33.7162407781765]]]}},{"type":"Feature","properties":{"jobs":0,"pop":52,"pointCount":1,"homeWorkCommuteMedian":8498,"workHomeCommuteMedian":-1},"geometry":{"type":"Polygon","coordinates":[[[151.1493538781999,-33.70724757453925],[151.1493538781999,-33.698254370902006],[151.15834708183712,-33.698254370902006],[151.15834708183712,-33.70724757453925],[151.1493538781999,-33.70724757453925]]]}},{"type":"Feature","properties":{"jobs":462,"pop":0,"pointCount":1,"homeWorkCommuteMedian":-1,"workHomeCommuteMedian":10046},"geometry":{"type":"Polygon","coordinates":[[[151.1493538781999,-33.68926116726476],[151.1493538781999,-33.680267963627514],[151.15834708183712,-33.680267963627514],[151.15834708183712,-33.68926116726476],[151.1493538781999,-33.68926116726476]]]}},{"type":"Feature","properties":{"jobs":230,"pop":0,"pointCount":1,"homeWorkCommuteMedian":-1,"workHomeCommuteMedian":33035},"geometry":{"type":"Polygon","coordinates":[[[151.1493538781999,-33.635301945441284],[151.1493538781999,-33.62630874180404],[151.15834708183712,-33.62630874180404],[151.15834708183712,-33.635301945441284],[151.1493538781999,-33.635301945441284]]]}},{"type":"Feature","properties":{"jobs":0,"pop":187,"pointCount":1,"homeWorkCommuteMedian":38096,"workHomeCommuteMedian":-1},"geometry":{"type":"Polygon","coordinates":[[[151.1493538781999,-33.62630874180404],[151.1493538781999,-33.61731553816679],[151.15834708183712,-33.61731553816679],[151.15834708183712,-33.62630874180404],[151.1493538781999,-33.62630874180404]]]}},{"type":"Feature","properties":{"jobs":291,"pop":502,"pointCount":1,"homeWorkCommuteMedian":33164,"workHomeCommuteMedian":20525},"geometry":{"type":"Polygon","coordinates":[[[151.1493538781999,-33.61731553816679],[151.1493538781999,-33.60832233452955],[151.15834708183712,-33.60832233452955],[151.15834708183712,-33.61731553816679],[151.1493538781999,-33.61731553816679]]]}},{"type":"Feature","properties":{"jobs":466,"pop":321,"pointCount":1,"homeWorkCommuteMedian":26543,"workHomeCommuteMedian":6473},"geometry":{"type":"Polygon","coordinates":[[[151.15834708183712,-34.0489893127546],[151.15834708183712,-34.039996109117354],[151.16734028547435,-34.039996109117354],[151.16734028547435,-34.0489893127546],[151.15834708183712,-34.0489893127546]]]}},{"type":"Feature","properties":{"jobs":0,"pop":625,"pointCount":1,"homeWorkCommuteMedian":33386,"workHomeCommuteMedian":-1},"geometry":{"type":"Polygon","coordinates":[[[151.15834708183712,-34.039996109117354],[151.15834708183712,-34.03100290548011],[151.16734028547435,-34.03100290548011],[151.16734028547435,-34.039996109117354],[151.15834708183712,-34.039996109117354]]]}},{"type":"Feature","properties":{"jobs":152,"pop":0,"pointCount":1,"homeWorkCommuteMedian":-1,"workHomeCommuteMedian":5365},"geometry":{"type":"Polygon","coordinates":[[[151.15834708183712,-34.02200970184286],[151.15834708183712,-34.013016498205616],[151.16734028547435,-34.013016498205616],[151.16734028547435,-34.02200970184286],[151.15834708183712,-34.02200970184286]]]}},{"type":"Feature","properties":{"jobs":163,"pop":240,"pointCount":1,"homeWorkCommuteMedian":6348,"workHomeCommuteMedian":7206},"geometry":{"type":"Polygon","coordinates":[[[151.15834708183712,-33.95905727638214],[151.15834708183712,-33.950064072744894],[151.16734028547435,-33.950064072744894],[151.16734028547435,-33.95905727638214],[151.15834708183712,-33.95905727638214]]]}},{"type":"Feature","properties":{"jobs":0,"pop":143,"pointCount":1,"homeWorkCommuteMedian":9756,"workHomeCommuteMedian":-1},"geometry":{"type":"Polygon","coordinates":[[[151.15834708183712,-33.950064072744894],[151.15834708183712,-33.94107086910765],[151.16734028547435,-33.94107086910765],[151.16734028547435,-33.950064072744894],[151.15834708183712,-33.950064072744894]]]}},{"type":"Feature","properties":{"jobs":23367,"pop":0,"pointCount":1,"homeWorkCommuteMedian":-1,"workHomeCommuteMedian":22211},"geometry":{"type":"Polygon","coordinates":[[[151.15834708183712,-33.94107086910765],[151.15834708183712,-33.9320776654704],[151.16734028547435,-33.9320776654704],[151.16734028547435,-33.94107086910765],[151.15834708183712,-33.94107086910765]]]}},{"type":"Feature","properties":{"jobs":1688,"pop":577,"pointCount":3,"homeWorkCommuteMedian":8073,"workHomeCommuteMedian":16445},"geometry":{"type":"Polygon","coordinates":[[[151.15834708183712,-33.9320776654704],[151.15834708183712,-33.923084461833156],[151.16734028547435,-33.923084461833156],[151.16734028547435,-33.9320776654704],[151.15834708183712,-33.9320776654704]]]}},{"type":"Feature","properties":{"jobs":1434,"pop":1818,"pointCount":7,"homeWorkCommuteMedian":7611,"workHomeCommuteMedian":7835},"geometry":{"type":"Polygon","coordinates":[[[151.15834708183712,-33.923084461833156],[151.15834708183712,-33.91409125819591],[151.16734028547435,-33.91409125819591],[151.16734028547435,-33.923084461833156],[151.15834708183712,-33.923084461833156]]]}},{"type":"Feature","properties":{"jobs":3116,"pop":1446,"pointCount":4,"homeWorkCommuteMedian":5774,"workHomeCommuteMedian":6605},"geometry":{"type":"Polygon","coordinates":[[[151.15834708183712,-33.91409125819591],[151.15834708183712,-33.905098054558664],[151.16734028547435,-33.905098054558664],[151.16734028547435,-33.91409125819591],[151.15834708183712,-33.91409125819591]]]}},{"type":"Feature","properties":{"jobs":2149,"pop":2834,"pointCount":7,"homeWorkCommuteMedian":8112,"workHomeCommuteMedian":7816},"geometry":{"type":"Polygon","coordinates":[[[151.15834708183712,-33.905098054558664],[151.15834708183712,-33.89610485092142],[151.16734028547435,-33.89610485092142],[151.16734028547435,-33.905098054558664],[151.15834708183712,-33.905098054558664]]]}},{"type":"Feature","properties":{"jobs":1067,"pop":2959,"pointCount":3,"homeWorkCommuteMedian":6472,"workHomeCommuteMedian":20892},"geometry":{"type":"Polygon","coordinates":[[[151.15834708183712,-33.89610485092142],[151.15834708183712,-33.88711164728417],[151.16734028547435,-33.88711164728417],[151.16734028547435,-33.89610485092142],[151.15834708183712,-33.89610485092142]]]}},{"type":"Feature","properties":{"jobs":3504,"pop":3751,"pointCount":8,"homeWorkCommuteMedian":7330,"workHomeCommuteMedian":8518},"geometry":{"type":"Polygon","coordinates":[[[151.15834708183712,-33.88711164728417],[151.15834708183712,-33.878118443646926],[151.16734028547435,-33.878118443646926],[151.16734028547435,-33.88711164728417],[151.15834708183712,-33.88711164728417]]]}},{"type":"Feature","properties":{"jobs":1342,"pop":3721,"pointCount":8,"homeWorkCommuteMedian":8540,"workHomeCommuteMedian":4586},"geometry":{"type":"Polygon","coordinates":[[[151.15834708183712,-33.878118443646926],[151.15834708183712,-33.86912524000968],[151.16734028547435,-33.86912524000968],[151.16734028547435,-33.878118443646926],[151.15834708183712,-33.878118443646926]]]}},{"type":"Feature","properties":{"jobs":714,"pop":488,"pointCount":2,"homeWorkCommuteMedian":7275,"workHomeCommuteMedian":6261},"geometry":{"type":"Polygon","coordinates":[[[151.15834708183712,-33.86912524000968],[151.15834708183712,-33.860132036372434],[151.16734028547435,-33.860132036372434],[151.16734028547435,-33.86912524000968],[151.15834708183712,-33.86912524000968]]]}},{"type":"Feature","properties":{"jobs":222,"pop":368,"pointCount":2,"homeWorkCommuteMedian":8584,"workHomeCommuteMedian":7724},"geometry":{"type":"Polygon","coordinates":[[[151.15834708183712,-33.860132036372434],[151.15834708183712,-33.85113883273519],[151.16734028547435,-33.85113883273519],[151.16734028547435,-33.860132036372434],[151.15834708183712,-33.860132036372434]]]}},{"type":"Feature","properties":{"jobs":245,"pop":690,"pointCount":3,"homeWorkCommuteMedian":14102,"workHomeCommuteMedian":8552},"geometry":{"type":"Polygon","coordinates":[[[151.15834708183712,-33.84214562909794],[151.15834708183712,-33.833152425460696],[151.16734028547435,-33.833152425460696],[151.16734028547435,-33.84214562909794],[151.15834708183712,-33.84214562909794]]]}},{"type":"Feature","properties":{"jobs":600,"pop":940,"pointCount":4,"homeWorkCommuteMedian":14067,"workHomeCommuteMedian":17108},"geometry":{"type":"Polygon","coordinates":[[[151.15834708183712,-33.833152425460696],[151.15834708183712,-33.82415922182345],[151.16734028547435,-33.82415922182345],[151.16734028547435,-33.833152425460696],[151.15834708183712,-33.833152425460696]]]}},{"type":"Feature","properties":{"jobs":856,"pop":1575,"pointCount":6,"homeWorkCommuteMedian":11692,"workHomeCommuteMedian":8976},"geometry":{"type":"Polygon","coordinates":[[[151.15834708183712,-33.82415922182345],[151.15834708183712,-33.815166018186204],[151.16734028547435,-33.815166018186204],[151.16734028547435,-33.82415922182345],[151.15834708183712,-33.82415922182345]]]}},{"type":"Feature","properties":{"jobs":218,"pop":2044,"pointCount":4,"homeWorkCommuteMedian":11422,"workHomeCommuteMedian":18050},"geometry":{"type":"Polygon","coordinates":[[[151.15834708183712,-33.815166018186204],[151.15834708183712,-33.80617281454896],[151.16734028547435,-33.80617281454896],[151.16734028547435,-33.815166018186204],[151.15834708183712,-33.815166018186204]]]}},{"type":"Feature","properties":{"jobs":658,"pop":1858,"pointCount":5,"homeWorkCommuteMedian":10998,"workHomeCommuteMedian":18303},"geometry":{"type":"Polygon","coordinates":[[[151.15834708183712,-33.80617281454896],[151.15834708183712,-33.79717961091171],[151.16734028547435,-33.79717961091171],[151.16734028547435,-33.80617281454896],[151.15834708183712,-33.80617281454896]]]}},{"type":"Feature","properties":{"jobs":411,"pop":1167,"pointCount":5,"homeWorkCommuteMedian":14959,"workHomeCommuteMedian":9275},"geometry":{"type":"Polygon","coordinates":[[[151.15834708183712,-33.79717961091171],[151.15834708183712,-33.788186407274466],[151.16734028547435,-33.788186407274466],[151.16734028547435,-33.79717961091171],[151.15834708183712,-33.79717961091171]]]}},{"type":"Feature","properties":{"jobs":406,"pop":1264,"pointCount":5,"homeWorkCommuteMedian":14156,"workHomeCommuteMedian":8140},"geometry":{"type":"Polygon","coordinates":[[[151.15834708183712,-33.788186407274466],[151.15834708183712,-33.77919320363722],[151.16734028547435,-33.77919320363722],[151.16734028547435,-33.788186407274466],[151.15834708183712,-33.788186407274466]]]}},{"type":"Feature","properties":{"jobs":189,"pop":896,"pointCount":5,"homeWorkCommuteMedian":3557,"workHomeCommuteMedian":9818},"geometry":{"type":"Polygon","coordinates":[[[151.15834708183712,-33.77919320363722],[151.15834708183712,-33.770199999999974],[151.16734028547435,-33.770199999999974],[151.16734028547435,-33.77919320363722],[151.15834708183712,-33.77919320363722]]]}},{"type":"Feature","properties":{"jobs":539,"pop":835,"pointCount":4,"homeWorkCommuteMedian":13068,"workHomeCommuteMedian":11978},"geometry":{"type":"Polygon","coordinates":[[[151.15834708183712,-33.770199999999974],[151.15834708183712,-33.76120679636273],[151.16734028547435,-33.76120679636273],[151.16734028547435,-33.770199999999974],[151.15834708183712,-33.770199999999974]]]}},{"type":"Feature","properties":{"jobs":396,"pop":878,"pointCount":5,"homeWorkCommuteMedian":16742,"workHomeCommuteMedian":10126},"geometry":{"type":"Polygon","coordinates":[[[151.15834708183712,-33.76120679636273],[151.15834708183712,-33.75221359272548],[151.16734028547435,-33.75221359272548],[151.16734028547435,-33.76120679636273],[151.15834708183712,-33.76120679636273]]]}},{"type":"Feature","properties":{"jobs":0,"pop":807,"pointCount":4,"homeWorkCommuteMedian":18061,"workHomeCommuteMedian":-1},"geometry":{"type":"Polygon","coordinates":[[[151.15834708183712,-33.75221359272548],[151.15834708183712,-33.743220389088236],[151.16734028547435,-33.743220389088236],[151.16734028547435,-33.75221359272548],[151.15834708183712,-33.75221359272548]]]}},{"type":"Feature","properties":{"jobs":134,"pop":573,"pointCount":2,"homeWorkCommuteMedian":22073,"workHomeCommuteMedian":22929},"geometry":{"type":"Polygon","coordinates":[[[151.15834708183712,-33.743220389088236],[151.15834708183712,-33.73422718545099],[151.16734028547435,-33.73422718545099],[151.16734028547435,-33.743220389088236],[151.15834708183712,-33.743220389088236]]]}},{"type":"Feature","properties":{"jobs":1518,"pop":1565,"pointCount":7,"homeWorkCommuteMedian":18113,"workHomeCommuteMedian":5501},"geometry":{"type":"Polygon","coordinates":[[[151.15834708183712,-33.73422718545099],[151.15834708183712,-33.725233981813744],[151.16734028547435,-33.725233981813744],[151.16734028547435,-33.73422718545099],[151.15834708183712,-33.73422718545099]]]}},{"type":"Feature","properties":{"jobs":0,"pop":561,"pointCount":3,"homeWorkCommuteMedian":3724,"workHomeCommuteMedian":-1},"geometry":{"type":"Polygon","coordinates":[[[151.15834708183712,-33.725233981813744],[151.15834708183712,-33.7162407781765],[151.16734028547435,-33.7162407781765],[151.16734028547435,-33.725233981813744],[151.15834708183712,-33.725233981813744]]]}},{"type":"Feature","properties":{"jobs":0,"pop":410,"pointCount":2,"homeWorkCommuteMedian":11861,"workHomeCommuteMedian":-1},"geometry":{"type":"Polygon","coordinates":[[[151.15834708183712,-33.7162407781765],[151.15834708183712,-33.70724757453925],[151.16734028547435,-33.70724757453925],[151.16734028547435,-33.7162407781765],[151.15834708183712,-33.7162407781765]]]}},{"type":"Feature","properties":{"jobs":0,"pop":461,"pointCount":2,"homeWorkCommuteMedian":24680,"workHomeCommuteMedian":-1},"geometry":{"type":"Polygon","coordinates":[[[151.15834708183712,-33.70724757453925],[151.15834708183712,-33.698254370902006],[151.16734028547435,-33.698254370902006],[151.16734028547435,-33.70724757453925],[151.15834708183712,-33.70724757453925]]]}},{"type":"Feature","properties":{"jobs":6514,"pop":0,"pointCount":1,"homeWorkCommuteMedian":-1,"workHomeCommuteMedian":19256},"geometry":{"type":"Polygon","coordinates":[[[151.16734028547435,-33.94107086910765],[151.16734028547435,-33.9320776654704],[151.17633348911158,-33.9320776654704],[151.17633348911158,-33.94107086910765],[151.16734028547435,-33.94107086910765]]]}},{"type":"Feature","properties":{"jobs":1679,"pop":1098,"pointCount":3,"homeWorkCommuteMedian":6647,"workHomeCommuteMedian":15215},"geometry":{"type":"Polygon","coordinates":[[[151.16734028547435,-33.923084461833156],[151.16734028547435,-33.91409125819591],[151.17633348911158,-33.91409125819591],[151.17633348911158,-33.923084461833156],[151.16734028547435,-33.923084461833156]]]}},{"type":"Feature","properties":{"jobs":4578,"pop":851,"pointCount":4,"homeWorkCommuteMedian":6118,"workHomeCommuteMedian":13970},"geometry":{"type":"Polygon","coordinates":[[[151.16734028547435,-33.91409125819591],[151.16734028547435,-33.905098054558664],[151.17633348911158,-33.905098054558664],[151.17633348911158,-33.91409125819591],[151.16734028547435,-33.91409125819591]]]}},{"type":"Feature","properties":{"jobs":2229,"pop":5390,"pointCount":7,"homeWorkCommuteMedian":6809,"workHomeCommuteMedian":5066},"geometry":{"type":"Polygon","coordinates":[[[151.16734028547435,-33.905098054558664],[151.16734028547435,-33.89610485092142],[151.17633348911158,-33.89610485092142],[151.17633348911158,-33.905098054558664],[151.16734028547435,-33.905098054558664]]]}},{"type":"Feature","properties":{"jobs":2829,"pop":4887,"pointCount":4,"homeWorkCommuteMedian":6297,"workHomeCommuteMedian":6508},"geometry":{"type":"Polygon","coordinates":[[[151.16734028547435,-33.89610485092142],[151.16734028547435,-33.88711164728417],[151.17633348911158,-33.88711164728417],[151.17633348911158,-33.89610485092142],[151.16734028547435,-33.89610485092142]]]}},{"type":"Feature","properties":{"jobs":2441,"pop":3450,"pointCount":4,"homeWorkCommuteMedian":7510,"workHomeCommuteMedian":6968},"geometry":{"type":"Polygon","coordinates":[[[151.16734028547435,-33.88711164728417],[151.16734028547435,-33.878118443646926],[151.17633348911158,-33.878118443646926],[151.17633348911158,-33.88711164728417],[151.16734028547435,-33.88711164728417]]]}},{"type":"Feature","properties":{"jobs":665,"pop":2181,"pointCount":7,"homeWorkCommuteMedian":6039,"workHomeCommuteMedian":19756},"geometry":{"type":"Polygon","coordinates":[[[151.16734028547435,-33.878118443646926],[151.16734028547435,-33.86912524000968],[151.17633348911158,-33.86912524000968],[151.17633348911158,-33.878118443646926],[151.16734028547435,-33.878118443646926]]]}},{"type":"Feature","properties":{"jobs":1888,"pop":4086,"pointCount":8,"homeWorkCommuteMedian":5144,"workHomeCommuteMedian":6126},"geometry":{"type":"Polygon","coordinates":[[[151.16734028547435,-33.86912524000968],[151.16734028547435,-33.860132036372434],[151.17633348911158,-33.860132036372434],[151.17633348911158,-33.86912524000968],[151.16734028547435,-33.86912524000968]]]}},{"type":"Feature","properties":{"jobs":1033,"pop":2316,"pointCount":3,"homeWorkCommuteMedian":7453,"workHomeCommuteMedian":7865},"geometry":{"type":"Polygon","coordinates":[[[151.16734028547435,-33.860132036372434],[151.16734028547435,-33.85113883273519],[151.17633348911158,-33.85113883273519],[151.17633348911158,-33.860132036372434],[151.16734028547435,-33.860132036372434]]]}},{"type":"Feature","properties":{"jobs":0,"pop":343,"pointCount":2,"homeWorkCommuteMedian":11791,"workHomeCommuteMedian":-1},"geometry":{"type":"Polygon","coordinates":[[[151.16734028547435,-33.84214562909794],[151.16734028547435,-33.833152425460696],[151.17633348911158,-33.833152425460696],[151.17633348911158,-33.84214562909794],[151.16734028547435,-33.84214562909794]]]}},{"type":"Feature","properties":{"jobs":232,"pop":797,"pointCount":3,"homeWorkCommuteMedian":20337,"workHomeCommuteMedian":5173},"geometry":{"type":"Polygon","coordinates":[[[151.16734028547435,-33.833152425460696],[151.16734028547435,-33.82415922182345],[151.17633348911158,-33.82415922182345],[151.17633348911158,-33.833152425460696],[151.16734028547435,-33.833152425460696]]]}},{"type":"Feature","properties":{"jobs":1168,"pop":1606,"pointCount":3,"homeWorkCommuteMedian":6935,"workHomeCommuteMedian":17735},"geometry":{"type":"Polygon","coordinates":[[[151.16734028547435,-33.82415922182345],[151.16734028547435,-33.815166018186204],[151.17633348911158,-33.815166018186204],[151.17633348911158,-33.82415922182345],[151.16734028547435,-33.82415922182345]]]}},{"type":"Feature","properties":{"jobs":1035,"pop":4535,"pointCount":7,"homeWorkCommuteMedian":10042,"workHomeCommuteMedian":22098},"geometry":{"type":"Polygon","coordinates":[[[151.16734028547435,-33.815166018186204],[151.16734028547435,-33.80617281454896],[151.17633348911158,-33.80617281454896],[151.17633348911158,-33.815166018186204],[151.16734028547435,-33.815166018186204]]]}},{"type":"Feature","properties":{"jobs":1659,"pop":462,"pointCount":2,"homeWorkCommuteMedian":8015,"workHomeCommuteMedian":14282},"geometry":{"type":"Polygon","coordinates":[[[151.16734028547435,-33.80617281454896],[151.16734028547435,-33.79717961091171],[151.17633348911158,-33.79717961091171],[151.17633348911158,-33.80617281454896],[151.16734028547435,-33.80617281454896]]]}},{"type":"Feature","properties":{"jobs":818,"pop":1467,"pointCount":5,"homeWorkCommuteMedian":10884,"workHomeCommuteMedian":30760},"geometry":{"type":"Polygon","coordinates":[[[151.16734028547435,-33.79717961091171],[151.16734028547435,-33.788186407274466],[151.17633348911158,-33.788186407274466],[151.17633348911158,-33.79717961091171],[151.16734028547435,-33.79717961091171]]]}},{"type":"Feature","properties":{"jobs":341,"pop":1309,"pointCount":5,"homeWorkCommuteMedian":13305,"workHomeCommuteMedian":39898},"geometry":{"type":"Polygon","coordinates":[[[151.16734028547435,-33.788186407274466],[151.16734028547435,-33.77919320363722],[151.17633348911158,-33.77919320363722],[151.17633348911158,-33.788186407274466],[151.16734028547435,-33.788186407274466]]]}},{"type":"Feature","properties":{"jobs":521,"pop":1086,"pointCount":5,"homeWorkCommuteMedian":13995,"workHomeCommuteMedian":17254},"geometry":{"type":"Polygon","coordinates":[[[151.16734028547435,-33.77919320363722],[151.16734028547435,-33.770199999999974],[151.17633348911158,-33.770199999999974],[151.17633348911158,-33.77919320363722],[151.16734028547435,-33.77919320363722]]]}},{"type":"Feature","properties":{"jobs":286,"pop":614,"pointCount":3,"homeWorkCommuteMedian":18569,"workHomeCommuteMedian":51654},"geometry":{"type":"Polygon","coordinates":[[[151.16734028547435,-33.770199999999974],[151.16734028547435,-33.76120679636273],[151.17633348911158,-33.76120679636273],[151.17633348911158,-33.770199999999974],[151.16734028547435,-33.770199999999974]]]}},{"type":"Feature","properties":{"jobs":87,"pop":337,"pointCount":3,"homeWorkCommuteMedian":18634,"workHomeCommuteMedian":6636},"geometry":{"type":"Polygon","coordinates":[[[151.16734028547435,-33.76120679636273],[151.16734028547435,-33.75221359272548],[151.17633348911158,-33.75221359272548],[151.17633348911158,-33.76120679636273],[151.16734028547435,-33.76120679636273]]]}},{"type":"Feature","properties":{"jobs":322,"pop":410,"pointCount":2,"homeWorkCommuteMedian":12734,"workHomeCommuteMedian":13325},"geometry":{"type":"Polygon","coordinates":[[[151.16734028547435,-33.75221359272548],[151.16734028547435,-33.743220389088236],[151.17633348911158,-33.743220389088236],[151.17633348911158,-33.75221359272548],[151.16734028547435,-33.75221359272548]]]}},{"type":"Feature","properties":{"jobs":134,"pop":1070,"pointCount":4,"homeWorkCommuteMedian":18260,"workHomeCommuteMedian":1225},"geometry":{"type":"Polygon","coordinates":[[[151.16734028547435,-33.743220389088236],[151.16734028547435,-33.73422718545099],[151.17633348911158,-33.73422718545099],[151.17633348911158,-33.743220389088236],[151.16734028547435,-33.743220389088236]]]}},{"type":"Feature","properties":{"jobs":0,"pop":1043,"pointCount":5,"homeWorkCommuteMedian":19207,"workHomeCommuteMedian":-1},"geometry":{"type":"Polygon","coordinates":[[[151.16734028547435,-33.73422718545099],[151.16734028547435,-33.725233981813744],[151.17633348911158,-33.725233981813744],[151.17633348911158,-33.73422718545099],[151.16734028547435,-33.73422718545099]]]}},{"type":"Feature","properties":{"jobs":0,"pop":700,"pointCount":4,"homeWorkCommuteMedian":10452,"workHomeCommuteMedian":-1},"geometry":{"type":"Polygon","coordinates":[[[151.16734028547435,-33.725233981813744],[151.16734028547435,-33.7162407781765],[151.17633348911158,-33.7162407781765],[151.17633348911158,-33.725233981813744],[151.16734028547435,-33.725233981813744]]]}},{"type":"Feature","properties":{"jobs":0,"pop":365,"pointCount":2,"homeWorkCommuteMedian":24703,"workHomeCommuteMedian":-1},"geometry":{"type":"Polygon","coordinates":[[[151.16734028547435,-33.7162407781765],[151.16734028547435,-33.70724757453925],[151.17633348911158,-33.70724757453925],[151.17633348911158,-33.7162407781765],[151.16734028547435,-33.7162407781765]]]}},{"type":"Feature","properties":{"jobs":197,"pop":216,"pointCount":1,"homeWorkCommuteMedian":28804,"workHomeCommuteMedian":17511},"geometry":{"type":"Polygon","coordinates":[[[151.16734028547435,-33.70724757453925],[151.16734028547435,-33.698254370902006],[151.17633348911158,-33.698254370902006],[151.17633348911158,-33.70724757453925],[151.16734028547435,-33.70724757453925]]]}},{"type":"Feature","properties":{"jobs":253,"pop":0,"pointCount":1,"homeWorkCommuteMedian":-1,"workHomeCommuteMedian":9233},"geometry":{"type":"Polygon","coordinates":[[[151.16734028547435,-33.698254370902006],[151.16734028547435,-33.68926116726476],[151.17633348911158,-33.68926116726476],[151.17633348911158,-33.698254370902006],[151.16734028547435,-33.698254370902006]]]}},{"type":"Feature","properties":{"jobs":0,"pop":273,"pointCount":1,"homeWorkCommuteMedian":41372,"workHomeCommuteMedian":-1},"geometry":{"type":"Polygon","coordinates":[[[151.16734028547435,-33.590335927255055],[151.16734028547435,-33.58134272361781],[151.17633348911158,-33.58134272361781],[151.17633348911158,-33.590335927255055],[151.16734028547435,-33.590335927255055]]]}},{"type":"Feature","properties":{"jobs":322,"pop":0,"pointCount":1,"homeWorkCommuteMedian":-1,"workHomeCommuteMedian":8994},"geometry":{"type":"Polygon","coordinates":[[[151.17633348911158,-34.03100290548011],[151.17633348911158,-34.02200970184286],[151.18532669274882,-34.02200970184286],[151.18532669274882,-34.03100290548011],[151.17633348911158,-34.03100290548011]]]}},{"type":"Feature","properties":{"jobs":265,"pop":0,"pointCount":1,"homeWorkCommuteMedian":-1,"workHomeCommuteMedian":37198},"geometry":{"type":"Polygon","coordinates":[[[151.17633348911158,-33.95905727638214],[151.17633348911158,-33.950064072744894],[151.18532669274882,-33.950064072744894],[151.18532669274882,-33.95905727638214],[151.17633348911158,-33.95905727638214]]]}},{"type":"Feature","properties":{"jobs":27182,"pop":0,"pointCount":2,"homeWorkCommuteMedian":-1,"workHomeCommuteMedian":21822},"geometry":{"type":"Polygon","coordinates":[[[151.17633348911158,-33.94107086910765],[151.17633348911158,-33.9320776654704],[151.18532669274882,-33.9320776654704],[151.18532669274882,-33.94107086910765],[151.17633348911158,-33.94107086910765]]]}},{"type":"Feature","properties":{"jobs":13937,"pop":0,"pointCount":1,"homeWorkCommuteMedian":-1,"workHomeCommuteMedian":21578},"geometry":{"type":"Polygon","coordinates":[[[151.17633348911158,-33.9320776654704],[151.17633348911158,-33.923084461833156],[151.18532669274882,-33.923084461833156],[151.18532669274882,-33.9320776654704],[151.17633348911158,-33.9320776654704]]]}},{"type":"Feature","properties":{"jobs":4927,"pop":0,"pointCount":2,"homeWorkCommuteMedian":-1,"workHomeCommuteMedian":19179},"geometry":{"type":"Polygon","coordinates":[[[151.17633348911158,-33.923084461833156],[151.17633348911158,-33.91409125819591],[151.18532669274882,-33.91409125819591],[151.18532669274882,-33.923084461833156],[151.17633348911158,-33.923084461833156]]]}},{"type":"Feature","properties":{"jobs":2114,"pop":4029,"pointCount":5,"homeWorkCommuteMedian":6990,"workHomeCommuteMedian":9389},"geometry":{"type":"Polygon","coordinates":[[[151.17633348911158,-33.91409125819591],[151.17633348911158,-33.905098054558664],[151.18532669274882,-33.905098054558664],[151.18532669274882,-33.91409125819591],[151.17633348911158,-33.91409125819591]]]}},{"type":"Feature","properties":{"jobs":2430,"pop":4716,"pointCount":6,"homeWorkCommuteMedian":5592,"workHomeCommuteMedian":8391},"geometry":{"type":"Polygon","coordinates":[[[151.17633348911158,-33.905098054558664],[151.17633348911158,-33.89610485092142],[151.18532669274882,-33.89610485092142],[151.18532669274882,-33.905098054558664],[151.17633348911158,-33.905098054558664]]]}},{"type":"Feature","properties":{"jobs":9797,"pop":2846,"pointCount":5,"homeWorkCommuteMedian":4014,"workHomeCommuteMedian":9709},"geometry":{"type":"Polygon","coordinates":[[[151.17633348911158,-33.89610485092142],[151.17633348911158,-33.88711164728417],[151.18532669274882,-33.88711164728417],[151.18532669274882,-33.89610485092142],[151.17633348911158,-33.89610485092142]]]}},{"type":"Feature","properties":{"jobs":2413,"pop":7077,"pointCount":4,"homeWorkCommuteMedian":4532,"workHomeCommuteMedian":14395},"geometry":{"type":"Polygon","coordinates":[[[151.17633348911158,-33.88711164728417],[151.17633348911158,-33.878118443646926],[151.18532669274882,-33.878118443646926],[151.18532669274882,-33.88711164728417],[151.17633348911158,-33.88711164728417]]]}},{"type":"Feature","properties":{"jobs":1262,"pop":2433,"pointCount":2,"homeWorkCommuteMedian":3904,"workHomeCommuteMedian":2999},"geometry":{"type":"Polygon","coordinates":[[[151.17633348911158,-33.878118443646926],[151.17633348911158,-33.86912524000968],[151.18532669274882,-33.86912524000968],[151.18532669274882,-33.878118443646926],[151.17633348911158,-33.878118443646926]]]}},{"type":"Feature","properties":{"jobs":1273,"pop":1580,"pointCount":3,"homeWorkCommuteMedian":5417,"workHomeCommuteMedian":9562},"geometry":{"type":"Polygon","coordinates":[[[151.17633348911158,-33.86912524000968],[151.17633348911158,-33.860132036372434],[151.18532669274882,-33.860132036372434],[151.18532669274882,-33.86912524000968],[151.17633348911158,-33.86912524000968]]]}},{"type":"Feature","properties":{"jobs":996,"pop":2785,"pointCount":5,"homeWorkCommuteMedian":5894,"workHomeCommuteMedian":11138},"geometry":{"type":"Polygon","coordinates":[[[151.17633348911158,-33.860132036372434],[151.17633348911158,-33.85113883273519],[151.18532669274882,-33.85113883273519],[151.18532669274882,-33.860132036372434],[151.17633348911158,-33.860132036372434]]]}},{"type":"Feature","properties":{"jobs":653,"pop":650,"pointCount":3,"homeWorkCommuteMedian":7223,"workHomeCommuteMedian":19702},"geometry":{"type":"Polygon","coordinates":[[[151.17633348911158,-33.85113883273519],[151.17633348911158,-33.84214562909794],[151.18532669274882,-33.84214562909794],[151.18532669274882,-33.85113883273519],[151.17633348911158,-33.85113883273519]]]}},{"type":"Feature","properties":{"jobs":285,"pop":426,"pointCount":2,"homeWorkCommuteMedian":7729,"workHomeCommuteMedian":22166},"geometry":{"type":"Polygon","coordinates":[[[151.17633348911158,-33.84214562909794],[151.17633348911158,-33.833152425460696],[151.18532669274882,-33.833152425460696],[151.18532669274882,-33.84214562909794],[151.17633348911158,-33.84214562909794]]]}},{"type":"Feature","properties":{"jobs":987,"pop":1036,"pointCount":3,"homeWorkCommuteMedian":7058,"workHomeCommuteMedian":17035},"geometry":{"type":"Polygon","coordinates":[[[151.17633348911158,-33.833152425460696],[151.17633348911158,-33.82415922182345],[151.18532669274882,-33.82415922182345],[151.18532669274882,-33.833152425460696],[151.17633348911158,-33.833152425460696]]]}},{"type":"Feature","properties":{"jobs":0,"pop":1450,"pointCount":4,"homeWorkCommuteMedian":9856,"workHomeCommuteMedian":-1},"geometry":{"type":"Polygon","coordinates":[[[151.17633348911158,-33.82415922182345],[151.17633348911158,-33.815166018186204],[151.18532669274882,-33.815166018186204],[151.18532669274882,-33.82415922182345],[151.17633348911158,-33.82415922182345]]]}},{"type":"Feature","properties":{"jobs":4184,"pop":3140,"pointCount":6,"homeWorkCommuteMedian":8924,"workHomeCommuteMedian":16547},"geometry":{"type":"Polygon","coordinates":[[[151.17633348911158,-33.815166018186204],[151.17633348911158,-33.80617281454896],[151.18532669274882,-33.80617281454896],[151.18532669274882,-33.815166018186204],[151.17633348911158,-33.815166018186204]]]}},{"type":"Feature","properties":{"jobs":4053,"pop":3768,"pointCount":6,"homeWorkCommuteMedian":11261,"workHomeCommuteMedian":11827},"geometry":{"type":"Polygon","coordinates":[[[151.17633348911158,-33.80617281454896],[151.17633348911158,-33.79717961091171],[151.18532669274882,-33.79717961091171],[151.18532669274882,-33.80617281454896],[151.17633348911158,-33.80617281454896]]]}},{"type":"Feature","properties":{"jobs":12863,"pop":3780,"pointCount":6,"homeWorkCommuteMedian":11720,"workHomeCommuteMedian":14782},"geometry":{"type":"Polygon","coordinates":[[[151.17633348911158,-33.79717961091171],[151.17633348911158,-33.788186407274466],[151.18532669274882,-33.788186407274466],[151.18532669274882,-33.79717961091171],[151.17633348911158,-33.79717961091171]]]}},{"type":"Feature","properties":{"jobs":973,"pop":1433,"pointCount":5,"homeWorkCommuteMedian":14254,"workHomeCommuteMedian":12721},"geometry":{"type":"Polygon","coordinates":[[[151.17633348911158,-33.788186407274466],[151.17633348911158,-33.77919320363722],[151.18532669274882,-33.77919320363722],[151.18532669274882,-33.788186407274466],[151.17633348911158,-33.788186407274466]]]}},{"type":"Feature","properties":{"jobs":413,"pop":1055,"pointCount":5,"homeWorkCommuteMedian":13086,"workHomeCommuteMedian":12878},"geometry":{"type":"Polygon","coordinates":[[[151.17633348911158,-33.77919320363722],[151.17633348911158,-33.770199999999974],[151.18532669274882,-33.770199999999974],[151.18532669274882,-33.77919320363722],[151.17633348911158,-33.77919320363722]]]}},{"type":"Feature","properties":{"jobs":172,"pop":578,"pointCount":3,"homeWorkCommuteMedian":11270,"workHomeCommuteMedian":26412},"geometry":{"type":"Polygon","coordinates":[[[151.17633348911158,-33.770199999999974],[151.17633348911158,-33.76120679636273],[151.18532669274882,-33.76120679636273],[151.18532669274882,-33.770199999999974],[151.17633348911158,-33.770199999999974]]]}},{"type":"Feature","properties":{"jobs":0,"pop":596,"pointCount":3,"homeWorkCommuteMedian":14151,"workHomeCommuteMedian":-1},"geometry":{"type":"Polygon","coordinates":[[[151.17633348911158,-33.76120679636273],[151.17633348911158,-33.75221359272548],[151.18532669274882,-33.75221359272548],[151.18532669274882,-33.76120679636273],[151.17633348911158,-33.76120679636273]]]}},{"type":"Feature","properties":{"jobs":141,"pop":166,"pointCount":1,"homeWorkCommuteMedian":18835,"workHomeCommuteMedian":21524},"geometry":{"type":"Polygon","coordinates":[[[151.17633348911158,-33.75221359272548],[151.17633348911158,-33.743220389088236],[151.18532669274882,-33.743220389088236],[151.18532669274882,-33.75221359272548],[151.17633348911158,-33.75221359272548]]]}},{"type":"Feature","properties":{"jobs":218,"pop":0,"pointCount":1,"homeWorkCommuteMedian":-1,"workHomeCommuteMedian":4623},"geometry":{"type":"Polygon","coordinates":[[[151.17633348911158,-33.73422718545099],[151.17633348911158,-33.725233981813744],[151.18532669274882,-33.725233981813744],[151.18532669274882,-33.73422718545099],[151.17633348911158,-33.73422718545099]]]}},{"type":"Feature","properties":{"jobs":0,"pop":503,"pointCount":2,"homeWorkCommuteMedian":21787,"workHomeCommuteMedian":-1},"geometry":{"type":"Polygon","coordinates":[[[151.17633348911158,-33.725233981813744],[151.17633348911158,-33.7162407781765],[151.18532669274882,-33.7162407781765],[151.18532669274882,-33.725233981813744],[151.17633348911158,-33.725233981813744]]]}},{"type":"Feature","properties":{"jobs":419,"pop":0,"pointCount":1,"homeWorkCommuteMedian":-1,"workHomeCommuteMedian":5325},"geometry":{"type":"Polygon","coordinates":[[[151.17633348911158,-33.7162407781765],[151.17633348911158,-33.70724757453925],[151.18532669274882,-33.70724757453925],[151.18532669274882,-33.7162407781765],[151.17633348911158,-33.7162407781765]]]}},{"type":"Feature","properties":{"jobs":666,"pop":210,"pointCount":1,"homeWorkCommuteMedian":27080,"workHomeCommuteMedian":27433},"geometry":{"type":"Polygon","coordinates":[[[151.17633348911158,-33.70724757453925],[151.17633348911158,-33.698254370902006],[151.18532669274882,-33.698254370902006],[151.18532669274882,-33.70724757453925],[151.17633348911158,-33.70724757453925]]]}},{"type":"Feature","properties":{"jobs":0,"pop":144,"pointCount":1,"homeWorkCommuteMedian":25743,"workHomeCommuteMedian":-1},"geometry":{"type":"Polygon","coordinates":[[[151.17633348911158,-33.680267963627514],[151.17633348911158,-33.67127475999027],[151.18532669274882,-33.67127475999027],[151.18532669274882,-33.680267963627514],[151.17633348911158,-33.680267963627514]]]}},{"type":"Feature","properties":{"jobs":2050,"pop":247,"pointCount":2,"homeWorkCommuteMedian":12009,"workHomeCommuteMedian":7706},"geometry":{"type":"Polygon","coordinates":[[[151.18532669274882,-33.950064072744894],[151.18532669274882,-33.94107086910765],[151.19431989638605,-33.94107086910765],[151.19431989638605,-33.950064072744894],[151.18532669274882,-33.950064072744894]]]}},{"type":"Feature","properties":{"jobs":12372,"pop":2451,"pointCount":5,"homeWorkCommuteMedian":9033,"workHomeCommuteMedian":16360},"geometry":{"type":"Polygon","coordinates":[[[151.18532669274882,-33.9320776654704],[151.18532669274882,-33.923084461833156],[151.19431989638605,-33.923084461833156],[151.19431989638605,-33.9320776654704],[151.18532669274882,-33.9320776654704]]]}},{"type":"Feature","properties":{"jobs":8010,"pop":7121,"pointCount":6,"homeWorkCommuteMedian":7846,"workHomeCommuteMedian":11553},"geometry":{"type":"Polygon","coordinates":[[[151.18532669274882,-33.923084461833156],[151.18532669274882,-33.91409125819591],[151.19431989638605,-33.91409125819591],[151.19431989638605,-33.923084461833156],[151.18532669274882,-33.923084461833156]]]}},{"type":"Feature","properties":{"jobs":1940,"pop":1465,"pointCount":3,"homeWorkCommuteMedian":5416,"workHomeCommuteMedian":12518},"geometry":{"type":"Polygon","coordinates":[[[151.18532669274882,-33.91409125819591],[151.18532669274882,-33.905098054558664],[151.19431989638605,-33.905098054558664],[151.19431989638605,-33.91409125819591],[151.18532669274882,-33.91409125819591]]]}},{"type":"Feature","properties":{"jobs":13432,"pop":5991,"pointCount":6,"homeWorkCommuteMedian":5452,"workHomeCommuteMedian":19422},"geometry":{"type":"Polygon","coordinates":[[[151.18532669274882,-33.905098054558664],[151.18532669274882,-33.89610485092142],[151.19431989638605,-33.89610485092142],[151.19431989638605,-33.905098054558664],[151.18532669274882,-33.905098054558664]]]}},{"type":"Feature","properties":{"jobs":38679,"pop":1780,"pointCount":5,"homeWorkCommuteMedian":5977,"workHomeCommuteMedian":10932},"geometry":{"type":"Polygon","coordinates":[[[151.18532669274882,-33.89610485092142],[151.18532669274882,-33.88711164728417],[151.19431989638605,-33.88711164728417],[151.19431989638605,-33.89610485092142],[151.18532669274882,-33.89610485092142]]]}},{"type":"Feature","properties":{"jobs":4551,"pop":1511,"pointCount":4,"homeWorkCommuteMedian":3236,"workHomeCommuteMedian":5406},"geometry":{"type":"Polygon","coordinates":[[[151.18532669274882,-33.88711164728417],[151.18532669274882,-33.878118443646926],[151.19431989638605,-33.878118443646926],[151.19431989638605,-33.88711164728417],[151.18532669274882,-33.88711164728417]]]}},{"type":"Feature","properties":{"jobs":1496,"pop":1212,"pointCount":3,"homeWorkCommuteMedian":4596,"workHomeCommuteMedian":13811},"geometry":{"type":"Polygon","coordinates":[[[151.18532669274882,-33.878118443646926],[151.18532669274882,-33.86912524000968],[151.19431989638605,-33.86912524000968],[151.19431989638605,-33.878118443646926],[151.18532669274882,-33.878118443646926]]]}},{"type":"Feature","properties":{"jobs":7819,"pop":3662,"pointCount":3,"homeWorkCommuteMedian":5482,"workHomeCommuteMedian":10319},"geometry":{"type":"Polygon","coordinates":[[[151.18532669274882,-33.86912524000968],[151.18532669274882,-33.860132036372434],[151.19431989638605,-33.860132036372434],[151.19431989638605,-33.86912524000968],[151.18532669274882,-33.86912524000968]]]}},{"type":"Feature","properties":{"jobs":661,"pop":1975,"pointCount":5,"homeWorkCommuteMedian":6614,"workHomeCommuteMedian":4206},"geometry":{"type":"Polygon","coordinates":[[[151.18532669274882,-33.860132036372434],[151.18532669274882,-33.85113883273519],[151.19431989638605,-33.85113883273519],[151.19431989638605,-33.860132036372434],[151.18532669274882,-33.860132036372434]]]}},{"type":"Feature","properties":{"jobs":0,"pop":499,"pointCount":2,"homeWorkCommuteMedian":3768,"workHomeCommuteMedian":-1},"geometry":{"type":"Polygon","coordinates":[[[151.18532669274882,-33.84214562909794],[151.18532669274882,-33.833152425460696],[151.19431989638605,-33.833152425460696],[151.19431989638605,-33.84214562909794],[151.18532669274882,-33.84214562909794]]]}},{"type":"Feature","properties":{"jobs":1196,"pop":2532,"pointCount":5,"homeWorkCommuteMedian":7230,"workHomeCommuteMedian":13400},"geometry":{"type":"Polygon","coordinates":[[[151.18532669274882,-33.833152425460696],[151.18532669274882,-33.82415922182345],[151.19431989638605,-33.82415922182345],[151.19431989638605,-33.833152425460696],[151.18532669274882,-33.833152425460696]]]}},{"type":"Feature","properties":{"jobs":20815,"pop":1885,"pointCount":6,"homeWorkCommuteMedian":8094,"workHomeCommuteMedian":14050},"geometry":{"type":"Polygon","coordinates":[[[151.18532669274882,-33.82415922182345],[151.18532669274882,-33.815166018186204],[151.19431989638605,-33.815166018186204],[151.19431989638605,-33.82415922182345],[151.18532669274882,-33.82415922182345]]]}},{"type":"Feature","properties":{"jobs":861,"pop":1455,"pointCount":4,"homeWorkCommuteMedian":8367,"workHomeCommuteMedian":14229},"geometry":{"type":"Polygon","coordinates":[[[151.18532669274882,-33.815166018186204],[151.18532669274882,-33.80617281454896],[151.19431989638605,-33.80617281454896],[151.19431989638605,-33.815166018186204],[151.18532669274882,-33.815166018186204]]]}},{"type":"Feature","properties":{"jobs":701,"pop":2095,"pointCount":6,"homeWorkCommuteMedian":8552,"workHomeCommuteMedian":14524},"geometry":{"type":"Polygon","coordinates":[[[151.18532669274882,-33.80617281454896],[151.18532669274882,-33.79717961091171],[151.19431989638605,-33.79717961091171],[151.19431989638605,-33.80617281454896],[151.18532669274882,-33.80617281454896]]]}},{"type":"Feature","properties":{"jobs":3493,"pop":2106,"pointCount":9,"homeWorkCommuteMedian":7123,"workHomeCommuteMedian":14554},"geometry":{"type":"Polygon","coordinates":[[[151.18532669274882,-33.79717961091171],[151.18532669274882,-33.788186407274466],[151.19431989638605,-33.788186407274466],[151.19431989638605,-33.79717961091171],[151.18532669274882,-33.79717961091171]]]}},{"type":"Feature","properties":{"jobs":200,"pop":1159,"pointCount":5,"homeWorkCommuteMedian":11053,"workHomeCommuteMedian":53256},"geometry":{"type":"Polygon","coordinates":[[[151.18532669274882,-33.788186407274466],[151.18532669274882,-33.77919320363722],[151.19431989638605,-33.77919320363722],[151.19431989638605,-33.788186407274466],[151.18532669274882,-33.788186407274466]]]}},{"type":"Feature","properties":{"jobs":0,"pop":772,"pointCount":5,"homeWorkCommuteMedian":13091,"workHomeCommuteMedian":-1},"geometry":{"type":"Polygon","coordinates":[[[151.18532669274882,-33.77919320363722],[151.18532669274882,-33.770199999999974],[151.19431989638605,-33.770199999999974],[151.19431989638605,-33.77919320363722],[151.18532669274882,-33.77919320363722]]]}},{"type":"Feature","properties":{"jobs":221,"pop":701,"pointCount":3,"homeWorkCommuteMedian":14248,"workHomeCommuteMedian":3492},"geometry":{"type":"Polygon","coordinates":[[[151.18532669274882,-33.770199999999974],[151.18532669274882,-33.76120679636273],[151.19431989638605,-33.76120679636273],[151.19431989638605,-33.770199999999974],[151.18532669274882,-33.770199999999974]]]}},{"type":"Feature","properties":{"jobs":217,"pop":102,"pointCount":2,"homeWorkCommuteMedian":16249,"workHomeCommuteMedian":11841},"geometry":{"type":"Polygon","coordinates":[[[151.18532669274882,-33.76120679636273],[151.18532669274882,-33.75221359272548],[151.19431989638605,-33.75221359272548],[151.19431989638605,-33.76120679636273],[151.18532669274882,-33.76120679636273]]]}},{"type":"Feature","properties":{"jobs":76,"pop":653,"pointCount":3,"homeWorkCommuteMedian":17035,"workHomeCommuteMedian":12084},"geometry":{"type":"Polygon","coordinates":[[[151.18532669274882,-33.743220389088236],[151.18532669274882,-33.73422718545099],[151.19431989638605,-33.73422718545099],[151.19431989638605,-33.743220389088236],[151.18532669274882,-33.743220389088236]]]}},{"type":"Feature","properties":{"jobs":0,"pop":448,"pointCount":2,"homeWorkCommuteMedian":30220,"workHomeCommuteMedian":-1},"geometry":{"type":"Polygon","coordinates":[[[151.19431989638605,-34.013016498205616],[151.19431989638605,-34.00402329456837],[151.20331310002328,-34.00402329456837],[151.20331310002328,-34.013016498205616],[151.19431989638605,-34.013016498205616]]]}},{"type":"Feature","properties":{"jobs":1170,"pop":772,"pointCount":3,"homeWorkCommuteMedian":7797,"workHomeCommuteMedian":15889},"geometry":{"type":"Polygon","coordinates":[[[151.19431989638605,-33.95905727638214],[151.19431989638605,-33.950064072744894],[151.20331310002328,-33.950064072744894],[151.20331310002328,-33.95905727638214],[151.19431989638605,-33.95905727638214]]]}},{"type":"Feature","properties":{"jobs":1249,"pop":1865,"pointCount":4,"homeWorkCommuteMedian":8005,"workHomeCommuteMedian":27791},"geometry":{"type":"Polygon","coordinates":[[[151.19431989638605,-33.950064072744894],[151.19431989638605,-33.94107086910765],[151.20331310002328,-33.94107086910765],[151.20331310002328,-33.950064072744894],[151.19431989638605,-33.950064072744894]]]}},{"type":"Feature","properties":{"jobs":1571,"pop":635,"pointCount":4,"homeWorkCommuteMedian":6490,"workHomeCommuteMedian":15945},"geometry":{"type":"Polygon","coordinates":[[[151.19431989638605,-33.94107086910765],[151.19431989638605,-33.9320776654704],[151.20331310002328,-33.9320776654704],[151.20331310002328,-33.94107086910765],[151.19431989638605,-33.94107086910765]]]}},{"type":"Feature","properties":{"jobs":778,"pop":2830,"pointCount":7,"homeWorkCommuteMedian":9360,"workHomeCommuteMedian":10100},"geometry":{"type":"Polygon","coordinates":[[[151.19431989638605,-33.9320776654704],[151.19431989638605,-33.923084461833156],[151.20331310002328,-33.923084461833156],[151.20331310002328,-33.9320776654704],[151.19431989638605,-33.9320776654704]]]}},{"type":"Feature","properties":{"jobs":8747,"pop":1763,"pointCount":5,"homeWorkCommuteMedian":6058,"workHomeCommuteMedian":13356},"geometry":{"type":"Polygon","coordinates":[[[151.19431989638605,-33.923084461833156],[151.19431989638605,-33.91409125819591],[151.20331310002328,-33.91409125819591],[151.20331310002328,-33.923084461833156],[151.19431989638605,-33.923084461833156]]]}},{"type":"Feature","properties":{"jobs":3638,"pop":1639,"pointCount":5,"homeWorkCommuteMedian":5065,"workHomeCommuteMedian":14663},"geometry":{"type":"Polygon","coordinates":[[[151.19431989638605,-33.91409125819591],[151.19431989638605,-33.905098054558664],[151.20331310002328,-33.905098054558664],[151.20331310002328,-33.91409125819591],[151.19431989638605,-33.91409125819591]]]}},{"type":"Feature","properties":{"jobs":4987,"pop":3740,"pointCount":8,"homeWorkCommuteMedian":4898,"workHomeCommuteMedian":12974},"geometry":{"type":"Polygon","coordinates":[[[151.19431989638605,-33.905098054558664],[151.19431989638605,-33.89610485092142],[151.20331310002328,-33.89610485092142],[151.20331310002328,-33.905098054558664],[151.19431989638605,-33.905098054558664]]]}},{"type":"Feature","properties":{"jobs":3830,"pop":4147,"pointCount":4,"homeWorkCommuteMedian":4036,"workHomeCommuteMedian":13034},"geometry":{"type":"Polygon","coordinates":[[[151.19431989638605,-33.89610485092142],[151.19431989638605,-33.88711164728417],[151.20331310002328,-33.88711164728417],[151.20331310002328,-33.89610485092142],[151.19431989638605,-33.89610485092142]]]}},{"type":"Feature","properties":{"jobs":44199,"pop":8244,"pointCount":6,"homeWorkCommuteMedian":3159,"workHomeCommuteMedian":11181},"geometry":{"type":"Polygon","coordinates":[[[151.19431989638605,-33.88711164728417],[151.19431989638605,-33.878118443646926],[151.20331310002328,-33.878118443646926],[151.20331310002328,-33.88711164728417],[151.19431989638605,-33.88711164728417]]]}},{"type":"Feature","properties":{"jobs":21945,"pop":5671,"pointCount":6,"homeWorkCommuteMedian":2780,"workHomeCommuteMedian":14341},"geometry":{"type":"Polygon","coordinates":[[[151.19431989638605,-33.878118443646926],[151.19431989638605,-33.86912524000968],[151.20331310002328,-33.86912524000968],[151.20331310002328,-33.878118443646926],[151.19431989638605,-33.878118443646926]]]}},{"type":"Feature","properties":{"jobs":43701,"pop":793,"pointCount":4,"homeWorkCommuteMedian":5272,"workHomeCommuteMedian":14629},"geometry":{"type":"Polygon","coordinates":[[[151.19431989638605,-33.86912524000968],[151.19431989638605,-33.860132036372434],[151.20331310002328,-33.860132036372434],[151.20331310002328,-33.86912524000968],[151.19431989638605,-33.86912524000968]]]}},{"type":"Feature","properties":{"jobs":1985,"pop":614,"pointCount":2,"homeWorkCommuteMedian":1992,"workHomeCommuteMedian":12945},"geometry":{"type":"Polygon","coordinates":[[[151.19431989638605,-33.860132036372434],[151.19431989638605,-33.85113883273519],[151.20331310002328,-33.85113883273519],[151.20331310002328,-33.860132036372434],[151.19431989638605,-33.860132036372434]]]}},{"type":"Feature","properties":{"jobs":929,"pop":243,"pointCount":2,"homeWorkCommuteMedian":6113,"workHomeCommuteMedian":17703},"geometry":{"type":"Polygon","coordinates":[[[151.19431989638605,-33.85113883273519],[151.19431989638605,-33.84214562909794],[151.20331310002328,-33.84214562909794],[151.20331310002328,-33.85113883273519],[151.19431989638605,-33.85113883273519]]]}},{"type":"Feature","properties":{"jobs":3191,"pop":3145,"pointCount":4,"homeWorkCommuteMedian":5476,"workHomeCommuteMedian":16296},"geometry":{"type":"Polygon","coordinates":[[[151.19431989638605,-33.84214562909794],[151.19431989638605,-33.833152425460696],[151.20331310002328,-33.833152425460696],[151.20331310002328,-33.84214562909794],[151.19431989638605,-33.84214562909794]]]}},{"type":"Feature","properties":{"jobs":2430,"pop":3470,"pointCount":5,"homeWorkCommuteMedian":7516,"workHomeCommuteMedian":15248},"geometry":{"type":"Polygon","coordinates":[[[151.19431989638605,-33.833152425460696],[151.19431989638605,-33.82415922182345],[151.20331310002328,-33.82415922182345],[151.20331310002328,-33.833152425460696],[151.19431989638605,-33.833152425460696]]]}},{"type":"Feature","properties":{"jobs":7970,"pop":4777,"pointCount":5,"homeWorkCommuteMedian":8911,"workHomeCommuteMedian":16031},"geometry":{"type":"Polygon","coordinates":[[[151.19431989638605,-33.82415922182345],[151.19431989638605,-33.815166018186204],[151.20331310002328,-33.815166018186204],[151.20331310002328,-33.82415922182345],[151.19431989638605,-33.82415922182345]]]}},{"type":"Feature","properties":{"jobs":542,"pop":1722,"pointCount":6,"homeWorkCommuteMedian":8872,"workHomeCommuteMedian":17844},"geometry":{"type":"Polygon","coordinates":[[[151.19431989638605,-33.815166018186204],[151.19431989638605,-33.80617281454896],[151.20331310002328,-33.80617281454896],[151.20331310002328,-33.815166018186204],[151.19431989638605,-33.815166018186204]]]}},{"type":"Feature","properties":{"jobs":1714,"pop":2186,"pointCount":8,"homeWorkCommuteMedian":8878,"workHomeCommuteMedian":11240},"geometry":{"type":"Polygon","coordinates":[[[151.19431989638605,-33.80617281454896],[151.19431989638605,-33.79717961091171],[151.20331310002328,-33.79717961091171],[151.20331310002328,-33.80617281454896],[151.19431989638605,-33.80617281454896]]]}},{"type":"Feature","properties":{"jobs":206,"pop":1657,"pointCount":7,"homeWorkCommuteMedian":7094,"workHomeCommuteMedian":35516},"geometry":{"type":"Polygon","coordinates":[[[151.19431989638605,-33.79717961091171],[151.19431989638605,-33.788186407274466],[151.20331310002328,-33.788186407274466],[151.20331310002328,-33.79717961091171],[151.19431989638605,-33.79717961091171]]]}},{"type":"Feature","properties":{"jobs":3307,"pop":595,"pointCount":4,"homeWorkCommuteMedian":10951,"workHomeCommuteMedian":12553},"geometry":{"type":"Polygon","coordinates":[[[151.19431989638605,-33.788186407274466],[151.19431989638605,-33.77919320363722],[151.20331310002328,-33.77919320363722],[151.20331310002328,-33.788186407274466],[151.19431989638605,-33.788186407274466]]]}},{"type":"Feature","properties":{"jobs":83,"pop":339,"pointCount":2,"homeWorkCommuteMedian":11884,"workHomeCommuteMedian":3920},"geometry":{"type":"Polygon","coordinates":[[[151.19431989638605,-33.77919320363722],[151.19431989638605,-33.770199999999974],[151.20331310002328,-33.770199999999974],[151.20331310002328,-33.77919320363722],[151.19431989638605,-33.77919320363722]]]}},{"type":"Feature","properties":{"jobs":272,"pop":73,"pointCount":1,"homeWorkCommuteMedian":17622,"workHomeCommuteMedian":25574},"geometry":{"type":"Polygon","coordinates":[[[151.19431989638605,-33.770199999999974],[151.19431989638605,-33.76120679636273],[151.20331310002328,-33.76120679636273],[151.20331310002328,-33.770199999999974],[151.19431989638605,-33.770199999999974]]]}},{"type":"Feature","properties":{"jobs":447,"pop":558,"pointCount":4,"homeWorkCommuteMedian":14550,"workHomeCommuteMedian":6206},"geometry":{"type":"Polygon","coordinates":[[[151.19431989638605,-33.76120679636273],[151.19431989638605,-33.75221359272548],[151.20331310002328,-33.75221359272548],[151.20331310002328,-33.76120679636273],[151.19431989638605,-33.76120679636273]]]}},{"type":"Feature","properties":{"jobs":0,"pop":447,"pointCount":3,"homeWorkCommuteMedian":18305,"workHomeCommuteMedian":-1},"geometry":{"type":"Polygon","coordinates":[[[151.19431989638605,-33.75221359272548],[151.19431989638605,-33.743220389088236],[151.20331310002328,-33.743220389088236],[151.20331310002328,-33.75221359272548],[151.19431989638605,-33.75221359272548]]]}},{"type":"Feature","properties":{"jobs":225,"pop":797,"pointCount":3,"homeWorkCommuteMedian":20452,"workHomeCommuteMedian":15593},"geometry":{"type":"Polygon","coordinates":[[[151.19431989638605,-33.743220389088236],[151.19431989638605,-33.73422718545099],[151.20331310002328,-33.73422718545099],[151.20331310002328,-33.743220389088236],[151.19431989638605,-33.743220389088236]]]}},{"type":"Feature","properties":{"jobs":2570,"pop":60,"pointCount":1,"homeWorkCommuteMedian":25940,"workHomeCommuteMedian":15221},"geometry":{"type":"Polygon","coordinates":[[[151.19431989638605,-33.7162407781765],[151.19431989638605,-33.70724757453925],[151.20331310002328,-33.70724757453925],[151.20331310002328,-33.7162407781765],[151.19431989638605,-33.7162407781765]]]}},{"type":"Feature","properties":{"jobs":0,"pop":93,"pointCount":1,"homeWorkCommuteMedian":23428,"workHomeCommuteMedian":-1},"geometry":{"type":"Polygon","coordinates":[[[151.19431989638605,-33.67127475999027],[151.19431989638605,-33.66228155635302],[151.20331310002328,-33.66228155635302],[151.20331310002328,-33.67127475999027],[151.19431989638605,-33.67127475999027]]]}},{"type":"Feature","properties":{"jobs":0,"pop":347,"pointCount":2,"homeWorkCommuteMedian":11944,"workHomeCommuteMedian":-1},"geometry":{"type":"Polygon","coordinates":[[[151.20331310002328,-34.013016498205616],[151.20331310002328,-34.00402329456837],[151.2123063036605,-34.00402329456837],[151.2123063036605,-34.013016498205616],[151.20331310002328,-34.013016498205616]]]}},{"type":"Feature","properties":{"jobs":465,"pop":0,"pointCount":2,"homeWorkCommuteMedian":-1,"workHomeCommuteMedian":26779},"geometry":{"type":"Polygon","coordinates":[[[151.20331310002328,-33.968050480019386],[151.20331310002328,-33.95905727638214],[151.2123063036605,-33.95905727638214],[151.2123063036605,-33.968050480019386],[151.20331310002328,-33.968050480019386]]]}},{"type":"Feature","properties":{"jobs":737,"pop":2064,"pointCount":3,"homeWorkCommuteMedian":6071,"workHomeCommuteMedian":21226},"geometry":{"type":"Polygon","coordinates":[[[151.20331310002328,-33.95905727638214],[151.20331310002328,-33.950064072744894],[151.2123063036605,-33.950064072744894],[151.2123063036605,-33.95905727638214],[151.20331310002328,-33.95905727638214]]]}},{"type":"Feature","properties":{"jobs":1098,"pop":2999,"pointCount":7,"homeWorkCommuteMedian":5911,"workHomeCommuteMedian":20666},"geometry":{"type":"Polygon","coordinates":[[[151.20331310002328,-33.950064072744894],[151.20331310002328,-33.94107086910765],[151.2123063036605,-33.94107086910765],[151.2123063036605,-33.950064072744894],[151.20331310002328,-33.950064072744894]]]}},{"type":"Feature","properties":{"jobs":118,"pop":720,"pointCount":3,"homeWorkCommuteMedian":7516,"workHomeCommuteMedian":11381},"geometry":{"type":"Polygon","coordinates":[[[151.20331310002328,-33.94107086910765],[151.20331310002328,-33.9320776654704],[151.2123063036605,-33.9320776654704],[151.2123063036605,-33.94107086910765],[151.20331310002328,-33.94107086910765]]]}},{"type":"Feature","properties":{"jobs":335,"pop":2524,"pointCount":4,"homeWorkCommuteMedian":7798,"workHomeCommuteMedian":4024},"geometry":{"type":"Polygon","coordinates":[[[151.20331310002328,-33.9320776654704],[151.20331310002328,-33.923084461833156],[151.2123063036605,-33.923084461833156],[151.2123063036605,-33.9320776654704],[151.20331310002328,-33.9320776654704]]]}},{"type":"Feature","properties":{"jobs":2696,"pop":3105,"pointCount":6,"homeWorkCommuteMedian":5286,"workHomeCommuteMedian":12695},"geometry":{"type":"Polygon","coordinates":[[[151.20331310002328,-33.923084461833156],[151.20331310002328,-33.91409125819591],[151.2123063036605,-33.91409125819591],[151.2123063036605,-33.923084461833156],[151.20331310002328,-33.923084461833156]]]}},{"type":"Feature","properties":{"jobs":5518,"pop":9433,"pointCount":6,"homeWorkCommuteMedian":6338,"workHomeCommuteMedian":14409},"geometry":{"type":"Polygon","coordinates":[[[151.20331310002328,-33.91409125819591],[151.20331310002328,-33.905098054558664],[151.2123063036605,-33.905098054558664],[151.2123063036605,-33.91409125819591],[151.20331310002328,-33.91409125819591]]]}},{"type":"Feature","properties":{"jobs":3878,"pop":6415,"pointCount":6,"homeWorkCommuteMedian":5423,"workHomeCommuteMedian":19270},"geometry":{"type":"Polygon","coordinates":[[[151.20331310002328,-33.905098054558664],[151.20331310002328,-33.89610485092142],[151.2123063036605,-33.89610485092142],[151.2123063036605,-33.905098054558664],[151.20331310002328,-33.905098054558664]]]}},{"type":"Feature","properties":{"jobs":8842,"pop":5882,"pointCount":7,"homeWorkCommuteMedian":4116,"workHomeCommuteMedian":9913},"geometry":{"type":"Polygon","coordinates":[[[151.20331310002328,-33.89610485092142],[151.20331310002328,-33.88711164728417],[151.2123063036605,-33.88711164728417],[151.2123063036605,-33.89610485092142],[151.20331310002328,-33.89610485092142]]]}},{"type":"Feature","properties":{"jobs":29513,"pop":4208,"pointCount":7,"homeWorkCommuteMedian":4044,"workHomeCommuteMedian":13826},"geometry":{"type":"Polygon","coordinates":[[[151.20331310002328,-33.88711164728417],[151.20331310002328,-33.878118443646926],[151.2123063036605,-33.878118443646926],[151.2123063036605,-33.88711164728417],[151.20331310002328,-33.88711164728417]]]}},{"type":"Feature","properties":{"jobs":80029,"pop":9172,"pointCount":7,"homeWorkCommuteMedian":3471,"workHomeCommuteMedian":15145},"geometry":{"type":"Polygon","coordinates":[[[151.20331310002328,-33.878118443646926],[151.20331310002328,-33.86912524000968],[151.2123063036605,-33.86912524000968],[151.2123063036605,-33.878118443646926],[151.20331310002328,-33.878118443646926]]]}},{"type":"Feature","properties":{"jobs":169189,"pop":1949,"pointCount":10,"homeWorkCommuteMedian":2504,"workHomeCommuteMedian":15580},"geometry":{"type":"Polygon","coordinates":[[[151.20331310002328,-33.86912524000968],[151.20331310002328,-33.860132036372434],[151.2123063036605,-33.860132036372434],[151.2123063036605,-33.86912524000968],[151.20331310002328,-33.86912524000968]]]}},{"type":"Feature","properties":{"jobs":4236,"pop":708,"pointCount":3,"homeWorkCommuteMedian":8955,"workHomeCommuteMedian":9861},"geometry":{"type":"Polygon","coordinates":[[[151.20331310002328,-33.860132036372434],[151.20331310002328,-33.85113883273519],[151.2123063036605,-33.85113883273519],[151.2123063036605,-33.860132036372434],[151.20331310002328,-33.860132036372434]]]}},{"type":"Feature","properties":{"jobs":2174,"pop":3018,"pointCount":4,"homeWorkCommuteMedian":6442,"workHomeCommuteMedian":14250},"geometry":{"type":"Polygon","coordinates":[[[151.20331310002328,-33.85113883273519],[151.20331310002328,-33.84214562909794],[151.2123063036605,-33.84214562909794],[151.2123063036605,-33.85113883273519],[151.20331310002328,-33.85113883273519]]]}},{"type":"Feature","properties":{"jobs":48709,"pop":4222,"pointCount":7,"homeWorkCommuteMedian":5873,"workHomeCommuteMedian":17885},"geometry":{"type":"Polygon","coordinates":[[[151.20331310002328,-33.84214562909794],[151.20331310002328,-33.833152425460696],[151.2123063036605,-33.833152425460696],[151.2123063036605,-33.84214562909794],[151.20331310002328,-33.84214562909794]]]}},{"type":"Feature","properties":{"jobs":4439,"pop":3729,"pointCount":8,"homeWorkCommuteMedian":7799,"workHomeCommuteMedian":12803},"geometry":{"type":"Polygon","coordinates":[[[151.20331310002328,-33.833152425460696],[151.20331310002328,-33.82415922182345],[151.2123063036605,-33.82415922182345],[151.2123063036605,-33.833152425460696],[151.20331310002328,-33.833152425460696]]]}},{"type":"Feature","properties":{"jobs":1081,"pop":1912,"pointCount":5,"homeWorkCommuteMedian":7356,"workHomeCommuteMedian":6151},"geometry":{"type":"Polygon","coordinates":[[[151.20331310002328,-33.82415922182345],[151.20331310002328,-33.815166018186204],[151.2123063036605,-33.815166018186204],[151.2123063036605,-33.82415922182345],[151.20331310002328,-33.82415922182345]]]}},{"type":"Feature","properties":{"jobs":728,"pop":1532,"pointCount":6,"homeWorkCommuteMedian":8547,"workHomeCommuteMedian":15711},"geometry":{"type":"Polygon","coordinates":[[[151.20331310002328,-33.815166018186204],[151.20331310002328,-33.80617281454896],[151.2123063036605,-33.80617281454896],[151.2123063036605,-33.815166018186204],[151.20331310002328,-33.815166018186204]]]}},{"type":"Feature","properties":{"jobs":782,"pop":1258,"pointCount":5,"homeWorkCommuteMedian":9193,"workHomeCommuteMedian":11398},"geometry":{"type":"Polygon","coordinates":[[[151.20331310002328,-33.80617281454896],[151.20331310002328,-33.79717961091171],[151.2123063036605,-33.79717961091171],[151.2123063036605,-33.80617281454896],[151.20331310002328,-33.80617281454896]]]}},{"type":"Feature","properties":{"jobs":416,"pop":988,"pointCount":4,"homeWorkCommuteMedian":10767,"workHomeCommuteMedian":9010},"geometry":{"type":"Polygon","coordinates":[[[151.20331310002328,-33.79717961091171],[151.20331310002328,-33.788186407274466],[151.2123063036605,-33.788186407274466],[151.2123063036605,-33.79717961091171],[151.20331310002328,-33.79717961091171]]]}},{"type":"Feature","properties":{"jobs":93,"pop":552,"pointCount":3,"homeWorkCommuteMedian":13960,"workHomeCommuteMedian":9071},"geometry":{"type":"Polygon","coordinates":[[[151.20331310002328,-33.788186407274466],[151.20331310002328,-33.77919320363722],[151.2123063036605,-33.77919320363722],[151.2123063036605,-33.788186407274466],[151.20331310002328,-33.788186407274466]]]}},{"type":"Feature","properties":{"jobs":0,"pop":506,"pointCount":2,"homeWorkCommuteMedian":17135,"workHomeCommuteMedian":-1},"geometry":{"type":"Polygon","coordinates":[[[151.20331310002328,-33.77919320363722],[151.20331310002328,-33.770199999999974],[151.2123063036605,-33.770199999999974],[151.2123063036605,-33.77919320363722],[151.20331310002328,-33.77919320363722]]]}},{"type":"Feature","properties":{"jobs":0,"pop":521,"pointCount":3,"homeWorkCommuteMedian":26851,"workHomeCommuteMedian":-1},"geometry":{"type":"Polygon","coordinates":[[[151.20331310002328,-33.770199999999974],[151.20331310002328,-33.76120679636273],[151.2123063036605,-33.76120679636273],[151.2123063036605,-33.770199999999974],[151.20331310002328,-33.770199999999974]]]}},{"type":"Feature","properties":{"jobs":0,"pop":609,"pointCount":4,"homeWorkCommuteMedian":12944,"workHomeCommuteMedian":-1},"geometry":{"type":"Polygon","coordinates":[[[151.20331310002328,-33.76120679636273],[151.20331310002328,-33.75221359272548],[151.2123063036605,-33.75221359272548],[151.2123063036605,-33.76120679636273],[151.20331310002328,-33.76120679636273]]]}},{"type":"Feature","properties":{"jobs":709,"pop":528,"pointCount":3,"homeWorkCommuteMedian":15922,"workHomeCommuteMedian":12692},"geometry":{"type":"Polygon","coordinates":[[[151.20331310002328,-33.75221359272548],[151.20331310002328,-33.743220389088236],[151.2123063036605,-33.743220389088236],[151.2123063036605,-33.75221359272548],[151.20331310002328,-33.75221359272548]]]}},{"type":"Feature","properties":{"jobs":645,"pop":1185,"pointCount":5,"homeWorkCommuteMedian":18243,"workHomeCommuteMedian":10314},"geometry":{"type":"Polygon","coordinates":[[[151.20331310002328,-33.743220389088236],[151.20331310002328,-33.73422718545099],[151.2123063036605,-33.73422718545099],[151.2123063036605,-33.743220389088236],[151.20331310002328,-33.743220389088236]]]}},{"type":"Feature","properties":{"jobs":0,"pop":291,"pointCount":2,"homeWorkCommuteMedian":16721,"workHomeCommuteMedian":-1},"geometry":{"type":"Polygon","coordinates":[[[151.20331310002328,-33.73422718545099],[151.20331310002328,-33.725233981813744],[151.2123063036605,-33.725233981813744],[151.2123063036605,-33.73422718545099],[151.20331310002328,-33.73422718545099]]]}},{"type":"Feature","properties":{"jobs":739,"pop":125,"pointCount":1,"homeWorkCommuteMedian":22987,"workHomeCommuteMedian":13265},"geometry":{"type":"Polygon","coordinates":[[[151.20331310002328,-33.725233981813744],[151.20331310002328,-33.7162407781765],[151.2123063036605,-33.7162407781765],[151.2123063036605,-33.725233981813744],[151.20331310002328,-33.725233981813744]]]}},{"type":"Feature","properties":{"jobs":0,"pop":174,"pointCount":1,"homeWorkCommuteMedian":11290,"workHomeCommuteMedian":-1},"geometry":{"type":"Polygon","coordinates":[[[151.20331310002328,-33.68926116726476],[151.20331310002328,-33.680267963627514],[151.2123063036605,-33.680267963627514],[151.2123063036605,-33.68926116726476],[151.20331310002328,-33.68926116726476]]]}},{"type":"Feature","properties":{"jobs":534,"pop":0,"pointCount":1,"homeWorkCommuteMedian":-1,"workHomeCommuteMedian":17479},"geometry":{"type":"Polygon","coordinates":[[[151.20331310002328,-33.66228155635302],[151.20331310002328,-33.65328835271578],[151.2123063036605,-33.65328835271578],[151.2123063036605,-33.66228155635302],[151.20331310002328,-33.66228155635302]]]}},{"type":"Feature","properties":{"jobs":0,"pop":118,"pointCount":1,"homeWorkCommuteMedian":48428,"workHomeCommuteMedian":-1},"geometry":{"type":"Polygon","coordinates":[[[151.20331310002328,-33.55436311270607],[151.20331310002328,-33.545369909068825],[151.2123063036605,-33.545369909068825],[151.2123063036605,-33.55436311270607],[151.20331310002328,-33.55436311270607]]]}},{"type":"Feature","properties":{"jobs":373,"pop":0,"pointCount":1,"homeWorkCommuteMedian":-1,"workHomeCommuteMedian":14093},"geometry":{"type":"Polygon","coordinates":[[[151.2123063036605,-34.03100290548011],[151.2123063036605,-34.02200970184286],[151.22129950729774,-34.02200970184286],[151.22129950729774,-34.03100290548011],[151.2123063036605,-34.03100290548011]]]}},{"type":"Feature","properties":{"jobs":221,"pop":0,"pointCount":1,"homeWorkCommuteMedian":-1,"workHomeCommuteMedian":21091},"geometry":{"type":"Polygon","coordinates":[[[151.2123063036605,-34.02200970184286],[151.2123063036605,-34.013016498205616],[151.22129950729774,-34.013016498205616],[151.22129950729774,-34.02200970184286],[151.2123063036605,-34.02200970184286]]]}},{"type":"Feature","properties":{"jobs":0,"pop":310,"pointCount":2,"homeWorkCommuteMedian":55308,"workHomeCommuteMedian":-1},"geometry":{"type":"Polygon","coordinates":[[[151.2123063036605,-34.013016498205616],[151.2123063036605,-34.00402329456837],[151.22129950729774,-34.00402329456837],[151.22129950729774,-34.013016498205616],[151.2123063036605,-34.013016498205616]]]}},{"type":"Feature","properties":{"jobs":2076,"pop":0,"pointCount":1,"homeWorkCommuteMedian":-1,"workHomeCommuteMedian":15938},"geometry":{"type":"Polygon","coordinates":[[[151.2123063036605,-33.97704368365663],[151.2123063036605,-33.968050480019386],[151.22129950729774,-33.968050480019386],[151.22129950729774,-33.97704368365663],[151.2123063036605,-33.97704368365663]]]}},{"type":"Feature","properties":{"jobs":7887,"pop":259,"pointCount":2,"homeWorkCommuteMedian":18017,"workHomeCommuteMedian":20972},"geometry":{"type":"Polygon","coordinates":[[[151.2123063036605,-33.95905727638214],[151.2123063036605,-33.950064072744894],[151.22129950729774,-33.950064072744894],[151.22129950729774,-33.95905727638214],[151.2123063036605,-33.95905727638214]]]}},{"type":"Feature","properties":{"jobs":0,"pop":115,"pointCount":1,"homeWorkCommuteMedian":4409,"workHomeCommuteMedian":-1},"geometry":{"type":"Polygon","coordinates":[[[151.2123063036605,-33.950064072744894],[151.2123063036605,-33.94107086910765],[151.22129950729774,-33.94107086910765],[151.22129950729774,-33.950064072744894],[151.2123063036605,-33.950064072744894]]]}},{"type":"Feature","properties":{"jobs":175,"pop":309,"pointCount":2,"homeWorkCommuteMedian":6458,"workHomeCommuteMedian":31834},"geometry":{"type":"Polygon","coordinates":[[[151.2123063036605,-33.94107086910765],[151.2123063036605,-33.9320776654704],[151.22129950729774,-33.9320776654704],[151.22129950729774,-33.94107086910765],[151.2123063036605,-33.94107086910765]]]}},{"type":"Feature","properties":{"jobs":138,"pop":1311,"pointCount":4,"homeWorkCommuteMedian":5136,"workHomeCommuteMedian":18257},"geometry":{"type":"Polygon","coordinates":[[[151.2123063036605,-33.9320776654704],[151.2123063036605,-33.923084461833156],[151.22129950729774,-33.923084461833156],[151.22129950729774,-33.9320776654704],[151.2123063036605,-33.9320776654704]]]}},{"type":"Feature","properties":{"jobs":884,"pop":560,"pointCount":3,"homeWorkCommuteMedian":8571,"workHomeCommuteMedian":13945},"geometry":{"type":"Polygon","coordinates":[[[151.2123063036605,-33.923084461833156],[151.2123063036605,-33.91409125819591],[151.22129950729774,-33.91409125819591],[151.22129950729774,-33.923084461833156],[151.2123063036605,-33.923084461833156]]]}},{"type":"Feature","properties":{"jobs":419,"pop":2397,"pointCount":5,"homeWorkCommuteMedian":6495,"workHomeCommuteMedian":14345},"geometry":{"type":"Polygon","coordinates":[[[151.2123063036605,-33.91409125819591],[151.2123063036605,-33.905098054558664],[151.22129950729774,-33.905098054558664],[151.22129950729774,-33.91409125819591],[151.2123063036605,-33.91409125819591]]]}},{"type":"Feature","properties":{"jobs":1940,"pop":3581,"pointCount":3,"homeWorkCommuteMedian":5800,"workHomeCommuteMedian":9766},"geometry":{"type":"Polygon","coordinates":[[[151.2123063036605,-33.905098054558664],[151.2123063036605,-33.89610485092142],[151.22129950729774,-33.89610485092142],[151.22129950729774,-33.905098054558664],[151.2123063036605,-33.905098054558664]]]}},{"type":"Feature","properties":{"jobs":1626,"pop":3793,"pointCount":4,"homeWorkCommuteMedian":4358,"workHomeCommuteMedian":8245},"geometry":{"type":"Polygon","coordinates":[[[151.2123063036605,-33.89610485092142],[151.2123063036605,-33.88711164728417],[151.22129950729774,-33.88711164728417],[151.22129950729774,-33.89610485092142],[151.2123063036605,-33.89610485092142]]]}},{"type":"Feature","properties":{"jobs":12578,"pop":5744,"pointCount":6,"homeWorkCommuteMedian":2548,"workHomeCommuteMedian":10665},"geometry":{"type":"Polygon","coordinates":[[[151.2123063036605,-33.88711164728417],[151.2123063036605,-33.878118443646926],[151.22129950729774,-33.878118443646926],[151.22129950729774,-33.88711164728417],[151.2123063036605,-33.88711164728417]]]}},{"type":"Feature","properties":{"jobs":9707,"pop":5525,"pointCount":6,"homeWorkCommuteMedian":2748,"workHomeCommuteMedian":9551},"geometry":{"type":"Polygon","coordinates":[[[151.2123063036605,-33.878118443646926],[151.2123063036605,-33.86912524000968],[151.22129950729774,-33.86912524000968],[151.22129950729774,-33.878118443646926],[151.2123063036605,-33.878118443646926]]]}},{"type":"Feature","properties":{"jobs":1920,"pop":210,"pointCount":3,"homeWorkCommuteMedian":2094,"workHomeCommuteMedian":8112},"geometry":{"type":"Polygon","coordinates":[[[151.2123063036605,-33.86912524000968],[151.2123063036605,-33.860132036372434],[151.22129950729774,-33.860132036372434],[151.22129950729774,-33.86912524000968],[151.2123063036605,-33.86912524000968]]]}},{"type":"Feature","properties":{"jobs":109,"pop":200,"pointCount":2,"homeWorkCommuteMedian":4633,"workHomeCommuteMedian":6544},"geometry":{"type":"Polygon","coordinates":[[[151.2123063036605,-33.860132036372434],[151.2123063036605,-33.85113883273519],[151.22129950729774,-33.85113883273519],[151.22129950729774,-33.860132036372434],[151.2123063036605,-33.860132036372434]]]}},{"type":"Feature","properties":{"jobs":2552,"pop":2942,"pointCount":5,"homeWorkCommuteMedian":5231,"workHomeCommuteMedian":17456},"geometry":{"type":"Polygon","coordinates":[[[151.2123063036605,-33.85113883273519],[151.2123063036605,-33.84214562909794],[151.22129950729774,-33.84214562909794],[151.22129950729774,-33.85113883273519],[151.2123063036605,-33.85113883273519]]]}},{"type":"Feature","properties":{"jobs":1822,"pop":5750,"pointCount":5,"homeWorkCommuteMedian":7158,"workHomeCommuteMedian":16310},"geometry":{"type":"Polygon","coordinates":[[[151.2123063036605,-33.84214562909794],[151.2123063036605,-33.833152425460696],[151.22129950729774,-33.833152425460696],[151.22129950729774,-33.84214562909794],[151.2123063036605,-33.84214562909794]]]}},{"type":"Feature","properties":{"jobs":1029,"pop":1519,"pointCount":3,"homeWorkCommuteMedian":9719,"workHomeCommuteMedian":6935},"geometry":{"type":"Polygon","coordinates":[[[151.2123063036605,-33.833152425460696],[151.2123063036605,-33.82415922182345],[151.22129950729774,-33.82415922182345],[151.22129950729774,-33.833152425460696],[151.2123063036605,-33.833152425460696]]]}},{"type":"Feature","properties":{"jobs":512,"pop":1533,"pointCount":5,"homeWorkCommuteMedian":5568,"workHomeCommuteMedian":11455},"geometry":{"type":"Polygon","coordinates":[[[151.2123063036605,-33.82415922182345],[151.2123063036605,-33.815166018186204],[151.22129950729774,-33.815166018186204],[151.22129950729774,-33.82415922182345],[151.2123063036605,-33.82415922182345]]]}},{"type":"Feature","properties":{"jobs":487,"pop":1017,"pointCount":7,"homeWorkCommuteMedian":11799,"workHomeCommuteMedian":4331},"geometry":{"type":"Polygon","coordinates":[[[151.2123063036605,-33.815166018186204],[151.2123063036605,-33.80617281454896],[151.22129950729774,-33.80617281454896],[151.22129950729774,-33.815166018186204],[151.2123063036605,-33.815166018186204]]]}},{"type":"Feature","properties":{"jobs":383,"pop":1295,"pointCount":6,"homeWorkCommuteMedian":10697,"workHomeCommuteMedian":4584},"geometry":{"type":"Polygon","coordinates":[[[151.2123063036605,-33.80617281454896],[151.2123063036605,-33.79717961091171],[151.22129950729774,-33.79717961091171],[151.22129950729774,-33.80617281454896],[151.2123063036605,-33.80617281454896]]]}},{"type":"Feature","properties":{"jobs":326,"pop":355,"pointCount":2,"homeWorkCommuteMedian":5723,"workHomeCommuteMedian":4321},"geometry":{"type":"Polygon","coordinates":[[[151.2123063036605,-33.79717961091171],[151.2123063036605,-33.788186407274466],[151.22129950729774,-33.788186407274466],[151.22129950729774,-33.79717961091171],[151.2123063036605,-33.79717961091171]]]}},{"type":"Feature","properties":{"jobs":136,"pop":504,"pointCount":2,"homeWorkCommuteMedian":20247,"workHomeCommuteMedian":33155},"geometry":{"type":"Polygon","coordinates":[[[151.2123063036605,-33.788186407274466],[151.2123063036605,-33.77919320363722],[151.22129950729774,-33.77919320363722],[151.22129950729774,-33.788186407274466],[151.2123063036605,-33.788186407274466]]]}},{"type":"Feature","properties":{"jobs":88,"pop":1049,"pointCount":7,"homeWorkCommuteMedian":17530,"workHomeCommuteMedian":7613},"geometry":{"type":"Polygon","coordinates":[[[151.2123063036605,-33.77919320363722],[151.2123063036605,-33.770199999999974],[151.22129950729774,-33.770199999999974],[151.22129950729774,-33.77919320363722],[151.2123063036605,-33.77919320363722]]]}},{"type":"Feature","properties":{"jobs":458,"pop":1014,"pointCount":5,"homeWorkCommuteMedian":15072,"workHomeCommuteMedian":9512},"geometry":{"type":"Polygon","coordinates":[[[151.2123063036605,-33.770199999999974],[151.2123063036605,-33.76120679636273],[151.22129950729774,-33.76120679636273],[151.22129950729774,-33.770199999999974],[151.2123063036605,-33.770199999999974]]]}},{"type":"Feature","properties":{"jobs":167,"pop":1190,"pointCount":5,"homeWorkCommuteMedian":9432,"workHomeCommuteMedian":16337},"geometry":{"type":"Polygon","coordinates":[[[151.2123063036605,-33.76120679636273],[151.2123063036605,-33.75221359272548],[151.22129950729774,-33.75221359272548],[151.22129950729774,-33.76120679636273],[151.2123063036605,-33.76120679636273]]]}},{"type":"Feature","properties":{"jobs":165,"pop":585,"pointCount":4,"homeWorkCommuteMedian":21849,"workHomeCommuteMedian":5514},"geometry":{"type":"Polygon","coordinates":[[[151.2123063036605,-33.75221359272548],[151.2123063036605,-33.743220389088236],[151.22129950729774,-33.743220389088236],[151.22129950729774,-33.75221359272548],[151.2123063036605,-33.75221359272548]]]}},{"type":"Feature","properties":{"jobs":416,"pop":833,"pointCount":3,"homeWorkCommuteMedian":10642,"workHomeCommuteMedian":9499},"geometry":{"type":"Polygon","coordinates":[[[151.2123063036605,-33.743220389088236],[151.2123063036605,-33.73422718545099],[151.22129950729774,-33.73422718545099],[151.22129950729774,-33.743220389088236],[151.2123063036605,-33.743220389088236]]]}},{"type":"Feature","properties":{"jobs":237,"pop":1360,"pointCount":5,"homeWorkCommuteMedian":12000,"workHomeCommuteMedian":13389},"geometry":{"type":"Polygon","coordinates":[[[151.2123063036605,-33.73422718545099],[151.2123063036605,-33.725233981813744],[151.22129950729774,-33.725233981813744],[151.22129950729774,-33.73422718545099],[151.2123063036605,-33.73422718545099]]]}},{"type":"Feature","properties":{"jobs":142,"pop":196,"pointCount":1,"homeWorkCommuteMedian":38889,"workHomeCommuteMedian":19739},"geometry":{"type":"Polygon","coordinates":[[[151.2123063036605,-33.55436311270607],[151.2123063036605,-33.545369909068825],[151.22129950729774,-33.545369909068825],[151.22129950729774,-33.55436311270607],[151.2123063036605,-33.55436311270607]]]}},{"type":"Feature","properties":{"jobs":1943,"pop":0,"pointCount":1,"homeWorkCommuteMedian":-1,"workHomeCommuteMedian":23680},"geometry":{"type":"Polygon","coordinates":[[[151.22129950729774,-33.97704368365663],[151.22129950729774,-33.968050480019386],[151.23029271093498,-33.968050480019386],[151.23029271093498,-33.97704368365663],[151.22129950729774,-33.97704368365663]]]}},{"type":"Feature","properties":{"jobs":1118,"pop":781,"pointCount":3,"homeWorkCommuteMedian":9055,"workHomeCommuteMedian":15891},"geometry":{"type":"Polygon","coordinates":[[[151.22129950729774,-33.968050480019386],[151.22129950729774,-33.95905727638214],[151.23029271093498,-33.95905727638214],[151.23029271093498,-33.968050480019386],[151.22129950729774,-33.968050480019386]]]}},{"type":"Feature","properties":{"jobs":1979,"pop":3578,"pointCount":4,"homeWorkCommuteMedian":8901,"workHomeCommuteMedian":7463},"geometry":{"type":"Polygon","coordinates":[[[151.22129950729774,-33.95905727638214],[151.22129950729774,-33.950064072744894],[151.23029271093498,-33.950064072744894],[151.23029271093498,-33.95905727638214],[151.22129950729774,-33.95905727638214]]]}},{"type":"Feature","properties":{"jobs":2734,"pop":2570,"pointCount":5,"homeWorkCommuteMedian":9530,"workHomeCommuteMedian":5491},"geometry":{"type":"Polygon","coordinates":[[[151.22129950729774,-33.950064072744894],[151.22129950729774,-33.94107086910765],[151.23029271093498,-33.94107086910765],[151.23029271093498,-33.950064072744894],[151.22129950729774,-33.950064072744894]]]}},{"type":"Feature","properties":{"jobs":256,"pop":525,"pointCount":3,"homeWorkCommuteMedian":5507,"workHomeCommuteMedian":12332},"geometry":{"type":"Polygon","coordinates":[[[151.22129950729774,-33.94107086910765],[151.22129950729774,-33.9320776654704],[151.23029271093498,-33.9320776654704],[151.23029271093498,-33.94107086910765],[151.22129950729774,-33.94107086910765]]]}},{"type":"Feature","properties":{"jobs":201,"pop":951,"pointCount":4,"homeWorkCommuteMedian":8229,"workHomeCommuteMedian":13335},"geometry":{"type":"Polygon","coordinates":[[[151.22129950729774,-33.9320776654704],[151.22129950729774,-33.923084461833156],[151.23029271093498,-33.923084461833156],[151.23029271093498,-33.9320776654704],[151.22129950729774,-33.9320776654704]]]}},{"type":"Feature","properties":{"jobs":1903,"pop":2579,"pointCount":5,"homeWorkCommuteMedian":7280,"workHomeCommuteMedian":4417},"geometry":{"type":"Polygon","coordinates":[[[151.22129950729774,-33.923084461833156],[151.22129950729774,-33.91409125819591],[151.23029271093498,-33.91409125819591],[151.23029271093498,-33.923084461833156],[151.22129950729774,-33.923084461833156]]]}},{"type":"Feature","properties":{"jobs":471,"pop":2958,"pointCount":5,"homeWorkCommuteMedian":6096,"workHomeCommuteMedian":5480},"geometry":{"type":"Polygon","coordinates":[[[151.22129950729774,-33.91409125819591],[151.22129950729774,-33.905098054558664],[151.23029271093498,-33.905098054558664],[151.23029271093498,-33.91409125819591],[151.22129950729774,-33.91409125819591]]]}},{"type":"Feature","properties":{"jobs":0,"pop":688,"pointCount":1,"homeWorkCommuteMedian":4408,"workHomeCommuteMedian":-1},"geometry":{"type":"Polygon","coordinates":[[[151.22129950729774,-33.905098054558664],[151.22129950729774,-33.89610485092142],[151.23029271093498,-33.89610485092142],[151.23029271093498,-33.905098054558664],[151.22129950729774,-33.905098054558664]]]}},{"type":"Feature","properties":{"jobs":3530,"pop":985,"pointCount":3,"homeWorkCommuteMedian":4312,"workHomeCommuteMedian":9722},"geometry":{"type":"Polygon","coordinates":[[[151.22129950729774,-33.89610485092142],[151.22129950729774,-33.88711164728417],[151.23029271093498,-33.88711164728417],[151.23029271093498,-33.89610485092142],[151.22129950729774,-33.89610485092142]]]}},{"type":"Feature","properties":{"jobs":5361,"pop":3164,"pointCount":6,"homeWorkCommuteMedian":4726,"workHomeCommuteMedian":8772},"geometry":{"type":"Polygon","coordinates":[[[151.22129950729774,-33.88711164728417],[151.22129950729774,-33.878118443646926],[151.23029271093498,-33.878118443646926],[151.23029271093498,-33.88711164728417],[151.22129950729774,-33.88711164728417]]]}},{"type":"Feature","properties":{"jobs":5912,"pop":10805,"pointCount":7,"homeWorkCommuteMedian":4521,"workHomeCommuteMedian":12858},"geometry":{"type":"Polygon","coordinates":[[[151.22129950729774,-33.878118443646926],[151.22129950729774,-33.86912524000968],[151.23029271093498,-33.86912524000968],[151.23029271093498,-33.878118443646926],[151.22129950729774,-33.878118443646926]]]}},{"type":"Feature","properties":{"jobs":4572,"pop":724,"pointCount":2,"homeWorkCommuteMedian":3221,"workHomeCommuteMedian":15430},"geometry":{"type":"Polygon","coordinates":[[[151.22129950729774,-33.86912524000968],[151.22129950729774,-33.860132036372434],[151.23029271093498,-33.860132036372434],[151.23029271093498,-33.86912524000968],[151.22129950729774,-33.86912524000968]]]}},{"type":"Feature","properties":{"jobs":0,"pop":469,"pointCount":2,"homeWorkCommuteMedian":7167,"workHomeCommuteMedian":-1},"geometry":{"type":"Polygon","coordinates":[[[151.22129950729774,-33.85113883273519],[151.22129950729774,-33.84214562909794],[151.23029271093498,-33.84214562909794],[151.23029271093498,-33.85113883273519],[151.22129950729774,-33.85113883273519]]]}},{"type":"Feature","properties":{"jobs":385,"pop":1802,"pointCount":5,"homeWorkCommuteMedian":9735,"workHomeCommuteMedian":13921},"geometry":{"type":"Polygon","coordinates":[[[151.22129950729774,-33.84214562909794],[151.22129950729774,-33.833152425460696],[151.23029271093498,-33.833152425460696],[151.23029271093498,-33.84214562909794],[151.22129950729774,-33.84214562909794]]]}},{"type":"Feature","properties":{"jobs":3314,"pop":5937,"pointCount":6,"homeWorkCommuteMedian":7183,"workHomeCommuteMedian":10151},"geometry":{"type":"Polygon","coordinates":[[[151.22129950729774,-33.833152425460696],[151.22129950729774,-33.82415922182345],[151.23029271093498,-33.82415922182345],[151.23029271093498,-33.833152425460696],[151.22129950729774,-33.833152425460696]]]}},{"type":"Feature","properties":{"jobs":0,"pop":571,"pointCount":2,"homeWorkCommuteMedian":7894,"workHomeCommuteMedian":-1},"geometry":{"type":"Polygon","coordinates":[[[151.22129950729774,-33.82415922182345],[151.22129950729774,-33.815166018186204],[151.23029271093498,-33.815166018186204],[151.23029271093498,-33.82415922182345],[151.22129950729774,-33.82415922182345]]]}},{"type":"Feature","properties":{"jobs":147,"pop":763,"pointCount":3,"homeWorkCommuteMedian":5910,"workHomeCommuteMedian":928},"geometry":{"type":"Polygon","coordinates":[[[151.22129950729774,-33.815166018186204],[151.22129950729774,-33.80617281454896],[151.23029271093498,-33.80617281454896],[151.23029271093498,-33.815166018186204],[151.22129950729774,-33.815166018186204]]]}},{"type":"Feature","properties":{"jobs":320,"pop":571,"pointCount":2,"homeWorkCommuteMedian":20334,"workHomeCommuteMedian":4146},"geometry":{"type":"Polygon","coordinates":[[[151.22129950729774,-33.80617281454896],[151.22129950729774,-33.79717961091171],[151.23029271093498,-33.79717961091171],[151.23029271093498,-33.80617281454896],[151.22129950729774,-33.80617281454896]]]}},{"type":"Feature","properties":{"jobs":67,"pop":151,"pointCount":1,"homeWorkCommuteMedian":13606,"workHomeCommuteMedian":8265},"geometry":{"type":"Polygon","coordinates":[[[151.22129950729774,-33.79717961091171],[151.22129950729774,-33.788186407274466],[151.23029271093498,-33.788186407274466],[151.23029271093498,-33.79717961091171],[151.22129950729774,-33.79717961091171]]]}},{"type":"Feature","properties":{"jobs":0,"pop":310,"pointCount":1,"homeWorkCommuteMedian":28924,"workHomeCommuteMedian":-1},"geometry":{"type":"Polygon","coordinates":[[[151.22129950729774,-33.788186407274466],[151.22129950729774,-33.77919320363722],[151.23029271093498,-33.77919320363722],[151.23029271093498,-33.788186407274466],[151.22129950729774,-33.788186407274466]]]}},{"type":"Feature","properties":{"jobs":0,"pop":381,"pointCount":2,"homeWorkCommuteMedian":17958,"workHomeCommuteMedian":-1},"geometry":{"type":"Polygon","coordinates":[[[151.22129950729774,-33.77919320363722],[151.22129950729774,-33.770199999999974],[151.23029271093498,-33.770199999999974],[151.23029271093498,-33.77919320363722],[151.22129950729774,-33.77919320363722]]]}},{"type":"Feature","properties":{"jobs":1047,"pop":0,"pointCount":1,"homeWorkCommuteMedian":-1,"workHomeCommuteMedian":9843},"geometry":{"type":"Polygon","coordinates":[[[151.22129950729774,-33.770199999999974],[151.22129950729774,-33.76120679636273],[151.23029271093498,-33.76120679636273],[151.23029271093498,-33.770199999999974],[151.22129950729774,-33.770199999999974]]]}},{"type":"Feature","properties":{"jobs":645,"pop":1120,"pointCount":4,"homeWorkCommuteMedian":18815,"workHomeCommuteMedian":7817},"geometry":{"type":"Polygon","coordinates":[[[151.22129950729774,-33.76120679636273],[151.22129950729774,-33.75221359272548],[151.23029271093498,-33.75221359272548],[151.23029271093498,-33.76120679636273],[151.22129950729774,-33.76120679636273]]]}},{"type":"Feature","properties":{"jobs":425,"pop":1168,"pointCount":5,"homeWorkCommuteMedian":7317,"workHomeCommuteMedian":30525},"geometry":{"type":"Polygon","coordinates":[[[151.22129950729774,-33.75221359272548],[151.22129950729774,-33.743220389088236],[151.23029271093498,-33.743220389088236],[151.23029271093498,-33.75221359272548],[151.22129950729774,-33.75221359272548]]]}},{"type":"Feature","properties":{"jobs":0,"pop":869,"pointCount":3,"homeWorkCommuteMedian":19731,"workHomeCommuteMedian":-1},"geometry":{"type":"Polygon","coordinates":[[[151.22129950729774,-33.743220389088236],[151.22129950729774,-33.73422718545099],[151.23029271093498,-33.73422718545099],[151.23029271093498,-33.743220389088236],[151.22129950729774,-33.743220389088236]]]}},{"type":"Feature","properties":{"jobs":253,"pop":426,"pointCount":3,"homeWorkCommuteMedian":11212,"workHomeCommuteMedian":66252},"geometry":{"type":"Polygon","coordinates":[[[151.22129950729774,-33.73422718545099],[151.22129950729774,-33.725233981813744],[151.23029271093498,-33.725233981813744],[151.23029271093498,-33.73422718545099],[151.22129950729774,-33.73422718545099]]]}},{"type":"Feature","properties":{"jobs":367,"pop":50,"pointCount":1,"homeWorkCommuteMedian":71685,"workHomeCommuteMedian":26473},"geometry":{"type":"Polygon","coordinates":[[[151.22129950729774,-33.7162407781765],[151.22129950729774,-33.70724757453925],[151.23029271093498,-33.70724757453925],[151.23029271093498,-33.7162407781765],[151.22129950729774,-33.7162407781765]]]}},{"type":"Feature","properties":{"jobs":417,"pop":123,"pointCount":1,"homeWorkCommuteMedian":13385,"workHomeCommuteMedian":15027},"geometry":{"type":"Polygon","coordinates":[[[151.22129950729774,-33.698254370902006],[151.22129950729774,-33.68926116726476],[151.23029271093498,-33.68926116726476],[151.23029271093498,-33.698254370902006],[151.22129950729774,-33.698254370902006]]]}},{"type":"Feature","properties":{"jobs":0,"pop":665,"pointCount":4,"homeWorkCommuteMedian":9042,"workHomeCommuteMedian":-1},"geometry":{"type":"Polygon","coordinates":[[[151.22129950729774,-33.68926116726476],[151.22129950729774,-33.680267963627514],[151.23029271093498,-33.680267963627514],[151.23029271093498,-33.68926116726476],[151.22129950729774,-33.68926116726476]]]}},{"type":"Feature","properties":{"jobs":0,"pop":567,"pointCount":2,"homeWorkCommuteMedian":25709,"workHomeCommuteMedian":-1},"geometry":{"type":"Polygon","coordinates":[[[151.22129950729774,-33.680267963627514],[151.22129950729774,-33.67127475999027],[151.23029271093498,-33.67127475999027],[151.23029271093498,-33.680267963627514],[151.22129950729774,-33.680267963627514]]]}},{"type":"Feature","properties":{"jobs":322,"pop":98,"pointCount":1,"homeWorkCommuteMedian":30676,"workHomeCommuteMedian":6570},"geometry":{"type":"Polygon","coordinates":[[[151.23029271093498,-33.995030090931124],[151.23029271093498,-33.98603688729388],[151.2392859145722,-33.98603688729388],[151.2392859145722,-33.995030090931124],[151.23029271093498,-33.995030090931124]]]}},{"type":"Feature","properties":{"jobs":0,"pop":736,"pointCount":3,"homeWorkCommuteMedian":13253,"workHomeCommuteMedian":-1},"geometry":{"type":"Polygon","coordinates":[[[151.23029271093498,-33.98603688729388],[151.23029271093498,-33.97704368365663],[151.2392859145722,-33.97704368365663],[151.2392859145722,-33.98603688729388],[151.23029271093498,-33.98603688729388]]]}},{"type":"Feature","properties":{"jobs":105,"pop":373,"pointCount":2,"homeWorkCommuteMedian":10097,"workHomeCommuteMedian":13411},"geometry":{"type":"Polygon","coordinates":[[[151.23029271093498,-33.97704368365663],[151.23029271093498,-33.968050480019386],[151.2392859145722,-33.968050480019386],[151.2392859145722,-33.97704368365663],[151.23029271093498,-33.97704368365663]]]}},{"type":"Feature","properties":{"jobs":689,"pop":1596,"pointCount":6,"homeWorkCommuteMedian":12120,"workHomeCommuteMedian":11699},"geometry":{"type":"Polygon","coordinates":[[[151.23029271093498,-33.968050480019386],[151.23029271093498,-33.95905727638214],[151.2392859145722,-33.95905727638214],[151.2392859145722,-33.968050480019386],[151.23029271093498,-33.968050480019386]]]}},{"type":"Feature","properties":{"jobs":392,"pop":1019,"pointCount":3,"homeWorkCommuteMedian":7174,"workHomeCommuteMedian":18084},"geometry":{"type":"Polygon","coordinates":[[[151.23029271093498,-33.95905727638214],[151.23029271093498,-33.950064072744894],[151.2392859145722,-33.950064072744894],[151.2392859145722,-33.95905727638214],[151.23029271093498,-33.95905727638214]]]}},{"type":"Feature","properties":{"jobs":552,"pop":1101,"pointCount":4,"homeWorkCommuteMedian":8145,"workHomeCommuteMedian":8607},"geometry":{"type":"Polygon","coordinates":[[[151.23029271093498,-33.950064072744894],[151.23029271093498,-33.94107086910765],[151.2392859145722,-33.94107086910765],[151.2392859145722,-33.950064072744894],[151.23029271093498,-33.950064072744894]]]}},{"type":"Feature","properties":{"jobs":1374,"pop":3425,"pointCount":8,"homeWorkCommuteMedian":7899,"workHomeCommuteMedian":3417},"geometry":{"type":"Polygon","coordinates":[[[151.23029271093498,-33.94107086910765],[151.23029271093498,-33.9320776654704],[151.2392859145722,-33.9320776654704],[151.2392859145722,-33.94107086910765],[151.23029271093498,-33.94107086910765]]]}},{"type":"Feature","properties":{"jobs":550,"pop":2308,"pointCount":4,"homeWorkCommuteMedian":3822,"workHomeCommuteMedian":5614},"geometry":{"type":"Polygon","coordinates":[[[151.23029271093498,-33.9320776654704],[151.23029271093498,-33.923084461833156],[151.2392859145722,-33.923084461833156],[151.2392859145722,-33.9320776654704],[151.23029271093498,-33.9320776654704]]]}},{"type":"Feature","properties":{"jobs":50028,"pop":2996,"pointCount":5,"homeWorkCommuteMedian":6841,"workHomeCommuteMedian":12074},"geometry":{"type":"Polygon","coordinates":[[[151.23029271093498,-33.923084461833156],[151.23029271093498,-33.91409125819591],[151.2392859145722,-33.91409125819591],[151.2392859145722,-33.923084461833156],[151.23029271093498,-33.923084461833156]]]}},{"type":"Feature","properties":{"jobs":1861,"pop":2181,"pointCount":3,"homeWorkCommuteMedian":6955,"workHomeCommuteMedian":6872},"geometry":{"type":"Polygon","coordinates":[[[151.23029271093498,-33.91409125819591],[151.23029271093498,-33.905098054558664],[151.2392859145722,-33.905098054558664],[151.2392859145722,-33.91409125819591],[151.23029271093498,-33.91409125819591]]]}},{"type":"Feature","properties":{"jobs":1360,"pop":2100,"pointCount":4,"homeWorkCommuteMedian":4824,"workHomeCommuteMedian":6356},"geometry":{"type":"Polygon","coordinates":[[[151.23029271093498,-33.89610485092142],[151.23029271093498,-33.88711164728417],[151.2392859145722,-33.88711164728417],[151.2392859145722,-33.89610485092142],[151.23029271093498,-33.89610485092142]]]}},{"type":"Feature","properties":{"jobs":4175,"pop":4880,"pointCount":7,"homeWorkCommuteMedian":4477,"workHomeCommuteMedian":8016},"geometry":{"type":"Polygon","coordinates":[[[151.23029271093498,-33.88711164728417],[151.23029271093498,-33.878118443646926],[151.2392859145722,-33.878118443646926],[151.2392859145722,-33.88711164728417],[151.23029271093498,-33.88711164728417]]]}},{"type":"Feature","properties":{"jobs":1477,"pop":2182,"pointCount":3,"homeWorkCommuteMedian":5337,"workHomeCommuteMedian":5157},"geometry":{"type":"Polygon","coordinates":[[[151.23029271093498,-33.878118443646926],[151.23029271093498,-33.86912524000968],[151.2392859145722,-33.86912524000968],[151.2392859145722,-33.878118443646926],[151.23029271093498,-33.878118443646926]]]}},{"type":"Feature","properties":{"jobs":198,"pop":2030,"pointCount":6,"homeWorkCommuteMedian":7280,"workHomeCommuteMedian":22851},"geometry":{"type":"Polygon","coordinates":[[[151.23029271093498,-33.84214562909794],[151.23029271093498,-33.833152425460696],[151.2392859145722,-33.833152425460696],[151.2392859145722,-33.84214562909794],[151.23029271093498,-33.84214562909794]]]}},{"type":"Feature","properties":{"jobs":1860,"pop":2427,"pointCount":4,"homeWorkCommuteMedian":6943,"workHomeCommuteMedian":14720},"geometry":{"type":"Polygon","coordinates":[[[151.23029271093498,-33.833152425460696],[151.23029271093498,-33.82415922182345],[151.2392859145722,-33.82415922182345],[151.2392859145722,-33.833152425460696],[151.23029271093498,-33.833152425460696]]]}},{"type":"Feature","properties":{"jobs":756,"pop":2075,"pointCount":7,"homeWorkCommuteMedian":8532,"workHomeCommuteMedian":10522},"geometry":{"type":"Polygon","coordinates":[[[151.23029271093498,-33.82415922182345],[151.23029271093498,-33.815166018186204],[151.2392859145722,-33.815166018186204],[151.2392859145722,-33.82415922182345],[151.23029271093498,-33.82415922182345]]]}},{"type":"Feature","properties":{"jobs":0,"pop":195,"pointCount":1,"homeWorkCommuteMedian":14695,"workHomeCommuteMedian":-1},"geometry":{"type":"Polygon","coordinates":[[[151.23029271093498,-33.815166018186204],[151.23029271093498,-33.80617281454896],[151.2392859145722,-33.80617281454896],[151.2392859145722,-33.815166018186204],[151.23029271093498,-33.815166018186204]]]}},{"type":"Feature","properties":{"jobs":0,"pop":331,"pointCount":1,"homeWorkCommuteMedian":25383,"workHomeCommuteMedian":-1},"geometry":{"type":"Polygon","coordinates":[[[151.23029271093498,-33.80617281454896],[151.23029271093498,-33.79717961091171],[151.2392859145722,-33.79717961091171],[151.2392859145722,-33.80617281454896],[151.23029271093498,-33.80617281454896]]]}},{"type":"Feature","properties":{"jobs":207,"pop":686,"pointCount":2,"homeWorkCommuteMedian":17033,"workHomeCommuteMedian":7839},"geometry":{"type":"Polygon","coordinates":[[[151.23029271093498,-33.79717961091171],[151.23029271093498,-33.788186407274466],[151.2392859145722,-33.788186407274466],[151.2392859145722,-33.79717961091171],[151.23029271093498,-33.79717961091171]]]}},{"type":"Feature","properties":{"jobs":1934,"pop":469,"pointCount":2,"homeWorkCommuteMedian":17527,"workHomeCommuteMedian":12181},"geometry":{"type":"Polygon","coordinates":[[[151.23029271093498,-33.76120679636273],[151.23029271093498,-33.75221359272548],[151.2392859145722,-33.75221359272548],[151.2392859145722,-33.76120679636273],[151.23029271093498,-33.76120679636273]]]}},{"type":"Feature","properties":{"jobs":3679,"pop":864,"pointCount":6,"homeWorkCommuteMedian":13465,"workHomeCommuteMedian":10773},"geometry":{"type":"Polygon","coordinates":[[[151.23029271093498,-33.75221359272548],[151.23029271093498,-33.743220389088236],[151.2392859145722,-33.743220389088236],[151.2392859145722,-33.75221359272548],[151.23029271093498,-33.75221359272548]]]}},{"type":"Feature","properties":{"jobs":0,"pop":572,"pointCount":3,"homeWorkCommuteMedian":15584,"workHomeCommuteMedian":-1},"geometry":{"type":"Polygon","coordinates":[[[151.23029271093498,-33.743220389088236],[151.23029271093498,-33.73422718545099],[151.2392859145722,-33.73422718545099],[151.2392859145722,-33.743220389088236],[151.23029271093498,-33.743220389088236]]]}},{"type":"Feature","properties":{"jobs":101,"pop":61,"pointCount":1,"homeWorkCommuteMedian":17675,"workHomeCommuteMedian":35898},"geometry":{"type":"Polygon","coordinates":[[[151.23029271093498,-33.680267963627514],[151.23029271093498,-33.67127475999027],[151.2392859145722,-33.67127475999027],[151.2392859145722,-33.680267963627514],[151.23029271093498,-33.680267963627514]]]}},{"type":"Feature","properties":{"jobs":0,"pop":126,"pointCount":1,"homeWorkCommuteMedian":20234,"workHomeCommuteMedian":-1},"geometry":{"type":"Polygon","coordinates":[[[151.23029271093498,-33.545369909068825],[151.23029271093498,-33.53637670543158],[151.2392859145722,-33.53637670543158],[151.2392859145722,-33.545369909068825],[151.23029271093498,-33.545369909068825]]]}},{"type":"Feature","properties":{"jobs":160,"pop":0,"pointCount":1,"homeWorkCommuteMedian":-1,"workHomeCommuteMedian":40120},"geometry":{"type":"Polygon","coordinates":[[[151.2392859145722,-33.995030090931124],[151.2392859145722,-33.98603688729388],[151.24827911820944,-33.98603688729388],[151.24827911820944,-33.995030090931124],[151.2392859145722,-33.995030090931124]]]}},{"type":"Feature","properties":{"jobs":400,"pop":2290,"pointCount":5,"homeWorkCommuteMedian":11575,"workHomeCommuteMedian":8284},"geometry":{"type":"Polygon","coordinates":[[[151.2392859145722,-33.98603688729388],[151.2392859145722,-33.97704368365663],[151.24827911820944,-33.97704368365663],[151.24827911820944,-33.98603688729388],[151.2392859145722,-33.98603688729388]]]}},{"type":"Feature","properties":{"jobs":1571,"pop":312,"pointCount":3,"homeWorkCommuteMedian":9726,"workHomeCommuteMedian":19996},"geometry":{"type":"Polygon","coordinates":[[[151.2392859145722,-33.97704368365663],[151.2392859145722,-33.968050480019386],[151.24827911820944,-33.968050480019386],[151.24827911820944,-33.97704368365663],[151.2392859145722,-33.97704368365663]]]}},{"type":"Feature","properties":{"jobs":115,"pop":1223,"pointCount":5,"homeWorkCommuteMedian":5917,"workHomeCommuteMedian":4131},"geometry":{"type":"Polygon","coordinates":[[[151.2392859145722,-33.968050480019386],[151.2392859145722,-33.95905727638214],[151.24827911820944,-33.95905727638214],[151.24827911820944,-33.968050480019386],[151.2392859145722,-33.968050480019386]]]}},{"type":"Feature","properties":{"jobs":498,"pop":1923,"pointCount":7,"homeWorkCommuteMedian":7607,"workHomeCommuteMedian":4876},"geometry":{"type":"Polygon","coordinates":[[[151.2392859145722,-33.95905727638214],[151.2392859145722,-33.950064072744894],[151.24827911820944,-33.950064072744894],[151.24827911820944,-33.95905727638214],[151.2392859145722,-33.95905727638214]]]}},{"type":"Feature","properties":{"jobs":444,"pop":1641,"pointCount":6,"homeWorkCommuteMedian":6160,"workHomeCommuteMedian":1185},"geometry":{"type":"Polygon","coordinates":[[[151.2392859145722,-33.950064072744894],[151.2392859145722,-33.94107086910765],[151.24827911820944,-33.94107086910765],[151.24827911820944,-33.950064072744894],[151.2392859145722,-33.950064072744894]]]}},{"type":"Feature","properties":{"jobs":1423,"pop":2771,"pointCount":6,"homeWorkCommuteMedian":6687,"workHomeCommuteMedian":5616},"geometry":{"type":"Polygon","coordinates":[[[151.2392859145722,-33.94107086910765],[151.2392859145722,-33.9320776654704],[151.24827911820944,-33.9320776654704],[151.24827911820944,-33.94107086910765],[151.2392859145722,-33.94107086910765]]]}},{"type":"Feature","properties":{"jobs":1611,"pop":1354,"pointCount":4,"homeWorkCommuteMedian":8132,"workHomeCommuteMedian":6826},"geometry":{"type":"Polygon","coordinates":[[[151.2392859145722,-33.9320776654704],[151.2392859145722,-33.923084461833156],[151.24827911820944,-33.923084461833156],[151.24827911820944,-33.9320776654704],[151.2392859145722,-33.9320776654704]]]}},{"type":"Feature","properties":{"jobs":2033,"pop":4120,"pointCount":6,"homeWorkCommuteMedian":7580,"workHomeCommuteMedian":7082},"geometry":{"type":"Polygon","coordinates":[[[151.2392859145722,-33.923084461833156],[151.2392859145722,-33.91409125819591],[151.24827911820944,-33.91409125819591],[151.24827911820944,-33.923084461833156],[151.2392859145722,-33.923084461833156]]]}},{"type":"Feature","properties":{"jobs":710,"pop":3669,"pointCount":5,"homeWorkCommuteMedian":5621,"workHomeCommuteMedian":2683},"geometry":{"type":"Polygon","coordinates":[[[151.2392859145722,-33.91409125819591],[151.2392859145722,-33.905098054558664],[151.24827911820944,-33.905098054558664],[151.24827911820944,-33.91409125819591],[151.2392859145722,-33.91409125819591]]]}},{"type":"Feature","properties":{"jobs":732,"pop":2269,"pointCount":5,"homeWorkCommuteMedian":6661,"workHomeCommuteMedian":4358},"geometry":{"type":"Polygon","coordinates":[[[151.2392859145722,-33.905098054558664],[151.2392859145722,-33.89610485092142],[151.24827911820944,-33.89610485092142],[151.24827911820944,-33.905098054558664],[151.2392859145722,-33.905098054558664]]]}},{"type":"Feature","properties":{"jobs":7939,"pop":3859,"pointCount":5,"homeWorkCommuteMedian":6266,"workHomeCommuteMedian":9485},"geometry":{"type":"Polygon","coordinates":[[[151.2392859145722,-33.89610485092142],[151.2392859145722,-33.88711164728417],[151.24827911820944,-33.88711164728417],[151.24827911820944,-33.89610485092142],[151.2392859145722,-33.89610485092142]]]}},{"type":"Feature","properties":{"jobs":1007,"pop":2315,"pointCount":5,"homeWorkCommuteMedian":4451,"workHomeCommuteMedian":19470},"geometry":{"type":"Polygon","coordinates":[[[151.2392859145722,-33.88711164728417],[151.2392859145722,-33.878118443646926],[151.24827911820944,-33.878118443646926],[151.24827911820944,-33.88711164728417],[151.2392859145722,-33.88711164728417]]]}},{"type":"Feature","properties":{"jobs":3086,"pop":2150,"pointCount":4,"homeWorkCommuteMedian":5669,"workHomeCommuteMedian":5489},"geometry":{"type":"Polygon","coordinates":[[[151.2392859145722,-33.878118443646926],[151.2392859145722,-33.86912524000968],[151.24827911820944,-33.86912524000968],[151.24827911820944,-33.878118443646926],[151.2392859145722,-33.878118443646926]]]}},{"type":"Feature","properties":{"jobs":382,"pop":1605,"pointCount":5,"homeWorkCommuteMedian":8025,"workHomeCommuteMedian":14162},"geometry":{"type":"Polygon","coordinates":[[[151.2392859145722,-33.84214562909794],[151.2392859145722,-33.833152425460696],[151.24827911820944,-33.833152425460696],[151.24827911820944,-33.84214562909794],[151.2392859145722,-33.84214562909794]]]}},{"type":"Feature","properties":{"jobs":2422,"pop":2684,"pointCount":7,"homeWorkCommuteMedian":9434,"workHomeCommuteMedian":17034},"geometry":{"type":"Polygon","coordinates":[[[151.2392859145722,-33.833152425460696],[151.2392859145722,-33.82415922182345],[151.24827911820944,-33.82415922182345],[151.24827911820944,-33.833152425460696],[151.2392859145722,-33.833152425460696]]]}},{"type":"Feature","properties":{"jobs":526,"pop":1915,"pointCount":6,"homeWorkCommuteMedian":7973,"workHomeCommuteMedian":2665},"geometry":{"type":"Polygon","coordinates":[[[151.2392859145722,-33.82415922182345],[151.2392859145722,-33.815166018186204],[151.24827911820944,-33.815166018186204],[151.24827911820944,-33.82415922182345],[151.2392859145722,-33.82415922182345]]]}},{"type":"Feature","properties":{"jobs":285,"pop":523,"pointCount":4,"homeWorkCommuteMedian":9532,"workHomeCommuteMedian":10642},"geometry":{"type":"Polygon","coordinates":[[[151.2392859145722,-33.815166018186204],[151.2392859145722,-33.80617281454896],[151.24827911820944,-33.80617281454896],[151.24827911820944,-33.815166018186204],[151.2392859145722,-33.815166018186204]]]}},{"type":"Feature","properties":{"jobs":624,"pop":405,"pointCount":2,"homeWorkCommuteMedian":7288,"workHomeCommuteMedian":9284},"geometry":{"type":"Polygon","coordinates":[[[151.2392859145722,-33.80617281454896],[151.2392859145722,-33.79717961091171],[151.24827911820944,-33.79717961091171],[151.24827911820944,-33.80617281454896],[151.2392859145722,-33.80617281454896]]]}},{"type":"Feature","properties":{"jobs":542,"pop":1094,"pointCount":5,"homeWorkCommuteMedian":11565,"workHomeCommuteMedian":6654},"geometry":{"type":"Polygon","coordinates":[[[151.2392859145722,-33.79717961091171],[151.2392859145722,-33.788186407274466],[151.24827911820944,-33.788186407274466],[151.24827911820944,-33.79717961091171],[151.2392859145722,-33.79717961091171]]]}},{"type":"Feature","properties":{"jobs":133,"pop":940,"pointCount":4,"homeWorkCommuteMedian":13885,"workHomeCommuteMedian":3914},"geometry":{"type":"Polygon","coordinates":[[[151.2392859145722,-33.788186407274466],[151.2392859145722,-33.77919320363722],[151.24827911820944,-33.77919320363722],[151.24827911820944,-33.788186407274466],[151.2392859145722,-33.788186407274466]]]}},{"type":"Feature","properties":{"jobs":415,"pop":0,"pointCount":1,"homeWorkCommuteMedian":-1,"workHomeCommuteMedian":4451},"geometry":{"type":"Polygon","coordinates":[[[151.2392859145722,-33.77919320363722],[151.2392859145722,-33.770199999999974],[151.24827911820944,-33.770199999999974],[151.24827911820944,-33.77919320363722],[151.2392859145722,-33.77919320363722]]]}},{"type":"Feature","properties":{"jobs":2626,"pop":343,"pointCount":3,"homeWorkCommuteMedian":10247,"workHomeCommuteMedian":9300},"geometry":{"type":"Polygon","coordinates":[[[151.2392859145722,-33.76120679636273],[151.2392859145722,-33.75221359272548],[151.24827911820944,-33.75221359272548],[151.24827911820944,-33.76120679636273],[151.2392859145722,-33.76120679636273]]]}},{"type":"Feature","properties":{"jobs":0,"pop":902,"pointCount":4,"homeWorkCommuteMedian":18196,"workHomeCommuteMedian":-1},"geometry":{"type":"Polygon","coordinates":[[[151.2392859145722,-33.75221359272548],[151.2392859145722,-33.743220389088236],[151.24827911820944,-33.743220389088236],[151.24827911820944,-33.75221359272548],[151.2392859145722,-33.75221359272548]]]}},{"type":"Feature","properties":{"jobs":299,"pop":74,"pointCount":1,"homeWorkCommuteMedian":19766,"workHomeCommuteMedian":7233},"geometry":{"type":"Polygon","coordinates":[[[151.2392859145722,-33.73422718545099],[151.2392859145722,-33.725233981813744],[151.24827911820944,-33.725233981813744],[151.24827911820944,-33.73422718545099],[151.2392859145722,-33.73422718545099]]]}},{"type":"Feature","properties":{"jobs":1829,"pop":0,"pointCount":1,"homeWorkCommuteMedian":-1,"workHomeCommuteMedian":18038},"geometry":{"type":"Polygon","coordinates":[[[151.2392859145722,-33.70724757453925],[151.2392859145722,-33.698254370902006],[151.24827911820944,-33.698254370902006],[151.24827911820944,-33.70724757453925],[151.2392859145722,-33.70724757453925]]]}},{"type":"Feature","properties":{"jobs":0,"pop":150,"pointCount":1,"homeWorkCommuteMedian":17204,"workHomeCommuteMedian":-1},"geometry":{"type":"Polygon","coordinates":[[[151.24827911820944,-33.98603688729388],[151.24827911820944,-33.97704368365663],[151.25727232184667,-33.97704368365663],[151.25727232184667,-33.98603688729388],[151.24827911820944,-33.98603688729388]]]}},{"type":"Feature","properties":{"jobs":0,"pop":667,"pointCount":3,"homeWorkCommuteMedian":18379,"workHomeCommuteMedian":-1},"geometry":{"type":"Polygon","coordinates":[[[151.24827911820944,-33.97704368365663],[151.24827911820944,-33.968050480019386],[151.25727232184667,-33.968050480019386],[151.25727232184667,-33.97704368365663],[151.24827911820944,-33.97704368365663]]]}},{"type":"Feature","properties":{"jobs":433,"pop":394,"pointCount":3,"homeWorkCommuteMedian":8800,"workHomeCommuteMedian":19401},"geometry":{"type":"Polygon","coordinates":[[[151.24827911820944,-33.968050480019386],[151.24827911820944,-33.95905727638214],[151.25727232184667,-33.95905727638214],[151.25727232184667,-33.968050480019386],[151.24827911820944,-33.968050480019386]]]}},{"type":"Feature","properties":{"jobs":230,"pop":964,"pointCount":3,"homeWorkCommuteMedian":8689,"workHomeCommuteMedian":21005},"geometry":{"type":"Polygon","coordinates":[[[151.24827911820944,-33.95905727638214],[151.24827911820944,-33.950064072744894],[151.25727232184667,-33.950064072744894],[151.25727232184667,-33.95905727638214],[151.24827911820944,-33.95905727638214]]]}},{"type":"Feature","properties":{"jobs":485,"pop":2541,"pointCount":7,"homeWorkCommuteMedian":7387,"workHomeCommuteMedian":7302},"geometry":{"type":"Polygon","coordinates":[[[151.24827911820944,-33.950064072744894],[151.24827911820944,-33.94107086910765],[151.25727232184667,-33.94107086910765],[151.25727232184667,-33.950064072744894],[151.24827911820944,-33.950064072744894]]]}},{"type":"Feature","properties":{"jobs":752,"pop":2024,"pointCount":5,"homeWorkCommuteMedian":10281,"workHomeCommuteMedian":11035},"geometry":{"type":"Polygon","coordinates":[[[151.24827911820944,-33.94107086910765],[151.24827911820944,-33.9320776654704],[151.25727232184667,-33.9320776654704],[151.25727232184667,-33.94107086910765],[151.24827911820944,-33.94107086910765]]]}},{"type":"Feature","properties":{"jobs":521,"pop":2642,"pointCount":4,"homeWorkCommuteMedian":7796,"workHomeCommuteMedian":6300},"geometry":{"type":"Polygon","coordinates":[[[151.24827911820944,-33.9320776654704],[151.24827911820944,-33.923084461833156],[151.25727232184667,-33.923084461833156],[151.25727232184667,-33.9320776654704],[151.24827911820944,-33.9320776654704]]]}},{"type":"Feature","properties":{"jobs":939,"pop":4116,"pointCount":5,"homeWorkCommuteMedian":8703,"workHomeCommuteMedian":3307},"geometry":{"type":"Polygon","coordinates":[[[151.24827911820944,-33.923084461833156],[151.24827911820944,-33.91409125819591],[151.25727232184667,-33.91409125819591],[151.25727232184667,-33.923084461833156],[151.24827911820944,-33.923084461833156]]]}},{"type":"Feature","properties":{"jobs":2247,"pop":4884,"pointCount":7,"homeWorkCommuteMedian":5284,"workHomeCommuteMedian":4004},"geometry":{"type":"Polygon","coordinates":[[[151.24827911820944,-33.91409125819591],[151.24827911820944,-33.905098054558664],[151.25727232184667,-33.905098054558664],[151.25727232184667,-33.91409125819591],[151.24827911820944,-33.91409125819591]]]}},{"type":"Feature","properties":{"jobs":1009,"pop":2715,"pointCount":6,"homeWorkCommuteMedian":7456,"workHomeCommuteMedian":7839},"geometry":{"type":"Polygon","coordinates":[[[151.24827911820944,-33.905098054558664],[151.24827911820944,-33.89610485092142],[151.25727232184667,-33.89610485092142],[151.25727232184667,-33.905098054558664],[151.24827911820944,-33.905098054558664]]]}},{"type":"Feature","properties":{"jobs":6072,"pop":4018,"pointCount":5,"homeWorkCommuteMedian":6616,"workHomeCommuteMedian":8899},"geometry":{"type":"Polygon","coordinates":[[[151.24827911820944,-33.89610485092142],[151.24827911820944,-33.88711164728417],[151.25727232184667,-33.88711164728417],[151.25727232184667,-33.89610485092142],[151.24827911820944,-33.89610485092142]]]}},{"type":"Feature","properties":{"jobs":560,"pop":1179,"pointCount":6,"homeWorkCommuteMedian":7809,"workHomeCommuteMedian":8376},"geometry":{"type":"Polygon","coordinates":[[[151.24827911820944,-33.88711164728417],[151.24827911820944,-33.878118443646926],[151.25727232184667,-33.878118443646926],[151.25727232184667,-33.88711164728417],[151.24827911820944,-33.88711164728417]]]}},{"type":"Feature","properties":{"jobs":784,"pop":549,"pointCount":4,"homeWorkCommuteMedian":9905,"workHomeCommuteMedian":9459},"geometry":{"type":"Polygon","coordinates":[[[151.24827911820944,-33.878118443646926],[151.24827911820944,-33.86912524000968],[151.25727232184667,-33.86912524000968],[151.25727232184667,-33.878118443646926],[151.24827911820944,-33.878118443646926]]]}},{"type":"Feature","properties":{"jobs":675,"pop":838,"pointCount":2,"homeWorkCommuteMedian":12581,"workHomeCommuteMedian":7030},"geometry":{"type":"Polygon","coordinates":[[[151.24827911820944,-33.86912524000968],[151.24827911820944,-33.860132036372434],[151.25727232184667,-33.860132036372434],[151.25727232184667,-33.86912524000968],[151.24827911820944,-33.86912524000968]]]}},{"type":"Feature","properties":{"jobs":117,"pop":257,"pointCount":3,"homeWorkCommuteMedian":31711,"workHomeCommuteMedian":23328},"geometry":{"type":"Polygon","coordinates":[[[151.24827911820944,-33.84214562909794],[151.24827911820944,-33.833152425460696],[151.25727232184667,-33.833152425460696],[151.25727232184667,-33.84214562909794],[151.24827911820944,-33.84214562909794]]]}},{"type":"Feature","properties":{"jobs":612,"pop":1064,"pointCount":5,"homeWorkCommuteMedian":20205,"workHomeCommuteMedian":6855},"geometry":{"type":"Polygon","coordinates":[[[151.24827911820944,-33.833152425460696],[151.24827911820944,-33.82415922182345],[151.25727232184667,-33.82415922182345],[151.25727232184667,-33.833152425460696],[151.24827911820944,-33.833152425460696]]]}},{"type":"Feature","properties":{"jobs":516,"pop":417,"pointCount":2,"homeWorkCommuteMedian":8713,"workHomeCommuteMedian":1418},"geometry":{"type":"Polygon","coordinates":[[[151.24827911820944,-33.82415922182345],[151.24827911820944,-33.815166018186204],[151.25727232184667,-33.815166018186204],[151.25727232184667,-33.82415922182345],[151.24827911820944,-33.82415922182345]]]}},{"type":"Feature","properties":{"jobs":0,"pop":257,"pointCount":2,"homeWorkCommuteMedian":4286,"workHomeCommuteMedian":-1},"geometry":{"type":"Polygon","coordinates":[[[151.24827911820944,-33.815166018186204],[151.24827911820944,-33.80617281454896],[151.25727232184667,-33.80617281454896],[151.25727232184667,-33.815166018186204],[151.24827911820944,-33.815166018186204]]]}},{"type":"Feature","properties":{"jobs":370,"pop":757,"pointCount":4,"homeWorkCommuteMedian":6384,"workHomeCommuteMedian":4530},"geometry":{"type":"Polygon","coordinates":[[[151.24827911820944,-33.80617281454896],[151.24827911820944,-33.79717961091171],[151.25727232184667,-33.79717961091171],[151.25727232184667,-33.80617281454896],[151.24827911820944,-33.80617281454896]]]}},{"type":"Feature","properties":{"jobs":279,"pop":1205,"pointCount":5,"homeWorkCommuteMedian":6171,"workHomeCommuteMedian":7616},"geometry":{"type":"Polygon","coordinates":[[[151.24827911820944,-33.79717961091171],[151.24827911820944,-33.788186407274466],[151.25727232184667,-33.788186407274466],[151.25727232184667,-33.79717961091171],[151.24827911820944,-33.79717961091171]]]}},{"type":"Feature","properties":{"jobs":0,"pop":1077,"pointCount":3,"homeWorkCommuteMedian":16676,"workHomeCommuteMedian":-1},"geometry":{"type":"Polygon","coordinates":[[[151.24827911820944,-33.788186407274466],[151.24827911820944,-33.77919320363722],[151.25727232184667,-33.77919320363722],[151.25727232184667,-33.788186407274466],[151.24827911820944,-33.788186407274466]]]}},{"type":"Feature","properties":{"jobs":0,"pop":310,"pointCount":1,"homeWorkCommuteMedian":15332,"workHomeCommuteMedian":-1},"geometry":{"type":"Polygon","coordinates":[[[151.24827911820944,-33.77919320363722],[151.24827911820944,-33.770199999999974],[151.25727232184667,-33.770199999999974],[151.25727232184667,-33.77919320363722],[151.24827911820944,-33.77919320363722]]]}},{"type":"Feature","properties":{"jobs":73,"pop":997,"pointCount":5,"homeWorkCommuteMedian":14427,"workHomeCommuteMedian":30759},"geometry":{"type":"Polygon","coordinates":[[[151.24827911820944,-33.770199999999974],[151.24827911820944,-33.76120679636273],[151.25727232184667,-33.76120679636273],[151.25727232184667,-33.770199999999974],[151.24827911820944,-33.770199999999974]]]}},{"type":"Feature","properties":{"jobs":231,"pop":1173,"pointCount":4,"homeWorkCommuteMedian":16733,"workHomeCommuteMedian":18102},"geometry":{"type":"Polygon","coordinates":[[[151.24827911820944,-33.76120679636273],[151.24827911820944,-33.75221359272548],[151.25727232184667,-33.75221359272548],[151.25727232184667,-33.76120679636273],[151.24827911820944,-33.76120679636273]]]}},{"type":"Feature","properties":{"jobs":465,"pop":834,"pointCount":4,"homeWorkCommuteMedian":12994,"workHomeCommuteMedian":3988},"geometry":{"type":"Polygon","coordinates":[[[151.24827911820944,-33.75221359272548],[151.24827911820944,-33.743220389088236],[151.25727232184667,-33.743220389088236],[151.25727232184667,-33.75221359272548],[151.24827911820944,-33.75221359272548]]]}},{"type":"Feature","properties":{"jobs":0,"pop":74,"pointCount":1,"homeWorkCommuteMedian":32739,"workHomeCommuteMedian":-1},"geometry":{"type":"Polygon","coordinates":[[[151.24827911820944,-33.680267963627514],[151.24827911820944,-33.67127475999027],[151.25727232184667,-33.67127475999027],[151.25727232184667,-33.680267963627514],[151.24827911820944,-33.680267963627514]]]}},{"type":"Feature","properties":{"jobs":321,"pop":1518,"pointCount":3,"homeWorkCommuteMedian":12399,"workHomeCommuteMedian":52783},"geometry":{"type":"Polygon","coordinates":[[[151.25727232184667,-33.950064072744894],[151.25727232184667,-33.94107086910765],[151.2662655254839,-33.94107086910765],[151.2662655254839,-33.950064072744894],[151.25727232184667,-33.950064072744894]]]}},{"type":"Feature","properties":{"jobs":0,"pop":488,"pointCount":2,"homeWorkCommuteMedian":11029,"workHomeCommuteMedian":-1},"geometry":{"type":"Polygon","coordinates":[[[151.25727232184667,-33.94107086910765],[151.25727232184667,-33.9320776654704],[151.2662655254839,-33.9320776654704],[151.2662655254839,-33.94107086910765],[151.25727232184667,-33.94107086910765]]]}},{"type":"Feature","properties":{"jobs":550,"pop":1138,"pointCount":2,"homeWorkCommuteMedian":8681,"workHomeCommuteMedian":6390},"geometry":{"type":"Polygon","coordinates":[[[151.25727232184667,-33.9320776654704],[151.25727232184667,-33.923084461833156],[151.2662655254839,-33.923084461833156],[151.2662655254839,-33.9320776654704],[151.25727232184667,-33.9320776654704]]]}},{"type":"Feature","properties":{"jobs":375,"pop":1546,"pointCount":2,"homeWorkCommuteMedian":9191,"workHomeCommuteMedian":1683},"geometry":{"type":"Polygon","coordinates":[[[151.25727232184667,-33.923084461833156],[151.25727232184667,-33.91409125819591],[151.2662655254839,-33.91409125819591],[151.2662655254839,-33.923084461833156],[151.25727232184667,-33.923084461833156]]]}},{"type":"Feature","properties":{"jobs":961,"pop":3139,"pointCount":5,"homeWorkCommuteMedian":9658,"workHomeCommuteMedian":5407},"geometry":{"type":"Polygon","coordinates":[[[151.25727232184667,-33.91409125819591],[151.25727232184667,-33.905098054558664],[151.2662655254839,-33.905098054558664],[151.2662655254839,-33.91409125819591],[151.25727232184667,-33.91409125819591]]]}},{"type":"Feature","properties":{"jobs":83,"pop":3338,"pointCount":6,"homeWorkCommuteMedian":7856,"workHomeCommuteMedian":5285},"geometry":{"type":"Polygon","coordinates":[[[151.25727232184667,-33.905098054558664],[151.25727232184667,-33.89610485092142],[151.2662655254839,-33.89610485092142],[151.2662655254839,-33.905098054558664],[151.25727232184667,-33.905098054558664]]]}},{"type":"Feature","properties":{"jobs":1626,"pop":5565,"pointCount":6,"homeWorkCommuteMedian":7899,"workHomeCommuteMedian":4172},"geometry":{"type":"Polygon","coordinates":[[[151.25727232184667,-33.89610485092142],[151.25727232184667,-33.88711164728417],[151.2662655254839,-33.88711164728417],[151.2662655254839,-33.89610485092142],[151.25727232184667,-33.89610485092142]]]}},{"type":"Feature","properties":{"jobs":631,"pop":2139,"pointCount":5,"homeWorkCommuteMedian":7984,"workHomeCommuteMedian":3269},"geometry":{"type":"Polygon","coordinates":[[[151.25727232184667,-33.88711164728417],[151.25727232184667,-33.878118443646926],[151.2662655254839,-33.878118443646926],[151.2662655254839,-33.88711164728417],[151.25727232184667,-33.88711164728417]]]}},{"type":"Feature","properties":{"jobs":748,"pop":1222,"pointCount":3,"homeWorkCommuteMedian":7749,"workHomeCommuteMedian":14295},"geometry":{"type":"Polygon","coordinates":[[[151.25727232184667,-33.878118443646926],[151.25727232184667,-33.86912524000968],[151.2662655254839,-33.86912524000968],[151.2662655254839,-33.878118443646926],[151.25727232184667,-33.878118443646926]]]}},{"type":"Feature","properties":{"jobs":631,"pop":0,"pointCount":1,"homeWorkCommuteMedian":-1,"workHomeCommuteMedian":3872},"geometry":{"type":"Polygon","coordinates":[[[151.25727232184667,-33.833152425460696],[151.25727232184667,-33.82415922182345],[151.2662655254839,-33.82415922182345],[151.2662655254839,-33.833152425460696],[151.25727232184667,-33.833152425460696]]]}},{"type":"Feature","properties":{"jobs":163,"pop":970,"pointCount":4,"homeWorkCommuteMedian":13367,"workHomeCommuteMedian":2556},"geometry":{"type":"Polygon","coordinates":[[[151.25727232184667,-33.815166018186204],[151.25727232184667,-33.80617281454896],[151.2662655254839,-33.80617281454896],[151.2662655254839,-33.815166018186204],[151.25727232184667,-33.815166018186204]]]}},{"type":"Feature","properties":{"jobs":178,"pop":1473,"pointCount":7,"homeWorkCommuteMedian":12465,"workHomeCommuteMedian":2038},"geometry":{"type":"Polygon","coordinates":[[[151.25727232184667,-33.80617281454896],[151.25727232184667,-33.79717961091171],[151.2662655254839,-33.79717961091171],[151.2662655254839,-33.80617281454896],[151.25727232184667,-33.80617281454896]]]}},{"type":"Feature","properties":{"jobs":1217,"pop":2053,"pointCount":4,"homeWorkCommuteMedian":12349,"workHomeCommuteMedian":7331},"geometry":{"type":"Polygon","coordinates":[[[151.25727232184667,-33.79717961091171],[151.25727232184667,-33.788186407274466],[151.2662655254839,-33.788186407274466],[151.2662655254839,-33.79717961091171],[151.25727232184667,-33.79717961091171]]]}},{"type":"Feature","properties":{"jobs":740,"pop":1598,"pointCount":5,"homeWorkCommuteMedian":13618,"workHomeCommuteMedian":10252},"geometry":{"type":"Polygon","coordinates":[[[151.25727232184667,-33.788186407274466],[151.25727232184667,-33.77919320363722],[151.2662655254839,-33.77919320363722],[151.2662655254839,-33.788186407274466],[151.25727232184667,-33.788186407274466]]]}},{"type":"Feature","properties":{"jobs":528,"pop":1527,"pointCount":6,"homeWorkCommuteMedian":13800,"workHomeCommuteMedian":8171},"geometry":{"type":"Polygon","coordinates":[[[151.25727232184667,-33.77919320363722],[151.25727232184667,-33.770199999999974],[151.2662655254839,-33.770199999999974],[151.2662655254839,-33.77919320363722],[151.25727232184667,-33.77919320363722]]]}},{"type":"Feature","properties":{"jobs":4923,"pop":1072,"pointCount":3,"homeWorkCommuteMedian":13350,"workHomeCommuteMedian":5529},"geometry":{"type":"Polygon","coordinates":[[[151.25727232184667,-33.770199999999974],[151.25727232184667,-33.76120679636273],[151.2662655254839,-33.76120679636273],[151.2662655254839,-33.770199999999974],[151.25727232184667,-33.770199999999974]]]}},{"type":"Feature","properties":{"jobs":304,"pop":1323,"pointCount":4,"homeWorkCommuteMedian":4111,"workHomeCommuteMedian":32756},"geometry":{"type":"Polygon","coordinates":[[[151.25727232184667,-33.76120679636273],[151.25727232184667,-33.75221359272548],[151.2662655254839,-33.75221359272548],[151.2662655254839,-33.76120679636273],[151.25727232184667,-33.76120679636273]]]}},{"type":"Feature","properties":{"jobs":100,"pop":981,"pointCount":4,"homeWorkCommuteMedian":13921,"workHomeCommuteMedian":2594},"geometry":{"type":"Polygon","coordinates":[[[151.25727232184667,-33.75221359272548],[151.25727232184667,-33.743220389088236],[151.2662655254839,-33.743220389088236],[151.2662655254839,-33.75221359272548],[151.25727232184667,-33.75221359272548]]]}},{"type":"Feature","properties":{"jobs":103,"pop":117,"pointCount":2,"homeWorkCommuteMedian":59862,"workHomeCommuteMedian":18472},"geometry":{"type":"Polygon","coordinates":[[[151.25727232184667,-33.743220389088236],[151.25727232184667,-33.73422718545099],[151.2662655254839,-33.73422718545099],[151.2662655254839,-33.743220389088236],[151.25727232184667,-33.743220389088236]]]}},{"type":"Feature","properties":{"jobs":0,"pop":685,"pointCount":2,"homeWorkCommuteMedian":19959,"workHomeCommuteMedian":-1},"geometry":{"type":"Polygon","coordinates":[[[151.25727232184667,-33.73422718545099],[151.25727232184667,-33.725233981813744],[151.2662655254839,-33.725233981813744],[151.2662655254839,-33.73422718545099],[151.25727232184667,-33.73422718545099]]]}},{"type":"Feature","properties":{"jobs":220,"pop":0,"pointCount":1,"homeWorkCommuteMedian":-1,"workHomeCommuteMedian":31292},"geometry":{"type":"Polygon","coordinates":[[[151.25727232184667,-33.725233981813744],[151.25727232184667,-33.7162407781765],[151.2662655254839,-33.7162407781765],[151.2662655254839,-33.725233981813744],[151.25727232184667,-33.725233981813744]]]}},{"type":"Feature","properties":{"jobs":0,"pop":81,"pointCount":1,"homeWorkCommuteMedian":16051,"workHomeCommuteMedian":-1},"geometry":{"type":"Polygon","coordinates":[[[151.25727232184667,-33.698254370902006],[151.25727232184667,-33.68926116726476],[151.2662655254839,-33.68926116726476],[151.2662655254839,-33.698254370902006],[151.25727232184667,-33.698254370902006]]]}},{"type":"Feature","properties":{"jobs":0,"pop":52,"pointCount":1,"homeWorkCommuteMedian":27105,"workHomeCommuteMedian":-1},"geometry":{"type":"Polygon","coordinates":[[[151.25727232184667,-33.680267963627514],[151.25727232184667,-33.67127475999027],[151.2662655254839,-33.67127475999027],[151.2662655254839,-33.680267963627514],[151.25727232184667,-33.680267963627514]]]}},{"type":"Feature","properties":{"jobs":0,"pop":74,"pointCount":1,"homeWorkCommuteMedian":13519,"workHomeCommuteMedian":-1},"geometry":{"type":"Polygon","coordinates":[[[151.25727232184667,-33.67127475999027],[151.25727232184667,-33.66228155635302],[151.2662655254839,-33.66228155635302],[151.2662655254839,-33.67127475999027],[151.25727232184667,-33.67127475999027]]]}},{"type":"Feature","properties":{"jobs":0,"pop":133,"pointCount":1,"homeWorkCommuteMedian":16652,"workHomeCommuteMedian":-1},"geometry":{"type":"Polygon","coordinates":[[[151.25727232184667,-33.61731553816679],[151.25727232184667,-33.60832233452955],[151.2662655254839,-33.60832233452955],[151.2662655254839,-33.61731553816679],[151.25727232184667,-33.61731553816679]]]}},{"type":"Feature","properties":{"jobs":1400,"pop":620,"pointCount":3,"homeWorkCommuteMedian":3538,"workHomeCommuteMedian":3779},"geometry":{"type":"Polygon","coordinates":[[[151.2662655254839,-33.91409125819591],[151.2662655254839,-33.905098054558664],[151.27525872912113,-33.905098054558664],[151.27525872912113,-33.91409125819591],[151.2662655254839,-33.91409125819591]]]}},{"type":"Feature","properties":{"jobs":879,"pop":2197,"pointCount":5,"homeWorkCommuteMedian":8628,"workHomeCommuteMedian":3771},"geometry":{"type":"Polygon","coordinates":[[[151.2662655254839,-33.905098054558664],[151.2662655254839,-33.89610485092142],[151.27525872912113,-33.89610485092142],[151.27525872912113,-33.905098054558664],[151.2662655254839,-33.905098054558664]]]}},{"type":"Feature","properties":{"jobs":1696,"pop":5977,"pointCount":5,"homeWorkCommuteMedian":8121,"workHomeCommuteMedian":3271},"geometry":{"type":"Polygon","coordinates":[[[151.2662655254839,-33.89610485092142],[151.2662655254839,-33.88711164728417],[151.27525872912113,-33.88711164728417],[151.27525872912113,-33.89610485092142],[151.2662655254839,-33.89610485092142]]]}},{"type":"Feature","properties":{"jobs":555,"pop":2224,"pointCount":3,"homeWorkCommuteMedian":8249,"workHomeCommuteMedian":6580},"geometry":{"type":"Polygon","coordinates":[[[151.2662655254839,-33.88711164728417],[151.2662655254839,-33.878118443646926],[151.27525872912113,-33.878118443646926],[151.27525872912113,-33.88711164728417],[151.2662655254839,-33.88711164728417]]]}},{"type":"Feature","properties":{"jobs":1580,"pop":2240,"pointCount":6,"homeWorkCommuteMedian":7710,"workHomeCommuteMedian":5785},"geometry":{"type":"Polygon","coordinates":[[[151.2662655254839,-33.878118443646926],[151.2662655254839,-33.86912524000968],[151.27525872912113,-33.86912524000968],[151.27525872912113,-33.878118443646926],[151.2662655254839,-33.878118443646926]]]}},{"type":"Feature","properties":{"jobs":457,"pop":544,"pointCount":3,"homeWorkCommuteMedian":20081,"workHomeCommuteMedian":9325},"geometry":{"type":"Polygon","coordinates":[[[151.2662655254839,-33.86912524000968],[151.2662655254839,-33.860132036372434],[151.27525872912113,-33.860132036372434],[151.27525872912113,-33.86912524000968],[151.2662655254839,-33.86912524000968]]]}},{"type":"Feature","properties":{"jobs":50,"pop":536,"pointCount":3,"homeWorkCommuteMedian":13058,"workHomeCommuteMedian":35787},"geometry":{"type":"Polygon","coordinates":[[[151.2662655254839,-33.860132036372434],[151.2662655254839,-33.85113883273519],[151.27525872912113,-33.85113883273519],[151.27525872912113,-33.860132036372434],[151.2662655254839,-33.860132036372434]]]}},{"type":"Feature","properties":{"jobs":99,"pop":0,"pointCount":1,"homeWorkCommuteMedian":-1,"workHomeCommuteMedian":16454},"geometry":{"type":"Polygon","coordinates":[[[151.2662655254839,-33.815166018186204],[151.2662655254839,-33.80617281454896],[151.27525872912113,-33.80617281454896],[151.27525872912113,-33.815166018186204],[151.2662655254839,-33.815166018186204]]]}},{"type":"Feature","properties":{"jobs":0,"pop":862,"pointCount":3,"homeWorkCommuteMedian":10980,"workHomeCommuteMedian":-1},"geometry":{"type":"Polygon","coordinates":[[[151.2662655254839,-33.80617281454896],[151.2662655254839,-33.79717961091171],[151.27525872912113,-33.79717961091171],[151.27525872912113,-33.80617281454896],[151.2662655254839,-33.80617281454896]]]}},{"type":"Feature","properties":{"jobs":1832,"pop":2808,"pointCount":6,"homeWorkCommuteMedian":15658,"workHomeCommuteMedian":6406},"geometry":{"type":"Polygon","coordinates":[[[151.2662655254839,-33.79717961091171],[151.2662655254839,-33.788186407274466],[151.27525872912113,-33.788186407274466],[151.27525872912113,-33.79717961091171],[151.2662655254839,-33.79717961091171]]]}},{"type":"Feature","properties":{"jobs":266,"pop":2153,"pointCount":3,"homeWorkCommuteMedian":5935,"workHomeCommuteMedian":7675},"geometry":{"type":"Polygon","coordinates":[[[151.2662655254839,-33.788186407274466],[151.2662655254839,-33.77919320363722],[151.27525872912113,-33.77919320363722],[151.27525872912113,-33.788186407274466],[151.2662655254839,-33.788186407274466]]]}},{"type":"Feature","properties":{"jobs":482,"pop":1055,"pointCount":3,"homeWorkCommuteMedian":16015,"workHomeCommuteMedian":3566},"geometry":{"type":"Polygon","coordinates":[[[151.2662655254839,-33.77919320363722],[151.2662655254839,-33.770199999999974],[151.27525872912113,-33.770199999999974],[151.27525872912113,-33.77919320363722],[151.2662655254839,-33.77919320363722]]]}},{"type":"Feature","properties":{"jobs":2288,"pop":475,"pointCount":2,"homeWorkCommuteMedian":3429,"workHomeCommuteMedian":4058},"geometry":{"type":"Polygon","coordinates":[[[151.2662655254839,-33.770199999999974],[151.2662655254839,-33.76120679636273],[151.27525872912113,-33.76120679636273],[151.27525872912113,-33.770199999999974],[151.2662655254839,-33.770199999999974]]]}},{"type":"Feature","properties":{"jobs":804,"pop":1201,"pointCount":5,"homeWorkCommuteMedian":4607,"workHomeCommuteMedian":9231},"geometry":{"type":"Polygon","coordinates":[[[151.2662655254839,-33.76120679636273],[151.2662655254839,-33.75221359272548],[151.27525872912113,-33.75221359272548],[151.27525872912113,-33.76120679636273],[151.2662655254839,-33.76120679636273]]]}},{"type":"Feature","properties":{"jobs":0,"pop":1350,"pointCount":7,"homeWorkCommuteMedian":11441,"workHomeCommuteMedian":-1},"geometry":{"type":"Polygon","coordinates":[[[151.2662655254839,-33.75221359272548],[151.2662655254839,-33.743220389088236],[151.27525872912113,-33.743220389088236],[151.27525872912113,-33.75221359272548],[151.2662655254839,-33.75221359272548]]]}},{"type":"Feature","properties":{"jobs":0,"pop":1503,"pointCount":6,"homeWorkCommuteMedian":9044,"workHomeCommuteMedian":-1},"geometry":{"type":"Polygon","coordinates":[[[151.2662655254839,-33.743220389088236],[151.2662655254839,-33.73422718545099],[151.27525872912113,-33.73422718545099],[151.27525872912113,-33.743220389088236],[151.2662655254839,-33.743220389088236]]]}},{"type":"Feature","properties":{"jobs":0,"pop":507,"pointCount":3,"homeWorkCommuteMedian":5665,"workHomeCommuteMedian":-1},"geometry":{"type":"Polygon","coordinates":[[[151.2662655254839,-33.73422718545099],[151.2662655254839,-33.725233981813744],[151.27525872912113,-33.725233981813744],[151.27525872912113,-33.73422718545099],[151.2662655254839,-33.73422718545099]]]}},{"type":"Feature","properties":{"jobs":263,"pop":0,"pointCount":1,"homeWorkCommuteMedian":-1,"workHomeCommuteMedian":10204},"geometry":{"type":"Polygon","coordinates":[[[151.2662655254839,-33.70724757453925],[151.2662655254839,-33.698254370902006],[151.27525872912113,-33.698254370902006],[151.27525872912113,-33.70724757453925],[151.2662655254839,-33.70724757453925]]]}},{"type":"Feature","properties":{"jobs":0,"pop":103,"pointCount":1,"homeWorkCommuteMedian":4148,"workHomeCommuteMedian":-1},"geometry":{"type":"Polygon","coordinates":[[[151.2662655254839,-33.68926116726476],[151.2662655254839,-33.680267963627514],[151.27525872912113,-33.680267963627514],[151.27525872912113,-33.68926116726476],[151.2662655254839,-33.68926116726476]]]}},{"type":"Feature","properties":{"jobs":66,"pop":63,"pointCount":1,"homeWorkCommuteMedian":18801,"workHomeCommuteMedian":3870},"geometry":{"type":"Polygon","coordinates":[[[151.2662655254839,-33.67127475999027],[151.2662655254839,-33.66228155635302],[151.27525872912113,-33.66228155635302],[151.27525872912113,-33.67127475999027],[151.2662655254839,-33.67127475999027]]]}},{"type":"Feature","properties":{"jobs":817,"pop":1271,"pointCount":3,"homeWorkCommuteMedian":9451,"workHomeCommuteMedian":2883},"geometry":{"type":"Polygon","coordinates":[[[151.27525872912113,-33.89610485092142],[151.27525872912113,-33.88711164728417],[151.28425193275837,-33.88711164728417],[151.28425193275837,-33.89610485092142],[151.27525872912113,-33.89610485092142]]]}},{"type":"Feature","properties":{"jobs":1018,"pop":4347,"pointCount":5,"homeWorkCommuteMedian":9416,"workHomeCommuteMedian":1799},"geometry":{"type":"Polygon","coordinates":[[[151.27525872912113,-33.88711164728417],[151.27525872912113,-33.878118443646926],[151.28425193275837,-33.878118443646926],[151.28425193275837,-33.88711164728417],[151.27525872912113,-33.88711164728417]]]}},{"type":"Feature","properties":{"jobs":980,"pop":1608,"pointCount":6,"homeWorkCommuteMedian":10722,"workHomeCommuteMedian":2731},"geometry":{"type":"Polygon","coordinates":[[[151.27525872912113,-33.878118443646926],[151.27525872912113,-33.86912524000968],[151.28425193275837,-33.86912524000968],[151.28425193275837,-33.878118443646926],[151.27525872912113,-33.878118443646926]]]}},{"type":"Feature","properties":{"jobs":417,"pop":2483,"pointCount":7,"homeWorkCommuteMedian":8517,"workHomeCommuteMedian":18272},"geometry":{"type":"Polygon","coordinates":[[[151.27525872912113,-33.86912524000968],[151.27525872912113,-33.860132036372434],[151.28425193275837,-33.860132036372434],[151.28425193275837,-33.86912524000968],[151.27525872912113,-33.86912524000968]]]}},{"type":"Feature","properties":{"jobs":675,"pop":1516,"pointCount":6,"homeWorkCommuteMedian":6319,"workHomeCommuteMedian":13788},"geometry":{"type":"Polygon","coordinates":[[[151.27525872912113,-33.860132036372434],[151.27525872912113,-33.85113883273519],[151.28425193275837,-33.85113883273519],[151.28425193275837,-33.860132036372434],[151.27525872912113,-33.860132036372434]]]}},{"type":"Feature","properties":{"jobs":337,"pop":996,"pointCount":4,"homeWorkCommuteMedian":11566,"workHomeCommuteMedian":15692},"geometry":{"type":"Polygon","coordinates":[[[151.27525872912113,-33.85113883273519],[151.27525872912113,-33.84214562909794],[151.28425193275837,-33.84214562909794],[151.28425193275837,-33.85113883273519],[151.27525872912113,-33.85113883273519]]]}},{"type":"Feature","properties":{"jobs":420,"pop":368,"pointCount":2,"homeWorkCommuteMedian":23238,"workHomeCommuteMedian":4287},"geometry":{"type":"Polygon","coordinates":[[[151.27525872912113,-33.84214562909794],[151.27525872912113,-33.833152425460696],[151.28425193275837,-33.833152425460696],[151.28425193275837,-33.84214562909794],[151.27525872912113,-33.84214562909794]]]}},{"type":"Feature","properties":{"jobs":244,"pop":222,"pointCount":1,"homeWorkCommuteMedian":17960,"workHomeCommuteMedian":32209},"geometry":{"type":"Polygon","coordinates":[[[151.27525872912113,-33.815166018186204],[151.27525872912113,-33.80617281454896],[151.28425193275837,-33.80617281454896],[151.28425193275837,-33.815166018186204],[151.27525872912113,-33.815166018186204]]]}},{"type":"Feature","properties":{"jobs":211,"pop":1205,"pointCount":1,"homeWorkCommuteMedian":15232,"workHomeCommuteMedian":5039},"geometry":{"type":"Polygon","coordinates":[[[151.27525872912113,-33.80617281454896],[151.27525872912113,-33.79717961091171],[151.28425193275837,-33.79717961091171],[151.28425193275837,-33.80617281454896],[151.27525872912113,-33.80617281454896]]]}},{"type":"Feature","properties":{"jobs":2707,"pop":3890,"pointCount":7,"homeWorkCommuteMedian":14274,"workHomeCommuteMedian":7473},"geometry":{"type":"Polygon","coordinates":[[[151.27525872912113,-33.79717961091171],[151.27525872912113,-33.788186407274466],[151.28425193275837,-33.788186407274466],[151.28425193275837,-33.79717961091171],[151.27525872912113,-33.79717961091171]]]}},{"type":"Feature","properties":{"jobs":1188,"pop":1684,"pointCount":5,"homeWorkCommuteMedian":9512,"workHomeCommuteMedian":8458},"geometry":{"type":"Polygon","coordinates":[[[151.27525872912113,-33.788186407274466],[151.27525872912113,-33.77919320363722],[151.28425193275837,-33.77919320363722],[151.28425193275837,-33.788186407274466],[151.27525872912113,-33.788186407274466]]]}},{"type":"Feature","properties":{"jobs":1398,"pop":2803,"pointCount":6,"homeWorkCommuteMedian":16536,"workHomeCommuteMedian":6018},"geometry":{"type":"Polygon","coordinates":[[[151.27525872912113,-33.77919320363722],[151.27525872912113,-33.770199999999974],[151.28425193275837,-33.770199999999974],[151.28425193275837,-33.77919320363722],[151.27525872912113,-33.77919320363722]]]}},{"type":"Feature","properties":{"jobs":3555,"pop":346,"pointCount":4,"homeWorkCommuteMedian":10185,"workHomeCommuteMedian":4412},"geometry":{"type":"Polygon","coordinates":[[[151.27525872912113,-33.770199999999974],[151.27525872912113,-33.76120679636273],[151.28425193275837,-33.76120679636273],[151.28425193275837,-33.770199999999974],[151.27525872912113,-33.770199999999974]]]}},{"type":"Feature","properties":{"jobs":732,"pop":2400,"pointCount":6,"homeWorkCommuteMedian":17124,"workHomeCommuteMedian":18088},"geometry":{"type":"Polygon","coordinates":[[[151.27525872912113,-33.76120679636273],[151.27525872912113,-33.75221359272548],[151.28425193275837,-33.75221359272548],[151.28425193275837,-33.76120679636273],[151.27525872912113,-33.76120679636273]]]}},{"type":"Feature","properties":{"jobs":753,"pop":1913,"pointCount":6,"homeWorkCommuteMedian":4181,"workHomeCommuteMedian":2892},"geometry":{"type":"Polygon","coordinates":[[[151.27525872912113,-33.75221359272548],[151.27525872912113,-33.743220389088236],[151.28425193275837,-33.743220389088236],[151.28425193275837,-33.75221359272548],[151.27525872912113,-33.75221359272548]]]}},{"type":"Feature","properties":{"jobs":0,"pop":1029,"pointCount":5,"homeWorkCommuteMedian":6515,"workHomeCommuteMedian":-1},"geometry":{"type":"Polygon","coordinates":[[[151.27525872912113,-33.743220389088236],[151.27525872912113,-33.73422718545099],[151.28425193275837,-33.73422718545099],[151.28425193275837,-33.743220389088236],[151.27525872912113,-33.743220389088236]]]}},{"type":"Feature","properties":{"jobs":717,"pop":1388,"pointCount":4,"homeWorkCommuteMedian":10314,"workHomeCommuteMedian":2916},"geometry":{"type":"Polygon","coordinates":[[[151.27525872912113,-33.73422718545099],[151.27525872912113,-33.725233981813744],[151.28425193275837,-33.725233981813744],[151.28425193275837,-33.73422718545099],[151.27525872912113,-33.73422718545099]]]}},{"type":"Feature","properties":{"jobs":0,"pop":223,"pointCount":1,"homeWorkCommuteMedian":8171,"workHomeCommuteMedian":-1},"geometry":{"type":"Polygon","coordinates":[[[151.27525872912113,-33.725233981813744],[151.27525872912113,-33.7162407781765],[151.28425193275837,-33.7162407781765],[151.28425193275837,-33.725233981813744],[151.27525872912113,-33.725233981813744]]]}},{"type":"Feature","properties":{"jobs":266,"pop":1372,"pointCount":5,"homeWorkCommuteMedian":10773,"workHomeCommuteMedian":68984},"geometry":{"type":"Polygon","coordinates":[[[151.27525872912113,-33.70724757453925],[151.27525872912113,-33.698254370902006],[151.28425193275837,-33.698254370902006],[151.28425193275837,-33.70724757453925],[151.27525872912113,-33.70724757453925]]]}},{"type":"Feature","properties":{"jobs":0,"pop":601,"pointCount":3,"homeWorkCommuteMedian":24221,"workHomeCommuteMedian":-1},"geometry":{"type":"Polygon","coordinates":[[[151.27525872912113,-33.698254370902006],[151.27525872912113,-33.68926116726476],[151.28425193275837,-33.68926116726476],[151.28425193275837,-33.698254370902006],[151.27525872912113,-33.698254370902006]]]}},{"type":"Feature","properties":{"jobs":200,"pop":66,"pointCount":1,"homeWorkCommuteMedian":3870,"workHomeCommuteMedian":13279},"geometry":{"type":"Polygon","coordinates":[[[151.27525872912113,-33.68926116726476],[151.27525872912113,-33.680267963627514],[151.28425193275837,-33.680267963627514],[151.28425193275837,-33.68926116726476],[151.27525872912113,-33.68926116726476]]]}},{"type":"Feature","properties":{"jobs":112,"pop":282,"pointCount":2,"homeWorkCommuteMedian":40188,"workHomeCommuteMedian":3565},"geometry":{"type":"Polygon","coordinates":[[[151.27525872912113,-33.66228155635302],[151.27525872912113,-33.65328835271578],[151.28425193275837,-33.65328835271578],[151.28425193275837,-33.66228155635302],[151.27525872912113,-33.66228155635302]]]}},{"type":"Feature","properties":{"jobs":298,"pop":270,"pointCount":1,"homeWorkCommuteMedian":22289,"workHomeCommuteMedian":13965},"geometry":{"type":"Polygon","coordinates":[[[151.27525872912113,-33.65328835271578],[151.27525872912113,-33.64429514907853],[151.28425193275837,-33.64429514907853],[151.28425193275837,-33.65328835271578],[151.27525872912113,-33.65328835271578]]]}},{"type":"Feature","properties":{"jobs":0,"pop":121,"pointCount":1,"homeWorkCommuteMedian":5959,"workHomeCommuteMedian":-1},"geometry":{"type":"Polygon","coordinates":[[[151.28425193275837,-33.860132036372434],[151.28425193275837,-33.85113883273519],[151.2932451363956,-33.85113883273519],[151.2932451363956,-33.860132036372434],[151.28425193275837,-33.860132036372434]]]}},{"type":"Feature","properties":{"jobs":419,"pop":190,"pointCount":1,"homeWorkCommuteMedian":12038,"workHomeCommuteMedian":12534},"geometry":{"type":"Polygon","coordinates":[[[151.28425193275837,-33.85113883273519],[151.28425193275837,-33.84214562909794],[151.2932451363956,-33.84214562909794],[151.2932451363956,-33.85113883273519],[151.28425193275837,-33.85113883273519]]]}},{"type":"Feature","properties":{"jobs":0,"pop":144,"pointCount":1,"homeWorkCommuteMedian":15533,"workHomeCommuteMedian":-1},"geometry":{"type":"Polygon","coordinates":[[[151.28425193275837,-33.815166018186204],[151.28425193275837,-33.80617281454896],[151.2932451363956,-33.80617281454896],[151.2932451363956,-33.815166018186204],[151.28425193275837,-33.815166018186204]]]}},{"type":"Feature","properties":{"jobs":2276,"pop":2874,"pointCount":4,"homeWorkCommuteMedian":15649,"workHomeCommuteMedian":6828},"geometry":{"type":"Polygon","coordinates":[[[151.28425193275837,-33.80617281454896],[151.28425193275837,-33.79717961091171],[151.2932451363956,-33.79717961091171],[151.2932451363956,-33.80617281454896],[151.28425193275837,-33.80617281454896]]]}},{"type":"Feature","properties":{"jobs":1068,"pop":1324,"pointCount":3,"homeWorkCommuteMedian":10774,"workHomeCommuteMedian":5536},"geometry":{"type":"Polygon","coordinates":[[[151.28425193275837,-33.79717961091171],[151.28425193275837,-33.788186407274466],[151.2932451363956,-33.788186407274466],[151.2932451363956,-33.79717961091171],[151.28425193275837,-33.79717961091171]]]}},{"type":"Feature","properties":{"jobs":789,"pop":2559,"pointCount":4,"homeWorkCommuteMedian":15524,"workHomeCommuteMedian":21350},"geometry":{"type":"Polygon","coordinates":[[[151.28425193275837,-33.788186407274466],[151.28425193275837,-33.77919320363722],[151.2932451363956,-33.77919320363722],[151.2932451363956,-33.788186407274466],[151.28425193275837,-33.788186407274466]]]}},{"type":"Feature","properties":{"jobs":353,"pop":1927,"pointCount":5,"homeWorkCommuteMedian":17004,"workHomeCommuteMedian":8574},"geometry":{"type":"Polygon","coordinates":[[[151.28425193275837,-33.77919320363722],[151.28425193275837,-33.770199999999974],[151.2932451363956,-33.770199999999974],[151.2932451363956,-33.77919320363722],[151.28425193275837,-33.77919320363722]]]}},{"type":"Feature","properties":{"jobs":475,"pop":1825,"pointCount":6,"homeWorkCommuteMedian":12336,"workHomeCommuteMedian":10010},"geometry":{"type":"Polygon","coordinates":[[[151.28425193275837,-33.770199999999974],[151.28425193275837,-33.76120679636273],[151.2932451363956,-33.76120679636273],[151.2932451363956,-33.770199999999974],[151.28425193275837,-33.770199999999974]]]}},{"type":"Feature","properties":{"jobs":2185,"pop":5853,"pointCount":5,"homeWorkCommuteMedian":12721,"workHomeCommuteMedian":4364},"geometry":{"type":"Polygon","coordinates":[[[151.28425193275837,-33.76120679636273],[151.28425193275837,-33.75221359272548],[151.2932451363956,-33.75221359272548],[151.2932451363956,-33.76120679636273],[151.28425193275837,-33.76120679636273]]]}},{"type":"Feature","properties":{"jobs":2010,"pop":3142,"pointCount":3,"homeWorkCommuteMedian":9957,"workHomeCommuteMedian":4244},"geometry":{"type":"Polygon","coordinates":[[[151.28425193275837,-33.75221359272548],[151.28425193275837,-33.743220389088236],[151.2932451363956,-33.743220389088236],[151.2932451363956,-33.75221359272548],[151.28425193275837,-33.75221359272548]]]}},{"type":"Feature","properties":{"jobs":2174,"pop":754,"pointCount":5,"homeWorkCommuteMedian":6728,"workHomeCommuteMedian":5346},"geometry":{"type":"Polygon","coordinates":[[[151.28425193275837,-33.743220389088236],[151.28425193275837,-33.73422718545099],[151.2932451363956,-33.73422718545099],[151.2932451363956,-33.743220389088236],[151.28425193275837,-33.743220389088236]]]}},{"type":"Feature","properties":{"jobs":303,"pop":1892,"pointCount":6,"homeWorkCommuteMedian":24683,"workHomeCommuteMedian":18738},"geometry":{"type":"Polygon","coordinates":[[[151.28425193275837,-33.73422718545099],[151.28425193275837,-33.725233981813744],[151.2932451363956,-33.725233981813744],[151.2932451363956,-33.73422718545099],[151.28425193275837,-33.73422718545099]]]}},{"type":"Feature","properties":{"jobs":564,"pop":511,"pointCount":3,"homeWorkCommuteMedian":4760,"workHomeCommuteMedian":15885},"geometry":{"type":"Polygon","coordinates":[[[151.28425193275837,-33.725233981813744],[151.28425193275837,-33.7162407781765],[151.2932451363956,-33.7162407781765],[151.2932451363956,-33.725233981813744],[151.28425193275837,-33.725233981813744]]]}},{"type":"Feature","properties":{"jobs":115,"pop":358,"pointCount":1,"homeWorkCommuteMedian":27359,"workHomeCommuteMedian":12349},"geometry":{"type":"Polygon","coordinates":[[[151.28425193275837,-33.7162407781765],[151.28425193275837,-33.70724757453925],[151.2932451363956,-33.70724757453925],[151.2932451363956,-33.7162407781765],[151.28425193275837,-33.7162407781765]]]}},{"type":"Feature","properties":{"jobs":649,"pop":1013,"pointCount":4,"homeWorkCommuteMedian":6828,"workHomeCommuteMedian":6507},"geometry":{"type":"Polygon","coordinates":[[[151.28425193275837,-33.70724757453925],[151.28425193275837,-33.698254370902006],[151.2932451363956,-33.698254370902006],[151.2932451363956,-33.70724757453925],[151.28425193275837,-33.70724757453925]]]}},{"type":"Feature","properties":{"jobs":515,"pop":1338,"pointCount":6,"homeWorkCommuteMedian":22847,"workHomeCommuteMedian":16676},"geometry":{"type":"Polygon","coordinates":[[[151.28425193275837,-33.698254370902006],[151.28425193275837,-33.68926116726476],[151.2932451363956,-33.68926116726476],[151.2932451363956,-33.698254370902006],[151.28425193275837,-33.698254370902006]]]}},{"type":"Feature","properties":{"jobs":801,"pop":1149,"pointCount":5,"homeWorkCommuteMedian":17490,"workHomeCommuteMedian":16756},"geometry":{"type":"Polygon","coordinates":[[[151.28425193275837,-33.68926116726476],[151.28425193275837,-33.680267963627514],[151.2932451363956,-33.680267963627514],[151.2932451363956,-33.68926116726476],[151.28425193275837,-33.68926116726476]]]}},{"type":"Feature","properties":{"jobs":1582,"pop":769,"pointCount":3,"homeWorkCommuteMedian":16650,"workHomeCommuteMedian":10694},"geometry":{"type":"Polygon","coordinates":[[[151.28425193275837,-33.680267963627514],[151.28425193275837,-33.67127475999027],[151.2932451363956,-33.67127475999027],[151.2932451363956,-33.680267963627514],[151.28425193275837,-33.680267963627514]]]}},{"type":"Feature","properties":{"jobs":229,"pop":231,"pointCount":2,"homeWorkCommuteMedian":34518,"workHomeCommuteMedian":49364},"geometry":{"type":"Polygon","coordinates":[[[151.28425193275837,-33.67127475999027],[151.28425193275837,-33.66228155635302],[151.2932451363956,-33.66228155635302],[151.2932451363956,-33.67127475999027],[151.28425193275837,-33.67127475999027]]]}},{"type":"Feature","properties":{"jobs":131,"pop":287,"pointCount":2,"homeWorkCommuteMedian":80421,"workHomeCommuteMedian":8091},"geometry":{"type":"Polygon","coordinates":[[[151.28425193275837,-33.66228155635302],[151.28425193275837,-33.65328835271578],[151.2932451363956,-33.65328835271578],[151.2932451363956,-33.66228155635302],[151.28425193275837,-33.66228155635302]]]}},{"type":"Feature","properties":{"jobs":0,"pop":103,"pointCount":1,"homeWorkCommuteMedian":3103,"workHomeCommuteMedian":-1},"geometry":{"type":"Polygon","coordinates":[[[151.28425193275837,-33.65328835271578],[151.28425193275837,-33.64429514907853],[151.2932451363956,-33.64429514907853],[151.2932451363956,-33.65328835271578],[151.28425193275837,-33.65328835271578]]]}},{"type":"Feature","properties":{"jobs":239,"pop":313,"pointCount":1,"homeWorkCommuteMedian":5415,"workHomeCommuteMedian":10504},"geometry":{"type":"Polygon","coordinates":[[[151.28425193275837,-33.64429514907853],[151.28425193275837,-33.635301945441284],[151.2932451363956,-33.635301945441284],[151.2932451363956,-33.64429514907853],[151.28425193275837,-33.64429514907853]]]}},{"type":"Feature","properties":{"jobs":403,"pop":66,"pointCount":1,"homeWorkCommuteMedian":10184,"workHomeCommuteMedian":5935},"geometry":{"type":"Polygon","coordinates":[[[151.2932451363956,-33.815166018186204],[151.2932451363956,-33.80617281454896],[151.30223834003283,-33.80617281454896],[151.30223834003283,-33.815166018186204],[151.2932451363956,-33.815166018186204]]]}},{"type":"Feature","properties":{"jobs":235,"pop":216,"pointCount":2,"homeWorkCommuteMedian":24840,"workHomeCommuteMedian":22289},"geometry":{"type":"Polygon","coordinates":[[[151.2932451363956,-33.80617281454896],[151.2932451363956,-33.79717961091171],[151.30223834003283,-33.79717961091171],[151.30223834003283,-33.80617281454896],[151.2932451363956,-33.80617281454896]]]}},{"type":"Feature","properties":{"jobs":121,"pop":173,"pointCount":1,"homeWorkCommuteMedian":21064,"workHomeCommuteMedian":36833},"geometry":{"type":"Polygon","coordinates":[[[151.2932451363956,-33.77919320363722],[151.2932451363956,-33.770199999999974],[151.30223834003283,-33.770199999999974],[151.30223834003283,-33.77919320363722],[151.2932451363956,-33.77919320363722]]]}},{"type":"Feature","properties":{"jobs":219,"pop":530,"pointCount":2,"homeWorkCommuteMedian":18840,"workHomeCommuteMedian":3075},"geometry":{"type":"Polygon","coordinates":[[[151.2932451363956,-33.770199999999974],[151.2932451363956,-33.76120679636273],[151.30223834003283,-33.76120679636273],[151.30223834003283,-33.770199999999974],[151.2932451363956,-33.770199999999974]]]}},{"type":"Feature","properties":{"jobs":363,"pop":2076,"pointCount":4,"homeWorkCommuteMedian":10459,"workHomeCommuteMedian":13519},"geometry":{"type":"Polygon","coordinates":[[[151.2932451363956,-33.76120679636273],[151.2932451363956,-33.75221359272548],[151.30223834003283,-33.75221359272548],[151.30223834003283,-33.76120679636273],[151.2932451363956,-33.76120679636273]]]}},{"type":"Feature","properties":{"jobs":338,"pop":447,"pointCount":2,"homeWorkCommuteMedian":16267,"workHomeCommuteMedian":6540},"geometry":{"type":"Polygon","coordinates":[[[151.2932451363956,-33.75221359272548],[151.2932451363956,-33.743220389088236],[151.30223834003283,-33.743220389088236],[151.30223834003283,-33.75221359272548],[151.2932451363956,-33.75221359272548]]]}},{"type":"Feature","properties":{"jobs":643,"pop":1316,"pointCount":5,"homeWorkCommuteMedian":9102,"workHomeCommuteMedian":7676},"geometry":{"type":"Polygon","coordinates":[[[151.2932451363956,-33.743220389088236],[151.2932451363956,-33.73422718545099],[151.30223834003283,-33.73422718545099],[151.30223834003283,-33.743220389088236],[151.2932451363956,-33.743220389088236]]]}},{"type":"Feature","properties":{"jobs":775,"pop":2645,"pointCount":4,"homeWorkCommuteMedian":8458,"workHomeCommuteMedian":2421},"geometry":{"type":"Polygon","coordinates":[[[151.2932451363956,-33.73422718545099],[151.2932451363956,-33.725233981813744],[151.30223834003283,-33.725233981813744],[151.30223834003283,-33.73422718545099],[151.2932451363956,-33.73422718545099]]]}},{"type":"Feature","properties":{"jobs":304,"pop":1476,"pointCount":3,"homeWorkCommuteMedian":11968,"workHomeCommuteMedian":4652},"geometry":{"type":"Polygon","coordinates":[[[151.2932451363956,-33.725233981813744],[151.2932451363956,-33.7162407781765],[151.30223834003283,-33.7162407781765],[151.30223834003283,-33.725233981813744],[151.2932451363956,-33.725233981813744]]]}},{"type":"Feature","properties":{"jobs":218,"pop":2122,"pointCount":6,"homeWorkCommuteMedian":19025,"workHomeCommuteMedian":6515},"geometry":{"type":"Polygon","coordinates":[[[151.2932451363956,-33.7162407781765],[151.2932451363956,-33.70724757453925],[151.30223834003283,-33.70724757453925],[151.30223834003283,-33.7162407781765],[151.2932451363956,-33.7162407781765]]]}},{"type":"Feature","properties":{"jobs":640,"pop":353,"pointCount":2,"homeWorkCommuteMedian":5438,"workHomeCommuteMedian":2600},"geometry":{"type":"Polygon","coordinates":[[[151.2932451363956,-33.70724757453925],[151.2932451363956,-33.698254370902006],[151.30223834003283,-33.698254370902006],[151.30223834003283,-33.70724757453925],[151.2932451363956,-33.70724757453925]]]}},{"type":"Feature","properties":{"jobs":1293,"pop":860,"pointCount":3,"homeWorkCommuteMedian":27084,"workHomeCommuteMedian":9287},"geometry":{"type":"Polygon","coordinates":[[[151.2932451363956,-33.698254370902006],[151.2932451363956,-33.68926116726476],[151.30223834003283,-33.68926116726476],[151.30223834003283,-33.698254370902006],[151.2932451363956,-33.698254370902006]]]}},{"type":"Feature","properties":{"jobs":1037,"pop":1010,"pointCount":4,"homeWorkCommuteMedian":22592,"workHomeCommuteMedian":5861},"geometry":{"type":"Polygon","coordinates":[[[151.2932451363956,-33.68926116726476],[151.2932451363956,-33.680267963627514],[151.30223834003283,-33.680267963627514],[151.30223834003283,-33.68926116726476],[151.2932451363956,-33.68926116726476]]]}},{"type":"Feature","properties":{"jobs":2632,"pop":1237,"pointCount":5,"homeWorkCommuteMedian":14372,"workHomeCommuteMedian":10268},"geometry":{"type":"Polygon","coordinates":[[[151.2932451363956,-33.680267963627514],[151.2932451363956,-33.67127475999027],[151.30223834003283,-33.67127475999027],[151.30223834003283,-33.680267963627514],[151.2932451363956,-33.680267963627514]]]}},{"type":"Feature","properties":{"jobs":415,"pop":365,"pointCount":2,"homeWorkCommuteMedian":4139,"workHomeCommuteMedian":8384},"geometry":{"type":"Polygon","coordinates":[[[151.2932451363956,-33.67127475999027],[151.2932451363956,-33.66228155635302],[151.30223834003283,-33.66228155635302],[151.30223834003283,-33.67127475999027],[151.2932451363956,-33.67127475999027]]]}},{"type":"Feature","properties":{"jobs":0,"pop":362,"pointCount":2,"homeWorkCommuteMedian":62845,"workHomeCommuteMedian":-1},"geometry":{"type":"Polygon","coordinates":[[[151.2932451363956,-33.66228155635302],[151.2932451363956,-33.65328835271578],[151.30223834003283,-33.65328835271578],[151.30223834003283,-33.66228155635302],[151.2932451363956,-33.66228155635302]]]}},{"type":"Feature","properties":{"jobs":200,"pop":251,"pointCount":3,"homeWorkCommuteMedian":39463,"workHomeCommuteMedian":5438},"geometry":{"type":"Polygon","coordinates":[[[151.30223834003283,-33.743220389088236],[151.30223834003283,-33.73422718545099],[151.31123154367006,-33.73422718545099],[151.31123154367006,-33.743220389088236],[151.30223834003283,-33.743220389088236]]]}},{"type":"Feature","properties":{"jobs":738,"pop":592,"pointCount":2,"homeWorkCommuteMedian":3126,"workHomeCommuteMedian":14357},"geometry":{"type":"Polygon","coordinates":[[[151.30223834003283,-33.70724757453925],[151.30223834003283,-33.698254370902006],[151.31123154367006,-33.698254370902006],[151.31123154367006,-33.70724757453925],[151.30223834003283,-33.70724757453925]]]}},{"type":"Feature","properties":{"jobs":611,"pop":501,"pointCount":3,"homeWorkCommuteMedian":7861,"workHomeCommuteMedian":7914},"geometry":{"type":"Polygon","coordinates":[[[151.30223834003283,-33.698254370902006],[151.30223834003283,-33.68926116726476],[151.31123154367006,-33.68926116726476],[151.31123154367006,-33.698254370902006],[151.30223834003283,-33.698254370902006]]]}},{"type":"Feature","properties":{"jobs":1264,"pop":466,"pointCount":4,"homeWorkCommuteMedian":29725,"workHomeCommuteMedian":5582},"geometry":{"type":"Polygon","coordinates":[[[151.30223834003283,-33.68926116726476],[151.30223834003283,-33.680267963627514],[151.31123154367006,-33.680267963627514],[151.31123154367006,-33.68926116726476],[151.30223834003283,-33.68926116726476]]]}},{"type":"Feature","properties":{"jobs":1872,"pop":709,"pointCount":3,"homeWorkCommuteMedian":25752,"workHomeCommuteMedian":6688},"geometry":{"type":"Polygon","coordinates":[[[151.30223834003283,-33.680267963627514],[151.30223834003283,-33.67127475999027],[151.31123154367006,-33.67127475999027],[151.31123154367006,-33.680267963627514],[151.30223834003283,-33.680267963627514]]]}},{"type":"Feature","properties":{"jobs":485,"pop":820,"pointCount":3,"homeWorkCommuteMedian":3723,"workHomeCommuteMedian":7418},"geometry":{"type":"Polygon","coordinates":[[[151.30223834003283,-33.67127475999027],[151.30223834003283,-33.66228155635302],[151.31123154367006,-33.66228155635302],[151.31123154367006,-33.67127475999027],[151.30223834003283,-33.67127475999027]]]}},{"type":"Feature","properties":{"jobs":698,"pop":818,"pointCount":3,"homeWorkCommuteMedian":17560,"workHomeCommuteMedian":3135},"geometry":{"type":"Polygon","coordinates":[[[151.30223834003283,-33.66228155635302],[151.30223834003283,-33.65328835271578],[151.31123154367006,-33.65328835271578],[151.31123154367006,-33.66228155635302],[151.30223834003283,-33.66228155635302]]]}},{"type":"Feature","properties":{"jobs":150,"pop":570,"pointCount":5,"homeWorkCommuteMedian":16482,"workHomeCommuteMedian":5634},"geometry":{"type":"Polygon","coordinates":[[[151.30223834003283,-33.65328835271578],[151.30223834003283,-33.64429514907853],[151.31123154367006,-33.64429514907853],[151.31123154367006,-33.65328835271578],[151.30223834003283,-33.65328835271578]]]}},{"type":"Feature","properties":{"jobs":101,"pop":403,"pointCount":2,"homeWorkCommuteMedian":48316,"workHomeCommuteMedian":4771},"geometry":{"type":"Polygon","coordinates":[[[151.30223834003283,-33.64429514907853],[151.30223834003283,-33.635301945441284],[151.31123154367006,-33.635301945441284],[151.31123154367006,-33.64429514907853],[151.30223834003283,-33.64429514907853]]]}},{"type":"Feature","properties":{"jobs":174,"pop":976,"pointCount":4,"homeWorkCommuteMedian":12973,"workHomeCommuteMedian":2715},"geometry":{"type":"Polygon","coordinates":[[[151.31123154367006,-33.680267963627514],[151.31123154367006,-33.67127475999027],[151.3202247473073,-33.67127475999027],[151.3202247473073,-33.680267963627514],[151.31123154367006,-33.680267963627514]]]}},{"type":"Feature","properties":{"jobs":324,"pop":585,"pointCount":3,"homeWorkCommuteMedian":3695,"workHomeCommuteMedian":4649},"geometry":{"type":"Polygon","coordinates":[[[151.31123154367006,-33.67127475999027],[151.31123154367006,-33.66228155635302],[151.3202247473073,-33.66228155635302],[151.3202247473073,-33.67127475999027],[151.31123154367006,-33.67127475999027]]]}},{"type":"Feature","properties":{"jobs":588,"pop":1479,"pointCount":6,"homeWorkCommuteMedian":6389,"workHomeCommuteMedian":3341},"geometry":{"type":"Polygon","coordinates":[[[151.31123154367006,-33.66228155635302],[151.31123154367006,-33.65328835271578],[151.3202247473073,-33.65328835271578],[151.3202247473073,-33.66228155635302],[151.31123154367006,-33.66228155635302]]]}},{"type":"Feature","properties":{"jobs":495,"pop":1252,"pointCount":5,"homeWorkCommuteMedian":19958,"workHomeCommuteMedian":41512},"geometry":{"type":"Polygon","coordinates":[[[151.31123154367006,-33.65328835271578],[151.31123154367006,-33.64429514907853],[151.3202247473073,-33.64429514907853],[151.3202247473073,-33.65328835271578],[151.31123154367006,-33.65328835271578]]]}},{"type":"Feature","properties":{"jobs":316,"pop":620,"pointCount":4,"homeWorkCommuteMedian":29136,"workHomeCommuteMedian":5986},"geometry":{"type":"Polygon","coordinates":[[[151.31123154367006,-33.64429514907853],[151.31123154367006,-33.635301945441284],[151.3202247473073,-33.635301945441284],[151.3202247473073,-33.64429514907853],[151.31123154367006,-33.64429514907853]]]}},{"type":"Feature","properties":{"jobs":260,"pop":629,"pointCount":3,"homeWorkCommuteMedian":10528,"workHomeCommuteMedian":44866},"geometry":{"type":"Polygon","coordinates":[[[151.31123154367006,-33.635301945441284],[151.31123154367006,-33.62630874180404],[151.3202247473073,-33.62630874180404],[151.3202247473073,-33.635301945441284],[151.31123154367006,-33.635301945441284]]]}},{"type":"Feature","properties":{"jobs":96,"pop":300,"pointCount":2,"homeWorkCommuteMedian":22380,"workHomeCommuteMedian":24615},"geometry":{"type":"Polygon","coordinates":[[[151.31123154367006,-33.62630874180404],[151.31123154367006,-33.61731553816679],[151.3202247473073,-33.61731553816679],[151.3202247473073,-33.62630874180404],[151.31123154367006,-33.62630874180404]]]}},{"type":"Feature","properties":{"jobs":206,"pop":815,"pointCount":3,"homeWorkCommuteMedian":25118,"workHomeCommuteMedian":6409},"geometry":{"type":"Polygon","coordinates":[[[151.3202247473073,-33.66228155635302],[151.3202247473073,-33.65328835271578],[151.32921795094452,-33.65328835271578],[151.32921795094452,-33.66228155635302],[151.3202247473073,-33.66228155635302]]]}},{"type":"Feature","properties":{"jobs":0,"pop":198,"pointCount":1,"homeWorkCommuteMedian":26997,"workHomeCommuteMedian":-1},"geometry":{"type":"Polygon","coordinates":[[[151.3202247473073,-33.65328835271578],[151.3202247473073,-33.64429514907853],[151.32921795094452,-33.64429514907853],[151.32921795094452,-33.65328835271578],[151.3202247473073,-33.65328835271578]]]}},{"type":"Feature","properties":{"jobs":603,"pop":870,"pointCount":4,"homeWorkCommuteMedian":4649,"workHomeCommuteMedian":16920},"geometry":{"type":"Polygon","coordinates":[[[151.3202247473073,-33.64429514907853],[151.3202247473073,-33.635301945441284],[151.32921795094452,-33.635301945441284],[151.32921795094452,-33.64429514907853],[151.3202247473073,-33.64429514907853]]]}},{"type":"Feature","properties":{"jobs":771,"pop":920,"pointCount":4,"homeWorkCommuteMedian":19681,"workHomeCommuteMedian":23376},"geometry":{"type":"Polygon","coordinates":[[[151.3202247473073,-33.635301945441284],[151.3202247473073,-33.62630874180404],[151.32921795094452,-33.62630874180404],[151.32921795094452,-33.635301945441284],[151.3202247473073,-33.635301945441284]]]}},{"type":"Feature","properties":{"jobs":0,"pop":329,"pointCount":2,"homeWorkCommuteMedian":37727,"workHomeCommuteMedian":-1},"geometry":{"type":"Polygon","coordinates":[[[151.3202247473073,-33.62630874180404],[151.3202247473073,-33.61731553816679],[151.32921795094452,-33.61731553816679],[151.32921795094452,-33.62630874180404],[151.3202247473073,-33.62630874180404]]]}},{"type":"Feature","properties":{"jobs":0,"pop":175,"pointCount":1,"homeWorkCommuteMedian":2962,"workHomeCommuteMedian":-1},"geometry":{"type":"Polygon","coordinates":[[[151.3202247473073,-33.61731553816679],[151.3202247473073,-33.60832233452955],[151.32921795094452,-33.60832233452955],[151.32921795094452,-33.61731553816679],[151.3202247473073,-33.61731553816679]]]}},{"type":"Feature","properties":{"jobs":164,"pop":176,"pointCount":1,"homeWorkCommuteMedian":42898,"workHomeCommuteMedian":4127},"geometry":{"type":"Polygon","coordinates":[[[151.3202247473073,-33.60832233452955],[151.3202247473073,-33.5993291308923],[151.32921795094452,-33.5993291308923],[151.32921795094452,-33.60832233452955],[151.3202247473073,-33.60832233452955]]]}},{"type":"Feature","properties":{"jobs":73,"pop":136,"pointCount":1,"homeWorkCommuteMedian":38157,"workHomeCommuteMedian":7642},"geometry":{"type":"Polygon","coordinates":[[[151.3202247473073,-33.5993291308923],[151.3202247473073,-33.590335927255055],[151.32921795094452,-33.590335927255055],[151.32921795094452,-33.5993291308923],[151.3202247473073,-33.5993291308923]]]}},{"type":"Feature","properties":{"jobs":333,"pop":0,"pointCount":1,"homeWorkCommuteMedian":-1,"workHomeCommuteMedian":17490},"geometry":{"type":"Polygon","coordinates":[[[151.3202247473073,-33.590335927255055],[151.3202247473073,-33.58134272361781],[151.32921795094452,-33.58134272361781],[151.32921795094452,-33.590335927255055],[151.3202247473073,-33.590335927255055]]]}},{"type":"Feature","properties":{"jobs":304,"pop":668,"pointCount":4,"homeWorkCommuteMedian":10599,"workHomeCommuteMedian":63381},"geometry":{"type":"Polygon","coordinates":[[[151.32921795094452,-33.635301945441284],[151.32921795094452,-33.62630874180404],[151.33821115458176,-33.62630874180404],[151.33821115458176,-33.635301945441284],[151.32921795094452,-33.635301945441284]]]}},{"type":"Feature","properties":{"jobs":627,"pop":986,"pointCount":4,"homeWorkCommuteMedian":33696,"workHomeCommuteMedian":16051},"geometry":{"type":"Polygon","coordinates":[[[151.32921795094452,-33.62630874180404],[151.32921795094452,-33.61731553816679],[151.33821115458176,-33.61731553816679],[151.33821115458176,-33.62630874180404],[151.32921795094452,-33.62630874180404]]]}},{"type":"Feature","properties":{"jobs":0,"pop":113,"pointCount":1,"homeWorkCommuteMedian":13944,"workHomeCommuteMedian":-1},"geometry":{"type":"Polygon","coordinates":[[[151.32921795094452,-33.61731553816679],[151.32921795094452,-33.60832233452955],[151.33821115458176,-33.60832233452955],[151.33821115458176,-33.61731553816679],[151.32921795094452,-33.61731553816679]]]}},{"type":"Feature","properties":{"jobs":190,"pop":179,"pointCount":1,"homeWorkCommuteMedian":41998,"workHomeCommuteMedian":3917},"geometry":{"type":"Polygon","coordinates":[[[151.32921795094452,-33.60832233452955],[151.32921795094452,-33.5993291308923],[151.33821115458176,-33.5993291308923],[151.33821115458176,-33.60832233452955],[151.32921795094452,-33.60832233452955]]]}}],"properties":{"residentWeightedNearestNeighborKm":{"p10":0.26324877695613424,"p25":0.286628533737809,"p50":0.32402119330514334,"p75":0.36871547828033213,"p90":0.4279484265377668,"mean":0.35903967640429896},"workerWeightedNearestNeighborKm":{"p10":0.2457601492110844,"p25":0.2779877005835794,"p50":0.3289701029260324,"p75":0.4179887166710764,"p90":0.6360048201629741,"mean":0.41166319350771946},"commuteDistanceKm":{"p10":2807,"p25":5940,"p50":12647,"p75":23021,"p90":34704,"mean":16101.123364073113},"residentCellDensity":{"p10":152,"p25":329,"p50":724,"p75":1223,"p90":1975,"mean":968.5214961306965},"workerCellDensity":{"p10":125,"p25":221,"p50":444,"p75":954,"p90":2215,"mean":1275.6177802944508},"detail":{"radiusKm":0.3264862712455286,"expectedPointSpacingKm":0.5464624324970785,"normalizedRadius":0.597454192328718,"activityPerPoint":272.51741654571845,"playableAreaKm2":3548,"playableAreaPerPointKm2":0.4291243347847121,"playableCatchmentRadiusKm":0.369586956160545,"localityScore":0.4338102726262009,"deaggregationScore":1,"score":0.6586427503785348},"polycentrism":{"activity":{"score":0.9959476901415893,"continuousScore":0.8523692498410392,"detectedCenterCount":2,"effectiveCenterCount":1.9919280901629874,"largestCenterShare":0.5318288778407704,"bandwidthKm":1.3,"reliabilityScore":1,"supportLevel":"high","usedFallback":false,"topCenters":[{"longitude":151.18813327476437,"latitude":-33.879411991750004,"massShare":0.5318288778407704,"assignedMass":2396606,"assignedPointCount":2958,"prominenceRatio":1},{"longitude":150.94057241311944,"latitude":-33.82591620676848,"massShare":0.4681711221592296,"assignedMass":2109742,"assignedPointCount":5310,"prominenceRatio":1}],"debug":{"rawPeakCount":93,"mergedPeakCount":81,"filteredPeakCount":2,"prominenceThreshold":0.22,"minPointsPerCenter":10,"rejectedCenters":[{"longitude":151.1889640775375,"latitude":-33.928799709704016,"massShare":0.07323180544423112,"assignedMass":330008,"assignedPointCount":335,"prominenceRatio":0.9999984871200163,"strongestCompetitorDistanceKm":7.081507834534351,"strongestCompetitorPotential":411766.8975136262,"localConsolidatedShare":0.07323180544423112,"localConsolidatedMass":330008,"localContributorCount":1,"localContributorDistancesKm":[],"rejectionReasons":["not_dominant_local_peak","below_relative_share_floor","too_close_for_low_share_center"]},{"longitude":151.1338327489989,"latitude":-33.78150335728918,"massShare":0.059686247045279237,"assignedMass":268967,"assignedPointCount":488,"prominenceRatio":0.9999999999999999,"strongestCompetitorDistanceKm":11.24483736554768,"strongestCompetitorPotential":84830.87507128748,"localConsolidatedShare":0.059686247045279237,"localConsolidatedMass":268967,"localContributorCount":1,"localContributorDistancesKm":[],"rejectionReasons":["below_secondary_share_floor"]},{"longitude":151.10180897200402,"latitude":-33.87882068707995,"massShare":0.04397618648182519,"assignedMass":198172,"assignedPointCount":334,"prominenceRatio":0.9999999999994598,"strongestCompetitorDistanceKm":10.130997149482388,"strongestCompetitorPotential":411766.8975136262,"localConsolidatedShare":0.04397618648182519,"localConsolidatedMass":198172,"localContributorCount":1,"localContributorDistancesKm":[],"rejectionReasons":["below_secondary_share_floor"]},{"longitude":151.11218276993858,"latitude":-33.96200209203825,"massShare":0.03887582583502206,"assignedMass":175188,"assignedPointCount":382,"prominenceRatio":1,"strongestCompetitorDistanceKm":12.72194006690051,"strongestCompetitorPotential":411766.8975136262,"localConsolidatedShare":0.03887582583502206,"localConsolidatedMass":175188,"localContributorCount":1,"localContributorDistancesKm":[],"rejectionReasons":["below_secondary_share_floor"]},{"longitude":151.0849207397401,"latitude":-33.828102904928336,"massShare":0.03187015294868483,"assignedMass":143618,"assignedPointCount":209,"prominenceRatio":0.9999999135823382,"strongestCompetitorDistanceKm":7.568150264320626,"strongestCompetitorPotential":84830.87507128748,"localConsolidatedShare":0.03187015294868483,"localConsolidatedMass":143618,"localContributorCount":1,"localContributorDistancesKm":[],"rejectionReasons":["below_secondary_share_floor"]},{"longitude":151.03359661276124,"latitude":-33.921207494224404,"massShare":0.04658650419363973,"assignedMass":209935,"assignedPointCount":512,"prominenceRatio":1,"strongestCompetitorDistanceKm":11.479452371317743,"strongestCompetitorPotential":84830.87507128748,"localConsolidatedShare":0.04658650419363973,"localConsolidatedMass":209935,"localContributorCount":1,"localContributorDistancesKm":[],"rejectionReasons":["below_secondary_share_floor"]},{"longitude":150.9564986370265,"latitude":-33.72454145662983,"massShare":0.04610851181488869,"assignedMass":207781,"assignedPointCount":527,"prominenceRatio":0.9999999999999077,"strongestCompetitorDistanceKm":10.214943012935096,"strongestCompetitorPotential":84830.87507128748,"localConsolidatedShare":0.04610851181488869,"localConsolidatedMass":207781,"localContributorCount":1,"localContributorDistancesKm":[],"rejectionReasons":["below_secondary_share_floor"]},{"longitude":151.26537206975786,"latitude":-33.767172292140216,"massShare":0.036023183296096974,"assignedMass":162333,"assignedPointCount":345,"prominenceRatio":1,"strongestCompetitorDistanceKm":13.830199346965477,"strongestCompetitorPotential":411766.8975136262,"localConsolidatedShare":0.036023183296096974,"localConsolidatedMass":162333,"localContributorCount":1,"localContributorDistancesKm":[],"rejectionReasons":["below_secondary_share_floor"]},{"longitude":151.10263088589335,"latitude":-34.03488197466685,"massShare":0.02894183937858328,"assignedMass":130422,"assignedPointCount":318,"prominenceRatio":1,"strongestCompetitorDistanceKm":20.381509237362792,"strongestCompetitorPotential":411766.8975136262,"localConsolidatedShare":0.02894183937858328,"localConsolidatedMass":130422,"localContributorCount":1,"localContributorDistancesKm":[],"rejectionReasons":["below_secondary_share_floor"]},{"longitude":150.90879928138625,"latitude":-33.77665780183588,"massShare":0.030725767295379763,"assignedMass":138461,"assignedPointCount":317,"prominenceRatio":0.9999999999995481,"strongestCompetitorDistanceKm":9.983815747585105,"strongestCompetitorPotential":84830.87507128748,"localConsolidatedShare":0.030725767295379763,"localConsolidatedMass":138461,"localContributorCount":1,"localContributorDistancesKm":[],"rejectionReasons":["below_secondary_share_floor"]},{"longitude":151.09830871113135,"latitude":-33.71255312088953,"massShare":0.025306079335195596,"assignedMass":114038,"assignedPointCount":337,"prominenceRatio":1,"strongestCompetitorDistanceKm":15.474216193770225,"strongestCompetitorPotential":84830.87507128748,"localConsolidatedShare":0.025306079335195596,"localConsolidatedMass":114038,"localContributorCount":1,"localContributorDistancesKm":[],"rejectionReasons":["below_secondary_share_floor"]},{"longitude":150.7031241437545,"latitude":-33.7569546272551,"massShare":0.024834522322732287,"assignedMass":111913,"assignedPointCount":320,"prominenceRatio":1,"strongestCompetitorDistanceKm":28.591310350768914,"strongestCompetitorPotential":84830.87507128748,"localConsolidatedShare":0.024834522322732287,"localConsolidatedMass":111913,"localContributorCount":1,"localContributorDistancesKm":[],"rejectionReasons":["below_secondary_share_floor"]},{"longitude":150.93760321853725,"latitude":-33.91360556540577,"massShare":0.025407048013158327,"assignedMass":114493,"assignedPointCount":336,"prominenceRatio":1,"strongestCompetitorDistanceKm":13.875345403879889,"strongestCompetitorPotential":84830.87507128748,"localConsolidatedShare":0.025407048013158327,"localConsolidatedMass":114493,"localContributorCount":1,"localContributorDistancesKm":[],"rejectionReasons":["below_secondary_share_floor"]},{"longitude":150.81120880152073,"latitude":-34.06919061613664,"massShare":0.014709028241937818,"assignedMass":66284,"assignedPointCount":200,"prominenceRatio":1,"strongestCompetitorDistanceKm":34.08486633486108,"strongestCompetitorPotential":84830.87507128748,"localConsolidatedShare":0.014709028241937818,"localConsolidatedMass":66284,"localContributorCount":1,"localContributorDistancesKm":[],"rejectionReasons":["below_secondary_share_floor"]},{"longitude":150.81679644499485,"latitude":-33.768951775770525,"massShare":0.025624075193482615,"assignedMass":115471,"assignedPointCount":342,"prominenceRatio":1,"strongestCompetitorDistanceKm":17.627814595609983,"strongestCompetitorPotential":84830.87507128748,"localConsolidatedShare":0.025624075193482615,"localConsolidatedMass":115471,"localContributorCount":1,"localContributorDistancesKm":[],"rejectionReasons":["below_secondary_share_floor"]},{"longitude":151.3040091235515,"latitude":-33.66986390838366,"massShare":0.012236738041536074,"assignedMass":55143,"assignedPointCount":151,"prominenceRatio":1,"strongestCompetitorDistanceKm":22.805996873172596,"strongestCompetitorPotential":411766.8975136262,"localConsolidatedShare":0.012236738041536074,"localConsolidatedMass":55143,"localContributorCount":1,"localContributorDistancesKm":[],"rejectionReasons":["below_secondary_share_floor"]},{"longitude":150.7384808449202,"latitude":-34.04095619057529,"massShare":0.01706104366551363,"assignedMass":76883,"assignedPointCount":246,"prominenceRatio":1,"strongestCompetitorDistanceKm":34.47622130276251,"strongestCompetitorPotential":84830.87507128748,"localConsolidatedShare":0.01706104366551363,"localConsolidatedMass":76883,"localContributorCount":1,"localContributorDistancesKm":[],"rejectionReasons":["below_secondary_share_floor"]},{"longitude":150.8800976382165,"latitude":-33.881512462888146,"massShare":0.01659303719996769,"assignedMass":74774,"assignedPointCount":271,"prominenceRatio":1,"strongestCompetitorDistanceKm":15.468872144952998,"strongestCompetitorPotential":84830.87507128748,"localConsolidatedShare":0.01659303719996769,"localConsolidatedMass":74774,"localContributorCount":1,"localContributorDistancesKm":[],"rejectionReasons":["below_secondary_share_floor"]},{"longitude":150.86158180906284,"latitude":-33.9453239282132,"massShare":0.010176311283549339,"assignedMass":45858,"assignedPointCount":135,"prominenceRatio":1,"strongestCompetitorDistanceKm":19.66957628906986,"strongestCompetitorPotential":84830.87507128748,"localConsolidatedShare":0.010176311283549339,"localConsolidatedMass":45858,"localContributorCount":1,"localContributorDistancesKm":[],"rejectionReasons":["below_secondary_share_floor"]},{"longitude":150.86720684210525,"latitude":-34.000747640732264,"massShare":0.009697431268068955,"assignedMass":43700,"assignedPointCount":135,"prominenceRatio":1,"strongestCompetitorDistanceKm":23.914514333612466,"strongestCompetitorPotential":84830.87507128748,"localConsolidatedShare":0.009697431268068955,"localConsolidatedMass":43700,"localContributorCount":1,"localContributorDistancesKm":[],"rejectionReasons":["below_secondary_share_floor"]},{"longitude":151.0176293276836,"latitude":-34.04082805649719,"massShare":0.00785558505468286,"assignedMass":35400,"assignedPointCount":136,"prominenceRatio":1,"strongestCompetitorDistanceKm":27.09931042563195,"strongestCompetitorPotential":84830.87507128748,"localConsolidatedShare":0.00785558505468286,"localConsolidatedMass":35400,"localContributorCount":1,"localContributorDistancesKm":[],"rejectionReasons":["below_secondary_share_floor"]},{"longitude":150.82222834148587,"latitude":-33.62742171913542,"massShare":0.005307845732286987,"assignedMass":23919,"assignedPointCount":65,"prominenceRatio":1,"strongestCompetitorDistanceKm":27.951704367703783,"strongestCompetitorPotential":84830.87507128748,"localConsolidatedShare":0.005307845732286987,"localConsolidatedMass":23919,"localContributorCount":1,"localContributorDistancesKm":[],"rejectionReasons":["below_secondary_share_floor"]},{"longitude":150.75351622078725,"latitude":-33.605684840098405,"massShare":0.0028865946438224478,"assignedMass":13008,"assignedPointCount":27,"prominenceRatio":1,"strongestCompetitorDistanceKm":33.33906041209102,"strongestCompetitorPotential":84830.87507128748,"localConsolidatedShare":0.0028865946438224478,"localConsolidatedMass":13008,"localContributorCount":1,"localContributorDistancesKm":[],"rejectionReasons":["below_secondary_share_floor"]},{"longitude":150.83761519554756,"latitude":-33.697684691127954,"massShare":0.00881179172136728,"assignedMass":39709,"assignedPointCount":117,"prominenceRatio":1,"strongestCompetitorDistanceKm":21.945586399617493,"strongestCompetitorPotential":84830.87507128748,"localConsolidatedShare":0.00881179172136728,"localConsolidatedMass":39709,"localContributorCount":1,"localContributorDistancesKm":[],"rejectionReasons":["below_secondary_share_floor"]},{"longitude":150.8030666986622,"latitude":-33.988538154658364,"massShare":0.0036990041603533505,"assignedMass":16669,"assignedPointCount":63,"prominenceRatio":1,"strongestCompetitorDistanceKm":25.99409078586224,"strongestCompetitorPotential":84830.87507128748,"localConsolidatedShare":0.0036990041603533505,"localConsolidatedMass":16669,"localContributorCount":1,"localContributorDistancesKm":[],"rejectionReasons":["below_secondary_share_floor"]},{"longitude":151.13545633145307,"latitude":-33.626439408675346,"massShare":0.0022816702127754006,"assignedMass":10282,"assignedPointCount":42,"prominenceRatio":1,"strongestCompetitorDistanceKm":25.47925768957956,"strongestCompetitorPotential":84830.87507128748,"localConsolidatedShare":0.0022816702127754006,"localConsolidatedMass":10282,"localContributorCount":1,"localContributorDistancesKm":[],"rejectionReasons":["below_secondary_share_floor"]},{"longitude":150.96468666789602,"latitude":-33.98679880140144,"massShare":0.0012034134958063603,"assignedMass":5423,"assignedPointCount":11,"prominenceRatio":1,"strongestCompetitorDistanceKm":21.372045111638524,"strongestCompetitorPotential":84830.87507128748,"localConsolidatedShare":0.0012034134958063603,"localConsolidatedMass":5423,"localContributorCount":1,"localContributorDistancesKm":[],"rejectionReasons":["below_secondary_share_floor"]},{"longitude":150.70534281333062,"latitude":-33.576431241055005,"massShare":0.0010853578108037817,"assignedMass":4891,"assignedPointCount":18,"prominenceRatio":1,"strongestCompetitorDistanceKm":37.9637902420478,"strongestCompetitorPotential":84830.87507128748,"localConsolidatedShare":0.0010853578108037817,"localConsolidatedMass":4891,"localContributorCount":1,"localContributorDistancesKm":[],"rejectionReasons":["below_secondary_share_floor"]},{"longitude":151.20908726148724,"latitude":-33.713839356832906,"massShare":0.003733178174433044,"assignedMass":16823,"assignedPointCount":43,"prominenceRatio":1,"strongestCompetitorDistanceKm":20.144873371461948,"strongestCompetitorPotential":411766.8975136262,"localConsolidatedShare":0.003733178174433044,"localConsolidatedMass":16823,"localContributorCount":1,"localContributorDistancesKm":[],"rejectionReasons":["below_secondary_share_floor"]},{"longitude":150.61217924351362,"latitude":-33.89896392622695,"massShare":0.0007098874742918212,"assignedMass":3199,"assignedPointCount":16,"prominenceRatio":1,"strongestCompetitorDistanceKm":37.47564081372268,"strongestCompetitorPotential":84830.87507128748,"localConsolidatedShare":0.0007098874742918212,"localConsolidatedMass":3199,"localContributorCount":1,"localContributorDistancesKm":[],"rejectionReasons":["below_secondary_share_floor"]},{"longitude":150.8646923765731,"latitude":-33.57876127783155,"massShare":0.0009169287414110051,"assignedMass":4132,"assignedPointCount":20,"prominenceRatio":1,"strongestCompetitorDistanceKm":29.253411290707856,"strongestCompetitorPotential":84830.87507128748,"localConsolidatedShare":0.0009169287414110051,"localConsolidatedMass":4132,"localContributorCount":1,"localContributorDistancesKm":[],"rejectionReasons":["below_secondary_share_floor"]},{"longitude":150.72739007782098,"latitude":-33.842834824902724,"massShare":0.0004562452788821458,"assignedMass":2056,"assignedPointCount":3,"prominenceRatio":1,"strongestCompetitorDistanceKm":26.026620210019267,"strongestCompetitorPotential":84830.87507128748,"localConsolidatedShare":0.0004562452788821458,"localConsolidatedMass":2056,"localContributorCount":1,"localContributorDistancesKm":[],"rejectionReasons":["below_min_points_per_center"]},{"longitude":151.2349457098284,"latitude":-33.98673928014263,"massShare":0.0019914130022803387,"assignedMass":8974,"assignedPointCount":27,"prominenceRatio":1,"strongestCompetitorDistanceKm":15.534570370716445,"strongestCompetitorPotential":411766.8975136262,"localConsolidatedShare":0.0019914130022803387,"localConsolidatedMass":8974,"localContributorCount":1,"localContributorDistancesKm":[],"rejectionReasons":["below_secondary_share_floor"]},{"longitude":150.77421234256926,"latitude":-33.53024697732998,"massShare":0.0005285876723235756,"assignedMass":2382,"assignedPointCount":12,"prominenceRatio":1,"strongestCompetitorDistanceKm":38.01216258508709,"strongestCompetitorPotential":84830.87507128748,"localConsolidatedShare":0.0005285876723235756,"localConsolidatedMass":2382,"localContributorCount":1,"localContributorDistancesKm":[],"rejectionReasons":["below_secondary_share_floor"]},{"longitude":150.71100996204933,"latitude":-33.66229158760278,"massShare":0.0007016768345454012,"assignedMass":3162,"assignedPointCount":11,"prominenceRatio":1,"strongestCompetitorDistanceKm":33.878008053605505,"strongestCompetitorPotential":84830.87507128748,"localConsolidatedShare":0.0007016768345454012,"localConsolidatedMass":3162,"localContributorCount":1,"localContributorDistancesKm":[],"rejectionReasons":["below_secondary_share_floor"]},{"longitude":150.8005874020248,"latitude":-33.82863896962769,"massShare":0.0027179436652473355,"assignedMass":12248,"assignedPointCount":12,"prominenceRatio":1,"strongestCompetitorDistanceKm":21.17219788429655,"strongestCompetitorPotential":84830.87507128748,"localConsolidatedShare":0.0027179436652473355,"localConsolidatedMass":12248,"localContributorCount":1,"localContributorDistancesKm":[],"rejectionReasons":["below_secondary_share_floor"]},{"longitude":151.0806,"latitude":-33.5143,"massShare":0.00021036990485421897,"assignedMass":948,"assignedPointCount":1,"prominenceRatio":1,"strongestCompetitorDistanceKm":34.217600493113835,"strongestCompetitorPotential":84830.87507128748,"localConsolidatedShare":0.00021036990485421897,"localConsolidatedMass":948,"localContributorCount":1,"localContributorDistancesKm":[],"rejectionReasons":["below_min_points_per_center"]},{"longitude":150.92219662013957,"latitude":-33.64460412761714,"massShare":0.0022257490988268104,"assignedMass":10030,"assignedPointCount":32,"prominenceRatio":1,"strongestCompetitorDistanceKm":22.913908353162462,"strongestCompetitorPotential":84830.87507128748,"localConsolidatedShare":0.0022257490988268104,"localConsolidatedMass":10030,"localContributorCount":1,"localContributorDistancesKm":[],"rejectionReasons":["below_secondary_share_floor"]},{"longitude":150.6498153165117,"latitude":-33.5669466578132,"massShare":0.0005012928428962877,"assignedMass":2259,"assignedPointCount":10,"prominenceRatio":1,"strongestCompetitorDistanceKm":42.31921264551961,"strongestCompetitorPotential":84830.87507128748,"localConsolidatedShare":0.0005012928428962877,"localConsolidatedMass":2259,"localContributorCount":1,"localContributorDistancesKm":[],"rejectionReasons":["below_secondary_share_floor"]},{"longitude":151.0220991060204,"latitude":-33.64367548540299,"massShare":0.0015886478363410905,"assignedMass":7159,"assignedPointCount":35,"prominenceRatio":1,"strongestCompetitorDistanceKm":21.643686041483853,"strongestCompetitorPotential":84830.87507128748,"localConsolidatedShare":0.0015886478363410905,"localConsolidatedMass":7159,"localContributorCount":1,"localContributorDistancesKm":[],"rejectionReasons":["below_secondary_share_floor"]},{"longitude":150.630934040747,"latitude":-33.52689456706282,"massShare":0.00026140901679142404,"assignedMass":1178,"assignedPointCount":5,"prominenceRatio":1,"strongestCompetitorDistanceKm":46.85322352179425,"strongestCompetitorPotential":84830.87507128748,"localConsolidatedShare":0.00026140901679142404,"localConsolidatedMass":1178,"localContributorCount":1,"localContributorDistancesKm":[],"rejectionReasons":["below_min_points_per_center"]},{"longitude":150.66442042221203,"latitude":-33.829881505277655,"massShare":0.0004835401083094337,"assignedMass":2179,"assignedPointCount":8,"prominenceRatio":1,"strongestCompetitorDistanceKm":32.30629113584727,"strongestCompetitorPotential":84830.87507128748,"localConsolidatedShare":0.0004835401083094337,"localConsolidatedMass":2179,"localContributorCount":1,"localContributorDistancesKm":[],"rejectionReasons":["below_min_points_per_center"]},{"longitude":150.8004313541667,"latitude":-33.5601084375,"massShare":0.00021303281504224706,"assignedMass":960,"assignedPointCount":6,"prominenceRatio":1,"strongestCompetitorDistanceKm":34.41574385533923,"strongestCompetitorPotential":84830.87507128748,"localConsolidatedShare":0.00021303281504224706,"localConsolidatedMass":960,"localContributorCount":1,"localContributorDistancesKm":[],"rejectionReasons":["below_min_points_per_center"]},{"longitude":150.94763130227003,"latitude":-33.575778494623655,"massShare":0.00018573798561495917,"assignedMass":837,"assignedPointCount":2,"prominenceRatio":1,"strongestCompetitorDistanceKm":27.130326235051587,"strongestCompetitorPotential":84830.87507128748,"localConsolidatedShare":0.00018573798561495917,"localConsolidatedMass":837,"localContributorCount":1,"localContributorDistancesKm":[],"rejectionReasons":["below_min_points_per_center"]},{"longitude":150.6214,"latitude":-33.8395,"massShare":0.00012160623191994936,"assignedMass":548,"assignedPointCount":1,"prominenceRatio":1,"strongestCompetitorDistanceKm":35.49882940876172,"strongestCompetitorPotential":84830.87507128748,"localConsolidatedShare":0.00012160623191994936,"localConsolidatedMass":548,"localContributorCount":1,"localContributorDistancesKm":[],"rejectionReasons":["below_min_points_per_center"]},{"longitude":150.80960712025316,"latitude":-33.503131487341776,"massShare":0.000140246603236146,"assignedMass":632,"assignedPointCount":2,"prominenceRatio":1,"strongestCompetitorDistanceKm":38.333499104401085,"strongestCompetitorPotential":84830.87507128748,"localConsolidatedShare":0.000140246603236146,"localConsolidatedMass":632,"localContributorCount":1,"localContributorDistancesKm":[],"rejectionReasons":["below_min_points_per_center"]},{"longitude":150.59503543091654,"latitude":-33.93478098495212,"massShare":0.0001622156122873777,"assignedMass":731,"assignedPointCount":2,"prominenceRatio":1,"strongestCompetitorDistanceKm":39.58668691219117,"strongestCompetitorPotential":84830.87507128748,"localConsolidatedShare":0.0001622156122873777,"localConsolidatedMass":731,"localContributorCount":1,"localContributorDistancesKm":[],"rejectionReasons":["below_min_points_per_center"]},{"longitude":150.66075943113773,"latitude":-33.6306744011976,"massShare":0.00014823533380023025,"assignedMass":668,"assignedPointCount":3,"prominenceRatio":1,"strongestCompetitorDistanceKm":37.21712269913372,"strongestCompetitorPotential":84830.87507128748,"localConsolidatedShare":0.00014823533380023025,"localConsolidatedMass":668,"localContributorCount":1,"localContributorDistancesKm":[],"rejectionReasons":["below_min_points_per_center"]},{"longitude":150.65420286054828,"latitude":-33.88266662693683,"massShare":0.0001861818039796305,"assignedMass":839,"assignedPointCount":4,"prominenceRatio":1,"strongestCompetitorDistanceKm":32.7362887192812,"strongestCompetitorPotential":84830.87507128748,"localConsolidatedShare":0.0001861818039796305,"localConsolidatedMass":839,"localContributorCount":1,"localContributorDistancesKm":[],"rejectionReasons":["below_min_points_per_center"]},{"longitude":150.8465,"latitude":-33.4951,"massShare":0.00010030295041572467,"assignedMass":452,"assignedPointCount":1,"prominenceRatio":1,"strongestCompetitorDistanceKm":38.50622205399594,"strongestCompetitorPotential":84830.87507128748,"localConsolidatedShare":0.00010030295041572467,"localConsolidatedMass":452,"localContributorCount":1,"localContributorDistancesKm":[],"rejectionReasons":["below_min_points_per_center"]},{"longitude":150.7502514934289,"latitude":-33.89479952210275,"massShare":0.00018573798561495917,"assignedMass":837,"assignedPointCount":3,"prominenceRatio":1,"strongestCompetitorDistanceKm":26.2153404521304,"strongestCompetitorPotential":84830.87507128748,"localConsolidatedShare":0.00018573798561495917,"localConsolidatedMass":837,"localContributorCount":1,"localContributorDistancesKm":[],"rejectionReasons":["below_min_points_per_center"]},{"longitude":150.8388788135593,"latitude":-33.52480677966102,"massShare":0.00010474113406243814,"assignedMass":472,"assignedPointCount":2,"prominenceRatio":1,"strongestCompetitorDistanceKm":36.25368660512857,"strongestCompetitorPotential":84830.87507128748,"localConsolidatedShare":0.00010474113406243814,"localConsolidatedMass":472,"localContributorCount":1,"localContributorDistancesKm":[],"rejectionReasons":["below_min_points_per_center"]},{"longitude":150.9458,"latitude":-33.5225,"massShare":0.0000965304943160182,"assignedMass":435,"assignedPointCount":1,"prominenceRatio":1,"strongestCompetitorDistanceKm":33.03112172143872,"strongestCompetitorPotential":84830.87507128748,"localConsolidatedShare":0.0000965304943160182,"localConsolidatedMass":435,"localContributorCount":1,"localContributorDistancesKm":[],"rejectionReasons":["below_min_points_per_center"]},{"longitude":151.22153951890036,"latitude":-33.544965979381445,"massShare":0.0001291511441193623,"assignedMass":582,"assignedPointCount":3,"prominenceRatio":1,"strongestCompetitorDistanceKm":36.04554787877046,"strongestCompetitorPotential":84830.87507128748,"localConsolidatedShare":0.0001291511441193623,"localConsolidatedMass":582,"localContributorCount":1,"localContributorDistancesKm":[],"rejectionReasons":["below_min_points_per_center"]},{"longitude":150.9052,"latitude":-33.4852,"massShare":0.00008521312601689883,"assignedMass":384,"assignedPointCount":1,"prominenceRatio":1,"strongestCompetitorDistanceKm":37.8597937917739,"strongestCompetitorPotential":84830.87507128748,"localConsolidatedShare":0.00008521312601689883,"localConsolidatedMass":384,"localContributorCount":1,"localContributorDistancesKm":[],"rejectionReasons":["below_min_points_per_center"]},{"longitude":150.9118,"latitude":-33.4444,"massShare":0.00009364567494565444,"assignedMass":422,"assignedPointCount":1,"prominenceRatio":1,"strongestCompetitorDistanceKm":42.146953820654474,"strongestCompetitorPotential":84830.87507128748,"localConsolidatedShare":0.00009364567494565444,"localConsolidatedMass":422,"localContributorCount":1,"localContributorDistancesKm":[],"rejectionReasons":["below_min_points_per_center"]},{"longitude":150.79660469798657,"latitude":-34.136955417066154,"massShare":0.00023145127717610802,"assignedMass":1043,"assignedPointCount":3,"prominenceRatio":1,"strongestCompetitorDistanceKm":41.08753433291248,"strongestCompetitorPotential":84830.87507128748,"localConsolidatedShare":0.00023145127717610802,"localConsolidatedMass":1043,"localContributorCount":1,"localContributorDistancesKm":[],"rejectionReasons":["below_min_points_per_center"]},{"longitude":150.91118860028857,"latitude":-33.552310533910536,"massShare":0.00015378306335862212,"assignedMass":693,"assignedPointCount":2,"prominenceRatio":1,"strongestCompetitorDistanceKm":31.607939631054098,"strongestCompetitorPotential":84830.87507128748,"localConsolidatedShare":0.00015378306335862212,"localConsolidatedMass":693,"localContributorCount":1,"localContributorDistancesKm":[],"rejectionReasons":["below_min_points_per_center"]},{"longitude":150.9621,"latitude":-33.4417,"massShare":0.00008987321884594798,"assignedMass":405,"assignedPointCount":1,"prominenceRatio":1,"strongestCompetitorDistanceKm":41.75049455591728,"strongestCompetitorPotential":84830.87507128748,"localConsolidatedShare":0.00008987321884594798,"localConsolidatedMass":405,"localContributorCount":1,"localContributorDistancesKm":[],"rejectionReasons":["below_min_points_per_center"]},{"longitude":150.6967244332494,"latitude":-33.87736095717884,"massShare":0.0000880979453872626,"assignedMass":397,"assignedPointCount":2,"prominenceRatio":1,"strongestCompetitorDistanceKm":28.447348873664684,"strongestCompetitorPotential":84830.87507128748,"localConsolidatedShare":0.0000880979453872626,"localConsolidatedMass":397,"localContributorCount":1,"localContributorDistancesKm":[],"rejectionReasons":["below_min_points_per_center"]},{"longitude":150.75197009646303,"latitude":-33.92725005359057,"massShare":0.0006211238013575516,"assignedMass":2799,"assignedPointCount":10,"prominenceRatio":1,"strongestCompetitorDistanceKm":28.286405266896494,"strongestCompetitorPotential":84830.87507128748,"localConsolidatedShare":0.0006211238013575516,"localConsolidatedMass":2799,"localContributorCount":1,"localContributorDistancesKm":[],"rejectionReasons":["below_secondary_share_floor"]},{"longitude":150.6595,"latitude":-33.5131,"massShare":0.00007078902916508002,"assignedMass":319,"assignedPointCount":1,"prominenceRatio":1,"strongestCompetitorDistanceKm":46.33559467088922,"strongestCompetitorPotential":84830.87507128748,"localConsolidatedShare":0.00007078902916508002,"localConsolidatedMass":319,"localContributorCount":1,"localContributorDistancesKm":[],"rejectionReasons":["below_min_points_per_center"]},{"longitude":150.73727226107226,"latitude":-33.47781072261072,"massShare":0.00009519903922200417,"assignedMass":429,"assignedPointCount":2,"prominenceRatio":1,"strongestCompetitorDistanceKm":45.33298731294533,"strongestCompetitorPotential":84830.87507128748,"localConsolidatedShare":0.00009519903922200417,"localConsolidatedMass":429,"localContributorCount":1,"localContributorDistancesKm":[],"rejectionReasons":["below_min_points_per_center"]},{"longitude":151.0223,"latitude":-33.5788,"massShare":0.00006679466388303788,"assignedMass":301,"assignedPointCount":1,"prominenceRatio":1,"strongestCompetitorDistanceKm":26.370015807828096,"strongestCompetitorPotential":84830.87507128748,"localConsolidatedShare":0.00006679466388303788,"localConsolidatedMass":301,"localContributorCount":1,"localContributorDistancesKm":[],"rejectionReasons":["below_min_points_per_center"]},{"longitude":150.6622,"latitude":-33.9279,"massShare":0.00007899966891149996,"assignedMass":356,"assignedPointCount":1,"prominenceRatio":1,"strongestCompetitorDistanceKm":34.01017900551148,"strongestCompetitorPotential":84830.87507128748,"localConsolidatedShare":0.00007899966891149996,"localConsolidatedMass":356,"localContributorCount":1,"localContributorDistancesKm":[],"rejectionReasons":["below_min_points_per_center"]},{"longitude":150.8766,"latitude":-33.4942,"massShare":0.00005569920476625418,"assignedMass":251,"assignedPointCount":1,"prominenceRatio":1,"strongestCompetitorDistanceKm":37.6347138592334,"strongestCompetitorPotential":84830.87507128748,"localConsolidatedShare":0.00005569920476625418,"localConsolidatedMass":251,"localContributorCount":1,"localContributorDistancesKm":[],"rejectionReasons":["below_min_points_per_center"]},{"longitude":150.994,"latitude":-33.5528,"massShare":0.00007633675872347186,"assignedMass":344,"assignedPointCount":1,"prominenceRatio":1,"strongestCompetitorDistanceKm":29.227656819699263,"strongestCompetitorPotential":84830.87507128748,"localConsolidatedShare":0.00007633675872347186,"localConsolidatedMass":344,"localContributorCount":1,"localContributorDistancesKm":[],"rejectionReasons":["below_min_points_per_center"]},{"longitude":150.9628,"latitude":-33.502,"massShare":0.0000650193904243525,"assignedMass":293,"assignedPointCount":1,"prominenceRatio":1,"strongestCompetitorDistanceKm":35.07376535918941,"strongestCompetitorPotential":84830.87507128748,"localConsolidatedShare":0.0000650193904243525,"localConsolidatedMass":293,"localContributorCount":1,"localContributorDistancesKm":[],"rejectionReasons":["below_min_points_per_center"]},{"longitude":150.813,"latitude":-33.468,"massShare":0.00006790420979471626,"assignedMass":306,"assignedPointCount":1,"prominenceRatio":1,"strongestCompetitorDistanceKm":42.502903118187334,"strongestCompetitorPotential":84830.87507128748,"localConsolidatedShare":0.00006790420979471626,"localConsolidatedMass":306,"localContributorCount":1,"localContributorDistancesKm":[],"rejectionReasons":["below_min_points_per_center"]},{"longitude":150.70511748031495,"latitude":-33.521359370078734,"massShare":0.00014091233078315302,"assignedMass":635,"assignedPointCount":3,"prominenceRatio":1,"strongestCompetitorDistanceKm":44.313261473704166,"strongestCompetitorPotential":84830.87507128748,"localConsolidatedShare":0.00014091233078315302,"localConsolidatedMass":635,"localContributorCount":1,"localContributorDistancesKm":[],"rejectionReasons":["below_min_points_per_center"]},{"longitude":150.9012,"latitude":-33.5093,"massShare":0.00005259247621355474,"assignedMass":237,"assignedPointCount":1,"prominenceRatio":1,"strongestCompetitorDistanceKm":35.36417185697313,"strongestCompetitorPotential":84830.87507128748,"localConsolidatedShare":0.00005259247621355474,"localConsolidatedMass":237,"localContributorCount":1,"localContributorDistancesKm":[],"rejectionReasons":["below_min_points_per_center"]},{"longitude":150.8738,"latitude":-33.5287,"massShare":0.00005836211495428227,"assignedMass":263,"assignedPointCount":1,"prominenceRatio":1,"strongestCompetitorDistanceKm":34.10512590336326,"strongestCompetitorPotential":84830.87507128748,"localConsolidatedShare":0.00005836211495428227,"localConsolidatedMass":263,"localContributorCount":1,"localContributorDistancesKm":[],"rejectionReasons":["below_min_points_per_center"]},{"longitude":150.70596798029558,"latitude":-33.49061773399014,"massShare":0.00009009512802828365,"assignedMass":406,"assignedPointCount":2,"prominenceRatio":1,"strongestCompetitorDistanceKm":46.31980860705297,"strongestCompetitorPotential":84830.87507128748,"localConsolidatedShare":0.00009009512802828365,"localConsolidatedMass":406,"localContributorCount":1,"localContributorDistancesKm":[],"rejectionReasons":["below_min_points_per_center"]},{"longitude":151.0331,"latitude":-33.4741,"massShare":0.00006524129960668817,"assignedMass":294,"assignedPointCount":1,"prominenceRatio":1,"strongestCompetitorDistanceKm":38.05249637305471,"strongestCompetitorPotential":84830.87507128748,"localConsolidatedShare":0.00006524129960668817,"localConsolidatedMass":294,"localContributorCount":1,"localContributorDistancesKm":[],"rejectionReasons":["below_min_points_per_center"]},{"longitude":150.98696265060238,"latitude":-34.128665662650604,"massShare":0.00007367384853544378,"assignedMass":332,"assignedPointCount":2,"prominenceRatio":1,"strongestCompetitorDistanceKm":34.99057878059199,"strongestCompetitorPotential":411766.8975136262,"localConsolidatedShare":0.00007367384853544378,"localConsolidatedMass":332,"localContributorCount":1,"localContributorDistancesKm":[],"rejectionReasons":["below_min_points_per_center"]},{"longitude":151.0381,"latitude":-33.5283,"massShare":0.00004748856501983424,"assignedMass":214,"assignedPointCount":1,"prominenceRatio":1,"strongestCompetitorDistanceKm":32.083845447458785,"strongestCompetitorPotential":84830.87507128748,"localConsolidatedShare":0.00004748856501983424,"localConsolidatedMass":214,"localContributorCount":1,"localContributorDistancesKm":[],"rejectionReasons":["below_min_points_per_center"]},{"longitude":150.9876,"latitude":-33.4824,"massShare":0.000031733013074001384,"assignedMass":143,"assignedPointCount":1,"prominenceRatio":1,"strongestCompetitorDistanceKm":37.07273190394661,"strongestCompetitorPotential":84830.87507128748,"localConsolidatedShare":0.000031733013074001384,"localConsolidatedMass":143,"localContributorCount":1,"localContributorDistancesKm":[],"rejectionReasons":["below_min_points_per_center"]},{"longitude":150.68527996070725,"latitude":-33.991976031434184,"massShare":0.00011295177380885808,"assignedMass":509,"assignedPointCount":3,"prominenceRatio":1,"strongestCompetitorDistanceKm":36.34828981445674,"strongestCompetitorPotential":84830.87507128748,"localConsolidatedShare":0.00011295177380885808,"localConsolidatedMass":509,"localContributorCount":1,"localContributorDistancesKm":[],"rejectionReasons":["below_min_points_per_center"]},{"longitude":150.9848,"latitude":-33.3887,"massShare":0.000014202187669483138,"assignedMass":64,"assignedPointCount":1,"prominenceRatio":1,"strongestCompetitorDistanceKm":47.49363094981954,"strongestCompetitorPotential":84830.87507128748,"localConsolidatedShare":0.000014202187669483138,"localConsolidatedMass":64,"localContributorCount":1,"localContributorDistancesKm":[],"rejectionReasons":["below_min_points_per_center"]}]}}}}}
